coordinate_raw_axis_0,coordinate_raw_axis_1,coordinate_raw_axis_2,coordinate_atlas_axis_0,coordinate_atlas_axis_1,coordinate_atlas_axis_2,structure_name,hemisphere
74,2800,2595,1313,616,498,Intermediate reticular nucleus,right
75,2727,2605,1313,596,499,"Medullary reticular nucleus, dorsal part",right
77,2777,2501,1307,613,474,"Medullary reticular nucleus, dorsal part",right
78,2739,2587,1310,600,494,"Medullary reticular nucleus, dorsal part",right
79,2745,2839,1316,595,561,Medulla,right
79,2712,2541,1308,595,482,"Medullary reticular nucleus, dorsal part",right
81,2735,2655,1313,596,512,"Medullary reticular nucleus, dorsal part",right
81,2795,2645,1312,612,510,Intermediate reticular nucleus,right
81,2648,2663,1316,574,513,"Medullary reticular nucleus, dorsal part",right
82,2725,2835,1315,590,560,Medulla,right
82,2811,2634,1311,616,508,Intermediate reticular nucleus,right
82,2783,2681,1313,608,519,Intermediate reticular nucleus,right
83,2690,2570,1308,588,489,"Medullary reticular nucleus, dorsal part",right
83,2796,2525,1304,616,480,"Medullary reticular nucleus, dorsal part",right
83,2700,2549,1307,591,484,"Medullary reticular nucleus, dorsal part",right
83,2710,2633,1311,590,506,"Medullary reticular nucleus, dorsal part",right
83,2728,2711,1313,592,526,Intermediate reticular nucleus,right
83,2741,2843,1314,593,563,Medulla,right
83,2714,2829,1314,587,558,Dorsal motor nucleus of the vagus nerve,right
84,2786,3285,1304,618,681,"Medullary reticular nucleus, dorsal part",left
84,2737,2685,1312,594,519,Intermediate reticular nucleus,right
86,2793,2839,1313,607,561,Medulla,right
86,2627,2811,1316,564,552,Medulla,right
90,2663,2732,1312,575,531,Medulla,right
90,2715,2576,1305,593,491,"Medullary reticular nucleus, dorsal part",right
89,2745,2682,1310,597,518,Intermediate reticular nucleus,right
89,2768,2810,1312,600,553,Medulla,right
91,2812,2595,1304,616,497,Intermediate reticular nucleus,right
91,2687,2665,1309,581,513,"Medullary reticular nucleus, dorsal part",right
92,2633,2837,1312,566,559,Dorsal motor nucleus of the vagus nerve,right
92,2768,2680,1308,603,518,Intermediate reticular nucleus,right
92,2692,2657,1308,583,511,"Medullary reticular nucleus, dorsal part",right
92,2731,2511,1299,600,475,"Medullary reticular nucleus, dorsal part",right
92,2744,2825,1310,593,557,Medulla,right
92,2614,2650,1312,564,509,Cuneate nucleus,right
94,2713,2796,1309,586,549,Medulla,right
94,2694,2819,1309,581,556,Dorsal motor nucleus of the vagus nerve,right
93,2676,2545,1304,584,482,"Medullary reticular nucleus, dorsal part",right
93,2690,2603,1306,585,498,"Medullary reticular nucleus, dorsal part",right
93,2810,2465,1298,622,466,"Medullary reticular nucleus, dorsal part",right
95,2698,2637,1305,586,506,"Medullary reticular nucleus, dorsal part",right
95,2730,2501,1297,600,472,"Medullary reticular nucleus, dorsal part",right
96,2668,2580,1304,581,491,"Medullary reticular nucleus, dorsal part",right
96,2685,2724,1308,579,529,Medulla,right
97,2693,2831,1308,580,558,Dorsal motor nucleus of the vagus nerve,right
97,2686,2479,1298,590,467,"Medullary reticular nucleus, dorsal part",right
97,2702,2709,1308,583,525,"Medullary reticular nucleus, dorsal part",right
97,2765,2781,1308,598,545,Medulla,right
97,2679,2639,1306,581,507,"Medullary reticular nucleus, dorsal part",right
97,2751,2738,1307,595,534,Intermediate reticular nucleus,right
98,2562,2870,1313,548,569,Medulla,right
100,2665,2650,1306,576,509,"Medullary reticular nucleus, dorsal part",right
100,2749,2669,1304,597,515,Intermediate reticular nucleus,right
100,2723,2835,1306,588,560,Medulla,right
99,2690,2640,1304,583,507,"Medullary reticular nucleus, dorsal part",right
99,2715,2718,1306,587,528,Intermediate reticular nucleus,right
101,2689,2649,1305,583,509,"Medullary reticular nucleus, dorsal part",right
103,2726,2545,1297,596,483,"Medullary reticular nucleus, dorsal part",right
104,2638,2573,1302,573,489,"Medullary reticular nucleus, dorsal part",right
104,2617,2825,1308,560,557,Dorsal motor nucleus of the vagus nerve,right
105,2661,2553,1300,579,484,"Medullary reticular nucleus, dorsal part",right
107,2629,2505,1298,574,472,"Medullary reticular nucleus, dorsal part",right
107,2647,2611,1302,572,498,"Medullary reticular nucleus, dorsal part",right
107,2560,2846,1308,547,562,Nucleus of the solitary tract,right
107,2602,2831,1307,557,558,Nucleus of the solitary tract,right
107,2648,2812,1305,569,553,Dorsal motor nucleus of the vagus nerve,right
107,2775,2598,1297,606,497,Intermediate reticular nucleus,right
107,2628,2817,1305,564,554,Dorsal motor nucleus of the vagus nerve,right
106,2578,2803,1309,552,551,Nucleus of the solitary tract,right
106,2674,2794,1305,575,549,Dorsal motor nucleus of the vagus nerve,right
106,2708,2588,1299,590,494,"Medullary reticular nucleus, dorsal part",right
106,2777,2668,1301,603,515,Intermediate reticular nucleus,right
106,2710,2503,1294,594,473,"Medullary reticular nucleus, dorsal part",right
108,2740,2716,1302,592,527,Intermediate reticular nucleus,right
108,2618,2792,1306,561,547,Dorsal motor nucleus of the vagus nerve,right
108,2751,2567,1296,601,488,"Medullary reticular nucleus, dorsal part",right
109,2635,2798,1305,565,550,Dorsal motor nucleus of the vagus nerve,right
109,2673,2616,1301,580,500,"Medullary reticular nucleus, dorsal part",right
109,2722,2463,1291,598,464,"Medullary reticular nucleus, dorsal part",right
109,2644,2743,1305,568,534,Medulla,right
111,2659,2508,1295,581,473,"Medullary reticular nucleus, dorsal part",right
111,2647,2495,1295,578,469,"Medullary reticular nucleus, dorsal part",right
111,2679,2556,1296,584,485,"Medullary reticular nucleus, dorsal part",right
110,2759,2589,1296,602,495,"Medullary reticular nucleus, dorsal part",right
110,2461,2810,1313,525,552,Gracile nucleus,right
110,2617,2660,1305,563,511,"Medullary reticular nucleus, dorsal part",right
112,2769,2603,1296,604,498,Intermediate reticular nucleus,right
113,2561,2827,1307,547,556,Nucleus of the solitary tract,right
113,2616,2587,1302,566,491,"Medullary reticular nucleus, dorsal part",right
113,2733,2681,1299,592,517,Intermediate reticular nucleus,right
113,2510,2770,1310,536,541,Gracile nucleus,right
113,2660,2563,1298,578,487,"Medullary reticular nucleus, dorsal part",right
113,2702,2701,1301,583,522,"Medullary reticular nucleus, dorsal part",right
113,2717,2648,1299,588,509,"Medullary reticular nucleus, dorsal part",right
114,2739,2636,1297,595,506,Intermediate reticular nucleus,right
114,2625,2753,1304,563,537,Medulla,right
114,2684,2619,1298,582,501,"Medullary reticular nucleus, dorsal part",right
115,2457,2803,1311,524,550,Gracile nucleus,right
115,2675,2812,1300,574,553,Dorsal motor nucleus of the vagus nerve,right
115,2686,2473,1290,589,465,"Medullary reticular nucleus, dorsal part",right
116,2452,2900,1310,523,577,Gracile nucleus,left
116,2597,2815,1304,555,554,Nucleus of the solitary tract,right
117,2953,3443,1299,659,719,"Spinal nucleus of the trigeminal, caudal part",left
117,2543,2836,1306,544,559,Nucleus of the solitary tract,right
121,2549,2617,1304,548,498,Cuneate nucleus,right
121,2551,2810,1305,545,552,Nucleus of the solitary tract,right
122,3004,2681,1312,664,522,"Medullary reticular nucleus, ventral part",right
122,2498,2585,1306,537,490,Cuneate nucleus,right
122,2561,2700,1304,548,522,Cuneate nucleus,right
122,2571,2629,1303,552,503,Cuneate nucleus,right
122,2588,2779,1302,554,544,Nucleus of the solitary tract,right
123,2505,2785,1306,535,545,Gracile nucleus,right
123,2541,2786,1304,543,545,Nucleus of the solitary tract,right
123,2579,2660,1302,554,511,Cuneate nucleus,right
123,2589,2797,1301,554,548,Dorsal motor nucleus of the vagus nerve,right
124,2587,2494,1295,563,469,"Medullary reticular nucleus, dorsal part",right
124,2637,2853,1298,565,566,Nucleus of the solitary tract,right
124,3107,3246,1316,696,665,Medulla,left
125,2808,2848,1297,608,565,Medulla,right
125,2600,2479,1293,568,465,"Medullary reticular nucleus, dorsal part",right
127,2424,2806,1307,519,550,Gracile nucleus,right
129,2632,2685,1298,566,518,"Medullary reticular nucleus, dorsal part",right
129,2611,2425,1289,573,453,"Medullary reticular nucleus, dorsal part",right
129,2639,2792,1297,566,547,Dorsal motor nucleus of the vagus nerve,right
129,2652,2505,1290,579,472,"Medullary reticular nucleus, dorsal part",right
129,3082,2610,1316,687,506,"Medullary reticular nucleus, ventral part",right
129,2478,2871,1304,530,569,Medulla,right
129,2583,2454,1292,565,459,"Medullary reticular nucleus, dorsal part",right
129,2583,2743,1300,553,534,solitary tract,right
129,2609,2613,1298,563,499,"Medullary reticular nucleus, dorsal part",right
129,2657,2428,1286,584,455,"Medullary reticular nucleus, dorsal part",right
130,2584,2808,1299,553,553,Dorsal motor nucleus of the vagus nerve,right
130,2548,2792,1301,545,547,Nucleus of the solitary tract,right
130,2553,2715,1301,547,526,Nucleus of the solitary tract,right
128,2697,2560,1290,587,486,"Medullary reticular nucleus, dorsal part",right
128,2699,2559,1290,588,486,"Medullary reticular nucleus, dorsal part",right
131,2701,2421,1282,595,454,"Medullary reticular nucleus, dorsal part",right
131,2547,2579,1300,548,489,Medulla,right
133,2579,2758,1299,552,538,Nucleus of the solitary tract,right
133,2591,2815,1298,554,554,Dorsal motor nucleus of the vagus nerve,right
132,2533,2614,1301,544,498,Cuneate nucleus,right
139,3028,2534,1304,675,487,"Medullary reticular nucleus, ventral part",right
139,2529,2758,1299,541,538,Nucleus of the solitary tract,right
139,2531,2600,1299,544,495,Cuneate nucleus,right
139,2560,2409,1289,562,449,"Medullary reticular nucleus, dorsal part",right
139,2656,2771,1293,570,542,Hypoglossal nucleus,right
135,2928,2677,1300,642,519,"Medullary reticular nucleus, ventral part",right
136,2670,2570,1290,580,488,"Medullary reticular nucleus, dorsal part",right
138,2601,2465,1289,569,462,"Medullary reticular nucleus, dorsal part",right
138,2475,2783,1302,529,545,Gracile nucleus,right
138,2532,2830,1299,541,558,Nucleus of the solitary tract,right
138,2551,2847,1297,546,562,Nucleus of the solitary tract,right
138,2987,2729,1307,656,534,"Medullary reticular nucleus, ventral part",right
138,2560,2598,1297,551,495,Medulla,right
137,2638,2668,1295,569,514,"Medullary reticular nucleus, dorsal part",right
137,2655,2630,1293,574,503,"Medullary reticular nucleus, dorsal part",right
137,2682,2515,1287,586,475,"Medullary reticular nucleus, dorsal part",right
137,2381,2643,1307,510,506,Cuneate nucleus,right
140,2860,2743,1295,622,536,"Medullary reticular nucleus, ventral part",right
140,2972,2690,1303,653,523,"Medullary reticular nucleus, ventral part",right
140,2628,2612,1293,569,498,"Medullary reticular nucleus, dorsal part",right
140,2458,2763,1302,526,539,Gracile nucleus,right
140,2588,2426,1287,568,453,"Medullary reticular nucleus, dorsal part",right
141,2420,2907,1302,519,578,Gracile nucleus,left
141,2630,2386,1283,580,445,"Medullary reticular nucleus, dorsal part",right
141,2454,2795,1302,525,548,Gracile nucleus,right
141,2472,2803,1301,528,550,Gracile nucleus,right
141,2576,2563,1295,557,486,"Medullary reticular nucleus, dorsal part",right
143,2592,2757,1294,556,537,Dorsal motor nucleus of the vagus nerve,right
143,2400,2825,1302,516,556,Gracile nucleus,right
143,2545,2432,1290,557,454,"Medullary reticular nucleus, dorsal part",right
143,2554,2433,1289,559,455,"Medullary reticular nucleus, dorsal part",right
142,2527,2781,1298,540,544,Nucleus of the solitary tract,right
142,2527,2715,1299,541,526,Nucleus of the solitary tract,right
142,2644,2964,1289,569,598,Hypoglossal nucleus,left
145,2629,2796,1292,565,549,Dorsal motor nucleus of the vagus nerve,right
145,2505,2584,1299,539,491,Cuneate nucleus,right
145,2514,2721,1299,539,527,Nucleus of the solitary tract,right
145,2525,2783,1297,541,545,Nucleus of the solitary tract,right
145,2551,2434,1290,558,455,"Medullary reticular nucleus, dorsal part",right
145,2575,2762,1295,552,539,Dorsal motor nucleus of the vagus nerve,right
145,2582,2504,1291,561,472,"Medullary reticular nucleus, dorsal part",right
145,2598,2767,1294,558,540,Dorsal motor nucleus of the vagus nerve,right
145,3078,2613,1311,687,507,"Medullary reticular nucleus, ventral part",right
145,2570,2605,1295,554,496,Medulla,right
145,2580,2615,1295,556,499,Medulla,right
144,2581,2527,1291,560,476,"Medullary reticular nucleus, dorsal part",right
147,2523,2773,1296,541,543,Nucleus of the solitary tract,right
147,2659,2541,1286,580,481,"Medullary reticular nucleus, dorsal part",right
146,2768,2410,1278,613,453,"Medullary reticular nucleus, dorsal part",right
146,3076,3212,1305,687,657,"Medullary reticular nucleus, ventral part",left
146,2506,2787,1298,536,545,Nucleus of the solitary tract,right
148,2939,2623,1295,647,506,"Medullary reticular nucleus, ventral part",right
148,2471,2869,1297,529,569,Medulla,right
148,2538,2774,1295,544,543,Nucleus of the solitary tract,right
148,2492,2622,1299,534,500,Cuneate nucleus,right
148,2574,2541,1291,558,480,"Medullary reticular nucleus, dorsal part",right
148,2588,2582,1292,560,490,"Medullary reticular nucleus, dorsal part",right
151,2590,2451,1285,567,459,"Medullary reticular nucleus, dorsal part",right
151,2591,2408,1284,570,451,"Medullary reticular nucleus, dorsal part",right
153,2445,2800,1298,525,549,Gracile nucleus,right
153,2512,2698,1297,538,522,Cuneate nucleus,right
153,3053,3132,1303,680,638,"Medullary reticular nucleus, ventral part",left
153,3147,2580,1314,707,500,Medulla,right
153,2527,2805,1294,541,551,Nucleus of the solitary tract,right
153,3090,3183,1306,690,651,"Medullary reticular nucleus, ventral part",left
155,2550,2369,1285,563,442,"Spinal nucleus of the trigeminal, caudal part",right
155,2427,2760,1298,522,538,Gracile nucleus,right
155,2506,2795,1294,538,548,Nucleus of the solitary tract,right
155,2572,2595,1291,555,494,Medulla,right
155,3111,2579,1310,696,500,"Medullary reticular nucleus, ventral part",right
154,3116,2577,1311,698,499,"Medullary reticular nucleus, ventral part",right
154,2476,2750,1297,531,535,Nucleus of the solitary tract,right
154,2517,2581,1295,542,490,Cuneate nucleus,right
154,2561,2526,1290,556,477,"Medullary reticular nucleus, dorsal part",right
154,2585,2628,1292,558,503,Medulla,right
156,2999,2557,1297,666,491,"Medullary reticular nucleus, ventral part",right
156,2507,2689,1296,538,519,Cuneate nucleus,right
156,2470,2764,1296,530,540,Gracile nucleus,right
157,2548,2576,1292,551,489,Medulla,right
157,3068,2595,1306,684,502,"Medullary reticular nucleus, ventral part",right
158,2457,2302,1291,546,428,"Spinal nucleus of the trigeminal, caudal part",right
158,2485,2683,1296,534,518,Cuneate nucleus,right
160,3032,2518,1298,675,484,"Medullary reticular nucleus, ventral part",right
160,2551,2737,1292,548,532,Nucleus of the solitary tract,right
159,2481,2307,1289,551,429,"Spinal nucleus of the trigeminal, caudal part",right
159,2557,2743,1291,549,535,Nucleus of the solitary tract,right
161,2363,2707,1299,511,523,Gracile nucleus,right
161,2429,2735,1297,523,531,Gracile nucleus,right
161,2524,2516,1291,548,474,Medulla,right
161,2613,2968,1284,563,600,Hypoglossal nucleus,left
162,2485,2709,1294,534,525,Nucleus of the solitary tract,right
162,2531,2689,1292,544,519,Nucleus of the solitary tract,right
163,2614,2413,1280,576,453,"Medullary reticular nucleus, dorsal part",right
163,2490,2332,1287,552,435,"Spinal nucleus of the trigeminal, caudal part",right
163,2506,2320,1286,556,433,"Spinal nucleus of the trigeminal, caudal part",right
163,2566,2456,1285,562,461,"Medullary reticular nucleus, dorsal part",right
164,2545,2390,1284,561,447,"Medullary reticular nucleus, dorsal part",right
165,2328,2644,1298,506,507,Cuneate nucleus,right
168,2338,2706,1297,509,523,Gracile nucleus,right
168,2974,2648,1295,656,513,"Medullary reticular nucleus, ventral part",right
169,2483,2698,1293,535,522,Nucleus of the solitary tract,right
169,2500,2314,1286,555,432,"Spinal nucleus of the trigeminal, caudal part",right
169,3077,2601,1304,686,504,"Medullary reticular nucleus, ventral part",right
169,2428,2645,1295,524,507,Cuneate nucleus,right
169,2511,2655,1292,541,510,Medulla,right
169,2532,2352,1284,560,439,"Spinal nucleus of the trigeminal, caudal part",right
170,2558,2333,1281,568,437,"Spinal nucleus of the trigeminal, caudal part",right
170,2490,2695,1292,537,521,Nucleus of the solitary tract,right
170,3086,3174,1301,689,649,"Medullary reticular nucleus, ventral part",left
172,2464,2773,1291,532,543,Nucleus of the solitary tract,right
172,2457,2758,1292,530,539,Nucleus of the solitary tract,right
172,2585,2542,1285,563,482,"Medullary reticular nucleus, dorsal part",right
173,2583,2344,1279,573,440,"Medullary reticular nucleus, dorsal part",right
173,2885,2457,1279,640,467,Intermediate reticular nucleus,right
173,2539,2539,1287,552,481,Medulla,right
173,2471,2723,1292,533,529,Nucleus of the solitary tract,right
185,2414,2748,1290,524,536,Gracile nucleus,right
185,2401,2698,1291,521,523,Cuneate nucleus,right
185,2512,2276,1281,560,427,"Spinal nucleus of the trigeminal, caudal part",right
174,2327,2676,1295,507,516,Gracile nucleus,right
174,2907,2706,1288,636,526,"Medullary reticular nucleus, ventral part",right
174,2979,2683,1295,657,522,"Medullary reticular nucleus, ventral part",right
176,2436,2754,1292,527,537,Nucleus of the solitary tract,right
176,2490,2396,1286,548,449,"Spinal nucleus of the trigeminal, caudal part",right
176,2563,2346,1279,569,440,"Medullary reticular nucleus, dorsal part",right
175,2569,2611,1286,558,499,"Medullary reticular nucleus, dorsal part",right
175,2432,2704,1292,525,524,Cuneate nucleus,right
177,2482,2475,1289,541,466,Medulla,right
177,2475,2448,1288,542,460,"Spinal nucleus of the trigeminal, caudal part",right
177,2894,2627,1284,636,506,"Medullary reticular nucleus, ventral part",right
180,2281,2617,1294,501,501,Cuneate nucleus,right
178,2892,2632,1284,635,507,"Medullary reticular nucleus, ventral part",right
178,2317,2749,1294,508,536,Gracile nucleus,right
186,3021,3539,1286,672,736,"Spinal nucleus of the trigeminal, caudal part",left
186,2393,2750,1290,521,536,Gracile nucleus,right
186,2461,2504,1288,537,474,Medulla,right
186,2501,2449,1284,549,462,"Medullary reticular nucleus, dorsal part",right
186,2525,2567,1285,550,489,Medulla,right
188,2493,2276,1281,557,428,"Spinal nucleus of the trigeminal, caudal part",right
188,2938,2594,1285,650,500,"Medullary reticular nucleus, ventral part",right
188,2482,2398,1284,547,451,"Spinal nucleus of the trigeminal, caudal part",right
187,2413,2728,1289,525,531,Nucleus of the solitary tract,right
187,2489,2063,1285,563,390,"Spinal nucleus of the trigeminal, caudal part",right
189,2472,2294,1283,551,432,"Spinal nucleus of the trigeminal, caudal part",right
191,2407,2724,1288,524,530,Nucleus of the solitary tract,right
191,2496,2339,1281,554,440,"Spinal nucleus of the trigeminal, caudal part",right
192,2497,2338,1281,554,440,"Spinal nucleus of the trigeminal, caudal part",right
194,2429,3003,1284,525,606,Nucleus of the solitary tract,left
194,2428,2209,1284,548,418,"Spinal nucleus of the trigeminal, caudal part",right
194,2679,2714,1276,585,528,Intermediate reticular nucleus,right
193,2495,1973,1286,564,373,"Spinal nucleus of the trigeminal, caudal part",right
193,2980,2535,1286,663,487,"Medullary reticular nucleus, ventral part",right
193,2413,2802,1287,526,550,Nucleus of the solitary tract,right
193,2613,2356,1273,581,445,"Medullary reticular nucleus, dorsal part",right
196,2193,3022,1291,491,608,root,left
196,2457,2350,1283,545,443,"Spinal nucleus of the trigeminal, caudal part",right
195,2479,2194,1281,558,415,"Spinal nucleus of the trigeminal, caudal part",right
195,2488,2220,1280,559,420,"Spinal nucleus of the trigeminal, caudal part",right
195,2493,2248,1280,559,425,"Spinal nucleus of the trigeminal, caudal part",right
199,2510,2306,1278,560,435,"Spinal nucleus of the trigeminal, caudal part",right
199,2469,2202,1280,556,417,"Spinal nucleus of the trigeminal, caudal part",right
198,2858,2424,1273,638,462,Intermediate reticular nucleus,right
201,2340,2246,1288,526,426,"Spinal nucleus of the trigeminal, caudal part",right
201,2463,2112,1282,558,401,"Spinal nucleus of the trigeminal, caudal part",right
201,2469,2291,1281,552,433,"Spinal nucleus of the trigeminal, caudal part",right
201,2805,3311,1263,619,686,"Medullary reticular nucleus, dorsal part",left
201,2391,2652,1287,522,511,Cuneate nucleus,right
202,2873,2584,1276,636,497,"Medullary reticular nucleus, ventral part",right
202,2365,2788,1287,519,547,Nucleus of the solitary tract,right
203,2436,3044,1280,527,617,Nucleus of the solitary tract,left
203,2456,1997,1283,557,379,"Spinal nucleus of the trigeminal, caudal part",right
203,2472,2339,1280,550,442,"Spinal nucleus of the trigeminal, caudal part",right
203,2474,2117,1280,559,403,"Spinal nucleus of the trigeminal, caudal part",right
203,2495,2247,1278,560,425,"Spinal nucleus of the trigeminal, caudal part",right
204,2451,3212,1280,531,660,Cuneate nucleus,left
204,2311,2767,1288,511,541,Gracile nucleus,right
204,2452,2123,1281,555,404,"Spinal nucleus of the trigeminal, caudal part",right
204,2431,3062,1281,526,621,Nucleus of the solitary tract,left
204,2464,2028,1282,559,387,"Spinal nucleus of the trigeminal, caudal part",right
204,2731,2491,1269,605,475,"Medullary reticular nucleus, dorsal part",right
209,2835,1775,1279,625,336,Medulla,right
209,2439,2465,1283,538,468,Medulla,right
205,2459,2365,1281,546,447,"Spinal nucleus of the trigeminal, caudal part",right
205,2837,1785,1280,625,338,Medulla,right
205,2489,2386,1280,552,451,"Medullary reticular nucleus, dorsal part",right
205,2503,2236,1277,562,424,"Spinal nucleus of the trigeminal, caudal part",right
205,2924,2652,1282,646,514,"Medullary reticular nucleus, ventral part",right
211,3044,2578,1290,681,500,"Medullary reticular nucleus, ventral part",right
206,2827,2639,1273,622,510,"Medullary reticular nucleus, ventral part",right
206,2237,3405,1293,499,699,spinal tract of the trigeminal nerve,left
208,2841,1783,1279,626,338,Medulla,right
210,2964,2465,1280,664,473,"Medullary reticular nucleus, ventral part",right
210,3070,2535,1291,689,490,"Medullary reticular nucleus, ventral part",right
212,2416,2399,1283,536,455,"Spinal nucleus of the trigeminal, caudal part",right
217,2476,3115,1274,537,636,Nucleus of the solitary tract,left
217,2353,2656,1283,519,514,Cuneate nucleus,right
217,2521,2434,1275,559,463,"Medullary reticular nucleus, dorsal part",right
217,2316,2827,1286,513,557,Area postrema,right
218,2408,2062,1279,548,395,"Spinal nucleus of the trigeminal, caudal part",right
218,2420,3491,1283,540,719,"Spinal nucleus of the trigeminal, caudal part",left
218,2476,1995,1278,559,382,"Spinal nucleus of the trigeminal, caudal part",right
218,2330,2797,1285,515,549,Nucleus of the solitary tract,right
218,2500,1993,1278,564,382,"Spinal nucleus of the trigeminal, caudal part",right
216,2411,2077,1280,548,397,"Spinal nucleus of the trigeminal, caudal part",right
219,2460,2172,1277,555,415,"Spinal nucleus of the trigeminal, caudal part",right
219,3023,2550,1285,677,493,"Medullary reticular nucleus, ventral part",right
219,2512,2193,1274,564,419,"Spinal nucleus of the trigeminal, caudal part",right
220,2424,3098,1276,526,631,Nucleus of the solitary tract,left
220,2430,2012,1278,551,385,"Spinal nucleus of the trigeminal, caudal part",right
220,2546,2254,1272,570,430,"Spinal nucleus of the trigeminal, caudal part",right
221,2385,3033,1279,520,613,Nucleus of the solitary tract,left
221,2603,2376,1269,581,452,"Medullary reticular nucleus, dorsal part",right
221,2446,2255,1278,549,430,"Spinal nucleus of the trigeminal, caudal part",right
222,2475,2035,1277,559,390,"Spinal nucleus of the trigeminal, caudal part",right
222,2497,2206,1274,561,421,"Spinal nucleus of the trigeminal, caudal part",right
222,2594,2421,1269,578,462,"Medullary reticular nucleus, dorsal part",right
229,1079,3031,1312,234,610,Folium-tuber vermis (VII),left
229,2519,2196,1272,567,421,"Spinal nucleus of the trigeminal, caudal part",right
229,3113,3389,1284,697,697,"Lateral reticular nucleus, magnocellular part",left
229,2452,2205,1275,552,422,"Spinal nucleus of the trigeminal, caudal part",right
229,2494,2675,1274,549,521,Dorsal motor nucleus of the vagus nerve,right
229,2505,3232,1268,547,664,Medulla,left
229,3068,3241,1281,685,664,"Medullary reticular nucleus, ventral part",left
225,2407,2631,1279,530,509,Nucleus of the solitary tract,right
225,2497,1979,1276,562,380,"Spinal nucleus of the trigeminal, caudal part",right
225,2424,3115,1275,527,634,Nucleus of the solitary tract,left
225,2425,2010,1277,550,385,"Spinal nucleus of the trigeminal, caudal part",right
226,3019,2631,1285,674,512,"Medullary reticular nucleus, ventral part",right
226,2458,2367,1276,549,451,"Medullary reticular nucleus, dorsal part",right
226,2481,2158,1274,559,414,"Spinal nucleus of the trigeminal, caudal part",right
227,2360,2667,1280,522,518,Nucleus of the solitary tract,right
227,2606,2498,1268,579,479,"Medullary reticular nucleus, dorsal part",right
227,3220,2457,1291,730,474,Medulla,right
228,2506,2153,1273,564,414,"Spinal nucleus of the trigeminal, caudal part",right
228,3171,3294,1289,711,676,"Lateral reticular nucleus, magnocellular part",left
228,2351,2699,1280,520,526,Nucleus of the solitary tract,right
228,2432,2023,1276,551,389,"Spinal nucleus of the trigeminal, caudal part",right
228,2525,2186,1271,568,419,"Spinal nucleus of the trigeminal, caudal part",right
228,2484,2193,1273,560,421,"Spinal nucleus of the trigeminal, caudal part",right
228,2577,2279,1268,577,436,"Medullary reticular nucleus, dorsal part",right
233,2273,2496,1281,506,481,Cuneate nucleus,right
233,2353,3035,1277,517,613,Nucleus of the solitary tract,left
233,2373,3089,1275,519,627,Nucleus of the solitary tract,left
233,2470,2210,1273,556,424,"Spinal nucleus of the trigeminal, caudal part",right
233,2303,2725,1281,513,532,Gracile nucleus,right
233,2499,2225,1272,562,427,"Spinal nucleus of the trigeminal, caudal part",right
235,2449,2065,1273,554,398,"Spinal nucleus of the trigeminal, caudal part",right
235,2487,2015,1273,560,389,"Spinal nucleus of the trigeminal, caudal part",right
235,1102,3025,1307,240,610,Folium-tuber vermis (VII),left
235,2331,2725,1279,517,533,Nucleus of the solitary tract,right
235,2381,3099,1274,520,629,Nucleus of the solitary tract,left
235,2395,2234,1276,540,429,"Spinal nucleus of the trigeminal, caudal part",right
235,2429,2250,1274,547,432,"Spinal nucleus of the trigeminal, caudal part",right
234,2606,2447,1266,581,468,"Medullary reticular nucleus, dorsal part",right
234,2409,2270,1276,542,435,"Spinal nucleus of the trigeminal, caudal part",right
236,2413,2385,1276,539,456,Medulla,right
236,2217,2740,1284,498,536,Gracile nucleus,right
236,2354,3124,1275,516,634,Cuneate nucleus,left
237,2404,2024,1275,545,390,"Spinal nucleus of the trigeminal, caudal part",right
237,2939,2460,1271,661,474,"Medullary reticular nucleus, ventral part",right
237,1043,2855,1307,224,569,Declive (VI),right
237,1109,3022,1307,243,608,Folium-tuber vermis (VII),left
238,1042,2856,1306,223,569,Declive (VI),right
241,1141,3019,1304,251,608,Folium-tuber vermis (VII),left
241,2439,3100,1269,533,630,Nucleus of the solitary tract,left
241,2546,2246,1267,571,431,"Medullary reticular nucleus, dorsal part",right
241,2741,2509,1261,612,483,Intermediate reticular nucleus,right
241,2541,2426,1268,567,465,"Medullary reticular nucleus, dorsal part",right
240,2338,3042,1275,515,613,Nucleus of the solitary tract,left
240,2332,3036,1276,514,612,Nucleus of the solitary tract,left
242,2484,2004,1271,560,387,"Spinal nucleus of the trigeminal, caudal part",right
242,2625,2148,1264,587,415,"Spinal nucleus of the trigeminal, caudal part",right
242,2507,2137,1269,564,412,"Spinal nucleus of the trigeminal, caudal part",right
242,2705,2349,1260,607,451,"Medullary reticular nucleus, dorsal part",right
242,3035,3152,1275,676,645,"Medullary reticular nucleus, ventral part",left
242,2476,3168,1266,541,648,Nucleus of the solitary tract,left
242,2588,2307,1265,581,443,"Medullary reticular nucleus, dorsal part",right
243,2503,1961,1270,562,379,"Spinal nucleus of the trigeminal, caudal part",right
243,3205,3562,1283,720,742,Medulla,left
243,2619,2593,1264,582,503,Intermediate reticular nucleus,right
243,2447,2165,1271,552,418,"Spinal nucleus of the trigeminal, caudal part",right
243,2643,1899,1267,586,369,"Spinal nucleus of the trigeminal, caudal part",right
245,2302,3470,1280,514,708,"Spinal nucleus of the trigeminal, caudal part",left
245,2309,2969,1277,513,596,Nucleus of the solitary tract,left
245,2495,2194,1269,562,423,"Spinal nucleus of the trigeminal, caudal part",right
245,2705,2306,1260,607,443,"Medullary reticular nucleus, dorsal part",right
244,2414,2319,1274,542,445,"Spinal nucleus of the trigeminal, caudal part",right
244,2398,3392,1274,533,695,"Spinal nucleus of the trigeminal, caudal part",left
246,2894,2682,1268,643,523,"Medullary reticular nucleus, ventral part",right
246,2490,2180,1269,561,421,"Spinal nucleus of the trigeminal, caudal part",right
246,1173,3103,1301,261,628,Folium-tuber vermis (VII),left
247,1134,3012,1301,250,606,Folium-tuber vermis (VII),left
248,2402,2237,1272,541,431,"Spinal nucleus of the trigeminal, caudal part",right
249,2519,2367,1267,565,454,"Medullary reticular nucleus, dorsal part",right
249,2383,3122,1270,523,633,Nucleus of the solitary tract,left
249,2508,2413,1268,562,464,"Medullary reticular nucleus, dorsal part",right
249,2343,3109,1272,516,630,Cuneate nucleus,left
249,3291,3170,1283,745,648,Medulla,left
250,2508,2152,1267,565,416,"Spinal nucleus of the trigeminal, caudal part",right
250,2498,1936,1269,560,374,"Spinal nucleus of the trigeminal, caudal part",right
250,2691,2269,1259,603,438,"Medullary reticular nucleus, dorsal part",right
251,2326,3062,1272,514,618,Nucleus of the solitary tract,left
251,2282,3072,1273,507,620,Gracile nucleus,left
251,2340,2623,1273,521,511,Nucleus of the solitary tract,right
251,2456,3239,1265,540,663,Medulla,left
251,2524,2211,1265,568,427,"Spinal nucleus of the trigeminal, caudal part",right
252,2352,3133,1270,517,636,Cuneate nucleus,left
252,2498,2073,1267,563,403,"Spinal nucleus of the trigeminal, caudal part",right
253,2497,2337,1267,560,449,"Medullary reticular nucleus, dorsal part",right
253,3238,3157,1283,730,644,Medulla,left
253,2318,3062,1272,513,618,Nucleus of the solitary tract,left
253,2380,3135,1269,522,636,Nucleus of the solitary tract,left
253,2501,2411,1267,560,464,"Medullary reticular nucleus, dorsal part",right
253,2721,2311,1258,611,445,"Medullary reticular nucleus, dorsal part",right
253,2765,2328,1258,622,449,"Medullary reticular nucleus, dorsal part",right
254,2313,3047,1272,513,614,Nucleus of the solitary tract,left
254,2468,2332,1268,555,449,"Medullary reticular nucleus, dorsal part",right
254,1102,3134,1302,240,635,Folium-tuber vermis (VII),left
255,2445,2481,1268,546,479,Medulla,right
255,2359,3119,1269,519,632,Nucleus of the solitary tract,left
256,2502,2273,1266,562,439,"Medullary reticular nucleus, dorsal part",right
256,2355,3129,1269,518,634,Cuneate nucleus,left
257,2419,3343,1268,537,684,Medulla,left
257,2327,3095,1270,514,626,Nucleus of the solitary tract,left
257,2381,3151,1268,523,640,Cuneate nucleus,left
257,2437,3326,1267,539,680,Medulla,left
257,2562,2146,1263,575,416,"Spinal nucleus of the trigeminal, caudal part",right
257,2981,2444,1269,673,473,"Medullary reticular nucleus, ventral part",right
257,3037,2614,1276,681,510,"Medullary reticular nucleus, ventral part",right
257,3268,3246,1280,738,665,Medulla,left
258,2310,2650,1272,515,518,Nucleus of the solitary tract,right
258,2470,2133,1266,557,414,"Spinal nucleus of the trigeminal, caudal part",right
258,2488,2350,1266,559,453,"Medullary reticular nucleus, dorsal part",right
258,2988,2665,1272,668,521,"Medullary reticular nucleus, ventral part",right
258,1098,3133,1300,240,635,Folium-tuber vermis (VII),left
258,2275,2705,1275,509,530,Nucleus of the solitary tract,right
258,2434,2393,1268,546,462,"Medullary reticular nucleus, dorsal part",right
258,2514,2115,1265,566,411,"Spinal nucleus of the trigeminal, caudal part",right
258,3005,3107,1268,668,635,"Medullary reticular nucleus, ventral part",left
263,3271,3181,1277,738,650,Medulla,left
263,2447,3231,1262,539,659,Medulla,left
263,2549,2399,1261,572,463,"Medullary reticular nucleus, dorsal part",right
259,2886,2682,1262,642,524,"Medullary reticular nucleus, ventral part",right
259,2881,3040,1256,637,619,"Medullary reticular nucleus, ventral part",left
260,3247,3211,1279,731,657,Medulla,left
260,2583,2424,1260,580,468,"Medullary reticular nucleus, dorsal part",right
260,2424,2375,1268,544,459,"Medullary reticular nucleus, dorsal part",right
260,2544,2363,1262,571,456,"Medullary reticular nucleus, dorsal part",right
260,3243,3083,1281,732,628,Medulla,left
261,1127,3127,1298,247,633,Folium-tuber vermis (VII),left
261,2474,2231,1266,558,432,"Spinal nucleus of the trigeminal, caudal part",right
261,1118,3129,1299,245,634,Folium-tuber vermis (VII),left
261,2452,3252,1263,540,664,Medulla,left
261,2472,2004,1266,556,389,"Spinal nucleus of the trigeminal, caudal part",right
261,3228,3053,1282,729,621,Medulla,left
261,3268,3106,1280,739,633,Medulla,left
262,2478,2079,1265,558,404,"Spinal nucleus of the trigeminal, caudal part",right
265,2369,3143,1266,522,638,Nucleus of the solitary tract,left
265,2520,2460,1262,564,476,"Medullary reticular nucleus, dorsal part",right
265,3009,3151,1266,670,645,"Medullary reticular nucleus, ventral part",left
265,1168,3069,1294,259,620,Folium-tuber vermis (VII),left
265,2360,3140,1266,520,636,Nucleus of the solitary tract,left
265,2424,2269,1267,546,439,"Spinal nucleus of the trigeminal, caudal part",right
265,2467,1990,1265,554,386,"Spinal nucleus of the trigeminal, caudal part",right
265,3087,3347,1271,690,684,"Medullary reticular nucleus, ventral part",left
265,2410,2346,1268,542,454,"Medullary reticular nucleus, dorsal part",right
264,2891,2375,1259,653,460,Intermediate reticular nucleus,right
266,2355,3154,1265,519,639,Cuneate nucleus,left
267,2513,2200,1261,566,427,"Medullary reticular nucleus, dorsal part",right
267,1130,3124,1295,248,633,Folium-tuber vermis (VII),left
267,2245,3497,1273,501,708,Medulla,left
267,2471,2097,1264,556,408,"Spinal nucleus of the trigeminal, caudal part",right
271,1149,3120,1293,253,631,Folium-tuber vermis (VII),left
271,2173,2162,1269,487,417,Medulla,right
271,2321,3128,1265,514,633,Nucleus of the solitary tract,left
271,2511,2094,1261,564,409,"Spinal nucleus of the trigeminal, caudal part",right
271,959,2896,1294,202,579,Declive (VI),left
270,1171,3123,1293,258,632,Folium-tuber vermis (VII),left
270,1116,3123,1295,243,633,Folium-tuber vermis (VII),left
270,2482,2085,1263,558,406,"Spinal nucleus of the trigeminal, caudal part",right
268,2305,3097,1267,511,625,Nucleus of the solitary tract,left
268,1128,3122,1295,248,632,Folium-tuber vermis (VII),left
269,2402,2295,1267,540,445,"Spinal nucleus of the trigeminal, caudal part",right
269,2509,2136,1262,565,416,"Spinal nucleus of the trigeminal, caudal part",right
269,2593,2222,1258,583,431,"Medullary reticular nucleus, dorsal part",right
269,2986,3530,1264,664,723,"Medullary reticular nucleus, dorsal part",left
269,1134,3123,1295,249,633,Folium-tuber vermis (VII),left
272,1173,3144,1292,259,637,Folium-tuber vermis (VII),left
273,2348,3159,1264,519,640,Cuneate nucleus,left
273,2523,2341,1260,568,453,"Medullary reticular nucleus, dorsal part",right
273,2525,3374,1257,562,690,"Medullary reticular nucleus, dorsal part",left
273,2927,2869,1260,649,575,crossed tectospinal pathway,left
273,3144,3308,1272,703,677,"Lateral reticular nucleus, magnocellular part",left
273,3278,3271,1273,740,671,Medulla,left
273,1124,3119,1294,246,632,Folium-tuber vermis (VII),left
273,1146,3117,1293,251,630,Folium-tuber vermis (VII),left
273,2613,1909,1259,580,374,"Spinal nucleus of the trigeminal, caudal part",right
275,2436,3282,1260,540,668,Medulla,left
275,3223,3224,1273,724,660,Medulla,left
275,3159,2415,1272,714,470,Medulla,right
275,3261,3192,1272,733,652,Medulla,left
275,1122,3117,1293,244,630,Folium-tuber vermis (VII),left
274,3141,3021,1275,705,613,Medulla,left
274,2438,2183,1263,550,425,"Spinal nucleus of the trigeminal, caudal part",right
274,2496,2175,1261,562,424,"Spinal nucleus of the trigeminal, caudal part",right
274,2989,2687,1266,669,527,Medulla,right
274,1123,3118,1293,246,632,Folium-tuber vermis (VII),left
276,3238,3217,1273,728,658,Medulla,left
276,3244,3180,1273,729,650,Medulla,left
276,3292,3144,1272,742,642,Medulla,left
276,3294,3167,1271,743,647,Medulla,left
276,2332,3162,1263,516,639,Nucleus of the solitary tract,left
276,3193,3070,1275,718,625,Inferior olivary complex,left
276,3193,3150,1273,716,643,Medulla,left
276,3211,3042,1275,722,618,Medulla,left
276,1121,3116,1293,244,630,Folium-tuber vermis (VII),left
277,2575,2316,1256,579,449,"Medullary reticular nucleus, dorsal part",right
277,3261,3234,1272,733,663,Medulla,left
277,2302,3129,1264,511,632,Nucleus of the solitary tract,left
277,2846,2479,1253,642,480,"Medullary reticular nucleus, ventral part",right
277,3035,2501,1266,685,486,"Medullary reticular nucleus, ventral part",right
277,2396,2483,1264,536,484,Medulla,right
278,2448,3296,1258,544,672,"Medullary reticular nucleus, dorsal part",left
278,2310,3159,1263,512,639,Cuneate nucleus,left
278,2570,1920,1259,571,376,"Spinal nucleus of the trigeminal, caudal part",right
278,962,2890,1291,202,578,Declive (VI),left
278,1163,3114,1290,256,630,Folium-tuber vermis (VII),left
278,2479,2576,1260,553,503,Medulla,right
282,2436,3128,1258,536,635,Nucleus of the solitary tract,left
282,3257,3150,1270,732,643,Medulla,left
282,2400,3299,1260,534,671,Medulla,left
282,2310,3175,1261,513,641,Parasolitary nucleus,left
282,2490,2124,1258,560,415,"Spinal nucleus of the trigeminal, caudal part",right
282,2492,2087,1259,560,408,"Spinal nucleus of the trigeminal, caudal part",right
282,3274,2514,1267,740,493,Medulla,right
282,927,2890,1289,192,578,Declive (VI),left
282,1120,2901,1288,244,581,Folium-tuber vermis (VII),left
282,2544,2191,1256,572,427,"Medullary reticular nucleus, dorsal part",right
282,2551,1962,1258,568,384,"Spinal nucleus of the trigeminal, caudal part",right
279,2469,2255,1260,557,439,"Medullary reticular nucleus, dorsal part",right
279,2683,2081,1253,598,408,"Spinal nucleus of the trigeminal, caudal part",right
279,929,2893,1290,194,579,Declive (VI),left
279,2422,3230,1259,535,657,Nucleus of the solitary tract,left
279,1137,3111,1291,248,629,Folium-tuber vermis (VII),left
279,1152,3112,1290,252,629,Folium-tuber vermis (VII),left
280,2809,2787,1249,622,552,Medulla,right
280,2309,3120,1263,513,630,Nucleus of the solitary tract,left
280,2499,2106,1259,562,411,"Spinal nucleus of the trigeminal, caudal part",right
280,3171,3044,1273,712,619,Medulla,left
280,2787,3488,1250,618,713,"Medullary reticular nucleus, dorsal part",left
280,2549,2093,1257,572,410,"Spinal nucleus of the trigeminal, caudal part",right
281,2505,2287,1258,564,444,"Medullary reticular nucleus, dorsal part",right
281,2317,3176,1262,513,642,Cuneate nucleus,left
281,2501,2011,1259,560,393,"Spinal nucleus of the trigeminal, caudal part",right
281,2623,2127,1254,587,416,"Medullary reticular nucleus, dorsal part",right
281,2331,2298,1265,523,449,Medulla,right
281,2743,2080,1252,611,408,"Spinal nucleus of the trigeminal, caudal part",right
283,1137,3107,1289,248,628,Folium-tuber vermis (VII),left
283,1159,3109,1289,254,629,Folium-tuber vermis (VII),left
283,2961,3468,1257,660,709,"Medullary reticular nucleus, dorsal part",left
283,1173,3109,1288,258,629,Folium-tuber vermis (VII),left
283,2408,3255,1258,534,661,Medulla,left
283,3307,3176,1268,745,649,Medulla,left
284,3004,2512,1261,678,489,"Medullary reticular nucleus, ventral part",right
284,2465,2368,1258,555,461,"Medullary reticular nucleus, dorsal part",right
284,3300,3174,1268,744,649,Medulla,left
284,2585,2154,1254,580,422,"Medullary reticular nucleus, dorsal part",right
284,2656,2011,1254,590,396,"Spinal nucleus of the trigeminal, caudal part",right
285,3279,3125,1269,738,638,Medulla,left
285,925,2888,1289,193,578,Declive (VI),left
285,3027,2501,1262,683,487,"Medullary reticular nucleus, ventral part",right
285,3111,3446,1267,696,705,"Lateral reticular nucleus, magnocellular part",left
285,3290,3142,1268,741,641,Medulla,left
286,2513,3403,1254,561,694,"Medullary reticular nucleus, dorsal part",left
286,2328,3180,1260,517,643,Parasolitary nucleus,left
286,3179,3076,1270,713,626,Inferior olivary complex,left
287,3222,2840,1271,728,570,Nucleus raphe pallidus,right
291,2411,3384,1258,539,687,"Medullary reticular nucleus, dorsal part",left
291,3306,3156,1264,744,645,Medulla,left
291,3258,3146,1266,732,642,Inferior olivary complex,left
291,3272,3156,1266,734,644,Inferior olivary complex,left
291,2533,2182,1254,570,427,"Medullary reticular nucleus, dorsal part",right
291,2550,2280,1253,574,445,"Medullary reticular nucleus, dorsal part",right
291,3152,3302,1266,704,674,"Lateral reticular nucleus, magnocellular part",left
291,3199,3087,1267,718,628,Inferior olivary complex,left
290,2307,3203,1259,512,647,Parasolitary nucleus,left
290,2342,2391,1260,525,468,Cuneate nucleus,right
290,3175,3076,1268,712,626,Medulla,left
290,3239,3223,1267,726,660,Medulla,left
290,3264,3200,1267,733,655,Medulla,left
290,3279,3112,1267,738,634,Medulla,left
290,3279,3178,1266,737,650,Medulla,left
290,3286,3173,1266,739,649,Medulla,left
290,3292,3179,1266,740,650,Medulla,left
290,2292,3183,1259,509,642,Parasolitary nucleus,left
290,2326,2732,1263,518,538,Nucleus of the solitary tract,right
290,2364,3324,1259,527,674,Medulla,left
290,2387,2434,1259,535,476,Medulla,right
290,3128,3544,1266,700,729,rubrospinal tract,left
290,3277,3417,1267,739,705,Medulla,left
290,2323,3212,1258,516,648,Parasolitary nucleus,left
289,2554,2081,1255,572,408,"Spinal nucleus of the trigeminal, caudal part",right
289,3237,3095,1269,727,631,Inferior olivary complex,left
292,3231,3200,1267,723,654,Medulla,left
292,3276,3207,1266,736,656,Medulla,left
292,1169,3138,1286,256,635,Folium-tuber vermis (VII),left
292,2651,3593,1253,588,728,"Spinal nucleus of the trigeminal, caudal part",left
297,2522,3450,1253,563,701,"Medullary reticular nucleus, dorsal part",left
297,2677,3434,1245,595,700,"Medullary reticular nucleus, dorsal part",left
297,3260,2494,1262,734,490,Inferior olivary complex,right
297,1184,3127,1284,260,632,Folium-tuber vermis (VII),left
297,1193,3135,1283,263,634,Folium-tuber vermis (VII),left
297,2565,1998,1253,572,393,"Spinal nucleus of the trigeminal, caudal part",right
297,3020,2531,1257,681,494,"Medullary reticular nucleus, ventral part",right
295,1157,3133,1285,252,634,Folium-tuber vermis (VII),left
295,3253,3166,1265,730,647,Inferior olivary complex,left
295,3278,3143,1264,737,642,Medulla,left
295,2272,3152,1258,506,635,Parasolitary nucleus,left
295,1176,3136,1284,257,634,Folium-tuber vermis (VII),left
293,2392,2361,1258,538,461,Medulla,right
293,3023,3485,1259,675,712,Intermediate reticular nucleus,left
293,3244,3177,1266,728,649,Inferior olivary complex,left
293,3266,3242,1266,733,663,Medulla,left
293,3272,3198,1266,734,655,Medulla,left
293,2671,3561,1251,592,723,"Medullary reticular nucleus, dorsal part",left
293,3277,3123,1266,736,638,Medulla,left
293,1147,3135,1286,250,634,Folium-tuber vermis (VII),left
294,3289,3369,1265,742,694,Medulla,left
294,2958,2626,1254,665,514,"Medullary reticular nucleus, ventral part",right
294,1182,3138,1285,259,635,Folium-tuber vermis (VII),left
294,2288,3207,1258,509,646,Parasolitary nucleus,left
294,2682,3435,1245,596,700,"Medullary reticular nucleus, dorsal part",left
296,2585,2260,1250,582,441,"Medullary reticular nucleus, dorsal part",right
300,1142,3124,1283,248,632,Folium-tuber vermis (VII),left
300,3041,3405,1257,679,694,Medulla,left
300,2316,3235,1255,515,652,Parasolitary nucleus,left
300,3066,3500,1259,684,715,Intermediate reticular nucleus,left
301,1171,3129,1283,256,633,Folium-tuber vermis (VII),left
301,2543,3481,1251,568,706,"Medullary reticular nucleus, dorsal part",left
301,1198,3130,1282,263,633,Folium-tuber vermis (VII),left
301,1206,3135,1281,265,634,Folium-tuber vermis (VII),left
301,2345,3254,1255,522,658,Parasolitary nucleus,left
298,2272,3199,1257,506,644,Parasolitary nucleus,left
298,2310,3215,1256,514,648,Parasolitary nucleus,left
298,2356,2436,1257,529,478,Medulla,right
298,2361,3264,1255,525,660,Medulla,left
298,2526,2107,1252,567,413,"Spinal nucleus of the trigeminal, caudal part",right
298,2686,2854,1243,593,570,Medulla,right
298,2315,3230,1256,515,652,Parasolitary nucleus,left
299,2542,3524,1253,567,714,"Medullary reticular nucleus, dorsal part",left
299,2672,2310,1246,602,450,"Medullary reticular nucleus, dorsal part",right
299,2892,2860,1245,642,573,crossed tectospinal pathway,left
299,2923,3479,1250,652,709,"Medullary reticular nucleus, dorsal part",left
299,2374,3371,1256,531,682,Medulla,left
299,2669,1980,1249,592,392,"Spinal nucleus of the trigeminal, caudal part",right
302,2523,2211,1251,568,433,"Medullary reticular nucleus, dorsal part",right
302,1190,3126,1281,261,632,Folium-tuber vermis (VII),left
302,1124,2897,1280,244,580,Folium-tuber vermis (VII),left
302,1193,3132,1281,262,633,Folium-tuber vermis (VII),left
306,3268,3120,1260,733,636,Medulla,left
306,3103,3338,1259,693,681,"Lateral reticular nucleus, magnocellular part",left
306,3224,3225,1261,721,659,Medulla,left
306,3239,3119,1261,726,636,Inferior olivary complex,left
306,3250,3215,1261,728,657,Medulla,left
306,3265,3211,1260,731,656,Medulla,left
306,3289,3091,1259,738,630,Medulla,left
306,3292,3250,1260,739,666,Medulla,left
306,2744,2059,1244,610,407,"Medullary reticular nucleus, dorsal part",right
306,3253,3117,1260,729,635,Inferior olivary complex,left
305,2389,3315,1253,533,671,Medulla,left
305,2435,3209,1251,540,650,Nucleus of the solitary tract,left
305,3281,3190,1261,736,652,Medulla,left
305,1123,2897,1279,244,580,Folium-tuber vermis (VII),left
305,2300,3230,1254,512,651,Parasolitary nucleus,left
305,2408,3400,1254,540,689,"Medullary reticular nucleus, dorsal part",left
305,2553,2212,1249,575,433,"Medullary reticular nucleus, dorsal part",right
305,3049,3410,1256,682,695,Intermediate reticular nucleus,left
305,3182,3274,1262,710,669,"Lateral reticular nucleus, magnocellular part",left
305,3188,2393,1259,719,469,Medulla,right
305,3254,3249,1262,729,665,Medulla,left
305,1181,3127,1281,258,632,Folium-tuber vermis (VII),left
305,2941,2112,1248,658,416,"Medullary reticular nucleus, dorsal part",right
305,3074,3434,1258,687,700,Intermediate reticular nucleus,left
305,3305,3176,1260,742,649,Medulla,left
304,2964,3512,1252,660,715,"Medullary reticular nucleus, dorsal part",left
304,2520,2210,1250,567,433,"Medullary reticular nucleus, dorsal part",right
310,3245,3124,1259,726,637,Inferior olivary complex,left
310,3262,3334,1260,732,683,"Lateral reticular nucleus, magnocellular part",left
310,2507,2275,1248,565,446,"Medullary reticular nucleus, dorsal part",right
310,2847,2859,1238,630,573,Medulla,left
310,3231,3105,1259,723,633,Inferior olivary complex,left
310,3253,3090,1259,729,630,Inferior olivary complex,left
310,3081,3425,1256,688,698,Intermediate reticular nucleus,left
310,3263,3236,1259,731,662,Medulla,left
310,3273,3231,1259,734,661,Medulla,left
310,2971,3550,1251,660,723,"Medullary reticular nucleus, dorsal part",left
309,3258,3149,1260,730,643,Inferior olivary complex,left
309,3098,3531,1259,693,722,Medulla,left
308,3307,3168,1258,742,648,Medulla,left
308,3146,3344,1260,703,682,"Lateral reticular nucleus, magnocellular part",left
308,2725,2351,1242,616,458,Intermediate reticular nucleus,right
308,3251,3208,1260,727,656,Medulla,left
308,2284,3220,1253,509,648,Parasolitary nucleus,left
308,1195,3126,1279,261,631,Folium-tuber vermis (VII),left
308,2318,2443,1254,520,482,Parasolitary nucleus,right
307,1104,2900,1278,238,582,Declive (VI),left
307,2326,3258,1253,518,657,Parasolitary nucleus,left
307,3011,3502,1253,671,713,Intermediate reticular nucleus,left
307,3281,3128,1259,735,639,Medulla,left
307,1194,3126,1279,261,631,Folium-tuber vermis (VII),left
307,2277,3223,1253,507,649,Parasolitary nucleus,left
307,2311,3248,1253,514,655,Parasolitary nucleus,left
307,2342,3323,1253,522,671,Medulla,left
307,2524,2310,1248,569,452,"Medullary reticular nucleus, dorsal part",right
307,3132,3332,1259,699,679,"Lateral reticular nucleus, magnocellular part",left
307,2343,2281,1254,527,448,Medulla,right
307,2373,3331,1253,530,673,Medulla,left
307,2861,2693,1241,639,531,"Medullary reticular nucleus, ventral part",right
307,3289,3190,1259,738,652,Medulla,left
311,3281,3176,1257,735,649,Medulla,left
311,3242,3140,1258,725,641,Inferior olivary complex,left
311,3269,3166,1258,732,646,Inferior olivary complex,left
311,3081,3424,1256,688,698,Intermediate reticular nucleus,left
312,3255,3134,1258,728,640,Inferior olivary complex,left
312,3304,3142,1256,741,641,Medulla,left
312,2332,3334,1252,519,672,Parasolitary nucleus,left
312,2950,3517,1249,657,715,"Medullary reticular nucleus, dorsal part",left
312,2344,3332,1252,523,672,Medulla,left
316,1199,3122,1275,262,630,Folium-tuber vermis (VII),left
316,2805,3501,1241,624,711,"Medullary reticular nucleus, dorsal part",left
316,1477,3298,1268,331,660,Pyramus (VIII),left
316,2339,3415,1252,522,689,Medulla,left
316,2517,2176,1246,566,428,"Medullary reticular nucleus, dorsal part",right
316,2570,3594,1249,572,725,"Spinal nucleus of the trigeminal, caudal part",left
316,1465,3304,1268,329,662,Pyramus (VIII),left
313,3256,3122,1258,729,636,Inferior olivary complex,left
313,3291,3163,1257,737,647,Medulla,left
313,1188,3124,1277,260,631,Folium-tuber vermis (VII),left
313,2439,3167,1248,540,640,Nucleus of the solitary tract,left
313,2545,2216,1246,573,435,"Medullary reticular nucleus, dorsal part",right
313,3097,3347,1256,691,682,"Lateral reticular nucleus, magnocellular part",left
313,3077,2522,1253,692,495,Medulla,right
315,3241,3113,1256,725,635,Inferior olivary complex,left
315,3212,3554,1258,721,733,Medulla,left
314,2637,2214,1243,592,435,"Medullary reticular nucleus, dorsal part",right
314,2291,3270,1251,510,658,Parasolitary nucleus,left
314,2316,3276,1251,515,659,Parasolitary nucleus,left
314,2869,2861,1237,637,573,Medulla,left
314,2972,2553,1246,670,500,"Medullary reticular nucleus, ventral part",right
314,2231,3153,1252,499,634,Parasolitary nucleus,left
314,2300,3285,1251,512,661,Parasolitary nucleus,left
314,2382,2334,1250,536,459,Medulla,right
314,2537,2042,1247,566,402,"Spinal nucleus of the trigeminal, caudal part",right
319,1169,3123,1274,254,631,Folium-tuber vermis (VII),left
319,3273,3134,1254,733,640,Inferior olivary complex,left
319,3231,3105,1255,722,633,Inferior olivary complex,left
317,3255,3382,1258,731,693,"Lateral reticular nucleus, magnocellular part",left
317,3281,3139,1256,734,641,Inferior olivary complex,left
317,1487,3293,1268,333,659,Pyramus (VIII),left
317,2400,3346,1249,537,676,Medulla,left
317,3091,3582,1256,690,732,"Medullary reticular nucleus, dorsal part",left
317,3252,3371,1258,729,691,"Lateral reticular nucleus, magnocellular part",left
317,2314,2320,1251,519,457,Medulla,right
318,1454,3310,1268,326,664,Pyramus (VIII),left
323,3271,3149,1253,731,643,Inferior olivary complex,left
323,2823,2865,1231,626,574,Medulla,left
323,2830,3077,1231,629,626,Gigantocellular reticular nucleus,left
323,2944,3383,1242,658,689,Intermediate reticular nucleus,left
323,3262,3122,1253,729,636,Inferior olivary complex,left
323,3275,3179,1253,732,650,Inferior olivary complex,left
323,3285,3119,1252,735,636,Medulla,left
323,2798,3354,1235,625,684,Intermediate reticular nucleus,left
323,3258,3172,1253,729,647,Inferior olivary complex,left
323,3285,3148,1252,735,643,Medulla,left
323,2295,2320,1248,514,458,Cuneate nucleus,right
321,1506,3284,1266,337,656,Pyramus (VIII),left
321,2380,3335,1249,532,673,Nucleus of the solitary tract,left
321,2322,3349,1250,517,674,Parasolitary nucleus,left
321,2373,3296,1248,530,665,Nucleus of the solitary tract,left
321,2926,2457,1242,663,479,"Medullary reticular nucleus, ventral part",right
321,3048,3535,1252,680,720,"Medullary reticular nucleus, dorsal part",left
321,3250,3104,1254,727,633,Inferior olivary complex,left
321,2238,2425,1250,501,480,Cuneate nucleus,right
321,2512,2183,1245,565,430,"Medullary reticular nucleus, dorsal part",right
321,2876,2715,1236,642,536,"Medullary reticular nucleus, ventral part",right
321,2964,3615,1249,658,735,"Medullary reticular nucleus, dorsal part",left
326,3273,3138,1251,732,641,Inferior olivary complex,left
326,3206,3084,1252,716,628,Inferior olivary complex,left
326,3254,3156,1252,727,644,Inferior olivary complex,left
320,3302,3127,1253,739,638,Medulla,left
320,2371,2244,1248,533,442,"Spinal nucleus of the trigeminal, interpolar part",right
322,3050,2536,1247,687,498,"Medullary reticular nucleus, ventral part",right
322,3232,2330,1249,728,456,"Lateral reticular nucleus, magnocellular part",right
322,3242,3139,1254,724,641,Inferior olivary complex,left
322,3278,3157,1253,734,644,Inferior olivary complex,left
322,3281,3130,1253,734,639,Inferior olivary complex,left
322,3004,3473,1248,671,707,Intermediate reticular nucleus,left
322,3053,3559,1252,681,726,"Medullary reticular nucleus, dorsal part",left
322,3108,3225,1252,693,658,"Medullary reticular nucleus, ventral part",left
325,3249,3120,1253,726,636,Inferior olivary complex,left
325,3254,3144,1253,727,642,Inferior olivary complex,left
325,2893,2340,1240,656,458,Intermediate reticular nucleus,right
325,3240,3117,1253,724,635,Inferior olivary complex,left
325,3278,3219,1253,734,658,Medulla,left
325,3257,3188,1253,727,651,Medulla,left
325,3283,3168,1252,735,648,Medulla,left
325,2912,2859,1235,648,573,crossed tectospinal pathway,left
325,2956,3545,1246,658,720,"Medullary reticular nucleus, dorsal part",left
324,3229,3116,1253,722,635,Inferior olivary complex,left
324,3244,3106,1253,725,633,Inferior olivary complex,left
324,2386,3458,1250,534,698,"Spinal nucleus of the trigeminal, interpolar part",left
324,2967,3550,1247,660,721,"Medullary reticular nucleus, dorsal part",left
324,3072,3281,1249,685,668,"Medullary reticular nucleus, ventral part",left
324,3037,3557,1250,676,724,"Medullary reticular nucleus, dorsal part",left
324,3264,3169,1253,730,647,Inferior olivary complex,left
324,3291,3322,1253,739,681,Medulla,left
327,3268,3114,1250,731,635,Inferior olivary complex,left
327,1628,2022,1249,362,375,Paramedian lobule,right
327,2604,3501,1242,581,708,"Medullary reticular nucleus, dorsal part",left
327,2805,3553,1240,623,720,Parvicellular reticular nucleus,left
327,2614,3500,1241,583,708,"Medullary reticular nucleus, dorsal part",left
328,3225,3085,1251,721,628,Inferior olivary complex,left
328,3270,3128,1251,731,639,Inferior olivary complex,left
328,3285,3129,1250,734,639,Inferior olivary complex,left
328,3286,3383,1252,739,695,Medulla,left
328,2633,2060,1239,587,409,Parvicellular reticular nucleus,right
331,1623,2013,1247,360,374,Paramedian lobule,right
331,2337,3396,1246,521,683,Medulla,left
331,2378,3338,1244,532,673,Nucleus of the solitary tract,left
331,3229,3100,1249,721,632,Inferior olivary complex,left
331,3254,3138,1249,727,641,Inferior olivary complex,left
331,2286,3360,1246,508,675,Cuneate nucleus,left
331,3280,3126,1249,733,637,Inferior olivary complex,left
332,1651,2033,1247,367,378,Paramedian lobule,right
332,2534,2228,1240,571,439,Parvicellular reticular nucleus,right
332,2478,2202,1242,558,433,"Spinal nucleus of the trigeminal, interpolar part",right
332,2886,2317,1236,654,454,Intermediate reticular nucleus,right
330,2353,3433,1247,526,692,Medulla,left
330,2377,2280,1244,535,450,Medulla,right
330,2968,3521,1244,662,715,"Medullary reticular nucleus, dorsal part",left
330,3083,3348,1249,689,682,"Lateral reticular nucleus, magnocellular part",left
330,3126,3479,1252,699,709,"Lateral reticular nucleus, magnocellular part",left
330,3282,3157,1250,733,644,Inferior olivary complex,left
329,2515,2093,1243,563,414,"Spinal nucleus of the trigeminal, caudal part",right
329,2525,2296,1241,570,451,"Medullary reticular nucleus, dorsal part",right
329,3291,3390,1252,740,696,Medulla,left
329,3096,2541,1247,696,501,Medulla,right
329,3129,3477,1253,700,709,"Lateral reticular nucleus, magnocellular part",left
329,3131,3476,1253,700,709,"Lateral reticular nucleus, magnocellular part",left
339,3258,3120,1246,728,636,Inferior olivary complex,left
339,2520,2207,1237,567,435,"Spinal nucleus of the trigeminal, interpolar part",right
339,3235,3083,1246,722,628,Inferior olivary complex,left
339,3238,3160,1247,723,645,Medulla,left
339,3264,3111,1245,729,634,Inferior olivary complex,left
339,2662,3619,1240,590,729,Parvicellular reticular nucleus,left
339,2918,2252,1234,660,443,Intermediate reticular nucleus,right
336,3263,3129,1247,729,638,Inferior olivary complex,left
336,2896,3561,1240,644,721,Parvicellular reticular nucleus,left
336,2833,3023,1226,630,614,Gigantocellular reticular nucleus,left
337,1634,2022,1245,362,375,Paramedian lobule,right
337,3240,3119,1248,723,636,Inferior olivary complex,left
337,3262,3141,1248,728,641,Inferior olivary complex,left
337,2347,3380,1244,524,680,Medulla,left
337,2268,3351,1245,504,672,Cuneate nucleus,left
337,2859,2767,1228,637,549,Gigantocellular reticular nucleus,right
337,2955,2597,1235,666,510,"Medullary reticular nucleus, ventral part",right
337,3210,3523,1251,721,724,"Lateral reticular nucleus, magnocellular part",left
337,3217,3144,1248,717,641,Medulla,left
337,3218,3106,1248,719,633,Inferior olivary complex,left
337,3287,3123,1247,734,637,Medulla,left
337,2310,2274,1243,518,450,Medulla,right
333,2231,3180,1246,498,638,Parasolitary nucleus,left
333,2492,3495,1245,558,706,"Medullary reticular nucleus, dorsal part",left
333,3298,3156,1248,738,644,Medulla,left
333,1639,2030,1247,364,377,Paramedian lobule,right
333,1641,2024,1247,364,376,Paramedian lobule,right
335,2446,2293,1240,552,452,Parvicellular reticular nucleus,right
334,3067,3457,1247,685,702,Intermediate reticular nucleus,left
338,3053,3127,1240,681,637,"Medullary reticular nucleus, ventral part",left
338,3138,2833,1244,705,570,Nucleus raphe pallidus,right
338,3221,3153,1248,718,643,Medulla,left
338,3223,3094,1247,720,630,Inferior olivary complex,left
338,3243,3105,1247,724,633,Inferior olivary complex,left
338,3242,3150,1247,723,642,Inferior olivary complex,left
338,3273,3134,1246,731,640,Inferior olivary complex,left
338,2273,2400,1243,510,476,Parasolitary nucleus,right
338,3204,3101,1247,715,631,Inferior olivary complex,left
338,3272,3161,1247,730,645,Inferior olivary complex,left
338,2935,2900,1230,654,584,crossed tectospinal pathway,left
338,3212,3145,1247,716,641,Medulla,left
341,3232,3103,1246,721,633,Inferior olivary complex,left
341,2636,2207,1234,592,435,Parvicellular reticular nucleus,right
341,2910,2294,1234,659,451,Intermediate reticular nucleus,right
341,3255,3443,1249,731,707,"Lateral reticular nucleus, magnocellular part",left
341,2960,3571,1241,658,724,"Medullary reticular nucleus, dorsal part",left
344,2964,3535,1240,661,717,Parvicellular reticular nucleus,left
344,3253,3099,1244,726,632,Inferior olivary complex,left
344,3233,2363,1240,726,468,Medulla,right
344,2738,3471,1232,611,703,Parvicellular reticular nucleus,left
344,2578,2177,1235,579,430,Parvicellular reticular nucleus,right
343,3264,3154,1244,729,644,Inferior olivary complex,left
343,1624,2016,1242,358,375,Paramedian lobule,right
343,2386,2188,1239,536,432,"Spinal nucleus of the trigeminal, interpolar part",right
340,2689,3475,1235,599,704,Parvicellular reticular nucleus,left
340,2956,3386,1238,661,688,Intermediate reticular nucleus,left
340,3115,2837,1242,699,570,Nucleus raphe pallidus,right
340,3232,3091,1246,721,629,Inferior olivary complex,left
340,2903,3574,1239,646,724,Parvicellular reticular nucleus,left
340,2955,3593,1242,657,729,"Medullary reticular nucleus, dorsal part",left
340,2995,3430,1241,669,697,"Nucleus ambiguus, ventral division",left
340,3268,3146,1246,730,642,Inferior olivary complex,left
340,2345,3299,1242,523,663,Nucleus of the solitary tract,left
340,3214,3630,1248,723,750,Medulla,left
340,2905,2857,1228,647,572,Nucleus raphe obscurus,left
340,3248,3195,1247,725,652,Medulla,left
342,2919,2859,1228,651,574,crossed tectospinal pathway,left
342,2743,3486,1233,612,706,Parvicellular reticular nucleus,left
342,2404,2200,1240,541,434,"Spinal nucleus of the trigeminal, interpolar part",right
342,3181,3598,1248,713,739,rubrospinal tract,left
346,3265,3132,1243,728,638,Inferior olivary complex,left
346,3013,2851,1233,675,572,Inferior olivary complex,left
346,3257,3082,1242,726,627,Inferior olivary complex,left
346,2336,2473,1239,523,491,Nucleus of the solitary tract,right
346,3240,3138,1244,723,640,Inferior olivary complex,left
346,3245,3508,1246,730,721,ventral spinocerebellar tract,left
346,3273,3098,1242,731,632,Inferior olivary complex,left
346,3243,3163,1244,724,646,Medulla,left
347,3235,3118,1243,721,636,Inferior olivary complex,left
347,3279,3148,1242,732,643,Inferior olivary complex,left
347,2820,2852,1221,625,571,Gigantocellular reticular nucleus,left
347,3230,3142,1243,720,640,Medulla,left
347,1341,3053,1253,299,611,Folium-tuber vermis (VII),left
347,3272,3477,1245,736,714,ventral spinocerebellar tract,left
345,3274,3116,1243,731,635,Inferior olivary complex,left
345,2689,3368,1230,600,684,Parvicellular reticular nucleus,left
345,2830,2302,1230,641,451,Intermediate reticular nucleus,right
345,3253,3134,1244,726,639,Inferior olivary complex,left
345,3302,3346,1245,741,686,Medulla,left
345,2227,2331,1241,497,462,Cuneate nucleus,right
345,2821,3067,1224,627,623,Gigantocellular reticular nucleus,left
345,2901,3353,1233,649,683,Intermediate reticular nucleus,left
348,3250,3149,1243,725,642,Inferior olivary complex,left
348,3273,3131,1242,731,638,Inferior olivary complex,left
348,3262,3322,1245,729,678,"Lateral reticular nucleus, magnocellular part",left
348,2232,3332,1241,495,667,Cuneate nucleus,left
348,3224,3274,1245,720,668,Medulla,left
349,850,3205,1263,168,644,Declive (VI),left
349,2364,3487,1242,528,701,"Spinal nucleus of the trigeminal, interpolar part",left
349,3220,3500,1246,722,717,"Lateral reticular nucleus, magnocellular part",left
349,3257,3120,1242,726,636,Inferior olivary complex,left
349,3115,3525,1245,696,718,"Lateral reticular nucleus, magnocellular part",left
349,3271,3121,1242,730,636,Inferior olivary complex,left
349,3222,3132,1243,718,638,Medulla,left
349,3251,3142,1243,725,640,Inferior olivary complex,left
351,3201,3244,1243,713,661,Medulla,left
353,2748,3445,1229,614,699,Parvicellular reticular nucleus,left
353,2964,2852,1226,663,571,Medulla,left
353,2984,2510,1232,673,494,Gigantocellular reticular nucleus,right
353,3275,3123,1240,730,637,Inferior olivary complex,left
353,2229,3347,1240,494,671,Cuneate nucleus,left
353,2266,3326,1239,503,666,Parasolitary nucleus,left
353,2713,2017,1230,603,403,Parvicellular reticular nucleus,right
353,2949,3551,1237,657,719,Parvicellular reticular nucleus,left
353,2982,3608,1238,663,732,Parvicellular reticular nucleus,left
353,3136,3548,1244,701,724,"Lateral reticular nucleus, magnocellular part",left
353,3147,2412,1238,705,478,Medulla,right
353,3254,3131,1241,726,638,Inferior olivary complex,left
353,3339,3091,1236,746,630,Medulla,left
350,2471,3496,1240,553,704,"Spinal nucleus of the trigeminal, interpolar part",left
350,3073,3576,1243,686,727,"Lateral reticular nucleus, magnocellular part",left
350,3169,3605,1245,710,739,rubrospinal tract,left
352,2500,3403,1235,560,687,Parvicellular reticular nucleus,left
356,2928,3556,1234,653,720,Parvicellular reticular nucleus,left
356,3120,3267,1240,695,664,"Lateral reticular nucleus, magnocellular part",left
356,3255,3086,1238,726,628,Inferior olivary complex,left
356,2415,3138,1235,536,632,Nucleus of the solitary tract,left
356,2865,2841,1219,637,568,Nucleus raphe obscurus,right
356,3218,3093,1239,717,630,Inferior olivary complex,left
356,2751,3546,1231,612,716,Parvicellular reticular nucleus,left
356,3114,3495,1242,696,710,"Lateral reticular nucleus, magnocellular part",left
356,2221,3385,1239,491,679,Cuneate nucleus,left
356,2224,2429,1236,497,483,Parasolitary nucleus,right
355,3066,3371,1239,685,684,"Lateral reticular nucleus, magnocellular part",left
355,3231,3105,1239,720,632,Inferior olivary complex,left
355,3136,3524,1242,701,718,"Lateral reticular nucleus, magnocellular part",left
355,3210,3097,1239,715,630,Inferior olivary complex,left
355,2250,2405,1236,503,478,Parasolitary nucleus,right
355,2777,3589,1232,617,725,Parvicellular reticular nucleus,left
355,3242,3498,1242,728,718,Medulla,left
354,3147,3303,1242,701,672,"Lateral reticular nucleus, magnocellular part",left
354,3183,3377,1244,712,687,"Lateral reticular nucleus, magnocellular part",left
354,3223,3061,1239,719,623,Inferior olivary complex,left
354,3240,3100,1239,722,631,Inferior olivary complex,left
354,3122,3048,1236,695,620,Medulla,left
354,3274,3114,1239,730,635,Inferior olivary complex,left
360,3253,3115,1237,725,635,Inferior olivary complex,left
360,3235,3081,1236,721,627,Inferior olivary complex,left
357,2957,3392,1233,661,689,Intermediate reticular nucleus,left
357,839,3214,1260,165,646,Declive (VI),left
357,2243,3377,1238,497,677,Cuneate nucleus,left
357,3159,2266,1234,712,449,"Lateral reticular nucleus, magnocellular part",right
358,3222,3037,1237,718,617,Inferior olivary complex,left
358,2501,2296,1230,564,453,Parvicellular reticular nucleus,right
358,2675,3382,1227,597,685,Parvicellular reticular nucleus,left
358,2945,2725,1223,660,541,Gigantocellular reticular nucleus,right
358,3234,3084,1237,721,628,Inferior olivary complex,left
359,2330,3243,1235,519,651,Nucleus of the solitary tract,left
359,2958,2861,1222,661,574,Inferior olivary complex,left
359,3202,2279,1232,720,452,"Lateral reticular nucleus, magnocellular part",right
363,2931,2853,1218,653,573,Nucleus raphe obscurus,left
363,2955,2274,1226,668,449,Medulla,right
363,3081,3424,1237,688,695,Intermediate reticular nucleus,left
363,3120,3347,1238,696,679,"Lateral reticular nucleus, magnocellular part",left
363,3202,3341,1239,715,680,"Lateral reticular nucleus, magnocellular part",left
363,3230,3107,1235,719,632,Inferior olivary complex,left
363,3241,3127,1235,722,637,Inferior olivary complex,left
363,3268,3102,1234,729,632,Inferior olivary complex,left
363,3134,3266,1237,699,664,"Lateral reticular nucleus, magnocellular part",left
363,3079,3203,1233,686,653,"Lateral reticular nucleus, magnocellular part",left
363,2249,3353,1235,499,673,Cuneate nucleus,left
363,2625,3108,1224,582,628,Intermediate reticular nucleus,left
361,2811,3555,1230,626,719,Parvicellular reticular nucleus,left
361,2972,2846,1223,664,570,Medulla,right
361,3214,3055,1236,716,621,Inferior olivary complex,left
361,2230,3387,1237,493,679,Cuneate nucleus,left
361,3287,3404,1239,738,697,Medulla,left
361,3118,3055,1234,695,621,Medulla,left
361,3226,3066,1236,718,624,Inferior olivary complex,left
361,3156,3102,1236,702,631,Medulla,left
362,3182,2994,1234,708,608,Inferior olivary complex,left
362,3197,3639,1239,717,748,Medulla,left
362,3210,2844,1233,716,574,Nucleus raphe pallidus,left
362,3222,3388,1240,720,691,"Lateral reticular nucleus, magnocellular part",left
362,2999,2655,1226,674,527,Gigantocellular reticular nucleus,right
362,3311,3114,1234,738,635,Medulla,left
362,3244,3087,1235,723,628,Inferior olivary complex,left
364,3237,3094,1235,720,630,Inferior olivary complex,left
364,3217,3541,1239,721,725,rubrospinal tract,left
364,3274,3135,1235,730,639,Inferior olivary complex,left
371,789,3035,1252,154,609,Declive (VI),left
371,3082,3530,1234,687,716,"Lateral reticular nucleus, magnocellular part",left
371,2226,2312,1229,497,459,Spinal vestibular nucleus,right
371,3059,3550,1234,682,720,Intermediate reticular nucleus,left
371,3229,3058,1230,719,623,Inferior olivary complex,left
371,2381,3499,1234,532,703,"Spinal nucleus of the trigeminal, interpolar part",left
371,2866,1709,1233,639,334,"Spinal nucleus of the trigeminal, interpolar part",right
371,2580,3505,1229,576,706,Parvicellular reticular nucleus,left
365,2887,3385,1227,646,688,Intermediate reticular nucleus,left
365,3181,3140,1236,708,639,Medulla,left
365,3254,3446,1238,730,705,"Lateral reticular nucleus, magnocellular part",left
365,2931,2865,1218,653,575,crossed tectospinal pathway,left
365,3094,3531,1238,691,717,"Lateral reticular nucleus, magnocellular part",left
365,2328,3395,1235,519,681,Medulla,left
367,3123,3043,1230,695,619,Medulla,left
367,2816,3509,1226,628,710,Parvicellular reticular nucleus,left
367,3247,3180,1235,723,648,Medulla,left
367,2236,2385,1231,500,474,Medulla,right
367,3081,3598,1236,687,731,"Lateral reticular nucleus, magnocellular part",left
367,3144,3591,1237,703,732,"Lateral reticular nucleus, magnocellular part",left
366,3263,3122,1234,727,636,Inferior olivary complex,left
366,3274,3407,1237,735,696,Medulla,left
366,3059,3544,1236,682,719,Intermediate reticular nucleus,left
366,3131,2396,1231,702,477,"Lateral reticular nucleus, magnocellular part",right
366,3206,3155,1235,714,643,Medulla,left
366,3232,3067,1233,719,624,Inferior olivary complex,left
366,3249,3480,1238,730,713,Medulla,left
370,3257,3081,1231,725,627,Inferior olivary complex,left
370,2239,2351,1230,501,467,Spinal vestibular nucleus,right
370,2251,3346,1233,499,670,Medulla,left
370,2453,3869,1241,538,777,"Spinal nucleus of the trigeminal, interpolar part",left
370,3107,3485,1236,693,707,"Lateral reticular nucleus, magnocellular part",left
370,3109,3035,1228,692,617,Medulla,left
370,2212,2471,1231,493,491,Parasolitary nucleus,right
370,2256,3409,1234,499,684,Cuneate nucleus,left
370,2946,2854,1216,657,573,Nucleus raphe obscurus,left
370,3121,2455,1230,699,490,Medulla,right
368,2446,3538,1235,547,712,"Spinal nucleus of the trigeminal, interpolar part",left
368,3157,3064,1232,702,623,Medulla,left
369,2536,2177,1227,569,431,"Spinal nucleus of the trigeminal, interpolar part",right
369,3203,3599,1237,719,738,rubrospinal tract,left
369,2823,3455,1225,632,701,Parvicellular reticular nucleus,left
369,3088,3414,1236,690,693,"Lateral reticular nucleus, magnocellular part",left
369,2519,3499,1232,563,704,"Spinal nucleus of the trigeminal, interpolar part",left
369,2670,1929,1227,591,387,"Spinal nucleus of the trigeminal, interpolar part",right
369,3024,2663,1225,679,530,Medulla,right
369,3057,3607,1235,681,732,"Lateral reticular nucleus, magnocellular part",left
369,3174,3527,1238,710,719,"Lateral reticular nucleus, magnocellular part",left
369,2203,2371,1231,492,471,Spinal vestibular nucleus,right
369,2254,3358,1234,500,674,Cuneate nucleus,left
369,2270,2120,1230,506,420,Medulla,right
373,2296,2352,1229,515,467,Nucleus of the solitary tract,right
373,2747,2355,1219,622,463,Intermediate reticular nucleus,right
373,3152,3082,1230,701,626,Medulla,left
373,3227,3097,1231,718,630,Inferior olivary complex,left
372,2924,3960,1234,648,802,"Spinal nucleus of the trigeminal, interpolar part",left
372,3152,3472,1236,704,705,"Lateral reticular nucleus, magnocellular part",left
372,3176,3586,1235,711,732,"Lateral reticular nucleus, magnocellular part",left
372,823,3033,1252,164,609,Declive (VI),left
372,2789,3486,1224,623,706,Parvicellular reticular nucleus,left
372,2812,3507,1225,628,709,Parvicellular reticular nucleus,left
372,3079,3221,1230,686,655,"Lateral reticular nucleus, magnocellular part",left
374,2276,3373,1232,505,677,Medulla,left
374,3088,3451,1233,690,700,Intermediate reticular nucleus,left
374,3221,2854,1226,716,576,Nucleus raphe pallidus,left
374,2325,3496,1233,517,702,Medulla,left
374,3172,2846,1227,705,574,Inferior olivary complex,left
376,2499,3743,1235,551,750,"Spinal nucleus of the trigeminal, interpolar part",left
376,2780,3144,1215,621,639,Intermediate reticular nucleus,left
376,3187,3411,1234,711,693,"Lateral reticular nucleus, magnocellular part",left
375,2235,3383,1232,495,679,Cuneate nucleus,left
375,2258,2337,1228,506,464,Medulla,right
377,3138,3413,1234,701,693,"Lateral reticular nucleus, magnocellular part",left
377,2236,3431,1232,494,689,Cuneate nucleus,left
377,2297,2266,1228,514,450,Medulla,right
377,2798,3719,1228,621,748,"Spinal nucleus of the trigeminal, interpolar part",left
377,3046,2201,1223,686,437,"Paragigantocellular reticular nucleus, lateral part",right
377,3051,2339,1225,686,465,"Lateral reticular nucleus, magnocellular part",right
377,3125,3704,1233,699,757,Medulla,left
377,3155,2364,1227,707,472,"Lateral reticular nucleus, magnocellular part",right
377,3171,3054,1228,705,621,Medulla,left
377,3186,3515,1234,712,716,"Lateral reticular nucleus, magnocellular part",left
377,3233,3059,1228,720,623,Inferior olivary complex,left
377,3284,3118,1228,732,636,Inferior olivary complex,left
377,3291,3080,1227,733,627,pyramid,left
377,3021,2843,1218,674,571,Medulla,left
377,3181,2211,1224,715,439,"Lateral reticular nucleus, magnocellular part",right
377,3208,3042,1228,714,618,Inferior olivary complex,left
378,3240,3385,1233,725,690,"Lateral reticular nucleus, magnocellular part",left
378,3094,3547,1232,690,719,"Lateral reticular nucleus, magnocellular part",left
378,3145,3066,1226,699,623,Medulla,left
378,3151,3072,1227,700,624,Medulla,left
378,3155,3061,1227,701,622,Medulla,left
378,3175,3493,1233,710,711,"Lateral reticular nucleus, magnocellular part",left
378,3186,2301,1225,715,459,"Lateral reticular nucleus, magnocellular part",right
378,3201,3396,1234,715,690,"Lateral reticular nucleus, magnocellular part",left
378,3230,3048,1227,718,620,Inferior olivary complex,left
378,3250,3083,1228,723,628,Inferior olivary complex,left
378,804,3032,1250,159,608,Declive (VI),left
378,3171,3550,1233,709,723,"Lateral reticular nucleus, magnocellular part",left
378,3227,3597,1232,724,738,ventral spinocerebellar tract,left
378,3276,3345,1232,733,682,Medulla,left
378,788,2902,1250,158,581,Declive (VI),left
378,861,3028,1250,174,609,Declive (VI),left
383,822,3031,1247,163,608,Declive (VI),left
383,2991,2855,1212,667,573,Medulla,left
383,3089,3301,1228,689,670,"Lateral reticular nucleus, magnocellular part",left
383,807,3033,1247,158,609,Declive (VI),left
383,1136,3340,1248,242,676,Declive (VI),left
383,3261,3254,1229,727,663,Medulla,left
379,3201,3261,1232,713,663,Medulla,left
379,2991,3559,1228,666,720,Intermediate reticular nucleus,left
379,846,3028,1249,170,608,Declive (VI),left
379,2234,3334,1230,495,669,Spinal vestibular nucleus,left
380,3242,3088,1227,721,629,Inferior olivary complex,left
380,3009,3286,1225,672,668,"Lateral reticular nucleus, magnocellular part",left
380,3082,3257,1228,686,662,"Lateral reticular nucleus, magnocellular part",left
380,2276,2300,1226,510,457,Medulla,right
380,3127,3294,1231,697,669,"Lateral reticular nucleus, magnocellular part",left
380,3138,3075,1226,698,625,Medulla,left
380,3163,3307,1232,706,671,"Lateral reticular nucleus, magnocellular part",left
380,3180,3210,1230,708,653,Medulla,left
380,3144,3038,1225,699,618,Medulla,left
385,840,3031,1248,168,608,Declive (VI),left
385,3216,2848,1221,714,576,Nucleus raphe pallidus,left
385,2240,3204,1228,498,643,Medulla,left
385,2300,3546,1230,509,713,Medulla,left
385,2309,3387,1228,514,679,Parasolitary nucleus,left
385,2351,3455,1228,524,693,Medulla,left
385,2762,1918,1221,611,387,"Spinal nucleus of the trigeminal, interpolar part",right
385,2841,3560,1222,633,719,Parvicellular reticular nucleus,left
385,3171,3065,1224,704,623,Medulla,left
385,3182,3285,1230,709,668,"Lateral reticular nucleus, magnocellular part",left
385,3020,3532,1227,674,715,Intermediate reticular nucleus,left
385,3095,3552,1230,690,720,"Lateral reticular nucleus, magnocellular part",left
385,3132,3357,1230,698,681,"Lateral reticular nucleus, magnocellular part",left
385,3168,3695,1229,711,757,dorsal spinocerebellar tract,left
385,3230,2239,1219,725,445,Medulla,right
385,3315,3190,1225,740,651,Medulla,left
382,3281,3088,1225,730,629,Medulla,left
382,3159,3209,1229,703,653,Medulla,left
382,820,3266,1248,157,656,Declive (VI),left
382,3175,3103,1227,706,632,Medulla,left
382,779,2903,1248,155,582,Declive (VI),left
382,797,2902,1249,159,581,Declive (VI),left
382,852,3030,1248,171,608,Declive (VI),left
382,1014,3875,1260,214,793,Crus 2,left
382,2353,2097,1224,525,415,"Spinal nucleus of the trigeminal, interpolar part",right
382,2795,3487,1221,625,705,Parvicellular reticular nucleus,left
382,3075,2376,1223,690,473,"Lateral reticular nucleus, magnocellular part",right
382,3145,2954,1222,699,599,Inferior olivary complex,left
382,2766,1919,1221,612,387,"Spinal nucleus of the trigeminal, interpolar part",right
382,3246,3230,1230,723,658,Medulla,left
381,765,2901,1249,151,581,Declive (VI),left
381,2554,3633,1231,568,729,"Spinal nucleus of the trigeminal, interpolar part",left
381,3104,3407,1231,693,690,"Lateral reticular nucleus, magnocellular part",left
381,3190,3449,1233,713,702,"Lateral reticular nucleus, magnocellular part",left
381,3152,3651,1231,705,745,Medulla,left
381,3173,3251,1231,707,661,Medulla,left
381,3255,3099,1227,724,631,Inferior olivary complex,left
381,2212,3410,1230,488,685,Spinal vestibular nucleus,left
381,3218,3498,1232,721,714,"Lateral reticular nucleus, magnocellular part",left
381,2461,1942,1225,546,384,"Spinal nucleus of the trigeminal, interpolar part",right
381,3011,3526,1228,671,714,Intermediate reticular nucleus,left
386,864,3030,1247,175,609,Declive (VI),left
386,2398,2306,1222,540,458,Nucleus of the solitary tract,right
386,2619,3602,1226,583,723,"Spinal nucleus of the trigeminal, interpolar part",left
386,2637,3664,1226,585,735,"Spinal nucleus of the trigeminal, interpolar part",left
386,2937,3283,1219,657,668,Intermediate reticular nucleus,left
386,3254,3081,1223,724,627,Inferior olivary complex,left
386,2513,2095,1221,562,417,"Spinal nucleus of the trigeminal, interpolar part",right
386,3059,3712,1227,682,753,Parvicellular reticular nucleus,left
386,3064,3403,1227,684,690,"Lateral reticular nucleus, magnocellular part",left
384,2255,2335,1224,504,465,Spinal vestibular nucleus,right
384,3086,2852,1218,687,573,Inferior olivary complex,left
384,3164,3637,1230,708,742,rubrospinal tract,left
387,2300,3394,1227,511,681,Medulla,left
387,2926,3502,1222,654,708,Intermediate reticular nucleus,left
387,2257,3350,1227,500,672,Spinal vestibular nucleus,left
387,3133,2851,1219,696,574,Inferior olivary complex,left
387,3137,3355,1228,699,681,"Lateral reticular nucleus, magnocellular part",left
387,803,3032,1246,158,608,Declive (VI),left
387,3170,3496,1229,708,710,"Lateral reticular nucleus, magnocellular part",left
387,3223,3464,1229,722,706,"Lateral reticular nucleus, magnocellular part",left
387,3265,3083,1222,726,628,Inferior olivary complex,left
387,3038,2888,1214,676,582,Inferior olivary complex,left
389,2490,3834,1232,546,768,"Spinal nucleus of the trigeminal, interpolar part",left
389,2414,3585,1230,538,720,"Spinal nucleus of the trigeminal, interpolar part",left
389,3038,3538,1226,678,717,Intermediate reticular nucleus,left
389,3156,3427,1229,704,695,"Lateral reticular nucleus, magnocellular part",left
389,3160,3396,1229,705,689,"Lateral reticular nucleus, magnocellular part",left
389,793,3036,1245,156,609,Declive (VI),left
389,808,2903,1247,163,583,Declive (VI),left
390,3149,3058,1221,699,622,Medulla,left
390,3061,3281,1223,682,666,"Lateral reticular nucleus, magnocellular part",left
390,803,3266,1245,152,655,Declive (VI),left
390,1027,3802,1257,215,776,Crus 2,left
388,3015,3323,1223,674,675,"Lateral reticular nucleus, magnocellular part",left
388,3160,3348,1229,705,680,"Lateral reticular nucleus, magnocellular part",left
388,789,2902,1246,158,581,Declive (VI),left
388,996,3757,1258,207,766,Crus 1,left
388,2612,2090,1218,583,418,"Spinal nucleus of the trigeminal, interpolar part",right
391,2724,3711,1223,605,745,"Spinal nucleus of the trigeminal, interpolar part",left
391,2916,3584,1221,650,724,Parvicellular reticular nucleus,left
391,3303,3300,1223,739,673,Medulla,left
391,2554,2010,1219,568,402,"Spinal nucleus of the trigeminal, interpolar part",right
391,3064,3390,1225,684,687,"Lateral reticular nucleus, magnocellular part",left
392,3025,2266,1217,681,450,"Paragigantocellular reticular nucleus, lateral part",right
392,3104,3311,1225,692,672,"Lateral reticular nucleus, magnocellular part",left
392,2420,3665,1229,536,735,"Spinal nucleus of the trigeminal, interpolar part",left
392,2213,3389,1226,490,681,Spinal vestibular nucleus,left
392,2596,2154,1216,581,430,Parvicellular reticular nucleus,right
392,2711,1967,1217,601,396,"Spinal nucleus of the trigeminal, interpolar part",right
394,3187,2840,1217,706,573,Nucleus raphe pallidus,left
394,3237,2838,1216,717,574,Nucleus raphe pallidus,left
394,2195,3314,1225,486,666,Spinal vestibular nucleus,left
394,3139,3378,1226,700,685,"Lateral reticular nucleus, magnocellular part",left
394,3183,2287,1217,713,458,"Lateral reticular nucleus, magnocellular part",right
394,3253,3113,1221,724,634,Inferior olivary complex,left
394,2576,2066,1217,574,413,"Spinal nucleus of the trigeminal, interpolar part",right
394,2982,2745,1209,666,548,crossed tectospinal pathway,right
394,3007,2841,1209,669,570,Medulla,right
394,3069,3055,1215,681,620,Gigantocellular reticular nucleus,left
394,3161,3574,1226,706,728,"Lateral reticular nucleus, magnocellular part",left
394,3226,3108,1221,717,633,Medulla,left
393,2121,3333,1227,471,673,Spinal vestibular nucleus,left
393,3311,3415,1223,743,699,Medulla,left
393,2876,1981,1215,639,397,Parvicellular reticular nucleus,right
393,3037,3405,1224,678,690,Intermediate reticular nucleus,left
393,3251,3119,1222,723,635,Inferior olivary complex,left
393,3253,3042,1219,723,618,Medulla,left
393,3255,3128,1222,724,637,Inferior olivary complex,left
393,2873,2837,1203,640,568,Nucleus raphe obscurus,right
393,3092,2211,1217,694,441,"Lateral reticular nucleus, magnocellular part",right
393,3151,2419,1220,704,486,Medulla,right
393,3188,3062,1221,708,622,Medulla,left
393,3193,3373,1227,713,685,"Lateral reticular nucleus, magnocellular part",left
393,3197,3069,1221,709,624,Medulla,left
393,3212,3090,1222,713,629,Medulla,left
393,3218,3103,1222,716,632,Medulla,left
396,3161,3329,1225,704,676,"Lateral reticular nucleus, magnocellular part",left
396,2948,3366,1218,661,683,Intermediate reticular nucleus,left
396,3239,3099,1220,720,631,Medulla,left
396,3267,3066,1218,725,624,Inferior olivary complex,left
396,3180,3446,1226,710,699,"Lateral reticular nucleus, magnocellular part",left
396,3201,3060,1219,710,622,Medulla,left
396,3244,3115,1220,721,634,Medulla,left
396,3220,3490,1225,720,711,Medulla,left
396,2253,3192,1223,500,640,Nucleus of the solitary tract,left
396,2802,4040,1232,621,819,"Spinal nucleus of the trigeminal, interpolar part",left
396,2842,3534,1218,635,714,Parvicellular reticular nucleus,left
396,3152,3387,1225,702,686,"Lateral reticular nucleus, magnocellular part",left
396,3173,2331,1217,710,468,"Lateral reticular nucleus, magnocellular part",right
395,2945,2839,1204,656,569,Nucleus raphe obscurus,right
395,3136,3423,1225,699,694,"Lateral reticular nucleus, magnocellular part",left
395,3212,3109,1220,713,633,Medulla,left
395,3196,3092,1220,709,628,Medulla,left
395,3206,3073,1219,711,625,Medulla,left
395,3278,3084,1218,729,628,Medulla,left
395,1025,3882,1254,214,794,Crus 2,left
395,2821,3860,1223,624,776,"Spinal nucleus of the trigeminal, interpolar part",left
395,3023,2982,1210,671,603,Gigantocellular reticular nucleus,left
395,2996,2849,1207,667,572,Medulla,left
401,3127,2847,1212,693,573,Inferior olivary complex,left
401,3046,3478,1221,679,704,"Paragigantocellular reticular nucleus, lateral part",left
401,3100,3337,1222,691,676,"Lateral reticular nucleus, magnocellular part",left
401,2881,2847,1200,641,570,Nucleus raphe obscurus,right
401,2928,3578,1219,653,723,Parvicellular reticular nucleus,left
401,3058,3082,1212,679,626,Gigantocellular reticular nucleus,left
401,2237,3102,1221,497,624,Nucleus of the solitary tract,left
401,2249,3412,1222,498,685,Spinal vestibular nucleus,left
401,3081,3138,1216,684,638,Gigantocellular reticular nucleus,left
401,3217,3070,1217,713,624,Inferior olivary complex,left
401,3145,2201,1213,705,439,"Paragigantocellular reticular nucleus, lateral part",right
401,3199,3375,1224,714,685,"Lateral reticular nucleus, magnocellular part",left
397,793,3267,1242,149,655,Declive (VI),left
397,2216,3366,1224,490,676,Spinal vestibular nucleus,left
397,2255,3229,1223,500,647,Medial vestibular nucleus,left
397,3131,3456,1225,698,700,"Lateral reticular nucleus, magnocellular part",left
397,3133,3534,1225,699,717,"Lateral reticular nucleus, magnocellular part",left
397,3185,3507,1225,711,713,"Lateral reticular nucleus, magnocellular part",left
397,2733,3779,1222,606,758,"Spinal nucleus of the trigeminal, interpolar part",left
397,2835,3115,1207,633,633,Gigantocellular reticular nucleus,left
397,3160,3023,1217,701,614,Inferior olivary complex,left
397,3234,3095,1219,719,630,Medulla,left
397,2946,2848,1204,656,572,Nucleus raphe obscurus,left
400,3023,2855,1207,673,574,Inferior olivary complex,left
400,3172,3314,1223,706,673,"Lateral reticular nucleus, magnocellular part",left
400,3033,3413,1220,678,692,"Paragigantocellular reticular nucleus, lateral part",left
400,3110,3287,1221,693,667,"Lateral reticular nucleus, magnocellular part",left
400,3257,3039,1215,723,618,Medulla,left
400,2240,3350,1222,496,672,Spinal vestibular nucleus,left
400,3309,3353,1220,741,685,Medulla,left
400,836,3263,1241,160,656,Declive (VI),left
398,3086,3411,1223,688,691,"Lateral reticular nucleus, magnocellular part",left
398,3095,3431,1223,690,695,"Lateral reticular nucleus, magnocellular part",left
398,836,2907,1243,170,583,Declive (VI),left
398,2461,3589,1225,548,721,"Spinal nucleus of the trigeminal, interpolar part",left
398,3078,3445,1223,687,698,"Paragigantocellular reticular nucleus, lateral part",left
398,2852,3556,1217,636,718,Parvicellular reticular nucleus,left
399,3284,3220,1219,732,656,Inferior olivary complex,left
399,1035,3905,1251,217,799,Crus 2,left
403,3019,3496,1219,674,707,Medulla,left
403,3224,3101,1216,716,631,Inferior olivary complex,left
403,2444,2166,1215,548,431,"Spinal nucleus of the trigeminal, interpolar part",right
403,2731,2643,1203,612,523,Gigantocellular reticular nucleus,right
403,3124,3310,1220,696,671,"Lateral reticular nucleus, magnocellular part",left
403,2498,2160,1214,560,430,"Spinal nucleus of the trigeminal, interpolar part",right
403,3075,3421,1220,686,692,"Lateral reticular nucleus, magnocellular part",left
403,3142,3376,1221,700,684,"Lateral reticular nucleus, magnocellular part",left
403,3259,3124,1216,725,636,Inferior olivary complex,left
403,3233,3123,1216,719,636,Inferior olivary complex,left
402,1007,3542,1248,208,719,Crus 1,left
402,3158,3159,1219,702,643,Medulla,left
402,3180,3497,1223,710,710,"Lateral reticular nucleus, magnocellular part",left
402,3263,3067,1215,725,624,Inferior olivary complex,left
402,2378,3395,1220,532,680,Nucleus of the solitary tract,left
402,3035,3372,1219,678,683,"Lateral reticular nucleus, magnocellular part",left
404,3113,3367,1221,694,682,"Lateral reticular nucleus, magnocellular part",left
404,2887,3606,1216,643,727,Parvicellular reticular nucleus,left
404,2959,3062,1205,658,621,Gigantocellular reticular nucleus,left
404,3234,3087,1215,718,628,Inferior olivary complex,left
406,2380,3388,1218,532,679,Nucleus of the solitary tract,left
406,3197,2823,1211,707,571,Nucleus raphe pallidus,left
406,3210,3069,1214,712,624,Inferior olivary complex,left
406,3281,3186,1216,730,649,Medulla,left
405,3068,3499,1220,684,708,"Paragigantocellular reticular nucleus, lateral part",left
405,2497,1971,1215,553,394,"Spinal nucleus of the trigeminal, interpolar part",right
405,2621,3599,1219,583,723,"Spinal nucleus of the trigeminal, interpolar part",left
405,3103,2314,1213,695,464,"Lateral reticular nucleus, magnocellular part",right
405,2994,3041,1206,665,617,Gigantocellular reticular nucleus,left
405,3301,3289,1218,737,671,Inferior olivary complex,left
407,3149,2841,1209,697,573,Inferior olivary complex,left
407,3161,3521,1220,705,714,"Paragigantocellular reticular nucleus, lateral part",left
407,3007,3238,1212,670,658,"Lateral reticular nucleus, magnocellular part",left
407,3062,3348,1217,683,679,"Lateral reticular nucleus, magnocellular part",left
412,3186,3451,1218,710,700,"Lateral reticular nucleus, magnocellular part",left
412,3163,3340,1218,705,677,"Lateral reticular nucleus, magnocellular part",left
412,3173,3041,1210,703,618,Inferior olivary complex,left
412,3175,3089,1211,704,628,Inferior olivary complex,left
412,995,3893,1247,205,797,Crus 1,left
412,3102,3178,1212,688,646,"Lateral reticular nucleus, magnocellular part",left
412,3130,3397,1218,697,687,"Lateral reticular nucleus, magnocellular part",left
412,3247,2843,1206,718,576,Nucleus raphe pallidus,left
412,2858,3457,1211,641,699,Intermediate reticular nucleus,left
412,2916,3243,1207,652,659,Intermediate reticular nucleus,left
412,3027,3063,1204,671,622,Gigantocellular reticular nucleus,left
412,3178,3098,1212,705,630,Medulla,left
412,3203,3037,1210,710,617,Inferior olivary complex,left
412,3207,3080,1211,710,626,Inferior olivary complex,left
412,3222,3079,1211,714,626,Inferior olivary complex,left
409,3085,3339,1218,688,677,"Lateral reticular nucleus, magnocellular part",left
409,3169,3298,1219,706,670,"Lateral reticular nucleus, magnocellular part",left
409,2440,2184,1213,547,435,"Spinal nucleus of the trigeminal, interpolar part",right
409,2597,2215,1209,583,442,Parvicellular reticular nucleus,right
409,3132,3447,1220,698,698,"Lateral reticular nucleus, magnocellular part",left
409,3135,3358,1219,698,681,"Lateral reticular nucleus, magnocellular part",left
409,2890,3035,1200,643,615,Gigantocellular reticular nucleus,left
409,2928,2870,1198,652,576,crossed tectospinal pathway,left
409,3074,3193,1214,683,649,"Lateral reticular nucleus, magnocellular part",left
409,3096,3416,1219,690,691,"Lateral reticular nucleus, magnocellular part",left
409,3096,2894,1207,686,584,Inferior olivary complex,left
409,3132,3409,1220,698,691,"Lateral reticular nucleus, magnocellular part",left
409,3148,2940,1209,697,595,Inferior olivary complex,left
409,3157,3281,1219,702,666,"Lateral reticular nucleus, magnocellular part",left
409,3181,2974,1210,704,604,Inferior olivary complex,left
409,3187,3002,1211,705,609,Medulla,left
409,3201,3414,1220,714,693,"Lateral reticular nucleus, magnocellular part",left
409,3220,3093,1214,714,630,Inferior olivary complex,left
409,3257,3041,1211,722,618,Inferior olivary complex,left
409,3116,3724,1218,697,758,Medulla,left
409,3132,3546,1220,698,719,"Paragigantocellular reticular nucleus, lateral part",left
409,3160,3501,1220,705,710,"Paragigantocellular reticular nucleus, lateral part",left
409,3180,2353,1212,710,474,Medulla,right
409,3210,2824,1209,710,571,Nucleus raphe pallidus,left
409,3268,3074,1212,726,626,Inferior olivary complex,left
410,3315,3396,1214,743,693,Medulla,left
410,2269,3223,1217,503,647,Nucleus of the solitary tract,left
410,2486,3607,1220,553,723,"Spinal nucleus of the trigeminal, interpolar part",left
410,3163,2959,1209,700,600,Inferior olivary complex,left
410,3175,3060,1211,703,622,Inferior olivary complex,left
410,3193,2233,1208,715,448,"Paragigantocellular reticular nucleus, lateral part",right
410,3224,3107,1213,716,632,Inferior olivary complex,left
410,3238,3134,1214,720,638,Inferior olivary complex,left
410,3039,3173,1211,676,645,"Lateral reticular nucleus, magnocellular part",left
410,3174,3071,1212,703,624,Inferior olivary complex,left
410,3267,3047,1210,724,619,Medulla,left
410,3207,3004,1210,710,610,Inferior olivary complex,left
408,2966,3405,1214,664,690,Medulla,left
408,2382,3381,1217,531,677,Nucleus of the solitary tract,left
408,1083,3834,1247,228,784,Crus 2,left
411,3189,3058,1211,707,622,Inferior olivary complex,left
411,3197,3078,1211,708,626,Inferior olivary complex,left
411,3201,3092,1212,709,628,Inferior olivary complex,left
411,3237,3114,1212,718,634,Inferior olivary complex,left
411,2948,3265,1209,659,663,"Lateral reticular nucleus, magnocellular part",left
411,3020,3551,1216,673,718,"Paragigantocellular reticular nucleus, lateral part",left
411,3117,3363,1217,694,682,"Lateral reticular nucleus, magnocellular part",left
411,3126,3211,1214,694,652,"Lateral reticular nucleus, magnocellular part",left
411,3320,3155,1210,739,643,Inferior olivary complex,left
411,3146,2958,1207,696,600,Medulla,left
411,3198,3101,1212,710,630,Inferior olivary complex,left
413,2559,3676,1219,568,736,"Spinal nucleus of the trigeminal, interpolar part",left
413,3009,3459,1215,672,700,"Nucleus ambiguus, ventral division",left
413,2295,3416,1217,509,685,Spinal vestibular nucleus,left
413,3207,3067,1211,710,623,Inferior olivary complex,left
413,3256,3021,1208,722,614,Medulla,left
413,712,2932,1234,134,587,Declive (VI),left
413,3137,3430,1218,699,695,"Lateral reticular nucleus, magnocellular part",left
413,3183,2977,1208,704,604,Inferior olivary complex,left
413,3240,3019,1209,718,614,Inferior olivary complex,left
413,3249,3016,1208,720,613,Inferior olivary complex,left
413,960,3891,1247,196,796,Crus 1,left
413,2835,2847,1194,631,570,Nucleus raphe obscurus,right
414,3045,3501,1215,679,708,"Paragigantocellular reticular nucleus, lateral part",left
414,2804,3738,1214,623,752,"Spinal nucleus of the trigeminal, interpolar part",left
414,2877,3318,1207,645,674,Intermediate reticular nucleus,left
414,3067,3399,1215,684,688,"Lateral reticular nucleus, magnocellular part",left
414,3251,3003,1207,720,611,Inferior olivary complex,left
414,747,2934,1235,144,588,Declive (VI),left
414,2262,2679,1214,505,530,Nucleus of the solitary tract,right
414,3079,3188,1211,684,648,"Lateral reticular nucleus, magnocellular part",left
414,3128,3701,1216,700,753,"Lateral reticular nucleus, parvicellular part",left
414,3203,2984,1208,709,606,Inferior olivary complex,left
414,742,2934,1235,142,588,Declive (VI),left
414,960,3890,1246,196,796,Crus 1,left
417,2642,3735,1216,585,748,"Spinal nucleus of the trigeminal, interpolar part",left
417,3033,3290,1211,677,667,"Lateral reticular nucleus, magnocellular part",left
417,1525,3308,1225,338,665,arbor vitae,left
417,2924,3324,1208,655,675,Intermediate reticular nucleus,left
417,2989,2850,1197,665,572,Nucleus raphe obscurus,left
417,3149,3032,1207,697,615,Inferior olivary complex,left
417,3035,3328,1212,677,675,"Lateral reticular nucleus, magnocellular part",left
417,3184,3430,1216,710,695,"Lateral reticular nucleus, magnocellular part",left
417,2452,3696,1219,541,739,"Spinal nucleus of the trigeminal, interpolar part",left
417,3176,2976,1206,702,604,Medulla,left
417,1496,3294,1225,331,662,arbor vitae,left
417,3164,3726,1214,710,760,dorsal spinocerebellar tract,left
417,3183,2956,1206,704,599,Inferior olivary complex,left
417,3218,2825,1205,712,571,Nucleus raphe pallidus,left
415,3007,2849,1198,668,573,Medulla,left
415,3038,2843,1200,675,572,Inferior olivary complex,left
415,804,2931,1235,161,588,Declive (VI),left
415,2825,2635,1196,635,522,Gigantocellular reticular nucleus,right
415,3239,2993,1206,717,609,Inferior olivary complex,left
416,3219,3224,1214,716,655,Medulla,left
416,2960,3364,1210,663,682,Intermediate reticular nucleus,left
416,3168,3027,1207,701,614,Inferior olivary complex,left
416,954,3892,1245,194,796,Crus 1,left
416,2268,3025,1213,505,609,Nucleus of the solitary tract,left
416,3006,2230,1206,675,445,"Paragigantocellular reticular nucleus, lateral part",right
416,3256,3014,1206,721,613,Inferior olivary complex,left
418,3146,3407,1215,700,689,"Lateral reticular nucleus, magnocellular part",left
418,2870,3720,1212,638,749,Parvicellular reticular nucleus,left
418,3106,3404,1214,692,689,"Lateral reticular nucleus, magnocellular part",left
418,3146,2950,1204,695,598,Medulla,left
418,3224,2833,1204,713,574,Nucleus raphe pallidus,left
418,2232,3072,1213,495,618,Medial vestibular nucleus,left
418,2244,2242,1209,502,445,Spinal vestibular nucleus,right
418,3033,3077,1203,673,624,Gigantocellular reticular nucleus,left
418,3125,3386,1215,696,685,"Lateral reticular nucleus, magnocellular part",left
418,974,3883,1244,199,795,Crus 1,left
419,2369,3371,1213,529,675,Nucleus of the solitary tract,left
419,3117,3251,1211,692,659,"Lateral reticular nucleus, magnocellular part",left
419,2548,3612,1215,567,724,"Spinal nucleus of the trigeminal, interpolar part",left
419,2951,2847,1194,657,571,Nucleus raphe obscurus,left
419,3051,3396,1212,680,687,"Lateral reticular nucleus, magnocellular part",left
419,3161,3059,1206,699,622,Inferior olivary complex,left
419,3177,3231,1212,705,656,Medulla,left
419,3197,3099,1208,708,630,Inferior olivary complex,left
419,2469,3777,1217,543,754,"Spinal nucleus of the trigeminal, interpolar part",left
419,3029,2858,1198,672,575,Inferior olivary complex,left
419,3096,3391,1213,690,686,"Lateral reticular nucleus, magnocellular part",left
419,3182,3062,1206,704,622,Inferior olivary complex,left
419,1635,3144,1221,360,628,Uvula (IX),left
419,3151,2932,1203,696,593,Inferior olivary complex,left
419,3182,2940,1204,703,596,Inferior olivary complex,left
419,3162,2958,1204,698,600,Medulla,left
423,3114,2838,1200,689,573,Inferior olivary complex,left
423,3028,3270,1207,675,663,"Lateral reticular nucleus, magnocellular part",left
423,3181,3030,1203,703,616,Inferior olivary complex,left
423,2618,3164,1203,584,639,Intermediate reticular nucleus,left
420,3127,3297,1213,695,668,"Lateral reticular nucleus, magnocellular part",left
420,3190,2834,1204,705,573,Nucleus raphe pallidus,left
420,2426,3418,1213,542,685,Nucleus of the solitary tract,left
420,3125,3193,1210,694,649,Medulla,left
420,3139,2827,1203,695,570,Nucleus raphe pallidus,right
420,3160,3212,1211,702,652,Medulla,left
420,2701,1955,1207,598,396,"Spinal nucleus of the trigeminal, interpolar part",right
420,2931,3231,1204,655,656,Intermediate reticular nucleus,left
420,2937,3236,1204,656,657,"Lateral reticular nucleus, magnocellular part",left
420,2976,2212,1203,668,441,"Nucleus ambiguus, ventral division",right
420,3117,3725,1213,697,757,"Lateral reticular nucleus, parvicellular part",left
420,3147,3578,1214,701,727,rubrospinal tract,left
420,3151,3022,1205,696,613,Inferior olivary complex,left
421,974,3879,1243,199,794,Crus 1,left
421,2669,3668,1213,594,736,"Spinal nucleus of the trigeminal, interpolar part",left
421,2953,3099,1199,657,629,Gigantocellular reticular nucleus,left
421,3138,3323,1213,699,674,"Lateral reticular nucleus, magnocellular part",left
421,3152,3430,1214,702,695,"Lateral reticular nucleus, magnocellular part",left
421,3160,2829,1204,699,571,Nucleus raphe pallidus,left
421,3202,3062,1206,708,622,Inferior olivary complex,left
421,3148,3577,1214,703,726,rubrospinal tract,left
422,3044,3251,1208,678,660,"Lateral reticular nucleus, magnocellular part",left
422,3312,3227,1207,737,657,Medulla,left
422,2311,3030,1211,514,610,Dorsal motor nucleus of the vagus nerve,left
422,2986,3286,1207,666,667,"Lateral reticular nucleus, magnocellular part",left
422,3167,3237,1211,703,657,Medulla,left
422,982,3875,1242,200,793,Crus 1,left
422,2100,3383,1214,465,686,Spinal vestibular nucleus,left
422,2975,3013,1196,660,611,Magnocellular reticular nucleus,left
425,3168,3286,1211,705,666,"Lateral reticular nucleus, magnocellular part",left
425,973,3871,1241,198,792,Crus 1,left
425,2101,3381,1213,465,685,Spinal vestibular nucleus,left
425,2303,3046,1210,513,613,Dorsal motor nucleus of the vagus nerve,left
425,2806,2859,1189,625,574,Gigantocellular reticular nucleus,left
425,2975,2850,1193,662,572,Nucleus raphe obscurus,left
425,2974,3010,1195,660,609,Magnocellular reticular nucleus,left
425,3158,2332,1204,704,470,Medulla,right
425,3164,3674,1211,709,748,"Lateral reticular nucleus, parvicellular part",left
425,3166,2927,1201,699,593,Inferior olivary complex,left
425,3191,3310,1211,709,671,"Lateral reticular nucleus, magnocellular part",left
425,3335,3177,1203,743,647,Inferior olivary complex,left
425,3114,3561,1212,694,721,"Paragigantocellular reticular nucleus, lateral part",left
425,3231,3006,1202,715,611,Inferior olivary complex,left
425,3262,2989,1201,722,608,Medulla,left
424,2295,3010,1210,511,606,Dorsal motor nucleus of the vagus nerve,left
426,2569,3641,1212,571,729,"Spinal nucleus of the trigeminal, interpolar part",left
426,3017,3292,1206,672,667,"Lateral reticular nucleus, magnocellular part",left
426,2648,3978,1218,585,805,"Spinal nucleus of the trigeminal, interpolar part",left
426,3024,3335,1208,675,676,"Lateral reticular nucleus, magnocellular part",left
426,2961,3309,1205,662,671,"Lateral reticular nucleus, magnocellular part",left
426,3098,3107,1203,686,631,Gigantocellular reticular nucleus,left
426,3156,3015,1202,697,612,Inferior olivary complex,left
426,3163,2940,1201,699,596,Inferior olivary complex,left
426,3171,3073,1204,701,625,Inferior olivary complex,left
426,3193,3100,1205,707,630,Inferior olivary complex,left
426,3295,3228,1206,733,657,Medulla,left
426,3027,3253,1205,674,660,"Lateral reticular nucleus, magnocellular part",left
426,3134,2977,1200,692,603,Inferior olivary complex,left
426,3140,2933,1200,693,594,Inferior olivary complex,left
426,3148,2933,1200,696,595,Inferior olivary complex,left
426,3173,2940,1201,701,596,Inferior olivary complex,left
426,3179,3087,1204,704,627,Inferior olivary complex,left
426,3195,3122,1205,708,634,Inferior olivary complex,left
426,2447,3006,1207,545,605,Medulla,left
427,2973,3259,1203,664,661,"Lateral reticular nucleus, magnocellular part",left
427,3202,3116,1204,709,633,Inferior olivary complex,left
427,3252,3262,1207,723,662,Medulla,left
427,2876,2839,1187,641,569,Nucleus raphe obscurus,right
427,3175,3252,1208,705,659,Medulla,left
427,3199,2979,1200,707,605,Inferior olivary complex,left
427,3273,3404,1207,732,693,Medulla,left
427,2839,3145,1196,636,638,Gigantocellular reticular nucleus,left
427,2594,2044,1203,577,413,"Spinal nucleus of the trigeminal, interpolar part",right
428,3051,3367,1208,680,681,"Lateral reticular nucleus, magnocellular part",left
428,2988,3447,1207,668,697,"Nucleus ambiguus, ventral division",left
428,3018,3487,1209,674,705,"Nucleus ambiguus, ventral division",left
428,3061,3228,1205,680,655,"Lateral reticular nucleus, magnocellular part",left
428,3177,3404,1210,707,690,"Lateral reticular nucleus, magnocellular part",left
428,3017,3147,1200,669,639,Gigantocellular reticular nucleus,left
428,3061,3242,1205,680,657,"Lateral reticular nucleus, magnocellular part",left
428,3128,3339,1209,696,676,"Lateral reticular nucleus, magnocellular part",left
428,3134,3415,1210,698,691,"Lateral reticular nucleus, magnocellular part",left
428,3212,2977,1200,709,604,Inferior olivary complex,left
428,908,3406,1232,178,687,Declive (VI),left
428,3119,3696,1209,697,750,"Lateral reticular nucleus, parvicellular part",left
428,3164,3541,1210,706,718,rubrospinal tract,left
428,3179,2954,1200,702,600,Inferior olivary complex,left
431,3182,2943,1198,702,597,Inferior olivary complex,left
431,3158,3039,1199,698,618,Inferior olivary complex,left
431,3173,3262,1206,705,661,Medulla,left
431,971,3856,1238,196,788,Crus 1,left
431,2481,3535,1210,553,709,"Spinal nucleus of the trigeminal, interpolar part",left
431,2912,3426,1203,652,693,Intermediate reticular nucleus,left
431,3191,2932,1198,704,594,Inferior olivary complex,left
431,3153,3544,1208,703,719,rubrospinal tract,left
431,2598,3598,1209,579,722,"Spinal nucleus of the trigeminal, interpolar part",left
432,3167,3016,1199,699,612,Inferior olivary complex,left
432,3195,3245,1206,709,658,Medulla,left
432,2735,3730,1207,608,749,"Spinal nucleus of the trigeminal, interpolar part",left
432,2862,3787,1207,636,762,"Spinal nucleus of the trigeminal, interpolar part",left
432,2658,2128,1199,594,429,Parvicellular reticular nucleus,right
432,3117,3466,1208,693,701,"Paragigantocellular reticular nucleus, lateral part",left
432,3317,3082,1197,736,627,Medulla,left
429,2777,3782,1209,616,760,"Spinal nucleus of the trigeminal, interpolar part",left
429,2887,3635,1207,643,733,Parvicellular reticular nucleus,left
429,3004,3196,1202,668,649,"Lateral reticular nucleus, magnocellular part",left
429,3025,3359,1207,675,680,"Lateral reticular nucleus, magnocellular part",left
429,3203,3493,1210,715,710,"Paragigantocellular reticular nucleus, lateral part",left
429,3209,2946,1200,709,598,Inferior olivary complex,left
430,2997,2846,1191,665,572,Nucleus raphe obscurus,left
430,3103,3286,1207,690,666,"Lateral reticular nucleus, magnocellular part",left
430,2946,3419,1205,659,692,Intermediate reticular nucleus,left
430,2994,2751,1193,668,551,crossed tectospinal pathway,right
430,3073,3222,1204,683,653,"Lateral reticular nucleus, magnocellular part",left
434,3176,3072,1199,702,624,Inferior olivary complex,left
434,3209,3219,1204,712,654,Medulla,left
434,2945,3427,1203,659,693,Intermediate reticular nucleus,left
434,3166,3321,1206,703,672,"Lateral reticular nucleus, magnocellular part",left
434,3073,3467,1207,685,701,"Paragigantocellular reticular nucleus, lateral part",left
434,3036,2858,1192,673,576,Inferior olivary complex,left
434,3164,3643,1207,708,741,"Lateral reticular nucleus, parvicellular part",left
434,3175,3344,1207,706,677,"Lateral reticular nucleus, magnocellular part",left
434,3190,2960,1197,704,601,Inferior olivary complex,left
434,3245,3255,1204,721,661,Medulla,left
434,2763,3652,1205,616,734,Parvicellular reticular nucleus,left
434,1629,3328,1214,360,671,Fastigial nucleus,left
434,2557,2248,1199,573,450,Parvicellular reticular nucleus,right
433,3004,3429,1206,671,694,"Paragigantocellular reticular nucleus, lateral part",left
433,1639,3166,1216,361,634,Fastigial nucleus,left
433,3075,2850,1195,681,574,Inferior olivary complex,left
433,3144,3490,1208,700,707,"Paragigantocellular reticular nucleus, lateral part",left
433,2364,3690,1211,522,738,"Spinal nucleus of the trigeminal, interpolar part",left
433,3174,3491,1208,707,707,"Paragigantocellular reticular nucleus, lateral part",left
433,3017,2983,1192,667,604,Magnocellular reticular nucleus,left
433,3128,3454,1208,697,699,"Paragigantocellular reticular nucleus, lateral part",left
433,1592,3301,1216,351,663,arbor vitae,left
433,3191,3369,1208,709,683,"Paragigantocellular reticular nucleus, lateral part",left
433,3209,3519,1207,717,715,rubrospinal tract,left
433,3217,2836,1197,710,574,Nucleus raphe pallidus,left
433,3254,3024,1198,720,615,Inferior olivary complex,left
436,3027,2847,1190,671,572,Nucleus raphe obscurus,left
436,2990,3303,1201,667,670,"Lateral reticular nucleus, magnocellular part",left
436,3042,2828,1191,674,569,Nucleus raphe obscurus,right
436,3205,3306,1205,712,670,Medulla,left
436,1684,3229,1213,371,649,Fastigial nucleus,left
436,3045,3089,1195,674,627,Magnocellular reticular nucleus,left
436,3261,3272,1203,725,664,Medulla,left
436,2686,3659,1206,598,734,Parvicellular reticular nucleus,left
436,2981,3557,1205,664,718,"Paragigantocellular reticular nucleus, lateral part",left
436,3089,3346,1205,687,677,"Lateral reticular nucleus, magnocellular part",left
436,3128,3436,1206,696,695,"Paragigantocellular reticular nucleus, lateral part",left
436,3135,3468,1206,698,702,"Paragigantocellular reticular nucleus, lateral part",left
436,3162,2934,1195,697,595,Inferior olivary complex,left
436,3235,3257,1203,718,661,Medulla,left
436,3313,3083,1195,736,628,Medulla,left
436,3322,3202,1198,739,651,Inferior olivary complex,left
436,2278,3508,1207,505,706,Spinal vestibular nucleus,left
435,2670,3773,1207,592,757,"Spinal nucleus of the trigeminal, interpolar part",left
435,2399,3615,1210,533,725,"Spinal nucleus of the trigeminal, interpolar part",left
435,3054,2849,1192,677,574,Inferior olivary complex,left
435,3181,3391,1206,707,686,"Paragigantocellular reticular nucleus, lateral part",left
435,3217,3414,1205,716,692,"Paragigantocellular reticular nucleus, lateral part",left
435,3172,3286,1205,704,666,"Lateral reticular nucleus, magnocellular part",left
435,3183,3376,1206,708,683,"Paragigantocellular reticular nucleus, lateral part",left
435,3200,3331,1205,711,675,"Paragigantocellular reticular nucleus, lateral part",left
435,3333,3303,1199,745,673,Medulla,left
435,2492,2044,1201,553,411,"Spinal nucleus of the trigeminal, interpolar part",right
435,2823,3586,1203,631,723,Parvicellular reticular nucleus,left
435,2869,3063,1189,640,621,Gigantocellular reticular nucleus,left
435,3122,3544,1206,695,718,"Paragigantocellular reticular nucleus, lateral part",left
435,3206,3282,1204,712,665,Medulla,left
435,3209,2830,1195,709,573,Nucleus raphe pallidus,left
435,2315,3061,1204,514,616,Dorsal motor nucleus of the vagus nerve,left
435,3205,3318,1205,712,673,"Paragigantocellular reticular nucleus, lateral part",left
435,3266,3273,1202,726,665,Medulla,left
435,3353,3188,1196,747,649,Medulla,left
445,3222,2828,1191,711,573,Nucleus raphe pallidus,left
445,3044,2861,1188,674,576,Inferior olivary complex,left
445,1408,3365,1216,310,680,Declive (VI),left
445,2400,3780,1206,528,753,"Spinal nucleus of the trigeminal, interpolar part",left
445,3223,3285,1200,716,666,Medulla,left
445,954,3825,1231,191,781,Crus 1,left
445,2418,3606,1206,538,723,"Spinal nucleus of the trigeminal, interpolar part",left
445,1041,4091,1232,216,842,Crus 1,left
445,3065,2466,1196,683,496,Gigantocellular reticular nucleus,right
445,3103,3675,1202,693,745,"Lateral reticular nucleus, parvicellular part",left
445,3169,3414,1202,705,691,"Paragigantocellular reticular nucleus, lateral part",left
439,2677,3715,1205,594,745,"Spinal nucleus of the trigeminal, interpolar part",left
439,2904,2844,1183,647,571,Nucleus raphe obscurus,left
439,3122,3512,1204,694,710,"Paragigantocellular reticular nucleus, lateral part",left
439,904,3431,1228,176,692,Declive (VI),left
439,3280,3164,1197,728,644,Inferior olivary complex,left
437,3307,3222,1199,735,655,Medulla,left
437,1628,3325,1213,359,670,Fastigial nucleus,left
437,2628,3618,1207,586,726,"Spinal nucleus of the trigeminal, interpolar part",left
437,3056,3276,1202,679,664,"Lateral reticular nucleus, magnocellular part",left
437,3057,3201,1200,678,649,"Lateral reticular nucleus, magnocellular part",left
437,3076,3412,1205,685,690,"Paragigantocellular reticular nucleus, lateral part",left
437,3158,3051,1198,698,620,Inferior olivary complex,left
437,3177,3383,1206,706,685,"Paragigantocellular reticular nucleus, lateral part",left
437,3181,3283,1205,706,666,Medulla,left
437,3192,3426,1206,710,694,"Paragigantocellular reticular nucleus, lateral part",left
437,3300,3178,1199,733,647,Inferior olivary complex,left
437,3327,3084,1194,738,628,Medulla,left
440,2889,2829,1183,644,567,Nucleus raphe obscurus,right
440,3075,3295,1202,683,667,"Lateral reticular nucleus, magnocellular part",left
440,2981,2923,1186,661,590,Magnocellular reticular nucleus,left
440,3143,3321,1203,698,672,"Lateral reticular nucleus, magnocellular part",left
438,2831,3479,1201,635,703,Parvicellular reticular nucleus,left
438,2964,3007,1188,658,608,Magnocellular reticular nucleus,left
438,3121,2910,1193,689,589,Inferior olivary complex,left
438,3194,2953,1195,705,600,Inferior olivary complex,left
438,1641,3331,1212,362,671,Fastigial nucleus,left
441,3235,3013,1194,715,613,Inferior olivary complex,left
441,2856,3166,1192,640,642,Gigantocellular reticular nucleus,left
441,3157,3037,1195,696,616,Inferior olivary complex,left
441,3046,3518,1204,678,711,"Paragigantocellular reticular nucleus, lateral part",left
441,3059,3044,1192,676,618,Magnocellular reticular nucleus,left
441,3094,3321,1203,688,672,"Lateral reticular nucleus, magnocellular part",left
441,3147,3004,1194,694,610,Inferior olivary complex,left
441,3156,2937,1193,696,595,Medulla,left
441,3213,2935,1193,710,596,Inferior olivary complex,left
442,3149,2928,1192,695,594,Inferior olivary complex,left
442,3086,3483,1203,686,705,"Paragigantocellular reticular nucleus, lateral part",left
442,3339,3113,1191,742,634,Medulla,left
442,2972,2990,1186,658,605,Magnocellular reticular nucleus,left
442,3092,3419,1203,687,691,"Paragigantocellular reticular nucleus, lateral part",left
442,3170,3077,1195,700,625,Inferior olivary complex,left
442,3007,3461,1202,670,699,"Nucleus ambiguus, ventral division",left
442,3053,3040,1191,675,617,Magnocellular reticular nucleus,left
442,3149,3179,1199,697,645,Medulla,left
442,3156,3006,1193,696,610,Inferior olivary complex,left
442,3186,3368,1203,708,682,"Paragigantocellular reticular nucleus, lateral part",left
442,3330,3312,1196,743,674,Medulla,left
442,3072,3115,1194,679,632,Magnocellular reticular nucleus,left
442,3177,3553,1203,708,721,rubrospinal tract,left
444,3201,2822,1192,707,571,Nucleus raphe pallidus,left
444,2495,3666,1206,553,733,"Spinal nucleus of the trigeminal, interpolar part",left
444,2999,3156,1193,666,640,Gigantocellular reticular nucleus,left
444,3027,2840,1187,671,571,Nucleus raphe obscurus,left
444,3069,2845,1189,679,573,Inferior olivary complex,left
444,3200,3350,1201,711,678,"Paragigantocellular reticular nucleus, lateral part",left
444,2881,3818,1202,641,770,"Spinal nucleus of the trigeminal, interpolar part",left
444,1605,3283,1211,353,661,arbor vitae,left
444,3172,3082,1195,700,626,Inferior olivary complex,left
443,2985,2851,1185,663,573,Nucleus raphe obscurus,left
443,3029,2863,1187,671,577,crossed tectospinal pathway,left
443,3099,3308,1201,688,670,"Lateral reticular nucleus, magnocellular part",left
443,3105,3133,1195,687,636,Gigantocellular reticular nucleus,left
443,3123,3414,1202,695,690,"Paragigantocellular reticular nucleus, lateral part",left
443,3147,3256,1200,697,660,"Lateral reticular nucleus, magnocellular part",left
443,2941,2827,1183,655,567,Nucleus raphe obscurus,right
443,2957,2828,1183,657,568,Nucleus raphe obscurus,right
443,3159,3440,1202,702,696,"Paragigantocellular reticular nucleus, lateral part",left
443,3191,2818,1192,705,571,Nucleus raphe pallidus,left
443,1603,3270,1211,353,657,arbor vitae,left
443,3135,3006,1192,691,610,Inferior olivary complex,left
443,3031,2851,1187,672,574,Medulla,left
448,3048,2844,1186,675,573,Medulla,left
448,1046,4100,1230,217,845,Crus 1,left
448,3241,3294,1197,719,668,Medulla,left
448,3161,3333,1199,701,675,"Paragigantocellular reticular nucleus, lateral part",left
446,1651,3216,1210,363,646,Fastigial nucleus,left
446,2913,2841,1181,649,570,Nucleus raphe obscurus,right
446,2989,3376,1198,668,683,"Lateral reticular nucleus, magnocellular part",left
446,764,3366,1221,138,675,Declive (VI),left
446,2388,3712,1205,527,741,"Spinal nucleus of the trigeminal, interpolar part",left
446,3044,3241,1196,676,657,"Lateral reticular nucleus, magnocellular part",left
446,3062,3130,1193,677,635,Gigantocellular reticular nucleus,left
446,3091,3232,1197,685,655,"Lateral reticular nucleus, magnocellular part",left
447,1629,3244,1209,358,652,Fastigial nucleus,left
447,3154,3290,1199,699,666,"Paragigantocellular reticular nucleus, lateral part",left
447,1394,3349,1214,306,677,Declive (VI),left
447,2924,3259,1193,654,661,Intermediate reticular nucleus,left
447,3109,3454,1200,691,698,"Paragigantocellular reticular nucleus, lateral part",left
447,3035,2845,1185,672,573,Medulla,left
449,3068,3314,1198,682,671,"Lateral reticular nucleus, magnocellular part",left
449,3057,3384,1199,680,684,"Paragigantocellular reticular nucleus, lateral part",left
449,3088,3170,1194,684,643,Gigantocellular reticular nucleus,left
449,3283,3218,1194,729,654,Inferior olivary complex,left
449,3166,3071,1192,699,624,Inferior olivary complex,left
449,3080,2838,1188,681,573,Inferior olivary complex,left
449,3229,3410,1198,719,691,"Paragigantocellular reticular nucleus, lateral part",left
449,3265,3033,1189,722,617,Inferior olivary complex,left
449,3183,3237,1197,705,656,Medulla,left
449,3195,2833,1190,705,574,Inferior olivary complex,left
449,3229,3451,1198,720,700,Medulla,left
450,3044,3225,1194,676,654,Gigantocellular reticular nucleus,left
450,3091,2846,1187,683,574,Inferior olivary complex,left
450,3101,3226,1195,687,654,Gigantocellular reticular nucleus,left
450,3135,3311,1198,695,670,"Paragigantocellular reticular nucleus, lateral part",left
450,3278,3238,1193,728,658,Inferior olivary complex,left
450,2592,2218,1192,580,446,Parvicellular reticular nucleus,right
450,2959,3439,1197,662,695,Medulla,left
450,3123,3357,1199,694,678,"Paragigantocellular reticular nucleus, lateral part",left
450,1037,4102,1229,214,845,Crus 1,left
450,3091,3650,1199,688,739,Medulla,left
450,3280,3464,1195,734,705,Medulla,left
451,3031,2847,1183,671,573,Nucleus raphe obscurus,left
451,3114,3118,1191,688,633,Gigantocellular reticular nucleus,left
451,3124,3466,1198,694,701,"Paragigantocellular reticular nucleus, lateral part",left
451,1591,3275,1208,349,659,arbor vitae,left
451,3204,3214,1194,709,652,Medulla,left
451,3307,3226,1191,734,655,Medulla,left
451,3097,3589,1199,689,726,rubrospinal tract,left
451,3170,2830,1188,700,573,Nucleus raphe pallidus,left
451,3172,3447,1198,704,697,"Paragigantocellular reticular nucleus, lateral part",left
451,3229,3002,1188,713,610,Inferior olivary complex,left
451,2619,1945,1195,580,397,"Spinal nucleus of the trigeminal, interpolar part",right
452,2616,3647,1200,582,730,"Spinal nucleus of the trigeminal, interpolar part",left
452,3142,2987,1188,692,606,Inferior olivary complex,left
452,2996,2996,1183,663,606,Magnocellular reticular nucleus,left
452,3165,3284,1196,701,665,"Paragigantocellular reticular nucleus, lateral part",left
452,3179,3354,1197,706,679,"Paragigantocellular reticular nucleus, lateral part",left
452,3111,3171,1193,688,643,Gigantocellular reticular nucleus,left
452,3171,3404,1198,704,689,"Paragigantocellular reticular nucleus, lateral part",left
452,1036,4099,1228,214,845,Crus 1,left
452,1604,3303,1207,353,666,Fastigial nucleus,left
452,1400,3340,1213,307,675,Declive (VI),left
452,3062,3036,1186,676,615,Magnocellular reticular nucleus,left
452,3220,3599,1197,721,733,ventral spinocerebellar tract,left
453,1050,4075,1228,217,839,Crus 1,left
453,3158,2824,1188,698,571,Nucleus raphe pallidus,left
453,3177,3191,1194,702,647,Medulla,left
453,3294,3245,1192,732,659,Inferior olivary complex,left
453,1617,3257,1207,354,655,Fastigial nucleus,left
453,3056,2851,1185,676,574,Inferior olivary complex,left
453,2926,2849,1179,651,572,Nucleus raphe obscurus,left
453,3152,3284,1196,698,665,"Paragigantocellular reticular nucleus, lateral part",left
453,3163,3390,1198,703,686,"Paragigantocellular reticular nucleus, lateral part",left
453,3204,3301,1196,711,668,Medulla,left
453,3223,3413,1196,717,692,"Paragigantocellular reticular nucleus, lateral part",left
453,1402,3336,1213,307,674,Declive (VI),left
453,1440,3315,1212,316,669,Declive (VI),left
453,1623,3255,1207,357,655,Fastigial nucleus,left
455,1117,4050,1223,233,834,Crus 2,left
455,1612,3292,1205,353,663,Fastigial nucleus,left
455,3103,3620,1197,691,733,"Paragigantocellular reticular nucleus, lateral part",left
455,3133,3302,1195,695,668,"Paragigantocellular reticular nucleus, lateral part",left
455,2564,3417,1195,574,686,Parvicellular reticular nucleus,left
455,3126,3712,1197,699,752,"Lateral reticular nucleus, parvicellular part",left
454,3025,3496,1197,674,706,"Paragigantocellular reticular nucleus, lateral part",left
454,3038,3081,1186,672,625,Magnocellular reticular nucleus,left
454,3107,3522,1198,690,712,"Paragigantocellular reticular nucleus, lateral part",left
454,3140,3379,1197,697,683,"Paragigantocellular reticular nucleus, lateral part",left
454,3255,3220,1192,721,654,Inferior olivary complex,left
454,769,3409,1219,140,685,Declive (VI),left
454,792,3354,1219,144,674,Declive (VI),left
454,915,3813,1225,181,778,Crus 1,left
454,1403,3334,1212,308,674,Declive (VI),left
456,3043,2868,1182,674,579,crossed tectospinal pathway,left
456,1621,3276,1205,355,659,Fastigial nucleus,left
456,2337,3081,1195,518,621,Dorsal motor nucleus of the vagus nerve,left
456,2543,2265,1190,570,454,Parvicellular reticular nucleus,right
456,3051,3240,1192,677,656,"Paragigantocellular reticular nucleus, lateral part",left
456,2926,3346,1192,655,677,Intermediate reticular nucleus,left
456,3309,3381,1190,739,687,Medulla,left
456,2382,3032,1194,530,611,Nucleus prepositus,left
456,3065,2849,1183,678,575,Inferior olivary complex,left
456,3104,2234,1188,691,450,"Paragigantocellular reticular nucleus, lateral part",right
457,3121,2839,1185,689,574,Inferior olivary complex,left
457,3061,2856,1183,677,576,Inferior olivary complex,left
457,3075,2851,1184,680,575,Inferior olivary complex,left
457,1045,4070,1226,216,838,Crus 1,left
457,1641,2628,1203,357,527,arbor vitae,right
457,2509,2188,1191,560,440,Parvicellular reticular nucleus,right
457,2980,3015,1181,660,610,Magnocellular reticular nucleus,left
457,3057,3055,1185,675,620,Magnocellular reticular nucleus,left
457,3080,3466,1196,685,700,"Paragigantocellular reticular nucleus, lateral part",left
457,3189,3573,1196,712,726,rubrospinal tract,left
457,3192,3322,1194,707,672,"Paragigantocellular reticular nucleus, lateral part",left
457,1044,4086,1226,216,841,Crus 1,left
457,1632,3235,1205,357,651,Fastigial nucleus,left
460,1094,4051,1222,227,834,Crus 1,left
460,3146,3221,1191,695,652,Medulla,left
460,1641,3279,1202,360,661,Fastigial nucleus,left
460,2472,3592,1199,549,719,"Spinal nucleus of the trigeminal, interpolar part",left
460,2961,3152,1184,658,638,Gigantocellular reticular nucleus,left
460,3056,2837,1181,676,571,Nucleus raphe obscurus,left
460,3085,2848,1182,682,575,Inferior olivary complex,left
460,1244,2149,1203,260,423,Simple lobule,right
460,1591,3308,1204,349,667,arbor vitae,left
460,3018,3267,1190,671,661,Medulla,left
460,3183,3419,1193,707,692,"Paragigantocellular reticular nucleus, lateral part",left
460,1005,4095,1225,206,843,Crus 1,left
460,1043,4082,1224,216,840,Crus 1,left
460,1434,3299,1209,314,667,Declive (VI),left
460,1453,3315,1208,319,670,Declive (VI),left
460,3047,3372,1193,677,681,"Lateral reticular nucleus, magnocellular part",left
460,3198,3468,1193,712,703,"Paragigantocellular reticular nucleus, lateral part",left
460,3266,3101,1185,722,630,Inferior olivary complex,left
460,776,3399,1217,140,683,Declive (VI),left
460,1077,4058,1223,222,836,Crus 1,left
460,1078,4057,1223,224,835,Crus 1,left
460,1079,4056,1223,224,835,Crus 1,left
460,2947,2223,1186,660,447,"Paragigantocellular reticular nucleus, lateral part",right
458,1120,4041,1221,234,832,Crus 1,left
458,2609,2222,1188,585,446,Parvicellular reticular nucleus,right
458,3126,2324,1188,694,470,"Paragigantocellular reticular nucleus, lateral part",right
458,3157,3379,1195,700,683,"Paragigantocellular reticular nucleus, lateral part",left
458,3038,3531,1195,676,713,"Paragigantocellular reticular nucleus, lateral part",left
458,3126,3590,1196,696,727,rubrospinal tract,left
458,3150,3580,1195,702,725,rubrospinal tract,left
458,3152,2907,1185,695,589,Inferior olivary complex,left
458,1391,3315,1210,304,670,Declive (VI),left
458,2366,2738,1195,528,544,Nucleus prepositus,right
459,1627,3228,1204,356,650,Fastigial nucleus,left
459,2996,2831,1178,665,569,Nucleus raphe obscurus,right
459,3157,3405,1194,700,688,"Paragigantocellular reticular nucleus, lateral part",left
459,2858,2836,1174,639,569,Nucleus raphe obscurus,right
459,1079,4059,1223,224,836,Crus 1,left
459,2593,2102,1189,577,425,Parvicellular reticular nucleus,right
459,1102,4049,1222,228,834,Crus 1,left
459,3086,3193,1189,683,648,Gigantocellular reticular nucleus,left
462,3165,2830,1183,699,573,Nucleus raphe pallidus,left
462,2431,2081,1189,539,418,"Spinal nucleus of the trigeminal, interpolar part",right
462,1410,3278,1209,308,663,Declive (VI),left
462,3219,3292,1190,713,666,Medulla,left
462,3272,3253,1187,725,660,Inferior olivary complex,left
462,757,3400,1215,135,683,Declive (VI),left
462,1078,4054,1222,223,835,Crus 1,left
462,1657,3275,1201,363,660,Fastigial nucleus,left
462,1369,3298,1209,298,667,Declive (VI),left
462,1374,3300,1209,300,667,Declive (VI),left
462,1383,3303,1209,302,668,Declive (VI),left
462,1428,3292,1208,312,665,Declive (VI),left
461,1442,3306,1209,315,668,Declive (VI),left
461,2460,3659,1199,545,732,"Spinal nucleus of the trigeminal, interpolar part",left
461,3043,2808,1181,675,565,Medulla,right
461,2848,3319,1189,641,672,Intermediate reticular nucleus,left
461,3195,2825,1184,705,572,Nucleus raphe pallidus,left
461,1044,4062,1224,215,836,Crus 1,left
461,1374,3302,1209,300,667,Declive (VI),left
461,2581,2199,1188,577,443,Parvicellular reticular nucleus,right
461,2635,2016,1189,584,411,"Spinal nucleus of the trigeminal, interpolar part",right
461,3228,2821,1183,714,572,Nucleus raphe pallidus,left
463,1649,3229,1201,362,651,Fastigial nucleus,left
463,3032,3254,1188,673,659,"Paragigantocellular reticular nucleus, lateral part",left
463,3189,3384,1191,708,685,"Paragigantocellular reticular nucleus, lateral part",left
463,2639,3596,1194,589,721,Parvicellular reticular nucleus,left
463,3009,3422,1191,671,691,"Paragigantocellular reticular nucleus, lateral part",left
463,3250,3010,1181,718,612,Inferior olivary complex,left
463,1005,4099,1223,206,844,Crus 1,left
463,1451,3311,1207,317,669,Declive (VI),left
464,3159,3028,1183,696,615,Inferior olivary complex,left
464,2992,2860,1176,663,576,crossed tectospinal pathway,left
464,3257,3214,1186,721,652,Inferior olivary complex,left
464,3056,2221,1185,681,447,"Paragigantocellular reticular nucleus, lateral part",right
464,3058,2185,1184,682,440,"Paragigantocellular reticular nucleus, lateral part",right
464,824,3373,1216,153,679,Declive (VI),left
464,3111,3410,1192,690,689,"Paragigantocellular reticular nucleus, lateral part",left
465,3135,2829,1182,692,572,Medulla,left
465,3193,2938,1182,704,597,Inferior olivary complex,left
465,2506,3623,1197,557,726,"Spinal nucleus of the trigeminal, interpolar part",left
465,2996,3250,1187,667,658,"Paragigantocellular reticular nucleus, lateral part",left
465,3136,3321,1191,694,671,"Paragigantocellular reticular nucleus, lateral part",left
465,3227,2992,1182,712,608,Inferior olivary complex,left
465,1095,4041,1220,226,832,Crus 1,left
465,1577,3268,1203,345,659,arbor vitae,left
465,2945,2443,1183,662,489,Gigantocellular reticular nucleus,right
465,3140,3360,1191,696,679,"Paragigantocellular reticular nucleus, lateral part",left
465,3162,3009,1183,696,611,Inferior olivary complex,left
465,3163,2998,1182,697,609,Inferior olivary complex,left
465,3167,2816,1183,699,570,Nucleus raphe pallidus,right
465,3189,3250,1189,705,658,Medulla,left
465,3198,2824,1182,707,573,Nucleus raphe pallidus,left
465,3212,3414,1190,713,691,"Paragigantocellular reticular nucleus, lateral part",left
465,3247,3381,1189,721,685,"Paragigantocellular reticular nucleus, lateral part",left
465,1067,4051,1221,219,834,Crus 1,left
465,2653,1841,1192,588,378,"Spinal nucleus of the trigeminal, interpolar part",right
465,3127,3327,1191,692,672,"Paragigantocellular reticular nucleus, lateral part",left
465,3190,2918,1182,703,593,Inferior olivary complex,left
465,3218,3216,1187,712,652,Medulla,left
466,3153,2908,1181,695,590,Inferior olivary complex,left
466,1077,4047,1220,221,833,Crus 1,left
466,3024,2843,1177,670,573,Nucleus raphe obscurus,left
466,3116,3329,1190,690,673,"Paragigantocellular reticular nucleus, lateral part",left
466,3188,2824,1181,704,572,Nucleus raphe pallidus,left
466,3277,3097,1181,724,629,Inferior olivary complex,left
466,3046,3005,1179,672,609,Magnocellular reticular nucleus,left
466,3047,3514,1192,677,710,"Paragigantocellular reticular nucleus, lateral part",left
466,3106,3245,1188,687,657,"Paragigantocellular reticular nucleus, lateral part",left
466,3155,3004,1181,695,610,Inferior olivary complex,left
466,3157,2997,1181,695,608,Inferior olivary complex,left
466,3174,3441,1191,705,696,"Paragigantocellular reticular nucleus, lateral part",left
466,1034,4074,1221,213,839,Crus 1,left
466,1092,4040,1219,225,832,Crus 1,left
466,1094,4039,1219,226,832,Crus 1,left
466,3270,3215,1184,724,652,Inferior olivary complex,left
468,1058,4045,1219,218,832,Crus 1,left
468,3197,3474,1189,710,704,"Paragigantocellular reticular nucleus, lateral part",left
468,1227,2127,1199,253,417,Simple lobule,right
468,3083,3304,1188,684,668,"Paragigantocellular reticular nucleus, lateral part",left
468,3196,3309,1188,707,670,"Paragigantocellular reticular nucleus, lateral part",left
468,995,4093,1221,203,843,Crus 1,left
468,2999,3013,1176,664,610,Magnocellular reticular nucleus,left
468,3098,3110,1182,684,631,Magnocellular reticular nucleus,left
468,3217,3223,1186,711,653,Medulla,left
468,3164,3633,1190,707,737,"Lateral reticular nucleus, parvicellular part",left
468,3190,2919,1180,703,593,Inferior olivary complex,left
468,3185,2829,1180,703,573,Nucleus raphe pallidus,left
468,3192,3531,1189,710,715,rubrospinal tract,left
467,2982,2828,1174,662,569,Nucleus raphe obscurus,right
467,3005,3124,1181,666,633,Gigantocellular reticular nucleus,left
467,3072,2857,1178,678,576,Inferior olivary complex,left
467,3167,3258,1187,700,660,"Paragigantocellular reticular nucleus, lateral part",left
467,3176,2894,1180,700,587,Inferior olivary complex,left
467,3193,3277,1187,707,663,Medulla,left
467,3054,3284,1187,678,664,"Paragigantocellular reticular nucleus, lateral part",left
467,1032,4074,1221,211,839,Crus 1,left
467,2646,2181,1183,591,440,Parvicellular reticular nucleus,right
467,2648,2212,1183,594,445,Parvicellular reticular nucleus,right
467,2665,2189,1183,596,442,Parvicellular reticular nucleus,right
467,3268,2394,1179,724,485,Inferior olivary complex,right
469,785,3384,1213,142,681,Declive (VI),left
469,3226,3215,1185,713,652,Medulla,left
469,3008,3436,1190,671,694,"Paragigantocellular reticular nucleus, lateral part",left
469,3093,3407,1190,687,688,"Paragigantocellular reticular nucleus, lateral part",left
469,3104,3471,1190,690,701,"Paragigantocellular reticular nucleus, lateral part",left
469,1035,4139,1222,214,854,Crus 1,left
469,1847,2203,1188,404,430,Interposed nucleus,right
469,2932,3294,1186,656,667,Intermediate reticular nucleus,left
469,3030,3443,1190,674,696,"Paragigantocellular reticular nucleus, lateral part",left
469,1005,4090,1221,206,842,Crus 1,left
469,1084,4036,1218,223,830,Crus 1,left
469,3134,3662,1191,700,742,"Lateral reticular nucleus, parvicellular part",left
470,1454,3307,1204,318,668,Declive (VI),left
470,3284,3146,1180,727,639,Inferior olivary complex,left
470,3164,2950,1179,697,599,Inferior olivary complex,left
470,2999,2987,1175,664,604,Magnocellular reticular nucleus,left
470,3157,3577,1189,702,724,rubrospinal tract,left
470,3222,3402,1187,715,688,"Paragigantocellular reticular nucleus, lateral part",left
470,3202,3314,1187,708,671,"Paragigantocellular reticular nucleus, lateral part",left
470,1073,4042,1218,221,831,Crus 1,left
470,1236,2156,1198,257,424,Simple lobule,right
471,3191,3220,1184,704,652,Medulla,left
471,2871,3909,1192,641,792,"Spinal nucleus of the trigeminal, interpolar part",left
471,3192,3631,1188,713,737,"Lateral reticular nucleus, parvicellular part",left
471,3110,2869,1177,686,580,Inferior olivary complex,left
478,3090,2843,1174,682,575,Inferior olivary complex,left
478,1465,3309,1200,320,670,Declive (VI),left
478,3011,2858,1171,666,576,crossed tectospinal pathway,left
478,3058,2847,1173,676,574,Medulla,left
478,1233,2166,1195,257,426,Declive (VI),right
478,2783,3858,1189,620,779,"Spinal nucleus of the trigeminal, interpolar part",left
478,1119,3767,1214,225,770,Crus 1,left
478,1447,3297,1201,315,667,Declive (VI),left
472,940,3817,1217,185,779,Crus 1,left
472,1094,3966,1215,224,814,Crus 1,left
472,2810,2767,1170,630,553,Gigantocellular reticular nucleus,right
472,1237,2162,1197,257,425,Simple lobule,right
473,1027,4138,1220,211,854,Crus 1,left
473,1081,4034,1216,222,830,Crus 1,left
473,3019,2982,1174,667,603,Magnocellular reticular nucleus,left
473,3097,3269,1185,685,661,"Paragigantocellular reticular nucleus, lateral part",left
473,2289,2583,1187,506,513,Medial vestibular nucleus,right
473,2623,3026,1180,588,611,Gigantocellular reticular nucleus,left
473,2800,2773,1170,628,555,Gigantocellular reticular nucleus,right
473,3063,3076,1178,676,624,Magnocellular reticular nucleus,left
473,3116,2838,1178,688,574,Inferior olivary complex,left
473,3176,3272,1185,702,662,"Paragigantocellular reticular nucleus, lateral part",left
473,1006,4082,1219,205,840,Crus 1,left
473,1087,4023,1216,223,828,Crus 1,left
473,2796,2126,1180,623,431,Linear nucleus of the medulla,right
474,3163,3378,1186,701,683,"Paragigantocellular reticular nucleus, lateral part",left
474,3031,2823,1174,671,569,Nucleus raphe obscurus,right
474,1682,3300,1194,368,666,Fastigial nucleus,left
474,2525,3829,1191,558,766,"Spinal nucleus of the trigeminal, interpolar part",left
474,2675,2157,1180,597,437,Parvicellular reticular nucleus,right
474,2900,2832,1169,647,568,Nucleus raphe obscurus,right
474,2977,2929,1171,659,591,Magnocellular reticular nucleus,left
474,3156,3299,1185,698,667,"Paragigantocellular reticular nucleus, lateral part",left
474,3218,3128,1180,710,635,Inferior olivary complex,left
474,3309,3216,1178,734,652,Inferior olivary complex,left
474,729,3336,1209,127,669,Declive (VI),left
474,1276,3769,1213,269,770,Crus 1,left
475,3162,3438,1186,701,695,"Paragigantocellular reticular nucleus, lateral part",left
475,3253,3186,1179,719,646,Inferior olivary complex,left
475,1693,3274,1193,371,661,Fastigial nucleus,left
475,3161,3203,1182,697,649,Medulla,left
475,3167,2974,1176,697,604,Inferior olivary complex,left
475,3216,2275,1176,713,460,"Paragigantocellular reticular nucleus, lateral part",right
475,3257,3287,1181,721,665,Medulla,left
475,3091,3322,1185,685,671,"Paragigantocellular reticular nucleus, lateral part",left
475,3131,3323,1185,693,672,"Paragigantocellular reticular nucleus, lateral part",left
475,3161,3022,1177,696,613,Inferior olivary complex,left
475,3264,3103,1176,721,631,Inferior olivary complex,left
475,3292,3097,1175,728,629,Medulla,left
475,2433,2767,1185,544,550,"Paragigantocellular reticular nucleus, dorsal part",right
475,2641,2171,1180,589,439,Parvicellular reticular nucleus,right
475,2893,2839,1168,646,570,Nucleus raphe obscurus,right
475,3016,2992,1173,666,605,Magnocellular reticular nucleus,left
475,730,3335,1208,127,669,Declive (VI),left
475,1453,3302,1202,318,668,Declive (VI),left
476,3035,2844,1173,672,573,Nucleus raphe obscurus,left
476,3161,3622,1186,705,734,"Lateral reticular nucleus, parvicellular part",left
476,2499,3215,1185,558,647,Intermediate reticular nucleus,left
476,3022,3508,1187,672,709,"Nucleus ambiguus, ventral division",left
476,3037,2837,1173,672,571,Nucleus raphe obscurus,left
476,3085,3356,1185,684,678,"Paragigantocellular reticular nucleus, lateral part",left
476,3096,2824,1176,684,570,Medulla,right
476,3143,2837,1177,694,574,Medulla,left
476,3274,3170,1178,724,643,Inferior olivary complex,left
476,710,3055,1208,126,612,Declive (VI),left
476,2637,2194,1180,589,443,Parvicellular reticular nucleus,right
476,2988,3048,1174,662,618,Magnocellular reticular nucleus,left
476,3194,3206,1181,705,649,Medulla,left
476,725,3333,1208,125,669,Declive (VI),left
476,732,3333,1208,127,669,Declive (VI),left
476,803,3367,1210,147,677,Declive (VI),left
476,1032,4058,1216,210,836,Crus 1,left
476,3167,2831,1177,698,573,Nucleus raphe pallidus,left
476,3219,3221,1181,711,652,Medulla,left
477,3221,2984,1176,710,607,Inferior olivary complex,left
477,2949,3334,1183,659,674,"Lateral reticular nucleus, magnocellular part",left
477,3040,3141,1178,672,636,Gigantocellular reticular nucleus,left
477,3107,3354,1185,688,678,"Paragigantocellular reticular nucleus, lateral part",left
477,3165,2842,1177,698,575,Nucleus raphe pallidus,left
477,3154,2976,1176,695,604,Inferior olivary complex,left
477,3266,3255,1180,723,660,Medulla,left
477,3349,3097,1171,744,629,Medulla,left
480,2962,3204,1178,659,649,Gigantocellular reticular nucleus,left
480,3228,3195,1178,713,647,Medulla,left
480,3030,2953,1171,669,598,Magnocellular reticular nucleus,left
480,3039,3497,1185,676,706,"Paragigantocellular reticular nucleus, lateral part",left
479,2989,3443,1184,667,695,"Paragigantocellular reticular nucleus, lateral part",left
479,3049,3459,1185,678,698,"Paragigantocellular reticular nucleus, lateral part",left
479,3274,3119,1174,724,633,Inferior olivary complex,left
479,2834,2985,1168,635,603,Gigantocellular reticular nucleus,left
479,923,3805,1212,180,777,Crus 1,left
481,3156,2838,1175,696,575,Medulla,left
481,2988,2840,1170,663,571,Nucleus raphe obscurus,left
481,3007,2975,1171,664,602,Magnocellular reticular nucleus,left
481,1588,3245,1195,347,655,Fastigial nucleus,left
481,1743,3239,1191,383,655,Fastigial nucleus,left
481,2891,3332,1181,648,673,Intermediate reticular nucleus,left
481,3066,3013,1173,676,611,Magnocellular reticular nucleus,left
481,3099,3340,1183,687,675,"Paragigantocellular reticular nucleus, lateral part",left
481,3108,3486,1185,690,704,"Paragigantocellular reticular nucleus, lateral part",left
481,3145,2826,1175,694,572,Nucleus raphe pallidus,left
481,3179,3038,1175,700,617,Inferior olivary complex,left
481,3207,3090,1176,706,627,Inferior olivary complex,left
481,1754,2229,1186,381,438,Interposed nucleus,right
482,3159,3168,1178,696,642,Medulla,left
482,3195,2830,1174,705,574,Medulla,left
482,2767,3068,1172,622,621,Gigantocellular reticular nucleus,left
482,2983,2864,1168,662,577,crossed tectospinal pathway,left
482,3068,2863,1172,678,578,Inferior olivary complex,left
482,3135,3409,1183,695,689,"Paragigantocellular reticular nucleus, lateral part",left
482,3146,3471,1183,698,701,"Paragigantocellular reticular nucleus, lateral part",left
482,3149,3318,1181,696,671,"Paragigantocellular reticular nucleus, lateral part",left
482,3168,3353,1181,701,678,"Paragigantocellular reticular nucleus, lateral part",left
482,3217,3139,1176,709,637,Medulla,left
482,3254,3227,1176,720,653,Medulla,left
482,1724,3220,1191,378,651,Fastigial nucleus,left
482,3111,3242,1180,687,655,"Paragigantocellular reticular nucleus, lateral part",left
482,3183,3129,1176,702,635,Medulla,left
482,3212,2974,1173,707,604,Inferior olivary complex,left
482,2908,3017,1169,648,610,Gigantocellular reticular nucleus,left
485,1610,3255,1192,352,657,Fastigial nucleus,left
485,3113,3333,1181,689,674,"Paragigantocellular reticular nucleus, lateral part",left
485,3356,3134,1167,745,636,Medulla,left
485,2995,3020,1170,663,611,Magnocellular reticular nucleus,left
485,3257,3013,1171,718,613,Inferior olivary complex,left
485,1279,3675,1209,270,748,Crus 1,left
485,2779,3770,1185,619,758,"Spinal nucleus of the trigeminal, interpolar part",left
485,3035,3353,1181,674,678,"Lateral reticular nucleus, magnocellular part",left
485,3080,3469,1183,684,701,"Paragigantocellular reticular nucleus, lateral part",left
485,3194,2926,1172,704,594,Inferior olivary complex,left
485,3230,2811,1172,714,570,Nucleus raphe pallidus,right
485,3259,3023,1171,720,615,Inferior olivary complex,left
485,1004,4134,1214,205,852,Crus 1,left
484,2961,3261,1178,660,659,Intermediate reticular nucleus,left
484,3057,3208,1177,676,649,"Paragigantocellular reticular nucleus, lateral part",left
484,3173,3190,1177,700,646,Medulla,left
484,3231,2821,1172,713,572,Nucleus raphe pallidus,left
484,2670,3765,1186,593,755,"Spinal nucleus of the trigeminal, interpolar part",left
484,3016,2821,1169,668,568,Nucleus raphe obscurus,right
484,3166,2997,1173,697,608,Inferior olivary complex,left
484,1066,4065,1212,218,837,Crus 1,left
484,3089,3383,1182,685,683,"Paragigantocellular reticular nucleus, lateral part",left
484,3125,3359,1181,692,678,"Paragigantocellular reticular nucleus, lateral part",left
484,1073,3872,1210,215,793,Crus 1,left
484,3030,2841,1170,670,572,Nucleus raphe obscurus,left
484,3085,2827,1172,681,570,Medulla,right
484,3180,2998,1173,700,609,Inferior olivary complex,left
484,960,3912,1211,190,800,Crus 1,left
484,3241,3089,1173,715,627,Inferior olivary complex,left
483,3183,2839,1173,703,576,Inferior olivary complex,left
483,3196,3234,1178,705,655,Medulla,left
483,3249,3253,1176,719,659,Medulla,left
483,2625,2251,1176,588,453,Parvicellular reticular nucleus,right
483,3163,2980,1173,697,605,Inferior olivary complex,left
483,3185,3067,1174,701,622,Inferior olivary complex,left
483,2963,3320,1180,662,671,"Lateral reticular nucleus, magnocellular part",left
483,3171,3006,1173,698,610,Inferior olivary complex,left
483,3198,2925,1172,705,594,Inferior olivary complex,left
483,3230,3138,1174,712,637,Inferior olivary complex,left
483,3216,3407,1179,713,689,"Paragigantocellular reticular nucleus, lateral part",left
488,1618,3195,1191,353,645,Fastigial nucleus,left
488,3209,3114,1172,707,632,Inferior olivary complex,left
488,3074,3273,1178,681,662,"Paragigantocellular reticular nucleus, lateral part",left
488,3121,3163,1175,688,641,Gigantocellular reticular nucleus,left
488,3141,3271,1177,693,661,"Paragigantocellular reticular nucleus, lateral part",left
488,3250,3000,1169,717,610,Inferior olivary complex,left
488,3118,2833,1171,688,573,Inferior olivary complex,left
488,3143,3252,1177,694,657,"Paragigantocellular reticular nucleus, lateral part",left
488,2426,3561,1185,538,714,Nucleus of the solitary tract,left
486,3003,2985,1168,664,604,Magnocellular reticular nucleus,left
486,1250,3685,1209,261,751,Crus 1,left
486,3024,3414,1181,673,689,"Paragigantocellular reticular nucleus, lateral part",left
487,3248,3093,1170,717,628,Inferior olivary complex,left
487,3086,2849,1170,681,576,Inferior olivary complex,left
487,3122,3155,1174,688,639,Gigantocellular reticular nucleus,left
487,3219,2824,1170,711,573,Nucleus raphe pallidus,left
487,3129,2842,1171,690,574,Inferior olivary complex,left
487,3153,2816,1172,696,570,Nucleus raphe pallidus,right
487,3157,2966,1171,694,602,Inferior olivary complex,left
487,3169,3034,1171,698,616,Inferior olivary complex,left
487,2931,3312,1177,656,669,Intermediate reticular nucleus,left
487,3079,3358,1179,683,678,"Paragigantocellular reticular nucleus, lateral part",left
490,2618,3750,1184,582,751,"Spinal nucleus of the trigeminal, interpolar part",left
490,3282,3178,1170,725,645,Inferior olivary complex,left
490,3336,3170,1166,739,643,Medulla,left
490,3227,3171,1172,711,642,Medulla,left
490,3266,3155,1170,721,640,Inferior olivary complex,left
490,972,3992,1208,194,818,Crus 1,left
490,2600,2022,1176,575,413,"Spinal nucleus of the trigeminal, interpolar part",right
490,2644,2146,1174,589,436,Parvicellular reticular nucleus,right
490,3099,3420,1179,687,690,"Paragigantocellular reticular nucleus, lateral part",left
490,3116,3231,1175,688,653,"Paragigantocellular reticular nucleus, lateral part",left
490,3162,2982,1170,695,605,Inferior olivary complex,left
490,3199,3034,1170,705,616,Inferior olivary complex,left
490,3210,3414,1176,712,690,"Paragigantocellular reticular nucleus, lateral part",left
490,3216,3396,1176,713,686,"Paragigantocellular reticular nucleus, lateral part",left
490,3262,2565,1170,720,521,Medulla,right
490,3271,3036,1167,722,617,Inferior olivary complex,left
490,3299,3309,1171,733,671,Medulla,left
489,1051,4093,1211,214,844,Crus 1,left
489,3164,3409,1179,701,689,"Paragigantocellular reticular nucleus, lateral part",left
489,3241,3220,1174,715,652,Medulla,left
489,3063,3455,1181,681,697,"Paragigantocellular reticular nucleus, lateral part",left
489,2645,2182,1174,590,442,Parvicellular reticular nucleus,right
489,3011,2985,1168,665,604,Magnocellular reticular nucleus,left
489,3090,3259,1177,683,659,"Paragigantocellular reticular nucleus, lateral part",left
489,3109,3059,1172,685,620,Magnocellular reticular nucleus,left
489,3144,3404,1179,696,687,"Paragigantocellular reticular nucleus, lateral part",left
489,3189,3268,1176,704,661,"Paragigantocellular reticular nucleus, lateral part",left
489,3287,3068,1168,726,624,Medulla,left
489,3240,3271,1174,716,662,Medulla,left
491,3209,3202,1172,708,648,Medulla,left
491,3212,3273,1174,709,662,Medulla,left
491,2592,2197,1174,577,444,Parvicellular reticular nucleus,right
491,3066,3224,1174,678,652,"Paragigantocellular reticular nucleus, lateral part",left
491,3144,3423,1177,697,692,"Paragigantocellular reticular nucleus, lateral part",left
491,3147,3388,1177,696,684,"Paragigantocellular reticular nucleus, lateral part",left
491,3215,3080,1169,708,625,Inferior olivary complex,left
491,3181,2829,1169,701,573,Nucleus raphe pallidus,left
491,3218,3116,1170,709,632,Inferior olivary complex,left
491,926,3779,1206,179,771,Crus 1,left
491,3170,3020,1169,698,613,Inferior olivary complex,left
491,3179,2996,1169,700,608,Inferior olivary complex,left
493,3301,3391,1170,735,688,Medulla,left
493,3044,3199,1173,674,647,"Paragigantocellular reticular nucleus, lateral part",left
493,3233,3362,1174,717,680,"Paragigantocellular reticular nucleus, lateral part",left
493,1253,3313,1194,268,672,Lobules IV-V,left
493,1751,3214,1185,384,651,Fastigial nucleus,left
493,2935,2987,1164,652,603,Gigantocellular reticular nucleus,left
493,3143,3475,1178,697,702,"Paragigantocellular reticular nucleus, lateral part",left
493,2688,2152,1172,600,437,Parvicellular reticular nucleus,right
492,2899,3314,1175,650,670,Intermediate reticular nucleus,left
492,3166,3168,1173,697,642,Medulla,left
492,3219,3408,1175,714,690,"Paragigantocellular reticular nucleus, lateral part",left
492,3229,2957,1167,712,600,Inferior olivary complex,left
492,3259,3012,1166,720,612,Inferior olivary complex,left
492,1235,3712,1206,255,757,Crus 1,left
492,2962,3412,1178,661,688,"Paragigantocellular reticular nucleus, lateral part",left
492,3133,3197,1173,691,646,Gigantocellular reticular nucleus,left
492,927,3776,1206,178,770,Crus 1,left
492,3031,2232,1172,675,451,"Paragigantocellular reticular nucleus, lateral part",right
494,3154,3418,1176,699,691,"Paragigantocellular reticular nucleus, lateral part",left
494,3068,2842,1167,678,573,Nucleus raphe obscurus,left
494,3177,3322,1174,701,671,"Paragigantocellular reticular nucleus, lateral part",left
494,1041,4189,1210,214,865,Crus 1,left
494,1187,3767,1206,240,770,Crus 1,left
494,1113,3880,1205,223,796,Crus 1,left
494,3066,3123,1170,676,633,Gigantocellular reticular nucleus,left
495,2481,3633,1182,550,728,"Spinal nucleus of the trigeminal, interpolar part",left
495,2921,3519,1177,652,710,"Nucleus ambiguus, dorsal division",left
495,3082,3313,1174,682,669,"Paragigantocellular reticular nucleus, lateral part",left
495,2649,3800,1180,588,763,"Spinal nucleus of the trigeminal, interpolar part",left
495,2973,2839,1163,660,572,Nucleus raphe obscurus,left
495,3066,2832,1166,677,571,Nucleus raphe obscurus,left
498,3281,3250,1166,726,658,Medulla,left
498,1831,2359,1174,399,466,Fastigial nucleus,right
498,2718,3819,1179,604,768,"Spinal nucleus of the trigeminal, interpolar part",left
498,2732,2716,1162,615,543,Gigantocellular reticular nucleus,right
498,3111,2826,1166,686,571,Medulla,left
498,3196,3035,1166,703,616,Inferior olivary complex,left
498,3201,3082,1167,704,625,Inferior olivary complex,left
498,3214,3003,1165,708,610,Inferior olivary complex,left
498,3219,3128,1167,709,634,Medulla,left
498,3254,2983,1163,718,606,Inferior olivary complex,left
498,3262,3259,1168,721,660,Medulla,left
498,3362,3087,1158,746,626,Medulla,left
498,1158,3843,1203,233,788,Crus 1,left
498,2875,3483,1175,644,702,Intermediate reticular nucleus,left
498,3191,3003,1166,702,610,Inferior olivary complex,left
498,2644,2166,1170,589,440,Parvicellular reticular nucleus,right
498,3204,3494,1173,712,707,rubrospinal tract,left
507,3225,3239,1164,711,655,Medulla,left
507,3102,2838,1162,683,574,Inferior olivary complex,left
507,3053,3036,1161,673,614,Magnocellular reticular nucleus,left
507,3116,3173,1165,686,642,Gigantocellular reticular nucleus,left
507,3208,3351,1166,710,677,"Paragigantocellular reticular nucleus, lateral part",left
507,3215,3269,1165,709,661,Medulla,left
507,3233,3132,1162,713,634,Inferior olivary complex,left
507,3150,3216,1166,694,650,Medulla,left
507,2647,4067,1184,594,831,Medulla,left
507,3211,3405,1166,711,688,"Paragigantocellular reticular nucleus, lateral part",left
507,1051,4173,1203,214,861,Crus 1,left
496,3037,3212,1172,672,649,"Paragigantocellular reticular nucleus, lateral part",left
496,3072,2418,1171,681,490,"Paragigantocellular reticular nucleus, lateral part",right
496,3203,3107,1168,706,630,Medulla,left
500,3055,2842,1164,675,573,Nucleus raphe obscurus,left
500,3212,3079,1166,707,625,Inferior olivary complex,left
500,3304,3157,1162,731,640,Inferior olivary complex,left
500,2922,3403,1174,654,687,Intermediate reticular nucleus,left
500,3178,3395,1172,704,686,"Paragigantocellular reticular nucleus, lateral part",left
500,3224,2820,1164,712,572,Nucleus raphe pallidus,left
500,3239,2973,1163,714,604,Inferior olivary complex,left
500,3250,3003,1163,717,610,Inferior olivary complex,left
500,3264,3247,1166,722,657,Medulla,left
500,3030,3173,1169,671,642,"Paragigantocellular reticular nucleus, lateral part",left
500,3185,3406,1172,705,688,"Paragigantocellular reticular nucleus, lateral part",left
500,3271,3017,1162,722,612,Inferior olivary complex,left
500,3173,3314,1171,701,669,"Paragigantocellular reticular nucleus, lateral part",left
500,3206,2971,1165,706,603,Inferior olivary complex,left
500,3207,3103,1166,705,629,Medulla,left
497,3144,3414,1175,696,689,"Paragigantocellular reticular nucleus, lateral part",left
497,2541,1986,1173,561,406,"Spinal nucleus of the trigeminal, interpolar part",right
497,2884,2839,1160,644,571,Nucleus raphe obscurus,left
497,1135,3872,1204,227,794,Crus 1,left
497,1209,3740,1205,246,764,Crus 1,left
497,2534,3786,1181,561,757,"Spinal nucleus of the trigeminal, interpolar part",left
497,2636,2163,1171,587,439,Parvicellular reticular nucleus,right
497,3057,3123,1169,674,633,Gigantocellular reticular nucleus,left
497,3059,3281,1174,678,662,"Paragigantocellular reticular nucleus, lateral part",left
497,3071,2419,1171,681,490,"Paragigantocellular reticular nucleus, lateral part",right
497,3113,3206,1172,687,648,"Paragigantocellular reticular nucleus, lateral part",left
497,3176,3026,1167,699,614,Inferior olivary complex,left
497,3183,2964,1167,701,602,Inferior olivary complex,left
497,3188,2820,1167,704,572,Nucleus raphe pallidus,left
497,3200,3300,1172,707,667,"Paragigantocellular reticular nucleus, lateral part",left
497,3206,3329,1172,708,673,"Paragigantocellular reticular nucleus, lateral part",left
497,3206,3015,1167,706,612,Inferior olivary complex,left
497,3214,3203,1170,709,649,Medulla,left
497,3227,3082,1167,710,625,Inferior olivary complex,left
497,1859,2245,1174,406,440,Cerebellum,right
497,3072,2986,1166,676,605,Magnocellular reticular nucleus,left
497,3172,2953,1167,698,600,Inferior olivary complex,left
497,3196,3466,1174,709,701,"Paragigantocellular reticular nucleus, lateral part",left
497,3278,3349,1169,728,678,Medulla,left
502,3208,3059,1164,707,621,Inferior olivary complex,left
502,3216,3109,1165,708,630,Inferior olivary complex,left
502,3245,3224,1166,716,652,Medulla,left
502,3176,2967,1164,699,602,Inferior olivary complex,left
502,3201,3076,1165,704,624,Inferior olivary complex,left
502,811,3265,1197,148,658,Declive (VI),left
502,2924,3061,1163,652,619,Gigantocellular reticular nucleus,left
502,3333,3225,1160,740,654,Medulla,left
499,3238,3210,1167,715,650,Medulla,left
499,2633,2122,1169,585,432,Parvicellular reticular nucleus,right
499,3034,3447,1175,674,695,"Paragigantocellular reticular nucleus, lateral part",left
499,3095,3429,1174,686,692,"Paragigantocellular reticular nucleus, lateral part",left
499,3172,3445,1173,702,696,"Paragigantocellular reticular nucleus, lateral part",left
499,3199,3393,1171,708,686,"Paragigantocellular reticular nucleus, lateral part",left
499,3204,3196,1168,706,646,Medulla,left
499,3298,3346,1165,733,678,Medulla,left
499,3312,3330,1164,736,675,Medulla,left
499,2800,3139,1167,631,635,Gigantocellular reticular nucleus,left
499,2968,3021,1163,659,611,Magnocellular reticular nucleus,left
499,3122,3260,1171,688,658,"Paragigantocellular reticular nucleus, lateral part",left
499,3177,2989,1165,699,607,Inferior olivary complex,left
499,3213,3014,1165,708,612,Inferior olivary complex,left
499,3221,3116,1166,709,631,Inferior olivary complex,left
499,2605,2166,1170,579,439,Parvicellular reticular nucleus,right
499,2660,2134,1169,591,435,Parvicellular reticular nucleus,right
499,2954,2968,1161,656,600,Magnocellular reticular nucleus,left
501,3194,3012,1165,703,611,Inferior olivary complex,left
501,3050,3455,1175,677,697,"Paragigantocellular reticular nucleus, lateral part",left
501,3161,3231,1170,696,653,Medulla,left
501,3121,3105,1167,687,629,Magnocellular reticular nucleus,left
501,3147,2829,1166,693,573,Medulla,left
501,3224,3095,1165,710,628,Inferior olivary complex,left
501,2975,3107,1166,660,628,Gigantocellular reticular nucleus,left
501,3217,3119,1166,708,632,Medulla,left
501,3281,3445,1167,731,699,Medulla,left
503,3190,2826,1164,703,573,Nucleus raphe pallidus,left
503,3202,3033,1163,704,616,Inferior olivary complex,left
503,3294,3131,1160,728,634,Inferior olivary complex,left
503,3169,3434,1170,702,694,"Paragigantocellular reticular nucleus, lateral part",left
503,3225,3116,1164,710,631,Inferior olivary complex,left
503,1247,3763,1201,255,770,Crus 1,left
504,3177,3246,1168,700,656,"Paragigantocellular reticular nucleus, lateral part",left
504,1403,3312,1189,306,673,Lobules IV-V,left
504,2620,3518,1176,586,706,Parvicellular reticular nucleus,left
504,1147,3894,1199,229,799,Crus 1,left
504,2940,3452,1173,657,696,Intermediate reticular nucleus,left
504,3008,3007,1162,665,608,Magnocellular reticular nucleus,left
506,3204,2824,1162,707,573,Nucleus raphe pallidus,left
506,3219,3015,1162,709,612,Inferior olivary complex,left
506,3230,3026,1161,712,614,Inferior olivary complex,left
506,3239,3235,1164,715,654,Medulla,left
506,1389,3322,1189,302,675,Lobules IV-V,left
506,3230,3253,1165,713,658,Medulla,left
506,3237,3200,1164,713,647,Medulla,left
506,2881,3485,1172,645,702,Intermediate reticular nucleus,left
506,3038,3459,1172,675,698,"Paragigantocellular reticular nucleus, lateral part",left
506,3013,2943,1160,666,595,Magnocellular reticular nucleus,left
506,3209,3080,1163,706,624,Inferior olivary complex,left
505,3308,3346,1162,736,678,Medulla,left
505,3083,2396,1167,684,485,"Paragigantocellular reticular nucleus, lateral part",right
505,2132,3410,1175,467,691,Spinal vestibular nucleus,left
505,3230,3013,1162,712,612,Inferior olivary complex,left
505,1047,4178,1205,214,863,Crus 1,left
505,2599,3066,1169,584,619,Gigantocellular reticular nucleus,left
505,2652,3549,1176,593,712,Parvicellular reticular nucleus,left
505,2807,2840,1157,630,571,Nucleus raphe obscurus,left
505,2881,3017,1160,644,609,Gigantocellular reticular nucleus,left
505,3085,3489,1173,684,704,"Paragigantocellular reticular nucleus, lateral part",left
505,3124,2835,1164,689,573,Inferior olivary complex,left
505,3193,3579,1171,713,725,ventral spinocerebellar tract,left
505,3224,3129,1164,710,634,Medulla,left
505,3231,2820,1162,713,572,Nucleus raphe pallidus,left
505,3331,3225,1159,738,653,Medulla,left
505,3113,2837,1164,686,573,Inferior olivary complex,left
505,3242,3355,1167,717,678,"Paragigantocellular reticular nucleus, lateral part",left
512,3162,2821,1160,696,571,Nucleus raphe pallidus,left
512,3118,3307,1166,689,667,"Paragigantocellular reticular nucleus, lateral part",left
512,3138,3171,1163,691,641,Gigantocellular reticular nucleus,left
512,2943,3182,1163,657,643,Gigantocellular reticular nucleus,left
512,2978,2983,1157,660,604,Magnocellular reticular nucleus,left
508,2776,3843,1175,618,775,"Spinal nucleus of the trigeminal, interpolar part",left
508,2917,2507,1163,656,503,Gigantocellular reticular nucleus,right
508,3168,3307,1167,699,667,"Paragigantocellular reticular nucleus, lateral part",left
508,3238,3114,1161,714,631,Inferior olivary complex,left
508,3335,3195,1156,739,647,Medulla,left
508,3037,3606,1172,675,727,"Paragigantocellular reticular nucleus, lateral part",left
508,3040,3011,1161,671,609,Magnocellular reticular nucleus,left
508,3071,2828,1161,677,571,Nucleus raphe obscurus,left
508,3181,3314,1167,702,669,"Paragigantocellular reticular nucleus, lateral part",left
508,3201,3367,1166,707,680,"Paragigantocellular reticular nucleus, lateral part",left
508,2653,2106,1165,589,430,Parvicellular reticular nucleus,right
508,3297,3222,1160,729,652,Inferior olivary complex,left
508,1235,3774,1199,251,773,Crus 1,left
509,3142,3397,1169,694,685,"Paragigantocellular reticular nucleus, lateral part",left
509,1375,3311,1187,298,673,Lobules IV-V,left
509,2869,3216,1166,645,649,Gigantocellular reticular nucleus,left
509,3011,2840,1159,666,572,Nucleus raphe obscurus,left
509,3282,3114,1159,724,631,Inferior olivary complex,left
509,934,3940,1199,184,806,Crus 1,left
509,1072,3948,1198,213,810,Crus 1,left
509,2793,2841,1155,628,571,Nucleus raphe obscurus,left
509,3020,3215,1166,669,650,"Paragigantocellular reticular nucleus, lateral part",left
509,3235,3213,1163,713,650,Medulla,left
509,3293,2377,1156,729,481,Medulla,right
509,1022,4183,1203,208,863,Crus 1,left
509,1143,3898,1197,229,801,arbor vitae,left
509,3058,3506,1171,679,707,"Paragigantocellular reticular nucleus, lateral part",left
510,3265,3250,1161,721,657,Medulla,left
510,1012,4182,1202,205,861,Crus 1,left
511,3041,2841,1158,671,573,Nucleus raphe obscurus,left
511,2974,3427,1169,663,690,"Paragigantocellular reticular nucleus, lateral part",left
511,2922,3164,1163,652,640,Gigantocellular reticular nucleus,left
515,3242,3142,1157,714,635,Inferior olivary complex,left
515,2341,3640,1171,517,730,Medulla,left
515,3227,3061,1157,710,620,Inferior olivary complex,left
515,3235,3123,1157,712,633,Medulla,left
515,2130,3384,1169,466,686,Spinal vestibular nucleus,left
515,2940,3131,1160,655,633,Gigantocellular reticular nucleus,left
515,3242,3033,1156,714,615,Inferior olivary complex,left
515,3250,3039,1156,716,616,Inferior olivary complex,left
515,1017,4173,1199,205,860,Crus 1,left
515,2289,2249,1163,507,449,Spinal vestibular nucleus,right
515,2931,2841,1153,652,572,Nucleus raphe obscurus,left
515,3206,3196,1160,705,646,Medulla,left
515,3236,3414,1161,718,691,"Paragigantocellular reticular nucleus, lateral part",left
515,3258,3294,1158,721,666,Medulla,left
515,2622,2143,1162,582,437,Parvicellular reticular nucleus,right
515,2637,2125,1162,584,434,Parvicellular reticular nucleus,right
515,2939,2844,1154,654,573,Medulla,left
513,3056,3131,1162,674,633,Gigantocellular reticular nucleus,left
513,3214,3094,1160,707,627,Medulla,left
513,1217,3833,1196,245,787,Crus 1,left
513,1721,2080,1171,373,405,Interposed nucleus,right
513,1773,3268,1174,389,662,Fastigial nucleus,left
513,3218,3088,1160,709,626,Inferior olivary complex,left
513,3227,3102,1159,710,628,Inferior olivary complex,left
513,3261,3237,1160,720,654,Medulla,left
513,3293,2376,1154,729,481,Medulla,right
513,3293,2407,1154,728,488,Inferior olivary complex,right
513,3248,3113,1159,716,631,Inferior olivary complex,left
514,815,3257,1192,150,656,Declive (VI),left
514,3066,3124,1161,676,632,Gigantocellular reticular nucleus,left
514,3222,3075,1158,709,623,Inferior olivary complex,left
514,2529,2665,1164,568,532,Gigantocellular reticular nucleus,right
514,3008,2285,1161,671,462,"Paragigantocellular reticular nucleus, lateral part",right
514,3245,3102,1158,715,628,Inferior olivary complex,left
514,3307,3358,1157,735,681,Medulla,left
514,3138,2255,1159,696,457,"Paragigantocellular reticular nucleus, lateral part",right
516,3110,3520,1167,690,710,"Paragigantocellular reticular nucleus, lateral part",left
516,1379,3301,1183,300,672,Lobules IV-V,left
516,3095,2838,1158,682,574,Inferior olivary complex,left
516,3217,3342,1161,710,674,"Paragigantocellular reticular nucleus, lateral part",left
516,3250,2821,1155,717,572,Nucleus raphe pallidus,left
516,3235,3331,1160,715,673,"Paragigantocellular reticular nucleus, lateral part",left
516,1051,4157,1199,213,857,Crus 1,left
516,2727,2069,1161,603,426,Parvicellular reticular nucleus,right
517,3123,3296,1164,689,665,"Paragigantocellular reticular nucleus, lateral part",left
517,999,4178,1199,202,861,Crus 1,left
517,3005,3011,1157,664,609,Magnocellular reticular nucleus,left
517,3143,3393,1164,695,685,"Paragigantocellular reticular nucleus, lateral part",left
517,3211,3043,1157,706,617,Inferior olivary complex,left
517,3006,3032,1157,665,613,Magnocellular reticular nucleus,left
517,1008,4174,1199,204,860,Crus 1,left
517,1050,4156,1199,213,857,Crus 1,left
518,3078,3120,1159,679,631,Magnocellular reticular nucleus,left
518,1037,4160,1198,210,857,Crus 1,left
518,3064,2833,1157,676,572,Nucleus raphe obscurus,left
518,3200,3263,1160,705,659,"Paragigantocellular reticular nucleus, lateral part",left
518,3240,3087,1156,713,625,Inferior olivary complex,left
518,3257,3156,1156,717,638,Inferior olivary complex,left
518,1005,4175,1198,203,860,Crus 1,left
518,3136,3431,1164,694,692,"Paragigantocellular reticular nucleus, lateral part",left
518,831,3253,1190,154,656,Declive (VI),left
518,1294,4056,1186,273,837,Crus 1,left
518,3223,3083,1156,710,625,Inferior olivary complex,left
519,3112,3351,1163,687,675,"Paragigantocellular reticular nucleus, lateral part",left
519,1028,4163,1197,208,858,Crus 1,left
519,1016,4169,1197,205,859,Crus 1,left
521,1060,4147,1197,215,854,Crus 1,left
521,3261,3042,1153,719,616,Inferior olivary complex,left
521,1054,4138,1196,214,853,Crus 1,left
521,2256,2098,1159,499,419,Spinal vestibular nucleus,right
521,2365,2847,1165,524,570,Medulla,right
521,2530,2209,1161,562,446,Parvicellular reticular nucleus,right
521,2654,3508,1168,594,704,Parvicellular reticular nucleus,left
521,2665,2144,1159,592,438,Parvicellular reticular nucleus,right
521,3002,3001,1155,664,607,Magnocellular reticular nucleus,left
521,3206,3190,1158,705,645,Medulla,left
521,3213,2821,1155,708,572,Nucleus raphe pallidus,left
521,3217,3390,1159,711,685,"Paragigantocellular reticular nucleus, lateral part",left
521,3244,3093,1154,715,627,Inferior olivary complex,left
521,3265,3035,1153,720,615,Inferior olivary complex,left
521,2529,2230,1161,562,450,Parvicellular reticular nucleus,right
521,2613,2182,1160,581,443,Parvicellular reticular nucleus,right
520,3059,3095,1158,675,626,Magnocellular reticular nucleus,left
520,3332,3188,1150,737,646,Medulla,left
520,996,4175,1197,201,859,Crus 1,left
520,3138,3430,1163,695,692,"Paragigantocellular reticular nucleus, lateral part",left
522,3312,3349,1152,736,678,Medulla,left
522,2462,3726,1169,544,745,"Spinal nucleus of the trigeminal, interpolar part",left
522,3217,3055,1155,707,619,Inferior olivary complex,left
522,3255,3049,1152,717,618,Inferior olivary complex,left
522,3261,3100,1153,718,628,Inferior olivary complex,left
522,854,3085,1189,167,622,Declive (VI),left
522,2575,2159,1159,571,439,Parvicellular reticular nucleus,right
522,2927,2839,1151,651,572,Nucleus raphe obscurus,left
522,3198,2979,1155,704,604,Inferior olivary complex,left
522,3289,3218,1152,727,651,Inferior olivary complex,left
523,3179,3208,1157,699,648,Medulla,left
523,3183,3617,1161,712,732,ventral spinocerebellar tract,left
523,3242,3082,1153,713,624,Inferior olivary complex,left
523,3266,3207,1152,720,648,Medulla,left
523,2996,3030,1154,663,613,Magnocellular reticular nucleus,left
523,3191,2996,1154,701,607,Inferior olivary complex,left
523,3252,3105,1152,716,628,Inferior olivary complex,left
523,1295,4056,1184,271,837,Crus 1,left
523,2874,2083,1157,636,427,Parvicellular reticular nucleus,right
523,2984,2838,1152,661,572,Nucleus raphe obscurus,left
523,3249,3059,1152,716,620,Inferior olivary complex,left
524,2996,3544,1164,666,714,"Paragigantocellular reticular nucleus, lateral part",left
524,3245,3100,1153,714,627,Inferior olivary complex,left
524,3224,3068,1153,710,622,Inferior olivary complex,left
524,2979,3694,1166,663,744,Parvicellular reticular nucleus,left
524,3243,3048,1152,715,618,Inferior olivary complex,left
524,3251,3092,1152,716,626,Inferior olivary complex,left
524,2255,2078,1157,499,415,Spinal vestibular nucleus,right
524,2561,4034,1170,570,819,inferior cerebellar peduncle,left
524,3216,2830,1153,708,574,Nucleus raphe pallidus,left
524,851,3086,1188,165,622,Declive (VI),left
528,3257,3117,1150,717,630,Inferior olivary complex,left
528,2867,2442,1155,648,491,Gigantocellular reticular nucleus,right
526,3230,3063,1152,711,621,Inferior olivary complex,left
526,3209,3419,1157,711,691,"Paragigantocellular reticular nucleus, lateral part",left
526,910,3083,1187,182,623,Lobules IV-V,left
526,2940,3614,1164,655,727,Parvicellular reticular nucleus,left
526,3259,3088,1151,718,626,Inferior olivary complex,left
526,1103,2051,1174,219,398,Simple lobule,right
526,2260,2125,1156,500,424,Spinal vestibular nucleus,right
526,3269,3075,1150,721,623,Inferior olivary complex,left
526,859,3085,1187,168,622,Lobules IV-V,left
526,920,3081,1187,185,622,Lobules IV-V,left
533,3261,3081,1148,718,623,Inferior olivary complex,left
533,3269,3141,1147,721,635,Inferior olivary complex,left
533,3220,2829,1149,709,574,Nucleus raphe pallidus,left
533,3252,3108,1148,715,629,Inferior olivary complex,left
533,3152,3189,1153,693,644,Medulla,left
527,3304,3183,1147,730,644,Medulla,left
527,3231,3092,1151,711,625,Inferior olivary complex,left
527,2769,2116,1155,615,434,Parvicellular reticular nucleus,right
525,1000,3956,1191,197,810,Crus 1,left
525,2878,3541,1165,644,712,Parvicellular reticular nucleus,left
525,3027,2997,1154,668,606,Magnocellular reticular nucleus,left
525,3074,2820,1154,677,569,Nucleus raphe obscurus,right
525,898,3082,1188,180,622,Lobules IV-V,left
525,2345,3280,1167,517,660,Nucleus of the solitary tract,left
525,3315,3186,1149,733,644,Medulla,left
525,3243,3073,1152,715,623,Inferior olivary complex,left
530,3166,2834,1152,696,574,Medulla,left
530,3268,3109,1148,721,629,Inferior olivary complex,left
530,2573,3840,1164,571,770,"Spinal nucleus of the trigeminal, interpolar part",left
530,3097,2979,1152,681,603,Magnocellular reticular nucleus,left
530,3140,3240,1155,691,654,"Paragigantocellular reticular nucleus, lateral part",left
530,3144,3167,1154,691,639,Gigantocellular reticular nucleus,left
530,3174,3284,1155,699,663,"Paragigantocellular reticular nucleus, lateral part",left
530,3241,3063,1150,713,620,Inferior olivary complex,left
530,3252,3074,1149,716,622,Inferior olivary complex,left
530,3284,3200,1148,725,647,Inferior olivary complex,left
530,2679,2085,1155,592,428,Parvicellular reticular nucleus,right
530,2779,2095,1154,616,431,Parvicellular reticular nucleus,right
530,3146,3327,1156,694,670,"Paragigantocellular reticular nucleus, lateral part",left
530,3231,3435,1154,717,694,Medulla,left
530,3279,3106,1147,723,628,Inferior olivary complex,left
530,2581,2159,1155,572,439,Parvicellular reticular nucleus,right
529,3217,3178,1153,707,642,Medulla,left
529,3222,3045,1151,708,617,Inferior olivary complex,left
529,3249,3087,1150,716,624,Inferior olivary complex,left
529,3143,2839,1153,692,575,Inferior olivary complex,left
529,2960,2943,1150,657,595,Magnocellular reticular nucleus,left
529,3008,2975,1152,665,601,Magnocellular reticular nucleus,left
529,3184,3291,1155,702,664,"Paragigantocellular reticular nucleus, lateral part",left
529,1100,2052,1174,218,398,Simple lobule,right
529,2293,2098,1156,508,420,Spinal vestibular nucleus,right
529,2679,2099,1156,593,431,Parvicellular reticular nucleus,right
529,3200,3560,1158,713,720,ventral spinocerebellar tract,left
529,3289,2850,1146,727,579,Medulla,left
531,3167,3193,1153,696,645,Medulla,left
531,3237,3183,1150,712,643,Medulla,left
531,1770,2158,1160,385,425,Interposed nucleus,right
531,3237,3083,1149,712,624,Inferior olivary complex,left
531,2543,2174,1155,564,441,Parvicellular reticular nucleus,right
531,3052,2858,1150,672,577,Medulla,left
531,3272,3131,1147,721,633,Inferior olivary complex,left
531,1101,2067,1172,218,402,Simple lobule,right
532,3214,3134,1150,707,634,Medulla,left
532,3222,3158,1150,708,638,Medulla,left
532,3242,3053,1149,713,618,Inferior olivary complex,left
532,3279,3098,1146,723,627,Inferior olivary complex,left
532,966,4031,1188,191,825,Crus 1,left
532,2951,2013,1154,651,412,Parvicellular reticular nucleus,right
532,3068,3566,1160,682,719,"Paragigantocellular reticular nucleus, lateral part",left
534,3262,3095,1147,718,626,Inferior olivary complex,left
534,909,3080,1184,182,623,Lobules IV-V,left
534,3272,3122,1146,720,631,Inferior olivary complex,left
534,2703,2128,1152,600,437,Parvicellular reticular nucleus,right
534,3110,3440,1157,688,693,"Paragigantocellular reticular nucleus, lateral part",left
534,3192,3337,1153,704,673,"Paragigantocellular reticular nucleus, lateral part",left
534,3246,3213,1148,715,649,Medulla,left
534,985,3744,1186,187,766,Simple lobule,left
534,3181,3118,1151,699,630,Magnocellular reticular nucleus,left
538,3207,3182,1148,704,642,Medulla,left
538,977,3722,1184,184,761,Simple lobule,left
538,821,3250,1181,152,656,Declive (VI),left
538,1692,2587,1161,368,514,Fastigial nucleus,right
538,1873,1680,1150,410,320,Dentate nucleus,right
538,2269,3439,1161,499,693,Spinal vestibular nucleus,left
538,2709,2553,1151,614,512,Gigantocellular reticular nucleus,right
538,3201,3218,1149,704,650,Medulla,left
538,3183,3388,1151,704,684,"Paragigantocellular reticular nucleus, lateral part",left
538,3217,3362,1149,710,678,"Paragigantocellular reticular nucleus, lateral part",left
538,3252,3323,1147,718,671,Medulla,left
538,3275,3239,1145,723,654,Medulla,left
535,3272,3151,1145,720,637,Inferior olivary complex,left
535,3179,3430,1153,704,692,"Paragigantocellular reticular nucleus, lateral part",left
535,983,3741,1185,186,765,Simple lobule,left
537,3105,3268,1154,685,659,"Paragigantocellular reticular nucleus, lateral part",left
537,3174,3398,1153,702,686,"Paragigantocellular reticular nucleus, lateral part",left
537,3271,3113,1145,720,630,Inferior olivary complex,left
537,2853,3156,1153,642,637,Gigantocellular reticular nucleus,left
537,3058,3011,1150,674,609,Magnocellular reticular nucleus,left
537,1771,2608,1161,384,517,arbor vitae,right
537,3184,3117,1150,700,629,Magnocellular reticular nucleus,left
537,3158,3518,1155,701,711,"Paragigantocellular reticular nucleus, lateral part",left
537,3218,3284,1149,710,663,"Paragigantocellular reticular nucleus, lateral part",left
536,3169,3426,1153,701,691,"Paragigantocellular reticular nucleus, lateral part",left
540,2609,3045,1153,588,615,Gigantocellular reticular nucleus,left
540,3219,3127,1146,708,631,Medulla,left
540,3049,3653,1157,679,736,"Paragigantocellular reticular nucleus, lateral part",left
540,3130,3003,1148,688,608,Magnocellular reticular nucleus,left
539,3211,3200,1147,706,646,Medulla,left
544,3287,3247,1141,725,655,Medulla,left
544,927,3077,1179,186,623,Lobules IV-V,left
544,3125,2818,1146,686,570,Nucleus raphe obscurus,right
541,3266,3133,1144,719,634,Inferior olivary complex,left
541,3214,2816,1146,707,571,Nucleus raphe pallidus,left
541,3270,3155,1143,720,637,Inferior olivary complex,left
543,3266,3123,1141,719,631,Inferior olivary complex,left
546,3225,3173,1143,709,641,Medulla,left
546,2925,2434,1147,657,491,Gigantocellular reticular nucleus,right
546,3171,3425,1148,701,691,"Paragigantocellular reticular nucleus, lateral part",left
546,3296,3123,1138,726,632,Medulla,left
546,3127,3066,1146,687,619,Magnocellular reticular nucleus,left
546,3309,2317,1134,735,467,Medulla,right
547,1755,2479,1153,381,493,Fastigial nucleus,right
547,3216,3377,1144,710,681,"Paragigantocellular reticular nucleus, lateral part",left
547,3283,3109,1138,724,629,Medulla,left
547,2630,2147,1146,582,438,Parvicellular reticular nucleus,right
547,3102,3331,1149,684,671,"Paragigantocellular reticular nucleus, lateral part",left
545,3017,2035,1147,667,414,"Paragigantocellular reticular nucleus, lateral part",right
545,3298,3144,1139,728,636,Medulla,left
545,3329,3157,1137,736,638,Medulla,left
548,3283,3265,1139,725,659,Medulla,left
548,3112,3224,1147,685,650,"Paragigantocellular reticular nucleus, lateral part",left
548,3293,3147,1137,726,636,Medulla,left
548,2955,2700,1143,657,544,Magnocellular reticular nucleus,right
548,3240,3458,1144,720,700,Medulla,left
551,3177,3414,1145,702,689,"Paragigantocellular reticular nucleus, lateral part",left
551,3068,3661,1151,684,737,rubrospinal tract,left
552,3241,3246,1140,713,655,Medulla,left
552,2876,2829,1139,643,570,Nucleus raphe obscurus,right
552,2988,2779,1141,661,561,Medulla,right
552,3296,3119,1135,726,630,Medulla,left
549,3065,2531,1146,678,513,Magnocellular reticular nucleus,right
549,3218,3177,1142,707,641,Medulla,left
550,1067,4139,1182,213,851,Crus 1,left
550,2650,3481,1154,593,699,Parvicellular reticular nucleus,left
550,2699,3570,1154,604,716,Parvicellular reticular nucleus,left
553,3039,3127,1145,671,631,Gigantocellular reticular nucleus,left
553,1724,3176,1155,377,644,Fastigial nucleus,left
553,2945,3079,1144,656,622,Gigantocellular reticular nucleus,left
553,3053,2886,1142,672,583,Magnocellular reticular nucleus,left
553,3032,3195,1146,670,644,"Paragigantocellular reticular nucleus, lateral part",left
553,3184,3610,1146,711,730,ventral spinocerebellar tract,left
553,2733,3623,1153,611,727,Parvicellular reticular nucleus,left
558,3283,3221,1133,724,650,Medulla,left
558,3244,3173,1136,713,640,Medulla,left
558,1688,2291,1149,366,455,Cerebellum,right
558,2867,3362,1147,644,676,Intermediate reticular nucleus,left
554,2759,3060,1144,624,618,Gigantocellular reticular nucleus,left
554,3094,2169,1139,687,440,"Paragigantocellular reticular nucleus, lateral part",right
554,3100,2833,1142,680,573,Nucleus raphe obscurus,left
554,3145,2829,1142,690,573,Nucleus raphe obscurus,left
554,3285,3137,1135,723,633,Medulla,left
554,2927,2934,1140,651,593,Gigantocellular reticular nucleus,left
554,3158,3269,1143,695,659,"Paragigantocellular reticular nucleus, lateral part",left
556,3125,3287,1144,688,662,"Paragigantocellular reticular nucleus, lateral part",left
556,1858,2524,1147,403,498,Nodulus (X),right
556,3341,3127,1129,737,632,Medulla,left
556,3180,3442,1142,703,694,"Paragigantocellular reticular nucleus, lateral part",left
555,1846,1914,1147,403,372,Interposed nucleus,right
555,2877,2937,1139,644,593,Gigantocellular reticular nucleus,left
555,3267,2833,1135,718,575,Nucleus raphe pallidus,left
557,3006,3282,1146,667,661,"Paragigantocellular reticular nucleus, lateral part",left
557,3019,3214,1145,669,648,"Paragigantocellular reticular nucleus, lateral part",left
557,3172,3160,1141,696,637,Medulla,left
557,2626,3534,1152,586,709,Parvicellular reticular nucleus,left
557,3075,3048,1142,677,616,Magnocellular reticular nucleus,left
559,2266,3576,1150,499,720,Spinal vestibular nucleus,left
559,3194,3212,1138,701,647,Medulla,left
561,2377,3198,1151,523,646,Medial vestibular nucleus,left
561,2609,2635,1143,589,528,Gigantocellular reticular nucleus,right
561,2967,2832,1137,657,571,Nucleus raphe obscurus,left
561,3081,3503,1145,683,706,"Paragigantocellular reticular nucleus, lateral part",left
561,2981,2814,1138,659,568,Nucleus raphe obscurus,right
561,3094,2986,1140,680,603,Magnocellular reticular nucleus,left
561,3103,2821,1139,681,570,Nucleus raphe obscurus,right
561,1638,3217,1151,358,651,Fastigial nucleus,left
561,3273,3336,1134,724,674,Medulla,left
560,3138,3144,1140,689,634,Magnocellular reticular nucleus,left
560,3218,2820,1136,706,571,Nucleus raphe pallidus,left
562,3154,3202,1139,693,645,"Paragigantocellular reticular nucleus, lateral part",left
562,3029,3113,1141,670,628,Gigantocellular reticular nucleus,left
562,1739,2251,1147,378,446,Infracerebellar nucleus,right
562,2726,3620,1149,609,726,Parvicellular reticular nucleus,left
563,1845,3584,1150,404,727,Cerebellum,left
563,2231,1927,1138,491,383,Spinal vestibular nucleus,right
563,2719,3745,1148,605,749,"Spinal nucleus of the trigeminal, oral part",left
563,3244,3184,1133,713,642,Parapyramidal nucleus,left
563,3074,3463,1143,681,698,"Paragigantocellular reticular nucleus, lateral part",left
563,1832,2270,1143,398,449,Vestibulocerebellar nucleus,right
564,3060,2953,1138,673,597,Magnocellular reticular nucleus,left
564,3021,3006,1138,667,607,Magnocellular reticular nucleus,left
564,3177,3383,1138,700,682,"Paragigantocellular reticular nucleus, lateral part",left
565,3165,3106,1137,694,626,Magnocellular reticular nucleus,left
565,3189,3474,1138,707,701,"Paragigantocellular reticular nucleus, lateral part",left
566,2989,2620,1137,664,529,Magnocellular reticular nucleus,right
566,3152,3137,1137,691,632,Magnocellular reticular nucleus,left
569,3120,3349,1138,688,674,"Paragigantocellular reticular nucleus, lateral part",left
569,3199,3118,1134,702,629,Magnocellular reticular nucleus,left
569,2138,2283,1137,467,453,Spinal vestibular nucleus,right
569,3154,2491,1133,693,506,Magnocellular reticular nucleus,right
569,2919,2841,1134,650,573,Gigantocellular reticular nucleus,left
569,3199,3210,1134,702,647,Medulla,left
568,935,4014,1172,183,820,Crus 1,left
568,3148,2827,1135,690,572,Nucleus raphe magnus,left
570,3194,3194,1133,701,643,Medulla,left
570,3221,3237,1132,707,652,Medulla,left
570,1885,2384,1138,409,471,Vestibulocerebellar nucleus,right
570,3263,3139,1128,717,633,Parapyramidal nucleus,left
567,3157,3132,1136,692,631,Magnocellular reticular nucleus,left
567,3033,2183,1134,675,444,"Paragigantocellular reticular nucleus, lateral part",right
571,878,4030,1171,171,823,Crus 1,left
571,3226,2831,1130,707,573,Nucleus raphe magnus,left
571,3126,3045,1134,686,614,Magnocellular reticular nucleus,left
571,3142,3330,1135,691,670,"Paragigantocellular reticular nucleus, lateral part",left
572,3187,2502,1130,699,508,Magnocellular reticular nucleus,right
572,3221,3276,1131,707,660,"Paragigantocellular reticular nucleus, lateral part",left
572,2223,2250,1136,487,448,Spinal vestibular nucleus,right
572,3179,3090,1133,697,623,Magnocellular reticular nucleus,left
572,3236,3044,1130,709,615,Medulla,left
581,3273,3197,1123,719,644,Parapyramidal nucleus,left
581,2650,3633,1140,590,728,Parvicellular reticular nucleus,left
581,3185,3115,1129,698,627,Magnocellular reticular nucleus,left
581,3216,3259,1127,705,657,"Paragigantocellular reticular nucleus, lateral part",left
581,3105,3041,1131,682,613,Magnocellular reticular nucleus,left
575,2208,3543,1143,486,715,Spinal vestibular nucleus,left
573,3253,3194,1128,714,644,Parapyramidal nucleus,left
573,2238,2351,1137,489,467,Medial vestibular nucleus,right
573,3125,3301,1136,688,664,"Paragigantocellular reticular nucleus, lateral part",left
573,3190,3395,1133,704,685,"Paragigantocellular reticular nucleus, lateral part",left
573,880,4024,1171,171,822,Crus 1,left
576,2596,2841,1134,583,572,Gigantocellular reticular nucleus,left
576,3100,3123,1134,681,629,Gigantocellular reticular nucleus,left
576,2604,2845,1134,586,573,Gigantocellular reticular nucleus,left
574,3280,3227,1125,721,651,Parapyramidal nucleus,left
574,3187,3075,1131,698,620,Magnocellular reticular nucleus,left
574,3207,3382,1131,707,682,"Paragigantocellular reticular nucleus, lateral part",left
574,3267,3278,1127,719,662,Medulla,left
574,878,4023,1171,171,822,Crus 1,left
578,3275,3211,1124,719,647,Parapyramidal nucleus,left
578,3239,2799,1126,710,568,Nucleus raphe pallidus,right
578,1747,3128,1141,380,636,Fastigial nucleus,left
577,1776,1739,1138,385,333,Interposed nucleus,right
577,1825,2022,1140,397,397,Interposed nucleus,right
577,1848,2487,1138,401,491,Fastigial nucleus,right
577,2161,2309,1134,471,458,Medial vestibular nucleus,right
577,2229,2249,1134,488,449,Spinal vestibular nucleus,right
577,2241,2352,1135,489,467,Medial vestibular nucleus,right
577,2599,2920,1135,585,589,Gigantocellular reticular nucleus,left
577,2846,2072,1132,627,427,Parvicellular reticular nucleus,right
577,3105,2968,1133,681,600,Magnocellular reticular nucleus,left
577,3186,3081,1131,698,621,Magnocellular reticular nucleus,left
577,3193,3391,1131,705,684,"Paragigantocellular reticular nucleus, lateral part",left
577,3211,3377,1130,708,681,"Paragigantocellular reticular nucleus, lateral part",left
577,2255,1945,1133,497,388,Spinal vestibular nucleus,right
577,3280,3195,1124,720,644,Parapyramidal nucleus,left
580,3154,3473,1131,698,700,"Paragigantocellular reticular nucleus, lateral part",left
579,2350,1968,1130,519,396,Spinal vestibular nucleus,right
579,2603,2854,1132,585,575,Gigantocellular reticular nucleus,left
583,3185,3102,1127,697,624,Magnocellular reticular nucleus,left
584,2629,3373,1138,589,679,Intermediate reticular nucleus,left
584,2730,2749,1128,616,554,Gigantocellular reticular nucleus,right
585,2738,2743,1128,618,553,Gigantocellular reticular nucleus,right
585,2920,3795,1141,650,761,"Spinal nucleus of the trigeminal, oral part",left
585,3164,2811,1127,691,569,Nucleus raphe magnus,right
585,3247,2842,1123,710,575,Nucleus raphe pallidus,left
586,3107,3073,1129,682,620,Magnocellular reticular nucleus,left
586,2176,2279,1129,475,454,Medial vestibular nucleus,right
586,3026,3223,1132,669,649,"Paragigantocellular reticular nucleus, lateral part",left
586,3043,2873,1128,669,581,Magnocellular reticular nucleus,left
587,1769,3250,1139,386,657,Fastigial nucleus,left
587,1844,1784,1134,402,344,Dentate nucleus,right
587,3286,3147,1118,720,634,Medulla,left
587,3220,3151,1123,704,634,Magnocellular reticular nucleus,left
587,1713,2086,1139,370,411,Interposed nucleus,right
587,3145,3417,1128,694,688,"Paragigantocellular reticular nucleus, lateral part",left
589,3136,2423,1124,690,492,"Paragigantocellular reticular nucleus, lateral part",right
589,3096,2847,1127,677,575,Nucleus raphe magnus,left
588,3109,2826,1127,680,572,Nucleus raphe magnus,left
588,1742,3087,1136,378,627,Fastigial nucleus,left
590,3019,2736,1126,665,553,Magnocellular reticular nucleus,right
590,3179,2866,1124,695,580,medial lemniscus,left
590,3147,3341,1126,692,672,"Paragigantocellular reticular nucleus, lateral part",left
590,3225,2824,1121,705,572,Nucleus raphe magnus,left
592,3192,3095,1123,698,623,Magnocellular reticular nucleus,left
592,3096,2855,1125,677,577,Medulla,left
592,3135,2594,1123,687,527,Magnocellular reticular nucleus,right
592,3159,3028,1124,692,611,Magnocellular reticular nucleus,left
592,3307,2338,1110,730,472,Medulla,right
592,3106,2846,1125,679,575,Nucleus raphe magnus,left
593,3190,2994,1123,698,604,Magnocellular reticular nucleus,left
593,1861,2347,1131,404,464,Vestibulocerebellar nucleus,right
595,3258,3173,1116,713,640,Parapyramidal nucleus,left
595,2092,3588,1135,458,726,Lateral vestibular nucleus,left
595,3194,3480,1121,707,702,Facial motor nucleus,left
595,2796,3102,1128,632,626,Gigantocellular reticular nucleus,left
595,2797,3095,1128,631,625,Gigantocellular reticular nucleus,left
595,2900,2630,1125,649,531,Gigantocellular reticular nucleus,right
596,2153,3531,1134,473,713,Lateral vestibular nucleus,left
596,2929,2936,1124,652,593,Gigantocellular reticular nucleus,left
596,2004,2134,1128,437,424,Superior vestibular nucleus,right
596,2162,3726,1135,473,753,Lateral vestibular nucleus,left
594,3204,3385,1121,706,682,"Paragigantocellular reticular nucleus, lateral part",left
598,2857,2881,1122,639,582,Gigantocellular reticular nucleus,left
598,3232,3348,1117,711,676,"Paragigantocellular reticular nucleus, lateral part",left
598,3144,2430,1118,692,493,"Paragigantocellular reticular nucleus, lateral part",right
597,2919,2712,1124,650,547,Gigantocellular reticular nucleus,right
597,2304,2541,1130,506,506,Medial vestibular nucleus,right
600,3020,2675,1122,665,541,Magnocellular reticular nucleus,right
600,2868,2906,1122,642,587,Gigantocellular reticular nucleus,left
600,3147,3058,1121,688,616,Magnocellular reticular nucleus,left
601,3049,3250,1125,673,653,"Paragigantocellular reticular nucleus, lateral part",left
601,3110,3225,1123,683,648,"Paragigantocellular reticular nucleus, lateral part",left
601,3162,2638,1119,691,536,Magnocellular reticular nucleus,right
601,1842,2315,1129,400,459,Vestibulocerebellar nucleus,right
601,1872,2350,1127,406,466,Vestibulocerebellar nucleus,right
601,2919,2940,1122,650,594,Gigantocellular reticular nucleus,left
602,3240,3169,1115,708,638,Parapyramidal nucleus,left
602,1822,3928,1138,399,802,Dentate nucleus,left
602,2926,2943,1121,651,595,Gigantocellular reticular nucleus,left
602,3255,3179,1113,711,640,Parapyramidal nucleus,left
603,3045,2875,1120,668,581,Magnocellular reticular nucleus,left
603,3287,3400,1110,726,687,Medulla,left
603,3309,3326,1108,729,672,Medulla,left
603,3164,3352,1119,696,674,Facial motor nucleus,left
603,2769,2698,1121,625,545,Gigantocellular reticular nucleus,right
604,3168,2629,1116,692,534,Magnocellular reticular nucleus,right
604,1758,3963,1139,386,811,Interposed nucleus,left
604,2163,3592,1130,476,725,Lateral vestibular nucleus,left
604,3152,3100,1119,689,624,Magnocellular reticular nucleus,left
604,2165,2336,1121,472,464,Medial vestibular nucleus,right
605,3232,3129,1114,705,630,Magnocellular reticular nucleus,left
605,2165,2337,1121,472,464,Medial vestibular nucleus,right
606,2592,3401,1128,577,684,Parvicellular reticular nucleus,left
607,3213,2900,1113,701,586,medial lemniscus,left
608,1148,3954,1155,220,810,Crus 1,left
609,1822,2474,1126,394,491,Fastigial nucleus,right
609,3215,3370,1113,707,679,Facial motor nucleus,left
609,3299,3228,1107,722,652,Parapyramidal nucleus,left
611,1838,2378,1124,400,472,Fastigial nucleus,right
611,3008,2700,1117,663,547,Magnocellular reticular nucleus,right
611,3172,2831,1113,690,573,Nucleus raphe magnus,left
612,2165,3663,1127,475,740,Lateral vestibular nucleus,left
612,2136,3631,1127,468,733,Lateral vestibular nucleus,left
612,2948,3357,1122,658,675,Intermediate reticular nucleus,left
610,3278,3278,1108,719,662,Parapyramidal nucleus,left
610,3281,3180,1108,716,641,Parapyramidal nucleus,left
614,2087,3584,1127,457,725,Superior vestibular nucleus,left
614,2952,3823,1127,657,767,"Spinal nucleus of the trigeminal, oral part",left
614,2142,3621,1126,470,731,Lateral vestibular nucleus,left
617,2227,3634,1124,489,733,Lateral vestibular nucleus,left
617,2035,2059,1121,444,411,Superior vestibular nucleus,right
617,2366,2400,1120,519,480,Medial vestibular nucleus,right
617,3052,2901,1115,669,586,Magnocellular reticular nucleus,left
617,2638,2599,1121,596,523,Gigantocellular reticular nucleus,right
618,3188,3159,1110,696,635,Magnocellular reticular nucleus,left
618,3308,2472,1098,726,500,Medulla,right
619,2948,3063,1116,657,618,Gigantocellular reticular nucleus,left
619,3012,2964,1114,664,599,Magnocellular reticular nucleus,left
621,1767,3307,1127,384,667,Fastigial nucleus,left
621,2972,2860,1114,655,578,Gigantocellular reticular nucleus,left
621,3274,3163,1103,713,638,Parapyramidal nucleus,left
622,2147,3585,1122,471,724,Lateral vestibular nucleus,left
622,2115,3628,1124,463,733,Superior vestibular nucleus,left
622,2761,3192,1120,623,644,Gigantocellular reticular nucleus,left
622,2821,3644,1121,627,731,Parvicellular reticular nucleus,left
620,2925,3224,1118,654,649,Gigantocellular reticular nucleus,left
623,2055,3659,1124,448,741,Superior vestibular nucleus,left
623,2403,2146,1111,528,432,Medial vestibular nucleus,right
623,2084,3582,1123,456,723,Superior vestibular nucleus,left
627,2827,3625,1118,629,728,Parvicellular reticular nucleus,left
627,2054,2058,1116,448,412,Superior vestibular nucleus,right
626,2189,3779,1120,478,765,Medulla,left
626,2148,3433,1119,470,693,Lateral vestibular nucleus,left
626,3209,3350,1105,704,675,Facial motor nucleus,left
626,3267,3242,1101,712,653,Parapyramidal nucleus,left
625,2751,2923,1113,619,592,Gigantocellular reticular nucleus,left
628,1800,3902,1129,393,797,Interposed nucleus,left
628,1780,3876,1129,388,792,Interposed nucleus,left
628,2214,3530,1118,486,712,Lateral vestibular nucleus,left
628,2155,3588,1120,473,724,Lateral vestibular nucleus,left
630,2348,2710,1116,516,542,"Paragigantocellular reticular nucleus, dorsal part",right
630,2978,3230,1113,662,650,Gigantocellular reticular nucleus,left
630,2925,3252,1114,653,654,Gigantocellular reticular nucleus,left
630,3103,3007,1108,679,605,Magnocellular reticular nucleus,left
631,2045,3548,1120,447,717,Superior vestibular nucleus,left
631,1751,3889,1129,381,797,Interposed nucleus,left
633,2217,3597,1117,487,725,Lateral vestibular nucleus,left
633,2133,3399,1115,466,686,Medial vestibular nucleus,left
633,1923,1857,1118,417,363,Interposed nucleus,right
633,2721,2845,1109,612,575,crossed tectospinal pathway,left
632,2891,2979,1110,646,603,Gigantocellular reticular nucleus,left
632,3017,2852,1108,661,577,Magnocellular reticular nucleus,left
632,2880,3267,1114,646,658,Intermediate reticular nucleus,left
635,2603,2376,1110,583,477,Intermediate reticular nucleus,right
635,3173,2844,1102,689,576,medial lemniscus,left
635,3200,2829,1100,694,573,Nucleus raphe magnus,left
634,2909,2896,1108,647,586,Gigantocellular reticular nucleus,left
634,3157,2848,1104,685,577,Medulla,left
634,1949,2209,1114,425,440,Superior vestibular nucleus,right
634,2071,2082,1113,452,416,Superior vestibular nucleus,right
634,2645,3447,1114,589,694,Parvicellular reticular nucleus,left
634,3306,3272,1094,722,660,Medulla,left
638,3094,2840,1104,674,575,Medulla,left
641,3260,3207,1095,709,646,Parapyramidal nucleus,left
641,2855,2875,1106,637,582,Gigantocellular reticular nucleus,left
641,2179,3440,1112,477,694,Lateral vestibular nucleus,left
641,2362,2696,1112,518,540,"Paragigantocellular reticular nucleus, dorsal part",right
641,2606,2863,1108,583,579,crossed tectospinal pathway,left
637,3033,2991,1107,667,603,Magnocellular reticular nucleus,left
640,2204,3447,1112,482,694,Medial vestibular nucleus,left
640,2071,3550,1116,453,717,Superior vestibular nucleus,left
642,1794,1786,1114,388,345,Interposed nucleus,right
643,3187,3224,1098,695,648,"Paragigantocellular reticular nucleus, lateral part",left
644,1759,3867,1124,383,792,Interposed nucleus,left
644,2916,3782,1113,644,756,"Spinal nucleus of the trigeminal, oral part",left
644,3064,2855,1102,668,577,Magnocellular reticular nucleus,left
644,2924,3766,1112,647,753,Parvicellular reticular nucleus,left
645,2058,3688,1116,448,747,Superior vestibular nucleus,left
646,2890,3213,1107,647,648,Gigantocellular reticular nucleus,left
646,2739,3515,1108,611,708,Parvicellular reticular nucleus,left
646,2819,2937,1104,632,594,Gigantocellular reticular nucleus,left
652,2092,3632,1111,457,733,Superior vestibular nucleus,left
652,2956,2851,1100,651,577,Gigantocellular reticular nucleus,left
652,3065,3122,1100,674,627,Gigantocellular reticular nucleus,left
649,2251,3650,1108,494,736,Lateral vestibular nucleus,left
649,2086,3644,1113,455,737,Superior vestibular nucleus,left
649,2323,3468,1108,510,698,Medial vestibular nucleus,left
651,2115,3551,1109,463,716,Lateral vestibular nucleus,left
651,3230,3248,1092,704,654,Parapyramidal nucleus,left
651,3034,2458,1098,673,498,"Paragigantocellular reticular nucleus, lateral part",right
650,3123,3223,1099,684,648,"Paragigantocellular reticular nucleus, lateral part",left
650,2864,2878,1102,638,583,Gigantocellular reticular nucleus,left
653,3186,3159,1094,693,635,Magnocellular reticular nucleus,left
656,1885,3862,1117,409,789,Interposed nucleus,left
656,3045,2940,1097,667,593,Magnocellular reticular nucleus,left
657,2313,3478,1104,507,700,Medial vestibular nucleus,left
659,2058,3568,1108,450,721,Superior vestibular nucleus,left
659,1833,3852,1116,398,788,Interposed nucleus,left
659,2582,2960,1102,576,599,Gigantocellular reticular nucleus,left
658,2950,3027,1098,655,611,Gigantocellular reticular nucleus,left
660,2863,3607,1102,636,726,Parvicellular reticular nucleus,left
661,2048,3749,1110,445,760,Superior vestibular nucleus,left
663,2662,2178,1093,586,443,Parvicellular reticular nucleus,right
663,2335,3443,1100,511,694,Medial vestibular nucleus,left
664,2328,3450,1100,510,695,Medial vestibular nucleus,left
665,2244,3422,1100,491,689,Medial vestibular nucleus,left
665,2404,3066,1106,528,620,"Paragigantocellular reticular nucleus, dorsal part",left
666,2199,2103,1094,482,424,Medial vestibular nucleus,right
670,3078,3182,1091,676,639,"Paragigantocellular reticular nucleus, lateral part",left
667,3151,2803,1088,680,568,Nucleus raphe magnus,right
667,2089,3767,1104,454,763,Superior vestibular nucleus,left
667,2711,3244,1100,608,658,Intermediate reticular nucleus,left
668,2953,2717,1094,652,549,Magnocellular reticular nucleus,right
671,2304,3509,1096,506,706,Medial vestibular nucleus,left
678,2372,3585,1093,521,721,Medial vestibular nucleus,left
673,2940,2800,1092,648,567,Nucleus raphe magnus,right
673,2678,3614,1095,591,726,Parvicellular reticular nucleus,left
673,2189,2004,1091,480,403,Lateral vestibular nucleus,right
674,2984,3015,1091,659,608,Magnocellular reticular nucleus,left
674,3016,2854,1090,659,577,Magnocellular reticular nucleus,left
674,3093,2538,1086,679,514,Magnocellular reticular nucleus,right
675,3236,3114,1080,699,627,Magnocellular reticular nucleus,left
676,2407,3436,1095,528,692,Parvicellular reticular nucleus,left
676,3045,2942,1088,666,593,Magnocellular reticular nucleus,left
679,3221,2488,1076,703,503,Parapyramidal nucleus,right
679,2859,2176,1084,633,443,Intermediate reticular nucleus,right
680,3047,3203,1088,671,644,Gigantocellular reticular nucleus,left
681,2831,3626,1094,625,730,Parvicellular reticular nucleus,left
681,2425,2496,1095,532,500,Medulla,right
682,2560,2349,1090,567,471,Intermediate reticular nucleus,right
682,2581,4014,1092,559,815,Ventral cochlear nucleus,left
684,2318,3381,1092,507,681,Medial vestibular nucleus,left
684,3148,3043,1081,684,612,Magnocellular reticular nucleus,left
683,3128,2825,1082,675,571,Nucleus raphe magnus,left
686,2914,3177,1087,650,641,Gigantocellular reticular nucleus,left
688,2378,3312,1092,520,669,Medial vestibular nucleus,left
690,3168,2842,1076,681,574,Nucleus raphe magnus,left
690,2940,2955,1084,650,598,Gigantocellular reticular nucleus,left
692,2159,3659,1089,472,739,Lateral vestibular nucleus,left
692,3148,3055,1077,684,614,Magnocellular reticular nucleus,left
692,716,3066,1113,124,624,Lobules IV-V,left
691,2572,3071,1091,571,624,Gigantocellular reticular nucleus,left
691,2934,2726,1084,647,551,Gigantocellular reticular nucleus,right
696,1905,2798,1087,415,562,fourth ventricle,right
694,2266,3709,1083,496,749,Lateral vestibular nucleus,left
694,2933,2894,1083,647,586,Gigantocellular reticular nucleus,left
697,2152,3564,1088,470,719,Medial vestibular nucleus,left
697,2344,3608,1084,515,727,Medial vestibular nucleus,left
697,3158,3050,1075,685,613,Magnocellular reticular nucleus,left
699,2837,3734,1087,619,747,Parvicellular reticular nucleus,left
698,2984,3175,1081,661,639,Gigantocellular reticular nucleus,left
701,2255,3450,1084,493,695,Medial vestibular nucleus,left
701,2891,2903,1081,640,588,Gigantocellular reticular nucleus,left
702,2246,3541,1083,492,713,Medial vestibular nucleus,left
702,3148,2791,1072,677,564,Medulla,right
702,2281,3471,1083,499,699,Medial vestibular nucleus,left
705,2234,3583,1082,489,722,Medial vestibular nucleus,left
705,2364,3424,1083,518,691,Medial vestibular nucleus,left
705,2271,3496,1082,497,704,Medial vestibular nucleus,left
706,2863,3348,1080,638,677,Intermediate reticular nucleus,left
710,2906,2318,1072,647,470,Intermediate reticular nucleus,right
712,2196,3303,1077,478,667,Medial vestibular nucleus,left
713,1943,3304,1081,422,667,Locus ceruleus,left
713,2627,2656,1080,583,534,Gigantocellular reticular nucleus,right
713,3135,2830,1069,674,572,Nucleus raphe magnus,left
713,2364,3456,1079,519,697,Parvicellular reticular nucleus,left
714,2308,3454,1078,506,696,Medial vestibular nucleus,left
714,2928,2910,1075,645,589,Gigantocellular reticular nucleus,left
714,2957,3164,1074,656,638,Gigantocellular reticular nucleus,left
716,3053,3170,1071,672,638,Gigantocellular reticular nucleus,left
716,2049,3204,1074,445,648,Barrington's nucleus,left
716,2191,3216,1075,475,650,Sublaterodorsal nucleus,left
718,3086,3042,1068,674,612,Magnocellular reticular nucleus,left
718,3087,3051,1068,674,614,Magnocellular reticular nucleus,left
720,2264,3441,1074,496,694,Medial vestibular nucleus,left
721,2225,3377,1074,486,681,Medial vestibular nucleus,left
722,2196,3227,1073,477,652,Sublaterodorsal nucleus,left
722,2921,2443,1069,650,493,Gigantocellular reticular nucleus,right
722,2948,3128,1070,654,631,Gigantocellular reticular nucleus,left
722,2968,2591,1070,656,523,Gigantocellular reticular nucleus,right
722,3109,3218,1066,682,648,Gigantocellular reticular nucleus,left
722,3216,3180,1059,697,641,Parapyramidal nucleus,left
725,2104,3296,1072,458,666,Subceruleus nucleus,left
725,2246,3778,1069,490,767,Koelliker-Fuse subnucleus,left
725,2900,3164,1070,645,640,Gigantocellular reticular nucleus,left
730,2248,3583,1070,492,723,Medial vestibular nucleus,left
730,2732,3096,1070,608,630,Gigantocellular reticular nucleus,left
730,2685,2597,1071,598,520,Gigantocellular reticular nucleus,right
730,3053,3213,1065,672,647,Gigantocellular reticular nucleus,left
733,3062,3209,1064,673,646,Gigantocellular reticular nucleus,left
731,2228,3169,1069,484,642,Sublaterodorsal nucleus,left
738,2047,3178,1065,444,644,Barrington's nucleus,left
738,2654,3327,1068,587,676,Intermediate reticular nucleus,left
735,2220,3294,1066,483,667,Subceruleus nucleus,left
737,2360,3312,1069,516,671,Medulla,left
737,3011,2912,1064,657,588,Magnocellular reticular nucleus,left
737,2256,3341,1067,492,675,Medial vestibular nucleus,left
746,1775,2848,1069,384,572,Lobule II,left
746,2930,3181,1061,650,642,Gigantocellular reticular nucleus,left
746,2958,2456,1058,656,496,Gigantocellular reticular nucleus,right
746,3025,3017,1058,663,608,Magnocellular reticular nucleus,left
746,3073,2425,1052,677,490,Gigantocellular reticular nucleus,right
740,2980,3189,1062,659,643,Gigantocellular reticular nucleus,left
740,3043,2670,1060,663,540,Magnocellular reticular nucleus,right
740,2730,3165,1066,608,645,Gigantocellular reticular nucleus,left
740,3145,3155,1055,686,635,Parapyramidal nucleus,left
742,2078,3286,1064,452,665,Pons,left
742,2957,3186,1062,654,642,Gigantocellular reticular nucleus,left
742,3028,2939,1060,661,593,Magnocellular reticular nucleus,left
744,3031,2940,1059,661,593,Magnocellular reticular nucleus,left
747,3154,2840,1051,674,574,Nucleus raphe magnus,left
753,2094,3219,1059,455,652,Pontine central gray,left
752,2984,2584,1057,656,522,Gigantocellular reticular nucleus,right
756,2204,3418,1058,482,692,Pons,left
763,2817,3526,1056,615,712,Intermediate reticular nucleus,left
760,2063,3176,1055,448,643,Pontine central gray,left
761,2236,3369,1056,489,682,Pons,left
761,2394,3293,1057,525,671,Pons,left
761,2988,3234,1054,660,652,Gigantocellular reticular nucleus,left
761,2778,2704,1059,615,545,Gigantocellular reticular nucleus,right
762,2950,3102,1053,652,626,Gigantocellular reticular nucleus,left
764,2884,3582,1054,631,722,Intermediate reticular nucleus,left
764,2949,2405,1048,653,486,"Pontine reticular nucleus, caudal part",right
766,3019,2717,1051,655,549,Magnocellular reticular nucleus,right
766,2792,3006,1055,618,611,Gigantocellular reticular nucleus,left
769,3072,2841,1048,661,574,Nucleus raphe magnus,left
771,2794,2411,1048,621,485,"Pontine reticular nucleus, caudal part",right
772,2228,3347,1050,487,678,Pons,left
777,3013,2631,1046,658,532,Magnocellular reticular nucleus,right
777,2891,2731,1051,634,552,Gigantocellular reticular nucleus,right
778,3030,2652,1044,659,536,Magnocellular reticular nucleus,right
779,2871,2374,1042,635,480,"Pontine reticular nucleus, caudal part",right
781,2954,3499,1044,649,705,Facial motor nucleus,left
785,2561,3305,1046,563,674,"Pontine reticular nucleus, caudal part",left
787,2369,2927,1041,515,593,"Pontine reticular nucleus, caudal part",left
786,3063,2470,1035,672,500,"Pontine reticular nucleus, caudal part",right
795,2638,2725,1043,581,548,crossed tectospinal pathway,right
795,3003,3318,1036,662,669,"Pontine reticular nucleus, caudal part",left
794,2682,3560,1044,581,717,Parvicellular reticular nucleus,left
794,2900,3355,1040,639,677,"Pontine reticular nucleus, caudal part",left
799,2121,3185,1038,460,646,Pons,left
803,2914,3372,1035,641,680,"Pontine reticular nucleus, caudal part",left
803,2682,3509,1039,582,708,Pons,left
803,2654,3257,1037,585,663,"Pontine reticular nucleus, caudal part",left
800,2209,1969,1030,482,395,Supratrigeminal nucleus,right
802,2989,3253,1034,658,657,"Pontine reticular nucleus, caudal part",left
802,3127,2903,1029,671,587,medial lemniscus,left
804,2972,3153,1034,654,637,"Pontine reticular nucleus, caudal part",left
805,2910,3357,1035,641,677,"Pontine reticular nucleus, caudal part",left
805,2714,3337,1037,597,676,"Pontine reticular nucleus, caudal part",left
809,2045,3280,1036,444,665,Pons,left
809,2452,3068,1033,535,628,"Pontine reticular nucleus, caudal part",left
809,2516,3271,1034,552,668,"Pontine reticular nucleus, caudal part",left
808,2450,3065,1033,535,626,"Pontine reticular nucleus, caudal part",left
808,2451,3067,1033,535,626,"Pontine reticular nucleus, caudal part",left
810,1804,2336,1034,386,471,Pons,right
810,2141,3319,1033,466,674,Pons,left
817,2112,3222,1031,458,654,Pons,left
811,2166,2282,1026,472,458,Pons,right
812,2802,2285,1026,615,465,"Pontine reticular nucleus, caudal part",right
812,1924,2422,1033,414,488,Laterodorsal tegmental nucleus,right
814,1897,2461,1034,406,495,Laterodorsal tegmental nucleus,right
814,1798,2159,1030,384,437,Parabrachial nucleus,right
814,2813,3450,1032,615,695,Pons,left
816,2033,3230,1032,441,655,Pons,left
819,2699,2801,1034,592,566,Pons,right
821,2137,3361,1029,466,682,Pons,left
822,2706,2801,1033,593,566,Pons,right
827,3015,2509,1018,659,507,"Pontine reticular nucleus, caudal part",right
827,2590,3048,1026,568,622,"Pontine reticular nucleus, caudal part",left
830,1781,3462,1030,381,700,Parabrachial nucleus,left
833,2666,3423,1026,581,691,Pons,left
833,2907,2824,1028,632,572,Nucleus raphe magnus,left
834,3023,2627,1018,656,532,"Pontine reticular nucleus, caudal part",right
834,2128,3219,1022,462,654,Pons,left
837,2639,3297,1022,579,669,"Pontine reticular nucleus, caudal part",left
841,2214,3126,1018,480,636,"Pontine reticular nucleus, caudal part",left
842,3010,2434,1008,659,492,"Pontine reticular nucleus, caudal part",right
844,3003,2688,1016,649,545,"Pontine reticular nucleus, caudal part",right
843,2132,3216,1018,461,653,Pons,left
849,2064,3515,1020,448,715,Parabrachial nucleus,left
850,2935,3043,1014,643,617,"Pontine reticular nucleus, caudal part",left
857,1922,2133,1009,413,432,Parabrachial nucleus,right
857,2424,1828,1006,528,373,Principal sensory nucleus of the trigeminal,right
857,2359,1883,1006,514,382,Motor nucleus of trigeminal,right
858,2499,2938,1011,544,597,crossed tectospinal pathway,left
860,2244,3674,1016,492,747,Supratrigeminal nucleus,left
862,2882,3359,1006,631,676,"Pontine reticular nucleus, caudal part",left
863,2134,3680,1014,466,749,Parabrachial nucleus,left
865,2719,3250,1008,597,658,"Pontine reticular nucleus, caudal part",left
867,1349,3125,1023,280,645,Periaqueductal gray,left
869,1898,3633,1014,409,740,Parabrachial nucleus,left
868,2205,3549,1011,481,723,Supratrigeminal nucleus,left
866,2264,3034,1006,491,618,Pontine reticular nucleus,left
866,2410,1811,1001,525,369,Principal sensory nucleus of the trigeminal,right
874,2024,3205,1007,436,649,Pedunculopontine nucleus,left
874,2921,2343,992,641,476,"Pontine reticular nucleus, caudal part",right
874,3008,2421,991,658,488,"Pontine reticular nucleus, caudal part",right
874,1903,3618,1011,410,737,Parabrachial nucleus,left
875,2098,3231,1004,453,656,Midbrain reticular nucleus,left
879,1645,3563,1015,344,727,Cuneiform nucleus,left
882,2215,3211,999,480,654,Pontine reticular nucleus,left
884,1855,3129,1007,396,634,Pons,left
883,2213,3462,1003,483,704,Supratrigeminal nucleus,left
886,2751,3585,1003,596,714,Pons,left
887,2562,3741,1006,558,751,Parvicellular motor 5 nucleus,left
887,2863,3575,996,624,711,Pons,left
889,2163,3246,997,468,660,Pontine reticular nucleus,left
890,2218,3216,995,481,655,Pontine reticular nucleus,left
891,2167,3113,996,467,634,Pons,left
893,1634,3214,1007,342,656,Periaqueductal gray,left
898,2126,3242,994,458,658,Midbrain reticular nucleus,left
898,2898,3585,989,634,713,"Superior olivary complex, lateral part",left
898,2171,3242,993,469,659,Pontine reticular nucleus,left
897,2170,3119,994,468,635,Pons,left
899,2862,3111,989,626,629,"Pontine reticular nucleus, caudal part",left
902,1252,3257,1011,257,670,Midbrain,left
901,2602,2887,994,565,585,Pons,left
905,2177,3238,990,470,659,Pontine reticular nucleus,left
905,2509,1835,983,545,380,Pons,right
906,2620,3654,996,571,731,Motor nucleus of trigeminal,left
908,1469,3162,1001,304,650,Periaqueductal gray,left
910,1557,3296,1002,322,674,Periaqueductal gray,left
912,1536,3116,996,320,640,Periaqueductal gray,left
913,1599,2245,994,333,449,Cuneiform nucleus,right
913,2246,2448,982,486,493,Pontine reticular nucleus,right
913,2569,1905,981,558,399,Peritrigeminal zone,right
914,2291,3444,990,500,700,Supratrigeminal nucleus,left
921,2236,3235,983,483,659,Pontine reticular nucleus,left
921,2791,3324,981,609,668,"Pontine reticular nucleus, caudal part",left
915,2369,3244,984,517,662,Pontine reticular nucleus,left
918,2176,2760,986,471,558,Superior central nucleus raphe,right
922,2187,3236,982,471,659,Pontine reticular nucleus,left
924,1536,3188,994,319,654,Periaqueductal gray,left
924,1562,3150,992,325,645,Periaqueductal gray,left
923,2782,2348,972,609,478,Pontine reticular nucleus,right
926,1524,3201,994,316,656,Periaqueductal gray,left
926,1555,3216,994,323,658,Periaqueductal gray,left
925,2396,3766,985,526,763,Pons,left
927,2222,3508,985,483,713,Supratrigeminal nucleus,left
930,1557,3239,993,323,663,Periaqueductal gray,left
932,2168,3250,979,467,661,Pontine reticular nucleus,left
932,2547,3221,978,556,654,Pontine reticular nucleus,left
932,1534,3202,991,319,655,Periaqueductal gray,left
931,1579,3199,990,329,654,Periaqueductal gray,left
931,1591,3166,989,332,647,Periaqueductal gray,left
933,998,2911,996,196,590,"Superior colliculus, motor related, deep gray layer",left
933,1620,3195,989,338,652,Periaqueductal gray,left
935,985,2974,995,192,603,"Superior colliculus, motor related, deep gray layer",left
935,1585,3154,987,331,645,Periaqueductal gray,left
936,2491,3757,979,546,758,Pons,left
938,1227,3233,994,251,664,"Superior colliculus, motor related, deep gray layer",left
938,1780,3241,985,376,658,Midbrain reticular nucleus,left
938,2858,3354,971,624,674,"Pontine reticular nucleus, caudal part",left
938,2475,3113,974,539,634,Pontine reticular nucleus,left
937,1253,3342,996,259,685,Midbrain,left
937,1372,3198,992,282,658,Periaqueductal gray,left
939,1338,2374,985,276,474,Midbrain,right
940,1573,3205,987,328,655,Periaqueductal gray,left
940,2641,2063,966,575,433,Pontine reticular nucleus,right
943,2668,2646,971,580,537,Tegmental reticular nucleus,right
944,1635,3191,984,342,650,Periaqueductal gray,left
945,1762,3047,981,371,619,Periaqueductal gray,left
945,1373,3107,984,282,638,Periaqueductal gray,left
945,1645,3196,984,344,651,Periaqueductal gray,left
945,2486,3699,976,546,746,Pons,left
945,2489,3570,978,547,718,Peritrigeminal zone,left
945,2641,2059,964,575,432,Pontine reticular nucleus,right
947,2647,2769,972,573,562,Superior central nucleus raphe,right
947,1622,3123,980,339,638,Periaqueductal gray,left
949,1660,3166,981,348,645,Periaqueductal gray,left
951,1618,3174,980,339,647,Periaqueductal gray,left
953,2448,3289,971,535,668,Pontine reticular nucleus,left
953,1521,3207,982,316,656,Periaqueductal gray,left
953,1220,3300,988,251,676,"Superior colliculus, motor related, deep gray layer",left
953,2214,3262,970,477,664,Pontine reticular nucleus,left
952,1422,3222,984,293,660,Periaqueductal gray,left
956,1593,3125,977,333,638,Periaqueductal gray,left
954,2638,3541,971,578,707,lateral lemniscus,left
955,1341,3120,979,275,640,Periaqueductal gray,left
955,1642,3176,978,343,647,Periaqueductal gray,left
957,1638,3300,982,343,672,Cuneiform nucleus,left
961,2583,2772,965,559,562,Superior central nucleus raphe,right
961,1601,3131,975,334,639,Periaqueductal gray,left
961,1547,3195,978,321,653,Periaqueductal gray,left
961,1330,3203,981,274,657,Periaqueductal gray,left
961,1704,3111,974,358,633,Periaqueductal gray,left
961,2529,3371,969,554,680,Pontine reticular nucleus,left
961,2674,2043,955,584,429,lateral lemniscus,right
960,2585,3477,969,567,697,Pontine reticular nucleus,left
960,1577,3103,974,329,635,Periaqueductal gray,left
958,1211,3373,986,249,691,"Superior colliculus, motor related, deep gray layer",left
958,1199,2933,975,241,598,Periaqueductal gray,left
963,1279,3274,981,263,671,"Superior colliculus, motor related, deep gray layer",left
962,1615,3119,974,338,637,Periaqueductal gray,left
965,2837,3470,959,619,695,Pontine reticular nucleus,left
964,1706,3167,974,358,643,Periaqueductal gray,left
966,1587,3097,971,331,632,Periaqueductal gray,left
971,2229,3253,961,480,663,Pontine reticular nucleus,left
971,1008,2443,970,194,498,"Superior colliculus, motor related, intermediate white layer",right
971,1322,3256,976,272,666,"Superior colliculus, motor related, deep white layer",left
971,1613,3121,969,338,636,Periaqueductal gray,left
971,1627,3167,971,340,645,Periaqueductal gray,left
971,1634,3107,969,342,633,Periaqueductal gray,left
969,1582,3086,969,330,630,Periaqueductal gray,left
969,2830,3469,958,617,696,Pontine reticular nucleus,left
970,1246,3367,980,257,689,"Superior colliculus, motor related, deep gray layer",left
970,1639,3162,972,343,643,Periaqueductal gray,left
972,1602,3347,977,334,682,Cuneiform nucleus,left
977,2431,2948,957,525,599,Superior central nucleus raphe,left
975,1575,3081,966,329,629,Periaqueductal gray,left
975,1054,3006,971,209,610,"Superior colliculus, motor related, deep gray layer",left
976,1628,3103,967,341,633,Periaqueductal gray,left
978,1581,3099,966,330,633,Periaqueductal gray,left
981,1602,3108,965,334,634,Periaqueductal gray,left
981,1633,3152,967,342,641,Periaqueductal gray,left
979,1343,3465,977,279,710,Midbrain,left
979,1561,3132,966,325,639,Periaqueductal gray,left
979,1606,2947,959,337,601,Periaqueductal gray,left
982,1340,3132,966,275,641,Periaqueductal gray,left
984,2310,3523,958,504,713,Pontine reticular nucleus,left
984,1591,3346,972,331,682,Midbrain reticular nucleus,left
985,2169,3368,958,467,685,Pontine reticular nucleus,left
985,1689,2965,961,354,604,Periaqueductal gray,left
1004,1668,3088,955,350,629,Periaqueductal gray,left
1004,2648,2929,945,573,595,Tegmental reticular nucleus,left
1004,1654,3101,955,346,631,Periaqueductal gray,left
986,1443,3367,972,299,688,Midbrain,left
986,1605,3075,961,336,627,Periaqueductal gray,left
986,2234,3253,955,481,662,Pontine reticular nucleus,left
988,1655,3126,963,347,636,Periaqueductal gray,left
988,1629,3077,961,341,627,Periaqueductal gray,left
990,1614,3100,961,338,632,Periaqueductal gray,left
990,1645,3132,962,344,637,Periaqueductal gray,left
990,1487,3391,971,308,693,Midbrain reticular nucleus,left
989,1628,3077,961,341,627,Periaqueductal gray,left
992,1620,3018,956,339,616,Periaqueductal gray,left
992,1487,3394,970,308,694,Midbrain reticular nucleus,left
993,1382,3320,968,285,679,Midbrain,left
993,1600,3068,958,335,626,Periaqueductal gray,left
995,2494,2139,944,543,441,Pontine reticular nucleus,right
994,1638,3084,959,343,629,Periaqueductal gray,left
997,1624,3107,958,340,633,Periaqueductal gray,left
996,1590,2996,953,333,611,Periaqueductal gray,left
998,1649,3027,955,346,617,Periaqueductal gray,left
1000,2112,1999,944,451,403,Pedunculopontine nucleus,right
1000,1644,3135,958,344,638,Periaqueductal gray,left
1001,1595,3531,966,331,722,Midbrain reticular nucleus,left
1001,1595,3028,953,334,618,Periaqueductal gray,left
1001,2493,2134,942,543,439,Pontine reticular nucleus,right
1002,1322,3368,965,272,689,"Superior colliculus, motor related, deep gray layer",left
1002,1348,3368,965,279,689,"Superior colliculus, motor related, deep gray layer",left
1002,1751,3025,955,366,615,Periaqueductal gray,left
1010,1688,2893,948,354,589,Periaqueductal gray,left
1010,2170,2034,940,465,412,Pedunculopontine nucleus,right
1010,2473,2422,941,535,491,Pontine reticular nucleus,right
1009,1519,3211,957,316,654,Periaqueductal gray,left
1009,2646,2931,943,571,595,Tegmental reticular nucleus,left
1011,1656,3072,950,346,625,Periaqueductal gray,left
1011,1707,3111,952,357,633,Periaqueductal gray,left
1012,1559,3311,959,325,675,Midbrain reticular nucleus,left
1012,1662,3122,952,347,635,Periaqueductal gray,left
1013,1710,2957,949,357,602,Periaqueductal gray,left
1013,1744,3090,952,366,628,Periaqueductal gray,left
1014,1622,3178,954,338,647,Periaqueductal gray,left
1015,1396,3228,954,288,659,Periaqueductal gray,left
1016,1555,3563,960,322,730,Midbrain reticular nucleus,left
1018,1623,3007,944,340,613,Periaqueductal gray,left
1018,1720,2992,947,359,609,Periaqueductal gray,left
1018,1657,3024,946,346,616,Periaqueductal gray,left
1020,2351,3428,942,511,694,Pontine reticular nucleus,left
1020,1388,3323,956,287,679,"Superior colliculus, motor related, deep gray layer",left
1020,1664,3102,948,348,631,Periaqueductal gray,left
1019,1463,3706,959,303,761,"Inferior colliculus, external nucleus",left
1021,1597,3098,947,333,632,Periaqueductal gray,left
1021,1634,2973,943,342,606,Periaqueductal gray,left
1023,1442,3259,952,298,665,Midbrain,left
1023,1652,3033,944,345,618,Periaqueductal gray,left
1022,1725,2971,945,360,605,Periaqueductal gray,left
1022,1731,3041,946,362,619,Periaqueductal gray,left
1025,1732,2907,943,361,591,Periaqueductal gray,left
1025,1632,3129,947,341,637,Periaqueductal gray,left
1025,2286,3542,939,496,718,rubrospinal tract,left
1025,2194,2047,934,471,414,Pedunculopontine nucleus,right
1024,1566,3141,947,326,640,Periaqueductal gray,left
1027,1625,3028,941,339,618,Periaqueductal gray,left
1027,2286,3205,937,490,653,Pontine reticular nucleus,left
1027,2506,2453,933,541,499,Pontine reticular nucleus,right
1027,1524,3705,954,316,761,"Inferior colliculus, external nucleus",left
1027,1631,2958,938,341,603,Periaqueductal gray,left
1026,2141,2076,935,457,419,Pedunculopontine nucleus,right
1032,1157,2164,939,233,432,"Superior colliculus, motor related, intermediate white layer",right
1028,1627,3377,953,339,689,Midbrain reticular nucleus,left
1029,1157,2169,941,233,433,"Superior colliculus, motor related, intermediate white layer",right
1029,1622,2989,939,339,610,Periaqueductal gray,left
1029,1308,3298,950,269,673,"Superior colliculus, motor related, deep gray layer",left
1033,1664,3100,943,348,631,Periaqueductal gray,left
1034,1678,2995,939,351,610,Supraoculomotor periaqueductal gray,left
1034,1684,3028,940,352,617,Periaqueductal gray,left
1035,1638,3073,940,342,626,Periaqueductal gray,left
1037,947,3423,948,181,698,"Superior colliculus, motor related, intermediate gray layer",left
1036,1165,3272,944,234,665,"Superior colliculus, motor related, deep gray layer",left
1041,1626,3082,938,339,627,Periaqueductal gray,left
1041,947,3425,946,181,698,"Superior colliculus, motor related, intermediate gray layer",left
1043,1601,3006,932,334,613,Periaqueductal gray,left
1042,2622,3475,928,572,703,Pons,left
1044,1632,3039,935,340,620,Periaqueductal gray,left
1049,1085,2300,930,213,467,"Superior colliculus, motor related, intermediate white layer",right
1049,1799,3001,935,375,611,Midbrain reticular nucleus,left
1049,2125,3430,932,454,699,Pedunculopontine nucleus,left
1048,1691,3056,935,353,622,Periaqueductal gray,left
1052,1797,3363,940,378,687,Midbrain reticular nucleus,left
1052,1588,2920,925,332,595,Periaqueductal gray,left
1053,1046,2323,928,204,474,"Superior colliculus, motor related, intermediate white layer",right
1053,1267,3507,945,260,719,"Superior colliculus, motor related, intermediate white layer",left
1058,1269,3164,931,257,644,"Superior colliculus, motor related, deep white layer",left
1059,1660,3204,935,347,653,Midbrain reticular nucleus,left
1062,1677,3040,928,349,619,Periaqueductal gray,left
1066,1761,2826,925,365,575,Midbrain,left
1065,1176,2286,923,235,463,"Superior colliculus, motor related, intermediate white layer",right
1065,1604,3051,926,334,622,Periaqueductal gray,left
1065,1657,3479,938,344,714,Midbrain reticular nucleus,left
1067,1698,2882,922,354,587,Periaqueductal gray,left
1075,1693,2845,918,352,580,Periaqueductal gray,left
1076,1592,3471,934,330,712,Midbrain reticular nucleus,left
1079,1613,3275,929,337,668,Midbrain reticular nucleus,left
1080,1686,2893,917,350,590,Supraoculomotor periaqueductal gray,left
1091,1292,2124,915,263,425,"Superior colliculus, motor related, intermediate white layer",right
1082,2303,3131,913,491,638,Pontine reticular nucleus,left
1081,1641,2124,922,339,426,Midbrain reticular nucleus,right
1081,1677,2913,917,348,594,Supraoculomotor periaqueductal gray,left
1084,2025,3173,918,427,648,Red nucleus,left
1083,1713,2917,916,356,595,Supraoculomotor periaqueductal gray,left
1085,1509,3090,918,312,629,Periaqueductal gray,left
1086,1739,3455,927,364,709,Midbrain reticular nucleus,left
1088,1607,3247,925,334,662,Midbrain reticular nucleus,left
1092,1148,2306,911,228,469,"Superior colliculus, motor related, intermediate white layer",right
1092,1629,3034,915,338,619,Periaqueductal gray,left
1093,1253,3394,924,253,694,"Superior colliculus, motor related, intermediate white layer",left
1095,1174,3039,911,236,617,"Superior colliculus, motor related, deep white layer",left
1101,1435,3327,920,295,679,"Superior colliculus, motor related, deep gray layer",left
1108,1747,2702,906,361,550,Periaqueductal gray,right
1107,1224,2152,907,246,431,"Superior colliculus, motor related, intermediate white layer",right
1105,2489,2205,891,535,449,"Substantia nigra, reticular part",right
1109,1261,2036,910,256,405,"Superior colliculus, motor related, intermediate white layer",right
1109,1590,3300,918,331,674,Midbrain reticular nucleus,left
1114,1721,3039,907,357,621,Midbrain reticular nucleus,left
1120,1190,2282,900,235,463,"Superior colliculus, motor related, intermediate white layer",right
1116,1733,3672,916,362,761,Midbrain reticular nucleus,left
1116,1518,3029,904,313,618,Periaqueductal gray,left
1117,1211,2253,902,240,456,"Superior colliculus, motor related, intermediate white layer",right
1119,1488,2252,906,305,455,"Superior colliculus, motor related, deep gray layer",right
1123,1608,3305,911,335,676,Midbrain reticular nucleus,left
1121,2042,3630,911,426,747,Midbrain,left
1125,1619,3451,913,337,709,Midbrain reticular nucleus,left
1125,1241,2882,897,252,586,Periaqueductal gray,left
1124,1430,2127,905,293,427,"Superior colliculus, motor related, intermediate white layer",right
1126,1190,3530,913,237,725,"Superior colliculus, motor related, intermediate gray layer",left
1129,1332,1952,904,270,388,"Superior colliculus, motor related, intermediate gray layer",right
1139,1940,3404,901,407,700,Midbrain reticular nucleus,left
1141,1790,2937,894,371,601,Periaqueductal gray,left
1150,1373,1928,897,279,385,"Superior colliculus, motor related, intermediate gray layer",right
1150,1235,4977,913,250,1032,"Temporal association areas, layer 1",left
1147,1721,3504,901,359,724,Midbrain reticular nucleus,left
1149,1241,4990,914,252,1035,"Temporal association areas, layer 1",left
1151,1195,2867,889,242,584,"Superior colliculus, motor related, deep white layer",left
1151,1215,4962,912,246,1030,"Temporal association areas, layer 1",left
1154,1596,3150,894,330,644,Midbrain reticular nucleus,left
1153,1919,3531,898,401,730,Midbrain reticular nucleus,left
1156,1991,3458,895,416,714,Midbrain reticular nucleus,left
1160,1221,2317,886,239,470,"Superior colliculus, motor related, intermediate white layer",right
1163,1652,3190,891,343,653,Midbrain reticular nucleus,left
1163,1861,2785,882,386,569,Edinger-Westphal nucleus,right
1162,1836,3449,894,384,712,Midbrain reticular nucleus,left
1169,1090,2615,883,215,535,"Superior colliculus, motor related, intermediate white layer",right
1169,1982,3398,889,415,701,Midbrain reticular nucleus,left
1168,1757,3225,889,367,661,Midbrain reticular nucleus,left
1174,1899,2775,877,396,567,Edinger-Westphal nucleus,right
1174,1423,1930,888,288,385,"Superior colliculus, motor related, intermediate gray layer",right
1178,1416,1930,886,286,385,"Superior colliculus, motor related, intermediate gray layer",right
1177,1847,2888,878,383,592,Periaqueductal gray,left
1177,1829,2897,878,379,593,Periaqueductal gray,left
1180,1656,3509,887,346,726,Midbrain reticular nucleus,left
1184,1503,3236,883,308,662,"Superior colliculus, motor related, deep gray layer",left
1185,1339,3286,883,267,671,"Superior colliculus, motor related, intermediate white layer",left
1185,1459,3139,881,297,642,"Superior colliculus, motor related, deep white layer",left
1185,1869,2984,875,389,612,Midbrain reticular nucleus,left
1185,1451,3143,881,294,642,"Superior colliculus, motor related, deep white layer",left
1185,1858,2892,874,386,592,Midbrain,left
1185,1874,2887,874,389,591,Midbrain,left
1188,2022,3116,873,425,638,Red nucleus,left
1193,2031,3110,871,427,637,Red nucleus,left
1193,2208,2521,864,468,512,Red nucleus,right
1194,1882,2853,869,391,585,Periaqueductal gray,left
1197,1919,3167,873,403,649,Red nucleus,left
1198,1556,3529,880,323,730,"Superior colliculus, motor related, intermediate white layer",left
1201,1532,3596,880,318,745,"Superior colliculus, motor related, intermediate white layer",left
1203,1921,2837,864,400,580,Medial accesory oculomotor nucleus,left
1203,2220,2468,858,470,502,Red nucleus,right
1203,1187,2458,871,229,503,"Superior colliculus, motor related, intermediate white layer",right
1202,1976,3070,867,414,630,Red nucleus,left
1208,2229,2556,857,473,520,Ventral tegmental area,right
1211,1253,2397,868,243,488,"Superior colliculus, motor related, intermediate white layer",right
1211,1536,3595,875,319,745,"Superior colliculus, motor related, intermediate gray layer",left
1211,1551,3543,874,322,734,"Superior colliculus, motor related, intermediate white layer",left
1209,1323,2362,869,260,480,"Superior colliculus, motor related, intermediate white layer",right
1209,1872,2865,864,388,587,Nucleus of Darkschewitsch,left
1209,1921,2850,863,400,584,Medial accesory oculomotor nucleus,left
1209,1920,2873,863,400,589,medial longitudinal fascicle,left
1209,1953,2845,862,408,583,Midbrain,left
1210,1432,2472,868,287,503,"Superior colliculus, motor related, deep white layer",right
1210,1722,3362,873,360,693,Midbrain reticular nucleus,left
1210,1896,3225,869,398,663,Red nucleus,left
1210,1555,3584,875,324,744,"Superior colliculus, motor related, intermediate white layer",left
1210,1934,2859,862,403,586,Midbrain,left
1210,1511,3575,876,313,740,"Superior colliculus, motor related, intermediate white layer",left
1212,1533,3586,875,319,743,"Superior colliculus, motor related, intermediate white layer",left
1214,1657,3477,872,346,719,Midbrain,left
1217,1606,3519,871,335,730,Midbrain,left
1217,1724,3045,866,357,627,Midbrain reticular nucleus,left
1217,1968,2831,858,411,580,Medial accesory oculomotor nucleus,left
1218,1540,3548,871,320,735,"Superior colliculus, motor related, intermediate white layer",left
1219,1976,3023,859,413,621,Red nucleus,left
1222,2927,2882,841,629,593,root,left
1224,1564,3511,868,325,727,"Superior colliculus, motor related, intermediate white layer",left
1224,1497,3604,871,310,747,"Superior colliculus, motor related, intermediate gray layer",left
1224,1532,3558,869,317,738,"Superior colliculus, motor related, intermediate white layer",left
1224,1711,3546,867,358,737,Midbrain reticular nucleus,left
1223,1946,2843,856,405,583,Medial accesory oculomotor nucleus,left
1225,1723,3650,868,362,762,Posterior limiting nucleus of the thalamus,left
1225,2000,2838,855,418,582,Midbrain,left
1225,1552,2357,863,315,478,Midbrain,right
1228,1485,3551,868,307,734,"Superior colliculus, motor related, intermediate white layer",left
1228,1914,2842,855,398,582,Midbrain,left
1231,1640,3460,863,342,716,Midbrain,left
1226,1937,2844,855,403,583,Medial accesory oculomotor nucleus,left
1229,1552,3556,867,322,737,"Superior colliculus, motor related, intermediate white layer",left
1227,1755,3662,866,369,765,Posterior limiting nucleus of the thalamus,left
1232,2009,2841,852,420,582,Midbrain,left
1235,1468,3560,865,303,737,"Superior colliculus, motor related, intermediate gray layer",left
1235,1825,3631,861,383,758,Posterior limiting nucleus of the thalamus,left
1235,1549,3447,862,321,711,"Superior colliculus, motor related, intermediate white layer",left
1235,1580,3508,862,329,727,"Superior colliculus, motor related, intermediate white layer",left
1235,1639,3471,861,342,719,Midbrain,left
1234,1517,3513,864,313,727,"Superior colliculus, motor related, intermediate white layer",left
1234,1943,2860,852,405,587,Midbrain,left
1234,1501,3632,867,311,753,"Superior colliculus, motor related, intermediate gray layer",left
1234,1978,2861,851,413,587,Midbrain,left
1234,2251,3101,849,476,637,Red nucleus,left
1233,1550,2389,860,315,485,Midbrain,right
1233,1723,3445,863,361,713,Midbrain,left
1233,1802,3596,863,378,750,Midbrain reticular nucleus,left
1239,1233,2879,858,248,590,"Superior colliculus, motor related, deep gray layer",left
1239,1628,3415,860,339,705,Midbrain,left
1239,1521,3602,863,315,747,"Superior colliculus, motor related, intermediate gray layer",left
1239,1735,3436,859,363,711,Midbrain,left
1237,1732,3277,861,361,674,Midbrain reticular nucleus,left
1237,1986,2822,850,414,578,Medial accesory oculomotor nucleus,left
1237,2009,2844,850,420,583,Medial accesory oculomotor nucleus,left
1237,1762,3483,861,369,723,Midbrain reticular nucleus,left
1242,1540,3525,860,319,730,"Superior colliculus, motor related, intermediate gray layer",left
1242,1433,3544,863,294,733,"Superior colliculus, motor related, intermediate gray layer",left
1242,1701,3673,860,357,768,Posterior limiting nucleus of the thalamus,left
1242,1763,3426,858,370,709,Midbrain reticular nucleus,left
1242,1858,2520,852,387,511,Midbrain reticular nucleus,right
1242,1963,2843,849,409,584,Medial accesory oculomotor nucleus,left
1242,1514,3508,861,313,726,"Superior colliculus, motor related, intermediate white layer",left
1242,1734,3645,859,364,761,Posterior limiting nucleus of the thalamus,left
1236,1571,3544,862,327,736,"Superior colliculus, motor related, intermediate gray layer",left
1236,1577,3420,862,326,706,"Superior colliculus, motor related, intermediate white layer",left
1236,1597,3502,862,332,725,"Superior colliculus, motor related, intermediate white layer",left
1236,2002,2831,850,418,580,Medial accesory oculomotor nucleus,left
1238,1724,3469,860,361,719,Midbrain,left
1240,1559,3537,861,324,733,"Superior colliculus, motor related, intermediate gray layer",left
1240,1635,3453,860,341,715,Midbrain,left
1241,1584,3429,860,329,708,"Superior colliculus, motor related, intermediate white layer",left
1241,1465,3551,863,302,734,"Superior colliculus, motor related, intermediate gray layer",left
1241,1612,3422,860,335,706,"Superior colliculus, motor related, intermediate white layer",left
1241,1723,3401,859,361,703,Midbrain,left
1241,1963,2829,849,409,580,Medial accesory oculomotor nucleus,left
1241,2019,2857,849,422,586,Midbrain,left
1244,2006,2820,847,419,578,Medial accesory oculomotor nucleus,left
1244,1746,3415,857,365,706,Midbrain,left
1244,1698,3397,857,355,701,Midbrain,left
1243,1739,3408,857,364,705,Midbrain,left
1243,1575,3479,858,327,720,"Superior colliculus, motor related, intermediate white layer",left
1243,1082,3151,862,209,644,"Superior colliculus, motor related, intermediate gray layer",left
1243,2077,2889,847,435,593,Midbrain reticular nucleus,left
1245,1470,3505,861,302,724,"Superior colliculus, motor related, intermediate white layer",left
1245,1959,2858,848,408,587,Midbrain,left
1245,2015,2841,847,421,582,Medial accesory oculomotor nucleus,left
1246,1677,3658,858,352,764,Posterior limiting nucleus of the thalamus,left
1246,1965,2849,847,409,585,Midbrain,left
1246,1651,3419,857,344,707,Midbrain,left
1248,2068,3066,847,434,631,Red nucleus,left
1248,1531,3480,857,316,720,"Superior colliculus, motor related, intermediate white layer",left
1248,2048,2811,845,429,576,Medial accesory oculomotor nucleus,left
1248,1743,3488,855,366,725,Anterior pretectal nucleus,left
1247,1717,3435,855,359,711,Anterior pretectal nucleus,left
1249,1490,3480,858,307,719,"Superior colliculus, motor related, intermediate white layer",left
1249,1501,2439,853,303,496,Midbrain,right
1249,1531,3466,857,316,716,"Superior colliculus, motor related, intermediate white layer",left
1249,2083,2856,845,438,586,Midbrain,left
1249,2148,2928,844,453,602,Midbrain,left
1250,1732,3468,854,362,720,Anterior pretectal nucleus,left
1250,1535,3536,857,318,733,"Superior colliculus, motor related, intermediate gray layer",left
1250,2010,2846,845,420,584,Medial accesory oculomotor nucleus,left
1250,2218,2980,842,469,612,Midbrain,left
1251,1865,3577,853,392,745,Posterior limiting nucleus of the thalamus,left
1251,2039,3447,850,427,716,Midbrain reticular nucleus,left
1251,2092,2862,843,439,587,Midbrain,left
1253,1790,3421,853,375,708,Anterior pretectal nucleus,left
1253,1664,3519,854,348,731,Midbrain,left
1252,1978,2857,845,413,586,Midbrain,left
1254,1582,3390,854,327,699,"Superior colliculus, motor related, intermediate white layer",left
1267,2124,2781,836,447,570,Midbrain,right
1267,1369,3471,851,276,716,"Superior colliculus, motor related, intermediate gray layer",left
1267,1633,3317,847,338,683,Midbrain,left
1267,2070,2812,837,434,576,Medial accesory oculomotor nucleus,left
1256,1436,3530,856,293,730,"Superior colliculus, motor related, intermediate gray layer",left
1256,2026,2838,842,423,583,Medial accesory oculomotor nucleus,left
1255,1644,3313,852,341,683,Midbrain,left
1257,2100,3077,843,441,633,Red nucleus,left
1257,1406,2398,851,279,488,"Superior colliculus, motor related, intermediate white layer",right
1257,1802,3616,852,378,755,Posterior limiting nucleus of the thalamus,left
1257,2040,2984,843,427,614,Midbrain reticular nucleus,left
1259,2586,407,807,539,85,"Entorhinal area, lateral part, layer 1",right
1259,2029,2819,841,424,578,Medial accesory oculomotor nucleus,left
1259,1441,3434,853,293,708,"Superior colliculus, motor related, intermediate gray layer",left
1259,1629,3333,851,337,687,Midbrain,left
1258,1431,3456,854,291,713,"Superior colliculus, motor related, intermediate gray layer",left
1258,1719,3651,852,361,763,Posterior limiting nucleus of the thalamus,left
1258,1766,3621,851,371,756,Posterior limiting nucleus of the thalamus,left
1258,2014,2868,842,421,589,Midbrain reticular nucleus,left
1263,1730,3318,848,360,685,Midbrain,left
1263,1982,3488,845,415,726,Midbrain reticular nucleus,left
1263,1640,3351,849,340,691,Midbrain,left
1264,1481,3400,850,303,701,Midbrain,left
1264,2041,2822,839,427,578,Medial accesory oculomotor nucleus,left
1265,1510,3457,850,311,714,"Superior colliculus, motor related, intermediate gray layer",left
1265,2088,2846,838,438,584,Midbrain,left
1265,1659,3300,849,344,680,Midbrain,left
1265,2053,2834,839,430,582,Medial accesory oculomotor nucleus,left
1266,2067,2965,839,432,610,Midbrain reticular nucleus,left
1266,1660,3308,848,344,682,Midbrain,left
1266,2064,2812,838,432,576,Medial accesory oculomotor nucleus,left
1266,2062,2879,838,431,592,Midbrain reticular nucleus,left
1269,2097,2830,836,439,581,Medial accesory oculomotor nucleus,left
1268,1492,3466,849,306,716,"Superior colliculus, motor related, intermediate gray layer",left
1268,1473,3445,849,302,711,"Superior colliculus, motor related, intermediate gray layer",left
1271,1664,3278,845,344,676,Midbrain,left
1272,1950,3462,842,409,719,Anterior pretectal nucleus,left
1272,1954,2832,837,407,581,Nucleus of Darkschewitsch,left
1273,1491,3540,848,307,734,"Superior colliculus, motor related, intermediate gray layer",left
1273,1975,3454,841,415,718,Midbrain reticular nucleus,left
1273,1980,2850,837,412,585,Nucleus of Darkschewitsch,left
1273,2074,2864,835,434,589,Midbrain,left
1274,2024,2831,835,423,581,Medial accesory oculomotor nucleus,left
1274,2000,2819,836,417,579,Medial accesory oculomotor nucleus,left
1275,1968,2816,835,410,578,Periaqueductal gray,left
1275,1255,3389,848,246,699,"Superior colliculus, motor related, intermediate gray layer",left
1277,1778,3571,842,373,744,Anterior pretectal nucleus,left
1277,2014,2812,835,420,576,Medial accesory oculomotor nucleus,left
1276,1369,3379,846,275,696,"Superior colliculus, motor related, intermediate gray layer",left
1281,1262,3241,844,247,665,"Superior colliculus, motor related, intermediate gray layer",left
1281,2115,2852,831,444,585,Midbrain,left
1281,1244,3319,845,244,683,"Superior colliculus, motor related, intermediate gray layer",left
1281,1313,3231,843,260,663,"Superior colliculus, motor related, intermediate gray layer",left
1281,1793,3596,840,377,750,Posterior limiting nucleus of the thalamus,left
1281,1828,3573,840,384,745,Posterior limiting nucleus of the thalamus,left
1281,2030,2949,834,424,607,Midbrain reticular nucleus,left
1281,2127,2903,831,446,598,Midbrain reticular nucleus,left
1281,2144,2822,830,451,579,Midbrain,left
1281,1811,3365,840,379,696,Anterior pretectal nucleus,left
1281,2158,2896,830,454,595,Midbrain,left
1281,2163,2889,830,455,594,Midbrain,left
1279,1330,3467,846,266,716,"Superior colliculus, motor related, intermediate gray layer",left
1279,2190,2895,829,461,595,Midbrain,left
1280,1333,3291,843,265,676,"Superior colliculus, motor related, intermediate gray layer",left
1280,1477,3372,843,300,694,"Superior colliculus, motor related, intermediate gray layer",left
1280,1248,3273,844,245,673,"Superior colliculus, motor related, intermediate gray layer",left
1282,1413,3365,843,286,693,"Superior colliculus, motor related, intermediate gray layer",left
1282,1789,3585,839,375,748,Posterior limiting nucleus of the thalamus,left
1282,2161,2855,829,454,587,Midbrain,left
1283,1377,2792,837,279,572,superior colliculus commissure,left
1283,1861,2019,832,385,402,Anterior pretectal nucleus,right
1283,2100,2858,830,440,588,Midbrain,left
1283,2048,2806,831,429,576,Medial accesory oculomotor nucleus,left
1283,2131,2835,829,447,582,Midbrain,left
1283,2208,2880,827,466,592,Midbrain,left
1306,2135,2859,820,448,588,Midbrain,left
1306,2179,2840,818,459,584,Midbrain,left
1306,1272,3142,830,252,646,"Superior colliculus, motor related, intermediate gray layer",left
1306,2158,2946,820,454,607,Midbrain reticular nucleus,left
1286,2027,2817,830,423,578,Medial accesory oculomotor nucleus,left
1286,2035,2827,830,425,580,Medial accesory oculomotor nucleus,left
1286,1239,3169,840,243,651,"Superior colliculus, motor related, intermediate gray layer",left
1287,1263,3180,839,249,653,"Superior colliculus, motor related, intermediate gray layer",left
1288,1229,3198,840,241,658,"Superior colliculus, motor related, intermediate gray layer",left
1288,1462,3388,840,297,699,"Superior colliculus, motor related, intermediate gray layer",left
1289,2028,2918,830,424,601,Midbrain reticular nucleus,left
1289,2236,3149,827,472,650,Red nucleus,left
1290,1434,3493,840,292,723,"Superior colliculus, motor related, intermediate gray layer",left
1290,2112,2851,827,442,586,Midbrain,left
1290,2119,2865,827,445,589,Midbrain,left
1292,1235,3124,837,243,642,"Superior colliculus, motor related, intermediate gray layer",left
1292,1212,3081,837,238,633,"Superior colliculus, motor related, intermediate gray layer",left
1293,1946,3359,832,409,697,Anterior pretectal nucleus,left
1293,2091,2828,827,438,581,Medial accesory oculomotor nucleus,left
1293,1279,3160,837,253,649,"Superior colliculus, motor related, intermediate gray layer",left
1293,1467,3350,838,298,690,"Superior colliculus, motor related, intermediate gray layer",left
1293,2048,2824,828,428,580,Medial accesory oculomotor nucleus,left
1294,2153,2822,824,453,579,Midbrain,left
1295,2143,2885,824,450,593,Midbrain,left
1295,2162,2909,824,454,599,Midbrain,left
1295,2087,2835,825,437,582,Medial accesory oculomotor nucleus,left
1296,1217,3162,836,239,650,"Superior colliculus, motor related, intermediate gray layer",left
1298,2000,2829,826,417,581,Nucleus of Darkschewitsch,left
1298,2152,2877,823,452,591,Midbrain,left
1298,1256,3077,833,248,633,"Superior colliculus, motor related, intermediate gray layer",left
1298,2211,2848,821,465,586,Midbrain,left
1298,1136,3111,837,222,640,"Superior colliculus, motor related, intermediate gray layer",left
1298,1283,3104,833,255,639,"Superior colliculus, motor related, intermediate gray layer",left
1297,2010,2812,827,419,577,Periaqueductal gray,left
1297,1762,2456,830,363,499,Midbrain reticular nucleus,right
1297,2012,2822,827,419,579,Periaqueductal gray,left
1297,2044,2836,826,427,582,Medial accesory oculomotor nucleus,left
1297,2131,2883,824,447,593,Midbrain,left
1300,2188,2865,821,461,589,Midbrain,left
1299,2131,2852,823,447,586,Midbrain,left
1299,2147,2887,822,450,593,Midbrain,left
1304,2102,3079,823,441,636,Midbrain reticular nucleus,left
1304,2139,2817,820,449,578,Midbrain,left
1302,2079,2808,823,435,577,Medial accesory oculomotor nucleus,left
1301,2165,2855,822,455,587,Midbrain,left
1305,1259,3345,834,249,691,Posterior pretectal nucleus,left
1307,1895,3234,826,396,669,Midbrain reticular nucleus,left
1307,2026,2854,822,423,587,Nucleus of Darkschewitsch,left
1307,2158,2854,818,454,587,Midbrain,left
1307,2204,2826,817,464,580,Midbrain,left
1309,1937,3380,825,407,701,Anterior pretectal nucleus,left
1309,2181,2878,818,459,592,Midbrain,left
1308,2008,2849,822,419,586,Nucleus of Darkschewitsch,left
1313,1225,3156,829,242,650,"Superior colliculus, motor related, intermediate gray layer",left
1313,2163,2931,817,455,604,Midbrain reticular nucleus,left
1313,1279,3138,828,254,647,"Superior colliculus, motor related, intermediate gray layer",left
1314,1943,3163,823,407,655,Midbrain reticular nucleus,left
1314,2122,2828,817,445,581,Medial accesory oculomotor nucleus,left
1314,2168,2885,816,456,594,Midbrain,left
1314,1963,3431,822,413,713,Midbrain,left
1314,2038,2817,819,426,578,Periaqueductal gray,left
1314,2251,2876,813,475,591,Midbrain,left
1315,2202,2833,813,463,583,Midbrain,left
1315,1929,3218,822,404,667,Midbrain reticular nucleus,left
1315,2186,2831,814,460,581,Midbrain,left
1316,2052,2837,818,428,583,Periaqueductal gray,left
1317,1619,3591,826,335,749,Posterior limiting nucleus of the thalamus,left
1317,2221,2958,813,468,610,Midbrain,left
1318,2183,2863,813,460,589,Midbrain,left
1318,2177,2835,813,458,583,Midbrain,left
1321,2156,2836,813,453,583,Midbrain,left
1321,2253,2895,810,476,596,Midbrain,left
1321,2141,2948,814,450,608,Midbrain reticular nucleus,left
1322,1761,3574,822,367,745,Posterior limiting nucleus of the thalamus,left
1322,1845,3557,821,386,741,Posterior limiting nucleus of the thalamus,left
1322,2148,2851,813,452,586,Midbrain,left
1322,2007,2854,816,418,587,Nucleus of Darkschewitsch,left
1323,1911,3468,819,401,722,Midbrain,left
1323,2101,2930,814,440,604,Midbrain reticular nucleus,left
1324,1483,3627,827,303,754,Lateral posterior nucleus of the thalamus,left
1326,2182,2849,810,459,586,Midbrain,left
1329,2137,2839,810,448,584,Midbrain,left
1329,1973,2819,815,411,580,Nucleus of Darkschewitsch,left
1329,2184,3102,810,461,641,Midbrain reticular nucleus,left
1330,1943,3353,816,409,696,Midbrain reticular nucleus,left
1330,2137,2924,810,448,603,Midbrain,left
1330,2104,2801,810,442,575,Periaqueductal gray,left
1330,2143,2941,810,451,606,Midbrain,left
1330,2161,2866,809,454,589,Midbrain,left
1331,2197,2822,807,462,579,Midbrain,left
1331,2267,3053,806,480,631,Midbrain,left
1331,2312,3070,804,491,634,Midbrain,left
1333,1371,3327,819,275,687,Posterior pretectal nucleus,left
1333,2121,2838,809,445,584,Midbrain,left
1334,2164,2825,807,456,580,Midbrain,left
1335,2128,2952,808,447,608,Midbrain,left
1337,2165,2851,806,455,586,Midbrain,left
1337,1838,3510,814,384,730,Anterior pretectal nucleus,left
1337,2300,3113,803,489,644,Midbrain,left
1336,2231,2846,804,471,585,Midbrain,left
1336,2291,3045,803,486,629,Midbrain,left
1338,2186,2852,805,460,586,Midbrain,left
1338,1931,3446,812,405,716,Posterior limiting nucleus of the thalamus,left
1338,2176,2823,805,458,581,Midbrain,left
1338,2184,2866,805,460,589,Midbrain,left
1338,2229,2833,803,471,583,Midbrain,left
1339,2272,3366,806,483,699,Fields of Forel,left
1344,2209,3436,805,470,714,Fields of Forel,left
1344,2266,2832,799,479,582,Midbrain,left
1344,2052,2823,806,429,581,Periaqueductal gray,left
1344,1905,3115,810,397,645,Midbrain reticular nucleus,left
1345,1499,3565,815,304,741,Posterior limiting nucleus of the thalamus,left
1345,2115,2899,804,444,597,Midbrain,left
1345,2137,2933,804,449,605,Midbrain,left
1345,2271,3114,801,482,644,Midbrain,left
1345,2282,3068,800,484,634,Midbrain,left
1345,2214,2905,801,467,598,Midbrain,left
1345,2227,3024,802,471,625,Midbrain,left
1346,2183,2836,801,460,583,Midbrain,left
1346,2236,2820,799,472,580,Midbrain,left
1346,2068,2950,805,434,609,Midbrain,left
1347,2195,2819,800,463,580,Midbrain,left
1347,2229,2887,799,471,594,Midbrain,left
1347,2244,2859,798,474,588,Midbrain,left
1348,2256,2886,798,477,594,Midbrain,left
1348,2105,2849,803,442,586,Periaqueductal gray,left
1351,2378,3177,794,509,657,Midbrain,left
1351,2211,3697,805,468,769,Zona incerta,left
1349,2307,2999,797,489,619,Midbrain,left
1349,2148,2866,801,452,590,Midbrain,left
1353,2269,3011,796,481,622,Midbrain,left
1353,2323,3009,795,494,622,Midbrain,left
1353,2069,2987,802,434,617,Midbrain reticular nucleus,left
1353,2098,2959,802,441,611,Midbrain,left
1353,2113,2931,801,444,604,Midbrain,left
1353,2133,3016,801,449,623,Midbrain reticular nucleus,left
1353,2241,2889,797,473,595,Midbrain,left
1353,2267,2884,796,479,594,Midbrain,left
1355,1877,3383,805,392,702,Anterior pretectal nucleus,left
1355,2079,2977,800,436,615,Midbrain reticular nucleus,left
1355,2159,2829,797,455,582,Periaqueductal gray,left
1355,2272,2879,794,480,593,Midbrain,left
1355,2281,2977,794,483,614,Midbrain,left
1354,2300,2975,794,488,614,Midbrain,left
1354,2107,3104,801,443,643,Midbrain reticular nucleus,left
1354,2251,2869,795,476,591,Midbrain,left
1354,2309,2980,794,490,615,Midbrain,left
1354,1984,3030,804,415,627,Midbrain reticular nucleus,left
1356,2085,2838,800,437,584,Periaqueductal gray,left
1356,2264,2919,794,479,602,fasciculus retroflexus,left
1357,2241,2846,795,473,585,Midbrain,left
1357,2009,2853,802,420,588,Periaqueductal gray,left
1357,2229,3009,796,472,622,Midbrain,left
1358,2226,2839,794,470,584,Midbrain,left
1358,2087,2936,799,437,606,Midbrain,left
1359,2211,2832,794,467,582,Midbrain,left
1359,2114,2908,797,444,600,Midbrain,left
1359,2087,2935,798,437,606,Midbrain,left
1360,2253,3327,796,480,690,Fields of Forel,left
1361,2263,2885,792,479,594,Midbrain,left
1361,2262,3665,801,480,762,Zona incerta,left
1361,1987,3169,801,417,658,Midbrain reticular nucleus,left
1361,2286,2970,792,484,613,Midbrain,left
1361,2315,2933,791,491,606,Midbrain,left
1361,2167,3083,796,457,639,Midbrain reticular nucleus,left
1361,2289,2883,792,485,594,Midbrain,left
1361,2324,2923,791,493,603,Midbrain,left
1362,2650,3293,785,569,680,Midbrain,left
1362,1043,2873,805,212,596,root,left
1362,2168,2894,795,457,597,Midbrain,left
1362,2105,2919,797,442,602,Midbrain,left
1362,2280,2919,791,483,602,Midbrain,left
1364,2305,3028,790,490,626,Midbrain,left
1364,2106,3069,796,443,636,Midbrain reticular nucleus,left
1363,2320,2956,790,493,610,Midbrain,left
1365,2216,2867,792,468,590,Midbrain,left
1365,2323,2885,789,493,595,Posterior hypothalamic nucleus,left
1365,2362,2895,788,501,597,Posterior hypothalamic nucleus,left
1372,2317,2981,786,492,616,Midbrain,left
1366,2301,3010,789,488,622,Midbrain,left
1366,2072,2882,796,434,594,Periaqueductal gray,left
1366,2196,2883,792,463,594,Midbrain,left
1368,2255,2867,789,477,590,Midbrain,left
1368,2284,2870,788,484,591,Posterior hypothalamic nucleus,left
1368,2101,2870,794,441,591,Periaqueductal gray,left
1369,2133,3857,797,450,806,Zona incerta,left
1369,2206,3011,791,466,622,Midbrain,left
1369,2251,2988,790,476,618,Midbrain,left
1369,2148,3038,793,453,629,Midbrain reticular nucleus,left
1370,2313,2905,787,491,599,Posterior hypothalamic nucleus,left
1370,2312,2960,787,490,611,Midbrain,left
1371,2201,2847,789,465,585,Periaqueductal gray,left
1371,2293,2986,787,487,617,Midbrain,left
1373,2294,3021,787,487,624,Midbrain,left
1374,2325,2965,785,494,612,Midbrain,left
1377,2185,2924,788,461,604,fasciculus retroflexus,left
1377,2277,2916,785,482,601,Midbrain,left
1377,2324,2929,784,494,605,Midbrain,left
1376,2265,2918,786,480,602,Midbrain,left
1379,2270,2871,783,481,591,Posterior hypothalamic nucleus,left
1379,2293,2952,783,487,609,Midbrain,left
1381,2652,3339,778,569,690,Midbrain,left
1382,2184,3527,788,465,734,Zona incerta,left
1382,2260,2923,783,479,604,Midbrain,left
1382,2176,2900,785,459,598,Midbrain,left
1380,2235,2960,785,473,611,Midbrain,left
1380,2337,2977,782,496,615,Midbrain,left
1384,2272,2925,782,481,604,Midbrain,left
1384,2372,2137,776,502,434,Zona incerta,right
1385,2292,3007,782,486,622,Midbrain,left
1385,2211,3059,784,468,634,Midbrain,left
1385,2229,3432,786,475,713,Fields of Forel,left
1385,2239,3009,783,474,623,Midbrain,left
1385,2305,2958,781,489,612,Midbrain,left
1385,2407,3213,780,514,666,Fields of Forel,left
1385,1934,2927,791,403,605,Midbrain,left
1385,2124,2865,786,447,590,Periaqueductal gray,left
1386,2229,2951,782,472,609,Midbrain,left
1386,2204,3050,783,466,632,Midbrain,left
1386,2299,3048,781,488,631,Midbrain,left
1389,2235,3674,786,475,765,Zona incerta,left
1389,2244,2938,781,475,607,Midbrain,left
1389,2283,3560,785,488,740,Zona incerta,left
1389,1819,3140,791,378,652,Midbrain reticular nucleus,left
1388,2276,2983,780,482,617,Midbrain,left
1401,1810,3030,785,375,629,Retroparafascicular nucleus,left
1392,2357,3522,782,504,730,Zona incerta,left
1393,2396,3467,780,513,719,Zona incerta,left
1393,2273,3061,779,483,634,Midbrain,left
1393,2296,3537,783,490,734,Zona incerta,left
1393,2175,2957,781,459,611,fasciculus retroflexus,left
1396,2287,2957,776,484,611,Midbrain,left
1396,2179,3478,781,463,724,Fields of Forel,left
1396,2247,3621,781,478,753,Zona incerta,left
1395,2303,2960,776,489,612,Midbrain,left
1398,1279,3130,789,257,651,Olivary pretectal nucleus,left
1400,2213,2966,776,468,613,Midbrain,left
1403,2013,3926,782,424,821,Ventral part of the lateral geniculate complex,left
1402,2069,3840,781,437,804,Zona incerta,left
1402,2363,3463,776,506,719,Zona incerta,left
1404,2084,3716,779,441,777,Zona incerta,left
1406,2074,3978,781,436,832,Ventral part of the lateral geniculate complex,left
1406,2107,3778,778,445,791,Zona incerta,left
1406,2369,3447,773,507,715,Zona incerta,left
1405,1802,3137,784,373,651,Midbrain reticular nucleus,left
1407,1738,3273,783,359,679,Anterior pretectal nucleus,left
1407,2387,3473,772,511,721,Zona incerta,left
1408,1801,3017,781,372,626,Retroparafascicular nucleus,left
1408,2340,3492,773,500,724,Zona incerta,left
1413,2324,3500,771,497,727,Zona incerta,left
1409,2234,3622,775,476,753,Zona incerta,left
1410,2115,3608,775,447,753,Zona incerta,left
1412,2257,3334,772,479,694,Fields of Forel,left
1412,2321,3486,771,496,724,Zona incerta,left
1416,2126,3648,772,450,762,Zona incerta,left
1416,2114,3741,773,447,782,Zona incerta,left
1416,2197,3035,769,464,630,Midbrain,left
1415,2410,3356,767,515,696,Zona incerta,left
1415,2182,3051,770,461,633,Midbrain,left
1415,2237,2951,768,473,610,Midbrain,left
1417,2078,3787,774,440,792,Zona incerta,left
1417,2371,3473,768,507,721,Zona incerta,left
1417,2260,3560,770,482,740,Zona incerta,left
1418,2066,3741,773,436,783,Zona incerta,left
1418,2114,3699,772,447,773,Zona incerta,left
1418,2128,3698,771,451,773,Zona incerta,left
1419,2138,3697,770,453,771,Zona incerta,left
1419,2112,3680,771,446,769,Zona incerta,left
1420,2069,3819,773,437,800,Zona incerta,left
1420,1699,3030,776,350,629,Retroparafascicular nucleus,left
1420,2161,3614,770,458,753,Zona incerta,left
1420,2372,3420,766,507,710,Zona incerta,left
1421,2251,3403,768,478,708,Fields of Forel,left
1421,2118,3658,770,448,764,Zona incerta,left
1423,2319,3516,765,496,730,Zona incerta,left
1423,2404,3388,763,514,704,Zona incerta,left
1424,2104,3731,769,445,780,Zona incerta,left
1425,2105,3695,769,445,772,Zona incerta,left
1425,2175,3746,767,460,782,Zona incerta,left
1425,2299,3490,766,491,725,Zona incerta,left
1425,2330,3437,765,497,714,Zona incerta,left
1425,2460,3390,762,527,703,Hypothalamus,left
1428,2125,3665,766,450,765,Zona incerta,left
1426,2112,3656,768,446,763,Zona incerta,left
1426,2258,3565,765,482,741,Zona incerta,left
1426,2167,3749,767,458,783,Zona incerta,left
1426,2262,2965,763,479,614,"Subparafascicular nucleus, magnocellular part",left
1426,2330,3468,764,498,721,Zona incerta,left
1427,2265,3496,764,482,727,Zona incerta,left
1427,2414,3438,761,517,713,Zona incerta,left
1427,2296,3430,764,489,713,Zona incerta,left
1429,2386,3401,762,510,706,Zona incerta,left
1430,2120,3687,766,448,770,Zona incerta,left
1430,2229,3532,764,474,734,Zona incerta,left
1430,2317,3413,762,493,710,Zona incerta,left
1432,2071,3742,766,437,783,Zona incerta,left
1437,2297,3497,759,489,726,Zona incerta,left
1437,1454,3525,774,290,731,Lateral posterior nucleus of the thalamus,left
1434,2432,3419,758,520,709,Zona incerta,left
1435,2063,3736,765,436,782,Zona incerta,left
1436,2077,3723,764,438,779,Zona incerta,left
1441,2370,3354,756,505,698,Zona incerta,left
1441,2239,3523,758,476,733,Zona incerta,left
1441,2385,3326,756,509,691,Hypothalamus,left
1440,2157,3628,760,456,757,Zona incerta,left
1443,2372,3489,754,507,724,Zona incerta,left
1445,2397,3365,753,511,699,Zona incerta,left
1448,2353,3413,753,502,710,Zona incerta,left
1449,2334,3391,753,497,705,Zona incerta,left
1477,2168,3658,741,460,764,Zona incerta,left
1480,2279,3568,737,486,743,Zona incerta,left
1487,2449,3223,732,522,672,Zona incerta,left
1497,2764,2682,713,595,552,Dorsomedial nucleus of the hypothalamus,right
1500,2789,3487,720,603,720,fiber tracts,left
1503,2476,3147,724,527,654,Ventral medial nucleus of the thalamus,left
1513,2399,3319,722,512,693,Zona incerta,left
1513,2434,3168,722,518,661,Ventral medial nucleus of the thalamus,left
1516,2415,3534,719,517,734,Zona incerta,left
1516,2452,3164,719,521,659,Ventral medial nucleus of the thalamus,left
1518,2455,3246,718,524,677,Zona incerta,left
1518,2433,3264,719,519,681,Ventral medial nucleus of the thalamus,left
1520,2460,3161,717,524,658,Ventral medial nucleus of the thalamus,left
1523,2764,2670,698,597,550,Dorsomedial nucleus of the hypothalamus,right
1529,2388,3441,715,511,717,Zona incerta,left
1531,2493,3116,711,532,648,Ventral medial nucleus of the thalamus,left
1538,641,3864,731,115,809,"Anterior area, layer 5",left
1544,2479,3208,706,529,669,Ventral medial nucleus of the thalamus,left
1547,2485,3201,704,530,667,Ventral medial nucleus of the thalamus,left
1561,2621,2642,690,562,546,Hypothalamus,right
1570,2545,3222,693,544,670,Zona incerta,left
1577,3264,2915,665,697,599,Ventromedial hypothalamic nucleus,left
1586,3253,2991,664,695,615,Ventromedial hypothalamic nucleus,left
1607,1012,665,684,192,135,"Supplemental somatosensory area, layer 1",right
1618,606,3405,695,108,714,"Anterior area, layer 6a",left
1620,592,3411,695,105,716,"Anterior area, layer 5",left
1783,1706,4727,606,333,973,"Supplemental somatosensory area, layer 5",left
1794,686,3505,621,127,728,"Primary somatosensory area, lower limb, layer 5",left
1856,860,3734,592,160,770,"Primary somatosensory area, lower limb, layer 5",left
1856,805,3636,594,150,751,"Primary somatosensory area, lower limb, layer 5",left
1868,798,1905,576,144,411,"Primary somatosensory area, lower limb, layer 5",right
1868,2367,3304,554,498,690,Bed nuclei of the stria terminalis,left
1871,3279,3130,543,702,658,root,left
1883,2241,3300,550,469,686,Bed nuclei of the stria terminalis,left
1884,995,1749,565,185,381,"Primary somatosensory area, upper limb, layer 6a",right
1927,848,3479,559,158,724,"Primary motor area, Layer 5",left
1948,953,3367,542,181,704,"Primary motor area, Layer 6a",left
1945,818,3429,553,151,714,"Primary motor area, Layer 5",left
1953,931,3371,542,175,704,"Primary motor area, Layer 6a",left
1961,1053,3443,533,203,720,"Primary motor area, Layer 6a",left
1966,1103,1877,525,209,406,"Primary motor area, Layer 6a",right
1968,840,3429,543,154,715,"Primary motor area, Layer 5",left
1987,1548,4495,520,296,935,"Primary somatosensory area, mouth, layer 5",left
1989,1046,3627,528,199,754,"Primary motor area, Layer 6a",left
1990,1541,4511,520,294,938,"Primary somatosensory area, mouth, layer 5",left
2007,1071,3635,519,204,755,"Primary motor area, Layer 6a",left
2010,1052,3641,519,199,756,"Primary motor area, Layer 6a",left
2008,1060,3639,520,201,756,"Primary motor area, Layer 6a",left
2022,3269,3032,474,703,636,root,left
2026,3272,3028,473,703,636,root,left
2032,1095,3877,512,201,798,"Primary somatosensory area, upper limb, layer 5",left
2042,1259,4107,504,231,843,"Primary somatosensory area, upper limb, layer 5",left
2078,1166,3839,492,216,791,"Primary somatosensory area, upper limb, layer 5",left
2086,1297,3828,484,244,788,"Primary motor area, Layer 6a",left
2094,827,3102,496,140,658,"Secondary motor area, layer 5",left
2145,1212,3611,462,227,747,"Primary motor area, Layer 6a",left
2178,926,2976,457,152,635,"Secondary motor area, layer 5",left
2188,1200,3724,446,220,767,"Primary motor area, Layer 5",left
2193,1179,3726,445,215,767,"Primary motor area, Layer 5",left
2193,1190,3719,445,217,766,"Primary motor area, Layer 5",left
2197,1145,3752,446,205,772,"Primary motor area, Layer 5",left
2224,1206,3676,429,219,758,"Primary motor area, Layer 5",left
2228,1947,4206,401,390,877,"Primary somatosensory area, mouth, layer 5",left
2246,1945,4260,395,392,889,"Primary somatosensory area, mouth, layer 5",left
2249,1941,4272,394,391,891,"Primary somatosensory area, mouth, layer 5",left
2261,1027,3256,421,178,683,"Secondary motor area, layer 5",left
2261,1928,4312,391,389,900,"Primary somatosensory area, mouth, layer 5",left
2268,994,3256,421,170,682,"Secondary motor area, layer 5",left
2300,2011,3598,360,397,744,"Orbital area, lateral part, layer 6a",left
2302,1084,3242,396,190,679,"Secondary motor area, layer 5",left
2356,1404,3928,360,268,816,"Primary motor area, Layer 5",left
2357,1401,3938,360,267,818,"Primary motor area, Layer 5",left
2358,1400,3940,360,267,818,"Primary motor area, Layer 5",left
2362,1392,3950,358,265,821,"Primary motor area, Layer 5",left
2365,1388,3955,358,265,822,"Primary motor area, Layer 5",left
2366,1386,3956,357,264,822,"Primary motor area, Layer 5",left
2384,1925,3705,328,383,767,"Agranular insular area, dorsal part, layer 6a",left
2396,1271,3201,335,234,672,"Secondary motor area, layer 5",left
2400,1945,3786,324,388,785,"Agranular insular area, dorsal part, layer 6a",left
2403,1234,3394,339,225,707,"Secondary motor area, layer 5",left
2410,1951,3793,321,389,787,"Agranular insular area, dorsal part, layer 5",left
2445,1231,2185,307,218,470,"Secondary motor area, layer 5",right
2503,1398,3076,271,261,649,"Prelimbic area, layer 5",left
