coordinate_raw_axis_0,coordinate_raw_axis_1,coordinate_raw_axis_2,coordinate_atlas_axis_0,coordinate_atlas_axis_1,coordinate_atlas_axis_2,structure_name,hemisphere
62,3363,3604,526,221,218,Nucleus of the solitary tract,right
65,3364,3638,525,221,221,Nucleus of the solitary tract,right
66,3334,3592,525,218,217,Nucleus of the solitary tract,right
66,3395,3544,525,224,214,Cuneate nucleus,right
66,3389,3547,525,223,214,Cuneate nucleus,right
68,3306,3560,525,215,215,Medulla,right
69,3627,3142,526,243,178,"Spinal nucleus of the trigeminal, caudal part",right
69,3470,3313,525,230,193,"Medullary reticular nucleus, dorsal part",right
73,2977,3605,525,186,220,Uvula (IX),right
73,3240,3605,524,209,219,Gracile nucleus,right
73,3633,3554,526,246,213,"Medullary reticular nucleus, ventral part",right
72,3006,3602,525,188,220,Uvula (IX),right
74,3863,3085,525,266,173,"Medullary reticular nucleus, dorsal part",right
74,3344,3350,524,218,197,Cuneate nucleus,right
74,3366,3714,525,221,228,Medulla,right
82,3006,3603,523,188,220,Uvula (IX),right
82,3053,3599,522,192,220,Uvula (IX),right
82,3936,3452,526,275,203,"Medullary reticular nucleus, ventral part",right
76,3794,3535,526,262,211,"Medullary reticular nucleus, ventral part",right
77,3668,3629,526,249,219,"Medullary reticular nucleus, ventral part",right
78,3497,3311,524,232,193,"Medullary reticular nucleus, dorsal part",right
78,3402,3917,525,225,245,Cuneate nucleus,left
79,2966,3609,524,184,221,Uvula (IX),right
79,3216,3558,523,207,216,Gracile nucleus,right
80,3244,3570,522,210,217,Gracile nucleus,right
80,3477,3907,524,232,244,Medulla,left
81,3613,3296,523,242,192,"Medullary reticular nucleus, dorsal part",right
81,3744,3575,525,257,215,"Medullary reticular nucleus, ventral part",right
84,3426,3458,522,225,206,"Medullary reticular nucleus, dorsal part",right
84,3411,3504,522,224,210,Medulla,right
83,3988,3551,526,281,212,Medulla,right
85,3341,3548,521,218,214,Nucleus of the solitary tract,right
85,3436,3401,521,226,201,"Medullary reticular nucleus, dorsal part",right
86,3337,3576,521,218,216,Nucleus of the solitary tract,right
87,3010,3604,521,189,220,Uvula (IX),right
87,3255,3581,521,210,217,Gracile nucleus,right
87,3014,3603,521,189,220,Uvula (IX),right
90,3232,3484,520,209,209,Cuneate nucleus,right
90,3394,3945,522,225,248,Medulla,left
90,3426,3441,520,225,204,"Medullary reticular nucleus, dorsal part",right
90,3464,3324,521,228,195,"Medullary reticular nucleus, dorsal part",right
89,3229,3606,521,208,219,Gracile nucleus,right
89,3326,3525,521,217,212,Cuneate nucleus,right
89,3636,3624,524,246,219,"Medullary reticular nucleus, ventral part",right
91,2609,3516,526,151,213,Pyramus (VIII),right
91,3505,3966,523,234,248,"Medullary reticular nucleus, dorsal part",left
93,3276,3294,520,211,193,Cuneate nucleus,right
93,3309,3562,520,215,215,Nucleus of the solitary tract,right
93,3422,3457,521,225,207,Medulla,right
93,3832,3369,523,264,198,"Medullary reticular nucleus, ventral part",right
93,3304,3479,520,214,208,Cuneate nucleus,right
94,2594,3513,526,150,213,Pyramus (VIII),right
94,2607,3515,526,151,213,Pyramus (VIII),right
96,3938,4103,524,277,258,"Medullary reticular nucleus, ventral part",left
96,3496,3344,520,231,197,"Medullary reticular nucleus, dorsal part",right
96,3272,3294,519,211,193,Cuneate nucleus,right
95,3524,3096,519,233,176,"Spinal nucleus of the trigeminal, caudal part",right
98,3282,3458,519,213,207,Cuneate nucleus,right
98,4000,4233,524,283,269,Medulla,left
98,3421,3973,521,227,250,"Medullary reticular nucleus, dorsal part",left
97,3038,3603,519,191,220,Uvula (IX),right
97,3277,3360,519,211,199,Cuneate nucleus,right
97,3308,3856,520,216,240,Nucleus of the solitary tract,left
97,3319,4141,522,218,264,Medulla,left
97,3350,3934,521,220,247,Cuneate nucleus,left
97,3520,3098,519,233,176,"Spinal nucleus of the trigeminal, caudal part",right
97,3541,3301,520,235,193,"Medullary reticular nucleus, dorsal part",right
97,3422,3276,519,224,191,"Medullary reticular nucleus, dorsal part",right
100,3887,3145,520,268,178,"Medullary reticular nucleus, dorsal part",right
100,3467,4299,522,230,277,"Spinal nucleus of the trigeminal, caudal part",left
100,3589,3253,519,239,188,"Medullary reticular nucleus, dorsal part",right
100,3421,3371,519,225,199,"Medullary reticular nucleus, dorsal part",right
101,3905,3331,522,270,193,"Medullary reticular nucleus, ventral part",right
101,3967,4087,524,279,257,"Medullary reticular nucleus, ventral part",left
101,3381,4028,520,222,254,Medulla,left
101,3427,3324,518,224,195,"Medullary reticular nucleus, dorsal part",right
101,3433,3421,519,226,203,"Medullary reticular nucleus, dorsal part",right
101,3834,3391,522,264,199,"Medullary reticular nucleus, ventral part",right
99,3684,3557,522,251,214,"Medullary reticular nucleus, ventral part",right
102,3823,4044,523,265,254,"Medullary reticular nucleus, ventral part",left
102,3940,4121,523,277,260,"Medullary reticular nucleus, ventral part",left
102,3969,4057,524,281,255,Medulla,left
103,3757,3847,523,259,238,"Medullary reticular nucleus, ventral part",left
104,2608,3512,524,151,213,Pyramus (VIII),right
104,3358,3959,520,221,249,Medulla,left
104,3755,3845,523,258,238,"Medullary reticular nucleus, ventral part",left
105,3346,3476,517,218,208,Nucleus of the solitary tract,right
105,3383,3301,517,221,193,"Medullary reticular nucleus, dorsal part",right
105,3393,3428,517,221,204,Nucleus of the solitary tract,right
109,2381,3218,526,127,186,Pyramus (VIII),right
109,3271,3539,517,212,214,Nucleus of the solitary tract,right
109,3424,3306,518,224,193,"Medullary reticular nucleus, dorsal part",right
109,3639,3677,520,246,224,"Medullary reticular nucleus, ventral part",right
109,3475,3807,519,231,236,Hypoglossal nucleus,left
106,3246,3385,517,209,201,Cuneate nucleus,right
106,3905,3397,521,271,200,"Medullary reticular nucleus, ventral part",right
106,3639,3724,520,246,228,Medulla,right
106,3869,4042,523,270,253,"Medullary reticular nucleus, ventral part",left
106,3841,3791,522,266,232,Medulla,left
107,3366,3266,517,219,190,Medulla,right
107,3951,3175,520,274,180,Intermediate reticular nucleus,right
107,3773,3556,521,259,213,"Medullary reticular nucleus, ventral part",right
107,3775,3571,521,259,215,"Medullary reticular nucleus, ventral part",right
113,2860,2833,522,177,153,Copula pyramidis,right
113,3509,4133,519,235,263,"Medullary reticular nucleus, dorsal part",left
113,3390,3266,516,221,190,"Medullary reticular nucleus, dorsal part",right
113,3682,3554,519,250,213,"Medullary reticular nucleus, ventral part",right
108,3887,3921,523,272,244,"Medullary reticular nucleus, ventral part",left
108,4094,3816,522,294,233,Medulla,left
108,4095,3815,522,294,233,Medulla,left
111,2605,3377,522,150,200,Pyramus (VIII),right
111,3673,3535,519,249,212,"Medullary reticular nucleus, ventral part",right
120,3368,4009,516,221,253,Medulla,left
114,4095,3811,522,294,233,Medulla,left
114,3235,3236,517,208,188,Cuneate nucleus,right
117,3937,3181,518,273,181,Intermediate reticular nucleus,right
117,3773,3784,520,260,233,Medulla,left
117,3979,4405,520,279,283,Medulla,left
117,3159,3962,517,203,251,Cuneate nucleus,left
117,3452,3354,516,227,197,"Medullary reticular nucleus, dorsal part",right
117,3674,3572,518,249,215,"Medullary reticular nucleus, ventral part",right
117,3322,3470,515,216,208,Nucleus of the solitary tract,right
117,3497,3430,516,232,203,"Medullary reticular nucleus, dorsal part",right
118,2431,3248,524,132,189,Pyramus (VIII),right
118,3853,3532,520,266,212,"Medullary reticular nucleus, ventral part",right
115,3945,3940,521,278,245,Medulla,left
115,2381,3201,525,127,185,Pyramus (VIII),right
115,3691,3636,519,251,221,"Medullary reticular nucleus, ventral part",right
115,3220,3571,515,207,217,Gracile nucleus,right
115,3663,3708,519,249,227,Medulla,right
115,4004,3378,519,280,197,Medulla,right
116,3707,3597,519,253,217,"Medullary reticular nucleus, ventral part",right
116,3825,3541,519,264,212,"Medullary reticular nucleus, ventral part",right
116,3917,4078,521,274,256,"Medullary reticular nucleus, ventral part",left
123,3727,4185,519,255,266,Intermediate reticular nucleus,left
123,3344,4015,516,220,253,Nucleus of the solitary tract,left
123,3714,3156,516,250,180,"Medullary reticular nucleus, dorsal part",right
122,3762,3781,519,259,232,Medulla,left
122,4061,3816,520,289,234,pyramidal decussation,left
121,3943,4004,520,277,250,Medulla,left
121,3416,3384,515,223,201,Medulla,right
121,3468,3241,515,227,188,"Medullary reticular nucleus, dorsal part",right
121,3665,3201,516,246,184,"Medullary reticular nucleus, dorsal part",right
124,3367,3908,516,221,245,Nucleus of the solitary tract,left
124,3772,3886,519,260,241,"Medullary reticular nucleus, ventral part",left
124,3386,4055,517,223,256,"Medullary reticular nucleus, dorsal part",left
125,3253,3962,515,210,250,Cuneate nucleus,left
125,3442,3834,515,227,238,Hypoglossal nucleus,left
125,3711,3843,518,254,237,"Medullary reticular nucleus, ventral part",left
125,4142,4072,518,297,255,Medulla,left
128,3872,4051,519,270,254,"Medullary reticular nucleus, ventral part",left
131,3448,3293,513,226,192,"Medullary reticular nucleus, dorsal part",right
131,3997,4222,518,282,269,Medulla,left
131,4027,4045,518,285,254,Medulla,left
131,4043,3849,518,287,237,Medulla,left
133,3990,4018,518,282,251,Medulla,left
133,4078,3964,518,291,246,Medulla,left
133,3960,4094,518,279,258,Medulla,left
133,3388,3344,513,221,198,Medulla,right
133,4111,3797,518,294,232,pyramidal decussation,left
133,3390,3312,513,221,194,"Medullary reticular nucleus, dorsal part",right
133,3575,3159,513,237,181,"Medullary reticular nucleus, dorsal part",right
129,3318,3424,513,214,204,Nucleus of the solitary tract,right
129,3518,3022,514,232,169,"Spinal nucleus of the trigeminal, caudal part",right
130,4021,3998,518,285,250,Medulla,left
130,3671,3181,514,247,182,"Medullary reticular nucleus, dorsal part",right
130,3871,3268,516,267,189,"Medullary reticular nucleus, ventral part",right
130,3354,4026,514,220,255,Nucleus of the solitary tract,left
130,4138,4043,518,297,252,Medulla,left
134,3785,3401,516,259,201,"Medullary reticular nucleus, ventral part",right
134,3231,3482,512,207,210,Nucleus of the solitary tract,right
134,4135,3979,518,297,247,Medulla,left
134,4125,3869,518,296,239,pyramidal decussation,left
134,4125,4028,518,296,251,Medulla,left
132,4083,3904,518,292,241,Medulla,left
132,3256,3195,513,208,185,Cuneate nucleus,right
138,3900,3185,514,269,182,Intermediate reticular nucleus,right
138,3732,3759,516,256,231,Medulla,left
138,3872,3998,517,270,250,"Medullary reticular nucleus, ventral part",left
138,3922,3517,516,273,209,Medulla,right
136,4092,3905,517,292,241,Medulla,left
136,3406,4099,514,224,261,"Medullary reticular nucleus, dorsal part",left
135,3876,4093,517,270,258,"Medullary reticular nucleus, ventral part",left
135,3392,4053,514,223,256,"Medullary reticular nucleus, dorsal part",left
139,4084,3980,517,292,247,Medulla,left
139,3674,3827,515,250,236,"Medullary reticular nucleus, ventral part",left
139,3276,3445,511,211,206,Nucleus of the solitary tract,right
139,3905,3987,517,272,249,"Medullary reticular nucleus, ventral part",left
137,2868,3791,514,174,237,arbor vitae,left
137,3350,3392,512,218,201,Nucleus of the solitary tract,right
137,3673,3673,515,249,224,Medulla,right
137,3362,3336,512,218,197,Medulla,right
137,3371,3346,512,220,198,Medulla,right
137,3630,3584,514,244,217,"Medullary reticular nucleus, ventral part",right
137,3648,3664,515,247,223,Medulla,right
137,3907,3984,517,274,249,"Medullary reticular nucleus, ventral part",left
142,3898,3958,516,272,247,"Medullary reticular nucleus, ventral part",left
142,3465,3245,511,227,189,"Medullary reticular nucleus, dorsal part",right
142,3662,3572,514,248,216,"Medullary reticular nucleus, ventral part",right
142,3664,3957,515,249,248,"Medullary reticular nucleus, ventral part",left
142,3240,3969,512,209,251,Cuneate nucleus,left
142,3343,3377,511,216,200,Nucleus of the solitary tract,right
142,3529,3162,511,232,181,"Medullary reticular nucleus, dorsal part",right
141,3355,4056,513,219,257,Medulla,left
141,3474,3201,511,228,185,"Medullary reticular nucleus, dorsal part",right
140,3998,3341,515,280,194,"Medullary reticular nucleus, ventral part",right
140,3939,4185,516,276,266,"Medullary reticular nucleus, ventral part",left
140,3243,3471,510,208,209,Nucleus of the solitary tract,right
140,3681,3144,512,246,180,"Medullary reticular nucleus, dorsal part",right
140,3937,3575,516,275,215,Medulla,right
145,3875,3526,514,268,211,Medulla,right
145,3769,3141,512,256,178,"Medullary reticular nucleus, dorsal part",right
145,4110,4008,515,294,250,Medulla,left
145,4115,4028,515,294,251,Medulla,left
143,3682,3700,514,251,226,Medulla,right
147,4014,4041,516,284,253,Medulla,left
147,4059,3916,516,289,242,Medulla,left
147,3372,4118,512,222,262,"Medullary reticular nucleus, dorsal part",left
147,3997,4020,516,282,252,Medulla,left
147,4077,3986,515,290,248,Medulla,left
146,3843,3939,515,266,245,"Medullary reticular nucleus, ventral part",left
146,3916,3574,515,272,215,Medulla,right
146,4004,3870,516,283,239,Medulla,left
146,4060,3867,516,289,238,Medulla,left
146,4111,3992,515,294,248,Medulla,left
146,3116,3050,512,197,172,Medulla,right
146,4013,3441,514,282,203,Medulla,right
148,4012,4011,516,284,251,Medulla,left
148,3277,3193,510,210,184,Medulla,right
148,3360,4097,512,220,261,Medulla,left
148,3759,2945,510,255,162,"Spinal nucleus of the trigeminal, caudal part",right
148,4069,4096,515,290,258,Medulla,left
148,3860,4133,515,268,262,"Medullary reticular nucleus, ventral part",left
150,4079,3971,515,290,247,Medulla,left
150,3575,4487,512,239,292,"Spinal nucleus of the trigeminal, caudal part",left
150,3657,4317,513,248,277,"Medullary reticular nucleus, dorsal part",left
150,3680,3210,510,247,185,"Medullary reticular nucleus, dorsal part",right
150,3956,4117,514,277,259,"Medullary reticular nucleus, ventral part",left
149,3331,3372,510,215,200,Nucleus of the solitary tract,right
149,3861,4122,515,268,261,"Medullary reticular nucleus, ventral part",left
149,3841,3093,512,262,174,"Medullary reticular nucleus, dorsal part",right
152,3560,4526,513,238,296,"Spinal nucleus of the trigeminal, caudal part",left
152,2683,3412,514,157,204,Uvula (IX),right
152,2775,3410,512,166,204,Uvula (IX),right
151,3746,3700,513,257,226,Medulla,right
151,3609,3823,512,244,237,"Medullary reticular nucleus, ventral part",left
151,3675,4389,513,249,283,"Medullary reticular nucleus, dorsal part",left
153,3571,4313,512,240,278,"Medullary reticular nucleus, dorsal part",left
153,3707,4180,513,253,265,Intermediate reticular nucleus,left
153,3327,3256,509,215,189,Medulla,right
153,4138,4298,513,296,274,Medulla,left
153,3623,4392,513,244,284,"Medullary reticular nucleus, dorsal part",left
153,3836,3195,511,262,184,Intermediate reticular nucleus,right
153,3941,3987,515,276,249,Medulla,left
153,4067,4094,514,289,258,Medulla,left
154,3848,3993,514,267,249,"Medullary reticular nucleus, ventral part",left
154,4108,4053,514,294,254,Medulla,left
154,3348,3231,509,217,187,Medulla,right
154,3668,2763,508,246,146,"Spinal nucleus of the trigeminal, caudal part",right
154,3983,4215,514,280,268,"Medullary reticular nucleus, ventral part",left
154,4032,3913,515,286,242,Medulla,left
154,4055,3994,515,288,250,Medulla,left
155,3904,3977,514,272,248,Medulla,left
155,4001,4004,514,282,250,Medulla,left
155,3764,3548,512,257,213,"Medullary reticular nucleus, ventral part",right
155,3879,3267,511,266,189,"Medullary reticular nucleus, ventral part",right
155,4040,3918,514,286,242,crossed tectospinal pathway,left
155,3356,4022,510,219,255,Nucleus of the solitary tract,left
155,3581,3579,510,239,216,Hypoglossal nucleus,right
155,3934,3985,514,276,249,Medulla,left
155,3210,3450,508,205,207,Nucleus of the solitary tract,right
158,3958,3981,514,278,248,Medulla,left
158,2592,3469,514,147,210,Pyramus (VIII),right
158,2741,2918,515,164,160,Copula pyramidis,right
158,3154,4393,513,202,288,Medulla,left
158,3332,4088,510,218,260,Medulla,left
158,3703,4190,512,252,266,Intermediate reticular nucleus,left
156,2748,2929,514,165,161,Copula pyramidis,right
156,3685,2865,508,248,155,"Spinal nucleus of the trigeminal, caudal part",right
156,2735,2906,515,164,158,Copula pyramidis,right
156,3363,3314,508,218,195,Medulla,right
156,4112,3905,513,294,241,pyramidal decussation,left
156,2741,2915,515,164,160,Copula pyramidis,right
156,3318,3229,508,214,187,Medulla,right
157,2387,3282,517,128,193,Pyramus (VIII),right
157,3850,3549,513,266,213,Medulla,right
157,3270,3393,508,211,201,Nucleus of the solitary tract,right
160,3343,3253,507,216,189,Medulla,right
161,3813,3992,512,263,249,"Medullary reticular nucleus, ventral part",left
161,3850,3984,513,267,249,"Medullary reticular nucleus, ventral part",left
161,3153,4396,512,202,289,Medulla,left
161,3281,3200,507,210,185,Cuneate nucleus,right
161,3635,3621,510,245,220,"Medullary reticular nucleus, ventral part",right
161,3840,3751,512,265,230,Medulla,left
161,4110,3906,513,294,241,pyramidal decussation,left
161,2728,2900,514,162,158,Copula pyramidis,right
161,3294,4047,509,214,257,Cuneate nucleus,left
161,3348,3274,507,217,191,Medulla,right
161,3843,3090,509,262,174,"Medullary reticular nucleus, dorsal part",right
161,3952,4025,513,277,252,Medulla,left
159,3242,3413,508,207,203,Nucleus of the solitary tract,right
159,2730,2901,515,163,158,Copula pyramidis,right
163,3254,3389,507,208,201,Nucleus of the solitary tract,right
163,4037,3911,513,286,242,crossed tectospinal pathway,left
163,4088,4064,512,291,255,Medulla,left
163,3724,3849,512,254,238,"Medullary reticular nucleus, ventral part",left
163,4046,3989,513,287,249,Medulla,left
163,3325,3258,507,215,190,Medulla,right
162,3216,4009,509,206,255,Cuneate nucleus,left
162,3321,4078,509,217,259,Medulla,left
162,3887,3580,512,269,215,Medulla,right
162,3924,3499,512,273,209,Medulla,right
162,3978,3377,511,277,198,"Medullary reticular nucleus, ventral part",right
162,3812,3704,512,263,226,Nucleus raphe obscurus,right
162,3914,3996,513,273,250,"Medullary reticular nucleus, ventral part",left
162,4003,4009,513,282,251,Medulla,left
162,3266,4040,509,211,256,Cuneate nucleus,left
162,3926,3367,511,272,197,"Medullary reticular nucleus, ventral part",right
164,3328,3278,507,215,191,Medulla,right
164,4018,3924,513,284,244,Medulla,left
164,3991,3999,513,281,250,Medulla,left
164,4061,4061,513,289,255,Medulla,left
164,3907,3446,512,271,204,"Medullary reticular nucleus, ventral part",right
164,3787,3564,511,259,214,"Medullary reticular nucleus, ventral part",right
164,3691,3186,509,248,183,"Medullary reticular nucleus, dorsal part",right
164,3748,3084,508,253,174,"Medullary reticular nucleus, dorsal part",right
167,3928,3856,512,274,238,crossed tectospinal pathway,left
165,2566,3457,513,145,209,Pyramus (VIII),right
165,3287,3182,506,211,184,Medulla,right
165,3213,3959,507,206,250,Nucleus of the solitary tract,left
165,3574,3123,507,237,178,"Medullary reticular nucleus, dorsal part",right
165,3758,2886,506,255,157,"Spinal nucleus of the trigeminal, caudal part",right
166,3296,3327,506,212,196,Cuneate nucleus,right
166,3362,4233,509,220,273,"Medullary reticular nucleus, dorsal part",left
166,3242,4014,508,209,254,Nucleus of the solitary tract,left
166,3547,4369,510,237,283,"Medullary reticular nucleus, dorsal part",left
166,3792,3495,510,259,209,"Medullary reticular nucleus, ventral part",right
168,3878,4136,511,269,262,"Medullary reticular nucleus, ventral part",left
168,3290,3181,506,211,183,Medulla,right
169,3212,3981,507,206,251,Nucleus of the solitary tract,left
169,3301,3209,506,212,186,Medulla,right
169,3311,3272,506,213,192,Cuneate nucleus,right
169,3537,4365,509,236,282,"Medullary reticular nucleus, dorsal part",left
169,3930,4100,512,274,259,"Medullary reticular nucleus, ventral part",left
169,4005,3927,512,282,244,Medulla,left
169,3176,3984,508,203,253,Cuneate nucleus,left
170,3563,2911,505,236,160,"Spinal nucleus of the trigeminal, caudal part",right
170,4021,3916,511,285,243,Medulla,left
170,3310,3293,505,213,193,Cuneate nucleus,right
170,3697,4340,509,251,279,"Medullary reticular nucleus, dorsal part",left
170,3200,3404,505,204,202,Medulla,right
170,3209,4064,507,206,259,Cuneate nucleus,left
170,3222,4081,507,207,260,Cuneate nucleus,left
170,3480,3165,506,228,182,"Medullary reticular nucleus, dorsal part",right
170,4091,4069,511,291,256,Medulla,left
171,3854,3860,511,267,239,Medulla,left
171,4014,4044,511,283,254,Medulla,left
171,3678,3740,509,249,229,Medulla,left
171,3966,4148,511,278,263,"Medullary reticular nucleus, ventral part",left
171,4027,3710,511,284,226,Medulla,right
171,3674,3823,509,249,236,"Medullary reticular nucleus, ventral part",left
171,3199,3404,505,204,202,Medulla,right
173,3668,4267,509,248,273,"Medullary reticular nucleus, dorsal part",left
173,3303,4121,507,214,263,Cuneate nucleus,left
173,3723,3475,509,253,207,"Medullary reticular nucleus, ventral part",right
173,3253,3343,505,208,197,Cuneate nucleus,right
173,3307,3258,505,213,190,Medulla,right
173,3344,3253,505,217,189,Medulla,right
173,3178,4019,507,203,256,Cuneate nucleus,left
173,3341,4106,507,218,261,Medulla,left
172,3803,4193,510,261,266,"Medullary reticular nucleus, ventral part",left
172,3878,3258,508,266,189,"Medullary reticular nucleus, ventral part",right
172,3947,4141,511,276,262,"Medullary reticular nucleus, ventral part",left
172,3354,3214,505,217,186,"Medullary reticular nucleus, dorsal part",right
172,3603,3226,506,239,187,"Medullary reticular nucleus, dorsal part",right
172,3267,4091,507,211,261,Cuneate nucleus,left
172,3698,2957,506,248,164,"Spinal nucleus of the trigeminal, caudal part",right
177,3947,3295,508,274,192,"Medullary reticular nucleus, ventral part",right
177,3261,4087,506,211,261,Cuneate nucleus,left
177,3205,3312,504,203,195,Cuneate nucleus,right
177,3229,4085,506,207,261,Cuneate nucleus,left
177,3424,3772,506,225,233,Hypoglossal nucleus,left
177,3233,4095,506,209,262,Cuneate nucleus,left
177,3872,3368,508,267,197,"Medullary reticular nucleus, ventral part",right
174,3210,3381,505,205,200,Cuneate nucleus,right
174,3299,4143,507,214,265,Medulla,left
174,3941,4122,511,275,261,"Medullary reticular nucleus, ventral part",left
174,3647,3856,509,247,239,"Medullary reticular nucleus, ventral part",left
175,3284,4112,506,213,263,Cuneate nucleus,left
175,3914,3445,509,271,205,"Medullary reticular nucleus, ventral part",right
175,3305,3317,504,212,195,Nucleus of the solitary tract,right
175,3512,3125,505,231,178,"Medullary reticular nucleus, dorsal part",right
175,3621,4416,508,244,286,"Medullary reticular nucleus, dorsal part",left
175,3644,3572,507,246,216,"Medullary reticular nucleus, ventral part",right
178,3828,4346,509,263,280,"Medullary reticular nucleus, dorsal part",left
178,3252,4087,506,210,261,Cuneate nucleus,left
178,3628,4383,508,244,284,"Medullary reticular nucleus, dorsal part",left
179,3592,4321,508,240,279,"Medullary reticular nucleus, dorsal part",left
179,3903,3851,510,272,238,crossed tectospinal pathway,left
179,3913,3867,510,273,239,Medulla,left
179,3120,3264,505,197,191,Cuneate nucleus,right
179,3189,4010,506,204,255,Cuneate nucleus,left
179,3382,3669,505,222,225,Medulla,right
179,3263,4112,506,211,263,Cuneate nucleus,left
179,3287,3212,504,211,186,Medulla,right
176,3229,3342,504,206,197,Parasolitary nucleus,right
176,3513,3125,505,231,178,"Medullary reticular nucleus, dorsal part",right
182,3663,3736,507,248,229,Medulla,left
182,3218,4095,505,206,262,Cuneate nucleus,left
182,3278,4132,506,212,265,Cuneate nucleus,left
182,4117,4296,508,292,275,"Lateral reticular nucleus, magnocellular part",left
180,3815,3706,508,262,226,Medulla,right
180,3811,4043,509,263,254,"Medullary reticular nucleus, ventral part",left
180,3270,3175,504,210,183,Medulla,right
180,3943,3843,509,275,237,crossed tectospinal pathway,left
181,3711,4302,507,252,276,"Medullary reticular nucleus, dorsal part",left
181,3815,3329,507,260,195,"Medullary reticular nucleus, ventral part",right
181,3272,4134,506,212,265,Cuneate nucleus,left
181,3886,3507,508,269,210,Medulla,right
187,3767,3364,506,256,198,"Medullary reticular nucleus, ventral part",right
187,3927,3597,508,273,217,crossed tectospinal pathway,right
187,3959,3914,509,278,243,Medulla,left
187,3311,4099,505,215,261,Nucleus of the solitary tract,left
187,3417,3324,503,222,196,"Medullary reticular nucleus, dorsal part",right
187,3804,3165,505,258,181,Intermediate reticular nucleus,right
187,3958,3868,509,278,239,crossed tectospinal pathway,left
187,3857,3485,507,266,208,"Medullary reticular nucleus, ventral part",right
187,3300,3268,503,212,191,Medulla,right
183,3758,3936,508,258,245,"Medullary reticular nucleus, ventral part",left
183,3220,3154,504,205,181,Cuneate nucleus,right
184,3868,3252,506,265,188,"Medullary reticular nucleus, ventral part",right
184,3575,3727,506,239,228,Hypoglossal nucleus,right
184,3222,3153,504,205,181,Cuneate nucleus,right
184,3242,4114,506,208,263,Cuneate nucleus,left
186,3889,3844,508,270,238,Medulla,left
186,3304,4145,505,214,266,Medulla,left
186,4147,4296,506,296,275,Medulla,left
186,3284,4171,505,213,268,Medulla,left
185,3117,3249,503,195,190,Cuneate nucleus,right
185,3363,4214,505,220,271,"Medullary reticular nucleus, dorsal part",left
185,3471,4226,505,230,271,"Medullary reticular nucleus, dorsal part",left
185,3970,4189,508,278,266,"Medullary reticular nucleus, ventral part",left
185,3973,3220,506,276,185,"Medullary reticular nucleus, ventral part",right
185,3234,4119,505,208,264,Cuneate nucleus,left
188,3906,3862,508,271,239,Medulla,left
188,3253,4133,505,210,265,Cuneate nucleus,left
188,3921,3340,506,271,195,"Medullary reticular nucleus, ventral part",right
188,3247,4296,506,210,279,"Spinal nucleus of the trigeminal, caudal part",left
188,3676,3589,506,248,217,"Medullary reticular nucleus, ventral part",right
188,3227,4112,505,207,263,Cuneate nucleus,left
190,3238,4115,504,208,263,Cuneate nucleus,left
190,3228,3307,502,205,195,Parasolitary nucleus,right
190,3204,3221,502,203,187,Cuneate nucleus,right
190,3228,4090,504,207,261,Cuneate nucleus,left
190,3241,4137,504,208,265,Cuneate nucleus,left
189,3866,3463,507,266,206,"Medullary reticular nucleus, ventral part",right
189,3204,3174,503,203,183,Cuneate nucleus,right
189,3225,4100,505,207,262,Cuneate nucleus,left
189,3329,4136,505,216,264,Medulla,left
192,3568,4258,505,238,273,"Medullary reticular nucleus, dorsal part",left
192,3360,3418,502,218,203,Medulla,right
192,3889,3348,506,268,196,"Medullary reticular nucleus, ventral part",right
191,3865,3441,506,266,204,"Medullary reticular nucleus, ventral part",right
193,3206,3219,502,203,187,Cuneate nucleus,right
193,3216,4137,504,206,265,Cuneate nucleus,left
193,3608,3438,504,242,205,"Medullary reticular nucleus, ventral part",right
193,3647,4354,505,246,281,"Medullary reticular nucleus, dorsal part",left
193,4045,3358,506,284,197,Medulla,right
193,3864,4339,506,266,279,Intermediate reticular nucleus,left
194,3603,3602,504,241,218,"Medullary reticular nucleus, ventral part",right
194,3938,3961,508,275,247,Medulla,left
194,3978,4190,507,278,266,"Medullary reticular nucleus, ventral part",left
194,3308,3269,502,213,192,Nucleus of the solitary tract,right
194,3890,4076,507,270,257,"Medullary reticular nucleus, ventral part",left
196,3906,3856,507,271,238,crossed tectospinal pathway,left
196,3914,3970,507,273,248,Medulla,left
196,3230,3215,501,205,186,Cuneate nucleus,right
196,3325,3222,501,214,187,Medulla,right
196,3875,3831,506,269,236,crossed tectospinal pathway,left
195,3955,3903,507,276,242,Medulla,left
195,3708,3642,505,252,221,Medulla,right
195,3757,2909,501,254,159,"Spinal nucleus of the trigeminal, caudal part",right
197,3954,3913,507,276,243,Medulla,left
197,3302,3244,501,212,190,Nucleus of the solitary tract,right
197,3336,3339,501,215,197,Nucleus of the solitary tract,right
197,3951,4081,506,276,256,Medulla,left
198,3351,3431,501,217,204,Medulla,right
198,3359,3330,501,218,196,Nucleus of the solitary tract,right
198,4077,4040,506,289,253,Inferior olivary complex,left
198,3882,4336,505,269,279,Medulla,left
198,3889,3305,504,267,192,"Medullary reticular nucleus, ventral part",right
200,3752,3578,504,255,216,"Medullary reticular nucleus, ventral part",right
199,3291,4231,503,213,272,Medulla,left
204,3190,3201,500,202,185,Cuneate nucleus,right
204,3188,3264,500,202,191,Cuneate nucleus,right
204,3938,4166,505,274,264,"Medullary reticular nucleus, ventral part",left
204,4148,3414,504,294,200,Medulla,right
204,3720,3068,501,251,173,"Medullary reticular nucleus, dorsal part",right
204,4034,4211,505,284,268,"Lateral reticular nucleus, magnocellular part",left
204,3185,4118,502,203,263,Cuneate nucleus,left
204,3281,4171,502,212,268,Medulla,left
204,3930,3873,506,274,240,Medulla,left
201,3201,4153,502,205,267,Cuneate nucleus,left
201,3275,4145,502,211,266,Medulla,left
201,3673,3030,500,246,170,"Medullary reticular nucleus, dorsal part",right
201,3762,4188,504,257,266,Intermediate reticular nucleus,left
201,3976,3249,503,276,188,"Medullary reticular nucleus, ventral part",right
202,3751,2676,499,254,138,"Spinal nucleus of the trigeminal, interpolar part",right
202,3943,3896,506,275,242,Medulla,left
202,3203,3243,500,203,189,Cuneate nucleus,right
202,3914,3895,506,272,242,Medulla,left
202,3921,3976,506,274,248,Medulla,left
202,3508,2751,499,232,146,"Spinal nucleus of the trigeminal, caudal part",right
203,3867,3833,506,267,237,Medulla,left
203,4040,4065,505,285,255,Medulla,left
203,3663,3781,504,248,232,Medulla,left
203,3870,3650,505,268,221,crossed tectospinal pathway,right
203,3935,3897,506,275,242,Medulla,left
203,4075,4035,505,289,253,Inferior olivary complex,left
203,3349,2846,500,217,156,"Spinal nucleus of the trigeminal, caudal part",right
203,3354,4110,502,218,262,Nucleus of the solitary tract,left
203,3890,3304,503,267,192,"Medullary reticular nucleus, ventral part",right
203,3276,3190,500,209,184,Medulla,right
203,3699,4434,503,250,288,"Medullary reticular nucleus, dorsal part",left
205,3986,3302,503,277,192,"Medullary reticular nucleus, ventral part",right
205,3121,4261,503,198,277,External cuneate nucleus,left
205,3921,4285,504,273,274,"Medullary reticular nucleus, ventral part",left
205,3191,4115,501,203,263,Parasolitary nucleus,left
205,3249,4141,501,209,265,Parasolitary nucleus,left
205,3169,4077,501,202,260,Parasolitary nucleus,left
205,4073,4032,504,289,253,Inferior olivary complex,left
207,3821,3560,504,263,214,Medulla,right
207,3288,4159,501,213,267,Medulla,left
207,3311,3214,499,213,186,Nucleus of the solitary tract,right
206,3729,4415,503,253,286,"Medullary reticular nucleus, dorsal part",left
206,3914,3371,503,270,198,"Medullary reticular nucleus, ventral part",right
206,3168,4085,501,201,261,Cuneate nucleus,left
206,3418,4634,503,225,307,"Spinal nucleus of the trigeminal, caudal part",left
206,3481,4152,502,230,264,"Medullary reticular nucleus, dorsal part",left
206,4072,4031,504,289,252,Inferior olivary complex,left
209,3873,3448,503,267,205,"Medullary reticular nucleus, ventral part",right
209,3907,3419,503,270,203,"Medullary reticular nucleus, ventral part",right
209,4009,3237,502,279,186,"Lateral reticular nucleus, magnocellular part",right
209,3650,3730,503,246,228,Medulla,right
209,3928,3340,503,271,195,"Medullary reticular nucleus, ventral part",right
209,3910,3402,503,270,201,"Medullary reticular nucleus, ventral part",right
209,3932,4165,504,274,264,"Medullary reticular nucleus, ventral part",left
208,3745,4381,503,255,282,"Medullary reticular nucleus, dorsal part",left
213,4095,3378,502,289,197,Medulla,right
213,3168,4175,501,201,269,Cuneate nucleus,left
213,3567,3667,501,238,223,Medulla,right
213,3165,4136,500,201,266,Cuneate nucleus,left
213,3147,3253,498,198,190,Cuneate nucleus,right
213,3620,3731,502,244,228,Medulla,right
214,3918,3868,504,272,239,Medulla,left
214,3148,3266,498,198,191,Cuneate nucleus,right
214,3944,3217,501,273,185,"Medullary reticular nucleus, ventral part",right
214,3195,4109,500,204,263,Parasolitary nucleus,left
214,3278,3251,498,209,190,Nucleus of the solitary tract,right
214,3389,4087,500,222,260,"Medullary reticular nucleus, dorsal part",left
214,3711,4330,502,252,278,"Medullary reticular nucleus, dorsal part",left
214,3329,3433,498,215,206,Dorsal motor nucleus of the vagus nerve,right
214,3606,3562,501,241,215,"Medullary reticular nucleus, ventral part",right
210,3841,3585,503,264,217,Medulla,right
210,3192,4293,501,204,279,Medulla,left
210,3767,3534,502,256,213,"Medullary reticular nucleus, ventral part",right
211,3813,3194,500,259,184,Intermediate reticular nucleus,right
211,3169,4093,500,202,261,Parasolitary nucleus,left
211,3280,4183,500,211,269,Medulla,left
211,3714,4226,502,252,270,Intermediate reticular nucleus,left
211,4069,4029,504,289,252,Inferior olivary complex,left
211,3210,4139,500,206,265,Parasolitary nucleus,left
211,3461,4185,501,229,268,"Medullary reticular nucleus, dorsal part",left
211,3738,3575,502,254,216,"Medullary reticular nucleus, ventral part",right
211,3885,4372,502,268,282,Intermediate reticular nucleus,left
215,3898,3867,503,271,239,Medulla,left
215,3254,3269,497,207,192,Nucleus of the solitary tract,right
216,3879,3845,503,268,238,Medulla,left
216,3150,4067,499,199,259,Cuneate nucleus,left
216,3711,4039,502,252,254,"Medullary reticular nucleus, ventral part",left
216,3994,4226,502,280,269,"Lateral reticular nucleus, magnocellular part",left
216,3268,3253,497,208,190,Nucleus of the solitary tract,right
216,3761,3278,500,255,191,Intermediate reticular nucleus,right
212,3705,3595,502,251,218,"Medullary reticular nucleus, ventral part",right
212,2715,2974,505,160,165,Copula pyramidis,right
212,3146,3337,498,198,197,Medulla,right
212,3213,3205,498,204,185,Cuneate nucleus,right
212,3600,4390,501,241,284,"Medullary reticular nucleus, dorsal part",left
212,3617,3584,501,242,217,"Medullary reticular nucleus, ventral part",right
224,3782,4075,501,260,257,"Medullary reticular nucleus, ventral part",left
224,2325,3173,508,121,183,Folium-tuber vermis (VII),right
224,3168,3228,497,199,188,Cuneate nucleus,right
224,3231,3162,497,205,182,Cuneate nucleus,right
224,3493,2938,496,229,163,"Spinal nucleus of the trigeminal, interpolar part",right
220,3638,4107,500,245,260,Intermediate reticular nucleus,left
220,3776,3119,498,255,178,Intermediate reticular nucleus,right
220,3303,4045,498,213,257,Nucleus of the solitary tract,left
220,3725,4311,500,253,277,"Medullary reticular nucleus, dorsal part",left
220,3205,3284,496,203,193,Parasolitary nucleus,right
220,4000,4200,501,280,267,"Lateral reticular nucleus, magnocellular part",left
220,4110,4239,500,292,270,Medulla,left
218,3850,3297,501,263,193,"Medullary reticular nucleus, ventral part",right
218,4062,4025,503,287,252,Inferior olivary complex,left
217,3975,3278,501,276,190,"Medullary reticular nucleus, ventral part",right
217,3156,4118,499,200,264,Cuneate nucleus,left
217,3175,4171,500,202,269,Cuneate nucleus,left
217,3193,4162,500,203,268,Cuneate nucleus,left
217,3765,3589,502,257,217,Medulla,right
217,3794,3712,502,261,227,Nucleus raphe obscurus,right
219,3917,3881,503,272,240,Medulla,left
219,3548,3764,500,237,232,Medulla,left
219,3824,4425,501,262,287,"Medullary reticular nucleus, dorsal part",left
219,4073,4006,503,289,250,Inferior olivary complex,left
219,3753,2956,497,253,163,"Medullary reticular nucleus, dorsal part",right
219,3636,4120,501,245,262,Intermediate reticular nucleus,left
219,4060,4225,502,287,269,"Lateral reticular nucleus, magnocellular part",left
221,3277,3207,496,209,187,Nucleus of the solitary tract,right
221,3172,3272,497,200,192,Cuneate nucleus,right
221,3575,3569,499,239,216,"Medullary reticular nucleus, ventral part",right
221,3634,2966,496,242,164,Parvicellular reticular nucleus,right
221,3829,4230,501,263,270,Intermediate reticular nucleus,left
221,3828,4280,501,262,274,Intermediate reticular nucleus,left
221,3985,4262,501,279,272,"Lateral reticular nucleus, magnocellular part",left
221,3174,4178,499,202,269,Cuneate nucleus,left
221,3786,3905,501,260,242,"Medullary reticular nucleus, ventral part",left
221,3849,4447,500,264,289,"Medullary reticular nucleus, dorsal part",left
222,3168,4162,499,201,268,Cuneate nucleus,left
222,3190,4138,499,203,266,Parasolitary nucleus,left
222,3340,3397,497,215,202,Nucleus of the solitary tract,right
223,3144,3268,497,198,191,Cuneate nucleus,right
223,3235,3165,497,206,182,Cuneate nucleus,right
223,3419,4488,500,225,294,"Spinal nucleus of the trigeminal, caudal part",left
225,3898,4139,501,270,262,"Medullary reticular nucleus, ventral part",left
225,3986,4136,501,279,262,"Medullary reticular nucleus, ventral part",left
225,4030,4057,501,283,255,Medulla,left
225,3603,4535,498,241,297,"Spinal nucleus of the trigeminal, caudal part",left
225,3713,4033,500,252,254,"Medullary reticular nucleus, ventral part",left
225,3834,4200,500,264,267,"Medullary reticular nucleus, ventral part",left
225,3167,3227,496,199,188,Cuneate nucleus,right
225,3759,3957,500,257,248,"Medullary reticular nucleus, ventral part",left
228,3134,3299,496,197,194,Cuneate nucleus,right
228,4142,4296,499,294,275,"Lateral reticular nucleus, magnocellular part",left
228,3910,3398,500,270,201,"Medullary reticular nucleus, ventral part",right
228,3911,3856,501,272,238,crossed tectospinal pathway,left
227,3225,3166,496,205,182,Cuneate nucleus,right
227,3152,4050,497,199,258,Parasolitary nucleus,left
227,3788,3817,501,260,235,Medulla,left
227,3928,3950,501,273,246,Medulla,left
227,4063,3364,499,285,197,Medulla,right
234,4065,3301,498,284,192,Medulla,right
234,3202,3033,495,203,172,Medulla,right
234,3909,3860,500,272,239,Medulla,left
234,2427,3637,505,129,225,Pyramus (VIII),right
234,3252,3222,495,207,188,Parasolitary nucleus,right
234,3869,3298,498,266,193,"Medullary reticular nucleus, ventral part",right
234,3138,3214,495,197,187,Cuneate nucleus,right
234,3235,3238,495,206,189,Parasolitary nucleus,right
234,3738,3143,496,252,179,Intermediate reticular nucleus,right
234,3892,3614,500,269,218,crossed tectospinal pathway,right
226,3916,3869,501,272,240,Medulla,left
226,3784,4424,499,258,287,"Medullary reticular nucleus, dorsal part",left
232,3153,3211,495,198,187,Cuneate nucleus,right
232,3199,4234,497,204,274,Cuneate nucleus,left
232,3696,3086,495,248,175,Parvicellular reticular nucleus,right
229,3729,4017,500,254,252,"Medullary reticular nucleus, ventral part",left
229,3183,4161,498,203,268,Parasolitary nucleus,left
229,3765,3756,500,257,230,crossed tectospinal pathway,left
229,3911,3872,501,272,240,Medulla,left
230,3607,3725,498,243,228,Medulla,right
230,3577,3541,497,238,213,"Medullary reticular nucleus, ventral part",right
235,3388,4081,496,221,259,Parvicellular reticular nucleus,left
235,3547,4508,497,236,296,"Spinal nucleus of the trigeminal, caudal part",left
235,3934,4130,499,274,261,"Medullary reticular nucleus, ventral part",left
235,3780,4222,498,258,270,Intermediate reticular nucleus,left
235,3984,3337,498,277,195,"Medullary reticular nucleus, ventral part",right
235,3139,4170,496,198,269,Cuneate nucleus,left
235,3182,3197,494,201,186,Cuneate nucleus,right
235,3844,4403,497,264,284,Intermediate reticular nucleus,left
231,3964,3248,498,274,188,"Lateral reticular nucleus, magnocellular part",right
231,3172,4127,497,202,265,Parasolitary nucleus,left
233,3863,3986,500,267,249,"Medullary reticular nucleus, ventral part",left
233,4031,4050,500,283,254,Medulla,left
233,3156,3194,495,198,185,Cuneate nucleus,right
233,3167,3242,495,199,189,Cuneate nucleus,right
233,3200,3152,495,202,181,Cuneate nucleus,right
233,3557,3644,497,238,222,Medulla,right
238,3924,4251,498,272,271,"Medullary reticular nucleus, ventral part",left
238,3201,4237,496,204,274,Cuneate nucleus,left
236,3207,4252,496,205,275,Cuneate nucleus,left
236,3182,4175,496,203,269,Parasolitary nucleus,left
236,3843,4175,498,264,265,"Medullary reticular nucleus, ventral part",left
236,3194,3136,494,202,180,Cuneate nucleus,right
237,3693,4389,497,249,284,"Medullary reticular nucleus, dorsal part",left
237,3157,3301,494,199,194,Parasolitary nucleus,right
237,3721,4315,497,252,277,"Medullary reticular nucleus, dorsal part",left
243,3903,3863,499,270,239,Medulla,left
243,3569,3723,496,239,229,Medulla,left
243,3183,3180,493,201,183,Cuneate nucleus,right
243,3236,3210,493,206,187,Parasolitary nucleus,right
243,3491,3951,495,231,247,Intermediate reticular nucleus,left
243,3175,4249,496,202,276,Cuneate nucleus,left
243,3833,2997,494,261,167,Parvicellular reticular nucleus,right
242,3786,3840,498,259,237,Medulla,left
242,3801,3618,498,260,219,Medulla,right
242,3635,3013,493,242,169,Parvicellular reticular nucleus,right
242,3242,4231,495,207,273,Medulla,left
242,3603,3870,496,241,241,"Medullary reticular nucleus, ventral part",left
242,3928,4393,497,272,283,Intermediate reticular nucleus,left
240,4009,3213,496,279,184,"Lateral reticular nucleus, magnocellular part",right
240,3297,3280,493,211,192,Nucleus of the solitary tract,right
241,3523,4224,496,234,271,Parvicellular reticular nucleus,left
241,3709,4105,497,252,259,"Medullary reticular nucleus, ventral part",left
241,3213,4239,496,205,274,Cuneate nucleus,left
241,3792,3733,498,259,229,crossed tectospinal pathway,left
241,3247,3173,493,207,183,Medulla,right
241,3707,3724,497,252,228,Nucleus raphe obscurus,right
241,3721,3681,497,253,224,Medulla,right
241,3884,4397,496,268,284,Intermediate reticular nucleus,left
248,3664,4024,496,247,253,"Medullary reticular nucleus, ventral part",left
248,3145,3154,493,197,181,Cuneate nucleus,right
248,3731,4483,495,252,293,Parvicellular reticular nucleus,left
244,3807,3219,495,259,186,Intermediate reticular nucleus,right
244,3171,4233,496,202,275,Cuneate nucleus,left
244,3223,3183,493,204,184,Parasolitary nucleus,right
244,3674,3045,493,246,172,Parvicellular reticular nucleus,right
244,3777,3730,498,258,228,Nucleus raphe obscurus,right
244,3324,3714,494,215,228,Medulla,right
249,3905,3844,498,270,238,crossed tectospinal pathway,left
249,3196,4212,494,204,272,Cuneate nucleus,left
249,3151,3172,493,197,183,Cuneate nucleus,right
249,3164,3168,492,199,182,Cuneate nucleus,right
249,3852,3294,495,263,193,"Medullary reticular nucleus, ventral part",right
245,3161,3163,492,199,182,Cuneate nucleus,right
245,3950,4172,497,275,265,"Lateral reticular nucleus, magnocellular part",left
245,3471,4277,495,229,275,Parvicellular reticular nucleus,left
245,3514,3577,494,233,217,Nucleus of Roller,right
246,3240,3167,492,205,182,Medulla,right
246,3372,3073,492,218,175,"Spinal nucleus of the trigeminal, interpolar part",right
246,3814,4344,496,261,280,Intermediate reticular nucleus,left
246,3559,3723,495,238,229,Medulla,left
246,3917,4250,496,271,272,"Medullary reticular nucleus, ventral part",left
247,3599,4377,495,240,283,Parvicellular reticular nucleus,left
250,3201,3191,491,202,185,Spinal vestibular nucleus,right
250,3555,3722,494,236,229,Medulla,left
250,3595,3769,494,241,233,Medulla,left
250,3910,3086,493,269,174,"Nucleus ambiguus, ventral division",right
250,3135,3189,492,196,185,Spinal vestibular nucleus,right
250,3244,3155,491,206,181,Medulla,right
250,3886,2874,491,266,155,Parvicellular reticular nucleus,right
250,3900,3859,497,270,239,Medulla,left
250,3975,3434,496,276,204,Medulla,right
250,3450,3955,493,227,248,Intermediate reticular nucleus,left
251,3552,4361,494,236,283,Parvicellular reticular nucleus,left
251,3823,3260,494,261,190,Intermediate reticular nucleus,right
251,3891,4174,496,269,265,"Medullary reticular nucleus, ventral part",left
251,3954,4172,496,275,265,"Lateral reticular nucleus, magnocellular part",left
251,3681,4270,494,248,274,Intermediate reticular nucleus,left
251,3182,3251,491,201,190,Parasolitary nucleus,right
251,3977,3444,496,276,205,Medulla,right
253,3129,4202,494,197,272,Cuneate nucleus,left
253,3180,3168,492,200,182,Cuneate nucleus,right
253,3182,3233,491,201,189,Spinal vestibular nucleus,right
254,3154,3151,492,197,181,Cuneate nucleus,right
254,3839,4138,496,264,262,"Medullary reticular nucleus, ventral part",left
254,3947,4177,496,275,265,"Lateral reticular nucleus, magnocellular part",left
254,3967,3724,497,276,228,Medulla,right
252,3207,3230,491,203,188,Parasolitary nucleus,right
262,2577,2984,498,145,166,Copula pyramidis,right
262,3885,3866,495,269,239,Medulla,left
262,3904,3733,495,270,229,Inferior olivary complex,left
262,3818,4114,494,261,260,"Medullary reticular nucleus, ventral part",left
262,2612,3012,497,149,168,Copula pyramidis,right
262,3396,3042,489,220,172,"Spinal nucleus of the trigeminal, interpolar part",right
257,3929,3929,496,273,244,Medulla,left
257,3868,3720,496,266,228,Medulla,right
257,3610,4428,493,242,288,Parvicellular reticular nucleus,left
257,3807,4165,495,261,264,"Medullary reticular nucleus, ventral part",left
257,3196,3174,491,202,183,Medulla,right
257,3541,3722,493,235,229,Medulla,left
257,3158,4089,492,200,261,Parasolitary nucleus,left
257,3940,3882,496,274,241,Medulla,left
256,3288,4206,492,212,270,Nucleus of the solitary tract,left
256,3812,4110,495,261,260,"Medullary reticular nucleus, ventral part",left
256,3880,3733,496,267,229,Inferior olivary complex,left
256,2593,2996,499,146,167,Copula pyramidis,right
256,3129,4197,493,196,272,Cuneate nucleus,left
255,3426,3146,490,223,181,Parvicellular reticular nucleus,right
255,3752,4132,494,255,262,Intermediate reticular nucleus,left
255,3203,3194,490,202,186,Spinal vestibular nucleus,right
255,3729,4367,493,252,282,Parvicellular reticular nucleus,left
258,3910,3893,496,271,241,Medulla,left
258,3801,3726,495,260,228,Nucleus raphe obscurus,right
258,3177,4283,493,201,279,Cuneate nucleus,left
258,3167,4293,493,200,279,Cuneate nucleus,left
259,3708,4344,493,251,281,Parvicellular reticular nucleus,left
259,3585,4420,493,239,288,Parvicellular reticular nucleus,left
259,3674,4180,494,248,266,Intermediate reticular nucleus,left
259,3796,3625,495,260,220,Medulla,right
260,3107,4207,492,195,273,Spinal vestibular nucleus,left
260,3230,3132,490,204,180,Medulla,right
260,3816,4218,494,261,269,Intermediate reticular nucleus,left
260,3881,3736,495,267,229,Inferior olivary complex,left
263,3879,3831,495,268,236,crossed tectospinal pathway,left
263,3903,3256,492,268,188,"Lateral reticular nucleus, magnocellular part",right
263,3715,4273,493,251,274,Intermediate reticular nucleus,left
261,3232,3096,490,205,177,Medulla,right
261,3677,4374,492,247,283,Parvicellular reticular nucleus,left
264,3632,4060,493,245,256,Intermediate reticular nucleus,left
264,3464,3776,491,228,233,Hypoglossal nucleus,left
264,3774,3045,490,255,172,Parvicellular reticular nucleus,right
264,3267,3423,489,208,205,Dorsal motor nucleus of the vagus nerve,right
265,3711,4107,493,252,260,Intermediate reticular nucleus,left
265,3770,3881,493,258,240,"Medullary reticular nucleus, ventral part",left
265,3907,4035,494,271,254,"Medullary reticular nucleus, ventral part",left
265,4055,4111,493,285,259,Medulla,left
265,3166,3193,489,198,185,Spinal vestibular nucleus,right
265,3266,3402,489,208,203,Nucleus of the solitary tract,right
265,3392,3039,488,219,172,"Spinal nucleus of the trigeminal, interpolar part",right
265,3556,3596,491,236,219,Gigantocellular reticular nucleus,right
265,3626,4382,491,243,284,Parvicellular reticular nucleus,left
265,3872,3245,491,265,188,Intermediate reticular nucleus,right
265,3920,4450,491,271,289,"Lateral reticular nucleus, magnocellular part",left
265,3944,3880,494,275,240,Medulla,left
267,3922,3922,494,272,244,Medulla,left
267,3977,4065,494,277,256,Medulla,left
267,3158,3178,489,198,184,Spinal vestibular nucleus,right
267,3658,3749,492,247,230,Medulla,left
267,3715,3505,492,251,210,Gigantocellular reticular nucleus,right
267,3077,3259,489,190,191,Spinal vestibular nucleus,right
267,3200,3077,489,202,175,Medulla,right
267,3148,4253,491,199,276,Cuneate nucleus,left
266,3965,4097,494,276,259,Medulla,left
266,4142,3154,490,291,178,Medulla,right
266,3123,4078,490,196,261,Medial vestibular nucleus,left
271,3766,3721,492,257,228,Nucleus raphe obscurus,right
271,3186,3186,488,200,185,Spinal vestibular nucleus,right
271,3193,3156,488,200,181,Spinal vestibular nucleus,right
271,3117,3970,489,194,252,Medial vestibular nucleus,left
268,4101,4315,492,289,276,"Lateral reticular nucleus, magnocellular part",left
268,3097,4090,490,194,262,Spinal vestibular nucleus,left
268,3187,4298,491,202,280,Cuneate nucleus,left
284,3860,3716,491,266,227,Medulla,right
284,3212,3086,486,203,176,Spinal vestibular nucleus,right
284,4029,3197,488,280,183,"Lateral reticular nucleus, magnocellular part",right
284,3177,4282,489,201,279,Cuneate nucleus,left
284,3448,3682,488,227,226,Medulla,right
284,3570,4388,488,238,285,Parvicellular reticular nucleus,left
272,3906,4086,493,270,258,"Medullary reticular nucleus, ventral part",left
272,3837,3711,493,264,227,Inferior olivary complex,right
270,3779,3718,492,258,227,Nucleus raphe obscurus,right
270,3922,4101,493,272,259,"Medullary reticular nucleus, ventral part",left
270,3706,4192,491,250,267,Intermediate reticular nucleus,left
270,3786,3717,492,259,227,Nucleus raphe obscurus,right
270,2610,3004,496,148,167,Copula pyramidis,right
270,3773,3714,492,258,227,Nucleus raphe obscurus,right
270,3840,3774,493,264,232,crossed tectospinal pathway,left
269,3947,4379,492,274,282,Intermediate reticular nucleus,left
269,4068,4214,493,286,268,"Lateral reticular nucleus, magnocellular part",left
269,3158,4036,490,199,257,Medial vestibular nucleus,left
269,3772,3713,493,258,227,Nucleus raphe obscurus,right
269,3909,3731,494,271,228,Medulla,right
273,3896,3884,493,270,241,Medulla,left
273,3555,3736,490,236,230,medial longitudinal fascicle,left
273,3216,3183,488,203,185,Spinal vestibular nucleus,right
275,3833,3827,492,264,236,Medulla,left
275,3752,4360,490,254,282,Parvicellular reticular nucleus,left
275,4137,3156,488,291,178,Medulla,right
275,3139,3123,487,196,179,Spinal vestibular nucleus,right
275,3180,4213,489,201,272,Spinal vestibular nucleus,left
275,3155,3083,487,197,176,Spinal vestibular nucleus,right
275,3200,4292,490,203,279,Cuneate nucleus,left
275,3841,3769,492,264,232,crossed tectospinal pathway,left
275,3866,3673,492,266,224,Inferior olivary complex,right
275,3961,4220,491,275,269,"Lateral reticular nucleus, magnocellular part",left
275,3242,3091,487,205,176,Medulla,right
275,3789,4426,490,258,287,Parvicellular reticular nucleus,left
275,4125,4246,490,292,271,Medulla,left
274,3664,3003,488,245,168,Parvicellular reticular nucleus,right
274,3641,3129,488,242,179,Parvicellular reticular nucleus,right
274,3834,4207,492,263,269,Intermediate reticular nucleus,left
274,3877,3858,493,267,239,Medulla,left
274,2611,3007,496,148,168,Copula pyramidis,right
274,3194,4298,491,203,280,Cuneate nucleus,left
274,3151,4300,491,199,280,Cuneate nucleus,left
278,2602,3007,495,147,168,Copula pyramidis,right
278,3160,3952,488,199,249,Nucleus of the solitary tract,left
278,3911,4556,489,270,297,Parvicellular reticular nucleus,left
278,3411,3694,488,223,227,Hypoglossal nucleus,right
276,3795,3232,489,258,188,Intermediate reticular nucleus,right
276,3709,4362,490,251,282,Parvicellular reticular nucleus,left
276,3211,3115,487,203,178,Spinal vestibular nucleus,right
276,3374,4344,489,219,283,"Spinal nucleus of the trigeminal, interpolar part",left
276,2595,2997,495,147,167,Copula pyramidis,right
276,3436,3663,488,226,224,Hypoglossal nucleus,right
280,3521,4421,488,233,288,"Spinal nucleus of the trigeminal, interpolar part",left
280,3179,3483,486,200,210,Nucleus of the solitary tract,right
277,3199,4233,489,203,274,Spinal vestibular nucleus,left
277,4052,3208,489,282,184,"Lateral reticular nucleus, magnocellular part",right
277,3834,3719,492,264,228,Nucleus raphe obscurus,right
277,4119,3163,488,289,180,Medulla,right
279,3229,3151,487,204,181,Spinal vestibular nucleus,right
279,3726,3320,489,251,195,Intermediate reticular nucleus,right
279,3917,4216,491,270,268,"Lateral reticular nucleus, magnocellular part",left
279,4025,4132,491,282,262,Medulla,left
279,3272,4027,488,210,255,Nucleus of the solitary tract,left
279,3332,3208,487,214,187,Nucleus of the solitary tract,right
279,3456,3604,488,227,219,Hypoglossal nucleus,right
282,3191,3088,486,200,176,Spinal vestibular nucleus,right
282,3677,3973,490,248,249,Gigantocellular reticular nucleus,left
282,3786,3098,487,257,176,Intermediate reticular nucleus,right
282,3888,3873,491,269,240,Medulla,left
282,4022,4344,489,281,280,"Lateral reticular nucleus, magnocellular part",left
282,3305,4233,488,212,273,Nucleus of the solitary tract,left
282,3865,3640,491,266,221,crossed tectospinal pathway,right
282,3875,3857,491,267,239,Medulla,left
282,4011,3103,487,278,175,"Lateral reticular nucleus, magnocellular part",right
282,4106,4342,489,289,278,Medulla,left
282,4065,4263,489,285,272,"Lateral reticular nucleus, magnocellular part",left
283,3808,3814,491,261,235,Medulla,left
283,3737,4370,489,253,283,Parvicellular reticular nucleus,left
283,3914,3913,491,271,243,Medulla,left
283,3915,4183,490,270,266,"Lateral reticular nucleus, magnocellular part",left
281,3842,3717,491,263,227,Nucleus raphe obscurus,right
285,3283,3404,485,210,203,Dorsal motor nucleus of the vagus nerve,right
285,3247,4027,486,207,255,Nucleus of the solitary tract,left
285,3886,3517,490,268,210,Gigantocellular reticular nucleus,right
285,3186,4256,488,202,276,Spinal vestibular nucleus,left
285,3861,3318,488,264,194,"Lateral reticular nucleus, magnocellular part",right
285,4068,3180,487,283,181,"Lateral reticular nucleus, magnocellular part",right
288,3916,3714,490,271,227,Medulla,right
288,4013,4136,490,280,262,Medulla,left
288,3236,3019,485,205,171,Medulla,right
288,3871,3320,488,266,195,"Lateral reticular nucleus, magnocellular part",right
296,2323,3688,495,118,229,Declive (VI),left
296,3231,3559,483,205,216,Medulla,right
296,3706,4384,486,249,284,Parvicellular reticular nucleus,left
287,2254,3674,498,111,228,Declive (VI),right
287,3754,3535,489,255,213,Gigantocellular reticular nucleus,right
287,2940,2916,488,178,161,Nodulus (X),right
287,3615,4339,488,241,280,Parvicellular reticular nucleus,left
287,3289,4196,487,211,270,Nucleus of the solitary tract,left
287,3150,4271,488,198,278,Spinal vestibular nucleus,left
286,3206,3550,485,202,215,Nucleus of the solitary tract,right
286,3932,3989,490,273,249,Gigantocellular reticular nucleus,left
294,4069,3244,487,285,187,"Lateral reticular nucleus, magnocellular part",right
294,3813,3130,485,259,178,Intermediate reticular nucleus,right
294,3288,3734,485,211,231,Medulla,left
294,3968,3719,489,275,228,Medulla,right
294,3979,3765,490,277,231,Inferior olivary complex,left
289,3214,3862,486,204,242,Dorsal motor nucleus of the vagus nerve,left
289,3217,3170,485,203,184,Spinal vestibular nucleus,right
289,3883,3980,490,268,248,Gigantocellular reticular nucleus,left
289,4006,4299,489,279,276,"Lateral reticular nucleus, magnocellular part",left
289,3718,3083,486,249,175,Parvicellular reticular nucleus,right
291,3517,3759,487,233,232,Gigantocellular reticular nucleus,left
291,3194,3369,484,202,201,Nucleus of the solitary tract,right
291,3457,3720,486,228,229,Medulla,left
291,3480,3690,486,229,226,medial longitudinal fascicle,right
290,3197,4251,487,203,275,Spinal vestibular nucleus,left
290,3210,3524,484,203,213,Nucleus of the solitary tract,right
290,3674,3831,488,248,236,Gigantocellular reticular nucleus,left
290,3911,3886,490,271,241,Medulla,left
290,4028,3303,487,280,192,"Lateral reticular nucleus, magnocellular part",right
290,3918,3875,490,271,240,Medulla,left
293,1824,3264,501,66,193,Declive (VI),right
293,3861,3703,489,266,226,Inferior olivary complex,right
293,3795,4160,488,260,265,Intermediate reticular nucleus,left
293,4113,3245,486,288,187,Medulla,right
293,3194,3419,484,202,205,Nucleus of the solitary tract,right
293,3194,4312,487,203,281,Medulla,left
293,3313,4291,486,213,278,Nucleus of the solitary tract,left
293,3613,4175,487,242,266,Intermediate reticular nucleus,left
293,3986,4411,487,277,285,"Paragigantocellular reticular nucleus, lateral part",left
292,2347,3685,496,121,229,Declive (VI),left
292,4108,3124,485,288,176,Medulla,right
292,3202,3892,485,202,244,Nucleus of the solitary tract,left
292,3226,3844,485,205,241,Dorsal motor nucleus of the vagus nerve,left
292,3284,3666,485,211,225,Medulla,right
292,3419,3870,486,224,241,Hypoglossal nucleus,left
292,3837,4222,488,263,270,Intermediate reticular nucleus,left
292,3122,4251,487,196,276,Spinal vestibular nucleus,left
301,3869,3331,486,266,195,"Lateral reticular nucleus, magnocellular part",right
301,3979,4218,486,276,268,"Lateral reticular nucleus, magnocellular part",left
301,4069,3128,484,284,177,"Paragigantocellular reticular nucleus, lateral part",right
301,3411,2752,482,222,147,"Spinal nucleus of the trigeminal, interpolar part",right
301,3685,4350,485,248,281,Parvicellular reticular nucleus,left
301,4129,3216,484,289,184,Medulla,right
301,3353,3694,483,217,227,Medulla,right
295,3171,4235,486,200,275,Spinal vestibular nucleus,left
295,2258,3671,496,112,228,Declive (VI),right
295,3850,2847,482,263,153,"Spinal nucleus of the trigeminal, interpolar part",right
297,3171,3528,483,200,213,Medulla,right
297,3171,3513,483,200,212,Medulla,right
297,3189,4269,486,202,278,Spinal vestibular nucleus,left
297,3271,3532,483,209,214,Medulla,right
297,4021,4318,486,281,277,"Lateral reticular nucleus, magnocellular part",left
297,3232,4309,486,206,281,Medulla,left
302,2332,3685,494,119,229,Declive (VI),left
302,1853,3272,499,69,194,Declive (VI),right
300,3179,3137,483,199,180,Spinal vestibular nucleus,right
300,3800,3883,487,260,241,Gigantocellular reticular nucleus,left
300,4060,3296,485,283,192,Medulla,right
300,4076,3150,484,284,179,"Paragigantocellular reticular nucleus, lateral part",right
300,3108,4228,485,194,274,Spinal vestibular nucleus,left
300,3228,4300,485,205,280,Spinal vestibular nucleus,left
300,3202,3065,483,201,174,Spinal vestibular nucleus,right
298,3227,3905,484,205,245,Dorsal motor nucleus of the vagus nerve,left
298,3227,3106,483,204,177,Spinal vestibular nucleus,right
298,3434,3717,485,226,228,Medulla,right
298,4063,3074,484,283,172,"Paragigantocellular reticular nucleus, lateral part",right
298,3132,3909,484,196,246,Medial vestibular nucleus,left
299,3820,3818,488,262,235,Gigantocellular reticular nucleus,left
299,3883,3856,489,268,238,crossed tectospinal pathway,left
299,3763,3652,488,256,222,Gigantocellular reticular nucleus,right
299,3791,3695,488,259,226,crossed tectospinal pathway,right
299,3812,4076,488,261,257,Gigantocellular reticular nucleus,left
299,3851,3826,488,265,236,crossed tectospinal pathway,left
299,3901,3907,489,269,243,Gigantocellular reticular nucleus,left
299,3365,4273,485,218,276,Nucleus of the solitary tract,left
299,3427,4738,486,225,317,"Spinal nucleus of the trigeminal, interpolar part",left
299,4001,3711,488,279,226,Inferior olivary complex,right
303,2294,3688,495,116,229,Declive (VI),left
303,4003,3710,488,279,226,Inferior olivary complex,right
303,3603,3779,486,241,233,Gigantocellular reticular nucleus,left
304,3947,4252,486,274,272,"Lateral reticular nucleus, magnocellular part",left
304,3247,3918,483,207,246,Dorsal motor nucleus of the vagus nerve,left
308,3864,3788,487,266,233,crossed tectospinal pathway,left
308,3904,3805,487,269,234,Inferior olivary complex,left
308,2333,3685,493,119,229,Declive (VI),left
308,3603,4374,484,240,284,Parvicellular reticular nucleus,left
305,3223,3121,482,203,179,Spinal vestibular nucleus,right
305,3186,3066,482,200,174,Spinal vestibular nucleus,right
305,3488,3597,484,230,219,Gigantocellular reticular nucleus,right
305,3750,3712,486,255,227,Nucleus raphe obscurus,right
305,3937,3465,486,272,206,Gigantocellular reticular nucleus,right
305,3757,3866,486,256,239,Gigantocellular reticular nucleus,left
305,4122,4162,485,291,263,Inferior olivary complex,left
307,3994,3230,484,277,186,"Lateral reticular nucleus, magnocellular part",right
307,3992,3297,484,276,192,"Lateral reticular nucleus, magnocellular part",right
307,4063,3323,484,283,194,Medulla,right
307,3231,3058,482,203,174,Spinal vestibular nucleus,right
307,3257,3770,482,208,234,Nucleus prepositus,left
307,3682,3463,485,248,207,Gigantocellular reticular nucleus,right
307,2264,3669,495,112,228,Declive (VI),right
307,3213,3063,482,202,174,Spinal vestibular nucleus,right
306,3472,3731,484,229,229,medial longitudinal fascicle,left
306,3847,3827,487,264,236,Gigantocellular reticular nucleus,left
306,4026,4285,485,281,275,"Lateral reticular nucleus, magnocellular part",left
306,4073,4319,484,286,278,"Paragigantocellular reticular nucleus, lateral part",left
306,4089,3225,484,286,185,Medulla,right
306,3423,3552,483,224,215,Nucleus of Roller,right
306,3613,4108,485,242,261,Intermediate reticular nucleus,left
309,3904,3706,487,269,226,Inferior olivary complex,right
309,3243,4346,484,206,284,Medulla,left
309,3249,3609,482,207,221,Nucleus prepositus,right
317,3980,4459,482,276,290,"Paragigantocellular reticular nucleus, lateral part",left
317,3237,3087,480,204,176,Spinal vestibular nucleus,right
317,4135,3303,482,290,191,Inferior olivary complex,right
311,2042,3406,496,90,204,Declive (VI),right
310,3174,3130,481,199,179,Spinal vestibular nucleus,right
310,3204,4341,483,203,283,Spinal vestibular nucleus,left
310,3245,4408,484,208,290,"Spinal nucleus of the trigeminal, interpolar part",left
310,3865,4169,485,265,266,"Lateral reticular nucleus, magnocellular part",left
310,3894,3341,484,268,196,"Lateral reticular nucleus, magnocellular part",right
310,3966,4248,484,275,272,"Lateral reticular nucleus, magnocellular part",left
310,4000,4289,484,278,275,"Lateral reticular nucleus, magnocellular part",left
310,2299,3685,493,115,229,Declive (VI),left
310,3144,3873,481,197,243,Medial vestibular nucleus,left
310,3262,3373,481,208,201,Dorsal motor nucleus of the vagus nerve,right
310,3515,2731,480,231,144,"Spinal nucleus of the trigeminal, interpolar part",right
310,4014,3396,484,279,201,Medulla,right
312,4203,4131,483,299,260,Medulla,left
313,3849,3481,485,264,208,Gigantocellular reticular nucleus,right
313,4018,3286,483,278,191,"Lateral reticular nucleus, magnocellular part",right
313,3790,3575,485,258,216,Gigantocellular reticular nucleus,right
315,3416,4119,482,223,263,Parvicellular reticular nucleus,left
315,3695,4292,483,250,276,Intermediate reticular nucleus,left
315,3850,4075,484,264,257,Gigantocellular reticular nucleus,left
315,3889,3901,485,268,242,Gigantocellular reticular nucleus,left
315,4197,4167,482,299,263,Medulla,left
315,2039,3335,496,90,199,Declive (VI),right
315,2083,3278,495,95,193,Declive (VI),right
315,2429,3423,490,128,206,Declive (VI),right
315,2449,3412,490,130,205,Declive (VI),right
315,3274,3493,480,209,210,Dorsal motor nucleus of the vagus nerve,right
315,3769,3599,484,257,218,Gigantocellular reticular nucleus,right
315,3771,3603,484,257,218,Gigantocellular reticular nucleus,right
314,3876,4161,485,267,264,"Lateral reticular nucleus, magnocellular part",left
314,4049,3236,483,282,187,"Lateral reticular nucleus, magnocellular part",right
314,4154,4097,484,294,258,Inferior olivary complex,left
314,2291,3690,493,114,229,Declive (VI),left
314,3941,4253,484,272,272,"Lateral reticular nucleus, magnocellular part",left
314,3980,4110,485,276,260,"Lateral reticular nucleus, magnocellular part",left
314,4093,3226,483,286,185,"Paragigantocellular reticular nucleus, lateral part",right
314,2056,3411,496,91,205,Declive (VI),right
316,4033,4056,484,282,254,Medulla,left
316,3642,3713,483,244,228,Medulla,right
318,3744,4014,484,255,252,Gigantocellular reticular nucleus,left
318,3914,4243,484,270,271,"Lateral reticular nucleus, magnocellular part",left
322,1981,3419,495,83,207,Declive (VI),right
322,2055,3343,495,91,199,Declive (VI),right
322,2298,3685,491,115,229,Declive (VI),left
322,2320,3685,491,118,229,Declive (VI),left
322,3857,3723,484,265,228,Nucleus raphe obscurus,right
322,3997,4054,483,279,254,Medulla,left
322,4026,3715,484,281,226,Inferior olivary complex,right
322,4056,4222,482,283,269,"Paragigantocellular reticular nucleus, lateral part",left
322,4066,3217,481,283,184,"Paragigantocellular reticular nucleus, lateral part",right
322,3107,4249,482,194,276,Spinal vestibular nucleus,left
320,3753,3870,483,255,240,Gigantocellular reticular nucleus,left
320,3917,4052,484,270,255,Gigantocellular reticular nucleus,left
323,3845,4076,483,264,257,Gigantocellular reticular nucleus,left
323,3353,3714,480,217,228,Medulla,right
323,3826,3804,484,262,234,crossed tectospinal pathway,left
323,3850,3708,484,264,227,Nucleus raphe obscurus,right
323,4053,3237,481,282,187,"Paragigantocellular reticular nucleus, lateral part",right
323,3200,4215,481,202,272,Spinal vestibular nucleus,left
323,3753,4162,483,254,265,Intermediate reticular nucleus,left
323,4173,4119,482,296,260,Inferior olivary complex,left
321,4100,4190,482,288,266,Medulla,left
321,4130,3306,481,289,192,Medulla,right
321,4186,4128,482,297,260,Inferior olivary complex,left
321,3492,3720,481,230,229,medial longitudinal fascicle,left
321,3957,3169,481,273,182,"Paragigantocellular reticular nucleus, lateral part",right
324,2149,3204,494,101,186,Declive (VI),right
324,2427,3432,489,128,207,Declive (VI),right
324,4052,3728,484,283,227,Nucleus raphe pallidus,right
324,3845,3568,483,264,215,Gigantocellular reticular nucleus,right
324,4139,3308,481,290,193,Inferior olivary complex,right
324,4146,4305,481,293,275,Medulla,left
324,3488,3912,481,230,244,Gigantocellular reticular nucleus,left
325,3877,3753,483,266,230,Medulla,left
325,3956,3173,480,272,182,"Paragigantocellular reticular nucleus, lateral part",right
325,3997,3271,481,277,190,"Lateral reticular nucleus, magnocellular part",right
325,4008,3279,480,278,190,"Lateral reticular nucleus, magnocellular part",right
325,2578,3229,486,142,187,arbor vitae,right
325,3955,4527,480,273,295,"Paragigantocellular reticular nucleus, lateral part",left
327,3909,4206,482,270,268,"Lateral reticular nucleus, magnocellular part",left
327,2062,3346,494,92,200,Declive (VI),right
327,3753,3787,483,255,233,Gigantocellular reticular nucleus,left
326,3890,3718,483,268,227,Medulla,right
326,3973,3736,483,276,229,Inferior olivary complex,left
326,2795,3462,481,163,209,Nodulus (X),right
326,3154,4239,480,198,275,Spinal vestibular nucleus,left
326,3218,3960,479,203,250,Medial vestibular nucleus,left
326,3222,3984,479,204,252,Nucleus of the solitary tract,left
326,3824,2873,477,260,156,Parvicellular reticular nucleus,right
328,3845,3519,482,264,212,Gigantocellular reticular nucleus,right
328,3220,3956,479,204,249,Medial vestibular nucleus,left
328,3223,3980,479,204,251,Medial vestibular nucleus,left
329,4191,4122,481,297,260,Inferior olivary complex,left
329,3896,3420,482,268,203,Gigantocellular reticular nucleus,right
329,3155,4244,481,198,276,Spinal vestibular nucleus,left
329,3232,3979,479,206,251,Dorsal motor nucleus of the vagus nerve,left
329,3235,4405,481,206,289,Medulla,left
329,3830,2870,477,260,156,Parvicellular reticular nucleus,right
329,3868,3873,483,265,240,Gigantocellular reticular nucleus,left
329,3971,3987,483,276,249,Medulla,left
329,1973,3419,495,83,207,Declive (VI),right
329,2421,3429,489,128,206,Declive (VI),right
329,3225,3380,478,204,201,Nucleus of the solitary tract,right
329,3570,2946,477,236,164,Parvicellular reticular nucleus,right
329,3847,3831,483,264,236,Gigantocellular reticular nucleus,left
329,3960,4175,482,275,265,"Lateral reticular nucleus, magnocellular part",left
333,1987,3422,494,84,207,Declive (VI),right
333,2881,2870,481,172,158,Nodulus (X),right
333,4081,4087,481,286,257,Inferior olivary complex,left
330,3847,3778,482,264,232,crossed tectospinal pathway,left
330,4207,3317,479,297,192,Medulla,right
330,2782,3455,481,162,208,Nodulus (X),right
330,3763,4029,481,256,253,Gigantocellular reticular nucleus,left
330,4036,4323,480,282,278,"Paragigantocellular reticular nucleus, lateral part",left
332,3744,3787,482,255,233,Gigantocellular reticular nucleus,left
332,4018,4203,481,280,267,"Lateral reticular nucleus, magnocellular part",left
337,3794,4156,480,259,264,Intermediate reticular nucleus,left
337,3806,4142,480,259,263,Intermediate reticular nucleus,left
337,3267,2981,476,207,167,Medulla,right
337,3851,3833,481,264,237,Gigantocellular reticular nucleus,left
336,3855,4065,481,264,256,Gigantocellular reticular nucleus,left
336,3941,4075,481,272,257,"Lateral reticular nucleus, magnocellular part",left
336,3763,3414,479,255,203,Gigantocellular reticular nucleus,right
336,3810,4164,480,260,265,Intermediate reticular nucleus,left
336,2785,3451,480,162,208,Nodulus (X),right
336,3359,3593,477,218,218,"Paragigantocellular reticular nucleus, dorsal part",right
336,3811,3724,481,260,228,Nucleus raphe obscurus,right
336,3996,3724,481,278,227,Nucleus raphe pallidus,right
331,3865,3893,482,265,241,Gigantocellular reticular nucleus,left
331,3896,4120,481,269,261,"Lateral reticular nucleus, magnocellular part",left
331,3887,3724,482,267,228,Nucleus raphe obscurus,right
331,1968,3419,494,81,207,Declive (VI),right
331,3989,4485,479,277,292,rubrospinal tract,left
331,4081,4088,481,286,257,Inferior olivary complex,left
344,2797,2977,480,164,166,arbor vitae,right
344,2205,3337,490,106,198,Declive (VI),right
334,4189,4190,479,297,265,Medulla,left
334,4139,3308,479,290,193,Inferior olivary complex,right
334,1974,3421,494,83,207,Declive (VI),right
334,2409,3432,488,126,207,Declive (VI),right
335,3595,3897,480,241,243,Gigantocellular reticular nucleus,left
335,3935,3725,481,272,228,Medulla,right
335,3357,3626,477,218,221,"Paragigantocellular reticular nucleus, dorsal part",right
335,3811,3958,481,261,248,Gigantocellular reticular nucleus,left
338,4166,4104,479,294,258,Inferior olivary complex,left
339,4013,3727,481,279,227,Nucleus raphe pallidus,right
339,4078,4085,480,286,257,Inferior olivary complex,left
339,3702,3665,480,250,223,Gigantocellular reticular nucleus,right
339,3944,3877,481,273,240,Medulla,left
339,3191,4259,479,201,277,Spinal vestibular nucleus,left
339,3919,4056,481,271,255,Gigantocellular reticular nucleus,left
340,3821,3920,480,262,245,Gigantocellular reticular nucleus,left
340,2788,3447,479,161,208,Nodulus (X),right
340,3101,3328,476,191,197,Medial vestibular nucleus,right
340,4099,4131,479,288,260,Inferior olivary complex,left
340,1933,3114,492,79,179,Declive (VI),right
340,3154,4211,478,197,273,Spinal vestibular nucleus,left
340,3816,4282,478,260,276,Intermediate reticular nucleus,left
340,4000,3727,480,278,228,Nucleus raphe pallidus,right
343,4199,4114,478,298,259,Medulla,left
343,2138,3154,491,100,181,Declive (VI),right
343,3881,4156,479,266,263,"Lateral reticular nucleus, magnocellular part",left
343,4210,4077,478,299,256,Medulla,left
343,1925,3413,493,77,206,Declive (VI),right
343,3998,4140,479,278,262,Medulla,left
343,3994,3164,477,277,181,"Paragigantocellular reticular nucleus, lateral part",right
342,3962,3201,477,273,184,"Paragigantocellular reticular nucleus, lateral part",right
342,3988,4186,479,277,266,"Lateral reticular nucleus, magnocellular part",left
342,4029,3730,480,280,227,Nucleus raphe pallidus,right
347,3807,4155,478,260,264,Intermediate reticular nucleus,left
347,2140,3161,490,100,183,Declive (VI),right
347,3914,4056,479,270,255,Gigantocellular reticular nucleus,left
347,3806,3857,479,259,239,Gigantocellular reticular nucleus,left
347,3833,4115,479,263,260,Gigantocellular reticular nucleus,left
347,3971,4103,479,276,259,Gigantocellular reticular nucleus,left
347,4074,3182,476,284,182,"Paragigantocellular reticular nucleus, lateral part",right
358,3911,3721,477,269,228,Nucleus raphe obscurus,right
358,3213,4208,475,203,272,Spinal vestibular nucleus,left
358,4038,4495,474,282,293,"Lateral reticular nucleus, parvicellular part",left
346,3790,3985,479,258,250,Gigantocellular reticular nucleus,left
346,3844,4081,479,264,257,Gigantocellular reticular nucleus,left
346,3867,3823,479,265,236,Gigantocellular reticular nucleus,left
346,4011,4123,478,279,261,Medulla,left
346,2777,3065,480,161,173,arbor vitae,right
346,3906,3822,479,268,236,crossed tectospinal pathway,left
346,3969,4157,478,276,264,"Paragigantocellular reticular nucleus, lateral part",left
346,4114,4105,478,289,258,Medulla,left
341,3784,4064,480,258,256,Gigantocellular reticular nucleus,left
341,2084,3356,491,94,200,Declive (VI),right
341,3074,3314,476,189,195,Medial vestibular nucleus,right
341,3928,3435,479,270,204,Magnocellular reticular nucleus,right
341,4118,4109,479,289,259,Inferior olivary complex,left
352,4114,3410,476,288,201,Inferior olivary complex,right
352,2803,3074,478,163,174,Nodulus (X),right
352,3914,3270,476,269,191,"Paragigantocellular reticular nucleus, lateral part",right
352,4076,4163,477,285,264,Medulla,left
352,3250,3951,475,207,249,Medial vestibular nucleus,left
352,3383,3824,475,220,238,"Paragigantocellular reticular nucleus, dorsal part",left
345,3835,4102,479,263,259,Gigantocellular reticular nucleus,left
345,3894,4023,479,269,253,Gigantocellular reticular nucleus,left
345,4049,3218,476,282,185,"Paragigantocellular reticular nucleus, lateral part",right
345,2638,3009,482,148,168,arbor vitae,right
345,3833,4111,479,263,260,Gigantocellular reticular nucleus,left
345,3927,3842,479,271,237,crossed tectospinal pathway,left
345,4017,4135,478,279,262,Medulla,left
348,4194,4153,477,298,262,Medulla,left
348,3984,4234,478,277,271,"Paragigantocellular reticular nucleus, lateral part",left
348,3927,4053,479,271,255,Gigantocellular reticular nucleus,left
348,2206,3339,489,105,198,Declive (VI),right
348,3827,3205,476,260,185,Intermediate reticular nucleus,right
349,3720,4020,478,252,253,Gigantocellular reticular nucleus,left
349,3882,4451,476,267,289,"Paragigantocellular reticular nucleus, lateral part",left
350,4196,4132,476,298,261,Medulla,left
350,3873,3721,478,266,228,Nucleus raphe obscurus,right
350,3635,4453,476,243,291,Parvicellular reticular nucleus,left
350,4001,3161,475,277,181,"Paragigantocellular reticular nucleus, lateral part",right
350,4085,4056,477,286,254,Medulla,left
353,2061,3142,490,92,181,Declive (VI),right
353,3925,3728,478,271,228,Medulla,right
353,2070,3138,490,93,181,Declive (VI),right
353,3855,3802,478,264,234,crossed tectospinal pathway,left
353,4002,4324,476,278,278,"Paragigantocellular reticular nucleus, lateral part",left
353,3228,3997,475,204,253,Medial vestibular nucleus,left
353,3791,4033,478,258,254,Gigantocellular reticular nucleus,left
353,2808,3008,478,164,169,arbor vitae,right
353,3151,4303,476,197,280,Spinal vestibular nucleus,left
353,4107,4141,477,289,261,Inferior olivary complex,left
351,2785,3442,477,161,207,Nodulus (X),right
351,3120,3279,474,194,192,Medial vestibular nucleus,right
351,3792,3890,478,258,242,Gigantocellular reticular nucleus,left
351,3983,4137,477,277,262,Medulla,left
351,4042,4243,477,282,270,"Paragigantocellular reticular nucleus, lateral part",left
351,2786,2998,479,162,168,Interposed nucleus,right
351,3900,3693,478,268,225,crossed tectospinal pathway,right
365,1700,3759,490,52,235,Declive (VI),left
365,3769,3985,475,257,250,Gigantocellular reticular nucleus,left
365,2725,3003,477,156,168,Interposed nucleus,right
365,3394,4136,473,221,264,Intermediate reticular nucleus,left
365,3746,3520,475,254,212,Gigantocellular reticular nucleus,right
365,2322,3295,484,117,195,Declive (VI),right
365,3683,3849,475,249,239,Gigantocellular reticular nucleus,left
365,3885,3811,476,267,235,crossed tectospinal pathway,left
365,4111,4097,474,289,258,Medulla,left
365,2824,4391,477,166,291,arbor vitae,left
354,3579,3511,476,238,212,Gigantocellular reticular nucleus,right
354,3826,3831,478,261,236,Gigantocellular reticular nucleus,left
354,3939,3725,478,272,228,Medulla,right
354,4052,4402,475,283,284,"Paragigantocellular reticular nucleus, lateral part",left
354,3446,2823,473,225,154,"Spinal nucleus of the trigeminal, interpolar part",right
354,3481,4022,476,229,254,Intermediate reticular nucleus,left
354,3921,3731,478,271,228,Medulla,right
355,4193,4104,475,296,258,Inferior olivary complex,left
355,2817,2985,477,164,167,Interposed nucleus,right
355,3677,3667,476,248,223,Gigantocellular reticular nucleus,right
355,3956,4004,477,273,251,Magnocellular reticular nucleus,left
355,4024,4324,475,280,278,"Paragigantocellular reticular nucleus, lateral part",left
355,3880,3719,477,266,228,Nucleus raphe obscurus,right
355,3997,4082,477,278,258,Medulla,left
355,4043,3145,474,280,179,"Paragigantocellular reticular nucleus, lateral part",right
355,3936,4157,476,272,264,"Paragigantocellular reticular nucleus, lateral part",left
355,3938,4119,477,272,261,Gigantocellular reticular nucleus,left
356,3397,4138,475,221,264,Parvicellular reticular nucleus,left
356,4123,4106,476,290,258,Inferior olivary complex,left
356,4160,4276,474,294,273,Medulla,left
356,1999,3427,490,85,207,Declive (VI),right
356,3792,3888,477,258,242,Gigantocellular reticular nucleus,left
356,4090,4187,476,286,266,Medulla,left
356,2790,3049,478,162,172,arbor vitae,right
356,3142,4132,474,196,266,Medial vestibular nucleus,left
356,4063,4139,476,284,262,Medulla,left
356,4200,3338,474,296,194,Medulla,right
357,3599,3818,476,241,236,Gigantocellular reticular nucleus,left
357,1964,3195,490,81,187,Declive (VI),right
357,4096,4117,476,288,259,Inferior olivary complex,left
357,4043,3724,477,281,227,Nucleus raphe pallidus,right
357,2220,3383,487,108,203,Lobules IV-V,right
357,2726,3114,478,156,177,Interposed nucleus,right
357,2114,3341,489,97,199,Declive (VI),right
357,2859,2944,477,169,164,Nodulus (X),right
362,2323,3379,485,117,202,Lobules IV-V,right
362,4198,4101,474,297,258,Inferior olivary complex,left
362,3665,3666,475,246,224,Gigantocellular reticular nucleus,right
362,2669,3242,478,151,188,Fastigial nucleus,right
361,2054,3153,488,91,182,Declive (VI),right
361,3271,3648,472,209,224,Nucleus prepositus,right
361,4073,4163,475,285,264,Medulla,left
361,4101,4165,475,288,264,Medulla,left
361,3051,4266,475,187,278,Spinal vestibular nucleus,left
361,3059,4225,475,189,274,Spinal vestibular nucleus,left
361,3858,3806,477,265,234,crossed tectospinal pathway,left
361,3899,4113,476,268,260,Gigantocellular reticular nucleus,left
361,3936,4114,476,272,260,Gigantocellular reticular nucleus,left
361,4000,4249,475,278,272,"Paragigantocellular reticular nucleus, lateral part",left
361,4055,4014,476,283,251,Inferior olivary complex,left
361,3979,4272,475,275,274,"Paragigantocellular reticular nucleus, lateral part",left
361,4005,4000,476,278,250,Medulla,left
359,3825,3781,477,261,232,crossed tectospinal pathway,left
359,4031,3725,477,280,227,Nucleus raphe pallidus,right
359,3051,3280,473,186,192,Medial vestibular nucleus,right
360,3849,3801,477,264,234,crossed tectospinal pathway,left
360,2037,3141,489,89,181,Declive (VI),right
360,4083,4049,475,286,254,Medulla,left
379,2054,3489,486,90,212,Lobules IV-V,right
379,4195,4102,471,297,258,Inferior olivary complex,left
379,4143,4115,472,291,259,Inferior olivary complex,left
379,2769,4225,475,161,276,arbor vitae,left
379,3693,4118,473,248,261,Intermediate reticular nucleus,left
379,4002,3723,473,277,228,Nucleus raphe pallidus,right
379,3236,4131,471,205,264,Nucleus of the solitary tract,left
379,3986,4109,473,276,260,Gigantocellular reticular nucleus,left
379,4020,4132,472,280,262,Medulla,left
379,2208,3289,484,106,194,Lobules IV-V,right
379,3925,3939,474,270,245,Magnocellular reticular nucleus,left
379,4196,4095,471,297,258,Inferior olivary complex,left
363,4060,4300,474,284,276,"Paragigantocellular reticular nucleus, lateral part",left
363,4193,4142,474,296,261,Medulla,left
363,3936,4007,476,272,252,Magnocellular reticular nucleus,left
363,3965,4157,475,274,264,"Paragigantocellular reticular nucleus, lateral part",left
363,4158,4251,474,294,271,Medulla,left
363,4185,4083,474,296,257,Inferior olivary complex,left
363,3386,3630,473,220,221,"Paragigantocellular reticular nucleus, dorsal part",right
363,4049,3724,476,282,227,Nucleus raphe pallidus,right
363,3711,4520,473,251,297,Parvicellular reticular nucleus,left
370,2221,3388,484,107,203,Lobules IV-V,right
370,3994,4068,474,278,256,Medulla,left
370,4030,3729,474,279,227,Nucleus raphe pallidus,right
370,1865,3418,488,70,206,Declive (VI),right
370,2771,3133,475,160,180,arbor vitae,right
370,3236,4095,472,205,262,Nucleus of the solitary tract,left
370,3939,3804,475,271,234,crossed tectospinal pathway,left
370,3949,3713,475,272,227,Medulla,right
370,3246,3954,471,207,249,Medial vestibular nucleus,left
370,3698,3326,472,249,196,Intermediate reticular nucleus,right
370,3858,3559,474,264,215,Magnocellular reticular nucleus,right
364,3902,3732,477,268,229,Medulla,left
364,4030,4279,474,280,274,"Paragigantocellular reticular nucleus, lateral part",left
364,3835,3856,477,262,238,Magnocellular reticular nucleus,left
364,2797,3042,477,163,171,arbor vitae,right
364,2797,3028,477,163,170,arbor vitae,right
364,2848,2960,476,168,165,Nodulus (X),right
364,3245,4031,473,207,255,Dorsal motor nucleus of the vagus nerve,left
364,3500,3686,474,231,226,medial longitudinal fascicle,right
368,1902,3280,489,74,194,Declive (VI),right
368,2143,3351,487,99,200,Lobules IV-V,right
368,3847,3291,473,263,192,Intermediate reticular nucleus,right
366,2187,3347,486,104,200,Lobules IV-V,right
366,3887,3708,476,267,227,Nucleus raphe obscurus,right
366,4124,4166,473,290,264,Inferior olivary complex,left
366,3983,3721,475,276,228,Medulla,right
367,3841,3961,475,262,248,Gigantocellular reticular nucleus,left
367,3935,3723,476,271,228,Medulla,right
367,2342,3383,483,118,203,Lobules IV-V,right
367,3914,3677,475,269,224,crossed tectospinal pathway,right
369,2841,2987,475,166,167,Nodulus (X),right
369,3362,3731,472,218,230,medial longitudinal fascicle,left
369,3690,3481,474,248,208,Gigantocellular reticular nucleus,right
377,2174,3353,484,102,200,Lobules IV-V,right
377,3854,3557,473,263,215,Magnocellular reticular nucleus,right
377,3843,3476,473,262,208,Gigantocellular reticular nucleus,right
377,3970,3719,474,275,228,Medulla,right
377,4041,3723,473,280,227,Nucleus raphe pallidus,right
377,4088,4379,470,286,282,Medulla,left
372,3903,3351,473,267,197,Gigantocellular reticular nucleus,right
372,4050,4119,473,282,261,Medulla,left
372,4131,4127,473,290,260,Inferior olivary complex,left
372,3897,3827,475,268,236,Gigantocellular reticular nucleus,left
372,3913,3378,473,269,199,Gigantocellular reticular nucleus,right
372,4132,3310,472,290,193,Inferior olivary complex,right
372,4147,3309,471,291,193,Inferior olivary complex,right
371,4150,4180,472,292,265,Inferior olivary complex,left
371,4179,4190,472,295,265,Medulla,left
371,3815,3784,475,260,233,crossed tectospinal pathway,left
371,4049,4325,472,283,278,"Paragigantocellular reticular nucleus, lateral part",left
371,2148,3353,486,100,200,Lobules IV-V,right
371,2893,2882,474,172,159,Nodulus (X),right
371,3402,3551,471,221,215,Gigantocellular reticular nucleus,right
371,4149,3308,471,291,193,Inferior olivary complex,right
371,3788,3715,474,258,227,Nucleus raphe obscurus,right
371,3949,3719,475,272,228,Medulla,right
378,3175,3439,469,199,206,Medial vestibular nucleus,right
378,3272,4025,470,209,255,Dorsal motor nucleus of the vagus nerve,left
378,3280,4026,470,209,255,Dorsal motor nucleus of the vagus nerve,left
378,3817,4104,473,260,259,Gigantocellular reticular nucleus,left
378,4025,4153,472,280,263,Medulla,left
378,2856,2965,473,167,165,Nodulus (X),right
378,3228,3993,470,204,252,Medial vestibular nucleus,left
378,3402,3721,471,222,229,medial longitudinal fascicle,left
378,3991,3727,474,276,228,Medulla,right
378,4022,3706,473,279,225,Medulla,right
378,4128,4105,472,290,258,Inferior olivary complex,left
378,3782,4051,473,258,255,Gigantocellular reticular nucleus,left
374,2337,3383,483,118,203,Lobules IV-V,right
374,3915,4063,474,269,256,Gigantocellular reticular nucleus,left
374,3899,3708,475,268,227,Nucleus raphe obscurus,right
374,4091,4067,473,286,255,Inferior olivary complex,left
374,1904,3280,488,74,194,Declive (VI),right
374,3064,4132,472,188,267,Spinal vestibular nucleus,left
374,4109,4074,473,288,256,Inferior olivary complex,left
374,2164,3355,485,101,200,Lobules IV-V,right
374,3785,3527,474,257,212,Gigantocellular reticular nucleus,right
373,3996,4250,473,278,272,"Paragigantocellular reticular nucleus, lateral part",left
373,3720,3798,474,252,235,Gigantocellular reticular nucleus,left
373,3814,3827,475,260,236,Gigantocellular reticular nucleus,left
373,4057,4305,472,284,276,"Paragigantocellular reticular nucleus, lateral part",left
373,2763,4234,476,160,277,arbor vitae,left
373,2814,3022,475,164,170,arbor vitae,right
376,3747,3883,473,254,242,Gigantocellular reticular nucleus,left
376,4163,4241,471,294,270,Medulla,left
376,4042,3993,473,281,249,Inferior olivary complex,left
376,2083,3243,486,94,190,Declive (VI),right
376,4168,4180,471,293,264,Inferior olivary complex,left
376,4134,3316,471,290,193,Inferior olivary complex,right
375,3999,3989,473,277,249,Medulla,left
375,3802,3304,471,258,193,Intermediate reticular nucleus,right
375,3231,4078,471,204,260,Medial vestibular nucleus,left
380,3813,3414,471,259,203,Gigantocellular reticular nucleus,right
380,4124,4149,471,290,263,Inferior olivary complex,left
380,3734,4090,472,253,259,Intermediate reticular nucleus,left
380,3889,3737,473,267,229,Nucleus raphe obscurus,left
380,3996,4069,472,277,257,Gigantocellular reticular nucleus,left
380,4129,3321,470,288,194,Medulla,right
380,4137,4124,471,291,260,Medulla,left
380,3967,4228,471,274,270,"Paragigantocellular reticular nucleus, lateral part",left
382,3636,3669,472,244,225,Gigantocellular reticular nucleus,right
382,3233,3999,469,205,253,Medial vestibular nucleus,left
382,3659,3828,472,246,237,Gigantocellular reticular nucleus,left
382,3296,4010,470,211,254,Nucleus of the solitary tract,left
382,3814,4102,472,260,260,Gigantocellular reticular nucleus,left
385,3998,3247,469,277,188,"Paragigantocellular reticular nucleus, lateral part",right
385,3247,4127,469,206,264,Nucleus of the solitary tract,left
385,3866,3900,472,264,242,Magnocellular reticular nucleus,left
385,3938,3915,472,271,243,Magnocellular reticular nucleus,left
385,3964,4124,471,274,261,"Paragigantocellular reticular nucleus, lateral part",left
385,4200,3358,468,295,196,Medulla,right
385,4052,3713,471,281,226,Nucleus raphe pallidus,right
389,3782,4033,471,257,254,Gigantocellular reticular nucleus,left
389,4093,4130,470,286,261,Medulla,left
389,3936,4165,471,271,265,"Paragigantocellular reticular nucleus, lateral part",left
389,3935,3909,472,271,243,Magnocellular reticular nucleus,left
389,4035,4278,470,281,274,"Paragigantocellular reticular nucleus, lateral part",left
389,3990,4083,471,276,258,Gigantocellular reticular nucleus,left
389,4108,4116,470,288,259,Inferior olivary complex,left
381,3030,4009,470,184,256,Medial vestibular nucleus,left
381,2791,2993,473,161,167,Interposed nucleus,right
381,3961,3837,473,274,237,Medulla,left
384,2285,3297,482,113,195,Lobules IV-V,right
384,4012,4174,471,279,265,"Paragigantocellular reticular nucleus, lateral part",left
384,3954,3121,469,272,178,"Paragigantocellular reticular nucleus, lateral part",right
384,3859,3987,473,264,250,Gigantocellular reticular nucleus,left
384,3571,3639,471,238,222,Gigantocellular reticular nucleus,right
387,3983,4130,471,276,261,"Paragigantocellular reticular nucleus, lateral part",left
387,2203,3291,482,105,194,Lobules IV-V,right
387,3564,3811,470,237,236,Gigantocellular reticular nucleus,left
387,3841,3891,472,262,242,Magnocellular reticular nucleus,left
387,3898,4057,471,268,256,Gigantocellular reticular nucleus,left
387,3918,2850,466,269,154,Parvicellular reticular nucleus,right
387,1920,3290,486,76,195,Declive (VI),right
387,2813,3086,472,163,176,Nodulus (X),right
394,2082,3256,483,93,191,Lobules IV-V,right
394,3923,3402,469,270,201,Gigantocellular reticular nucleus,right
394,2817,4233,472,164,277,Nodulus (X),left
394,3699,3790,470,250,234,Gigantocellular reticular nucleus,left
394,2768,3161,471,158,182,Fastigial nucleus,right
394,3363,3570,468,218,217,"Paragigantocellular reticular nucleus, dorsal part",right
394,4102,4104,469,287,258,Inferior olivary complex,left
394,4185,3351,467,294,196,Medulla,right
394,3811,3836,471,260,237,Magnocellular reticular nucleus,left
394,3845,4476,468,263,292,Parvicellular reticular nucleus,left
386,2700,3108,474,152,177,Interposed nucleus,right
386,3355,3570,468,217,217,"Paragigantocellular reticular nucleus, dorsal part",right
386,3626,3848,471,243,239,Gigantocellular reticular nucleus,left
386,3992,3893,472,276,241,Inferior olivary complex,left
386,4067,4098,470,283,259,Medulla,left
386,4126,4097,470,289,258,Medulla,left
386,3495,3623,470,231,221,Gigantocellular reticular nucleus,right
386,3805,3716,472,259,227,Nucleus raphe obscurus,right
386,3908,3725,472,269,228,Nucleus raphe obscurus,right
386,3940,3714,472,271,227,Medulla,right
386,3891,3880,472,267,240,Magnocellular reticular nucleus,left
386,4026,3423,470,279,203,Medulla,right
388,4007,4043,471,278,254,Medulla,left
388,4015,3725,471,278,228,Nucleus raphe pallidus,right
388,4144,4117,470,292,259,Inferior olivary complex,left
388,4188,3252,468,294,187,Medulla,right
391,3980,3723,471,274,228,Medulla,right
391,1831,3663,485,66,227,Declive (VI),right
391,3914,3733,471,269,229,Nucleus raphe obscurus,left
391,3917,3718,471,269,227,Nucleus raphe obscurus,right
391,4013,4258,469,279,273,"Paragigantocellular reticular nucleus, lateral part",left
391,3620,2915,466,241,161,Parvicellular reticular nucleus,right
390,4015,4278,469,279,274,"Paragigantocellular reticular nucleus, lateral part",left
390,4023,4255,469,280,272,"Paragigantocellular reticular nucleus, lateral part",left
390,3075,4183,469,189,271,Spinal vestibular nucleus,left
390,3902,3986,471,268,250,Magnocellular reticular nucleus,left
390,3941,4094,470,271,259,"Paragigantocellular reticular nucleus, lateral part",left
390,3775,3593,470,256,217,Gigantocellular reticular nucleus,right
393,4124,4068,469,289,255,Inferior olivary complex,left
393,3402,4151,468,221,265,Intermediate reticular nucleus,left
393,3889,4072,470,267,257,Gigantocellular reticular nucleus,left
393,3881,3731,471,265,228,Nucleus raphe obscurus,right
393,2647,3073,474,148,174,arbor vitae,right
393,3456,3860,469,226,241,Gigantocellular reticular nucleus,left
393,3541,3712,469,235,228,Medulla,right
393,3718,3717,470,251,228,Nucleus raphe obscurus,right
393,3921,4162,470,270,265,"Paragigantocellular reticular nucleus, lateral part",left
393,2048,3487,484,89,212,Lobules IV-V,right
393,3248,4080,468,206,260,Medial vestibular nucleus,left
392,4032,4252,469,281,272,"Paragigantocellular reticular nucleus, lateral part",left
392,3890,3363,469,266,198,Gigantocellular reticular nucleus,right
392,4092,4120,469,286,261,Medulla,left
392,3096,2925,468,191,163,Spinal vestibular nucleus,right
392,3540,2907,466,233,161,"Spinal nucleus of the trigeminal, interpolar part",right
392,3907,3917,471,269,243,Magnocellular reticular nucleus,left
392,3990,4089,470,276,258,Gigantocellular reticular nucleus,left
392,3076,4186,469,189,271,Spinal vestibular nucleus,left
396,2506,3588,475,133,221,arbor vitae,right
396,3823,3930,470,261,245,Gigantocellular reticular nucleus,left
396,4019,4170,468,280,265,"Paragigantocellular reticular nucleus, lateral part",left
396,3826,3886,470,261,242,Magnocellular reticular nucleus,left
396,3171,2971,466,198,167,Spinal vestibular nucleus,right
396,3277,3326,466,208,197,Nucleus of the solitary tract,right
396,3858,3922,470,264,245,Magnocellular reticular nucleus,left
396,2760,3211,470,158,187,Fastigial nucleus,right
396,3850,4062,469,263,256,Gigantocellular reticular nucleus,left
396,3989,4060,469,276,256,Gigantocellular reticular nucleus,left
395,3620,3599,469,243,219,Gigantocellular reticular nucleus,right
395,2819,3055,470,164,172,Cerebellum,right
395,4054,4112,469,282,260,Medulla,left
395,4078,4040,469,284,253,Inferior olivary complex,left
395,4078,4205,468,284,267,"Paragigantocellular reticular nucleus, lateral part",left
395,4096,4085,468,287,257,Inferior olivary complex,left
395,4098,3725,469,286,227,Nucleus raphe pallidus,right
395,3215,2971,466,201,167,Spinal vestibular nucleus,right
395,3935,3952,470,271,246,Magnocellular reticular nucleus,left
395,3975,3906,470,274,242,Magnocellular reticular nucleus,left
397,3944,3988,470,272,250,Magnocellular reticular nucleus,left
397,4151,4295,467,292,275,Medulla,left
397,3303,3930,467,211,247,Medulla,left
397,3938,4192,469,271,267,"Paragigantocellular reticular nucleus, lateral part",left
397,3947,4158,469,272,265,"Paragigantocellular reticular nucleus, lateral part",left
397,3103,4170,468,192,270,Spinal vestibular nucleus,left
397,3128,2943,467,193,164,Spinal vestibular nucleus,right
397,3745,3867,470,254,240,Gigantocellular reticular nucleus,left
397,3881,3827,470,265,236,Magnocellular reticular nucleus,left
397,4034,4172,468,281,265,"Paragigantocellular reticular nucleus, lateral part",left
398,3280,3700,466,209,228,Medulla,right
398,2103,3263,482,95,192,Lobules IV-V,right
398,3356,3605,467,217,220,"Paragigantocellular reticular nucleus, dorsal part",right
398,3452,3595,468,226,219,Gigantocellular reticular nucleus,right
398,3458,3594,468,227,219,Gigantocellular reticular nucleus,right
398,3856,4028,470,263,253,Gigantocellular reticular nucleus,left
398,4003,3230,467,277,186,"Paragigantocellular reticular nucleus, lateral part",right
401,3213,4187,467,202,270,Medial vestibular nucleus,left
401,4106,3728,468,286,227,Nucleus raphe pallidus,right
401,3828,3416,468,260,203,Gigantocellular reticular nucleus,right
401,3880,3905,469,265,243,Magnocellular reticular nucleus,left
401,3895,3723,469,267,228,Nucleus raphe obscurus,right
401,4030,3723,468,279,227,Nucleus raphe pallidus,right
399,3752,3982,470,254,250,Gigantocellular reticular nucleus,left
399,3782,3306,468,257,194,Intermediate reticular nucleus,right
399,3856,3934,470,263,246,Magnocellular reticular nucleus,left
399,3881,3857,470,265,239,Magnocellular reticular nucleus,left
399,1941,3358,484,78,202,Declive (VI),right
399,4002,3230,467,277,186,"Paragigantocellular reticular nucleus, lateral part",right
402,4016,4251,467,278,272,"Paragigantocellular reticular nucleus, lateral part",left
402,3162,2952,465,196,165,Spinal vestibular nucleus,right
402,3771,4037,469,256,254,Gigantocellular reticular nucleus,left
402,4064,3291,466,282,191,"Paragigantocellular reticular nucleus, lateral part",right
402,3918,3733,469,268,229,Nucleus raphe obscurus,left
402,4095,3725,468,286,227,Nucleus raphe pallidus,right
402,4121,4098,467,289,258,Inferior olivary complex,left
406,2245,3109,478,110,178,Lobules IV-V,right
406,2093,3265,481,93,192,Lobules IV-V,right
406,4082,3724,467,284,227,Nucleus raphe pallidus,right
406,3822,3922,468,261,245,Gigantocellular reticular nucleus,left
406,3887,3711,468,266,227,Nucleus raphe obscurus,right
406,3249,3426,464,206,205,Medial vestibular nucleus,right
404,3423,3577,466,224,217,Gigantocellular reticular nucleus,right
404,3977,3713,469,274,227,Medulla,right
404,3107,2571,466,194,134,Dorsal cochlear nucleus,right
404,3163,3023,465,196,171,Spinal vestibular nucleus,right
404,3176,2930,465,198,163,Spinal vestibular nucleus,right
404,3397,3772,466,221,234,Gigantocellular reticular nucleus,left
404,3924,3677,469,270,224,Medulla,right
404,2076,3261,482,92,192,Lobules IV-V,right
403,3732,3993,469,253,250,Gigantocellular reticular nucleus,left
403,2832,3084,469,165,176,Nodulus (X),right
403,4077,4134,467,284,262,Medulla,left
403,4093,4062,468,285,255,Inferior olivary complex,left
403,3251,4123,466,206,264,Medial vestibular nucleus,left
403,4021,3192,465,279,183,"Paragigantocellular reticular nucleus, lateral part",right
403,4020,3710,468,279,226,Nucleus raphe pallidus,right
403,4049,4289,466,282,275,"Paragigantocellular reticular nucleus, lateral part",left
409,3978,3186,465,274,183,"Paragigantocellular reticular nucleus, lateral part",right
409,4056,4233,466,282,271,"Paragigantocellular reticular nucleus, lateral part",left
409,2870,2996,467,169,169,lateral recess,right
409,3983,3875,468,275,240,Medulla,left
409,4073,3727,467,283,227,Nucleus raphe pallidus,right
408,1829,3393,483,65,204,Declive (VI),right
408,3612,4417,466,241,288,Parvicellular reticular nucleus,left
408,3698,3700,468,249,227,Gigantocellular reticular nucleus,right
408,4048,3723,467,281,227,Nucleus raphe pallidus,right
407,3722,3791,468,252,234,Gigantocellular reticular nucleus,left
407,3637,3580,467,244,217,Gigantocellular reticular nucleus,right
407,3561,3575,467,237,217,Gigantocellular reticular nucleus,right
407,4048,3325,465,281,194,Medulla,right
407,3898,3881,468,267,240,Magnocellular reticular nucleus,left
407,1841,3394,483,67,205,Declive (VI),right
407,3872,3690,468,265,225,crossed tectospinal pathway,right
407,3873,3689,468,265,225,crossed tectospinal pathway,right
407,4018,4209,466,278,269,"Paragigantocellular reticular nucleus, lateral part",left
410,4048,4102,466,281,259,Medulla,left
410,4093,4108,465,285,260,Medulla,left
410,3868,3689,467,264,225,crossed tectospinal pathway,right
410,4091,3711,466,284,226,Inferior olivary complex,right
410,4100,3288,464,285,191,Medulla,right
410,3489,3800,465,230,235,Gigantocellular reticular nucleus,left
410,3858,3904,467,264,243,Magnocellular reticular nucleus,left
410,3971,4090,466,274,258,"Paragigantocellular reticular nucleus, lateral part",left
410,4195,4070,464,296,256,Medulla,left
410,3991,3310,465,275,194,"Paragigantocellular reticular nucleus, lateral part",right
405,3743,3992,468,253,250,Gigantocellular reticular nucleus,left
405,3718,3810,468,250,236,Gigantocellular reticular nucleus,left
405,3804,3965,468,258,248,Gigantocellular reticular nucleus,left
405,3947,3551,467,272,214,Magnocellular reticular nucleus,right
405,3463,3558,466,227,216,Gigantocellular reticular nucleus,right
405,3667,3553,467,246,215,Gigantocellular reticular nucleus,right
405,4088,4437,464,286,288,ventral spinocerebellar tract,left
412,4183,4150,464,295,262,Medulla,left
412,1808,3387,482,64,204,Declive (VI),right
412,3955,3688,467,272,225,Inferior olivary complex,right
412,3551,3520,465,236,213,Gigantocellular reticular nucleus,right
412,3617,3567,466,241,216,Gigantocellular reticular nucleus,right
412,3928,3978,467,270,249,Magnocellular reticular nucleus,left
412,4150,4070,465,291,256,Inferior olivary complex,left
412,3595,3802,466,240,235,Gigantocellular reticular nucleus,left
412,3672,3550,466,247,215,Gigantocellular reticular nucleus,right
412,3923,3334,465,269,196,"Paragigantocellular reticular nucleus, lateral part",right
412,4058,4134,465,283,262,Medulla,left
412,4087,3705,466,284,225,Inferior olivary complex,right
412,4104,4115,465,286,260,Medulla,left
412,2240,3112,478,108,178,Lobules IV-V,right
411,4129,4080,465,289,256,Inferior olivary complex,left
411,3965,3853,467,273,238,Medulla,left
411,4002,3310,465,276,194,"Paragigantocellular reticular nucleus, lateral part",right
411,4098,4042,466,286,253,Inferior olivary complex,left
411,4082,3719,466,284,227,Nucleus raphe pallidus,right
411,3932,4015,467,271,252,Magnocellular reticular nucleus,left
418,3344,3604,463,216,220,"Paragigantocellular reticular nucleus, dorsal part",right
418,3877,3386,465,265,201,Gigantocellular reticular nucleus,right
418,4137,3322,463,289,194,Medulla,right
418,3269,4128,464,208,264,Nucleus of the solitary tract,left
418,3810,4643,462,260,306,"Spinal nucleus of the trigeminal, oral part",left
414,4152,4104,465,291,258,Medulla,left
414,1844,3396,482,68,205,Declive (VI),right
414,3958,3861,467,273,239,Magnocellular reticular nucleus,left
414,4059,4080,466,283,257,Medulla,left
414,4138,4085,465,290,257,Inferior olivary complex,left
413,2209,3083,478,106,176,Declive (VI),right
413,3851,3958,467,263,248,Gigantocellular reticular nucleus,left
413,1835,3394,482,66,205,Declive (VI),right
413,3942,4004,467,271,251,Magnocellular reticular nucleus,left
413,2850,3189,466,166,185,Nodulus (X),right
413,3914,3868,467,268,239,Magnocellular reticular nucleus,left
413,4040,3706,466,280,225,Medulla,right
413,4056,3720,466,281,227,Nucleus raphe pallidus,right
415,3263,3596,463,208,220,Nucleus prepositus,right
415,3756,3914,466,254,244,Gigantocellular reticular nucleus,left
415,2885,2921,466,170,162,lateral recess,right
415,3153,3321,462,196,197,Medial vestibular nucleus,right
415,3894,3910,466,267,244,Magnocellular reticular nucleus,left
415,2112,3117,479,96,178,Lobules IV-V,right
429,1738,3672,480,56,229,Declive (VI),left
429,3987,3723,464,275,228,Medulla,right
429,4040,3708,463,279,226,Nucleus raphe pallidus,right
429,3284,3112,461,208,179,Nucleus of the solitary tract,right
429,3448,3615,462,226,220,Gigantocellular reticular nucleus,right
429,4123,4046,462,288,254,Inferior olivary complex,left
429,3429,3599,462,224,219,Gigantocellular reticular nucleus,right
429,3788,3805,464,257,235,Gigantocellular reticular nucleus,left
429,3817,3885,464,259,242,Gigantocellular reticular nucleus,left
429,4178,4103,462,293,258,Medulla,left
429,3297,4012,462,211,254,Medial vestibular nucleus,left
429,3860,3353,462,264,198,Gigantocellular reticular nucleus,right
417,2803,4192,467,162,273,Cerebellum,left
417,4005,4133,465,277,262,"Paragigantocellular reticular nucleus, lateral part",left
417,3292,3609,463,210,221,"Paragigantocellular reticular nucleus, dorsal part",right
417,3721,3729,466,251,229,crossed tectospinal pathway,left
417,4028,3991,465,279,249,Magnocellular reticular nucleus,left
417,4174,4048,464,293,254,Inferior olivary complex,left
417,4013,3953,466,277,246,Magnocellular reticular nucleus,left
416,3766,4079,466,255,258,Gigantocellular reticular nucleus,left
416,1813,3392,482,64,204,Declive (VI),right
426,2138,3143,477,98,181,Lobules IV-V,right
426,2242,3126,475,108,179,Lobules IV-V,right
426,3237,3330,461,204,197,Medial vestibular nucleus,right
426,3313,3741,461,213,231,medial longitudinal fascicle,left
426,2649,3074,468,147,174,Interposed nucleus,right
426,3650,3797,464,245,235,Gigantocellular reticular nucleus,left
426,4193,4042,462,294,253,Medulla,left
426,3819,3885,464,260,242,Gigantocellular reticular nucleus,left
419,3729,3985,466,251,250,Gigantocellular reticular nucleus,left
419,3983,4112,465,275,260,"Paragigantocellular reticular nucleus, lateral part",left
419,2847,2591,466,169,134,arbor vitae,right
419,4049,4133,465,281,262,Medulla,left
419,4153,4085,464,291,257,Medulla,left
419,2619,2990,470,145,166,arbor vitae,right
419,3924,3719,466,269,228,Nucleus raphe obscurus,right
427,3728,3799,464,251,235,Gigantocellular reticular nucleus,left
427,3521,3805,463,233,235,Gigantocellular reticular nucleus,left
427,3744,3826,464,253,237,Gigantocellular reticular nucleus,left
427,2848,3176,464,166,184,Cerebellum,right
427,4036,4360,461,281,282,"Paragigantocellular reticular nucleus, lateral part",left
427,3130,3088,461,192,177,Spinal vestibular nucleus,right
427,4079,4007,463,283,251,Medulla,left
427,3818,3885,464,259,242,Gigantocellular reticular nucleus,left
427,4154,3374,461,290,198,Inferior olivary complex,right
421,3837,3918,465,261,244,Gigantocellular reticular nucleus,left
421,4035,4226,463,280,270,"Paragigantocellular reticular nucleus, lateral part",left
421,4052,4058,464,281,256,Medulla,left
421,3642,3745,465,244,231,Gigantocellular reticular nucleus,left
421,3989,4202,464,276,268,"Paragigantocellular reticular nucleus, lateral part",left
422,4196,4071,462,296,256,Medulla,left
422,3177,3290,461,198,194,Medial vestibular nucleus,right
422,3757,3671,465,255,224,crossed tectospinal pathway,right
422,4034,4242,463,281,271,"Paragigantocellular reticular nucleus, lateral part",left
422,3961,3413,464,273,202,Magnocellular reticular nucleus,right
422,4093,3709,464,284,226,Inferior olivary complex,right
420,3249,3591,462,206,219,Nucleus prepositus,right
420,4094,4035,464,286,253,Inferior olivary complex,left
420,2247,3125,476,109,179,Lobules IV-V,right
420,3275,4115,463,208,263,Nucleus of the solitary tract,left
420,3816,3835,465,259,238,Gigantocellular reticular nucleus,left
420,4059,3723,464,282,227,Nucleus raphe pallidus,right
424,2484,3458,471,131,210,arbor vitae,right
424,4097,3729,464,285,227,Nucleus raphe pallidus,right
424,2865,2547,465,170,131,Copula pyramidis,right
424,3630,3559,464,242,216,Gigantocellular reticular nucleus,right
424,2107,3084,478,96,176,Lobules IV-V,right
424,3812,3876,465,259,241,Gigantocellular reticular nucleus,left
436,2389,3551,470,121,218,Lobules IV-V,right
436,3803,4041,462,258,254,Gigantocellular reticular nucleus,left
436,3577,3649,461,238,223,Gigantocellular reticular nucleus,right
436,3128,3372,459,193,201,Medial vestibular nucleus,right
436,3191,3428,459,200,205,Medial vestibular nucleus,right
436,3988,3731,462,274,228,Nucleus raphe obscurus,right
436,4041,4041,461,279,254,Magnocellular reticular nucleus,left
436,2713,2983,465,153,167,Interposed nucleus,right
436,3918,3976,462,268,249,Magnocellular reticular nucleus,left
436,4119,3639,461,287,220,Inferior olivary complex,right
423,2670,3001,468,150,168,Interposed nucleus,right
423,3342,3963,463,215,250,Intermediate reticular nucleus,left
423,4104,4113,463,286,260,Medulla,left
423,4075,4027,464,283,252,Medulla,left
425,3613,3870,464,241,241,Gigantocellular reticular nucleus,left
425,3968,3823,464,272,236,Magnocellular reticular nucleus,left
425,4134,4080,462,289,256,Inferior olivary complex,left
431,4138,4089,461,289,257,Inferior olivary complex,left
431,2464,3469,470,128,211,Lobules IV-V,right
431,3853,3357,462,262,199,Gigantocellular reticular nucleus,right
431,2210,3111,475,105,178,Lobules IV-V,right
431,3908,3899,463,268,243,Magnocellular reticular nucleus,left
431,2421,3544,470,125,218,Lobules IV-V,right
431,3136,3097,460,193,178,Spinal vestibular nucleus,right
431,3944,3112,459,272,177,"Paragigantocellular reticular nucleus, lateral part",right
431,2376,3553,471,120,218,Lobules IV-V,right
431,2486,3462,469,131,210,Lobules IV-V,right
431,3946,3114,459,272,177,"Paragigantocellular reticular nucleus, lateral part",right
433,2697,3029,466,152,170,Interposed nucleus,right
433,3815,3873,463,259,241,Gigantocellular reticular nucleus,left
433,3739,3612,463,252,220,Gigantocellular reticular nucleus,right
433,4042,3219,460,280,186,"Paragigantocellular reticular nucleus, lateral part",right
433,4091,3733,462,284,228,Nucleus raphe pallidus,right
433,2090,3075,477,93,175,Lobules IV-V,right
433,2696,2982,466,152,167,Interposed nucleus,right
428,1966,3571,479,80,220,Lobules IV-V,right
428,2833,2972,464,165,166,Cerebellum,right
428,3579,3811,463,238,236,Gigantocellular reticular nucleus,left
428,3696,3586,464,249,218,Gigantocellular reticular nucleus,right
428,2370,3551,472,120,218,Lobules IV-V,right
428,3295,4034,462,211,256,Medulla,left
428,3970,3676,464,273,224,Inferior olivary complex,right
430,4137,4070,461,289,256,Inferior olivary complex,left
430,1829,3402,479,65,206,Declive (VI),right
430,3609,3504,462,241,211,Gigantocellular reticular nucleus,right
430,3860,3359,462,263,199,Gigantocellular reticular nucleus,right
430,4135,4096,461,289,258,Inferior olivary complex,left
432,4092,4079,462,284,257,Medulla,left
432,2091,3074,477,93,175,Lobules IV-V,right
434,3940,3918,463,270,243,Magnocellular reticular nucleus,left
434,4138,4038,461,289,253,Inferior olivary complex,left
434,2841,2569,464,167,133,arbor vitae,right
434,3438,2756,459,223,148,"Spinal nucleus of the trigeminal, oral part",right
434,3943,3950,463,270,247,Magnocellular reticular nucleus,left
434,4028,3269,460,278,190,"Paragigantocellular reticular nucleus, lateral part",right
434,4170,4184,460,293,266,Medulla,left
434,3288,4118,461,210,263,Nucleus of the solitary tract,left
434,3295,4082,461,211,261,Nucleus of the solitary tract,left
434,3843,3652,463,261,222,crossed tectospinal pathway,right
435,2083,3072,476,93,175,Lobules IV-V,right
435,3122,4316,461,194,282,Spinal vestibular nucleus,left
435,3827,3888,462,260,242,Gigantocellular reticular nucleus,left
435,3920,4182,461,269,267,"Paragigantocellular reticular nucleus, lateral part",left
435,3116,3266,459,191,192,Medial vestibular nucleus,right
435,4091,3320,459,284,194,Medulla,right
435,4132,4081,460,289,256,Inferior olivary complex,left
437,3918,3530,461,268,212,Magnocellular reticular nucleus,right
437,3281,3562,459,209,217,"Paragigantocellular reticular nucleus, dorsal part",right
437,4014,3720,462,277,228,Nucleus raphe pallidus,right
437,4085,4035,461,284,253,Medulla,left
437,2085,3077,476,93,175,Lobules IV-V,right
437,3841,3655,462,261,222,crossed tectospinal pathway,right
438,3306,3744,460,211,232,Medulla,left
438,3792,3928,462,257,245,Gigantocellular reticular nucleus,left
438,4033,4116,461,280,260,Medulla,left
438,2692,3008,465,150,169,Interposed nucleus,right
438,3901,4066,462,267,256,Gigantocellular reticular nucleus,left
438,1836,3532,478,66,217,Declive (VI),right
438,3558,3769,461,236,233,Gigantocellular reticular nucleus,left
438,4027,3964,462,278,247,Magnocellular reticular nucleus,left
438,4132,4094,460,289,258,Inferior olivary complex,left
438,4136,4045,460,289,254,Inferior olivary complex,left
440,3701,3961,461,249,248,Gigantocellular reticular nucleus,left
440,3834,3659,461,261,223,crossed tectospinal pathway,right
440,4019,3350,459,278,197,Medulla,right
440,2654,3021,465,147,170,Interposed nucleus,right
439,3819,3999,462,260,251,Gigantocellular reticular nucleus,left
439,3851,3850,462,262,239,Magnocellular reticular nucleus,left
439,4076,3712,461,282,226,Nucleus raphe pallidus,right
439,3931,4058,462,269,256,"Paragigantocellular reticular nucleus, lateral part",left
441,3911,3945,461,268,247,Magnocellular reticular nucleus,left
441,3474,3777,460,228,234,Gigantocellular reticular nucleus,left
441,4009,3688,461,276,225,Inferior olivary complex,right
441,3252,3695,458,206,228,Nucleus prepositus,right
441,3672,4683,457,247,311,"Spinal nucleus of the trigeminal, oral part",left
441,4007,3719,461,276,228,Medulla,right
441,4037,3727,461,279,227,Nucleus raphe pallidus,right
442,3695,3947,461,249,247,Gigantocellular reticular nucleus,left
442,3385,4189,459,219,269,Parvicellular reticular nucleus,left
442,1969,3310,476,81,197,Lobules IV-V,right
442,3496,3752,460,231,232,Gigantocellular reticular nucleus,left
442,3625,3600,461,242,219,Gigantocellular reticular nucleus,right
442,4133,3694,460,288,225,Medulla,right
442,3840,3448,460,261,206,Gigantocellular reticular nucleus,right
443,3326,3820,459,214,238,"Paragigantocellular reticular nucleus, dorsal part",left
443,3871,4101,461,265,260,Gigantocellular reticular nucleus,left
443,4025,4226,459,279,270,"Paragigantocellular reticular nucleus, lateral part",left
443,2659,3017,465,148,169,Interposed nucleus,right
443,2793,2928,463,160,162,Interposed nucleus,right
443,3724,3444,460,251,206,Gigantocellular reticular nucleus,right
443,2868,2586,462,169,134,Dentate nucleus,right
444,3513,3803,460,232,236,Gigantocellular reticular nucleus,left
444,1879,3524,477,70,216,Lobules IV-V,right
444,3642,3736,461,243,230,Gigantocellular reticular nucleus,left
444,3743,3854,461,252,239,Gigantocellular reticular nucleus,left
444,3888,3702,461,265,226,Medulla,right
444,4115,4032,460,286,253,Inferior olivary complex,left
444,2633,2986,465,146,167,Interposed nucleus,right
444,3968,3694,461,272,226,Nucleus raphe obscurus,right
444,3977,3916,461,273,243,Magnocellular reticular nucleus,left
444,3741,3307,459,252,195,Intermediate reticular nucleus,right
444,3918,3419,460,268,204,Gigantocellular reticular nucleus,right
447,3543,3666,459,234,224,Gigantocellular reticular nucleus,right
447,3728,3815,460,251,236,Gigantocellular reticular nucleus,left
447,3758,3714,460,254,228,Nucleus raphe obscurus,right
447,3553,3717,459,235,228,Gigantocellular reticular nucleus,right
447,3285,3649,458,210,224,medial longitudinal fascicle,right
447,3396,3546,458,221,216,Gigantocellular reticular nucleus,right
447,3782,3708,460,256,228,Nucleus raphe obscurus,right
447,4051,3956,459,280,246,Magnocellular reticular nucleus,left
447,4065,3758,459,281,230,Nucleus raphe pallidus,left
447,1877,3524,476,70,216,Lobules IV-V,right
447,3887,3893,460,265,242,Magnocellular reticular nucleus,left
447,4059,3730,459,281,227,Nucleus raphe pallidus,right
446,3747,3841,460,253,238,Gigantocellular reticular nucleus,left
446,2879,2580,461,170,133,Dentate nucleus,right
446,4136,4061,458,289,255,Inferior olivary complex,left
446,3869,4061,460,264,256,Gigantocellular reticular nucleus,left
446,3960,3546,459,272,214,Magnocellular reticular nucleus,right
446,3617,3933,460,241,247,Gigantocellular reticular nucleus,left
446,3401,4069,459,220,259,Intermediate reticular nucleus,left
445,3959,4134,459,273,263,"Paragigantocellular reticular nucleus, lateral part",left
445,2939,2620,460,176,138,Interposed nucleus,right
445,3295,4028,458,211,255,Medial vestibular nucleus,left
448,2306,3336,471,113,199,Lobules IV-V,right
448,3324,3846,458,213,241,"Paragigantocellular reticular nucleus, dorsal part",left
448,3855,3978,460,262,249,Gigantocellular reticular nucleus,left
448,3779,3850,460,255,239,Gigantocellular reticular nucleus,left
453,1884,3526,475,71,216,Lobules IV-V,right
453,3690,3876,459,247,241,Gigantocellular reticular nucleus,left
453,3202,3516,456,201,213,Nucleus prepositus,right
453,4001,3858,459,275,239,Magnocellular reticular nucleus,left
453,4052,3981,458,280,248,Magnocellular reticular nucleus,left
453,3893,3364,458,265,199,Gigantocellular reticular nucleus,right
453,4088,3721,458,283,227,Nucleus raphe pallidus,right
453,4120,4009,458,287,251,Inferior olivary complex,left
453,2301,3343,470,113,199,Lobules IV-V,right
453,3307,3167,456,211,183,Nucleus of the solitary tract,right
449,3204,3462,457,201,209,Medial vestibular nucleus,right
449,3149,3155,457,195,182,Spinal vestibular nucleus,right
449,3754,3254,458,253,190,Intermediate reticular nucleus,right
449,3850,3407,459,262,203,Gigantocellular reticular nucleus,right
449,3859,3409,459,263,203,Gigantocellular reticular nucleus,right
449,3986,4069,459,275,257,"Paragigantocellular reticular nucleus, lateral part",left
449,4130,3395,458,287,200,Medulla,right
461,1853,3529,474,67,217,Lobules IV-V,right
461,2288,3353,468,111,200,Lobules IV-V,right
461,2855,2614,458,167,136,Dentate nucleus,right
461,3579,3542,456,237,214,Gigantocellular reticular nucleus,right
461,3796,3935,457,257,246,Gigantocellular reticular nucleus,left
461,4195,3375,454,293,198,Medulla,right
461,2817,2733,459,163,146,Interposed nucleus,right
461,2871,3031,457,167,171,Medulla,right
461,3684,3873,457,247,241,Gigantocellular reticular nucleus,left
461,3731,3552,457,251,215,Gigantocellular reticular nucleus,right
450,2798,4247,461,162,278,Cerebellum,left
450,3676,3789,459,246,234,Gigantocellular reticular nucleus,left
450,3958,3826,459,272,236,Magnocellular reticular nucleus,left
450,4074,3187,455,283,183,"Paragigantocellular reticular nucleus, lateral part",right
450,3584,3715,459,239,228,Gigantocellular reticular nucleus,right
450,3981,3373,457,273,199,"Paragigantocellular reticular nucleus, lateral part",right
450,4023,3256,456,278,188,"Paragigantocellular reticular nucleus, lateral part",right
454,3972,3617,459,273,219,Magnocellular reticular nucleus,right
454,4104,3695,458,284,225,Nucleus raphe pallidus,right
454,3290,4430,458,209,291,Spinal vestibular nucleus,left
454,4121,4020,457,287,252,Inferior olivary complex,left
454,1896,3528,475,73,216,Lobules IV-V,right
454,4053,3378,457,280,199,Medulla,right
451,3459,3544,458,227,215,Gigantocellular reticular nucleus,right
451,3724,3683,459,251,226,crossed tectospinal pathway,right
451,3872,4100,459,264,260,Gigantocellular reticular nucleus,left
451,2406,3548,467,122,218,Lobules IV-V,right
451,2869,2592,460,170,134,Dentate nucleus,right
451,3815,3806,459,258,235,Gigantocellular reticular nucleus,left
451,3967,3822,459,272,236,Magnocellular reticular nucleus,left
451,4129,3399,457,287,200,Medulla,right
452,3690,3950,459,247,247,Gigantocellular reticular nucleus,left
452,3753,3345,458,253,198,Gigantocellular reticular nucleus,right
452,4062,3787,458,281,233,Inferior olivary complex,left
452,3264,3537,456,207,215,Nucleus prepositus,right
452,4054,3731,458,280,227,Nucleus raphe pallidus,right
452,3885,3368,458,265,199,Gigantocellular reticular nucleus,right
455,3902,3968,458,266,248,Gigantocellular reticular nucleus,left
455,4075,3726,457,282,227,Nucleus raphe pallidus,right
455,3820,3982,458,260,250,Gigantocellular reticular nucleus,left
455,4084,3730,457,283,227,Nucleus raphe pallidus,right
455,4026,3724,458,277,228,Nucleus raphe pallidus,right
455,4128,3696,457,286,225,Nucleus raphe pallidus,right
457,3420,3624,457,223,222,Gigantocellular reticular nucleus,right
457,3695,3969,458,248,250,Gigantocellular reticular nucleus,left
457,2919,2923,458,173,163,Superior vestibular nucleus,right
457,3457,3778,457,227,234,Gigantocellular reticular nucleus,left
457,3776,3352,457,255,198,Gigantocellular reticular nucleus,right
457,3275,3088,455,207,177,Spinal vestibular nucleus,right
457,3507,3924,457,231,246,Gigantocellular reticular nucleus,left
457,3960,3928,458,272,245,Magnocellular reticular nucleus,left
457,3998,3715,458,275,227,Nucleus raphe obscurus,right
457,2640,2994,463,145,168,Interposed nucleus,right
457,3790,3603,458,256,218,Gigantocellular reticular nucleus,right
457,4011,3714,458,276,227,Nucleus raphe obscurus,right
456,2891,3197,458,169,186,Cerebellum,right
456,4071,3946,457,282,246,Medulla,left
458,3793,3589,458,256,217,Gigantocellular reticular nucleus,right
458,3855,3648,458,262,222,crossed tectospinal pathway,right
458,4032,3632,457,278,220,Medulla,right
458,3221,3523,455,203,214,Nucleus prepositus,right
458,4105,3736,457,284,228,Nucleus raphe pallidus,right
458,4011,3724,458,276,228,Nucleus raphe obscurus,right
460,3835,3600,457,260,218,Gigantocellular reticular nucleus,right
460,4141,4069,455,288,256,Medulla,left
460,2921,3029,457,172,171,Superior vestibular nucleus,right
460,3923,3701,457,268,226,Nucleus raphe obscurus,right
460,4049,4037,456,280,254,Magnocellular reticular nucleus,left
460,3636,2728,453,242,145,"Spinal nucleus of the trigeminal, oral part",right
460,4035,3951,456,278,246,Magnocellular reticular nucleus,left
460,4072,4009,456,282,251,Magnocellular reticular nucleus,left
460,3295,4179,456,210,269,Medial vestibular nucleus,left
459,3995,3982,458,275,250,Magnocellular reticular nucleus,left
459,3296,4057,456,211,259,Medial vestibular nucleus,left
459,3717,3371,457,250,200,Gigantocellular reticular nucleus,right
459,3890,4223,457,266,271,"Paragigantocellular reticular nucleus, lateral part",left
459,3919,3348,456,269,197,"Paragigantocellular reticular nucleus, lateral part",right
464,3755,3349,456,253,198,Gigantocellular reticular nucleus,right
464,3142,3051,455,193,174,Spinal vestibular nucleus,right
464,3813,4419,455,259,288,Parvicellular reticular nucleus,left
464,3864,3932,457,263,246,Gigantocellular reticular nucleus,left
464,4003,3925,457,275,244,Magnocellular reticular nucleus,left
464,2967,4005,456,177,255,Medial vestibular nucleus,left
464,4194,3370,454,293,198,Medulla,right
464,3541,3716,457,234,228,Gigantocellular reticular nucleus,right
463,3875,3499,457,264,210,Gigantocellular reticular nucleus,right
463,4113,3730,456,285,227,Nucleus raphe pallidus,right
463,1865,3390,474,68,205,Lobules IV-V,right
463,3291,4042,455,209,257,Medial vestibular nucleus,left
463,4094,3699,456,284,225,Nucleus raphe pallidus,right
463,3724,3733,457,251,230,crossed tectospinal pathway,left
463,4131,3982,456,287,249,Inferior olivary complex,left
463,3506,3797,456,230,236,Gigantocellular reticular nucleus,left
463,3789,3972,457,256,249,Gigantocellular reticular nucleus,left
463,4117,3425,455,285,202,Medulla,right
465,1877,3530,473,70,217,Lobules IV-V,right
465,2751,3412,457,155,205,Fastigial nucleus,right
465,4031,3662,456,277,223,Medulla,right
465,4054,3699,455,279,225,Medulla,right
465,4064,4061,455,281,256,Medulla,left
465,4113,3976,455,285,248,Inferior olivary complex,left
471,3679,3873,455,246,241,Gigantocellular reticular nucleus,left
471,3712,3696,455,249,227,Gigantocellular reticular nucleus,right
471,3858,4103,455,263,260,Gigantocellular reticular nucleus,left
466,3754,3568,456,253,216,Gigantocellular reticular nucleus,right
466,3680,3733,456,246,230,crossed tectospinal pathway,left
466,2858,3196,456,166,186,Vestibulocerebellar nucleus,right
466,4132,4050,454,288,254,Inferior olivary complex,left
467,3687,3973,456,247,250,Gigantocellular reticular nucleus,left
467,2857,2599,457,168,135,Dentate nucleus,right
467,4079,3935,455,282,245,Medulla,left
467,3820,3658,456,259,223,crossed tectospinal pathway,right
467,3929,3874,456,268,241,Magnocellular reticular nucleus,left
467,4008,3897,456,276,242,Magnocellular reticular nucleus,left
467,2276,3359,468,110,201,Lobules IV-V,right
467,3458,3549,455,227,216,Gigantocellular reticular nucleus,right
467,4083,3678,455,282,223,Medulla,right
467,1864,3392,473,68,205,Lobules IV-V,right
467,3374,3444,454,218,207,"Paragigantocellular reticular nucleus, dorsal part",right
467,3608,3628,456,241,221,Gigantocellular reticular nucleus,right
467,4086,3736,455,282,228,Nucleus raphe pallidus,right
472,3120,3042,453,192,173,Spinal vestibular nucleus,right
472,2894,3056,455,170,173,Superior vestibular nucleus,right
468,3815,3883,456,258,242,Gigantocellular reticular nucleus,left
468,2059,3649,470,89,227,Lobules IV-V,right
468,1827,3370,473,64,204,Declive (VI),right
469,1862,3393,473,68,205,Lobules IV-V,right
469,2764,2998,458,157,168,Infracerebellar nucleus,right
469,2809,4215,458,163,275,Vestibulocerebellar nucleus,left
469,3650,3562,456,244,216,Gigantocellular reticular nucleus,right
469,3814,3786,457,258,234,crossed tectospinal pathway,left
469,3863,3881,456,262,241,Gigantocellular reticular nucleus,left
469,3947,4070,456,271,257,"Paragigantocellular reticular nucleus, lateral part",left
469,3728,3548,456,251,215,Gigantocellular reticular nucleus,right
470,3147,3224,453,195,189,Medial vestibular nucleus,right
470,1849,3081,472,68,177,Declive (VI),right
470,2270,3365,467,110,202,Lobules IV-V,right
470,2940,3029,455,173,171,Superior vestibular nucleus,right
470,2748,3583,456,155,221,arbor vitae,right
470,3119,3126,453,192,180,Spinal vestibular nucleus,right
470,3325,4151,454,213,266,Medulla,left
470,3731,3547,455,250,215,Gigantocellular reticular nucleus,right
470,3915,3925,455,267,245,Magnocellular reticular nucleus,left
473,3719,3732,455,250,230,crossed tectospinal pathway,left
473,3523,3831,455,232,238,Gigantocellular reticular nucleus,left
473,3889,3830,455,265,237,Magnocellular reticular nucleus,left
473,3316,4197,454,211,271,Nucleus of the solitary tract,left
473,3832,3593,455,260,217,Gigantocellular reticular nucleus,right
473,4089,4013,454,283,251,Medulla,left
473,3309,4215,454,211,272,Nucleus of the solitary tract,left
473,3329,3365,453,213,200,Medulla,right
473,3744,2986,452,253,167,Parvicellular reticular nucleus,right
473,3799,3359,454,257,199,Gigantocellular reticular nucleus,right
473,3652,3559,455,244,216,Gigantocellular reticular nucleus,right
475,3625,3801,454,241,235,Gigantocellular reticular nucleus,left
475,3316,4056,453,212,258,Medial vestibular nucleus,left
475,3973,4224,453,274,270,"Paragigantocellular reticular nucleus, lateral part",left
475,4133,4042,452,288,253,Medulla,left
475,2060,3650,469,89,227,Lobules IV-V,right
475,3244,3227,452,205,189,Medial vestibular nucleus,right
475,3853,3694,454,261,226,Gigantocellular reticular nucleus,right
474,2646,2984,460,146,167,Interposed nucleus,right
474,4028,4119,454,278,261,"Paragigantocellular reticular nucleus, lateral part",left
474,2996,2827,454,180,155,Superior vestibular nucleus,right
474,3943,3853,455,269,238,Magnocellular reticular nucleus,left
474,4061,3683,454,280,224,medial lemniscus,right
476,1715,3347,472,52,202,Declive (VI),right
476,2896,4345,456,172,286,Superior vestibular nucleus,left
476,3098,2846,453,189,157,Lateral vestibular nucleus,right
478,1831,3079,472,65,177,Declive (VI),right
478,1844,3085,471,68,178,Declive (VI),right
478,1866,3093,471,69,178,Declive (VI),right
478,4018,3713,454,275,227,Nucleus raphe magnus,right
478,1836,3372,472,66,204,Lobules IV-V,right
478,2642,3380,458,144,202,Fastigial nucleus,right
478,3716,3582,454,249,218,Gigantocellular reticular nucleus,right
478,3979,3963,454,272,248,Magnocellular reticular nucleus,left
478,3516,3572,454,231,218,Gigantocellular reticular nucleus,right
478,3748,3348,453,253,198,Gigantocellular reticular nucleus,right
486,2021,3600,468,85,223,Lobules IV-V,right
486,3313,3051,450,210,174,Medial vestibular nucleus,right
486,3656,3721,452,243,229,crossed tectospinal pathway,left
486,3866,3768,452,262,232,Gigantocellular reticular nucleus,left
486,2036,3524,468,86,217,Lobules IV-V,right
486,3268,3300,450,206,195,Medial vestibular nucleus,right
486,3537,4052,452,233,257,Intermediate reticular nucleus,left
486,2086,3647,466,92,228,Lobules IV-V,right
477,3270,3942,453,208,248,"Paragigantocellular reticular nucleus, dorsal part",left
477,3675,4190,454,246,268,Intermediate reticular nucleus,left
477,1852,3086,471,68,178,Declive (VI),right
477,2829,2624,456,164,137,Dentate nucleus,right
477,3215,3631,452,202,223,Nucleus prepositus,right
477,4196,4008,452,293,251,Medulla,left
477,3670,3716,454,246,228,Gigantocellular reticular nucleus,right
477,3302,4073,453,210,260,Medial vestibular nucleus,left
480,3675,3611,453,246,220,Gigantocellular reticular nucleus,right
480,3584,3789,453,238,235,Gigantocellular reticular nucleus,left
480,3888,3357,452,265,199,Gigantocellular reticular nucleus,right
480,1677,3305,472,48,197,Declive (VI),right
480,1848,3368,471,67,203,Lobules IV-V,right
479,3381,3518,453,218,213,"Paragigantocellular reticular nucleus, dorsal part",right
479,3999,3835,454,274,237,Magnocellular reticular nucleus,left
479,4016,3727,454,275,228,Nucleus raphe magnus,right
479,4051,3408,452,279,202,Magnocellular reticular nucleus,right
479,3612,4353,453,240,283,Parvicellular reticular nucleus,left
479,3653,3861,454,244,241,Gigantocellular reticular nucleus,left
487,1768,3664,470,58,228,Lobules IV-V,right
487,3904,3863,452,265,240,Magnocellular reticular nucleus,left
487,2048,3524,467,88,217,Lobules IV-V,right
487,3308,4213,451,211,272,Medial vestibular nucleus,left
487,1733,3382,470,55,205,Lobules IV-V,right
487,3189,3030,450,197,172,Spinal vestibular nucleus,right
487,4088,3713,451,282,226,Nucleus raphe magnus,right
484,3838,4062,453,260,257,Gigantocellular reticular nucleus,left
484,3667,3847,453,245,240,Gigantocellular reticular nucleus,left
484,3573,3791,453,237,235,Gigantocellular reticular nucleus,left
484,3808,3696,453,258,227,Nucleus raphe magnus,right
484,3671,3977,453,246,250,Gigantocellular reticular nucleus,left
484,2765,4294,456,158,283,Infracerebellar nucleus,left
484,3741,3446,453,251,207,Gigantocellular reticular nucleus,right
484,4040,4164,452,279,265,"Paragigantocellular reticular nucleus, lateral part",left
481,4064,3676,452,280,223,medial lemniscus,right
481,3587,4067,453,238,258,Intermediate reticular nucleus,left
481,4088,3728,452,282,227,Nucleus raphe magnus,right
481,3029,2830,452,182,155,Superior vestibular nucleus,right
481,3088,3031,452,188,172,Lateral vestibular nucleus,right
481,3707,3491,453,249,210,Gigantocellular reticular nucleus,right
481,3732,4035,453,251,255,Gigantocellular reticular nucleus,left
481,3785,3744,454,256,231,crossed tectospinal pathway,left
481,4005,4141,452,275,263,"Paragigantocellular reticular nucleus, lateral part",left
481,4011,3749,453,275,230,Medulla,left
481,4094,3775,452,283,231,Medulla,left
481,3297,4093,452,210,261,Medial vestibular nucleus,left
482,3523,3575,453,232,218,Gigantocellular reticular nucleus,right
482,3616,3549,453,240,215,Gigantocellular reticular nucleus,right
482,3746,3350,452,253,198,Gigantocellular reticular nucleus,right
482,3806,3810,454,257,236,Gigantocellular reticular nucleus,left
482,2064,3650,468,89,227,Lobules IV-V,right
482,3275,4062,452,208,259,Medial vestibular nucleus,left
482,2824,4206,455,164,274,Vestibulocerebellar nucleus,left
483,3236,3627,451,205,222,Nucleus prepositus,right
483,3623,3693,453,241,226,crossed tectospinal pathway,right
490,1829,3371,469,64,204,Lobules IV-V,right
490,3579,3789,451,237,235,Gigantocellular reticular nucleus,left
490,3587,4103,451,237,261,Intermediate reticular nucleus,left
485,1856,3371,470,67,204,Lobules IV-V,right
485,2683,3325,455,149,198,Fastigial nucleus,right
485,3306,4131,451,210,264,Medial vestibular nucleus,left
485,3751,3698,453,252,227,Nucleus raphe magnus,right
485,3751,4007,452,252,253,Gigantocellular reticular nucleus,left
494,3991,3975,451,273,249,Magnocellular reticular nucleus,left
494,3985,4166,450,274,265,"Paragigantocellular reticular nucleus, lateral part",left
494,3786,3726,452,255,229,Gigantocellular reticular nucleus,left
494,3811,3693,451,257,226,Gigantocellular reticular nucleus,right
494,4041,4262,449,279,273,Facial motor nucleus,left
494,1725,3384,470,53,205,Lobules IV-V,right
494,3745,3995,451,252,252,Gigantocellular reticular nucleus,left
503,2000,3620,465,83,226,Lobules IV-V,right
503,3683,3887,450,246,243,Gigantocellular reticular nucleus,left
503,2872,4302,451,169,282,Superior vestibular nucleus,left
503,4021,3909,449,276,243,Magnocellular reticular nucleus,left
503,3683,4060,449,246,257,Gigantocellular reticular nucleus,left
503,2362,3339,460,118,199,Lobule III,right
503,3307,4066,448,211,259,Medial vestibular nucleus,left
491,2009,3524,467,84,217,Lobules IV-V,right
491,2915,4297,453,172,282,Superior vestibular nucleus,left
491,1790,3074,469,61,177,Declive (VI),right
491,3281,4380,451,208,286,Spinal vestibular nucleus,left
491,3647,3730,451,243,229,crossed tectospinal pathway,left
491,3667,4033,451,244,255,Gigantocellular reticular nucleus,left
491,4011,3444,450,275,205,Magnocellular reticular nucleus,right
491,1818,3370,469,63,204,Lobules IV-V,right
491,2854,4326,454,166,284,Medulla,left
491,2980,2952,451,177,165,Superior vestibular nucleus,right
491,3295,4080,450,210,260,Medial vestibular nucleus,left
491,4086,3694,450,282,225,Medulla,right
488,3310,3907,451,212,246,"Paragigantocellular reticular nucleus, dorsal part",left
488,3706,4304,451,248,278,Intermediate reticular nucleus,left
488,4062,3740,451,280,229,Nucleus raphe magnus,left
488,4108,3723,451,284,227,Nucleus raphe pallidus,right
488,1678,3340,471,48,201,Lobules IV-V,right
488,2947,3057,452,174,175,Superior vestibular nucleus,right
489,3915,3951,452,266,247,Gigantocellular reticular nucleus,left
489,2907,3115,452,171,179,Vestibulocerebellar nucleus,right
489,3156,4379,452,196,287,Spinal vestibular nucleus,left
489,3970,3977,452,272,249,Magnocellular reticular nucleus,left
489,2032,3524,468,86,217,Lobules IV-V,right
489,2899,4212,453,171,274,Vestibulocerebellar nucleus,left
493,1755,3588,469,56,222,Lobules IV-V,right
493,2030,3525,467,85,217,Lobules IV-V,right
493,3454,3496,450,225,212,Gigantocellular reticular nucleus,right
493,1829,3085,469,65,178,Declive (VI),right
493,2888,4166,452,169,270,Vestibulocerebellar nucleus,left
492,4031,4115,450,277,260,"Paragigantocellular reticular nucleus, lateral part",left
492,2806,3647,452,160,226,arbor vitae,right
492,3101,2828,450,189,155,Lateral vestibular nucleus,right
492,3489,4361,450,228,284,Parvicellular reticular nucleus,left
492,4088,3682,450,282,224,medial lemniscus,right
492,2803,3728,452,160,233,arbor vitae,left
511,2319,3366,458,114,202,Lobule III,right
511,3640,3611,447,242,220,Gigantocellular reticular nucleus,right
511,2280,2935,460,110,163,Lobules IV-V,right
496,3601,3801,450,239,236,Gigantocellular reticular nucleus,left
496,3320,4383,450,212,287,Medulla,left
496,3558,4352,449,235,283,Parvicellular reticular nucleus,left
496,2888,4165,451,169,270,Vestibulocerebellar nucleus,left
496,3423,3278,449,222,193,Intermediate reticular nucleus,right
495,3037,4124,450,184,266,Medial vestibular nucleus,left
498,2943,3053,450,173,174,Superior vestibular nucleus,right
498,1997,3525,466,82,217,Lobules IV-V,right
498,3717,2758,446,248,148,"Spinal nucleus of the trigeminal, oral part",right
498,2745,3399,452,155,204,arbor vitae,right
498,3333,4137,449,214,265,Intermediate reticular nucleus,left
498,1990,3526,466,81,217,Lobules IV-V,right
498,3565,4351,449,235,283,Parvicellular reticular nucleus,left
499,3899,3693,450,265,225,Medulla,right
499,3665,3657,450,244,224,crossed tectospinal pathway,right
499,3306,4140,449,210,265,Medial vestibular nucleus,left
499,3484,3722,450,229,230,Gigantocellular reticular nucleus,left
499,3959,3727,450,270,228,Nucleus raphe magnus,right
497,3299,4286,450,210,278,Medial vestibular nucleus,left
497,2743,3060,453,154,174,Infracerebellar nucleus,right
497,2780,3106,453,157,178,Cerebellum,right
497,2863,4349,453,168,287,Superior vestibular nucleus,left
497,4088,3648,449,281,221,medial lemniscus,right
508,3511,3633,448,231,223,Gigantocellular reticular nucleus,right
508,3642,3849,449,242,240,Gigantocellular reticular nucleus,left
508,2067,3440,464,88,209,Lobules IV-V,right
500,3651,3973,449,243,250,Gigantocellular reticular nucleus,left
500,3224,3429,448,203,206,Medial vestibular nucleus,right
500,3319,4102,448,212,262,Medial vestibular nucleus,left
500,4102,4081,447,284,257,Parapyramidal nucleus,left
501,3699,4002,449,247,252,Gigantocellular reticular nucleus,left
501,4092,3725,448,281,227,Nucleus raphe magnus,right
501,2358,3340,460,118,199,Lobule III,right
501,3666,3422,449,244,205,Gigantocellular reticular nucleus,right
507,3706,4006,448,247,252,Gigantocellular reticular nucleus,left
507,2799,3259,450,160,192,Fastigial nucleus,right
507,3930,3481,447,267,208,Gigantocellular reticular nucleus,right
502,3537,3601,449,233,220,Gigantocellular reticular nucleus,right
502,1795,3089,467,62,179,Declive (VI),right
504,4023,3923,449,276,244,Magnocellular reticular nucleus,left
505,2926,4310,450,173,283,Superior vestibular nucleus,left
505,3361,3906,448,216,245,"Paragigantocellular reticular nucleus, dorsal part",left
505,3601,3610,448,239,221,Gigantocellular reticular nucleus,right
505,3699,4060,448,247,257,Gigantocellular reticular nucleus,left
505,3256,4329,448,205,282,Medial vestibular nucleus,left
505,3328,4076,448,212,260,Medial vestibular nucleus,left
505,3446,3525,448,225,214,Gigantocellular reticular nucleus,right
506,3148,3213,447,194,188,Medial vestibular nucleus,right
506,3354,3616,447,215,221,"Paragigantocellular reticular nucleus, dorsal part",right
506,3601,3905,448,238,244,Gigantocellular reticular nucleus,left
506,2015,3602,464,84,224,Lobules IV-V,right
506,3722,4101,448,250,261,Intermediate reticular nucleus,left
509,2394,3325,458,121,198,Lobule III,right
509,3019,2878,448,182,159,Superior vestibular nucleus,right
509,3115,4218,448,191,273,Medial vestibular nucleus,left
509,3298,3300,447,209,195,Medial vestibular nucleus,right
509,4034,3714,447,277,227,Nucleus raphe magnus,right
510,3334,4256,447,213,275,Parvicellular reticular nucleus,left
510,3611,4009,447,239,254,Gigantocellular reticular nucleus,left
512,3634,3963,447,242,249,Gigantocellular reticular nucleus,left
512,2995,2963,447,179,166,Superior vestibular nucleus,right
512,3725,3354,446,250,199,Gigantocellular reticular nucleus,right
512,3344,3999,447,215,254,Intermediate reticular nucleus,left
513,3211,4007,446,201,255,Medial vestibular nucleus,left
513,3480,3076,445,226,176,Parvicellular reticular nucleus,right
513,3790,4006,447,255,252,Gigantocellular reticular nucleus,left
513,1974,3371,464,79,204,Lobules IV-V,right
513,3032,2891,447,183,160,Superior vestibular nucleus,right
513,3320,4143,447,212,265,Medial vestibular nucleus,left
513,3701,3538,447,247,214,Gigantocellular reticular nucleus,right
515,2957,2961,447,175,166,Superior vestibular nucleus,right
515,2977,2974,447,176,167,Superior vestibular nucleus,right
515,2785,4696,452,160,319,Dentate nucleus,left
515,3815,3486,446,257,210,Gigantocellular reticular nucleus,right
515,3852,3318,445,261,195,Gigantocellular reticular nucleus,right
515,4079,3715,445,280,227,Nucleus raphe magnus,right
515,4103,3725,445,282,227,Nucleus raphe magnus,right
515,3289,3307,445,208,197,Medial vestibular nucleus,right
516,3583,4178,446,237,268,Intermediate reticular nucleus,left
516,2835,2693,449,164,142,Interposed nucleus,right
516,3929,3801,446,266,235,Magnocellular reticular nucleus,left
516,3132,3491,445,194,211,Medial vestibular nucleus,right
518,3542,3804,446,233,236,Gigantocellular reticular nucleus,left
518,4047,4250,444,280,272,Facial motor nucleus,left
518,3452,3695,446,225,228,Gigantocellular reticular nucleus,right
518,3921,3383,445,267,201,Gigantocellular reticular nucleus,right
518,2001,3619,462,83,226,Lobules IV-V,right
518,2946,2985,447,174,168,Superior vestibular nucleus,right
518,3582,3988,446,237,252,Gigantocellular reticular nucleus,left
518,3715,3406,446,248,203,Gigantocellular reticular nucleus,right
514,2966,2996,448,175,170,Superior vestibular nucleus,right
514,3214,3102,446,200,178,Medial vestibular nucleus,right
514,4072,3798,446,280,234,medial lemniscus,left
514,4097,4036,445,283,254,Parapyramidal nucleus,left
514,3627,3609,447,241,220,Gigantocellular reticular nucleus,right
527,1582,3368,464,37,203,Lobules IV-V,right
527,2991,2904,445,178,161,Superior vestibular nucleus,right
527,3341,4297,444,213,279,Parvicellular reticular nucleus,left
527,3780,3551,444,253,215,Gigantocellular reticular nucleus,right
527,2192,5301,456,97,371,Crus 1,left
517,2937,4302,448,175,282,Superior vestibular nucleus,left
517,3936,3607,446,268,219,Magnocellular reticular nucleus,right
517,2918,3163,447,170,184,Vestibulocerebellar nucleus,right
517,3312,4129,446,211,264,Medial vestibular nucleus,left
520,2194,5308,457,98,372,Crus 1,left
519,3735,3685,447,250,226,Gigantocellular reticular nucleus,right
521,2895,4382,448,171,290,Superior vestibular nucleus,left
521,2933,2907,446,173,162,Superior vestibular nucleus,right
521,3005,2872,446,179,159,Superior vestibular nucleus,right
521,3692,3209,444,246,187,Intermediate reticular nucleus,right
521,3811,3949,445,257,248,Gigantocellular reticular nucleus,left
524,1879,3576,463,69,222,arbor vitae,right
524,3877,3938,445,262,246,Gigantocellular reticular nucleus,left
524,3905,3879,445,264,241,Magnocellular reticular nucleus,left
524,3682,4182,445,246,268,Intermediate reticular nucleus,left
524,2997,4514,448,181,300,Superior vestibular nucleus,left
524,3709,3325,444,248,197,Gigantocellular reticular nucleus,right
524,2957,4525,448,177,301,Superior vestibular nucleus,left
522,2763,2706,449,157,143,Interposed nucleus,right
522,3235,4015,445,203,255,Medial vestibular nucleus,left
522,3526,3939,445,231,248,Gigantocellular reticular nucleus,left
522,3893,3380,444,264,200,Gigantocellular reticular nucleus,right
523,2973,3001,446,176,170,Superior vestibular nucleus,right
523,3680,3837,446,245,239,Gigantocellular reticular nucleus,left
523,1905,3578,463,72,222,arbor vitae,right
523,3674,3742,446,245,231,crossed tectospinal pathway,left
523,3224,4331,445,202,282,Medial vestibular nucleus,left
523,2204,5296,457,98,371,Crus 1,left
525,3575,4203,444,236,270,Intermediate reticular nucleus,left
525,3209,4226,444,201,274,Medial vestibular nucleus,left
525,2968,3038,445,175,173,Superior vestibular nucleus,right
525,3000,4400,446,181,290,Superior vestibular nucleus,left
528,3478,4273,444,226,277,Parvicellular reticular nucleus,left
528,3283,2994,443,207,170,Medial vestibular nucleus,right
528,3764,3739,445,252,230,Gigantocellular reticular nucleus,left
528,2909,3000,446,170,169,Superior vestibular nucleus,right
528,3641,3668,445,241,225,crossed tectospinal pathway,right
534,3532,3807,444,232,237,Gigantocellular reticular nucleus,left
534,3607,3844,444,239,240,Gigantocellular reticular nucleus,left
534,1632,3383,463,43,206,Lobules IV-V,right
534,3293,4515,443,208,298,Lateral vestibular nucleus,left
526,3301,4157,444,209,268,Medial vestibular nucleus,left
526,3999,3719,444,273,228,Nucleus raphe magnus,right
529,3460,4283,444,225,278,Parvicellular reticular nucleus,left
529,3611,3816,445,239,237,Gigantocellular reticular nucleus,left
529,2978,3021,445,176,172,Superior vestibular nucleus,right
529,2363,3339,455,117,200,Lobule III,right
530,3357,4310,443,215,280,Parvicellular reticular nucleus,left
530,3981,4061,442,271,257,"Paragigantocellular reticular nucleus, lateral part",left
530,3368,4317,443,215,280,Parvicellular reticular nucleus,left
530,1905,3577,461,72,222,Lobules IV-V,right
530,2223,5273,455,101,369,Crus 1,left
530,3024,2990,444,181,169,Superior vestibular nucleus,right
531,3524,3282,442,231,194,Intermediate reticular nucleus,right
531,3432,3913,443,223,246,Gigantocellular reticular nucleus,left
531,3668,3742,444,243,231,crossed tectospinal pathway,left
531,3925,3725,443,266,229,Nucleus raphe magnus,left
531,4059,3687,442,278,225,medial lemniscus,right
531,3344,4160,443,214,268,Parvicellular reticular nucleus,left
531,3687,4109,443,246,262,Intermediate reticular nucleus,left
531,3839,3897,443,258,243,Gigantocellular reticular nucleus,left
531,3982,3933,443,272,246,Magnocellular reticular nucleus,left
531,3231,4021,443,202,256,Medial vestibular nucleus,left
532,2228,5265,455,101,368,Crus 1,left
532,3018,2987,444,180,169,Superior vestibular nucleus,right
532,3554,4220,443,233,272,Intermediate reticular nucleus,left
532,2986,3012,444,177,171,Superior vestibular nucleus,right
532,3384,4325,443,218,281,Parvicellular reticular nucleus,left
532,2892,3069,445,168,176,Superior vestibular nucleus,right
537,2910,4293,445,172,281,Superior vestibular nucleus,left
537,3821,3833,442,257,238,Gigantocellular reticular nucleus,left
537,2866,4266,445,167,279,Superior vestibular nucleus,left
537,3745,3735,443,251,230,Gigantocellular reticular nucleus,left
537,3070,4388,444,188,288,Lateral vestibular nucleus,left
537,3322,4095,442,212,262,Medulla,left
537,3691,3713,443,245,229,crossed tectospinal pathway,left
537,3749,3921,443,251,246,Gigantocellular reticular nucleus,left
537,3925,3422,441,266,204,Gigantocellular reticular nucleus,right
537,3664,3745,443,243,232,crossed tectospinal pathway,left
537,3713,3998,442,248,252,Gigantocellular reticular nucleus,left
533,3668,3620,444,243,222,Gigantocellular reticular nucleus,right
533,2222,5271,455,101,369,Crus 1,left
533,3107,4409,444,192,290,Lateral vestibular nucleus,left
535,2877,3116,444,166,179,Superior vestibular nucleus,right
535,3425,4322,442,221,281,Parvicellular reticular nucleus,left
536,3314,4239,442,211,274,Medial vestibular nucleus,left
538,3173,4289,443,197,279,Medial vestibular nucleus,left
538,3499,3461,442,229,209,Gigantocellular reticular nucleus,right
538,3898,4017,442,264,253,Gigantocellular reticular nucleus,left
538,2903,2578,445,170,133,Dentate nucleus,right
539,3525,3801,443,231,236,Gigantocellular reticular nucleus,left
539,3582,3858,443,236,241,Gigantocellular reticular nucleus,left
539,3605,4140,442,238,264,Intermediate reticular nucleus,left
539,2298,3461,454,111,212,Lobule III,right
539,3264,3324,442,205,198,Medial vestibular nucleus,right
539,3805,3870,443,255,242,Gigantocellular reticular nucleus,left
540,3813,3812,442,256,236,Gigantocellular reticular nucleus,left
540,1640,3385,461,43,206,Lobules IV-V,right
540,2146,3534,456,97,219,Lobule III,right
540,3174,3812,441,197,239,Nucleus prepositus,left
541,3878,3877,441,261,241,Gigantocellular reticular nucleus,left
542,2980,4422,444,178,292,Superior vestibular nucleus,left
542,3880,3904,441,261,243,Gigantocellular reticular nucleus,left
542,3567,4142,441,234,265,Intermediate reticular nucleus,left
548,1865,3471,459,67,213,Lobules IV-V,right
548,2025,3611,456,85,225,Lobule III,right
548,3839,3692,440,258,226,Nucleus raphe magnus,right
543,3541,4139,441,232,265,Intermediate reticular nucleus,left
543,3974,3974,440,270,249,Magnocellular reticular nucleus,left
543,3962,3475,440,269,208,Magnocellular reticular nucleus,right
543,1618,3379,462,40,205,Lobules IV-V,right
546,3607,3973,441,238,251,Gigantocellular reticular nucleus,left
546,3274,4156,440,207,267,Medial vestibular nucleus,left
546,3968,3701,440,269,226,Nucleus raphe magnus,right
546,3618,3732,441,239,231,crossed tectospinal pathway,left
546,3933,3921,440,267,245,Magnocellular reticular nucleus,left
545,2452,3479,449,125,212,Lobule III,right
545,2976,2549,442,178,131,Dentate nucleus,right
545,3246,3654,440,205,225,Medulla,right
545,3258,4332,441,206,283,Medial vestibular nucleus,left
545,3360,3883,440,215,244,"Paragigantocellular reticular nucleus, dorsal part",left
545,3635,4341,439,241,282,Parvicellular reticular nucleus,left
545,2924,4450,444,174,295,Superior vestibular nucleus,left
544,2449,3386,450,125,204,Lobule III,right
544,3563,3779,442,234,234,Gigantocellular reticular nucleus,left
547,1942,3592,458,76,223,Lobules IV-V,right
547,3696,4022,440,246,255,Gigantocellular reticular nucleus,left
547,3827,2745,436,258,146,"Spinal nucleus of the trigeminal, oral part",right
547,3673,3530,440,244,213,Gigantocellular reticular nucleus,right
547,3045,2953,441,183,166,Superior vestibular nucleus,right
547,3884,3362,439,263,199,Gigantocellular reticular nucleus,right
547,3300,3269,440,209,194,Medulla,right
547,3301,4333,440,209,283,Medial vestibular nucleus,left
547,3755,3513,440,251,212,Gigantocellular reticular nucleus,right
550,3566,3823,440,234,239,Gigantocellular reticular nucleus,left
550,3638,3891,440,240,243,Gigantocellular reticular nucleus,left
550,3859,3706,439,260,227,Nucleus raphe magnus,right
550,1871,3473,458,69,213,Lobules IV-V,right
550,3485,3680,440,227,227,Gigantocellular reticular nucleus,right
551,3660,3755,440,243,232,crossed tectospinal pathway,left
551,3450,4177,439,223,268,Intermediate reticular nucleus,left
551,1647,3539,459,44,218,Lobules IV-V,right
551,4022,3712,438,274,227,Nucleus raphe magnus,right
549,2050,3614,456,87,225,Lobule III,right
549,3029,2914,441,181,163,Superior vestibular nucleus,right
549,3144,4294,441,195,280,Medial vestibular nucleus,left
549,3830,3704,440,257,227,Nucleus raphe magnus,right
549,3677,4466,438,245,292,Parvicellular reticular nucleus,left
549,3851,3735,440,259,230,Gigantocellular reticular nucleus,left
552,3023,4306,441,183,281,Lateral vestibular nucleus,left
552,2971,2950,441,176,166,Superior vestibular nucleus,right
552,1886,3477,458,70,213,Lobules IV-V,right
552,3229,4277,440,202,278,Medial vestibular nucleus,left
554,1843,3612,458,65,225,Lobules IV-V,right
554,4041,3752,438,275,230,Medulla,left
554,4170,3419,436,288,202,Medulla,right
554,1888,3478,458,70,213,Lobules IV-V,right
557,1621,3539,459,41,218,Lobules IV-V,right
557,3959,3923,438,269,245,Magnocellular reticular nucleus,left
557,3122,4169,439,192,270,Medial vestibular nucleus,left
557,3705,4458,436,247,292,Parvicellular reticular nucleus,left
553,3972,4027,438,270,254,"Paragigantocellular reticular nucleus, lateral part",left
553,3490,3678,440,227,227,Gigantocellular reticular nucleus,right
553,3752,3787,440,250,235,Gigantocellular reticular nucleus,left
553,4046,3697,438,276,226,Nucleus raphe magnus,right
553,3399,3522,439,219,214,Gigantocellular reticular nucleus,right
553,3733,3545,439,249,215,Gigantocellular reticular nucleus,right
553,3296,3560,439,209,218,"Paragigantocellular reticular nucleus, dorsal part",right
553,3342,3998,439,213,254,facial nerve,left
553,3498,3666,440,228,225,Gigantocellular reticular nucleus,right
558,2058,3615,454,88,225,Lobule III,right
558,3967,3970,437,269,249,Magnocellular reticular nucleus,left
558,3295,3188,438,208,186,Medial vestibular nucleus,right
558,1873,3475,457,69,214,Lobules IV-V,right
555,3594,3982,439,237,252,Gigantocellular reticular nucleus,left
555,3845,4042,438,259,255,Gigantocellular reticular nucleus,left
555,3364,4077,438,215,260,Medulla,left
555,1889,3479,457,70,214,Lobules IV-V,right
555,3848,3713,438,259,228,Nucleus raphe magnus,right
556,3890,3651,438,262,223,Magnocellular reticular nucleus,right
556,2445,3398,448,125,206,Lobule III,right
556,3163,4230,439,196,274,Medial vestibular nucleus,left
556,3723,3838,439,248,239,Gigantocellular reticular nucleus,left
560,3603,3917,438,237,246,Gigantocellular reticular nucleus,left
560,3145,4114,438,194,264,Medial vestibular nucleus,left
560,3898,3974,437,263,250,Gigantocellular reticular nucleus,left
562,3373,4235,437,216,274,Parvicellular reticular nucleus,left
562,3194,4544,438,200,302,vestibular nerve,left
562,3352,4125,438,214,265,Medulla,left
562,3365,4210,438,215,272,Parvicellular reticular nucleus,left
562,3386,4209,437,217,272,Parvicellular reticular nucleus,left
562,3412,4196,437,220,271,Parvicellular reticular nucleus,left
562,3569,3834,438,235,240,Gigantocellular reticular nucleus,left
561,3266,3268,437,205,193,Medial vestibular nucleus,right
561,1625,3536,458,41,218,Lobules IV-V,right
563,3400,4198,437,218,271,Parvicellular reticular nucleus,left
563,3583,3932,438,236,248,Gigantocellular reticular nucleus,left
563,4068,3816,436,277,235,medial lemniscus,left
563,1627,3537,458,41,218,Lobules IV-V,right
564,3715,3666,438,247,225,crossed tectospinal pathway,right
564,3773,4028,437,252,255,Gigantocellular reticular nucleus,left
565,3147,4111,437,194,264,Medial vestibular nucleus,left
568,2805,3601,439,159,223,Lobule II,right
568,3834,3887,436,257,243,Gigantocellular reticular nucleus,left
566,3656,3885,437,241,244,Gigantocellular reticular nucleus,left
566,3712,3695,437,247,228,Gigantocellular reticular nucleus,right
566,3712,3545,436,247,215,Gigantocellular reticular nucleus,right
566,3779,4031,436,252,255,Gigantocellular reticular nucleus,left
566,2532,3387,444,133,205,Lobule III,right
566,3725,3870,437,248,242,Gigantocellular reticular nucleus,left
567,3047,3244,437,183,192,Medial vestibular nucleus,right
567,3124,4109,437,192,265,Medial vestibular nucleus,left
567,2823,3600,439,161,223,Lobule II,right
567,3680,3549,436,244,216,Gigantocellular reticular nucleus,right
570,2567,3377,443,135,204,Lobule II,right
570,3825,3935,435,256,247,Gigantocellular reticular nucleus,left
570,3770,3876,435,252,242,Gigantocellular reticular nucleus,left
570,2557,3379,443,135,204,Lobule II,right
569,3721,3699,437,248,228,Gigantocellular reticular nucleus,right
569,3944,3498,435,267,210,Magnocellular reticular nucleus,right
569,2551,3380,444,134,203,Lobule II,right
569,3144,4224,437,194,274,Medial vestibular nucleus,left
569,3266,4418,437,206,289,Medial vestibular nucleus,left
569,3287,4196,437,208,271,Medial vestibular nucleus,left
569,3573,3964,437,234,250,Gigantocellular reticular nucleus,left
569,4008,3812,435,272,236,Magnocellular reticular nucleus,left
571,2929,4487,439,173,298,Superior vestibular nucleus,left
571,4051,3749,434,275,230,medial lemniscus,left
571,2816,3600,438,160,223,Lobule II,right
572,3585,3985,436,235,252,Gigantocellular reticular nucleus,left
572,3754,4037,435,250,256,Gigantocellular reticular nucleus,left
572,3575,3821,436,234,239,Gigantocellular reticular nucleus,left
572,3600,3916,436,237,246,Gigantocellular reticular nucleus,left
572,3178,4429,437,197,291,Lateral vestibular nucleus,left
572,3893,4035,435,262,255,Gigantocellular reticular nucleus,left
573,2221,3045,450,104,175,Lobules IV-V,right
573,2764,3606,439,155,223,Lobule II,right
573,2014,3399,452,82,207,Lobule III,right
573,3183,3217,435,197,189,Medial vestibular nucleus,right
573,3441,4119,436,222,264,Intermediate reticular nucleus,left
573,3958,4009,434,269,253,Gigantocellular reticular nucleus,left
573,2833,3598,438,163,223,Lobule II,right
573,3626,3796,436,239,236,Gigantocellular reticular nucleus,left
573,3683,3972,436,244,251,Gigantocellular reticular nucleus,left
575,3788,3923,434,253,246,Gigantocellular reticular nucleus,left
575,3945,3991,433,267,251,Gigantocellular reticular nucleus,left
575,3037,4314,436,184,282,Medial vestibular nucleus,left
575,3764,3827,435,251,238,Gigantocellular reticular nucleus,left
575,3765,3828,435,251,238,Gigantocellular reticular nucleus,left
576,3886,4003,434,262,252,Gigantocellular reticular nucleus,left
574,2786,3607,438,158,224,Lobule II,right
574,3749,3974,435,250,251,Gigantocellular reticular nucleus,left
574,3292,3096,435,206,179,Medial vestibular nucleus,right
574,2854,4191,438,165,273,Parabrachial nucleus,left
577,2850,4197,437,165,274,Parabrachial nucleus,left
577,2949,4445,438,176,295,Superior vestibular nucleus,left
577,3200,4194,435,199,272,Medial vestibular nucleus,left
577,3242,4351,435,203,284,Medial vestibular nucleus,left
577,3889,2776,430,263,149,Medulla,right
577,3360,4095,435,214,263,Medulla,left
577,3365,4176,435,215,269,Intermediate reticular nucleus,left
580,3761,3297,432,251,195,Gigantocellular reticular nucleus,right
580,2780,3611,437,156,224,Lobule II,right
580,3570,4231,433,234,272,Intermediate reticular nucleus,left
580,3938,3966,432,266,249,Gigantocellular reticular nucleus,left
580,4196,3652,430,289,221,pyramid,right
580,2774,3604,437,156,223,Lobule II,right
580,3527,3907,434,230,246,Gigantocellular reticular nucleus,left
581,2575,3374,441,136,204,Lobule II,right
581,3462,3559,434,224,218,Gigantocellular reticular nucleus,right
581,3545,3192,433,232,186,Intermediate reticular nucleus,right
581,3181,4249,434,197,276,Medial vestibular nucleus,left
581,3969,3823,432,269,237,Magnocellular reticular nucleus,left
578,3338,4317,435,212,281,Parvicellular reticular nucleus,left
578,3574,3816,435,234,238,Gigantocellular reticular nucleus,left
578,3600,3912,435,236,246,Gigantocellular reticular nucleus,left
578,3947,4038,433,267,255,Gigantocellular reticular nucleus,left
578,4057,3996,432,277,251,Magnocellular reticular nucleus,left
578,4183,3671,431,288,223,pyramid,right
578,3665,2992,432,242,169,Parvicellular reticular nucleus,right
578,3744,3156,432,250,182,Intermediate reticular nucleus,right
578,3752,4471,432,252,293,Parvicellular reticular nucleus,left
579,3950,4022,433,267,254,Gigantocellular reticular nucleus,left
579,3920,4023,433,265,254,Gigantocellular reticular nucleus,left
579,3824,3934,434,256,247,Gigantocellular reticular nucleus,left
582,3511,3952,434,228,249,Gigantocellular reticular nucleus,left
582,3787,4012,433,253,254,Gigantocellular reticular nucleus,left
582,3897,3662,433,262,224,Magnocellular reticular nucleus,right
582,3993,4039,432,271,255,"Paragigantocellular reticular nucleus, lateral part",left
582,2554,3381,441,134,204,Lobule II,right
582,3233,4498,434,203,297,Medial vestibular nucleus,left
582,3264,4388,434,205,287,Medial vestibular nucleus,left
582,3843,3961,433,257,249,Gigantocellular reticular nucleus,left
582,3915,4027,432,264,254,Gigantocellular reticular nucleus,left
582,3925,3944,432,265,248,Gigantocellular reticular nucleus,left
583,3110,3254,434,189,192,Medial vestibular nucleus,right
585,3055,4425,435,185,292,Lateral vestibular nucleus,left
585,3237,4500,434,203,297,Medial vestibular nucleus,left
585,3321,4382,433,211,287,Parvicellular reticular nucleus,left
585,3891,3660,432,261,224,Magnocellular reticular nucleus,right
585,2802,3605,436,158,223,Lobule II,right
585,3275,4137,433,206,266,Medial vestibular nucleus,left
587,3249,4472,433,204,295,Medial vestibular nucleus,left
587,3246,4440,433,204,292,Medial vestibular nucleus,left
587,3280,4359,433,206,285,Medial vestibular nucleus,left
587,2844,3601,435,164,223,Lingula (I),right
587,3497,3816,433,227,238,Gigantocellular reticular nucleus,left
587,3996,3702,431,271,226,Nucleus raphe magnus,right
587,4012,3724,431,272,228,Nucleus raphe magnus,right
589,3817,4058,432,255,258,Gigantocellular reticular nucleus,left
589,3265,3146,432,204,184,Medial vestibular nucleus,right
586,3919,3946,431,264,248,Gigantocellular reticular nucleus,left
586,3206,4113,433,199,264,Medial vestibular nucleus,left
586,3272,4292,433,206,279,Medial vestibular nucleus,left
592,3611,3994,432,237,253,Gigantocellular reticular nucleus,left
588,3641,3762,433,240,234,Gigantocellular reticular nucleus,left
588,3177,4000,433,196,255,Medial vestibular nucleus,left
588,3246,4453,433,204,293,Medial vestibular nucleus,left
588,3822,3386,431,256,202,Gigantocellular reticular nucleus,right
588,3845,3746,432,258,231,Gigantocellular reticular nucleus,left
588,3120,3972,433,191,253,Medial vestibular nucleus,left
588,3824,4059,432,256,258,Gigantocellular reticular nucleus,left
588,3244,4048,433,203,259,Medulla,left
590,3808,4029,431,255,255,Gigantocellular reticular nucleus,left
590,3460,3631,432,224,223,Gigantocellular reticular nucleus,right
590,3681,3956,432,243,249,Gigantocellular reticular nucleus,left
590,3811,3443,430,255,206,Gigantocellular reticular nucleus,right
590,2827,3604,434,161,223,Lobule II,right
590,3080,2837,433,185,157,Lateral vestibular nucleus,right
590,3602,3345,431,236,200,Gigantocellular reticular nucleus,right
590,1977,3384,449,78,206,Lobule III,right
590,2753,3437,436,153,209,Lobule II,right
590,2791,3605,435,157,223,Lobule II,right
590,3264,4428,432,205,290,Medial vestibular nucleus,left
590,3482,3543,432,226,216,Gigantocellular reticular nucleus,right
590,3554,3401,431,232,204,Gigantocellular reticular nucleus,right
591,2732,3432,436,152,209,Lobule II,right
591,1659,3333,452,45,202,Lobules IV-V,right
594,3542,3848,432,230,241,Gigantocellular reticular nucleus,left
594,3920,3906,430,264,244,Magnocellular reticular nucleus,left
594,3149,3325,432,193,199,Medial vestibular nucleus,right
594,3307,3010,431,208,172,Parvicellular reticular nucleus,right
594,3682,3927,432,244,247,Gigantocellular reticular nucleus,left
594,3764,3897,431,250,244,Gigantocellular reticular nucleus,left
594,3293,2964,431,205,168,Medial vestibular nucleus,right
594,3342,2943,431,210,166,Parvicellular reticular nucleus,right
594,3373,3351,432,215,200,Medulla,right
593,3893,3960,431,261,249,Gigantocellular reticular nucleus,left
593,3078,2838,433,185,157,Lateral vestibular nucleus,right
593,3175,4284,433,197,279,Medial vestibular nucleus,left
593,3222,3304,432,201,196,Medial vestibular nucleus,right
593,3231,4202,432,201,272,Medial vestibular nucleus,left
593,3258,4178,432,205,269,Medial vestibular nucleus,left
593,3258,4148,432,205,267,Medial vestibular nucleus,left
593,3482,3548,432,226,217,Gigantocellular reticular nucleus,right
593,3775,3335,430,252,198,Gigantocellular reticular nucleus,right
593,3796,3976,431,254,251,Gigantocellular reticular nucleus,left
593,3853,3926,431,258,246,Gigantocellular reticular nucleus,left
593,3435,4111,432,221,263,Intermediate reticular nucleus,left
593,3441,3218,431,221,189,Intermediate reticular nucleus,right
593,3510,3997,432,228,254,Gigantocellular reticular nucleus,left
595,3663,3903,431,241,245,Gigantocellular reticular nucleus,left
595,3264,4193,431,205,270,Medial vestibular nucleus,left
595,3329,3936,431,210,249,Abducens nucleus,left
595,3539,3398,431,231,204,Gigantocellular reticular nucleus,right
595,3620,4032,431,238,256,Gigantocellular reticular nucleus,left
595,1947,3374,448,76,206,Lobules IV-V,right
595,3754,3429,430,249,205,Gigantocellular reticular nucleus,right
600,3490,3819,430,226,239,Gigantocellular reticular nucleus,left
596,3695,3973,430,245,251,Gigantocellular reticular nucleus,left
596,3636,3764,431,239,234,crossed tectospinal pathway,left
596,3304,4230,431,208,273,Medulla,left
596,3367,3003,430,213,171,Parvicellular reticular nucleus,right
597,3144,4125,432,194,266,Medial vestibular nucleus,left
597,2754,3435,435,153,209,Lobule II,right
597,3132,3304,431,192,196,Medial vestibular nucleus,right
597,3602,3921,431,236,247,Gigantocellular reticular nucleus,left
597,3790,3474,430,252,209,Gigantocellular reticular nucleus,right
597,3138,4123,432,192,266,Medial vestibular nucleus,left
597,3396,4097,431,218,263,Intermediate reticular nucleus,left
597,3720,3960,430,247,250,Gigantocellular reticular nucleus,left
597,3906,3604,429,262,219,Magnocellular reticular nucleus,right
598,3598,3509,431,236,213,Gigantocellular reticular nucleus,right
598,3699,3915,431,245,246,Gigantocellular reticular nucleus,left
598,3095,2801,432,188,153,Lateral vestibular nucleus,right
598,1589,3375,452,36,205,Lobules IV-V,right
598,3193,4117,431,197,264,Medial vestibular nucleus,left
598,3227,3019,431,200,173,Medial vestibular nucleus,right
598,3242,3000,431,201,171,Medial vestibular nucleus,right
598,3587,3517,431,235,213,Gigantocellular reticular nucleus,right
598,3699,4005,430,245,253,Gigantocellular reticular nucleus,left
598,3760,4000,430,250,253,Gigantocellular reticular nucleus,left
598,4160,3681,427,285,223,pyramid,right
601,3775,3861,429,251,241,Gigantocellular reticular nucleus,left
601,3176,4396,431,197,289,Medial vestibular nucleus,left
601,3540,4003,430,230,254,Gigantocellular reticular nucleus,left
601,3589,4068,430,235,259,Intermediate reticular nucleus,left
601,3764,4006,429,250,253,Gigantocellular reticular nucleus,left
601,3322,4319,430,211,282,Parvicellular reticular nucleus,left
601,3484,3921,430,226,248,Gigantocellular reticular nucleus,left
601,3613,3734,430,237,232,crossed tectospinal pathway,left
599,3257,4107,431,204,264,Medial vestibular nucleus,left
599,3704,4062,430,245,258,Gigantocellular reticular nucleus,left
603,3820,3853,429,255,240,Gigantocellular reticular nucleus,left
603,3631,3764,430,238,234,crossed tectospinal pathway,left
603,3715,3768,430,245,233,crossed tectospinal pathway,left
603,3138,4045,431,192,260,Medial vestibular nucleus,left
603,3266,4307,431,205,281,Medial vestibular nucleus,left
603,3599,3939,430,236,248,Gigantocellular reticular nucleus,left
603,3060,4221,431,185,275,Medial vestibular nucleus,left
603,3492,3934,430,226,249,Gigantocellular reticular nucleus,left
604,1636,3328,451,42,201,Lobules IV-V,right
604,1591,3388,451,36,206,Lobules IV-V,right
604,3207,4314,431,200,281,Medial vestibular nucleus,left
604,3552,3967,430,231,251,Gigantocellular reticular nucleus,left
604,3565,3961,430,232,251,Gigantocellular reticular nucleus,left
604,3912,3819,428,263,238,Magnocellular reticular nucleus,left
604,3155,3347,430,193,201,Sublaterodorsal nucleus,right
604,3753,3782,429,249,235,Gigantocellular reticular nucleus,left
604,3734,3764,430,248,233,crossed tectospinal pathway,left
604,3229,4589,431,202,305,Medulla,left
602,2740,3491,434,152,214,Lobule II,right
602,3840,3735,429,256,231,Gigantocellular reticular nucleus,left
602,2777,3438,434,156,209,Lobule II,right
610,2979,4346,431,178,286,Medulla,left
610,3712,3011,425,246,171,Intermediate reticular nucleus,right
610,2770,3434,432,156,209,Lobule II,right
610,3007,4576,431,182,305,Lateral vestibular nucleus,left
610,3311,4173,428,209,269,Medulla,left
610,3838,3743,427,256,231,Gigantocellular reticular nucleus,left
605,3259,4112,429,204,264,Medulla,left
605,3599,3452,429,236,208,Gigantocellular reticular nucleus,right
605,3790,3776,428,252,234,Gigantocellular reticular nucleus,left
605,3833,3957,428,256,249,Gigantocellular reticular nucleus,left
605,3852,3324,426,258,197,Gigantocellular reticular nucleus,right
605,2951,4111,431,174,266,Locus ceruleus,left
605,3219,4308,430,201,281,Medial vestibular nucleus,left
605,3598,3949,429,236,249,Gigantocellular reticular nucleus,left
605,2749,3488,433,153,214,Lobule II,right
605,3194,4292,430,199,279,Medial vestibular nucleus,left
605,3475,4125,429,224,264,Intermediate reticular nucleus,left
605,3875,3705,428,259,227,Nucleus raphe magnus,right
606,2756,3487,433,153,214,Lobule II,right
606,3139,4019,430,192,258,Sublaterodorsal nucleus,left
606,3150,4551,431,195,302,Lateral vestibular nucleus,left
606,3570,3371,428,234,202,Gigantocellular reticular nucleus,right
606,2933,4069,431,172,263,Pons,left
606,3438,4055,429,221,258,Intermediate reticular nucleus,left
606,3835,3860,428,256,241,Gigantocellular reticular nucleus,left
607,3211,4433,430,200,292,Medial vestibular nucleus,left
607,3593,3990,429,234,253,Gigantocellular reticular nucleus,left
607,3520,4059,429,229,259,Intermediate reticular nucleus,left
607,3572,3364,428,234,201,Gigantocellular reticular nucleus,right
607,3781,3395,427,251,203,Gigantocellular reticular nucleus,right
607,3794,3356,427,254,199,Gigantocellular reticular nucleus,right
607,3548,3822,429,231,239,Gigantocellular reticular nucleus,left
608,3871,4170,427,261,267,Intermediate reticular nucleus,left
611,3163,4147,429,195,268,Medial vestibular nucleus,left
611,1597,3384,449,38,206,Lobules IV-V,right
611,1638,3578,449,43,222,Lobules IV-V,right
611,3515,3977,428,228,252,Gigantocellular reticular nucleus,left
611,3860,3934,427,258,247,Gigantocellular reticular nucleus,left
611,2804,3476,432,158,212,Lobule II,right
611,3655,3692,428,240,228,Gigantocellular reticular nucleus,right
609,1647,3405,450,43,207,Lobules IV-V,right
609,3227,3255,429,200,192,Medial vestibular nucleus,right
609,3247,4266,430,203,277,Medial vestibular nucleus,left
609,3547,3824,429,231,239,Gigantocellular reticular nucleus,left
609,2414,4993,438,121,347,Simple lobule,left
609,3267,2647,429,203,140,vestibular nerve,right
609,3281,4171,429,206,269,Medulla,left
609,3524,3853,429,229,241,Gigantocellular reticular nucleus,left
609,3837,3743,428,256,231,Gigantocellular reticular nucleus,left
616,2419,4969,436,122,346,Simple lobule,left
616,2261,2825,441,107,155,Lobules IV-V,right
616,3809,4103,425,254,261,Gigantocellular reticular nucleus,left
616,3864,3684,426,258,227,Nucleus raphe magnus,right
616,3432,4028,427,221,256,Gigantocellular reticular nucleus,left
618,2309,2982,440,112,170,Lobules IV-V,right
618,3932,3138,423,266,180,Facial motor nucleus,right
618,3025,4361,430,182,286,Medial vestibular nucleus,left
618,4019,4044,424,273,256,Parapyramidal nucleus,left
618,2426,4952,436,122,344,Simple lobule,left
612,3158,4188,429,195,271,Medial vestibular nucleus,left
612,3639,4225,427,239,272,Intermediate reticular nucleus,left
612,2290,3547,440,109,221,Lobule III,right
612,3674,4129,427,242,264,Intermediate reticular nucleus,left
612,3828,3278,425,256,193,Gigantocellular reticular nucleus,right
613,1635,3321,449,42,201,Lobules IV-V,right
613,3682,4128,427,244,264,Intermediate reticular nucleus,left
613,2401,4988,438,119,347,Simple lobule,left
613,2778,3434,432,156,209,Lobule II,right
613,3514,3478,428,228,211,Gigantocellular reticular nucleus,right
613,3802,3955,427,253,249,Gigantocellular reticular nucleus,left
613,3439,3934,428,221,249,Gigantocellular reticular nucleus,left
613,3589,3864,428,234,242,Gigantocellular reticular nucleus,left
613,3615,3581,428,237,218,Gigantocellular reticular nucleus,right
613,2788,3479,432,157,212,Lobule II,right
613,2790,3435,432,157,209,Lobule II,right
613,2810,3474,432,159,212,Lobule II,right
614,3251,4005,428,203,255,genu of the facial nerve,left
614,3428,3833,428,220,241,Gigantocellular reticular nucleus,left
614,1603,3387,449,38,206,Lobules IV-V,right
614,2799,3475,432,158,212,Lobule II,right
614,3792,3618,427,252,221,Gigantocellular reticular nucleus,right
614,3801,3985,427,253,252,Gigantocellular reticular nucleus,left
617,3632,3846,427,239,241,Gigantocellular reticular nucleus,left
617,3781,3639,426,250,223,Gigantocellular reticular nucleus,right
617,3725,3777,427,246,234,crossed tectospinal pathway,left
617,3806,3774,426,252,234,Gigantocellular reticular nucleus,left
615,2986,4344,430,179,286,Medial vestibular nucleus,left
615,3963,4096,424,268,261,Gigantocellular reticular nucleus,left
615,3334,4415,427,212,289,Parvicellular reticular nucleus,left
615,3789,3623,426,252,222,Gigantocellular reticular nucleus,right
615,3800,3395,425,253,203,Gigantocellular reticular nucleus,right
623,3625,3780,426,237,235,crossed tectospinal pathway,left
623,3878,3855,424,259,240,Gigantocellular reticular nucleus,left
623,3892,3572,424,260,217,Magnocellular reticular nucleus,right
623,2047,3417,442,85,209,Lobule III,right
623,3532,4184,426,230,269,Intermediate reticular nucleus,left
621,1634,3322,447,42,201,Lobules IV-V,right
621,3978,3025,421,270,171,Facial motor nucleus,right
621,3193,4219,427,197,274,Medial vestibular nucleus,left
621,3414,3934,426,218,249,Gigantocellular reticular nucleus,left
621,3645,3842,426,239,240,Gigantocellular reticular nucleus,left
625,3742,3547,424,247,216,Gigantocellular reticular nucleus,right
620,3286,4100,427,206,263,facial nerve,left
620,3695,3662,426,244,225,Gigantocellular reticular nucleus,right
620,3784,3847,425,251,240,Gigantocellular reticular nucleus,left
620,3154,4457,428,194,294,Medial vestibular nucleus,left
620,3184,4218,427,197,273,Medial vestibular nucleus,left
619,3038,4068,428,182,261,Sublaterodorsal nucleus,left
619,3572,4444,425,234,291,Parvicellular reticular nucleus,left
619,3763,3860,426,249,242,Gigantocellular reticular nucleus,left
622,2957,4145,428,175,269,Locus ceruleus,left
622,3753,3274,424,249,193,"Pontine reticular nucleus, caudal part",right
622,3798,4397,423,255,287,Intermediate reticular nucleus,left
622,2247,2814,440,106,154,Lobules IV-V,right
622,3657,3841,426,241,240,Gigantocellular reticular nucleus,left
622,3885,3550,424,260,215,Magnocellular reticular nucleus,right
627,2016,3408,442,82,209,Lobule III,right
627,3538,3848,425,229,242,Gigantocellular reticular nucleus,left
627,2146,3422,440,95,210,Lobule III,right
627,2945,4321,428,175,284,Parabrachial nucleus,left
627,3715,3928,424,245,247,Gigantocellular reticular nucleus,left
627,3228,4203,426,201,272,Medial vestibular nucleus,left
627,3589,3923,425,234,248,Gigantocellular reticular nucleus,left
627,3634,3833,425,238,240,Gigantocellular reticular nucleus,left
627,3871,3980,423,259,251,Gigantocellular reticular nucleus,left
627,2241,2808,439,105,154,Lobules IV-V,right
627,3405,3558,426,217,218,Gigantocellular reticular nucleus,right
627,3848,4302,422,259,278,Facial motor nucleus,left
627,3987,3646,422,268,223,Gigantocellular reticular nucleus,right
624,2434,4933,435,124,343,Simple lobule,left
624,3861,3871,425,258,242,Gigantocellular reticular nucleus,left
624,3911,4006,424,263,252,Gigantocellular reticular nucleus,left
624,3929,3330,423,264,196,Gigantocellular reticular nucleus,right
626,3952,3525,422,265,213,Magnocellular reticular nucleus,right
626,2988,4256,428,178,277,Medial vestibular nucleus,left
626,3233,3220,425,201,190,Pons,right
626,3318,3154,425,208,184,Medulla,right
626,3008,3153,427,179,184,Medial vestibular nucleus,right
626,3721,3347,423,246,200,"Pontine reticular nucleus, caudal part",right
626,3825,3385,423,255,202,Gigantocellular reticular nucleus,right
626,2325,3025,437,112,173,Lobule III,right
626,3972,4068,422,268,257,Gigantocellular reticular nucleus,left
628,3767,3698,424,249,228,Gigantocellular reticular nucleus,right
628,3764,3858,424,249,242,Gigantocellular reticular nucleus,left
628,1957,3385,442,77,207,Lobule III,right
628,3014,4477,428,182,296,Parabrachial nucleus,left
631,1736,3411,444,53,209,Lobules IV-V,right
629,2434,4929,434,124,342,Simple lobule,left
629,3888,4276,422,262,276,Facial motor nucleus,left
629,4096,3713,422,278,227,Nucleus raphe pallidus,right
629,3169,4198,426,196,272,Medial vestibular nucleus,left
629,3476,4054,425,224,258,"Pontine reticular nucleus, caudal part",left
634,3471,3998,424,224,254,"Pontine reticular nucleus, caudal part",left
634,2417,4947,433,121,344,Simple lobule,left
634,3174,4165,425,196,269,Medial vestibular nucleus,left
634,3994,3414,421,270,203,Parapyramidal nucleus,right
634,3701,4051,423,244,258,"Pontine reticular nucleus, caudal part",left
634,3731,3570,423,246,218,Gigantocellular reticular nucleus,right
634,3918,4028,422,263,255,Gigantocellular reticular nucleus,left
634,3484,4276,424,225,277,facial nerve,left
630,3926,3575,422,263,217,Magnocellular reticular nucleus,right
630,2330,3041,436,112,175,Lobule III,right
630,3926,3498,421,263,211,Magnocellular reticular nucleus,right
633,3502,3929,424,226,248,"Pontine reticular nucleus, caudal part",left
633,3828,3201,421,256,187,Intermediate reticular nucleus,right
633,3915,3576,422,262,217,Magnocellular reticular nucleus,right
633,4038,3962,421,273,249,Magnocellular reticular nucleus,left
633,3411,3860,425,218,243,Gigantocellular reticular nucleus,left
633,3763,3702,423,249,228,Gigantocellular reticular nucleus,right
632,3803,3182,421,253,186,Intermediate reticular nucleus,right
632,3175,4199,425,196,272,Medial vestibular nucleus,left
632,3439,3823,425,220,240,Gigantocellular reticular nucleus,left
638,3621,3792,423,237,236,crossed tectospinal pathway,left
638,3523,3852,423,228,242,"Pontine reticular nucleus, caudal part",left
638,3839,3197,420,257,186,Intermediate reticular nucleus,right
638,2016,3405,440,81,208,Lobule III,right
638,3676,3817,423,241,238,Gigantocellular reticular nucleus,left
638,3688,4025,422,243,256,"Pontine reticular nucleus, caudal part",left
638,3782,3877,422,251,243,Gigantocellular reticular nucleus,left
638,3875,4047,421,259,257,"Pontine reticular nucleus, caudal part",left
638,2112,3415,438,91,209,Lobule III,right
638,3984,4055,420,269,256,Gigantocellular reticular nucleus,left
635,3910,3494,421,262,211,Magnocellular reticular nucleus,right
635,3048,4010,425,183,257,Sublaterodorsal nucleus,left
635,3647,3866,423,239,242,Gigantocellular reticular nucleus,left
635,3850,4088,421,257,260,"Pontine reticular nucleus, caudal part",left
635,3912,3484,420,262,210,Gigantocellular reticular nucleus,right
637,3423,3539,424,219,216,crossed tectospinal pathway,right
637,3435,4044,423,220,259,"Pontine reticular nucleus, caudal part",left
637,3894,3369,420,261,201,"Pontine reticular nucleus, caudal part",right
637,3934,3677,421,264,225,Medulla,right
637,3278,3336,424,205,200,"Pontine reticular nucleus, caudal part",right
636,3900,3974,421,261,251,Gigantocellular reticular nucleus,left
636,3920,3645,421,263,223,Magnocellular reticular nucleus,right
636,2419,4935,432,122,343,Simple lobule,left
636,3099,4211,425,189,273,Medial vestibular nucleus,left
636,3906,4145,420,262,265,"Pontine reticular nucleus, caudal part",left
636,3176,4105,424,195,264,Subceruleus nucleus,left
640,3782,3957,421,251,250,"Pontine reticular nucleus, caudal part",left
640,3809,3863,421,253,242,Gigantocellular reticular nucleus,left
640,3899,3893,420,261,243,Magnocellular reticular nucleus,left
647,1789,3400,441,58,208,Lobules IV-V,right
647,3066,4076,423,184,262,Sublaterodorsal nucleus,left
647,3592,4206,420,234,270,Intermediate reticular nucleus,left
639,3883,3216,419,261,187,Intermediate reticular nucleus,right
643,3563,3981,422,231,252,"Pontine reticular nucleus, caudal part",left
643,3410,3863,423,218,243,"Pontine reticular nucleus, caudal part",left
643,3425,3541,423,219,216,crossed tectospinal pathway,right
643,3645,4282,421,240,278,Intermediate reticular nucleus,left
643,3656,4292,421,240,278,Intermediate reticular nucleus,left
643,3859,4044,420,258,257,"Pontine reticular nucleus, caudal part",left
643,3770,3488,421,250,211,"Pontine reticular nucleus, caudal part",right
643,3184,4165,423,197,269,Pons,left
643,3479,3779,423,223,236,crossed tectospinal pathway,left
642,3499,4009,422,226,255,"Pontine reticular nucleus, caudal part",left
642,3690,4356,420,244,283,Intermediate reticular nucleus,left
642,3789,4107,420,252,263,"Pontine reticular nucleus, caudal part",left
642,3905,3685,420,260,227,Nucleus raphe magnus,right
642,3959,4095,419,267,261,"Pontine reticular nucleus, caudal part",left
641,3221,4233,423,200,275,Pons,left
641,3327,4007,423,209,256,"Pontine reticular nucleus, caudal part",left
641,3637,4370,420,239,285,facial nerve,left
641,3687,4079,421,243,260,"Pontine reticular nucleus, caudal part",left
641,3697,3891,421,243,244,"Pontine reticular nucleus, caudal part",left
641,3823,3627,420,254,222,Gigantocellular reticular nucleus,right
641,3972,4055,419,268,256,Gigantocellular reticular nucleus,left
641,1722,3397,442,51,208,Lobules IV-V,right
641,3531,3854,422,228,242,"Pontine reticular nucleus, caudal part",left
644,3735,3913,421,247,246,"Pontine reticular nucleus, caudal part",left
644,3165,4143,424,194,267,Subceruleus nucleus,left
644,3618,3828,422,236,239,"Pontine reticular nucleus, caudal part",left
654,2300,3429,433,109,210,Lobule III,right
654,2143,3557,435,94,223,Lobule III,right
654,3713,4054,419,245,258,"Pontine reticular nucleus, caudal part",left
648,3122,4047,423,190,260,Sublaterodorsal nucleus,left
645,3856,3421,419,257,205,"Pontine reticular nucleus, caudal part",right
645,2149,3420,436,95,211,Lobule III,right
645,3510,4009,421,227,255,"Pontine reticular nucleus, caudal part",left
646,3565,4170,421,232,269,Intermediate reticular nucleus,left
646,3395,3863,422,216,243,"Pontine reticular nucleus, caudal part",left
646,3741,3818,420,246,238,"Pontine reticular nucleus, caudal part",left
646,3793,4106,419,252,262,"Pontine reticular nucleus, caudal part",left
646,3862,4033,419,258,256,"Pontine reticular nucleus, caudal part",left
649,1739,3392,441,53,207,Lobules IV-V,right
649,1978,3597,438,78,226,Lobule III,right
649,3219,4084,422,200,263,Pons,left
649,3594,4009,421,235,255,"Pontine reticular nucleus, caudal part",left
653,3550,3570,420,230,219,crossed tectospinal pathway,right
653,2094,3413,436,90,210,Lobule III,right
650,3235,4205,421,201,272,Pons,left
650,3563,4067,420,231,259,"Pontine reticular nucleus, caudal part",left
650,2564,3116,429,134,181,Lobule II,right
650,3298,3492,421,207,213,"Pontine reticular nucleus, caudal part",right
661,3614,3800,418,235,238,"Pontine reticular nucleus, caudal part",left
661,3556,3943,418,230,249,"Pontine reticular nucleus, caudal part",left
661,1888,3578,437,69,224,Lobules IV-V,right
661,1943,3587,436,74,225,Lobule III,right
661,1951,3592,436,76,225,Lobule III,right
661,3877,3387,415,258,202,"Pontine reticular nucleus, caudal part",right
652,3002,4014,422,178,258,Pontine central gray,left
652,2869,3160,424,165,185,Parabrachial nucleus,right
652,2141,3557,435,94,223,Lobule III,right
651,3225,4234,422,200,275,Pons,left
651,3711,3221,418,245,189,"Pontine reticular nucleus, caudal part",right
651,3890,4060,417,260,258,"Pontine reticular nucleus, caudal part",left
651,3448,3614,421,221,223,Pons,right
651,3449,3607,421,221,223,Pons,right
651,3533,4101,420,229,262,"Pontine reticular nucleus, caudal part",left
655,3507,3528,419,227,215,"Pontine reticular nucleus, caudal part",right
655,3515,3142,418,226,183,Pons,right
655,2957,4093,422,174,264,Pontine central gray,left
655,3550,4565,417,231,301,Pons,left
655,3601,3853,419,234,242,"Pontine reticular nucleus, caudal part",left
655,3665,3953,419,240,250,"Pontine reticular nucleus, caudal part",left
656,3183,4009,421,196,257,Pons,left
657,3274,4161,420,205,269,Pons,left
657,3589,4050,419,233,258,"Pontine reticular nucleus, caudal part",left
657,3699,4092,418,243,261,"Pontine reticular nucleus, caudal part",left
657,3733,4234,417,248,273,Intermediate reticular nucleus,left
657,3307,3955,420,208,251,"Pontine reticular nucleus, caudal part",left
657,3605,4033,419,234,257,"Pontine reticular nucleus, caudal part",left
660,3600,2964,416,234,168,Parvicellular reticular nucleus,right
660,3687,3736,417,242,232,Pons,left
660,3859,4352,414,260,282,Pons,left
660,2331,3440,430,111,211,Lobule III,right
660,3125,3256,420,189,193,Pons,right
660,1953,3592,436,76,225,Lobule III,right
660,3228,3346,420,199,202,"Pontine reticular nucleus, caudal part",right
660,3929,3389,415,263,202,"Pontine reticular nucleus, caudal part",right
658,3460,4146,419,222,267,"Pontine reticular nucleus, caudal part",left
659,3241,4114,420,201,265,"Pontine reticular nucleus, caudal part",left
659,3276,3994,420,204,255,"Pontine reticular nucleus, caudal part",left
659,3865,3539,417,257,214,"Pontine reticular nucleus, caudal part",right
659,3240,4137,420,201,267,Pons,left
659,3917,3170,415,263,184,"Pontine reticular nucleus, caudal part",right
659,2323,3436,431,111,211,Lobule III,right
659,3078,3297,421,185,197,Sublaterodorsal nucleus,right
663,3067,4060,420,184,262,Pons,left
663,3312,3890,419,208,246,"Pontine reticular nucleus, caudal part",left
663,3627,3841,418,236,241,"Pontine reticular nucleus, caudal part",left
662,3848,3529,416,256,214,"Pontine reticular nucleus, caudal part",right
662,3780,3722,417,249,231,Gigantocellular reticular nucleus,left
662,1888,3577,437,69,224,Lobules IV-V,right
664,3069,3269,420,184,195,Pons,right
665,3931,4074,414,263,259,"Pontine reticular nucleus, caudal part",left
665,3618,2913,415,234,164,Parvicellular reticular nucleus,right
665,3627,3690,417,236,228,Pons,right
665,3580,4085,417,232,261,"Pontine reticular nucleus, caudal part",left
665,4086,4115,412,278,261,"Superior olivary complex, medial part",left
665,3275,3262,418,204,194,"Pontine reticular nucleus, caudal part",right
665,4089,4131,412,278,262,"Superior olivary complex, medial part",left
667,3012,4033,420,179,260,Pontine central gray,left
667,3486,3505,418,224,213,"Pontine reticular nucleus, caudal part",right
667,3676,4081,416,241,260,"Pontine reticular nucleus, caudal part",left
667,3822,4105,415,254,262,"Pontine reticular nucleus, caudal part",left
666,3251,4008,419,202,257,"Pontine reticular nucleus, caudal part",left
666,3564,4060,417,231,259,"Pontine reticular nucleus, caudal part",left
666,3025,4069,420,180,263,Pons,left
666,3183,4142,419,196,267,Pons,left
668,3913,3929,414,261,247,"Pontine reticular nucleus, caudal part",left
668,3238,4016,419,200,257,"Pontine reticular nucleus, caudal part",left
670,3085,3294,419,185,198,Pontine central gray,right
670,3674,3730,416,240,231,Pons,left
670,3708,3919,415,244,248,"Pontine reticular nucleus, caudal part",left
669,3287,3266,418,205,194,"Pontine reticular nucleus, caudal part",right
669,2326,3439,429,111,212,Lobule II,right
669,2338,3442,429,112,212,Lobule II,right
669,3304,3550,419,207,218,"Pontine reticular nucleus, caudal part",right
669,3822,4106,415,254,262,"Pontine reticular nucleus, caudal part",left
671,2415,4114,426,122,270,Cerebellum,left
673,3709,3922,415,244,248,"Pontine reticular nucleus, caudal part",left
673,3095,3281,418,187,195,Pons,right
674,2797,4056,421,158,262,Parabrachial nucleus,left
674,3075,4125,419,185,267,Pons,left
674,3282,3268,417,205,194,"Pontine reticular nucleus, caudal part",right
674,3469,3863,417,223,243,"Pontine reticular nucleus, caudal part",left
674,3552,4182,416,230,270,"Pontine reticular nucleus, caudal part",left
675,3078,4005,418,184,257,Pontine central gray,left
675,3676,3725,415,240,231,Pons,left
675,3830,3100,411,255,179,Pons,right
675,3724,3822,414,245,239,"Pontine reticular nucleus, caudal part",left
675,3088,4016,417,186,257,Pons,left
675,3867,3859,413,256,242,"Pontine reticular nucleus, caudal part",left
676,3181,4017,417,194,257,"Pontine reticular nucleus, caudal part",left
676,3928,4169,411,264,267,"Pontine reticular nucleus, caudal part",left
678,3102,4070,417,187,263,Pons,left
678,3186,4089,417,196,263,"Pontine reticular nucleus, caudal part",left
678,3791,3765,414,250,234,"Pontine reticular nucleus, caudal part",left
679,3808,3185,412,253,186,"Pontine reticular nucleus, caudal part",right
677,3915,3209,411,262,187,"Pontine reticular nucleus, caudal part",right
677,2894,3971,419,167,255,Laterodorsal tegmental nucleus,left
677,3636,4003,415,237,254,"Pontine reticular nucleus, caudal part",left
677,3818,3651,413,252,224,"Pontine reticular nucleus, caudal part",right
680,3009,3251,417,178,193,Pons,right
680,3643,4045,413,237,258,"Pontine reticular nucleus, caudal part",left
680,2953,4505,419,175,299,Parabrachial nucleus,left
681,3851,4030,411,256,255,"Pontine reticular nucleus, caudal part",left
681,3810,3183,411,253,186,"Pontine reticular nucleus, caudal part",right
681,3751,3747,413,247,233,"Pontine reticular nucleus, caudal part",left
682,3078,4054,417,184,261,Pons,left
682,3564,3916,414,230,247,"Pontine reticular nucleus, caudal part",left
682,3040,4185,417,182,272,Pons,left
682,3556,3561,414,229,218,crossed tectospinal pathway,right
682,2846,3141,419,162,184,superior cerebelar peduncles,right
683,3494,4039,415,225,258,"Pontine reticular nucleus, caudal part",left
683,3453,3456,415,220,210,"Pontine reticular nucleus, caudal part",right
683,2383,4352,426,121,292,Cerebellum,left
683,3813,3239,411,253,190,"Pontine reticular nucleus, caudal part",right
683,3513,3534,415,226,217,crossed tectospinal pathway,right
683,3750,3746,413,247,233,"Pontine reticular nucleus, caudal part",left
683,3960,3723,411,265,230,Medulla,left
684,3751,3133,411,247,182,"Pontine reticular nucleus, caudal part",right
685,3581,3932,413,231,249,"Pontine reticular nucleus, caudal part",left
685,3749,3748,412,246,233,"Pontine reticular nucleus, caudal part",left
685,3069,4084,416,185,264,Pons,left
686,3859,3521,410,256,214,"Pontine reticular nucleus, caudal part",right
686,2804,4246,419,159,279,Parabrachial nucleus,left
686,3448,4178,414,220,269,"Pontine reticular nucleus, caudal part",left
686,3512,4052,413,226,259,"Pontine reticular nucleus, caudal part",left
686,4098,3730,409,277,229,trapezoid body,left
686,3125,4007,416,189,257,Pons,left
690,3084,4135,415,186,268,Pons,left
690,2799,4251,418,159,279,Parabrachial nucleus,left
690,3443,4179,413,219,269,"Pontine reticular nucleus, caudal part",left
690,3515,4048,412,226,259,"Pontine reticular nucleus, caudal part",left
690,3575,3471,412,231,211,"Pontine reticular nucleus, caudal part",right
690,4096,3737,408,277,230,trapezoid body,left
690,3182,3371,414,195,204,"Pontine reticular nucleus, caudal part",right
690,3811,3262,409,253,192,"Pontine reticular nucleus, caudal part",right
692,3476,3443,413,222,209,"Pontine reticular nucleus, caudal part",right
692,3301,3365,414,206,203,"Pontine reticular nucleus, caudal part",right
692,3392,4145,413,214,267,"Pontine reticular nucleus, caudal part",left
692,2685,4017,418,146,260,trochlear nerve,left
691,3062,4008,415,183,258,Pons,left
691,3413,3568,413,216,219,"Pontine reticular nucleus, caudal part",right
691,3197,4078,414,196,262,"Pontine reticular nucleus, caudal part",left
691,3756,4151,410,247,266,"Pontine reticular nucleus, caudal part",left
693,3274,3890,414,203,247,"Pontine reticular nucleus, caudal part",left
693,3434,4153,413,219,267,"Pontine reticular nucleus, caudal part",left
693,3591,3469,412,232,211,"Pontine reticular nucleus, caudal part",right
693,3580,3858,412,231,243,"Pontine reticular nucleus, caudal part",left
689,3383,4129,414,214,265,"Pontine reticular nucleus, caudal part",left
689,3425,4131,414,218,265,"Pontine reticular nucleus, caudal part",left
689,3426,4130,414,218,265,"Pontine reticular nucleus, caudal part",left
689,3510,3533,414,226,217,crossed tectospinal pathway,right
689,3554,3562,413,229,219,crossed tectospinal pathway,right
696,3268,4037,413,202,259,"Pontine reticular nucleus, caudal part",left
696,3539,4019,411,228,257,"Pontine reticular nucleus, caudal part",left
696,3795,3114,408,252,180,"Pontine reticular nucleus, caudal part",right
696,3337,3387,413,209,205,"Pontine reticular nucleus, caudal part",right
694,3782,4189,409,251,269,"Pontine reticular nucleus, caudal part",left
694,3895,3754,409,259,232,"Pontine reticular nucleus, caudal part",left
698,3601,3466,411,233,210,"Pontine reticular nucleus, caudal part",right
698,3484,3986,412,223,254,"Pontine reticular nucleus, caudal part",left
698,3887,4040,408,259,256,"Pontine reticular nucleus, caudal part",left
699,3216,4077,413,198,262,"Pontine reticular nucleus, caudal part",left
699,3503,4138,411,225,266,"Pontine reticular nucleus, caudal part",left
699,3656,3737,411,238,233,Pons,left
700,2978,4034,414,174,260,Laterodorsal tegmental nucleus,left
700,3299,4031,412,206,258,"Pontine reticular nucleus, caudal part",left
700,2865,3276,415,163,196,Laterodorsal tegmental nucleus,right
700,3026,4579,414,182,305,Koelliker-Fuse subnucleus,left
700,3652,4160,409,238,268,"Pontine reticular nucleus, caudal part",left
702,3143,4098,413,190,265,"Pontine reticular nucleus, caudal part",left
702,3664,3619,409,239,223,Pons,right
702,3458,3183,410,220,188,"Pontine reticular nucleus, caudal part",right
702,3496,3938,411,224,250,"Pontine reticular nucleus, caudal part",left
704,3165,4124,413,193,266,"Pontine reticular nucleus, caudal part",left
704,3882,4039,407,259,256,"Pontine reticular nucleus, caudal part",left
704,3646,4091,409,238,261,"Pontine reticular nucleus, caudal part",left
704,3691,3817,409,241,239,"Pontine reticular nucleus, caudal part",left
701,3834,3182,406,255,186,"Pontine reticular nucleus, caudal part",right
701,2959,4069,414,173,264,Pons,left
703,3788,4090,408,250,261,"Pontine reticular nucleus, caudal part",left
705,3039,4049,413,180,261,Pons,left
705,3397,4039,410,215,258,"Pontine reticular nucleus, caudal part",left
705,3604,3546,409,233,218,crossed tectospinal pathway,right
705,3583,3179,408,232,187,"Pontine reticular nucleus, caudal part",right
707,3728,3553,408,244,217,"Pontine reticular nucleus, caudal part",right
707,3431,3553,410,217,218,"Pontine reticular nucleus, caudal part",right
707,2930,3030,413,169,174,superior cerebelar peduncles,right
707,3392,3822,411,214,241,crossed tectospinal pathway,left
707,3500,3883,410,224,246,"Pontine reticular nucleus, caudal part",left
707,3664,3895,408,239,246,"Pontine reticular nucleus, caudal part",left
706,3350,3328,410,210,200,"Pontine reticular nucleus, caudal part",right
706,3395,3348,410,215,202,"Pontine reticular nucleus, caudal part",right
706,3844,3671,406,255,226,Nucleus raphe magnus,right
706,3917,3856,406,260,241,"Pontine reticular nucleus, caudal part",left
706,4006,4003,405,269,253,trapezoid body,left
711,3075,4053,411,184,261,Pons,left
711,2701,3986,414,147,258,Periaqueductal gray,left
711,3863,3761,405,256,234,"Pontine reticular nucleus, caudal part",left
708,3674,3971,408,240,252,"Pontine reticular nucleus, caudal part",left
708,3393,3306,410,213,198,"Pontine reticular nucleus, caudal part",right
708,3798,4078,407,251,260,"Pontine reticular nucleus, caudal part",left
709,3021,4057,413,179,262,Pons,left
709,3806,3337,406,251,199,"Pontine reticular nucleus, caudal part",right
709,3890,3675,406,258,226,Nucleus raphe magnus,right
709,3727,3567,408,244,218,"Pontine reticular nucleus, caudal part",right
709,3112,3872,412,187,246,Pons,left
710,3862,3664,405,256,225,Pons,right
710,3921,4003,404,262,253,"Pontine reticular nucleus, caudal part",left
710,3943,3388,404,263,202,"Pontine reticular nucleus, caudal part",right
710,3926,4045,404,262,257,"Pontine reticular nucleus, caudal part",left
710,3627,4184,407,236,270,"Pontine reticular nucleus, caudal part",left
715,2473,4617,418,128,315,Lobules IV-V,left
715,3531,4193,407,227,270,"Pontine reticular nucleus, caudal part",left
715,3344,4081,409,210,262,"Pontine reticular nucleus, caudal part",left
715,3374,3838,409,212,242,"Pontine reticular nucleus, caudal part",left
715,3643,3596,407,236,222,Pons,right
713,3435,3426,409,218,208,"Pontine reticular nucleus, caudal part",right
713,3176,4125,411,194,266,"Pontine reticular nucleus, caudal part",left
713,3625,2945,406,234,167,Pons,right
713,3758,4160,406,248,267,"Pontine reticular nucleus, caudal part",left
713,3822,3121,404,254,181,lateral lemniscus,right
713,3150,4093,411,191,264,"Pontine reticular nucleus, caudal part",left
720,3229,2818,408,196,156,Supratrigeminal nucleus,right
720,3014,3430,411,177,209,Pontine central gray,right
720,3016,4208,410,179,275,Parabrachial nucleus,left
720,3027,4072,410,179,263,Pons,left
720,3671,3112,404,239,181,"Pontine reticular nucleus, caudal part",right
714,3429,4155,409,217,267,"Pontine reticular nucleus, caudal part",left
714,3541,3270,408,227,195,"Pontine reticular nucleus, caudal part",right
714,3698,3804,407,242,238,"Pontine reticular nucleus, caudal part",left
714,3907,3356,404,261,199,"Pontine reticular nucleus, caudal part",right
714,3120,4114,411,189,266,"Pontine reticular nucleus, caudal part",left
716,3466,3320,408,220,200,"Pontine reticular nucleus, caudal part",right
716,2464,4628,418,127,316,Lobules IV-V,left
716,2501,3226,417,127,193,Periaqueductal gray,right
716,2517,4765,416,131,328,Simple lobule,left
717,3051,2999,410,180,172,Parabrachial nucleus,right
717,3337,3530,409,209,217,"Pontine reticular nucleus, caudal part",right
717,3521,4534,406,228,299,Pons,left
717,3593,3551,407,232,218,"Pontine reticular nucleus, caudal part",right
717,3639,3737,407,236,233,Pons,left
717,2444,4656,418,126,318,Lobules IV-V,left
717,2763,3796,413,152,242,Laterodorsal tegmental nucleus,left
719,3343,3553,409,209,219,"Pontine reticular nucleus, caudal part",right
719,2032,4477,425,86,303,"Inferior colliculus, external nucleus",left
719,3666,3118,405,238,181,"Pontine reticular nucleus, caudal part",right
718,2514,4767,416,131,328,Simple lobule,left
718,3390,4156,409,214,268,"Pontine reticular nucleus, caudal part",left
727,3756,4297,402,248,279,lateral lemniscus,left
727,3347,3461,407,210,212,"Pontine reticular nucleus, caudal part",right
727,3883,3821,402,258,239,"Pontine reticular nucleus, caudal part",left
727,2500,4771,414,130,329,Simple lobule,left
727,3665,3631,404,238,224,Pons,right
721,2999,4072,410,176,264,Pons,left
721,3060,4513,411,185,300,Koelliker-Fuse subnucleus,left
721,3110,3349,409,187,203,Pons,right
721,3230,2827,408,196,157,Supratrigeminal nucleus,right
724,3125,4100,409,189,265,"Pontine reticular nucleus, caudal part",left
724,2444,4650,417,126,319,Simple lobule,left
724,3430,4086,407,217,262,"Pontine reticular nucleus, caudal part",left
724,3564,4311,406,231,280,Pons,left
722,3305,3927,408,205,250,"Pontine reticular nucleus, caudal part",left
722,2892,3255,411,165,194,Pons,right
722,3231,3517,409,198,216,"Pontine reticular nucleus, caudal part",right
722,2511,4765,415,131,328,Simple lobule,left
725,3241,4029,408,199,258,"Pontine reticular nucleus, caudal part",left
725,2448,4636,416,126,318,Simple lobule,left
725,2510,4762,414,131,328,Simple lobule,left
725,3228,2832,407,196,158,Supratrigeminal nucleus,right
723,3295,4108,408,205,265,"Pontine reticular nucleus, caudal part",left
723,3309,4106,408,207,264,"Pontine reticular nucleus, caudal part",left
723,3359,3300,407,211,198,"Pontine reticular nucleus, caudal part",right
726,2974,3226,409,173,192,Pons,right
726,3429,3327,406,216,200,"Pontine reticular nucleus, caudal part",right
731,2486,4347,415,129,292,Cuneiform nucleus,left
731,3832,3911,401,254,246,"Pontine reticular nucleus, caudal part",left
731,3227,4099,407,198,264,"Pontine reticular nucleus, caudal part",left
731,3777,3555,402,248,217,"Pontine reticular nucleus, caudal part",right
731,3187,3384,407,194,206,"Pontine reticular nucleus, caudal part",right
729,3081,3974,409,183,255,Midbrain reticular nucleus,left
729,3800,4074,402,251,260,"Pontine reticular nucleus, caudal part",left
729,3247,4031,408,200,258,"Pontine reticular nucleus, caudal part",left
730,3314,2767,406,204,152,Intertrigeminal nucleus,right
730,3021,3432,409,178,210,Midbrain reticular nucleus,right
730,3228,3447,407,198,211,"Pontine reticular nucleus, caudal part",right
730,3111,3104,407,186,181,Pons,right
732,3105,4026,408,186,259,Pons,left
732,3300,3604,407,205,223,Nucleus raphe pontis,right
732,3295,3529,407,205,217,"Pontine reticular nucleus, caudal part",right
732,2433,3997,414,121,261,Periaqueductal gray,left
733,3591,3731,404,231,232,Pons,left
733,3740,4122,402,246,264,"Pontine reticular nucleus, caudal part",left
733,3879,4174,400,258,268,"Pontine reticular nucleus, caudal part",left
735,3304,4074,406,205,262,"Pontine reticular nucleus, caudal part",left
735,2447,4003,413,122,261,Periaqueductal gray,left
735,3371,3707,405,212,232,Nucleus raphe pontis,left
737,3304,3641,406,205,226,Nucleus raphe pontis,right
737,3355,3460,405,209,212,"Pontine reticular nucleus, caudal part",right
737,3507,3324,403,224,200,"Pontine reticular nucleus, caudal part",right
737,3637,4056,402,236,259,"Pontine reticular nucleus, caudal part",left
736,3574,3273,402,230,195,"Pontine reticular nucleus, caudal part",right
736,3258,3781,406,201,238,Superior central nucleus raphe,left
736,3092,3233,407,184,193,Pons,right
738,3273,4074,406,203,262,"Pontine reticular nucleus, caudal part",left
738,2638,4226,412,142,280,Cuneiform nucleus,left
738,3634,3361,402,236,202,"Pontine reticular nucleus, caudal part",right
738,3702,4068,401,242,259,"Pontine reticular nucleus, caudal part",left
738,3260,2612,406,199,138,Principal sensory nucleus of the trigeminal,right
741,3262,4036,405,201,259,"Pontine reticular nucleus, caudal part",left
741,3672,4294,400,241,279,lateral lemniscus,left
741,2780,3077,409,153,179,Parabrachial nucleus,right
741,2876,3832,408,163,245,Pontine central gray,left
739,3364,3446,405,210,211,crossed tectospinal pathway,right
739,3622,3473,402,235,212,"Pontine reticular nucleus, caudal part",right
739,3576,3861,403,230,244,"Pontine reticular nucleus, caudal part",left
739,4113,4303,396,281,277,"Superior olivary complex, periolivary region",left
739,2989,4056,408,175,262,Midbrain reticular nucleus,left
739,3808,3492,400,251,211,"Pontine reticular nucleus, caudal part",right
740,3300,3501,405,204,215,"Pontine reticular nucleus, caudal part",right
740,3566,3531,402,229,216,Pons,right
740,4000,3704,398,267,228,trapezoid body,right
742,2905,4452,409,169,296,Parabrachial nucleus,left
742,3619,4470,400,237,294,Parvicellular motor 5 nucleus,left
742,3454,4045,403,219,259,"Pontine reticular nucleus, caudal part",left
744,3657,3963,401,238,251,"Pontine reticular nucleus, caudal part",left
746,3001,4054,406,176,262,Midbrain reticular nucleus,left
746,3399,4121,403,214,266,"Pontine reticular nucleus, caudal part",left
746,3229,4185,404,198,272,"Pontine reticular nucleus, caudal part",left
746,3374,3435,403,211,210,"Pontine reticular nucleus, caudal part",right
746,2885,4014,406,164,260,superior cerebelar peduncles,left
746,3387,3310,402,212,199,"Pontine reticular nucleus, caudal part",right
746,3412,3247,402,214,194,"Pontine reticular nucleus, caudal part",right
746,3680,3851,400,239,242,"Pontine reticular nucleus, caudal part",left
746,3762,3859,399,247,243,"Pontine reticular nucleus, caudal part",left
746,2780,3079,408,153,179,Parabrachial nucleus,right
746,3254,4068,404,200,261,"Pontine reticular nucleus, caudal part",left
746,3378,4049,403,212,260,"Pontine reticular nucleus, caudal part",left
745,3234,3270,404,198,196,"Pontine reticular nucleus, caudal part",right
745,3051,4191,406,182,273,Pons,left
745,2921,4275,407,170,281,superior cerebelar peduncles,left
745,3116,4084,405,187,264,Pons,left
752,3341,3941,403,208,251,"Pontine reticular nucleus, caudal part",left
752,3505,3536,401,223,217,Pons,right
752,3858,3432,396,255,207,"Pontine reticular nucleus, caudal part",right
752,3423,3303,401,216,198,"Pontine reticular nucleus, caudal part",right
747,3569,3547,401,230,218,Pons,right
747,3395,3436,403,214,210,"Pontine reticular nucleus, caudal part",right
747,2708,2991,409,147,171,Parabrachial nucleus,right
747,3196,3091,403,194,180,Supratrigeminal nucleus,right
751,3157,3149,403,190,186,Pontine reticular nucleus,right
751,3310,3485,403,205,214,"Pontine reticular nucleus, caudal part",right
751,2464,3228,411,122,193,Periaqueductal gray,right
751,3870,3807,397,256,238,"Pontine reticular nucleus, caudal part",left
748,3380,3429,403,211,209,"Pontine reticular nucleus, caudal part",right
748,3745,3346,399,246,201,"Pontine reticular nucleus, caudal part",right
749,2904,4414,408,169,293,Parabrachial nucleus,left
749,3184,3000,403,193,173,Supratrigeminal nucleus,right
749,3395,3261,402,213,195,"Pontine reticular nucleus, caudal part",right
749,3436,4105,403,218,264,"Pontine reticular nucleus, caudal part",left
749,3443,3383,402,217,205,"Pontine reticular nucleus, caudal part",right
749,3569,3259,400,230,194,"Pontine reticular nucleus, caudal part",right
749,3804,3885,398,250,245,"Pontine reticular nucleus, caudal part",left
749,3314,4028,404,206,258,"Pontine reticular nucleus, caudal part",left
749,3372,4064,403,212,261,"Pontine reticular nucleus, caudal part",left
750,3196,3084,402,194,181,Supratrigeminal nucleus,right
750,2780,3080,407,153,179,Parabrachial nucleus,right
750,3248,3656,404,199,228,Nucleus raphe pontis,right
750,3351,4062,402,209,261,"Pontine reticular nucleus, caudal part",left
750,3447,4076,401,219,262,"Pontine reticular nucleus, caudal part",left
750,3625,3318,399,234,198,"Pontine reticular nucleus, caudal part",right
750,3315,4028,403,206,258,"Pontine reticular nucleus, caudal part",left
750,3412,2819,401,213,158,Motor nucleus of trigeminal,right
753,3133,4045,404,189,261,Pontine reticular nucleus,left
753,2734,3905,407,149,251,Laterodorsal tegmental nucleus,left
753,3334,4067,403,208,261,"Pontine reticular nucleus, caudal part",left
757,3320,4021,402,207,258,"Pontine reticular nucleus, caudal part",left
757,3261,3612,402,200,225,Nucleus raphe pontis,right
757,3322,3882,402,206,247,"Pontine reticular nucleus, caudal part",left
757,3745,2840,396,245,157,Pons,right
757,3402,3393,401,213,206,"Pontine reticular nucleus, caudal part",right
757,3615,4095,399,234,263,"Pontine reticular nucleus, caudal part",left
754,3247,3629,404,199,226,Nucleus raphe pontis,right
754,3710,3365,398,242,202,"Pontine reticular nucleus, caudal part",right
754,3726,4212,398,245,272,"Pontine reticular nucleus, caudal part",left
754,2780,3082,407,153,180,Parabrachial nucleus,right
754,3278,4069,403,202,262,"Pontine reticular nucleus, caudal part",left
755,3259,3631,402,200,226,Nucleus raphe pontis,right
755,3747,4241,396,247,274,lateral lemniscus,left
756,3257,3363,402,200,204,Pontine reticular nucleus,right
756,2782,3083,406,154,181,Parabrachial nucleus,right
756,3231,4147,403,198,269,Pontine reticular nucleus,left
756,3692,4411,397,242,288,"Superior olivary complex, lateral part",left
756,3699,4120,397,242,265,"Pontine reticular nucleus, caudal part",left
759,3516,4086,400,224,262,"Pontine reticular nucleus, caudal part",left
759,3257,3563,402,200,220,Superior central nucleus raphe,right
759,3565,3297,399,228,198,"Pontine reticular nucleus, caudal part",right
759,2796,4252,406,158,280,Parabrachial nucleus,left
759,3169,3185,402,192,189,Pontine reticular nucleus,right
759,3590,3946,399,231,251,"Pontine reticular nucleus, caudal part",left
758,3547,3753,400,227,235,Pons,left
758,3320,4069,402,207,262,"Pontine reticular nucleus, caudal part",left
758,3479,3222,399,220,192,"Pontine reticular nucleus, caudal part",right
758,3535,3962,400,226,252,"Pontine reticular nucleus, caudal part",left
758,2800,3888,405,155,250,Laterodorsal tegmental nucleus,left
758,3280,4240,402,203,275,Peritrigeminal zone,left
760,3252,3535,402,199,218,Superior central nucleus raphe,right
760,3606,3250,397,231,193,"Pontine reticular nucleus, caudal part",right
762,3478,4463,399,222,293,Motor nucleus of trigeminal,left
762,3284,4234,401,204,275,Peritrigeminal zone,left
762,3014,4049,403,177,262,Pedunculopontine nucleus,left
762,3268,3849,401,200,244,Pontine reticular nucleus,left
762,3566,3849,399,228,243,"Pontine reticular nucleus, caudal part",left
761,3331,3265,400,206,195,Pontine reticular nucleus,right
761,2881,4187,404,164,274,Pedunculopontine nucleus,left
761,3607,3003,396,232,172,Pons,right
761,3036,4073,403,179,264,Pedunculopontine nucleus,left
763,3421,3390,399,215,205,"Pontine reticular nucleus, caudal part",right
763,2903,4084,404,166,266,Pedunculopontine nucleus,left
763,3199,4041,402,195,260,Pontine reticular nucleus,left
763,3223,4109,402,197,266,Pontine reticular nucleus,left
763,3829,3304,394,252,196,"Pontine reticular nucleus, caudal part",right
763,3023,4049,403,178,262,Pedunculopontine nucleus,left
763,3386,3380,400,212,205,"Pontine reticular nucleus, caudal part",right
763,3552,3753,399,227,235,Pons,left
764,3332,3675,401,207,230,Nucleus raphe pontis,left
764,2775,3302,405,152,199,Periaqueductal gray,right
764,3040,4081,403,179,264,Pedunculopontine nucleus,left
765,2438,3951,408,120,257,Periaqueductal gray,left
765,3388,3377,399,212,205,Pontine reticular nucleus,right
766,2549,3915,406,130,253,Periaqueductal gray,left
766,3438,3319,398,216,200,Pontine reticular nucleus,right
766,3812,3553,394,251,217,"Pontine reticular nucleus, caudal part",right
766,3226,2956,399,195,169,Supratrigeminal nucleus,right
766,3856,4039,393,255,257,"Pontine reticular nucleus, caudal part",left
766,3369,3495,399,211,215,crossed tectospinal pathway,right
766,3462,3471,398,219,213,"Pontine reticular nucleus, caudal part",right
766,3555,4185,397,228,270,"Pontine reticular nucleus, caudal part",left
766,3619,3589,397,234,221,Pons,right
769,3619,3241,396,234,192,"Pontine reticular nucleus, caudal part",right
769,3707,3209,394,242,190,"Pontine reticular nucleus, caudal part",right
769,3048,4095,402,181,266,Pedunculopontine nucleus,left
769,3461,3971,399,219,254,"Pontine reticular nucleus, caudal part",left
769,3860,4120,393,256,264,"Pontine reticular nucleus, caudal part",left
769,3915,4186,392,261,269,"Superior olivary complex, medial part",left
769,3385,3461,399,212,212,crossed tectospinal pathway,right
769,3400,3377,399,213,205,Pontine reticular nucleus,right
768,2550,3918,406,130,253,Periaqueductal gray,left
768,3221,2957,399,195,170,Supratrigeminal nucleus,right
770,3232,4527,400,200,300,Supratrigeminal nucleus,left
770,3417,3467,398,214,212,crossed tectospinal pathway,right
770,3433,3324,397,216,200,Pontine reticular nucleus,right
770,3340,3701,399,207,232,Nucleus raphe pontis,left
770,3386,3376,398,212,205,Pontine reticular nucleus,right
772,3420,4055,398,216,260,Pontine reticular nucleus,left
772,3302,3730,399,204,234,Superior central nucleus raphe,left
772,3577,3326,396,229,200,"Pontine reticular nucleus, caudal part",right
772,3208,4166,400,196,270,Pontine reticular nucleus,left
772,3761,4069,393,247,260,"Pontine reticular nucleus, caudal part",left
771,2928,3194,402,167,191,Pedunculopontine nucleus,right
771,3357,3981,399,210,254,Pontine reticular nucleus,left
771,2692,3918,404,143,253,Periaqueductal gray,left
771,2752,4031,403,150,262,Periaqueductal gray,left
778,3199,4056,399,194,261,Pontine reticular nucleus,left
778,3244,4047,399,199,261,Pontine reticular nucleus,left
778,3500,3469,396,222,213,Pontine reticular nucleus,right
778,2359,3877,407,112,251,Periaqueductal gray,left
778,3587,4250,395,231,275,"Pontine reticular nucleus, caudal part",left
778,3751,3921,393,245,248,"Pontine reticular nucleus, caudal part",left
778,3404,3408,397,213,208,Pontine reticular nucleus,right
773,3394,3369,398,213,205,Pontine reticular nucleus,right
773,3538,3787,397,226,238,Pons,left
773,3383,4613,397,214,307,Principal sensory nucleus of the trigeminal,left
773,3480,3199,396,219,190,Pontine reticular nucleus,right
773,3823,3626,393,252,223,"Pontine reticular nucleus, caudal part",right
773,3240,3786,400,198,239,Superior central nucleus raphe,left
774,3562,3578,396,228,220,Pons,right
774,2278,3920,409,105,256,Periaqueductal gray,left
774,2563,4123,406,133,272,Cuneiform nucleus,left
775,3616,4405,394,234,288,Pons,left
776,2193,3867,410,97,250,Periaqueductal gray,left
776,2821,3298,402,157,200,Midbrain reticular nucleus,right
776,3202,4063,399,194,262,Pontine reticular nucleus,left
777,3035,3891,400,178,249,Midbrain reticular nucleus,left
777,3267,3453,399,200,211,Pontine reticular nucleus,right
777,3272,3267,398,201,196,Pontine reticular nucleus,right
777,3331,3745,398,206,236,Superior central nucleus raphe,left
777,3049,3703,400,179,233,Midbrain reticular nucleus,left
777,3260,3837,399,200,243,Pontine reticular nucleus,left
780,3529,4027,395,225,257,Pontine reticular nucleus,left
780,3270,3442,397,201,210,Pontine reticular nucleus,right
780,3519,3789,395,224,238,Pons,left
779,3066,3708,400,180,234,Midbrain reticular nucleus,left
779,3397,2638,397,210,141,Principal sensory nucleus of the trigeminal,right
779,3286,3341,398,202,202,Pontine reticular nucleus,right
779,3404,3406,397,213,207,Pontine reticular nucleus,right
779,3614,4398,394,234,288,Pons,left
781,3532,3897,395,226,247,"Pontine reticular nucleus, caudal part",left
781,2549,3275,404,130,198,Periaqueductal gray,right
781,3410,3741,396,214,235,Superior central nucleus raphe,left
781,3618,3296,393,232,198,"Pontine reticular nucleus, caudal part",right
781,2509,3868,404,126,250,Periaqueductal gray,left
781,3122,3577,399,186,222,Midbrain reticular nucleus,right
782,3428,4068,396,216,261,Pontine reticular nucleus,left
782,3603,3313,393,231,199,Pontine reticular nucleus,right
782,3557,3520,394,228,216,Pons,right
782,3640,4157,393,236,268,"Pontine reticular nucleus, caudal part",left
782,3177,2879,397,190,162,Parabrachial nucleus,right
782,3211,3255,397,195,195,Pontine reticular nucleus,right
785,3483,4041,394,221,259,Pontine reticular nucleus,left
785,3519,3543,394,224,218,Pons,right
785,3130,4119,398,187,268,Pontine reticular nucleus,left
785,3410,3315,394,213,200,Pontine reticular nucleus,right
785,3503,3808,394,222,240,Pons,left
785,3492,3277,393,220,196,Pontine reticular nucleus,right
786,3273,3430,396,201,209,Pontine reticular nucleus,right
786,3244,3107,395,198,183,Pontine reticular nucleus,right
786,3572,3736,393,229,234,Pons,left
786,2463,3969,404,122,260,Periaqueductal gray,left
786,3749,4004,391,245,254,"Pontine reticular nucleus, caudal part",left
783,2336,3949,407,110,258,Periaqueductal gray,left
783,2526,4022,404,128,264,Periaqueductal gray,left
783,3333,2683,396,205,145,Principal sensory nucleus of the trigeminal,right
783,3831,3441,391,252,208,"Pontine reticular nucleus, caudal part",right
783,2768,3971,401,151,258,Periaqueductal gray,left
783,3478,3709,396,220,232,Superior central nucleus raphe,left
787,3845,3936,389,254,249,"Pontine reticular nucleus, caudal part",left
787,3555,3736,394,227,234,Pons,left
787,3627,3105,391,233,181,Pontine reticular nucleus,right
787,2726,3830,401,146,245,Laterodorsal tegmental nucleus,left
787,2222,3947,408,100,258,Periaqueductal gray,left
787,2523,3293,404,127,199,Periaqueductal gray,right
787,2563,3969,402,131,259,Periaqueductal gray,left
787,4029,4174,387,271,268,"Superior olivary complex, medial part",left
784,3398,4106,396,213,264,Pontine reticular nucleus,left
784,3635,4592,392,237,304,Principal sensory nucleus of the trigeminal,left
784,3716,3159,391,241,186,"Pontine reticular nucleus, caudal part",right
784,2154,3977,410,93,260,"Inferior colliculus, dorsal nucleus",left
788,2390,3243,405,114,195,Periaqueductal gray,right
788,2734,3864,401,148,248,Laterodorsal tegmental nucleus,left
788,2587,4165,403,135,275,Cuneiform nucleus,left
788,3280,3388,396,201,206,Pontine reticular nucleus,right
791,3291,3488,396,202,214,Pons,right
791,3313,3499,395,204,215,Superior central nucleus raphe,right
791,3598,3920,392,231,249,Pontine reticular nucleus,left
791,2304,3965,405,107,259,Periaqueductal gray,left
791,2759,3987,400,151,259,Periaqueductal gray,left
791,3283,3389,395,202,206,Pontine reticular nucleus,right
791,3179,4106,397,192,265,Pontine reticular nucleus,left
791,3186,3275,396,192,197,Pontine reticular nucleus,right
789,3010,4331,399,178,285,Pons,left
789,3309,2966,395,203,170,Peritrigeminal zone,right
789,3435,3730,395,216,233,Superior central nucleus raphe,left
789,3437,4309,395,218,281,Peritrigeminal zone,left
789,2613,4049,402,137,265,Periaqueductal gray,left
789,3433,3779,395,216,238,crossed tectospinal pathway,left
790,2147,3599,408,92,228,Periaqueductal gray,right
790,2356,3938,404,111,257,Periaqueductal gray,left
792,3429,3962,394,215,253,Pontine reticular nucleus,left
792,2448,3919,403,120,255,Periaqueductal gray,left
792,4029,4177,386,271,268,"Superior olivary complex, medial part",left
793,2263,3926,406,103,256,Periaqueductal gray,left
793,3101,3430,397,184,210,Midbrain reticular nucleus,right
793,3301,3882,396,203,247,Pontine reticular nucleus,left
793,2228,4029,407,100,265,Midbrain,left
793,3270,4690,395,203,315,Pons,left
793,3284,3385,395,202,206,Pontine reticular nucleus,right
793,3425,4310,394,216,281,Peritrigeminal zone,left
793,3520,3750,393,224,235,Pons,left
793,3541,3506,393,225,215,Pontine reticular nucleus,right
794,2069,3928,409,86,256,Midbrain,left
794,2523,3284,403,127,199,Periaqueductal gray,right
794,3689,4252,390,240,275,Pontine reticular nucleus,left
794,2242,4009,406,101,264,Midbrain,left
794,2262,3893,406,103,253,Periaqueductal gray,left
794,3156,3208,396,188,192,Pontine reticular nucleus,right
800,3222,4062,394,196,262,Pontine reticular nucleus,left
800,3119,4320,396,188,284,Pons,left
800,3630,3290,389,233,197,Pontine reticular nucleus,right
800,2349,4025,403,111,265,Midbrain,left
800,2501,4087,401,126,270,Cuneiform nucleus,left
795,3355,4099,394,208,264,Pontine reticular nucleus,left
795,2596,4116,401,136,271,Cuneiform nucleus,left
795,3638,3596,390,234,222,Tegmental reticular nucleus,right
795,2089,3566,408,86,225,Periaqueductal gray,right
795,3626,4250,390,235,275,Pontine reticular nucleus,left
795,2583,3942,400,133,256,Periaqueductal gray,left
797,2321,3973,404,109,260,Periaqueductal gray,left
797,2519,3222,402,127,194,Periaqueductal gray,right
797,2534,3267,401,128,197,Periaqueductal gray,right
797,3175,3162,394,190,188,Pontine reticular nucleus,right
801,3314,4097,394,205,265,Pontine reticular nucleus,left
801,2875,3782,397,161,241,Midbrain,left
801,2242,3876,405,100,252,Periaqueductal gray,left
801,3446,4592,391,219,305,Principal sensory nucleus of the trigeminal,left
801,2630,4048,399,137,265,Periaqueductal gray,left
801,3132,3708,395,187,234,Midbrain,left
801,3776,4030,387,247,256,Pontine reticular nucleus,left
796,2190,4056,407,97,267,"Inferior colliculus, dorsal nucleus",left
796,3183,3898,396,192,249,Pontine reticular nucleus,left
796,3472,3741,393,219,234,Superior central nucleus raphe,left
796,3129,4000,396,187,257,Pontine reticular nucleus,left
798,3732,3437,389,243,208,Tegmental reticular nucleus,right
798,3107,3411,396,185,209,Midbrain reticular nucleus,right
798,3771,4019,388,247,256,"Pontine reticular nucleus, caudal part",left
798,2308,4091,405,108,270,Midbrain,left
799,3297,3885,395,203,247,Pontine reticular nucleus,left
799,3104,3063,395,183,179,Pedunculopontine nucleus,right
802,3421,3160,391,214,187,Pontine reticular nucleus,right
802,2112,3778,407,88,243,Periaqueductal gray,left
802,2158,3758,406,93,242,Periaqueductal gray,left
802,3127,3127,394,185,184,Pons,right
802,3519,3175,390,223,188,Pontine reticular nucleus,right
802,3526,3293,390,223,197,Pontine reticular nucleus,right
802,3135,3722,395,187,235,Midbrain reticular nucleus,left
802,3432,3517,392,216,216,crossed tectospinal pathway,right
802,3614,3072,388,231,179,Pontine reticular nucleus,right
803,2187,3870,405,96,252,Periaqueductal gray,left
803,3271,3454,394,200,212,Pontine reticular nucleus,right
803,2560,3941,400,131,256,Periaqueductal gray,left
804,3119,3396,395,186,208,Midbrain reticular nucleus,right
804,2193,3261,405,95,198,"Superior colliculus, motor related, deep white layer",right
804,3060,4323,396,182,285,Pons,left
804,2227,3968,405,99,259,Periaqueductal gray,left
804,2697,3925,398,144,254,Periaqueductal gray,left
804,3692,3106,388,238,181,Pontine reticular nucleus,right
804,3137,3759,395,187,238,Midbrain reticular nucleus,left
806,3021,4322,396,179,285,Pedunculopontine nucleus,left
806,2182,4014,405,96,264,Midbrain,left
806,3302,3733,393,203,235,Superior central nucleus raphe,left
806,3719,3087,386,242,179,Pontine reticular nucleus,right
805,3112,3488,395,184,215,Ventral tegmental nucleus,right
805,2133,3875,405,91,252,"Superior colliculus, motor related, deep white layer",left
805,2280,3927,403,104,256,Periaqueductal gray,left
805,2356,4001,402,111,263,Periaqueductal gray,left
805,2545,3861,399,129,250,Periaqueductal gray,left
805,3245,3291,392,197,198,Pontine reticular nucleus,right
805,3588,4291,389,231,279,Pontine reticular nucleus,left
808,3289,3376,392,201,205,Pontine reticular nucleus,right
808,2313,3943,402,107,257,Periaqueductal gray,left
808,3075,2983,393,180,172,Pedunculopontine nucleus,right
808,2705,4115,398,145,270,Cuneiform nucleus,left
808,2764,3897,397,150,252,Periaqueductal gray,left
808,3094,4541,395,187,303,Parabrachial nucleus,left
810,3697,3091,385,239,180,Pontine reticular nucleus,right
810,3392,3354,390,210,203,Pontine reticular nucleus,right
810,2620,3043,397,137,177,Cuneiform nucleus,right
811,3293,3076,390,200,180,Pontine reticular nucleus,right
811,3589,4282,388,231,279,Pontine reticular nucleus,left
811,3181,4268,393,192,279,Pontine reticular nucleus,left
811,3218,3148,391,193,187,Pontine reticular nucleus,right
811,3181,3128,391,190,184,Pontine reticular nucleus,right
811,3736,4160,386,244,268,Pontine reticular nucleus,left
809,3439,4102,391,216,264,Pontine reticular nucleus,left
809,2381,4038,402,114,266,Periaqueductal gray,left
809,3144,3131,393,188,184,Pontine reticular nucleus,right
809,2553,3982,399,130,261,Periaqueductal gray,left
809,2944,3674,396,168,231,Midbrain,left
812,2124,3672,405,89,235,Periaqueductal gray,left
812,3318,4094,392,204,265,Pontine reticular nucleus,left
812,3219,2804,391,194,156,Supratrigeminal nucleus,right
813,2771,3809,396,151,244,Periaqueductal gray,left
813,3112,3554,394,184,220,Midbrain reticular nucleus,right
813,3078,3376,394,181,206,Midbrain reticular nucleus,right
813,3573,3171,387,228,188,Pontine reticular nucleus,right
813,3341,4219,392,207,275,Pontine reticular nucleus,left
816,2444,4057,399,120,268,Periaqueductal gray,left
814,2404,4042,400,116,266,Periaqueductal gray,left
814,3087,3984,394,182,257,Midbrain reticular nucleus,left
814,2192,3693,404,95,236,Periaqueductal gray,left
814,2403,3978,400,115,260,Periaqueductal gray,left
815,3178,4212,392,192,275,Pontine reticular nucleus,left
817,2166,3158,402,92,189,"Superior colliculus, motor related, deep gray layer",right
817,2576,3883,397,131,252,Periaqueductal gray,left
817,3183,4296,392,194,282,Supratrigeminal nucleus,left
817,3442,4098,389,216,264,Pontine reticular nucleus,left
817,3842,3583,384,252,220,medial lemniscus,right
819,2186,3647,403,94,232,Periaqueductal gray,left
819,3141,3358,392,186,205,Midbrain reticular nucleus,right
819,3298,3350,390,202,203,Pontine reticular nucleus,right
819,3303,3838,391,202,243,Pons,left
819,3578,3976,387,229,253,Pontine reticular nucleus,left
823,2414,3935,398,116,257,Periaqueductal gray,left
820,3502,4337,387,223,283,Pontine reticular nucleus,left
820,3011,4308,393,177,284,Pedunculopontine nucleus,left
820,3293,3841,390,201,244,Pons,left
820,2813,3914,394,155,253,Midbrain reticular nucleus,left
820,3221,4135,391,196,268,Pontine reticular nucleus,left
824,3495,3209,386,220,191,Pontine reticular nucleus,right
824,2216,3929,401,97,256,Periaqueductal gray,left
824,3130,3633,392,185,228,Midbrain,right
824,2141,4522,402,92,309,Midbrain,left
824,2247,3898,401,101,254,Periaqueductal gray,left
821,2433,4027,398,119,265,Periaqueductal gray,left
821,2545,3874,396,128,251,Periaqueductal gray,left
822,2124,4466,403,91,303,"Inferior colliculus, external nucleus",left
822,2183,4019,402,95,265,"Superior colliculus, motor related, deep gray layer",left
822,2717,3722,395,144,237,Periaqueductal gray,left
822,2590,3948,396,132,257,Periaqueductal gray,left
825,3558,3293,385,226,197,Pontine reticular nucleus,right
825,2829,3703,393,155,234,Periaqueductal gray,left
825,2264,3983,400,102,262,"Superior colliculus, motor related, deep white layer",left
825,2395,4115,398,116,272,Midbrain,left
827,3304,3344,388,202,203,Pontine reticular nucleus,right
827,3160,3496,390,189,216,Superior central nucleus raphe,right
827,3498,3972,387,221,254,Pontine reticular nucleus,left
827,2623,4100,395,137,270,Cuneiform nucleus,left
827,2852,3773,393,158,241,Midbrain,left
827,3115,3591,391,184,224,Midbrain,right
827,3281,3470,389,199,214,Superior central nucleus raphe,right
827,2273,4070,400,104,269,Midbrain,left
827,2632,3882,394,137,252,Periaqueductal gray,left
827,3153,3510,391,187,217,Midbrain reticular nucleus,right
827,3472,3413,386,218,208,Pontine reticular nucleus,right
827,3553,4106,386,226,264,Pontine reticular nucleus,left
827,3648,4371,384,237,286,lateral lemniscus,left
827,3696,3083,383,239,180,Pontine reticular nucleus,right
826,1999,3986,404,77,261,"Superior colliculus, motor related, intermediate white layer",left
826,3322,4259,389,206,278,Pontine reticular nucleus,left
826,2549,3872,395,128,251,Periaqueductal gray,left
826,2571,3924,395,131,255,Periaqueductal gray,left
826,3150,4469,391,191,297,Pons,left
826,3378,4197,388,210,272,Pontine reticular nucleus,left
833,3160,3338,389,188,203,Pontine reticular nucleus,right
833,2584,4013,394,133,263,Periaqueductal gray,left
833,3560,3301,384,226,198,Pontine reticular nucleus,right
833,2550,4012,395,129,263,Periaqueductal gray,left
833,3144,3639,390,187,228,Midbrain,right
833,2623,3966,394,136,258,Periaqueductal gray,left
833,3312,4189,388,204,272,Pontine reticular nucleus,left
833,2523,3131,395,127,185,Cuneiform nucleus,right
833,2586,3875,394,132,251,Periaqueductal gray,left
828,3112,3614,391,184,226,Midbrain,right
828,3122,3576,391,185,223,Midbrain,right
828,3138,3636,391,186,228,Midbrain,right
828,2085,3897,403,85,254,"Superior colliculus, motor related, deep gray layer",left
828,3205,4079,390,193,263,Pontine reticular nucleus,left
828,2986,3723,392,171,236,Midbrain reticular nucleus,left
828,3427,4166,388,215,269,Pontine reticular nucleus,left
828,3489,3240,386,219,193,Pontine reticular nucleus,right
831,2531,4014,395,127,263,Periaqueductal gray,left
831,2116,3581,401,87,226,Periaqueductal gray,right
831,3377,4080,387,210,262,Pontine reticular nucleus,left
831,3397,4345,387,213,285,Pontine reticular nucleus,left
831,3400,4085,387,212,263,Pontine reticular nucleus,left
829,2626,3351,395,136,205,Periaqueductal gray,right
829,2193,4086,401,96,270,Midbrain,left
829,2601,3888,395,133,252,Periaqueductal gray,left
829,2198,3978,401,96,261,"Superior colliculus, motor related, deep white layer",left
830,3139,4177,390,188,272,Pontine reticular nucleus,left
830,2591,3400,394,132,209,Periaqueductal gray,right
830,3307,3063,386,202,179,Pontine reticular nucleus,right
830,3466,4021,386,218,258,Pontine reticular nucleus,left
830,2602,3865,394,133,250,Periaqueductal gray,left
832,3446,4158,386,217,269,Pontine reticular nucleus,left
832,2677,3842,393,140,247,Periaqueductal gray,left
832,2558,3365,395,129,206,Periaqueductal gray,right
832,3346,4136,388,208,268,Pontine reticular nucleus,left
835,3209,4081,388,194,263,Pontine reticular nucleus,left
835,2260,4101,398,102,272,"Superior colliculus, motor related, deep gray layer",left
835,3125,3656,389,185,229,Midbrain,left
835,3565,3318,383,226,199,Pontine reticular nucleus,right
835,2549,3443,394,128,213,Periaqueductal gray,right
835,2602,3961,393,133,258,Periaqueductal gray,left
836,3432,3187,384,214,189,Pontine reticular nucleus,right
836,3150,3643,389,187,228,Midbrain,right
836,2119,3587,400,88,227,Periaqueductal gray,right
843,3183,3476,387,191,214,Superior central nucleus raphe,right
843,3582,3304,382,228,198,Pontine reticular nucleus,right
843,2518,3311,393,124,202,Periaqueductal gray,right
843,3141,3715,388,186,234,Anterior tegmental nucleus,left
843,3159,3747,388,188,237,Anterior tegmental nucleus,left
843,3538,3292,382,223,197,Pontine reticular nucleus,right
843,2536,3392,393,126,209,Periaqueductal gray,right
843,3012,3092,387,174,182,Pedunculopontine nucleus,right
843,2209,4017,398,97,264,"Superior colliculus, motor related, deep gray layer",left
843,2589,3875,392,131,251,Periaqueductal gray,left
834,2370,3927,397,112,256,Periaqueductal gray,left
834,2610,3862,394,134,250,Periaqueductal gray,left
834,2365,3987,397,111,262,Periaqueductal gray,left
834,2875,3694,392,160,234,Midbrain,left
834,3097,4440,390,186,294,Pons,left
834,3156,4231,390,189,276,Pontine reticular nucleus,left
834,3585,3313,384,228,199,Pontine reticular nucleus,right
834,2008,3164,401,77,190,"Superior colliculus, motor related, intermediate white layer",right
834,3113,4491,390,187,299,Pons,left
837,3148,3801,389,187,241,Superior central nucleus raphe,left
837,3324,3149,385,203,187,Pontine reticular nucleus,right
837,3631,3209,382,232,191,Pontine reticular nucleus,right
837,2588,3902,393,132,253,Periaqueductal gray,left
837,3214,4060,388,194,262,Pontine reticular nucleus,left
837,2320,4018,397,108,264,"Superior colliculus, motor related, deep white layer",left
840,3041,4151,389,178,271,Pedunculopontine nucleus,left
840,2737,3938,391,147,255,Periaqueductal gray,left
839,3442,3288,385,214,198,Pontine reticular nucleus,right
839,2496,3997,394,124,262,Periaqueductal gray,left
839,2570,3904,393,130,253,Periaqueductal gray,left
839,2593,3916,393,132,254,Periaqueductal gray,left
838,2294,4068,397,106,268,Midbrain,left
838,2410,4041,395,116,266,Periaqueductal gray,left
838,2677,3880,392,140,250,Periaqueductal gray,left
842,3711,3173,380,240,187,Pontine reticular nucleus,right
842,3140,3698,388,186,233,Midbrain,left
842,3483,3109,382,218,183,Pontine reticular nucleus,right
842,2234,4003,397,99,263,"Superior colliculus, motor related, deep white layer",left
842,2585,3934,392,132,256,Periaqueductal gray,left
842,2629,3812,392,135,245,Periaqueductal gray,left
842,3106,3919,388,183,252,Midbrain reticular nucleus,left
842,3139,3728,388,186,235,Anterior tegmental nucleus,left
842,3599,3964,382,230,252,Pontine reticular nucleus,left
842,2263,4008,397,101,264,"Superior colliculus, motor related, deep white layer",left
842,3215,2874,385,192,163,Pons,right
841,3155,3762,388,187,238,Anterior tegmental nucleus,left
845,3275,3371,385,199,206,Pontine reticular nucleus,right
845,3724,2978,378,240,170,Nucleus of the lateral lemniscus,right
844,2591,3918,392,132,254,Periaqueductal gray,left
844,2336,3964,396,108,260,Periaqueductal gray,left
844,3350,4191,386,208,272,Pontine reticular nucleus,left
844,2440,3999,394,118,263,Periaqueductal gray,left
844,2891,3597,390,161,226,Dorsal nucleus raphe,right
844,2934,3962,389,167,256,superior cerebelar peduncles,left
852,2169,3556,396,92,224,Periaqueductal gray,right
852,3338,3081,382,204,180,Pontine reticular nucleus,right
852,2517,4503,392,128,306,"Inferior colliculus, external nucleus",left
852,2599,3118,390,133,184,Cuneiform nucleus,right
852,2219,3666,395,97,234,Periaqueductal gray,left
852,3530,4243,382,224,275,Pontine reticular nucleus,left
852,1932,4178,401,70,276,"Inferior colliculus, dorsal nucleus",left
852,2153,4489,396,92,305,"Inferior colliculus, external nucleus",left
846,2635,3947,391,137,257,Periaqueductal gray,left
849,2760,3852,390,149,248,Periaqueductal gray,left
849,3395,3214,383,210,192,Pontine reticular nucleus,right
849,2146,3759,398,90,242,Periaqueductal gray,left
849,2247,3212,395,100,194,"Superior colliculus, motor related, deep white layer",right
849,3209,3474,386,193,214,Superior central nucleus raphe,right
849,2620,3895,391,135,253,Periaqueductal gray,left
849,2586,3855,391,131,249,Periaqueductal gray,left
849,3396,4103,384,212,264,Pontine reticular nucleus,left
847,2652,3392,391,137,208,Periaqueductal gray,right
847,2357,4062,394,111,268,Midbrain,left
847,2401,3974,394,114,261,Periaqueductal gray,left
847,2565,3399,392,129,210,Periaqueductal gray,right
847,2585,3852,391,131,249,Periaqueductal gray,left
848,1834,3884,404,60,251,"Superior colliculus, optic layer",left
848,2354,4005,395,109,263,Periaqueductal gray,left
848,2694,3912,390,143,253,Periaqueductal gray,left
850,2611,3353,390,134,205,Periaqueductal gray,right
850,3391,4155,384,211,269,Pontine reticular nucleus,left
850,3661,3909,379,236,248,Tegmental reticular nucleus,left
850,2019,4036,399,79,265,"Superior colliculus, motor related, intermediate white layer",left
850,2286,4093,395,104,271,"Superior colliculus, motor related, deep gray layer",left
850,2730,4089,389,146,268,Cuneiform nucleus,left
850,2870,4124,388,161,270,Pedunculopontine nucleus,left
851,2917,3711,388,163,235,medial longitudinal fascicle,left
851,3352,3889,384,206,248,Pontine reticular nucleus,left
851,3342,3113,382,204,183,Pontine reticular nucleus,right
851,2620,3790,390,134,243,Periaqueductal gray,left
854,3436,3425,382,214,209,Pontine reticular nucleus,right
854,3294,4228,385,203,275,Pontine reticular nucleus,left
854,2620,3800,390,134,244,Periaqueductal gray,left
854,2623,3830,390,135,246,Periaqueductal gray,left
853,2489,3933,392,122,257,Periaqueductal gray,left
853,3232,3160,383,194,188,Pontine reticular nucleus,right
853,2607,3930,390,134,255,Periaqueductal gray,left
853,2611,3469,391,133,216,Periaqueductal gray,right
853,2716,4021,389,144,263,Midbrain reticular nucleus,left
853,2764,3912,389,149,253,Midbrain reticular nucleus,left
855,3335,3210,382,204,192,Pontine reticular nucleus,right
855,2407,3097,391,115,183,Midbrain,right
855,2617,3366,390,133,206,Periaqueductal gray,right
855,2639,3489,389,135,217,Periaqueductal gray,right
855,3903,4272,374,259,277,Pons,left
856,3342,4164,383,206,270,Pontine reticular nucleus,left
856,2582,3855,390,131,249,Periaqueductal gray,left
856,2652,3408,389,137,211,Periaqueductal gray,right
856,2939,4332,387,169,288,Pedunculopontine nucleus,left
856,2366,3237,392,110,196,Periaqueductal gray,right
856,2369,3889,392,111,253,Periaqueductal gray,left
856,2368,3224,392,110,195,Periaqueductal gray,right
856,2498,4059,391,124,268,Midbrain,left
856,2557,3925,390,129,255,Periaqueductal gray,left
858,2619,3794,389,134,244,Periaqueductal gray,left
858,2333,3127,392,108,186,"Superior colliculus, motor related, deep gray layer",right
857,3553,4358,380,227,285,Pontine reticular nucleus,left
857,2616,3864,389,133,250,Periaqueductal gray,left
857,3616,4200,379,232,272,Pontine reticular nucleus,left
859,2648,3439,389,137,213,Periaqueductal gray,right
859,3237,3465,384,195,213,Superior central nucleus raphe,right
859,2380,4054,392,112,267,Midbrain,left
859,2624,3843,389,134,247,Periaqueductal gray,left
859,2691,3408,389,141,210,Periaqueductal gray,right
859,2763,4098,388,150,269,Midbrain reticular nucleus,left
860,2603,3763,389,132,241,Periaqueductal gray,left
860,3266,3265,382,197,196,Pontine reticular nucleus,right
860,4054,4131,372,272,264,Pontine gray,left
860,2195,3363,393,94,208,Periaqueductal gray,right
861,2251,3143,392,100,187,"Superior colliculus, motor related, deep gray layer",right
861,2640,3833,388,136,247,Periaqueductal gray,left
861,3168,4049,384,189,262,Pontine reticular nucleus,left
861,2499,3098,389,124,183,Midbrain reticular nucleus,right
861,2668,3366,388,138,206,Periaqueductal gray,right
861,3135,3729,385,185,235,Anterior tegmental nucleus,left
861,3192,4468,384,193,296,lateral lemniscus,left
865,3486,3181,378,217,188,Pontine reticular nucleus,right
865,2591,3762,388,130,241,Periaqueductal gray,left
865,2303,3193,391,104,192,"Superior colliculus, motor related, deep white layer",right
865,3515,4164,379,222,269,Pontine reticular nucleus,left
865,2233,4087,393,98,271,"Superior colliculus, motor related, deep gray layer",left
865,2692,3261,387,141,197,Periaqueductal gray,right
865,2771,3098,385,150,183,Midbrain reticular nucleus,right
862,2617,3909,388,133,254,Periaqueductal gray,left
862,3469,3245,379,217,195,Pontine reticular nucleus,right
864,1958,3274,397,72,200,"Superior colliculus, motor related, intermediate white layer",right
864,2393,3177,391,112,190,Midbrain,right
864,2648,3849,388,137,248,Periaqueductal gray,left
863,2599,3897,389,132,253,Periaqueductal gray,left
863,3271,4560,383,201,305,Nucleus of the lateral lemniscus,left
863,3593,3213,378,227,191,Pontine reticular nucleus,right
866,3430,3980,380,213,254,Pontine reticular nucleus,left
866,2400,3216,390,113,194,Periaqueductal gray,right
866,3023,4257,385,177,281,Pedunculopontine nucleus,left
866,2318,3029,390,106,177,"Superior colliculus, motor related, deep gray layer",right
866,2561,3894,388,128,253,Periaqueductal gray,left
866,2752,3260,386,147,197,Midbrain reticular nucleus,right
866,3319,3452,381,203,212,Superior central nucleus raphe,right
866,2353,4000,391,109,263,Periaqueductal gray,left
866,2380,4065,391,111,268,Midbrain,left
866,3949,3748,372,262,233,Pontine gray,left
867,3326,4314,382,205,282,Pontine reticular nucleus,left
867,3605,4350,377,231,284,Pontine reticular nucleus,left
867,2141,4062,395,89,268,"Superior colliculus, motor related, deep gray layer",left
867,2640,3479,388,135,216,Periaqueductal gray,right
867,2945,3712,385,166,235,Midbrain,left
867,2373,3962,390,111,260,Periaqueductal gray,left
867,3385,4227,381,211,275,Pontine reticular nucleus,left
867,3438,4000,380,214,256,Pontine reticular nucleus,left
867,2635,3912,387,136,254,Periaqueductal gray,left
868,3330,3112,379,202,184,Pontine reticular nucleus,right
868,2153,3961,394,90,260,"Superior colliculus, motor related, deep gray layer",left
868,2598,3771,388,131,242,Periaqueductal gray,left
868,2281,4161,392,103,277,"Superior colliculus, motor related, deep gray layer",left
868,2617,3902,387,133,253,Periaqueductal gray,left
868,3117,3005,382,182,174,Pedunculopontine nucleus,right
868,3387,4543,380,212,302,Nucleus of the lateral lemniscus,left
870,3470,3243,377,216,194,Pontine reticular nucleus,right
870,2482,3892,388,121,253,Periaqueductal gray,left
870,2632,3829,386,135,246,Periaqueductal gray,left
869,2203,4032,393,95,266,"Superior colliculus, motor related, deep gray layer",left
869,2585,3920,388,131,255,Periaqueductal gray,left
869,2690,3831,387,140,246,Periaqueductal gray,left
869,3737,4365,375,244,285,Nucleus of the lateral lemniscus,left
869,3132,4021,383,186,260,Pontine reticular nucleus,left
871,2151,3193,392,90,192,"Superior colliculus, motor related, deep gray layer",right
871,2408,4114,389,115,273,Midbrain,left
871,3557,3452,377,225,211,Pontine reticular nucleus,right
871,2401,3894,389,113,254,Periaqueductal gray,left
871,2446,4067,389,118,268,Midbrain,left
871,2609,3856,387,133,249,Periaqueductal gray,left
871,2741,3932,386,146,256,Periaqueductal gray,left
871,3262,4269,382,199,280,Pontine reticular nucleus,left
872,3495,3150,377,218,186,Pontine reticular nucleus,right
872,2268,4359,392,102,295,"Inferior colliculus, external nucleus",left
872,2374,3977,390,111,261,Periaqueductal gray,left
872,2612,3177,386,134,190,Midbrain reticular nucleus,right
872,3373,4295,380,210,281,Pontine reticular nucleus,left
872,3730,4234,374,242,274,Pontine reticular nucleus,left
872,3134,4022,382,186,260,Pontine reticular nucleus,left
872,2335,4017,390,107,264,"Superior colliculus, motor related, deep white layer",left
872,2336,4130,390,108,274,"Superior colliculus, motor related, deep gray layer",left
872,3198,3202,380,190,191,Pontine reticular nucleus,right
873,2613,3750,387,132,240,Periaqueductal gray,left
873,2073,3054,392,82,179,"Superior colliculus, motor related, intermediate white layer",right
873,2662,3406,386,138,209,Periaqueductal gray,right
873,3122,2999,380,183,174,Pedunculopontine nucleus,right
873,2645,4067,386,138,267,Midbrain reticular nucleus,left
873,3260,4164,381,198,271,Pontine reticular nucleus,left
873,2571,3020,387,131,176,Midbrain reticular nucleus,right
873,2958,4047,384,169,263,superior cerebelar peduncles,left
873,3319,3048,378,202,178,Pontine reticular nucleus,right
873,3738,4361,374,244,285,Nucleus of the lateral lemniscus,left
873,2600,3828,387,131,247,Periaqueductal gray,left
873,3112,4021,383,183,260,Midbrain reticular nucleus,left
875,2580,3894,386,129,253,Periaqueductal gray,left
875,2418,3026,387,115,177,Midbrain,right
875,2554,3835,386,126,248,Periaqueductal gray,left
875,2561,3164,386,129,189,Midbrain reticular nucleus,right
875,3282,3043,378,198,177,Pontine reticular nucleus,right
875,3293,4038,380,200,260,Pontine reticular nucleus,left
874,2654,3778,386,136,242,Periaqueductal gray,left
874,3270,4095,381,199,265,Pontine reticular nucleus,left
874,3440,3155,377,212,186,Pontine reticular nucleus,right
874,3343,4269,381,206,279,Pontine reticular nucleus,left
876,2568,3877,386,128,251,Periaqueductal gray,left
876,2605,3431,386,131,212,Periaqueductal gray,right
876,2635,3738,386,135,239,Periaqueductal gray,left
876,2650,3907,385,137,254,Periaqueductal gray,left
876,2727,3356,385,144,205,Periaqueductal gray,right
876,2085,4274,393,84,286,Midbrain,left
876,2643,3409,386,135,211,Periaqueductal gray,right
876,3525,3259,376,221,196,Pontine reticular nucleus,right
876,2292,4369,390,105,296,"Inferior colliculus, external nucleus",left
876,3093,3031,380,179,176,Pedunculopontine nucleus,right
877,2660,3414,385,137,211,Periaqueductal gray,right
877,2665,4068,385,139,267,Midbrain reticular nucleus,left
878,2189,4193,392,94,279,"Superior colliculus, motor related, deep gray layer",left
878,2268,3650,390,99,233,Periaqueductal gray,left
878,2645,3868,385,136,250,Periaqueductal gray,left
878,2979,4090,383,170,267,Pedunculopontine nucleus,left
878,2603,3837,386,131,248,Periaqueductal gray,left
881,2086,4181,392,84,278,"Superior colliculus, motor related, intermediate white layer",left
881,1929,3959,396,67,258,"Superior colliculus, motor related, intermediate gray layer",left
881,2207,4402,390,97,298,"Inferior colliculus, external nucleus",left
881,2308,3970,389,104,261,Periaqueductal gray,left
881,2542,4005,386,126,262,Periaqueductal gray,left
881,2575,4320,386,132,291,Midbrain reticular nucleus,left
881,2589,3799,385,130,245,Periaqueductal gray,left
881,2780,3762,384,148,240,Trochlear nucleus,left
881,2985,4088,382,171,266,Pedunculopontine nucleus,left
881,3131,2977,379,183,172,Pedunculopontine nucleus,right
879,2725,3899,385,144,252,Periaqueductal gray,left
883,3282,3305,378,198,199,Pontine reticular nucleus,right
883,3353,3263,377,204,196,Pontine reticular nucleus,right
883,3392,3960,378,209,254,Pontine reticular nucleus,left
883,3271,4519,379,201,301,Nucleus of the lateral lemniscus,left
883,2688,3963,384,141,258,Periaqueductal gray,left
883,2994,4213,382,173,277,Pedunculopontine nucleus,left
883,3429,3168,376,211,187,Pontine reticular nucleus,right
883,1853,3954,397,59,256,"Superior colliculus, optic layer",left
883,3133,2975,378,184,172,Pedunculopontine nucleus,right
880,2584,3453,385,130,214,Periaqueductal gray,right
882,2193,4189,391,94,279,"Superior colliculus, motor related, deep gray layer",left
882,2688,2875,384,142,163,Midbrain reticular nucleus,right
882,2988,3559,382,170,222,Midbrain,right
882,3735,4246,372,243,276,Pons,left
884,3725,2863,372,239,160,Pons,right
884,2281,4081,389,101,270,"Superior colliculus, motor related, deep gray layer",left
884,2317,4061,389,105,268,"Superior colliculus, motor related, deep gray layer",left
884,2635,3763,385,135,241,Periaqueductal gray,left
884,3134,2974,378,184,172,Pedunculopontine nucleus,right
885,2460,4029,386,119,265,Midbrain,left
885,2647,3410,384,136,211,Periaqueductal gray,right
887,3160,4421,380,190,294,Midbrain,left
886,2607,3418,384,132,211,Periaqueductal gray,right
886,3126,4180,380,185,273,Pedunculopontine nucleus,left
886,2642,3770,384,135,242,Periaqueductal gray,left
886,3535,4069,375,223,262,Pontine reticular nucleus,left
888,2581,3910,384,129,254,Periaqueductal gray,left
888,2659,3843,384,137,247,Periaqueductal gray,left
888,2903,4378,382,165,292,Pedunculopontine nucleus,left
889,2249,4284,389,100,288,Midbrain,left
889,2338,4138,388,107,275,"Superior colliculus, motor related, deep gray layer",left
889,2345,4088,387,108,271,"Superior colliculus, motor related, deep gray layer",left
889,3180,4483,380,191,299,lateral lemniscus,left
889,3288,3303,377,198,199,Pontine reticular nucleus,right
891,2909,3560,381,162,223,medial longitudinal fascicle,right
891,2184,3016,387,93,176,"Superior colliculus, motor related, intermediate white layer",right
891,3031,3041,378,173,177,Pedunculopontine nucleus,right
890,3137,4179,379,186,273,Midbrain,left
890,3234,4475,378,197,297,Pons,left
890,3559,3815,374,225,241,Pons,left
890,2355,4343,387,110,293,Midbrain,left
890,3205,4157,378,192,271,Pontine reticular nucleus,left
892,2104,4183,390,84,279,"Superior colliculus, motor related, intermediate white layer",left
892,2631,3849,383,133,249,Periaqueductal gray,left
892,3330,2850,375,200,160,Pons,right
894,2183,3671,389,92,235,Periaqueductal gray,left
894,2113,2937,388,85,169,"Superior colliculus, motor related, intermediate white layer",right
894,3614,4288,373,231,279,Pontine reticular nucleus,left
894,2606,3255,383,132,197,Periaqueductal gray,right
893,2595,3940,383,131,256,Periaqueductal gray,left
893,2645,3873,383,136,251,Periaqueductal gray,left
893,3664,4255,372,236,276,Pontine reticular nucleus,left
893,2414,4126,386,114,274,Midbrain,left
893,2569,3977,383,129,260,Periaqueductal gray,left
893,2926,3750,381,163,238,Midbrain reticular nucleus,left
893,3326,3140,375,201,186,Pontine reticular nucleus,right
893,3442,4428,376,215,292,Pons,left
895,2791,3408,381,149,210,Periaqueductal gray,right
897,2281,3665,386,99,234,Periaqueductal gray,left
897,2462,4068,384,119,268,Midbrain,left
897,2611,3092,382,133,182,Midbrain reticular nucleus,right
897,2643,3867,382,135,250,Periaqueductal gray,left
897,2936,3748,380,164,238,Midbrain reticular nucleus,left
897,2966,4168,380,169,273,Pedunculopontine nucleus,left
897,3127,4262,378,185,280,Pedunculopontine nucleus,left
897,2602,3251,382,131,197,Periaqueductal gray,right
898,2465,3218,383,118,194,Periaqueductal gray,right
898,2424,4131,385,115,274,Midbrain,left
900,3739,4282,369,243,279,lateral lemniscus,left
900,2657,3432,381,137,213,Periaqueductal gray,right
900,2230,4138,387,96,275,"Superior colliculus, motor related, deep gray layer",left
900,3379,4064,374,208,262,Pontine reticular nucleus,left
899,2145,3954,389,88,258,"Superior colliculus, motor related, deep gray layer",left
899,2817,4082,381,154,268,Midbrain reticular nucleus,left
901,2562,4336,383,131,292,Midbrain reticular nucleus,left
901,2459,4093,383,119,270,Midbrain,left
901,2592,3286,381,130,200,Periaqueductal gray,right
901,3174,4445,377,191,296,Midbrain,left
901,3307,3885,375,201,248,crossed tectospinal pathway,left
901,2081,4275,389,82,286,"Superior colliculus, motor related, intermediate gray layer",left
902,2688,3418,381,139,211,Periaqueductal gray,right
906,2387,4013,383,111,264,Periaqueductal gray,left
906,2559,4339,382,130,292,Midbrain reticular nucleus,left
906,3735,4279,368,243,278,Pons,left
905,2084,4272,387,83,286,"Superior colliculus, motor related, intermediate white layer",left
905,2428,4095,383,115,271,Midbrain,left
905,3170,4451,376,190,296,Midbrain,left
905,3705,3900,369,238,247,Tegmental reticular nucleus,left
904,2643,4054,381,136,266,Midbrain reticular nucleus,left
908,3315,3887,374,201,248,crossed tectospinal pathway,left
908,2483,3967,382,120,259,Periaqueductal gray,left
908,2581,3883,381,128,252,Periaqueductal gray,left
908,3366,4091,374,206,264,Pontine reticular nucleus,left
908,2197,4222,386,94,282,"Superior colliculus, motor related, intermediate white layer",left
907,2525,3317,381,123,202,Periaqueductal gray,right
907,2611,3400,380,132,210,Periaqueductal gray,right
909,2761,3060,378,148,180,Midbrain reticular nucleus,right
909,3360,4165,374,207,270,Pontine reticular nucleus,left
909,3396,3967,373,210,254,Pontine reticular nucleus,left
910,2423,4061,382,114,268,Midbrain,left
910,2592,3830,380,129,247,Periaqueductal gray,left
913,2025,4002,388,75,262,"Superior colliculus, motor related, intermediate white layer",left
913,2456,3914,381,116,255,Periaqueductal gray,left
913,3053,4123,376,177,269,Pedunculopontine nucleus,left
913,3411,3045,370,208,178,Pontine reticular nucleus,right
913,2866,3508,378,156,219,medial longitudinal fascicle,right
911,2386,3163,381,111,189,"Superior colliculus, motor related, deep white layer",right
911,3350,3997,373,205,257,Pontine reticular nucleus,left
912,2913,3840,377,162,246,Midbrain reticular nucleus,left
914,3310,3207,372,199,192,Pontine reticular nucleus,right
914,2390,3161,381,111,189,"Superior colliculus, motor related, deep white layer",right
914,2587,3826,380,129,247,Periaqueductal gray,left
914,3421,3068,370,209,179,Pontine reticular nucleus,right
915,2917,3704,377,161,234,medial longitudinal fascicle,left
915,2944,3707,376,165,235,mammillotegmental tract,left
915,3357,4002,372,206,257,Pontine reticular nucleus,left
915,2352,3909,382,106,255,Periaqueductal gray,left
915,3474,3931,370,216,250,Pontine reticular nucleus,left
916,2639,3776,378,134,242,Periaqueductal gray,left
916,2452,4005,381,116,263,Periaqueductal gray,left
916,2957,3712,376,166,235,mammillotegmental tract,left
916,3371,3380,371,206,205,Pontine reticular nucleus,right
916,2436,4019,381,115,265,"Superior colliculus, motor related, deep white layer",left
919,2687,3149,377,140,188,Midbrain reticular nucleus,right
919,2836,3148,376,154,187,Midbrain reticular nucleus,right
919,2378,3172,381,109,190,"Superior colliculus, motor related, deep white layer",right
919,2708,3498,378,141,218,Periaqueductal gray,right
919,2668,3892,378,137,252,Periaqueductal gray,left
918,2613,3880,379,131,251,Periaqueductal gray,left
918,2752,2927,377,146,167,Midbrain reticular nucleus,right
917,3145,3657,375,185,230,superior cerebellar peduncle decussation,left
922,3224,4161,373,193,271,Pontine reticular nucleus,left
922,2485,3922,379,119,256,Periaqueductal gray,left
922,2973,4311,376,170,286,Pedunculopontine nucleus,left
922,3399,3085,368,207,181,Pontine reticular nucleus,right
922,2179,3515,383,90,221,Periaqueductal gray,right
922,3353,3942,371,204,252,Pontine reticular nucleus,left
922,3459,4023,370,215,259,Pontine reticular nucleus,left
920,2341,4173,381,106,278,"Superior colliculus, motor related, deep gray layer",left
921,3393,3179,369,206,189,Pontine reticular nucleus,right
921,3346,3424,371,203,210,Superior central nucleus raphe,right
923,3239,4355,373,195,287,Pons,left
923,2348,4047,381,107,267,"Superior colliculus, motor related, deep gray layer",left
923,3032,4024,374,175,261,Midbrain reticular nucleus,left
924,2783,4159,377,151,275,Midbrain reticular nucleus,left
924,3054,2901,372,174,165,Pedunculopontine nucleus,right
924,2564,4121,379,128,273,Midbrain reticular nucleus,left
924,2883,3396,376,158,209,Midbrain reticular nucleus,right
924,2910,3324,375,161,202,Midbrain reticular nucleus,right
924,2958,3708,375,166,235,mammillotegmental tract,left
925,2614,3728,377,131,238,Periaqueductal gray,left
925,3470,4005,368,216,257,Pontine reticular nucleus,left
925,3472,4028,368,216,259,Pontine reticular nucleus,left
926,2427,4029,379,114,265,"Superior colliculus, motor related, deep white layer",left
926,2576,3915,377,128,254,Periaqueductal gray,left
926,3217,4038,372,191,261,Pontine reticular nucleus,left
927,2724,2926,375,144,167,Midbrain reticular nucleus,right
927,2746,2944,375,146,170,Midbrain reticular nucleus,right
927,2787,3656,376,148,231,Midbrain,left
927,2696,3924,376,140,255,Periaqueductal gray,left
930,3301,3221,368,198,193,Pontine reticular nucleus,right
930,3043,4255,373,176,280,Pedunculopontine nucleus,left
928,2250,2942,380,97,169,"Superior colliculus, motor related, intermediate white layer",right
929,2651,3802,377,135,244,Periaqueductal gray,left
929,2752,3450,376,144,214,Supraoculomotor periaqueductal gray,right
929,3179,4245,373,189,279,Midbrain,left
929,2599,4085,377,131,270,Midbrain reticular nucleus,left
929,2745,3775,376,145,242,Periaqueductal gray,left
929,2953,3702,375,165,234,Midbrain,left
929,2962,3707,374,166,235,mammillotegmental tract,left
934,3497,4140,367,219,268,Pontine reticular nucleus,left
934,3060,3283,372,175,199,Midbrain reticular nucleus,right
934,3061,3892,373,176,250,Midbrain reticular nucleus,left
932,2774,4337,376,151,290,Midbrain reticular nucleus,left
931,2716,3989,375,142,260,Midbrain reticular nucleus,left
931,3450,3088,366,211,181,Pontine reticular nucleus,right
935,3450,4123,367,214,267,Pontine reticular nucleus,left
933,3203,3197,369,188,191,Pontine reticular nucleus,right
936,2085,3762,382,80,242,"Superior colliculus, motor related, deep gray layer",left
936,2465,4075,377,117,269,"Superior colliculus, motor related, deep gray layer",left
937,3227,3970,370,192,256,Pontine reticular nucleus,left
938,2581,3071,375,128,181,Midbrain reticular nucleus,right
938,3149,4187,371,186,274,Midbrain,left
939,2402,3137,377,111,187,"Superior colliculus, motor related, deep gray layer",right
939,2633,3351,375,133,205,Periaqueductal gray,right
939,2712,3765,374,140,241,Supraoculomotor periaqueductal gray,left
940,2483,3883,375,118,253,Periaqueductal gray,left
942,2503,4080,376,121,269,Midbrain,left
942,3319,3827,368,201,243,Superior central nucleus raphe,left
942,2425,4207,377,114,281,"Superior colliculus, motor related, deep gray layer",left
942,3119,3313,369,181,201,Midbrain reticular nucleus,right
941,2614,3278,374,131,199,Periaqueductal gray,right
941,2770,4128,373,149,272,Midbrain reticular nucleus,left
943,3121,3033,368,181,177,Midbrain,right
943,2607,3838,374,131,248,Periaqueductal gray,left
945,3147,4357,369,186,289,Pedunculopontine nucleus,left
945,2675,4317,374,140,289,Midbrain reticular nucleus,left
945,2987,3926,370,169,253,Midbrain reticular nucleus,left
946,2820,2963,370,153,171,Midbrain reticular nucleus,right
947,2420,4115,376,113,272,"Superior colliculus, motor related, deep gray layer",left
947,2990,3206,369,168,191,Midbrain reticular nucleus,right
948,2391,3838,376,108,248,Periaqueductal gray,left
948,2504,3927,374,120,256,Periaqueductal gray,left
949,2418,4265,376,113,285,Midbrain,left
949,2519,4051,374,123,267,Midbrain,left
949,3182,4339,369,190,287,Midbrain,left
951,2038,3214,378,76,194,"Superior colliculus, motor related, intermediate white layer",right
951,2193,3774,378,89,243,"Superior colliculus, motor related, deep white layer",left
951,3198,2939,365,187,168,Midbrain,right
950,2983,3905,370,168,251,Midbrain reticular nucleus,left
952,2021,3223,378,75,195,"Superior colliculus, motor related, intermediate white layer",right
952,2381,4083,375,108,270,"Superior colliculus, motor related, deep gray layer",left
952,2728,3158,371,142,189,Midbrain reticular nucleus,right
952,2507,3959,374,121,259,Periaqueductal gray,left
952,2804,2760,370,150,152,Midbrain,right
953,2628,3785,372,131,243,Periaqueductal gray,left
953,2768,3157,370,146,189,Midbrain reticular nucleus,right
954,2497,2881,373,121,163,Midbrain,right
954,2428,4097,375,113,271,"Superior colliculus, motor related, deep gray layer",left
954,2941,3689,370,163,233,Midbrain,left
954,2641,3993,372,134,261,Midbrain reticular nucleus,left
954,3106,4185,369,181,275,Midbrain reticular nucleus,left
958,3311,3236,364,198,194,Pontine reticular nucleus,right
958,2622,3941,372,132,256,Periaqueductal gray,left
955,2788,4124,371,150,272,Midbrain reticular nucleus,left
955,2111,3776,378,82,243,"Superior colliculus, motor related, deep gray layer",left
955,2998,4040,369,170,263,Midbrain reticular nucleus,left
955,2476,4097,373,118,271,"Superior colliculus, motor related, deep gray layer",left
955,2770,2991,369,147,173,Midbrain reticular nucleus,right
955,2960,3883,369,166,250,Midbrain reticular nucleus,left
955,2961,3688,369,165,233,mammillotegmental tract,left
956,2478,4284,374,120,287,Midbrain,left
956,2770,3588,370,146,225,Midbrain,right
956,3527,3151,361,218,186,Pontine reticular nucleus,right
956,3477,3255,362,213,194,Pontine reticular nucleus,right
957,2268,2935,374,98,169,"Superior colliculus, motor related, intermediate white layer",right
957,2502,3905,373,119,254,Periaqueductal gray,left
957,2653,3877,371,134,251,Periaqueductal gray,left
957,3036,3839,368,173,245,crossed tectospinal pathway,left
959,2315,4345,375,104,293,"Superior colliculus, motor related, intermediate white layer",left
959,2999,4059,369,170,265,Midbrain reticular nucleus,left
959,2451,3968,373,115,259,Periaqueductal gray,left
960,2614,3934,371,130,256,Periaqueductal gray,left
960,2503,4162,372,121,276,"Superior colliculus, motor related, deep gray layer",left
960,3442,3968,363,211,254,Pontine reticular nucleus,left
961,2711,3751,370,140,240,Supraoculomotor periaqueductal gray,left
961,2314,2849,373,102,160,"Superior colliculus, motor related, intermediate white layer",right
961,2614,4188,371,132,278,Midbrain reticular nucleus,left
961,3070,3293,366,175,199,Red nucleus,right
961,2017,3777,379,72,242,"Superior colliculus, motor related, intermediate white layer",left
963,2348,4230,374,106,282,"Superior colliculus, motor related, deep gray layer",left
963,2722,3489,370,141,217,Supraoculomotor periaqueductal gray,right
963,2841,4159,369,155,274,Midbrain reticular nucleus,left
963,2438,3101,372,114,183,"Superior colliculus, motor related, deep gray layer",right
965,2291,3718,373,98,238,Periaqueductal gray,left
965,2493,3120,370,119,186,"Superior colliculus, motor related, deep gray layer",right
965,2810,4407,369,154,296,Midbrain reticular nucleus,left
965,2994,4097,367,170,268,Midbrain reticular nucleus,left
964,2771,4459,370,150,301,Midbrain reticular nucleus,left
966,2638,3863,370,132,250,Periaqueductal gray,left
968,2209,3707,375,91,238,Periaqueductal gray,left
968,2390,3910,372,108,255,Periaqueductal gray,left
969,2483,4125,372,119,273,"Superior colliculus, motor related, deep gray layer",left
967,2715,3689,369,139,234,Supraoculomotor periaqueductal gray,left
967,2824,3827,368,151,246,Midbrain reticular nucleus,left
971,2811,2933,366,151,168,Midbrain reticular nucleus,right
971,3192,3974,364,187,256,Midbrain,left
971,2114,4381,375,83,293,"Superior colliculus, motor related, intermediate gray layer",left
972,2237,3907,374,93,255,"Superior colliculus, motor related, deep gray layer",left
972,3392,3223,360,204,192,Pontine reticular nucleus,right
972,2646,3874,369,134,251,Periaqueductal gray,left
970,2478,4136,371,118,274,"Superior colliculus, motor related, deep gray layer",left
970,3238,4264,364,193,280,rubrospinal tract,left
975,2599,4027,368,129,264,Midbrain reticular nucleus,left
975,2598,4105,369,130,270,Midbrain reticular nucleus,left
975,2672,3845,368,136,248,Periaqueductal gray,left
973,3471,3022,358,212,175,"Substantia nigra, reticular part",right
976,2440,4101,370,114,271,"Superior colliculus, motor related, deep gray layer",left
977,2443,4196,370,114,280,"Superior colliculus, motor related, deep gray layer",left
977,2631,3876,368,131,251,Periaqueductal gray,left
977,2641,3373,368,132,207,Periaqueductal gray,right
977,2738,3106,366,143,183,Midbrain reticular nucleus,right
977,3101,4092,364,179,266,"Midbrain reticular nucleus, retrorubral area",left
977,2903,3718,366,158,235,medial longitudinal fascicle,left
977,3185,3650,363,186,229,Central linear nucleus raphe,left
978,2859,3725,366,154,237,Midbrain,left
978,3140,3323,363,181,202,Midbrain reticular nucleus,right
978,3475,3068,358,212,178,"Substantia nigra, reticular part",right
978,2614,4007,368,130,263,Midbrain reticular nucleus,left
978,3065,4187,365,176,275,"Midbrain reticular nucleus, retrorubral area",left
979,2330,2868,370,103,162,"Superior colliculus, motor related, intermediate white layer",right
979,3131,3296,363,180,200,Midbrain reticular nucleus,right
979,2364,2856,370,107,161,"Superior colliculus, motor related, intermediate white layer",right
980,2633,3865,367,132,250,Periaqueductal gray,left
980,2960,2752,363,164,151,Midbrain,right
980,3062,4149,364,176,272,"Midbrain reticular nucleus, retrorubral area",left
981,2906,3986,365,159,259,Midbrain reticular nucleus,left
981,2857,3725,365,154,237,Midbrain,left
983,2434,4132,369,114,274,"Superior colliculus, motor related, deep gray layer",left
983,3301,3236,360,196,194,Pontine reticular nucleus,right
983,2439,3837,369,112,248,Periaqueductal gray,left
984,2662,4100,367,136,270,Midbrain reticular nucleus,left
984,2754,3527,366,142,220,Periaqueductal gray,right
984,2800,4317,367,151,288,Midbrain reticular nucleus,left
986,3132,4069,362,183,265,"Midbrain reticular nucleus, retrorubral area",left
986,2980,3176,362,165,189,Red nucleus,right
985,3441,2982,356,208,172,"Substantia nigra, compact part",right
989,2043,3365,372,75,206,"Superior colliculus, motor related, intermediate white layer",right
989,3083,4111,363,178,269,"Midbrain reticular nucleus, retrorubral area",left
989,2590,3931,367,127,255,Periaqueductal gray,left
989,3097,4080,362,179,265,Midbrain reticular nucleus,left
991,3149,3970,361,183,257,Midbrain reticular nucleus,left
991,2717,3880,365,139,250,Periaqueductal gray,left
990,2252,3673,369,94,234,Periaqueductal gray,left
992,2396,4080,368,109,269,"Superior colliculus, motor related, deep gray layer",left
992,3024,2766,361,170,152,Midbrain,right
992,3176,3272,360,184,197,Midbrain reticular nucleus,right
992,2521,3890,366,120,252,Periaqueductal gray,left
993,2882,3130,362,157,185,Midbrain reticular nucleus,right
995,2191,3708,370,88,237,"Superior colliculus, motor related, deep gray layer",left
995,3136,3190,359,180,190,Midbrain reticular nucleus,right
995,3456,3887,356,211,248,Pontine reticular nucleus,left
994,2862,3724,364,154,237,Midbrain,left
994,2167,4053,371,85,266,"Superior colliculus, motor related, intermediate white layer",left
994,2551,3818,366,123,245,Periaqueductal gray,left
997,2726,3537,364,139,221,Periaqueductal gray,right
996,2885,3168,361,156,188,Midbrain reticular nucleus,right
996,2467,4192,367,116,278,"Superior colliculus, motor related, deep gray layer",left
996,3214,3657,359,188,230,Central linear nucleus raphe,left
999,2551,3813,365,122,245,Periaqueductal gray,left
999,3123,3124,358,179,184,Midbrain reticular nucleus,right
1001,2367,4079,367,105,268,"Superior colliculus, motor related, deep gray layer",left
1001,2613,2900,363,130,165,Midbrain reticular nucleus,right
1001,2749,3235,362,143,195,Midbrain reticular nucleus,right
1001,3156,3996,359,183,259,Midbrain reticular nucleus,left
1003,2236,3721,368,92,238,"Superior colliculus, motor related, deep white layer",left
1003,2194,3664,368,89,233,"Superior colliculus, motor related, deep gray layer",left
1002,2616,3759,364,128,241,Periaqueductal gray,left
1004,2917,3731,362,159,236,Midbrain reticular nucleus,left
1006,2396,3010,364,109,175,"Superior colliculus, motor related, intermediate white layer",right
1006,3168,4094,358,184,267,"Midbrain reticular nucleus, retrorubral area",left
1008,2221,3723,367,91,238,"Superior colliculus, motor related, deep gray layer",left
1010,2705,3997,361,138,261,Midbrain reticular nucleus,left
1010,2766,2963,360,144,170,Midbrain reticular nucleus,right
1010,2417,3677,364,108,234,Periaqueductal gray,left
1007,2917,2894,359,159,165,Midbrain reticular nucleus,right
1012,2120,3227,366,82,194,"Superior colliculus, motor related, intermediate white layer",right
1012,3062,4152,358,175,272,Midbrain reticular nucleus,left
1012,2907,3487,360,158,216,Midbrain reticular nucleus,right
1012,3254,3070,354,190,179,"Midbrain reticular nucleus, retrorubral area",right
1009,2632,3884,363,131,252,Periaqueductal gray,left
1009,2831,3118,360,150,184,Midbrain reticular nucleus,right
1011,2904,3846,360,158,247,Midbrain reticular nucleus,left
1011,3023,3290,358,169,198,Red nucleus,right
1013,2751,4106,361,144,270,Midbrain reticular nucleus,left
1013,3187,4016,357,186,260,Midbrain,left
1013,2555,3760,362,122,241,Periaqueductal gray,left
1013,2586,3929,362,126,255,Periaqueductal gray,left
1015,1967,3800,370,65,243,"Superior colliculus, motor related, intermediate gray layer",left
1020,2803,3638,359,146,229,Edinger-Westphal nucleus,left
1020,2446,3913,362,112,254,Periaqueductal gray,left
1020,3025,2947,355,169,169,Midbrain reticular nucleus,right
1017,2708,4009,360,139,262,Midbrain reticular nucleus,left
1017,3199,4089,356,188,266,"Midbrain reticular nucleus, retrorubral area",left
1017,3207,3987,356,188,257,Midbrain,left
1017,2761,3532,360,143,221,Periaqueductal gray,right
1017,2873,4206,360,157,278,Midbrain reticular nucleus,left
1017,3166,4174,356,184,274,"Midbrain reticular nucleus, retrorubral area",left
1019,2999,3171,357,167,189,Red nucleus,right
1019,2786,3700,360,145,235,Periaqueductal gray,left
1019,3242,4075,355,191,265,"Midbrain reticular nucleus, retrorubral area",left
1024,1965,3985,369,65,259,"Superior colliculus, motor related, intermediate gray layer",left
1024,2563,3846,361,123,248,Periaqueductal gray,left
1021,2418,2881,361,110,163,"Superior colliculus, motor related, intermediate white layer",right
1021,2212,4507,364,93,304,Postsubiculum,left
1021,2221,4514,364,94,304,fiber tracts,left
1021,2595,3732,360,126,239,Periaqueductal gray,left
1022,2200,4497,364,91,303,Postsubiculum,left
1022,2521,3788,361,119,243,Periaqueductal gray,left
1022,3035,4576,357,174,309,Midbrain,left
1025,2938,3165,356,160,188,Midbrain reticular nucleus,right
1025,2933,3655,357,160,230,Midbrain,left
1025,2222,4510,363,94,304,fiber tracts,left
1026,2483,2899,360,117,165,"Superior colliculus, motor related, intermediate white layer",right
1028,3250,3209,352,190,191,"Midbrain reticular nucleus, retrorubral area",right
1031,2834,3753,357,150,239,Midbrain,left
1031,2344,4055,361,103,266,"Superior colliculus, motor related, deep gray layer",left
1031,2575,3958,359,125,258,Periaqueductal gray,left
1033,2789,4054,357,147,265,Midbrain reticular nucleus,left
1033,2602,3708,358,126,236,Periaqueductal gray,left
1032,3203,4142,353,187,270,"Midbrain reticular nucleus, retrorubral area",left
1032,2685,4000,358,136,261,Midbrain reticular nucleus,left
1032,3295,3278,351,194,196,Ventral tegmental area,right
1036,2274,3731,361,95,238,"Superior colliculus, motor related, deep white layer",left
1036,2447,2829,359,113,158,"Superior colliculus, motor related, intermediate white layer",right
1038,2375,2817,359,106,157,"Superior colliculus, motor related, intermediate gray layer",right
1038,2806,3988,356,148,259,Midbrain reticular nucleus,left
1038,2888,4050,356,157,265,Midbrain reticular nucleus,left
1034,2915,4185,356,160,276,Midbrain reticular nucleus,left
1040,2535,2863,357,121,162,"Superior colliculus, motor related, intermediate white layer",right
1040,3268,3161,349,190,187,"Midbrain reticular nucleus, retrorubral area",right
1040,2614,4018,357,129,262,Midbrain reticular nucleus,left
1040,2472,2912,357,115,166,"Superior colliculus, motor related, intermediate white layer",right
1040,2530,2939,357,120,168,"Superior colliculus, motor related, intermediate white layer",right
1039,2839,3696,356,150,234,Oculomotor nucleus,left
1039,2956,3024,353,162,175,Midbrain reticular nucleus,right
1042,2207,3712,361,89,237,"Superior colliculus, motor related, deep gray layer",left
1042,2547,2867,357,123,161,"Superior colliculus, motor related, intermediate white layer",right
1042,3090,4081,353,176,266,Red nucleus,left
1041,2444,4008,358,112,262,"Superior colliculus, motor related, deep gray layer",left
1041,2567,4093,358,124,269,"Superior colliculus, motor related, deep gray layer",left
1041,2635,3951,357,131,257,Midbrain reticular nucleus,left
1041,2959,4052,354,164,264,Red nucleus,left
1041,3004,4017,354,167,261,Red nucleus,left
1043,2529,2856,357,120,160,"Superior colliculus, motor related, intermediate white layer",right
1043,2888,4047,355,157,265,Midbrain reticular nucleus,left
1045,2601,4045,356,127,265,Midbrain,left
1047,2308,2883,358,99,164,"Superior colliculus, motor related, intermediate gray layer",right
1048,2569,3953,356,124,257,Periaqueductal gray,left
1048,2956,3724,353,161,236,Midbrain reticular nucleus,left
1049,2389,3656,358,105,231,Periaqueductal gray,left
1049,3171,3641,351,183,228,ventral tegmental decussation,right
1051,2952,3625,352,161,227,Rostral linear nucleus raphe,right
1054,2360,3106,356,104,183,"Superior colliculus, motor related, intermediate white layer",right
1056,2443,2921,355,111,167,"Superior colliculus, motor related, intermediate white layer",right
1056,2641,3817,354,130,245,Periaqueductal gray,left
1059,2666,3810,354,132,245,Periaqueductal gray,left
1059,2787,4448,354,148,299,Midbrain reticular nucleus,left
1059,2951,3720,351,161,236,Midbrain reticular nucleus,left
1068,2351,3799,355,101,244,"Superior colliculus, motor related, deep white layer",left
1057,2963,3689,351,162,233,Midbrain,left
1058,3043,4103,351,171,268,Red nucleus,left
1060,2469,2789,354,115,155,"Superior colliculus, motor related, intermediate gray layer",right
1060,2355,3806,356,101,244,Periaqueductal gray,left
1065,2753,4429,352,144,297,Midbrain reticular nucleus,left
1064,2992,4075,350,166,266,Red nucleus,left
1064,2997,4285,350,168,284,Midbrain reticular nucleus,left
1064,3009,3670,350,167,232,mammillotegmental tract,left
1066,2711,3902,352,137,252,Midbrain reticular nucleus,left
1069,2905,3056,349,156,177,Midbrain reticular nucleus,right
1069,2898,4358,351,159,291,Midbrain reticular nucleus,left
1067,2806,4142,351,148,272,Midbrain reticular nucleus,left
1067,2884,3625,350,154,228,Edinger-Westphal nucleus,right
1070,2892,2967,348,155,170,Midbrain reticular nucleus,right
1070,2934,3690,349,159,233,Midbrain,left
1070,2536,3876,352,119,250,Periaqueductal gray,left
1071,2963,4319,349,165,288,Midbrain reticular nucleus,left
1073,2751,3782,350,141,242,Periaqueductal gray,left
1073,2848,3798,350,151,243,Interstitial nucleus of Cajal,left
1073,2934,3694,349,159,234,Midbrain,left
1073,3103,4317,347,178,286,Midbrain reticular nucleus,left
1072,2963,4321,349,165,288,Midbrain reticular nucleus,left
1074,2772,3877,350,144,250,Midbrain reticular nucleus,left
1075,2828,4566,349,152,309,Posterior limiting nucleus of the thalamus,left
1075,3021,3656,347,168,229,Rostral linear nucleus raphe,left
1076,2247,2989,353,92,173,"Superior colliculus, motor related, intermediate gray layer",right
1078,2576,3306,350,123,200,Periaqueductal gray,right
1078,2639,3946,350,130,256,Periaqueductal gray,left
1078,2541,3943,351,120,255,Periaqueductal gray,left
1078,2674,3554,350,132,222,Periaqueductal gray,right
1080,2672,3554,349,132,222,Periaqueductal gray,right
1082,2587,3400,349,124,209,Periaqueductal gray,right
1082,3067,3749,346,171,238,Midbrain reticular nucleus,left
1081,2649,3948,350,131,256,Midbrain reticular nucleus,left
1084,2859,4281,348,154,284,Midbrain reticular nucleus,left
1083,3003,3672,347,165,232,Midbrain,left
1085,3040,2982,344,168,171,Midbrain reticular nucleus,right
1086,2443,3882,350,109,251,"Superior colliculus, motor related, deep white layer",left
1086,2766,4209,348,144,279,Midbrain reticular nucleus,left
1086,2904,3709,347,155,235,Nucleus of Darkschewitsch,left
1086,2436,3663,350,109,232,Periaqueductal gray,left
1086,3119,4127,344,179,270,Red nucleus,left
1087,2680,3821,348,133,245,Periaqueductal gray,left
1089,2612,3925,349,127,254,Periaqueductal gray,left
1089,2917,3695,346,156,234,Periaqueductal gray,left
1089,2989,4314,346,166,287,Midbrain reticular nucleus,left
1089,2899,3812,347,156,244,Interstitial nucleus of Cajal,left
1089,3054,3711,345,170,235,Midbrain reticular nucleus,left
1089,2763,4526,348,145,305,Posterior limiting nucleus of the thalamus,left
1089,2929,3774,346,158,240,Interstitial nucleus of Cajal,left
1088,2873,4318,347,156,287,Midbrain reticular nucleus,left
1088,2977,3662,346,162,230,Edinger-Westphal nucleus,left
1092,2438,3655,349,109,231,Periaqueductal gray,left
1092,2763,4400,347,145,295,Midbrain reticular nucleus,left
1092,2911,3701,346,156,234,Periaqueductal gray,left
1090,2918,3970,346,157,258,Midbrain reticular nucleus,left
1090,2955,3724,345,160,236,medial longitudinal fascicle,left
1090,2812,4315,347,149,287,Midbrain reticular nucleus,left
1090,2860,4518,346,155,304,Thalamus,left
1090,2977,4352,345,165,290,Midbrain reticular nucleus,left
1091,2508,3940,349,117,255,"Superior colliculus, motor related, deep white layer",left
1091,2809,4515,347,150,304,Posterior limiting nucleus of the thalamus,left
1091,2998,3410,344,164,209,Midbrain reticular nucleus,right
1091,2874,2867,345,153,160,Midbrain reticular nucleus,right
1094,2945,3699,345,160,234,Midbrain,left
1094,2961,3699,345,161,234,Midbrain,left
1093,2704,3569,347,134,224,Periaqueductal gray,right
1093,2956,3103,344,160,181,Midbrain reticular nucleus,right
1093,2874,4336,346,156,289,Midbrain reticular nucleus,left
1093,2881,4477,346,156,301,Midbrain reticular nucleus,left
1096,2224,4254,351,90,281,"Superior colliculus, motor related, intermediate gray layer",left
1097,2611,3461,347,126,214,Periaqueductal gray,right
1097,2683,3282,346,133,199,Midbrain reticular nucleus,right
1097,2759,4399,347,145,295,Midbrain reticular nucleus,left
1097,2764,4377,347,145,292,Midbrain reticular nucleus,left
1097,2794,4338,346,148,289,Midbrain reticular nucleus,left
1097,2934,3709,344,159,235,Midbrain,left
1097,2978,4325,344,165,288,Midbrain reticular nucleus,left
1097,2730,4497,347,141,303,Midbrain reticular nucleus,left
1097,2879,4446,345,156,299,Midbrain reticular nucleus,left
1097,3019,3458,343,167,213,Midbrain reticular nucleus,right
1098,2872,4249,345,155,282,Midbrain reticular nucleus,left
1098,2964,3681,344,161,232,Medial accesory oculomotor nucleus,left
1099,2669,4024,347,134,263,Midbrain reticular nucleus,left
1100,2952,3724,343,160,236,medial longitudinal fascicle,left
1102,2715,4101,346,138,269,Midbrain reticular nucleus,left
1102,2951,3854,343,160,247,Midbrain reticular nucleus,left
1102,2820,3978,345,149,258,Midbrain reticular nucleus,left
1103,3003,3406,343,164,208,Midbrain reticular nucleus,right
1103,2814,3974,345,147,258,Midbrain reticular nucleus,left
1104,2936,3681,344,158,232,Periaqueductal gray,left
1104,2935,3716,344,159,235,Midbrain,left
1104,3029,3523,343,167,218,Midbrain reticular nucleus,right
1104,2873,4226,344,155,279,Midbrain reticular nucleus,left
1105,3173,2981,338,180,170,Midbrain reticular nucleus,right
1105,3289,3973,338,193,256,Ventral tegmental area,left
1107,2751,4274,345,143,284,Midbrain,left
1107,2570,3931,346,123,254,Periaqueductal gray,left
1107,2654,4295,346,133,286,"Superior colliculus, motor related, intermediate white layer",left
1107,2995,3500,342,164,216,Midbrain reticular nucleus,right
1107,2960,3732,342,161,237,Midbrain reticular nucleus,left
1106,2954,3693,343,160,233,Medial accesory oculomotor nucleus,left
1106,2776,3072,343,143,180,Midbrain reticular nucleus,right
1106,2836,4250,344,151,282,Midbrain reticular nucleus,left
1106,3015,3722,342,166,236,Midbrain reticular nucleus,left
1108,2963,3706,342,161,234,Medial accesory oculomotor nucleus,left
1110,2616,3886,344,126,251,Periaqueductal gray,left
1110,2882,4245,342,156,281,Anterior pretectal nucleus,left
1110,2951,3745,342,160,238,Interstitial nucleus of Cajal,left
1110,2708,2846,343,137,159,Midbrain,right
1110,2802,4216,343,147,278,Midbrain reticular nucleus,left
1109,2923,3225,342,157,192,Midbrain reticular nucleus,right
1112,2587,3839,345,124,246,Periaqueductal gray,left
1112,2984,3711,341,163,235,medial longitudinal fascicle,left
1111,2980,3691,341,162,233,Medial accesory oculomotor nucleus,left
1111,2707,2847,343,137,159,Midbrain,right
1114,2326,3682,347,98,234,"Superior colliculus, motor related, deep gray layer",left
1114,3249,3344,338,188,202,Red nucleus,right
1114,2739,2910,343,139,165,Midbrain,right
1114,3005,3774,341,165,240,Midbrain reticular nucleus,left
1114,3086,3766,340,173,239,Midbrain reticular nucleus,left
1113,2693,4021,344,135,262,Midbrain reticular nucleus,left
1113,2695,4290,344,138,285,Midbrain,left
1113,2704,2850,343,135,159,Midbrain,right
1113,2717,3926,344,137,254,Midbrain reticular nucleus,left
1113,2772,4491,344,146,302,Posterior limiting nucleus of the thalamus,left
1113,2860,3591,342,150,224,Nucleus of Darkschewitsch,right
1113,2946,3743,342,160,237,Interstitial nucleus of Cajal,left
1113,2739,4511,344,142,304,Posterior limiting nucleus of the thalamus,left
1115,2690,4303,344,136,286,Midbrain,left
1115,2621,4018,344,128,261,Midbrain,left
1115,2714,4046,343,137,264,Midbrain reticular nucleus,left
1115,2709,4308,343,139,287,Midbrain,left
1115,2766,4523,343,145,305,Posterior limiting nucleus of the thalamus,left
1117,2793,4498,343,147,303,Posterior limiting nucleus of the thalamus,left
1117,2708,4313,343,139,287,Midbrain,left
1117,2871,3336,341,152,202,Midbrain reticular nucleus,right
1117,2987,3715,340,163,235,medial longitudinal fascicle,left
1117,2867,3539,341,150,220,Nucleus of Darkschewitsch,right
1117,2996,3684,340,164,232,Medial accesory oculomotor nucleus,left
1117,2996,3608,340,164,226,Edinger-Westphal nucleus,right
1117,2998,3676,340,164,231,Medial accesory oculomotor nucleus,left
1117,3015,3727,340,166,236,Midbrain reticular nucleus,left
1117,3143,3802,339,178,242,Midbrain reticular nucleus,left
1117,3179,3816,338,182,243,Midbrain reticular nucleus,left
1117,3180,3817,338,182,243,Midbrain reticular nucleus,left
1116,3203,3814,338,184,243,Midbrain,left
1116,3139,3793,339,178,241,Midbrain reticular nucleus,left
1118,2704,4305,343,137,286,Midbrain,left
1118,2676,3810,343,132,244,Periaqueductal gray,left
1118,2791,3127,341,143,184,Midbrain reticular nucleus,right
1118,3014,4350,340,168,290,Midbrain reticular nucleus,left
1121,2703,3041,341,135,176,Midbrain,right
1121,2708,4301,342,139,286,Midbrain,left
1121,2714,4310,342,139,287,Midbrain,left
1121,2787,4500,342,147,303,Posterior limiting nucleus of the thalamus,left
1121,2798,3123,340,145,184,Midbrain reticular nucleus,right
1121,2873,3341,340,151,202,Midbrain reticular nucleus,right
1121,2969,3674,340,162,231,Periaqueductal gray,left
1121,3010,4344,339,168,290,Midbrain reticular nucleus,left
1121,3077,3748,339,172,238,Midbrain reticular nucleus,left
1121,3144,3795,338,179,242,Midbrain reticular nucleus,left
1121,3181,3809,337,182,243,Midbrain reticular nucleus,left
1121,3206,3807,337,184,243,Midbrain,left
1121,2704,4285,343,137,285,Midbrain,left
1121,2925,3806,340,157,242,Interstitial nucleus of Cajal,left
1121,2979,3766,340,162,239,Interstitial nucleus of Cajal,left
1122,2690,4267,343,136,283,Midbrain,left
1122,2973,3719,340,162,236,medial longitudinal fascicle,left
1122,2997,3713,339,164,235,Midbrain,left
1122,3048,3818,339,170,243,Midbrain reticular nucleus,left
1124,3011,4305,339,168,285,Midbrain reticular nucleus,left
1124,3189,3815,337,183,243,Midbrain reticular nucleus,left
1124,2817,3164,340,146,187,Midbrain reticular nucleus,right
1124,2994,4243,339,167,280,Midbrain reticular nucleus,left
1124,3235,3852,336,188,246,Midbrain,left
1124,2708,4194,342,138,277,Midbrain,left
1124,2747,3300,341,139,199,Midbrain reticular nucleus,right
1124,2775,4145,342,144,273,Midbrain reticular nucleus,left
1124,3122,3641,338,176,228,Rostral linear nucleus raphe,right
1123,2715,4215,342,138,278,Midbrain,left
1123,3043,3733,339,168,237,Midbrain reticular nucleus,left
1125,2617,4003,342,127,260,Midbrain,left
1125,3018,3818,338,166,243,Midbrain reticular nucleus,left
1125,3253,3858,335,189,247,Midbrain,left
1127,3006,3696,339,164,233,Medial accesory oculomotor nucleus,left
1127,2995,3709,339,164,235,Midbrain,left
1126,2712,4269,342,138,284,Midbrain,left
1126,3175,3807,336,182,243,Midbrain reticular nucleus,left
1126,2550,3322,342,119,202,"Superior colliculus, motor related, deep gray layer",right
1126,3034,3809,338,168,243,Midbrain reticular nucleus,left
1129,2864,3840,340,151,246,Midbrain reticular nucleus,left
1129,2888,3329,339,153,201,Midbrain reticular nucleus,right
1129,2952,3727,339,159,236,Nucleus of Darkschewitsch,left
1129,3037,3728,338,168,236,Midbrain reticular nucleus,left
1129,3041,3835,338,168,245,Midbrain reticular nucleus,left
1129,3046,3747,338,169,238,Midbrain reticular nucleus,left
1129,3089,3746,338,173,238,Midbrain reticular nucleus,left
1129,3164,3811,337,180,243,Midbrain reticular nucleus,left
1129,3007,3818,338,166,243,Midbrain reticular nucleus,left
1129,3014,3816,338,166,243,Midbrain reticular nucleus,left
1129,3096,3744,337,174,237,Midbrain reticular nucleus,left
1129,3146,3789,337,179,241,Midbrain reticular nucleus,left
1130,2546,3325,341,119,202,Midbrain,right
1130,3022,3810,337,167,243,Midbrain reticular nucleus,left
1130,3044,3799,337,169,242,Midbrain reticular nucleus,left
1130,2642,4286,341,131,285,Midbrain,left
1130,3086,3007,335,172,173,Midbrain reticular nucleus,right
1128,2710,4266,342,138,283,Midbrain,left
1128,3014,4308,338,168,286,Midbrain reticular nucleus,left
1131,2986,3733,338,163,237,Interstitial nucleus of Cajal,left
1131,2514,3139,341,116,185,"Superior colliculus, motor related, intermediate white layer",right
1131,3050,4186,337,171,275,Red nucleus,left
1131,3143,3718,336,178,234,Midbrain,left
1132,2968,3529,338,160,218,Interstitial nucleus of Cajal,right
1132,2997,3686,338,164,232,Medial accesory oculomotor nucleus,left
1132,3096,3750,336,174,237,Midbrain reticular nucleus,left
1132,3131,3814,336,177,243,Midbrain reticular nucleus,left
1132,2880,3165,338,152,187,Midbrain reticular nucleus,right
1132,2923,4385,338,160,293,Anterior pretectal nucleus,left
1132,3539,4055,331,216,261,Ventral tegmental area,left
1132,2825,4491,339,150,302,Posterior limiting nucleus of the thalamus,left
1133,2594,4188,342,126,276,"Superior colliculus, motor related, intermediate white layer",left
1133,2691,4141,341,135,272,Midbrain,left
1133,2796,3510,339,144,218,Periaqueductal gray,right
1133,2953,3751,338,159,238,Interstitial nucleus of Cajal,left
1133,3020,3687,337,167,232,Medial accesory oculomotor nucleus,left
1135,2643,4264,340,131,282,Midbrain,left
1135,2615,4195,341,128,277,"Superior colliculus, motor related, intermediate white layer",left
1136,2636,4305,340,131,286,"Superior colliculus, motor related, intermediate gray layer",left
1136,3017,3688,337,165,232,Medial accesory oculomotor nucleus,left
1134,2778,4181,340,144,275,Midbrain,left
1134,3012,3702,337,165,233,Medial accesory oculomotor nucleus,left
1134,2647,3994,341,130,260,Midbrain,left
1134,2676,4240,341,134,280,"Superior colliculus, motor related, intermediate white layer",left
1134,2966,3543,338,160,219,medial longitudinal fascicle,right
1134,2994,3695,338,164,233,Medial accesory oculomotor nucleus,left
1137,2596,4180,341,126,275,"Superior colliculus, motor related, intermediate white layer",left
1137,2680,4237,340,134,280,Midbrain,left
1137,2896,3766,338,154,239,Interstitial nucleus of Cajal,left
1137,2986,4341,337,165,289,Midbrain reticular nucleus,left
1137,3040,3718,336,168,234,Medial accesory oculomotor nucleus,left
1137,3169,3787,335,181,240,Midbrain,left
1137,2758,4188,339,143,276,Anterior pretectal nucleus,left
1137,2989,3696,337,163,233,Midbrain,left
1137,3076,3753,336,172,238,Midbrain reticular nucleus,left
1138,2657,3349,339,130,204,Midbrain,right
1138,3016,3709,337,165,234,Midbrain,left
1138,2618,4188,341,128,276,"Superior colliculus, motor related, intermediate white layer",left
1138,2765,4177,339,143,275,Midbrain,left
1138,2949,3677,337,159,231,Nucleus of Darkschewitsch,left
1138,3093,3742,336,173,236,Midbrain reticular nucleus,left
1138,3100,3762,336,174,239,Midbrain reticular nucleus,left
1138,3151,4680,334,182,317,Midbrain,left
1138,3036,3714,336,168,234,Medial accesory oculomotor nucleus,left
1138,3153,3781,335,179,239,Midbrain,left
1139,3090,3754,336,173,237,Midbrain reticular nucleus,left
1139,3013,3681,337,165,231,Medial accesory oculomotor nucleus,left
1139,3052,3848,336,169,246,Midbrain reticular nucleus,left
1139,3072,3001,335,171,172,Midbrain reticular nucleus,right
1139,2725,4145,339,139,273,Midbrain,left
1140,2393,3692,341,103,233,"Superior colliculus, motor related, deep gray layer",left
1140,3060,3740,335,170,236,Midbrain reticular nucleus,left
1140,3176,3795,334,181,241,Midbrain,left
1141,2715,3098,338,136,182,Midbrain,right
1141,2754,3089,337,139,180,Anterior pretectal nucleus,right
1141,3083,3755,335,173,237,Midbrain reticular nucleus,left
1141,3187,3799,334,182,241,Midbrain,left
1142,2629,4262,340,129,282,Midbrain,left
1142,2632,3259,338,128,196,Midbrain,right
1142,2750,4024,338,140,262,Midbrain reticular nucleus,left
1143,3158,3755,334,180,237,Midbrain,left
1143,2711,3989,338,136,259,Midbrain reticular nucleus,left
1144,2663,3987,339,131,259,Midbrain,left
1144,3251,3820,333,188,243,Midbrain,left
1144,3071,3746,335,171,238,Midbrain reticular nucleus,left
1144,3143,3745,334,177,237,Midbrain,left
1146,2399,3725,340,104,236,superior colliculus commissure,left
1146,2672,4227,338,134,279,Midbrain,left
1146,2757,4018,337,142,261,Midbrain reticular nucleus,left
1146,3095,3748,334,174,237,Midbrain reticular nucleus,left
1146,3054,3711,334,169,234,Medial accesory oculomotor nucleus,left
1146,3093,3755,334,173,237,Midbrain reticular nucleus,left
1146,3207,3860,332,185,247,Midbrain reticular nucleus,left
1146,3231,3907,332,186,251,Midbrain reticular nucleus,left
1145,3027,3676,335,166,231,Periaqueductal gray,left
1145,3135,3783,333,178,241,Midbrain reticular nucleus,left
1145,3296,3114,330,191,182,medial lemniscus,right
1145,2564,4378,339,124,292,"Superior colliculus, motor related, intermediate gray layer",left
1145,3048,3716,334,169,234,Medial accesory oculomotor nucleus,left
1145,3138,4097,333,179,267,Red nucleus,left
1147,3095,3763,334,174,239,Midbrain reticular nucleus,left
1148,2968,3538,335,160,219,Midbrain reticular nucleus,right
1149,2720,4055,338,138,264,Midbrain reticular nucleus,left
1149,3085,3731,334,172,235,Midbrain,left
1149,3204,3800,332,184,241,Midbrain,left
1150,2513,3930,338,116,253,Midbrain,left
1150,2634,4080,337,129,266,"Superior colliculus, motor related, intermediate white layer",left
1150,2993,3825,334,163,244,Interstitial nucleus of Cajal,left
1150,2996,3758,334,164,239,Interstitial nucleus of Cajal,left
1150,3026,3706,334,166,233,Midbrain,left
1150,3103,3689,333,173,232,Medial accesory oculomotor nucleus,left
1150,2623,3177,337,126,188,"Superior colliculus, motor related, intermediate white layer",right
1150,3178,3786,332,181,240,Midbrain,left
1154,2549,3353,337,119,204,Midbrain,right
1154,3025,3734,334,166,237,Interstitial nucleus of Cajal,left
1154,3295,3911,330,193,251,Ventral tegmental area,left
1154,2916,4423,335,158,296,Posterior limiting nucleus of the thalamus,left
1154,2978,4320,334,164,287,Anterior pretectal nucleus,left
1154,2982,4358,334,165,291,Posterior limiting nucleus of the thalamus,left
1154,3169,3708,332,181,234,Midbrain,left
1154,3005,4335,334,166,288,Midbrain,left
1154,3210,3813,331,185,242,Midbrain,left
1154,3468,3279,328,206,195,Ventral tegmental area,right
1153,2625,4189,338,129,276,Midbrain,left
1153,2653,3270,336,129,197,Midbrain,right
1153,2661,3956,337,131,256,Midbrain,left
1153,2776,3732,336,141,237,Periaqueductal gray,left
1153,3032,3708,334,167,234,Midbrain,left
1153,3073,3746,333,171,237,Midbrain reticular nucleus,left
1153,3085,3688,333,172,232,Medial accesory oculomotor nucleus,left
1153,3214,3741,331,184,236,Midbrain,left
1153,2779,4493,336,145,301,Posterior limiting nucleus of the thalamus,left
1153,3015,3771,334,165,240,Interstitial nucleus of Cajal,left
1153,3053,3691,333,169,232,Medial accesory oculomotor nucleus,left
1153,3056,3776,333,169,240,Midbrain reticular nucleus,left
1153,3195,4524,331,186,304,"Substantia nigra, compact part",left
1155,2861,3549,334,150,221,Nucleus of Darkschewitsch,right
1155,2972,3605,333,161,225,Nucleus of Darkschewitsch,right
1155,2604,3413,336,123,209,Midbrain,right
1155,3011,4306,333,167,285,Midbrain reticular nucleus,left
1155,3051,3744,333,169,238,Midbrain reticular nucleus,left
1155,3212,3768,331,184,238,Midbrain,left
1155,3113,3782,332,175,241,Midbrain reticular nucleus,left
1157,3106,3679,332,173,231,Medial accesory oculomotor nucleus,left
1157,3190,3747,331,182,237,Midbrain,left
1157,3056,3717,333,169,234,Midbrain,left
1157,3183,3756,331,182,237,Midbrain,left
1157,2570,3284,336,121,198,"Superior colliculus, motor related, intermediate white layer",right
1157,3096,3185,331,173,188,Red nucleus,right
1157,3220,4534,330,188,305,"Substantia nigra, compact part",left
1157,2994,4268,333,166,282,Midbrain reticular nucleus,left
1156,3050,3698,333,169,233,Medial accesory oculomotor nucleus,left
1156,3061,3677,332,170,231,Medial accesory oculomotor nucleus,left
1156,3461,3276,328,206,195,Ventral tegmental area,right
1156,3043,3710,333,167,234,Midbrain,left
1156,3190,3762,331,182,238,Midbrain,left
1160,2775,4117,334,143,269,Midbrain reticular nucleus,left
1160,3208,4050,329,185,263,Red nucleus,left
1160,3200,3785,330,183,240,Midbrain,left
1158,2813,4472,335,148,300,Posterior limiting nucleus of the thalamus,left
1158,3251,4402,330,190,292,Midbrain reticular nucleus,left
1159,2927,3691,334,156,232,Nucleus of Darkschewitsch,left
1161,3005,3236,332,163,193,Midbrain reticular nucleus,right
1161,3139,3666,331,177,230,Edinger-Westphal nucleus,left
1161,2608,4029,336,126,262,"Superior colliculus, motor related, intermediate white layer",left
1161,3025,3261,331,165,195,Midbrain reticular nucleus,right
1161,3081,3684,331,171,232,Medial accesory oculomotor nucleus,left
1161,2852,4013,334,150,261,Midbrain reticular nucleus,left
1161,2925,4409,333,159,295,Posterior limiting nucleus of the thalamus,left
1161,3031,3698,332,166,233,Nucleus of Darkschewitsch,left
1161,3067,3845,331,170,246,Midbrain reticular nucleus,left
1161,3228,3769,329,186,239,Midbrain,left
1161,3230,4548,329,188,306,"Substantia nigra, compact part",left
1161,3252,3902,329,188,250,Midbrain reticular nucleus,left
1162,3064,3684,332,170,232,Medial accesory oculomotor nucleus,left
1162,3103,3836,331,174,245,Midbrain reticular nucleus,left
1162,3225,3833,329,186,244,Midbrain,left
1162,2682,4485,335,136,301,Posterior limiting nucleus of the thalamus,left
1162,3196,3757,330,183,238,Midbrain,left
1162,3189,3778,330,182,239,Midbrain,left
1165,2605,3965,335,125,256,Midbrain,left
1165,2571,4144,335,123,272,Midbrain,left
1165,2608,3902,335,126,251,Midbrain,left
1164,2670,4482,335,135,301,Posterior limiting nucleus of the thalamus,left
1164,3105,3745,331,174,237,Midbrain reticular nucleus,left
1164,2551,3733,336,119,237,Periaqueductal gray,left
1164,3144,3756,330,178,237,Midbrain reticular nucleus,left
1164,2959,4325,332,162,287,Anterior pretectal nucleus,left
1164,3188,3775,330,182,239,Midbrain,left
1163,3094,3696,331,173,233,Medial accesory oculomotor nucleus,left
1163,3109,3677,331,174,231,Medial accesory oculomotor nucleus,left
1163,3183,3840,330,182,245,Midbrain reticular nucleus,left
1163,3211,3743,330,184,236,Midbrain,left
1168,3087,3681,330,172,231,Medial accesory oculomotor nucleus,left
1168,3242,3746,328,187,237,Midbrain,left
1168,3278,3807,328,190,242,Midbrain,left
1166,2721,4021,334,138,262,Midbrain reticular nucleus,left
1167,3167,3753,329,179,237,Midbrain,left
1169,3082,3717,330,172,234,Medial accesory oculomotor nucleus,left
1169,3078,3688,330,171,232,Medial accesory oculomotor nucleus,left
1169,2650,4054,335,130,264,Midbrain,left
1169,3139,3692,330,177,232,Medial accesory oculomotor nucleus,left
1169,3180,3722,329,181,235,Midbrain,left
1169,3205,4392,329,185,292,Midbrain reticular nucleus,left
1169,3210,3730,329,184,235,Midbrain,left
1169,3243,3828,328,187,243,Midbrain,left
1169,3293,3880,328,192,247,Midbrain,left
1170,2830,3706,332,146,234,Periaqueductal gray,left
1170,3196,3898,328,184,250,Midbrain reticular nucleus,left
1170,3238,3982,327,187,257,Midbrain reticular nucleus,left
1170,3309,4168,326,195,272,Midbrain,left
1172,2461,4017,335,111,261,"Superior colliculus, motor related, intermediate white layer",left
1172,2610,4136,334,127,271,Midbrain,left
1172,3063,3570,330,169,222,Nucleus of Darkschewitsch,right
1172,2628,3735,334,126,237,Periaqueductal gray,left
1172,2818,4438,332,148,297,Posterior limiting nucleus of the thalamus,left
1172,3245,3813,327,188,242,Midbrain,left
1171,3074,3723,330,171,235,Midbrain,left
1171,3192,3773,328,182,239,Midbrain,left
1171,3267,3796,327,189,241,Midbrain,left
1171,2997,4366,330,166,290,Posterior limiting nucleus of the thalamus,left
1171,3163,3807,328,180,243,Midbrain reticular nucleus,left
1173,3119,3697,329,176,233,Medial accesory oculomotor nucleus,left
1173,2483,3931,335,113,253,"Superior colliculus, motor related, intermediate white layer",left
1173,2441,4319,336,110,287,"Superior colliculus, motor related, intermediate gray layer",left
1173,2988,4096,330,164,268,Midbrain reticular nucleus,left
1173,3018,3869,330,165,248,Midbrain reticular nucleus,left
1173,3322,4002,326,196,258,Midbrain,left
1173,2557,3899,334,120,251,Midbrain,left
1174,3220,3762,328,185,238,Midbrain,left
1174,2808,4444,332,148,298,Posterior limiting nucleus of the thalamus,left
1174,3164,3753,328,179,237,Midbrain,left
1174,3242,4537,327,189,304,Zona incerta,left
1175,3231,3736,327,185,236,Midbrain,left
1175,3271,4448,326,192,297,Midbrain,left
1175,3068,3850,329,170,246,Midbrain reticular nucleus,left
1175,3258,3657,327,189,229,Midbrain,left
1175,3107,3698,328,174,233,Medial accesory oculomotor nucleus,left
1180,2553,3900,333,119,251,Midbrain,left
1180,3201,3813,326,183,242,Midbrain,left
1180,3203,3794,326,183,241,Midbrain,left
1180,3214,3743,326,184,236,Midbrain,left
1180,3229,3744,326,185,237,Midbrain,left
1176,3149,3723,328,178,235,Midbrain,left
1176,3190,3783,327,182,240,Midbrain,left
1176,3285,3892,326,192,248,Midbrain,left
1176,3271,3867,326,190,246,Midbrain,left
1176,3191,3803,327,182,241,Midbrain reticular nucleus,left
1176,3232,3793,327,187,240,Midbrain,left
1177,3379,4176,325,201,272,Midbrain,left
1177,2481,4302,334,114,285,"Superior colliculus, motor related, intermediate gray layer",left
1177,2589,3918,333,123,252,Midbrain,left
1177,2718,4120,332,137,270,Anterior pretectal nucleus,left
1177,2778,4446,331,144,298,Posterior limiting nucleus of the thalamus,left
1177,3225,3817,327,186,242,Midbrain,left
1177,3228,3837,327,186,244,Midbrain,left
1177,3241,3816,327,187,242,Midbrain,left
1177,3326,3998,325,196,258,Midbrain,left
1178,3145,4000,327,179,259,Midbrain reticular nucleus,left
1178,3211,3821,327,184,243,Midbrain,left
1178,3222,3889,327,186,249,Midbrain reticular nucleus,left
1179,2951,3599,330,158,225,Nucleus of Darkschewitsch,right
1179,3097,3722,328,173,235,Midbrain,left
1179,3103,4106,328,175,268,Midbrain reticular nucleus,left
1179,3269,3835,326,190,244,Midbrain,left
1179,3296,3876,326,193,247,Midbrain,left
1186,3142,3707,326,177,234,Midbrain,left
1186,3079,3788,327,171,241,Midbrain reticular nucleus,left
1186,2495,4290,332,116,283,Midbrain,left
1186,3157,3707,326,179,234,Midbrain,left
1186,3227,3814,325,185,242,Midbrain,left
1186,3241,3891,325,187,249,Midbrain reticular nucleus,left
1186,3121,3729,326,175,235,Midbrain,left
1186,2956,4343,328,161,288,Midbrain,left
1186,3257,3810,324,189,242,Midbrain,left
1182,2840,3831,330,148,244,Midbrain reticular nucleus,left
1182,3068,3697,328,169,233,Nucleus of Darkschewitsch,left
1182,3120,3695,327,175,233,Medial accesory oculomotor nucleus,left
1182,3145,3692,327,178,232,Medial accesory oculomotor nucleus,left
1182,3279,3875,325,190,247,Midbrain,left
1181,2937,4278,329,159,283,Anterior pretectal nucleus,left
1181,3253,3780,326,188,239,Midbrain,left
1181,3044,3130,327,167,183,Midbrain reticular nucleus,right
1181,3141,3861,327,177,247,Midbrain reticular nucleus,left
1183,3178,3705,327,180,233,Midbrain,left
1183,2561,3905,332,120,251,Midbrain,left
1183,3159,3855,327,180,246,Midbrain reticular nucleus,left
1183,3210,3826,326,184,243,Midbrain,left
1183,3222,3741,326,185,236,Midbrain,left
1183,3242,3718,326,186,234,Midbrain,left
1184,3227,3730,326,185,235,Midbrain,left
1184,3230,3720,326,185,235,Midbrain,left
1184,3460,4635,322,210,312,"Substantia nigra, reticular part",left
1184,3036,3926,328,168,253,Midbrain reticular nucleus,left
1185,3197,3752,325,183,237,Midbrain,left
1185,3221,4380,325,187,290,Midbrain reticular nucleus,left
1185,3173,4321,325,182,286,Midbrain reticular nucleus,left
1185,3183,3657,326,181,229,Midbrain,left
1185,3194,3723,325,183,235,Midbrain,left
1185,3225,3795,325,185,241,Midbrain,left
1185,3260,3728,325,189,235,Midbrain,left
1189,3173,4473,325,183,299,Hypothalamus,left
1189,3185,3969,325,182,256,Midbrain reticular nucleus,left
1189,3192,3746,325,182,237,Midbrain,left
1189,3150,3785,326,178,240,Midbrain reticular nucleus,left
1189,3178,3761,326,180,238,Midbrain,left
1189,3211,3726,325,184,235,Midbrain,left
1189,3230,3761,325,185,238,Midbrain,left
1187,3215,3783,325,184,240,Midbrain,left
1187,3218,3719,325,184,235,Midbrain,left
1187,3373,3959,323,200,254,Ventral tegmental area,left
1187,3232,3777,325,186,239,Midbrain,left
1187,3233,3857,325,187,247,Midbrain,left
1188,3196,4313,325,185,285,Midbrain reticular nucleus,left
1188,3182,3704,326,181,233,Midbrain,left
1188,3185,4675,324,184,317,Midbrain,left
1188,3234,3731,325,186,235,Midbrain,left
1190,3101,3734,326,173,236,Midbrain,left
1190,3310,3944,323,194,254,Midbrain,left
1190,3115,3213,325,173,190,Midbrain reticular nucleus,right
1190,3188,3695,325,181,233,Midbrain,left
1190,3223,3711,324,185,234,Midbrain,left
1190,3251,3741,324,188,236,Midbrain,left
1191,3219,3777,324,185,239,Midbrain,left
1191,3138,3699,325,177,233,Midbrain,left
1191,3171,3711,325,180,234,Midbrain,left
1191,3002,4140,326,165,271,Midbrain reticular nucleus,left
1193,2541,3895,331,118,251,Midbrain,left
1193,2992,4335,326,164,288,Posterior limiting nucleus of the thalamus,left
1193,3167,3696,325,179,233,Midbrain,left
1193,3179,3741,325,180,236,Midbrain,left
1193,3200,3744,324,183,237,Midbrain,left
1193,3226,3760,324,185,238,Midbrain,left
1193,3233,3880,324,187,248,Midbrain,left
1193,3258,3737,324,189,236,Midbrain,left
1193,3285,3981,323,192,256,Midbrain,left
1193,3364,3976,322,199,256,Midbrain,left
1193,3000,3866,327,164,247,Midbrain reticular nucleus,left
1193,3201,3733,324,183,236,Midbrain,left
1193,3275,3748,324,190,237,Midbrain,left
1192,3056,4227,326,170,278,Midbrain reticular nucleus,left
1192,3173,3702,325,180,233,Midbrain,left
1194,3163,3818,325,179,242,Midbrain reticular nucleus,left
1194,3206,3738,324,183,236,Midbrain,left
1194,2994,4279,326,165,283,Midbrain,left
1194,3074,3253,326,170,194,Midbrain reticular nucleus,right
1194,3183,3818,324,182,242,Midbrain,left
1194,3216,3722,324,184,235,Midbrain,left
1194,3225,3819,324,185,243,Midbrain,left
1194,3230,3783,324,185,240,Midbrain,left
1194,3235,4048,324,187,263,Midbrain reticular nucleus,left
1194,3261,3744,324,189,237,Midbrain,left
1194,3204,3726,324,183,235,Midbrain,left
1195,3226,3722,323,185,235,Midbrain,left
1195,3137,3720,324,177,235,Midbrain,left
1195,3213,3746,323,184,237,Midbrain,left
1195,3011,4213,325,166,277,Midbrain reticular nucleus,left
1195,3068,3558,325,169,221,Nucleus of Darkschewitsch,right
1195,3097,3709,325,173,234,Periaqueductal gray,left
1195,3186,3736,324,181,236,Midbrain,left
1195,3246,4589,322,190,309,Zona incerta,left
1196,3106,3710,325,173,234,Periaqueductal gray,left
1196,3306,4446,322,194,296,Zona incerta,left
1196,2420,4330,331,109,286,Posterior pretectal nucleus,left
1196,3266,3740,323,189,236,Midbrain,left
1196,3154,4797,322,180,328,Midbrain,left
1196,3189,3715,324,181,234,Midbrain,left
1196,3222,3753,323,185,237,Midbrain,left
1198,2527,4003,330,117,259,Midbrain,left
1198,3165,3717,324,179,234,Midbrain,left
1198,3205,3742,324,183,236,Midbrain,left
1198,3184,3715,324,181,234,Midbrain,left
1198,3186,3764,324,182,238,Midbrain,left
1198,3197,3727,324,183,235,Midbrain,left
1198,3209,3721,323,184,235,Midbrain,left
1198,3230,3707,323,185,234,Midbrain,left
1198,3241,3731,323,186,235,Midbrain,left
1197,3182,3751,324,181,237,Midbrain,left
1197,3196,3753,324,183,237,Midbrain,left
1200,3236,4066,322,187,264,Midbrain reticular nucleus,left
1199,3232,4028,323,187,260,Midbrain reticular nucleus,left
1201,2594,4062,329,125,265,Midbrain,left
1201,2718,4204,328,137,276,Anterior pretectal nucleus,left
1201,2789,3393,327,141,206,Midbrain reticular nucleus,right
1201,2893,3774,326,152,240,Periaqueductal gray,left
1201,3135,3801,323,177,241,Midbrain,left
1201,3157,3715,323,179,234,Midbrain,left
1201,3194,3725,323,183,235,Midbrain,left
1201,3217,3728,323,184,235,Midbrain,left
1201,3245,3734,322,187,236,Midbrain,left
1201,3268,3944,322,189,254,Midbrain,left
1201,2741,3320,327,136,201,Nucleus of the posterior commissure,right
1201,3107,3724,324,174,235,Periaqueductal gray,left
1201,3145,3699,323,178,233,Periaqueductal gray,left
1201,3228,3761,322,185,238,Midbrain,left
1201,3241,4357,322,188,289,Fields of Forel,left
1201,3252,3753,322,187,237,Midbrain,left
1201,3270,4041,321,191,261,Midbrain,left
1201,3348,4459,320,199,297,Midbrain,left
1201,3376,3991,320,200,257,Midbrain,left
1203,3249,4004,322,188,258,Midbrain reticular nucleus,left
1203,3088,4636,322,174,314,Zona incerta,left
1202,2984,4260,325,164,282,Midbrain,left
1202,3016,4157,324,166,273,Midbrain reticular nucleus,left
1202,3216,3997,322,185,258,Midbrain reticular nucleus,left
1202,3232,3744,322,186,237,Midbrain,left
1202,3250,4116,322,188,268,Midbrain,left
1202,3331,4290,321,196,282,Fields of Forel,left
1202,3392,4238,320,202,278,Midbrain,left
1204,3222,3748,322,185,237,Midbrain,left
1204,3353,3939,321,197,252,Midbrain,left
1205,3269,4088,320,191,265,medial lemniscus,left
1205,3215,3815,321,184,242,Midbrain,left
1205,3394,3951,319,202,253,Midbrain,left
1205,3196,3709,322,182,234,Midbrain,left
1205,3274,3723,321,190,234,Midbrain,left
1205,3387,3903,319,201,249,Midbrain,left
1208,3181,3704,322,180,233,Periaqueductal gray,left
1208,3276,3971,320,190,256,Midbrain,left
1208,3275,4459,320,192,297,Zona incerta,left
1208,3194,3708,322,182,234,Midbrain,left
1207,3189,3733,322,181,236,Midbrain,left
1207,3402,3909,319,202,250,Midbrain,left
1207,3240,3956,321,187,254,Midbrain reticular nucleus,left
1207,3404,4153,319,203,270,Midbrain,left
1207,3203,3714,322,182,234,Midbrain,left
1207,3314,4302,320,195,283,Fields of Forel,left
1207,3408,3957,319,203,254,Midbrain,left
1206,3413,3893,319,203,248,Midbrain,left
1210,3208,3792,321,184,240,Midbrain,left
1210,3248,3769,320,187,239,fasciculus retroflexus,left
1210,3313,4299,319,195,283,Fields of Forel,left
1210,3093,3786,322,172,240,Midbrain,left
1210,3160,3743,321,179,236,Midbrain,left
1210,3195,3939,321,183,253,Midbrain reticular nucleus,left
1210,3244,4004,320,188,258,Midbrain,left
1210,3367,3953,319,199,253,Midbrain,left
1209,3248,3715,321,187,233,Midbrain,left
1209,3250,3703,321,187,232,Midbrain,left
1209,3267,4085,321,189,266,Midbrain,left
1209,3406,3957,319,202,254,Midbrain,left
1209,3204,3898,321,183,250,Midbrain reticular nucleus,left
1209,3256,3918,321,188,251,Midbrain,left
1209,3279,4085,320,191,265,medial lemniscus,left
1211,2599,4438,327,126,296,Anterior pretectal nucleus,left
1211,3104,3728,322,173,235,Periaqueductal gray,left
1211,3290,3729,320,191,234,Midbrain,left
1211,3370,3983,318,200,257,Midbrain,left
1211,3357,3942,319,199,252,Midbrain,left
1213,3199,3713,321,182,234,Midbrain,left
1213,3271,3754,320,190,237,Midbrain,left
1213,2647,4006,326,129,259,Midbrain,left
1213,3212,3752,321,184,237,Midbrain,left
1213,3254,3765,320,187,238,Midbrain,left
1213,3281,3729,320,190,234,Midbrain,left
1213,3483,3205,318,208,189,Midbrain,right
1212,3207,4017,320,184,259,Midbrain reticular nucleus,left
1212,3246,3749,320,187,237,Midbrain,left
1212,3263,4011,320,189,259,Midbrain,left
1212,3380,3988,318,200,257,Midbrain,left
1212,3137,3706,322,176,233,Periaqueductal gray,left
1212,3185,3801,321,181,241,Midbrain,left
1212,3205,3731,321,182,235,Midbrain,left
1212,3208,3775,321,184,239,Midbrain,left
1212,3211,3946,320,184,254,Midbrain reticular nucleus,left
1212,3347,3861,319,197,246,Midbrain,left
1217,3039,4043,321,168,262,Midbrain reticular nucleus,left
1217,3046,3720,322,168,235,Periaqueductal gray,left
1217,3110,3819,321,174,244,Midbrain,left
1217,3139,3827,321,177,244,Midbrain,left
1217,3194,3713,320,182,234,Periaqueductal gray,left
1217,3193,4127,320,182,269,Midbrain reticular nucleus,left
1217,3220,3709,320,185,234,Midbrain,left
1217,3276,3726,319,190,234,Midbrain,left
1217,3356,3835,318,197,244,Midbrain,left
1217,3369,3925,318,200,251,Midbrain,left
1217,2996,4712,320,166,320,Intermediate geniculate nucleus,left
1217,3134,3866,320,177,247,Midbrain reticular nucleus,left
1217,3353,3919,318,197,251,Midbrain,left
1218,3129,3824,321,175,244,Midbrain,left
1218,3415,3937,317,203,252,Midbrain,left
1218,3673,4555,314,230,304,Field CA3,left
1218,2575,4434,326,124,296,Posterior limiting nucleus of the thalamus,left
1218,2982,4038,322,163,262,Midbrain reticular nucleus,left
1218,3152,3702,321,177,233,Periaqueductal gray,left
1218,3229,3762,320,185,238,Midbrain,left
1218,3253,3723,319,187,235,Midbrain,left
1218,3197,3785,320,183,240,Midbrain,left
1218,3226,3719,320,185,235,Midbrain,left
1215,3397,4357,317,203,288,Midbrain,left
1214,3197,4130,320,184,269,Midbrain,left
1214,3249,3713,320,187,233,Midbrain,left
1214,3677,4557,315,230,305,Field CA3,left
1216,3207,3751,320,184,237,Midbrain,left
1219,3265,3755,319,188,237,Midbrain,left
1219,3167,3846,320,179,246,Midbrain,left
1219,3424,3977,317,204,255,Midbrain,left
1219,3277,3702,319,190,232,Midbrain,left
1219,3304,4552,318,194,305,Zona incerta,left
1219,3359,3829,318,198,243,Midbrain,left
1219,3364,3972,318,199,256,Midbrain,left
1220,3220,3704,319,185,232,Midbrain,left
1220,3334,3954,317,196,253,Midbrain,left
1220,3602,3844,315,221,244,Midbrain,left
1220,3169,3794,319,180,241,Midbrain,left
1220,3272,3358,318,188,203,Midbrain,right
1222,3220,4308,318,186,285,Fields of Forel,left
1222,3085,3906,320,172,250,Midbrain reticular nucleus,left
1222,3003,4136,321,164,271,Midbrain reticular nucleus,left
1221,3234,3754,319,186,237,Midbrain,left
1221,3354,3907,317,197,250,Midbrain,left
1221,3127,3684,320,175,232,Periaqueductal gray,left
1221,3161,3818,319,179,242,Midbrain,left
1221,3322,3964,317,195,255,Midbrain,left
1221,3099,3875,320,173,248,Midbrain reticular nucleus,left
1223,3302,3965,317,193,255,Midbrain,left
1223,3249,3730,318,187,234,Midbrain,left
1223,3314,3885,317,194,248,Midbrain,left
1223,3164,3486,320,178,214,Midbrain,right
1223,3255,4572,317,189,307,Zona incerta,left
1223,3321,4142,317,195,269,Fields of Forel,left
1223,3151,4767,317,180,324,Zona incerta,left
1224,3153,3698,320,177,233,Periaqueductal gray,left
1224,3228,3731,319,185,235,Midbrain,left
1224,3389,4173,316,201,272,Fields of Forel,left
1224,3333,3909,317,196,250,Midbrain,left
1225,3283,3740,317,191,235,Midbrain,left
1225,3216,3911,318,184,251,Midbrain,left
1225,3134,3239,319,175,192,Midbrain reticular nucleus,right
1225,3176,3973,318,181,256,Midbrain reticular nucleus,left
1225,3208,3926,318,184,252,Midbrain,left
1225,3287,4320,316,192,285,Fields of Forel,left
1225,3373,3869,316,199,247,Midbrain,left
1226,3334,3968,316,196,255,Midbrain,left
1226,3364,3854,316,198,245,Midbrain,left
1226,3372,3981,316,200,255,Midbrain,left
1226,2929,4053,321,157,263,Midbrain reticular nucleus,left
1226,3150,3749,319,177,237,Periaqueductal gray,left
1226,3165,3797,318,179,241,Midbrain,left
1226,3188,3985,318,182,257,Midbrain reticular nucleus,left
1226,2457,3896,325,110,250,Midbrain,left
1228,3053,3781,320,168,239,Periaqueductal gray,left
1228,3021,4862,317,168,333,Ventral part of the lateral geniculate complex,left
1228,2330,3918,326,96,251,Posterior pretectal nucleus,left
1228,3071,3873,319,171,248,Midbrain reticular nucleus,left
1228,3153,4766,316,180,324,Zona incerta,left
1228,3370,3496,316,198,215,Midbrain,right
1227,3093,3844,319,172,246,Midbrain reticular nucleus,left
1227,3108,4121,319,175,269,"Subparafascicular nucleus, parvicellular part",left
1229,3094,3725,319,172,235,Periaqueductal gray,left
1229,3201,3691,318,182,231,Periaqueductal gray,left
1229,3011,4059,320,165,264,Midbrain reticular nucleus,left
1229,3155,3784,319,178,240,Midbrain,left
1229,3208,3970,318,184,256,Midbrain reticular nucleus,left
1229,3227,3733,318,185,236,Midbrain,left
1229,3368,3916,316,198,250,Midbrain,left
1229,3256,3932,317,188,253,Midbrain,left
1230,3246,3720,317,187,234,Midbrain,left
1230,3058,4001,318,170,259,Midbrain reticular nucleus,left
1230,3084,3765,318,171,238,Periaqueductal gray,left
1230,3266,3722,317,188,234,Midbrain,left
1231,3212,3913,317,184,251,Midbrain,left
1231,3240,4256,316,187,279,Fields of Forel,left
1231,2646,3885,323,128,249,Nucleus of the posterior commissure,left
1231,2951,4861,316,161,333,Ventral part of the lateral geniculate complex,left
1231,3084,3880,318,172,248,Midbrain reticular nucleus,left
1231,3101,3755,318,172,237,Periaqueductal gray,left
1231,3228,3707,317,185,233,Periaqueductal gray,left
1232,3359,4144,315,199,270,Fields of Forel,left
1232,3351,3808,315,197,242,Midbrain,left
1234,3244,4434,316,189,295,Zona incerta,left
1234,3373,3874,315,199,247,Midbrain,left
1234,3386,3854,315,200,245,Midbrain,left
1234,3239,3769,317,186,239,fasciculus retroflexus,left
1234,3325,3799,316,194,241,Midbrain,left
1233,3305,4220,315,193,277,Fields of Forel,left
1233,3038,3300,319,165,198,Midbrain reticular nucleus,right
1233,3097,3975,318,173,257,Midbrain reticular nucleus,left
1233,3146,3810,318,178,242,Midbrain,left
1233,3175,4004,317,181,258,Midbrain reticular nucleus,left
1233,3256,3755,317,187,237,Midbrain,left
1233,3349,3880,315,197,247,Midbrain,left
1233,2500,3209,323,112,191,Posterior pretectal nucleus,right
1235,3241,3963,315,186,255,Midbrain,left
1235,3186,3786,316,181,240,fasciculus retroflexus,left
1235,3385,3969,314,201,255,Midbrain,left
1235,3169,3729,317,180,235,Periaqueductal gray,left
1235,3457,4382,313,209,290,Midbrain,left
1235,3195,3961,316,183,255,Midbrain,left
1235,3249,3768,316,187,238,Midbrain,left
1235,3263,3742,316,188,235,Midbrain,left
1236,2873,4843,317,153,331,Intergeniculate leaflet of the lateral geniculate complex,left
1236,3142,4004,317,177,259,Midbrain reticular nucleus,left
1236,3173,3707,317,180,234,Periaqueductal gray,left
1236,3207,3927,316,184,252,Midbrain,left
1238,3107,3772,317,174,239,Midbrain,left
1238,3195,4024,316,183,260,Midbrain,left
1238,3094,3570,318,172,222,Periaqueductal gray,right
1238,3166,3995,316,179,258,Midbrain reticular nucleus,left
1238,3215,4395,315,185,292,Fields of Forel,left
1237,3181,3762,317,180,238,Midbrain,left
1237,3233,3527,316,185,217,Midbrain,right
1237,3257,3927,315,189,252,Midbrain,left
1237,3343,4451,314,197,296,Zona incerta,left
1239,2930,4030,319,156,261,Midbrain reticular nucleus,left
1239,3283,4296,315,192,283,Fields of Forel,left
1239,3363,3983,314,198,257,Midbrain,left
1239,3216,3735,316,183,236,Periaqueductal gray,left
1239,3106,3795,317,173,241,Midbrain,left
1241,3239,4291,314,187,282,Fields of Forel,left
1241,2927,3673,318,155,231,Periaqueductal gray,left
1241,3090,3721,317,171,235,Periaqueductal gray,left
1241,3171,3723,316,180,235,Periaqueductal gray,left
1241,3192,3217,315,179,190,"Subparafascicular nucleus, parvicellular part",right
1241,3363,3815,313,198,242,Midbrain,left
1241,3399,4355,312,203,287,Zona incerta,left
1242,3190,3987,315,182,257,Midbrain,left
1242,3263,4247,314,189,279,Fields of Forel,left
1242,2879,4090,319,151,266,Midbrain reticular nucleus,left
1242,3110,3866,316,174,247,Midbrain reticular nucleus,left
1246,3055,3751,316,167,237,Periaqueductal gray,left
1246,3149,4007,315,178,259,Midbrain reticular nucleus,left
1246,3143,3728,315,176,235,Periaqueductal gray,left
1246,3191,3785,315,181,240,fasciculus retroflexus,left
1243,3197,3727,315,182,235,Periaqueductal gray,left
1243,3298,3955,314,192,254,Midbrain,left
1243,3323,3848,314,194,245,Midbrain,left
1243,3339,3897,314,196,249,Midbrain,left
1243,3351,3787,314,197,240,Posterior hypothalamic nucleus,left
1243,3195,3936,315,183,253,Midbrain,left
1244,3273,3990,314,190,257,Midbrain,left
1244,3160,3742,316,178,236,Periaqueductal gray,left
1245,2620,3468,320,125,213,Nucleus of the posterior commissure,right
1245,3087,3794,316,171,241,Midbrain,left
1245,3252,3805,314,187,241,Midbrain,left
1245,3120,3788,315,175,240,Midbrain,left
1247,3014,3816,316,164,243,Midbrain,left
1247,2884,4197,317,153,276,Anterior pretectal nucleus,left
1247,3235,3743,314,186,236,Midbrain,left
1247,3031,3856,316,165,246,Midbrain,left
1247,3134,3901,315,176,250,Midbrain reticular nucleus,left
1247,3325,3748,313,194,236,Posterior hypothalamic nucleus,left
1248,3480,4143,311,209,269,Hypothalamus,left
1248,3156,3741,315,177,236,Periaqueductal gray,left
1249,3256,4503,313,188,300,Zona incerta,left
1249,2990,3855,317,162,246,Midbrain,left
1249,3111,3756,315,173,237,Periaqueductal gray,left
1249,3195,3921,314,183,252,Midbrain,left
1249,3232,3797,314,186,241,fasciculus retroflexus,left
1251,3162,3783,314,178,240,fasciculus retroflexus,left
1251,3176,3976,313,180,256,Midbrain,left
1251,3261,3763,313,188,238,Midbrain,left
1251,3179,3965,313,180,255,Midbrain,left
1251,3195,4054,313,183,262,Midbrain,left
1251,3450,4017,310,207,258,Midbrain,left
1252,2281,4053,322,92,262,Nucleus of the optic tract,left
1252,3170,3984,313,180,257,Midbrain,left
1252,3178,3742,314,179,236,Periaqueductal gray,left
1252,3332,3780,312,195,238,Posterior hypothalamic nucleus,left
1252,3590,3545,310,218,219,Posterior hypothalamic nucleus,right
1252,3175,4002,313,180,258,Midbrain,left
1252,3181,3997,313,180,258,Midbrain,left
1252,3455,4003,310,207,257,Midbrain,left
1250,3202,3746,314,182,237,Midbrain,left
1254,3507,3242,310,210,192,Midbrain,right
1254,3322,3809,312,194,242,Midbrain,left
1254,3144,3776,314,177,239,Midbrain,left
1254,3271,3772,313,189,239,Midbrain,left
1255,3248,3791,312,187,240,Midbrain,left
1255,3680,3744,309,227,235,Supramammillary nucleus,left
1255,3110,3785,314,173,240,Midbrain,left
1255,3133,3732,313,176,236,Periaqueductal gray,left
1255,3133,3799,313,176,241,fasciculus retroflexus,left
1257,3179,3786,313,180,240,fasciculus retroflexus,left
1257,3069,3841,314,170,245,Midbrain,left
1257,3242,4525,311,187,303,Zona incerta,left
1257,3287,3841,311,191,244,Midbrain,left
1256,3198,3779,313,182,239,Midbrain,left
1260,2941,3697,315,156,233,Periaqueductal gray,left
1260,2869,4908,311,153,337,Ventral part of the lateral geniculate complex,left
1260,3143,3772,312,176,239,Midbrain,left
1258,3185,3926,312,181,252,Midbrain,left
1258,3327,3303,311,192,198,Midbrain,right
1259,2874,4009,316,151,260,Midbrain reticular nucleus,left
1259,2627,3514,318,125,217,Nucleus of the posterior commissure,right
1261,2882,4130,315,152,269,Midbrain reticular nucleus,left
1261,2711,3848,317,134,246,Nucleus of the posterior commissure,left
1261,2945,3743,314,157,236,Periaqueductal gray,left
1261,2993,3857,314,161,247,Midbrain,left
1262,3246,3805,311,187,241,Midbrain,left
1262,2941,3354,314,155,202,Midbrain,right
1262,3171,3782,312,179,240,fasciculus retroflexus,left
1262,3216,3888,311,183,248,Midbrain,left
1262,3275,3767,311,189,238,Midbrain,left
1263,3357,4239,309,199,277,Fields of Forel,left
1263,3222,3782,311,184,240,Midbrain,left
1263,2934,3351,314,155,202,Midbrain,right
1263,3224,3798,311,184,241,Midbrain,left
1263,3228,3790,311,184,240,Midbrain,left
1264,3006,3763,314,162,238,Periaqueductal gray,left
1264,3243,3758,311,186,238,Midbrain,left
1265,3273,3798,310,189,241,Midbrain,left
1265,2731,3481,315,134,213,Midbrain,right
1265,3137,3759,311,176,238,Midbrain,left
1265,3366,3804,309,198,240,Posterior hypothalamic nucleus,left
1265,3223,3887,310,185,248,Midbrain,left
1265,3276,4157,309,190,272,Fields of Forel,left
1265,3299,3771,310,192,239,Posterior hypothalamic nucleus,left
1265,3416,3862,308,203,246,Midbrain,left
1265,4020,3248,304,259,191,Ventral premammillary nucleus,right
1265,3399,3864,308,201,246,Midbrain,left
1266,2956,3884,313,158,249,Midbrain,left
1266,3013,3790,313,163,240,Periaqueductal gray,left
1266,3019,3890,313,165,249,Midbrain reticular nucleus,left
1266,3475,3186,308,206,188,Fields of Forel,right
1266,3078,3709,312,169,234,Periaqueductal gray,left
1266,3396,4140,308,202,269,Fields of Forel,left
1267,3091,5532,302,172,387,external capsule,left
1268,3298,4436,308,193,295,Zona incerta,left
1268,2293,3964,319,93,255,Nucleus of the optic tract,left
1268,3204,3926,311,182,252,Midbrain,left
1269,3325,4261,309,195,280,Fields of Forel,left
1269,2928,3912,314,155,251,Midbrain,left
1269,3238,3708,310,185,233,Periaqueductal gray,left
1269,3279,3840,310,189,244,Midbrain,left
1269,3293,3792,310,190,240,Midbrain,left
1269,3307,3808,309,193,242,Midbrain,left
1272,3277,3818,309,189,242,Midbrain,left
1272,2124,5455,311,83,380,"Supplemental somatosensory area, layer 5",left
1272,2943,3902,313,156,250,Midbrain,left
1272,3345,3817,308,196,242,Posterior hypothalamic nucleus,left
1272,2982,3725,312,161,235,Periaqueductal gray,left
1272,3248,3925,309,187,252,Midbrain,left
1270,3275,3806,309,189,241,Midbrain,left
1271,2925,3755,313,155,237,Periaqueductal gray,left
1271,3309,4143,308,193,269,Fields of Forel,left
1271,2813,3842,314,144,245,Midbrain,left
1271,2936,3901,313,156,250,Midbrain,left
1274,2987,3732,312,161,236,Periaqueductal gray,left
1274,3542,4291,306,215,281,nigrostriatal tract,left
1273,2942,3866,313,156,247,Midbrain,left
1273,3280,3802,309,189,241,Midbrain,left
1273,3283,3851,309,190,245,Midbrain,left
1273,3358,3913,308,198,250,Midbrain,left
1273,3374,3803,308,199,240,Posterior hypothalamic nucleus,left
1275,3258,4332,307,189,286,Fields of Forel,left
1276,3308,3806,308,193,241,Posterior hypothalamic nucleus,left
1277,3275,3842,308,189,244,Midbrain,left
1277,3433,4209,306,205,275,Fields of Forel,left
1277,3444,3149,306,203,185,Fields of Forel,right
1277,3443,4044,306,205,261,Midbrain,left
1279,3258,3851,308,188,245,Midbrain,left
1279,2968,3862,311,159,247,Midbrain,left
1279,3654,3528,305,224,216,Posterior hypothalamic nucleus,right
1280,3266,3824,307,188,243,"Subparafascicular nucleus, magnocellular part",left
1280,3311,3832,307,193,244,Midbrain,left
1280,3376,4255,305,199,278,Fields of Forel,left
1280,3245,3951,307,187,254,Midbrain,left
1281,2926,3774,311,154,239,Periaqueductal gray,left
1281,3407,4121,305,203,268,Fields of Forel,left
1281,2838,3112,311,145,181,Midbrain,right
1281,3255,3869,307,187,247,Midbrain,left
1281,3296,3815,307,191,242,Midbrain,left
1282,3268,3837,307,188,244,"Subparafascicular nucleus, magnocellular part",left
1287,3189,4626,305,182,311,Zona incerta,left
1283,2889,4771,308,154,325,Intergeniculate leaflet of the lateral geniculate complex,left
1283,3263,3847,307,188,245,"Subparafascicular nucleus, magnocellular part",left
1283,3271,3878,307,189,247,Midbrain,left
1284,3522,4334,304,214,285,nigrostriatal tract,left
1284,3269,3868,307,189,246,Midbrain,left
1284,3366,4403,305,198,291,Zona incerta,left
1284,3565,4109,304,217,266,Hypothalamus,left
1285,3200,4620,305,183,311,Zona incerta,left
1286,3399,4340,304,202,286,Zona incerta,left
1286,3265,4463,305,189,297,Zona incerta,left
1286,3292,3849,306,190,245,"Subparafascicular nucleus, magnocellular part",left
1286,3332,3831,306,195,243,Posterior hypothalamic nucleus,left
1286,2746,4211,311,139,276,Anterior pretectal nucleus,left
1291,3301,4405,304,192,291,Zona incerta,left
1291,3218,3998,306,183,258,Midbrain,left
1288,2860,3946,311,149,254,Midbrain,left
1289,3269,3881,306,189,247,Midbrain,left
1289,3313,3828,306,193,243,Midbrain,left
1289,3166,2694,306,176,144,Zona incerta,right
1289,3325,4266,305,195,280,Fields of Forel,left
1290,3266,3858,305,188,246,"Subparafascicular nucleus, magnocellular part",left
1290,3257,3885,305,188,248,"Subparafascicular nucleus, magnocellular part",left
1290,3327,3881,305,194,247,Midbrain,left
1293,3293,3868,305,190,246,"Subparafascicular nucleus, magnocellular part",left
1293,3701,3904,302,229,248,Hypothalamus,left
1294,2371,5634,304,106,396,"Primary auditory area, layer 5",left
1294,3494,4248,302,211,278,Zona incerta,left
1292,4000,3998,299,258,256,Ventral premammillary nucleus,left
1292,3249,3905,305,187,249,Midbrain,left
1295,3883,4055,299,247,260,Lateral hypothalamic area,left
1296,3305,4355,303,192,287,Zona incerta,left
1297,3395,3836,303,201,243,Posterior hypothalamic nucleus,left
1297,3319,3844,304,194,245,Midbrain,left
1304,2860,3816,308,148,242,Midbrain,left
1305,3273,4499,301,190,300,Zona incerta,left
1305,3389,3978,301,200,255,Midbrain,left
1305,3735,3253,299,230,193,Lateral hypothalamic area,right
1308,3273,4414,301,189,292,Zona incerta,left
1308,3428,3191,301,201,188,Fields of Forel,right
1308,3543,4183,299,214,273,Hypothalamus,left
1308,3380,4277,301,199,280,Zona incerta,left
1309,2838,4828,303,148,329,Intergeniculate leaflet of the lateral geniculate complex,left
1311,4263,3914,293,282,247,Hypothalamus,left
1313,3540,3133,299,211,183,Zona incerta,right
1313,3653,4083,298,225,264,Lateral hypothalamic area,left
1314,3462,4250,299,207,278,Zona incerta,left
1314,2389,5602,300,107,393,"Dorsal auditory area, layer 5",left
1316,4270,3916,292,283,247,Hypothalamus,left
1319,2408,5587,299,109,392,"Dorsal auditory area, layer 5",left
1321,2731,3464,305,133,212,Precommissural nucleus,right
1321,2814,4871,300,146,333,Ventral part of the lateral geniculate complex,left
1321,3451,4250,297,206,278,Zona incerta,left
1320,3408,4257,297,202,279,Zona incerta,left
1323,3388,4374,297,200,289,Zona incerta,left
1325,3693,3866,295,228,245,Posterior hypothalamic nucleus,left
1326,4195,3475,291,275,210,Ventromedial hypothalamic nucleus,right
1327,3418,4283,296,202,281,Zona incerta,left
1327,3430,4237,296,203,277,Zona incerta,left
1329,2831,3726,303,144,234,Subparafascicular area,left
1329,3332,4491,297,195,298,Zona incerta,left
1329,3413,4285,296,202,281,Zona incerta,left
1330,3373,4406,296,198,291,Zona incerta,left
1330,3317,4419,296,192,293,Zona incerta,left
1330,3333,4372,296,195,289,Zona incerta,left
1330,3609,4172,294,221,271,Parasubthalamic nucleus,left
1330,3444,4205,295,206,274,Zona incerta,left
1331,3666,3649,295,225,227,Hypothalamus,right
1332,3465,4268,295,207,279,Zona incerta,left
1332,3518,3091,295,208,179,Zona incerta,right
1334,2713,3924,303,133,252,Midbrain,left
1337,3827,3745,293,240,235,Posterior hypothalamic nucleus,left
1338,3521,4197,294,213,274,Zona incerta,left
1339,3511,4017,294,211,258,Ventral medial nucleus of the thalamus,left
1339,3695,3888,293,229,247,Posterior hypothalamic nucleus,left
1339,3434,4235,294,204,277,Zona incerta,left
1339,3468,4162,294,207,271,Zona incerta,left
1340,3404,4182,294,201,273,Ventral medial nucleus of the thalamus,left
1340,3475,4156,293,208,269,Zona incerta,left
1344,3468,4108,294,207,266,Ventral medial nucleus of the thalamus,left
1343,2415,5938,295,110,420,"Primary auditory area, layer 1",left
1343,2435,5563,295,111,390,"Dorsal auditory area, layer 5",left
1342,3486,4115,293,209,266,Zona incerta,left
1346,2240,1865,302,87,76,"Supplemental somatosensory area, layer 5",right
1346,3467,4284,292,207,281,Zona incerta,left
1345,3553,3135,292,212,183,Zona incerta,right
1345,3449,4121,293,205,267,Ventral medial nucleus of the thalamus,left
1345,3456,4261,292,205,279,Zona incerta,left
1348,3424,4201,293,203,274,Ventral medial nucleus of the thalamus,left
1348,3508,4048,292,211,261,Ventral medial nucleus of the thalamus,left
1348,3612,3701,292,220,231,Posterior hypothalamic nucleus,left
1347,3497,4094,292,210,265,Zona incerta,left
1347,3634,3279,292,221,195,Lateral hypothalamic area,right
1347,3657,3970,291,225,254,Posterior hypothalamic nucleus,left
1350,3691,4225,289,228,275,Parasubthalamic nucleus,left
1350,3446,4207,292,205,275,Zona incerta,left
1353,3405,4362,292,200,288,Zona incerta,left
1353,3406,4361,292,200,288,Zona incerta,left
1353,3407,4360,292,202,287,Zona incerta,left
1353,3512,4230,291,211,276,Zona incerta,left
1355,3808,3733,289,239,234,Posterior hypothalamic nucleus,left
1355,3482,4074,291,209,263,Ventral medial nucleus of the thalamus,left
1355,3680,3416,290,225,207,Posterior hypothalamic nucleus,right
1356,3772,3532,289,235,217,Posterior hypothalamic nucleus,right
1356,3476,4115,291,208,266,Ventral medial nucleus of the thalamus,left
1356,3757,3242,289,232,191,Lateral hypothalamic area,right
1354,3863,4231,288,245,275,Lateral hypothalamic area,left
1357,3557,4030,290,216,259,Hypothalamus,left
1357,3487,4228,290,209,276,Zona incerta,left
1357,3616,3168,290,218,185,Hypothalamus,right
1359,3474,4228,290,208,276,Zona incerta,left
1359,3710,3901,289,230,248,Posterior hypothalamic nucleus,left
1360,3578,4257,288,217,279,Hypothalamus,left
1360,3930,3310,287,248,197,Hypothalamus,right
1361,3450,4223,290,205,276,Zona incerta,left
1361,3466,4088,290,206,264,Ventral medial nucleus of the thalamus,left
1363,3449,4176,290,205,272,Ventral medial nucleus of the thalamus,left
1362,3728,3761,289,231,236,Posterior hypothalamic nucleus,left
1362,3773,3762,288,235,236,Posterior hypothalamic nucleus,left
1364,3443,4247,290,204,278,Zona incerta,left
1364,2561,5505,290,122,385,"Dorsal auditory area, layer 6a",left
1364,3745,3797,288,233,239,Posterior hypothalamic nucleus,left
1365,3445,4189,289,205,273,Ventral medial nucleus of the thalamus,left
1365,2495,5594,289,117,393,"Dorsal auditory area, layer 5",left
1365,3475,4179,289,207,271,Ventral medial nucleus of the thalamus,left
1365,3717,3832,288,230,243,Posterior hypothalamic nucleus,left
1366,3506,4064,289,210,262,Ventral medial nucleus of the thalamus,left
1366,3509,4121,288,211,267,Zona incerta,left
1368,3741,3793,287,232,238,Posterior hypothalamic nucleus,left
1369,3502,4068,289,210,262,Ventral medial nucleus of the thalamus,left
1369,3731,3567,288,230,219,Posterior hypothalamic nucleus,right
1369,3520,4037,288,212,260,Ventral medial nucleus of the thalamus,left
1370,3720,3825,287,231,241,Posterior hypothalamic nucleus,left
1371,3728,3819,287,231,241,Posterior hypothalamic nucleus,left
1371,3788,3743,286,236,234,Posterior hypothalamic nucleus,left
1371,3458,4197,288,206,274,Ventral medial nucleus of the thalamus,left
1371,3770,3778,286,235,237,Posterior hypothalamic nucleus,left
1372,3754,3796,286,233,239,Posterior hypothalamic nucleus,left
1372,3795,3778,286,237,237,Posterior hypothalamic nucleus,left
1372,2760,5707,286,141,401,"Ventral auditory area, layer 5",left
1372,3469,4195,288,207,274,Zona incerta,left
1372,3538,4055,287,213,261,Hypothalamus,left
1373,3706,3824,287,228,241,Posterior hypothalamic nucleus,left
1373,3753,3591,287,232,221,Posterior hypothalamic nucleus,right
1373,3710,3840,287,230,243,Posterior hypothalamic nucleus,left
1373,3735,3775,287,232,237,Posterior hypothalamic nucleus,left
1375,3648,3548,287,223,218,Posterior hypothalamic nucleus,right
1375,3706,3546,286,228,218,Posterior hypothalamic nucleus,right
1377,3743,3541,286,231,217,Posterior hypothalamic nucleus,right
1377,3506,4053,287,210,261,Ventral medial nucleus of the thalamus,left
1377,3709,3796,286,229,239,Posterior hypothalamic nucleus,left
1377,3724,3759,286,231,236,Posterior hypothalamic nucleus,left
1378,3744,3566,286,232,219,Posterior hypothalamic nucleus,right
1378,3659,3760,286,225,236,Posterior hypothalamic nucleus,left
1378,3687,3545,286,227,218,Posterior hypothalamic nucleus,right
1380,3774,3780,284,235,237,Dorsomedial nucleus of the hypothalamus,left
1380,3752,3755,285,233,235,Posterior hypothalamic nucleus,left
1380,3526,4073,286,212,263,Ventral medial nucleus of the thalamus,left
1379,3726,3533,286,230,217,Posterior hypothalamic nucleus,right
1379,3727,3554,286,230,218,Posterior hypothalamic nucleus,right
1379,3776,3561,286,235,219,Posterior hypothalamic nucleus,right
1381,3446,4249,286,205,278,Ventral medial nucleus of the thalamus,left
1381,3438,4295,286,203,282,Ventral medial nucleus of the thalamus,left
1382,3749,3826,284,233,241,Posterior hypothalamic nucleus,left
1382,3761,3579,285,233,220,Posterior hypothalamic nucleus,right
1382,3788,3782,284,236,238,Dorsomedial nucleus of the hypothalamus,left
1382,3618,3771,286,220,237,Posterior hypothalamic nucleus,left
1382,3743,3577,285,231,220,Posterior hypothalamic nucleus,right
1383,3771,3745,284,235,235,Dorsomedial nucleus of the hypothalamus,left
1383,3779,3762,284,235,236,Dorsomedial nucleus of the hypothalamus,left
1383,3645,3580,286,223,220,Posterior hypothalamic nucleus,right
1383,3681,3558,285,225,219,Posterior hypothalamic nucleus,right
1384,3756,3565,285,232,219,Posterior hypothalamic nucleus,right
1384,3471,4207,286,207,275,Ventral medial nucleus of the thalamus,left
1384,3772,3766,284,235,236,Dorsomedial nucleus of the hypothalamus,left
1385,3576,4867,280,216,331,Medial amygdalar nucleus,left
1385,3529,4307,284,212,283,Zona incerta,left
1385,3792,3535,284,236,217,Dorsomedial nucleus of the hypothalamus,right
1385,3498,4153,285,209,269,Ventral medial nucleus of the thalamus,left
1386,3793,3569,284,236,220,Dorsomedial nucleus of the hypothalamus,right
1386,3708,3597,284,229,222,Posterior hypothalamic nucleus,right
1386,3720,3776,284,230,237,Posterior hypothalamic nucleus,left
1386,3732,3776,284,232,237,Posterior hypothalamic nucleus,left
1386,3788,4071,282,237,262,Lateral hypothalamic area,left
1386,3520,4057,285,212,262,Ventral medial nucleus of the thalamus,left
1386,3721,3563,284,230,219,Posterior hypothalamic nucleus,right
1387,3669,3505,284,225,214,Posterior hypothalamic nucleus,right
1387,3473,4164,285,207,270,Ventral medial nucleus of the thalamus,left
1387,3528,4223,284,212,276,Zona incerta,left
1387,3648,4273,283,224,280,Preparasubthalamic nucleus,left
1388,3707,3425,284,228,208,Posterior hypothalamic nucleus,right
1388,3767,3780,283,234,237,Dorsomedial nucleus of the hypothalamus,left
1388,3501,4060,285,210,262,Ventral medial nucleus of the thalamus,left
1388,3737,3752,284,232,235,Posterior hypothalamic nucleus,left
1388,3499,4221,284,209,276,Zona incerta,left
1388,3699,3763,284,228,236,Posterior hypothalamic nucleus,left
1389,3753,3764,284,233,236,Posterior hypothalamic nucleus,left
1389,4317,3451,278,284,208,Hypothalamus,right
1389,3461,4171,285,206,271,Ventral medial nucleus of the thalamus,left
1391,3757,3825,282,234,241,Dorsomedial nucleus of the hypothalamus,left
1391,3639,3834,283,222,243,Posterior hypothalamic nucleus,left
1391,3669,3528,283,225,216,Posterior hypothalamic nucleus,right
1390,3831,3746,282,239,235,Dorsomedial nucleus of the hypothalamus,left
1392,2804,5689,282,144,399,"Supplemental somatosensory area, layer 5",left
1392,2871,1619,289,148,55,"Ventral auditory area, layer 5",right
1392,3741,3511,283,231,215,Posterior hypothalamic nucleus,right
1392,3822,3765,282,239,236,Dorsomedial nucleus of the hypothalamus,left
1392,3528,4320,283,212,284,Zona incerta,left
1393,3676,3765,283,226,236,Posterior hypothalamic nucleus,left
1393,3450,4204,284,205,274,Ventral medial nucleus of the thalamus,left
1393,3687,3747,283,227,235,Posterior hypothalamic nucleus,left
1393,3443,4213,284,203,275,Ventral medial nucleus of the thalamus,left
1393,3471,4192,284,207,272,Ventral medial nucleus of the thalamus,left
1394,3734,3791,283,232,238,Posterior hypothalamic nucleus,left
1394,3774,3583,283,234,221,Dorsomedial nucleus of the hypothalamus,right
1394,3644,3803,283,223,239,Posterior hypothalamic nucleus,left
1394,3840,3532,282,240,217,Dorsomedial nucleus of the hypothalamus,right
1395,3873,4431,278,245,293,Lateral hypothalamic area,left
1395,3473,4237,283,207,277,Thalamus,left
1395,3469,4173,283,207,271,Ventral medial nucleus of the thalamus,left
1396,3505,4168,283,209,270,Ventral medial nucleus of the thalamus,left
1396,3842,3773,281,241,237,Dorsomedial nucleus of the hypothalamus,left
1396,3495,4207,283,209,275,Zona incerta,left
1397,2995,1625,287,160,55,"Temporal association areas, layer 5",right
1397,3818,3534,281,238,217,Dorsomedial nucleus of the hypothalamus,right
1397,3853,3858,281,242,244,Dorsomedial nucleus of the hypothalamus,left
1398,3461,4227,283,206,276,Ventral medial nucleus of the thalamus,left
1398,3506,4150,283,209,269,Ventral medial nucleus of the thalamus,left
1398,3103,1578,286,169,52,"Temporal association areas, layer 5",right
1399,3864,3156,280,241,184,Lateral hypothalamic area,right
1404,3098,1574,285,169,51,"Temporal association areas, layer 5",right
1404,3101,1562,285,169,50,"Temporal association areas, layer 5",right
1402,3447,4253,282,204,278,Ventral medial nucleus of the thalamus,left
1401,3864,3159,279,241,185,Lateral hypothalamic area,right
1403,3104,1552,285,169,49,"Temporal association areas, layer 5",right
1405,3646,3544,281,223,218,Posterior hypothalamic nucleus,right
1406,3742,3906,280,231,248,Dorsomedial nucleus of the hypothalamus,left
1406,3659,3547,281,224,218,Posterior hypothalamic nucleus,right
1406,3758,3831,280,234,241,Dorsomedial nucleus of the hypothalamus,left
1407,3805,3554,280,236,218,Dorsomedial nucleus of the hypothalamus,right
1407,4132,3636,277,267,225,"Periventricular hypothalamic nucleus, intermediate part",right
1408,3739,3805,280,231,239,Dorsomedial nucleus of the hypothalamus,left
1409,2413,5542,283,108,388,"Supplemental somatosensory area, layer 5",left
1409,3764,3801,280,234,239,Dorsomedial nucleus of the hypothalamus,left
1409,3477,4278,281,207,280,Zona incerta,left
1409,3489,4186,281,208,272,Ventral medial nucleus of the thalamus,left
1409,3499,4151,281,209,269,Ventral medial nucleus of the thalamus,left
1409,3504,4143,281,209,268,Ventral medial nucleus of the thalamus,left
1409,3556,4062,281,214,262,Thalamus,left
1411,3815,3547,278,237,218,Dorsomedial nucleus of the hypothalamus,right
1411,3790,3525,279,235,216,Dorsomedial nucleus of the hypothalamus,right
1411,3536,4128,280,213,267,Zona incerta,left
1411,3925,3270,277,247,194,Hypothalamus,right
1411,3707,3542,279,228,217,Hypothalamus,right
1410,3417,4432,280,200,294,Zona incerta,left
1412,3673,3525,280,225,216,Posterior hypothalamic nucleus,right
1412,3500,4173,280,209,271,Ventral medial nucleus of the thalamus,left
1416,2692,1717,286,130,62,"Ventral auditory area, layer 5",right
1416,3554,4271,278,214,280,Zona incerta,left
1413,3707,3835,279,229,242,Hypothalamus,left
1413,3745,3848,279,233,243,Dorsomedial nucleus of the hypothalamus,left
1413,3769,3807,279,235,240,Dorsomedial nucleus of the hypothalamus,left
1413,3529,4148,280,211,269,Ventral medial nucleus of the thalamus,left
1413,3925,3789,277,248,238,Dorsomedial nucleus of the hypothalamus,left
1415,3759,3494,278,233,214,Dorsomedial nucleus of the hypothalamus,right
1417,3898,3477,277,245,212,Dorsomedial nucleus of the hypothalamus,right
1417,3462,4216,279,205,275,Ventral medial nucleus of the thalamus,left
1420,2834,1657,284,144,58,"Supplemental somatosensory area, layer 5",right
1420,3750,3846,277,232,243,Dorsomedial nucleus of the hypothalamus,left
1420,3796,3560,277,236,219,Dorsomedial nucleus of the hypothalamus,right
1420,3922,3987,275,249,255,Hypothalamus,left
1421,3710,3766,277,229,236,Dorsomedial nucleus of the hypothalamus,left
1423,3506,4227,278,209,276,Zona incerta,left
1425,3785,4172,274,236,271,Lateral hypothalamic area,left
1425,3606,3507,277,218,215,Perireunensis nucleus,right
1425,3716,3543,276,228,217,Hypothalamus,right
1426,3959,4047,273,252,260,Hypothalamus,left
1426,3457,4625,275,205,310,"Globus pallidus, internal segment",left
1427,3951,3170,273,249,186,Perifornical nucleus,right
1428,3871,3536,275,243,217,Dorsomedial nucleus of the hypothalamus,right
1428,4261,4002,271,279,255,Ventromedial hypothalamic nucleus,left
1428,3685,3545,277,226,218,Hypothalamus,right
1429,3883,3923,274,245,249,Dorsomedial nucleus of the hypothalamus,left
1430,2656,1714,284,126,62,"Dorsal auditory area, layer 5",right
1431,3644,3514,276,222,215,Hypothalamus,right
1431,4255,3949,270,278,250,Ventromedial hypothalamic nucleus,left
1433,3745,4157,274,232,270,Lateral hypothalamic area,left
1433,3466,4295,276,205,282,Ventral medial nucleus of the thalamus,left
1432,1739,4545,288,42,303,"Anterior area, layer 5",left
1432,3891,3201,273,243,188,Lateral hypothalamic area,right
1434,3792,4183,273,236,272,Lateral hypothalamic area,left
1438,1637,4205,290,30,274,"Retrosplenial area, lateral agranular part, layer 5",left
1438,4275,3309,269,279,197,Tuberal nucleus,right
1439,4261,3912,269,279,247,Ventromedial hypothalamic nucleus,left
1439,4307,3945,268,284,250,Tuberal nucleus,left
1444,4347,3850,267,287,242,Arcuate hypothalamic nucleus,left
1447,1683,4257,287,36,279,"Retrosplenial area, lateral agranular part, layer 5",left
1447,3527,4325,273,210,284,Zona incerta,left
1450,3057,5719,269,168,400,"Visceral area, layer 5",left
1450,3725,4073,271,230,262,Hypothalamus,left
1448,3636,4143,272,222,268,Zona incerta,left
1448,3844,3521,271,240,216,Dorsomedial nucleus of the hypothalamus,right
1451,1713,4462,285,39,296,"Anterior area, layer 5",left
1453,4256,3480,267,276,211,Ventromedial hypothalamic nucleus,right
1453,1730,4576,284,41,305,"Anterior area, layer 5",left
1453,3501,4898,268,208,334,"Central amygdalar nucleus, medial part",left
1454,3705,4096,271,227,265,Hypothalamus,left
1454,3872,4050,269,244,260,Hypothalamus,left
1458,1757,4361,284,43,287,"Anterior area, layer 6a",left
1458,4175,3717,266,270,231,"Periventricular hypothalamic nucleus, intermediate part",left
1456,3875,4053,268,244,260,Perifornical nucleus,left
1459,4227,3854,266,275,242,Ventromedial hypothalamic nucleus,left
1469,1693,4254,283,36,278,"Retrosplenial area, lateral agranular part, layer 5",left
1467,3759,4725,264,233,319,"Central amygdalar nucleus, medial part",left
1467,2349,1874,280,97,76,"Supplemental somatosensory area, layer 5",right
1472,3125,5700,265,173,398,"Visceral area, layer 5",left
1471,3577,4210,268,215,274,Zona incerta,left
1475,2332,1957,278,95,83,"Primary somatosensory area, barrel field, layer 6a",right
1475,3921,2995,264,245,171,Lateral hypothalamic area,right
1474,2566,1814,277,117,70,"Supplemental somatosensory area, layer 6a",right
1476,3648,4238,266,222,276,Lateral hypothalamic area,left
1477,3680,4199,266,224,273,Lateral hypothalamic area,left
1480,3698,4213,265,227,274,Lateral hypothalamic area,left
1480,4300,3563,261,281,218,Arcuate hypothalamic nucleus,right
1478,4240,3852,262,276,242,Ventromedial hypothalamic nucleus,left
1481,1763,4593,278,45,306,"Primary somatosensory area, trunk, layer 5",left
1481,3947,4052,263,250,260,Perifornical nucleus,left
1481,1656,4184,281,32,273,"Retrosplenial area, lateral agranular part, layer 5",left
1481,3729,4684,262,229,315,"Central amygdalar nucleus, medial part",left
1482,3817,3311,265,236,198,Hypothalamus,right
1483,3362,4460,267,194,296,Ventral posterolateral nucleus of the thalamus,left
1484,3796,3736,265,236,234,Hypothalamus,left
1484,4239,3783,261,276,237,Ventromedial hypothalamic nucleus,left
1486,4221,3582,260,274,221,Hypothalamus,right
1487,4246,3851,260,277,242,Ventromedial hypothalamic nucleus,left
1485,4276,4040,259,280,257,Tuberal nucleus,left
1489,1679,4241,279,34,277,"Retrosplenial area, lateral agranular part, layer 5",left
1491,4179,3273,259,269,195,Hypothalamus,right
1492,1739,4438,277,42,294,"Primary somatosensory area, trunk, layer 5",left
1493,4026,3635,261,256,225,"Periventricular hypothalamic nucleus, intermediate part",right
1494,3679,3801,264,224,239,"Paraventricular hypothalamic nucleus, descending division",left
1494,1785,4679,276,47,314,"Primary somatosensory area, trunk, layer 5",left
1494,3737,3786,264,230,238,"Paraventricular hypothalamic nucleus, descending division",left
1496,3762,3747,263,232,235,"Paraventricular hypothalamic nucleus, descending division",left
1495,1774,4474,275,45,297,"Primary somatosensory area, trunk, layer 5",left
1498,1793,4674,275,47,314,"Primary somatosensory area, trunk, layer 5",left
1500,1768,4346,275,43,287,"Primary somatosensory area, trunk, layer 5",left
1501,3655,4075,262,222,262,Zona incerta,left
1503,1758,4278,275,43,280,"Primary somatosensory area, trunk, layer 6a",left
1502,4291,3501,257,279,213,Hypothalamus,right
1506,1834,4689,272,52,315,"Primary somatosensory area, trunk, layer 5",left
1512,1811,3077,275,45,177,"Primary somatosensory area, trunk, layer 6a",right
1515,4170,3813,255,270,239,Ventromedial hypothalamic nucleus,left
1517,4206,3801,255,272,238,Ventromedial hypothalamic nucleus,left
1523,4306,3661,253,280,227,Hypothalamus,right
1525,1670,4258,272,35,280,"Primary somatosensory area, trunk, layer 5",left
1525,1844,4675,268,53,314,"Primary somatosensory area, upper limb, layer 5",left
1524,3858,4330,255,242,283,Lateral hypothalamic area,left
1527,1670,4079,272,33,264,"Retrosplenial area, dorsal part, layer 5",left
1527,1746,4398,270,43,291,"Primary somatosensory area, trunk, layer 5",left
1528,1765,4377,270,44,289,"Primary somatosensory area, trunk, layer 5",left
1528,3783,4891,252,234,332,"Central amygdalar nucleus, medial part",left
1530,4283,3691,251,279,229,Hypothalamus,left
1537,1771,4390,268,45,290,"Primary somatosensory area, trunk, layer 5",left
1538,1780,4304,268,45,283,"Primary somatosensory area, trunk, layer 5",left
1540,1808,4250,267,48,279,"Primary somatosensory area, trunk, layer 6a",left
1540,1768,3189,270,40,186,"Retrosplenial area, lateral agranular part, layer 5",right
1544,1762,4303,267,43,283,"Primary somatosensory area, trunk, layer 5",left
1546,1715,4218,267,38,276,"Primary somatosensory area, trunk, layer 5",left
1550,3368,4346,255,192,286,Ventral anterior-lateral complex of the thalamus,left
1550,1755,4232,266,42,278,"Primary somatosensory area, trunk, layer 5",left
1554,1778,4346,265,45,287,"Primary somatosensory area, trunk, layer 5",left
1553,3640,4093,253,220,263,Zona incerta,left
1553,3667,3833,253,222,242,"Paraventricular hypothalamic nucleus, descending division",left
1556,1758,4234,265,43,278,"Primary somatosensory area, trunk, layer 5",left
1556,1770,4113,265,43,267,"Retrosplenial area, lateral agranular part, layer 6a",left
1557,1724,4206,265,39,275,"Primary somatosensory area, trunk, layer 5",left
1558,1728,4254,265,40,279,"Primary somatosensory area, trunk, layer 5",left
1560,1806,4574,263,49,306,"Primary somatosensory area, lower limb, layer 5",left
1564,1773,4156,264,44,271,"Retrosplenial area, lateral agranular part, layer 6a",left
1566,1722,4189,263,39,274,"Primary somatosensory area, trunk, layer 5",left
1572,1740,4206,262,40,275,"Primary somatosensory area, trunk, layer 5",left
1572,1743,4109,262,40,267,"Retrosplenial area, lateral agranular part, layer 5",left
1571,3801,3780,248,234,237,Paraventricular hypothalamic nucleus,left
1573,1730,4208,262,39,276,"Primary somatosensory area, trunk, layer 5",left
1574,3829,3798,248,237,239,Anterior hypothalamic nucleus,left
1577,1781,4219,261,44,277,"Primary somatosensory area, trunk, layer 5",left
1576,3500,4064,250,206,261,Ventral medial nucleus of the thalamus,left
1580,1757,4384,260,44,290,"Primary somatosensory area, trunk, layer 5",left
1579,1707,4151,262,38,271,"Retrosplenial area, lateral agranular part, layer 5",left
1581,1873,4587,258,56,306,"Primary somatosensory area, lower limb, layer 5",left
1583,3806,4846,242,235,328,Striatum,left
1584,1732,4256,260,41,279,"Primary somatosensory area, trunk, layer 5",left
1586,1784,4482,258,47,298,"Primary somatosensory area, lower limb, layer 5",left
1586,1845,4279,258,52,281,"Primary somatosensory area, lower limb, layer 6a",left
1585,1843,4309,258,51,284,"Primary somatosensory area, lower limb, layer 6a",left
1587,1687,4389,260,37,290,"Primary somatosensory area, trunk, layer 4",left
1591,1750,4217,258,42,276,"Primary somatosensory area, trunk, layer 5",left
1591,1776,4120,258,43,269,"Retrosplenial area, lateral agranular part, layer 5",left
1591,1774,4423,258,46,293,"Primary somatosensory area, lower limb, layer 5",left
1590,3112,1664,254,168,58,"Visceral area, layer 5",right
1593,1768,4333,258,44,286,"Primary somatosensory area, trunk, layer 5",left
1594,1786,4363,258,46,288,"Primary somatosensory area, trunk, layer 5",left
1595,1882,4470,255,57,297,"Primary somatosensory area, lower limb, layer 6a",left
1596,2430,4719,250,107,318,Caudoputamen,left
1597,3705,3766,245,225,236,Paraventricular hypothalamic nucleus,left
1597,1744,4242,257,42,278,"Primary somatosensory area, trunk, layer 5",left
1603,1811,4442,255,49,294,"Primary somatosensory area, lower limb, layer 5",left
1600,1780,4134,256,44,270,"Retrosplenial area, lateral agranular part, layer 5",left
1602,1784,4153,256,45,271,"Retrosplenial area, lateral agranular part, layer 5",left
1602,1751,4178,257,41,273,"Primary somatosensory area, trunk, layer 5",left
1604,1903,4594,254,58,308,"Primary somatosensory area, lower limb, layer 5",left
1606,1806,3210,258,43,188,"Retrosplenial area, lateral agranular part, layer 5",right
1606,1860,4525,253,54,301,"Primary somatosensory area, lower limb, layer 5",left
1611,1802,3212,257,43,188,"Retrosplenial area, lateral agranular part, layer 5",right
1611,3688,3852,242,223,243,Hypothalamus,left
1609,1802,4469,254,48,297,"Primary somatosensory area, lower limb, layer 5",left
1609,1879,4544,253,56,303,"Primary somatosensory area, lower limb, layer 5",left
1612,1863,4213,253,52,276,"Primary somatosensory area, lower limb, layer 6a",left
1612,1969,4716,251,65,317,"Primary somatosensory area, upper limb, layer 5",left
1612,3772,4639,238,232,310,"Central amygdalar nucleus, medial part",left
1613,3537,3901,243,209,248,Perireunensis nucleus,left
1614,1802,4365,254,48,288,"Primary somatosensory area, lower limb, layer 5",left
1616,1780,4007,254,43,259,"Retrosplenial area, lateral agranular part, layer 6a",left
1617,1826,4392,252,50,290,"Primary somatosensory area, lower limb, layer 5",left
1617,1865,4609,252,55,309,"Primary somatosensory area, lower limb, layer 5",left
1618,1864,4374,252,54,289,"Primary somatosensory area, lower limb, layer 5",left
1618,2374,4699,246,102,316,Caudoputamen,left
1619,3440,3273,243,197,195,Thalamus,right
1620,1894,4440,250,58,294,"Primary somatosensory area, lower limb, layer 6a",left
1625,1891,4582,249,57,307,"Primary somatosensory area, lower limb, layer 5",left
1625,2313,4619,245,96,309,subependymal zone,left
1622,1784,4302,252,46,283,"Primary somatosensory area, lower limb, layer 5",left
1622,1880,2914,255,50,162,"Primary somatosensory area, lower limb, layer 5",right
1624,3422,3263,242,196,194,Thalamus,right
1624,1831,4198,252,49,275,"Primary somatosensory area, trunk, layer 5",left
1627,1896,2918,254,53,162,"Primary somatosensory area, lower limb, layer 5",right
1628,1735,4098,252,40,267,"Retrosplenial area, lateral agranular part, layer 5",left
1628,1876,4584,250,56,307,"Primary somatosensory area, lower limb, layer 5",left
1628,1789,4199,251,45,275,"Primary somatosensory area, trunk, layer 5",left
1628,1907,2928,253,54,163,"Primary somatosensory area, lower limb, layer 5",right
1629,1869,4587,250,56,307,"Primary somatosensory area, lower limb, layer 5",left
1630,1821,4296,250,50,283,"Primary somatosensory area, lower limb, layer 5",left
1631,1797,4091,250,45,266,"Primary motor area, Layer 5",left
1636,1854,3249,251,47,191,"Primary motor area, Layer 6a",right
1636,1739,4100,251,40,267,"Retrosplenial area, lateral agranular part, layer 5",left
1633,1789,4367,250,46,288,"Primary somatosensory area, lower limb, layer 5",left
1634,1804,4364,250,48,288,"Primary somatosensory area, lower limb, layer 5",left
1634,1794,4438,250,48,294,"Primary somatosensory area, lower limb, layer 5",left
1635,1809,4345,249,49,287,"Primary somatosensory area, lower limb, layer 5",left
1640,1847,4274,248,52,281,"Primary somatosensory area, lower limb, layer 5",left
1639,1865,4328,248,53,285,"Primary somatosensory area, lower limb, layer 5",left
1642,1876,4401,247,55,291,"Primary somatosensory area, lower limb, layer 5",left
1642,1779,4247,249,44,279,"Primary somatosensory area, lower limb, layer 5",left
1642,1883,4202,247,55,275,"Primary somatosensory area, lower limb, layer 6a",left
1645,1809,4287,247,48,282,"Primary somatosensory area, lower limb, layer 5",left
1645,1819,4176,247,49,273,"Primary motor area, Layer 5",left
1646,1841,4257,247,50,280,"Primary somatosensory area, lower limb, layer 5",left
1646,1865,4478,246,54,297,"Primary somatosensory area, lower limb, layer 5",left
1646,1762,4375,248,44,289,"Primary somatosensory area, lower limb, layer 5",left
1644,1905,4440,247,58,294,"Primary somatosensory area, lower limb, layer 5",left
1647,1865,4187,247,52,274,"Primary motor area, Layer 6a",left
1650,1783,4139,247,45,270,"Primary motor area, Layer 5",left
1650,1920,4213,245,58,276,"Primary motor area, Layer 6a",left
1652,1785,4175,247,45,273,"Primary motor area, Layer 5",left
1654,1744,4149,248,41,271,"Primary motor area, Layer 5",left
1656,1786,4239,246,45,278,"Primary somatosensory area, lower limb, layer 5",left
1656,1822,4429,245,50,293,"Primary somatosensory area, lower limb, layer 5",left
1658,1823,4457,245,50,296,"Primary somatosensory area, lower limb, layer 5",left
1658,1859,4366,245,54,288,"Primary somatosensory area, lower limb, layer 5",left
1658,1997,4781,243,68,322,"Primary somatosensory area, upper limb, layer 5",left
1657,1913,4479,244,59,297,"Primary somatosensory area, lower limb, layer 5",left
1660,2789,4766,235,139,321,Caudoputamen,left
1660,1846,4319,244,52,285,"Primary somatosensory area, lower limb, layer 5",left
1660,1898,4260,243,56,280,"Primary somatosensory area, lower limb, layer 6a",left
1661,1862,4190,244,52,274,"Primary motor area, Layer 5",left
1661,1883,4576,243,57,306,"Primary somatosensory area, lower limb, layer 5",left
1666,2151,2417,245,76,121,"Primary somatosensory area, unassigned, layer 5",right
1669,1811,4259,244,48,280,"Primary somatosensory area, lower limb, layer 5",left
1669,1884,4256,243,55,279,"Primary somatosensory area, lower limb, layer 6a",left
1669,2049,4866,240,72,329,"Primary somatosensory area, upper limb, layer 5",left
1669,1978,4623,241,65,310,"Primary somatosensory area, lower limb, layer 5",left
1670,1884,4465,241,56,296,"Primary somatosensory area, lower limb, layer 5",left
1673,1797,4196,243,46,275,"Primary somatosensory area, lower limb, layer 5",left
1673,1838,4379,242,51,289,"Primary somatosensory area, lower limb, layer 5",left
1673,1876,4548,242,55,304,"Primary somatosensory area, lower limb, layer 5",left
1671,1928,4569,241,60,306,"Primary somatosensory area, lower limb, layer 5",left
1671,1871,2968,246,50,166,"Primary somatosensory area, lower limb, layer 5",right
1674,1851,3348,245,47,199,"Secondary motor area, layer 6a",right
1675,1839,4358,241,51,288,"Primary somatosensory area, lower limb, layer 5",left
1675,1935,4384,240,61,290,"Primary somatosensory area, lower limb, layer 6a",left
1675,1906,4438,240,57,294,"Primary somatosensory area, lower limb, layer 5",left
1677,1767,4062,243,41,263,"Primary motor area, Layer 5",left
1677,1923,4422,240,60,293,"Primary somatosensory area, lower limb, layer 5",left
1676,1847,4238,241,51,278,"Primary somatosensory area, lower limb, layer 5",left
1676,2316,4539,236,96,302,"corpus callosum, body",left
1676,1812,3146,245,44,182,"Primary motor area, Layer 5",right
1676,1933,4280,240,60,281,"Primary somatosensory area, lower limb, layer 6a",left
1676,1824,4362,242,50,288,"Primary somatosensory area, lower limb, layer 5",left
1679,1824,4316,242,49,284,"Primary somatosensory area, lower limb, layer 5",left
1679,1810,4208,242,47,276,"Primary motor area, Layer 5",left
1679,1835,4287,241,50,282,"Primary somatosensory area, lower limb, layer 5",left
1678,1845,4316,241,52,284,"Primary somatosensory area, lower limb, layer 5",left
1682,1755,4006,242,40,258,"Secondary motor area, layer 5",left
1682,1806,4164,241,46,272,"Primary motor area, Layer 5",left
1683,1808,4316,241,48,284,"Primary somatosensory area, lower limb, layer 5",left
1681,1868,3285,243,48,194,"Secondary motor area, layer 6a",right
1684,1864,4283,240,53,282,"Primary somatosensory area, lower limb, layer 5",left
1684,1798,4161,241,46,272,"Primary motor area, Layer 5",left
1684,1949,4544,239,62,303,"Primary somatosensory area, lower limb, layer 5",left
1685,1869,4200,239,53,275,"Primary motor area, Layer 5",left
1687,1853,3288,242,47,194,"Secondary motor area, layer 5",right
1690,1801,4158,240,46,272,"Primary motor area, Layer 5",left
1690,1850,3964,239,49,255,"Secondary motor area, layer 6a",left
1691,1816,4155,239,47,271,"Primary motor area, Layer 5",left
1691,1886,4372,238,56,289,"Primary somatosensory area, lower limb, layer 5",left
1692,1885,4495,238,56,299,"Primary somatosensory area, lower limb, layer 5",left
1693,1927,3225,240,54,188,"Primary motor area, Layer 6a",right
1693,1910,4507,237,59,300,"Primary somatosensory area, lower limb, layer 5",left
1701,1839,4357,237,51,288,"Primary somatosensory area, lower limb, layer 5",left
1696,1935,4518,236,61,300,"Primary somatosensory area, lower limb, layer 5",left
1695,1809,4152,239,47,271,"Primary motor area, Layer 5",left
1697,2378,4642,232,101,310,Caudoputamen,left
1698,1867,4399,237,53,291,"Primary somatosensory area, lower limb, layer 5",left
1699,1975,4489,236,64,298,"Primary somatosensory area, lower limb, layer 5",left
1699,1882,4418,237,56,292,"Primary somatosensory area, lower limb, layer 5",left
1699,2223,4383,233,87,290,"corpus callosum, body",left
1699,1873,4375,237,54,289,"Primary somatosensory area, lower limb, layer 5",left
1699,3668,4215,226,220,273,Bed nuclei of the stria terminalis,left
1700,3565,4229,226,210,275,Bed nuclei of the stria terminalis,left
1700,1801,4188,238,46,274,"Primary motor area, Layer 5",left
1700,1944,4371,235,62,289,"Primary somatosensory area, lower limb, layer 5",left
1702,2036,4714,234,71,317,"Primary somatosensory area, upper limb, layer 5",left
1702,1785,4123,238,44,269,"Primary motor area, Layer 5",left
1702,1846,4417,237,52,292,"Primary somatosensory area, lower limb, layer 5",left
1702,1901,4513,236,57,300,"Primary somatosensory area, lower limb, layer 5",left
1702,1944,4341,235,61,286,"Primary somatosensory area, lower limb, layer 5",left
1705,1862,4407,236,53,292,"Primary somatosensory area, lower limb, layer 5",left
1705,1930,4590,235,60,307,"Primary somatosensory area, lower limb, layer 5",left
1705,1945,4204,235,60,275,"Primary motor area, Layer 6a",left
1705,2036,4318,233,69,284,"Primary motor area, Layer 6a",left
1704,1959,4530,235,63,301,"Primary somatosensory area, lower limb, layer 5",left
1703,3903,4024,223,243,257,Medial preoptic area,left
1706,2166,4383,232,81,290,"Primary somatosensory area, lower limb, layer 6a",left
1706,1852,3122,239,47,180,"Primary motor area, Layer 5",right
1707,1983,4656,234,66,312,"Primary somatosensory area, upper limb, layer 5",left
1707,1856,4341,236,52,286,"Primary somatosensory area, lower limb, layer 5",left
1707,1851,3123,239,47,180,"Primary motor area, Layer 5",right
1708,1840,4288,236,50,282,"Primary somatosensory area, lower limb, layer 5",left
1708,1869,3129,239,49,180,"Primary motor area, Layer 5",right
1710,1937,4292,234,60,282,"Primary motor area, Layer 6a",left
1710,1872,4437,235,54,294,"Primary somatosensory area, lower limb, layer 5",left
1710,1952,4212,234,60,276,"Primary motor area, Layer 6a",left
1709,2011,4642,233,68,311,"Primary somatosensory area, upper limb, layer 5",left
1711,1845,4236,235,51,278,"Primary motor area, Layer 5",left
1712,1812,4151,236,47,271,"Primary motor area, Layer 5",left
1715,1853,3128,237,47,180,"Primary motor area, Layer 5",right
1715,2029,4697,232,69,316,"Primary somatosensory area, upper limb, layer 5",left
1715,1992,4586,232,66,306,"Primary somatosensory area, lower limb, layer 5",left
1716,1943,4125,233,58,268,"Primary motor area, Layer 6a",left
1716,1928,4315,233,59,284,"Primary motor area, Layer 5",left
1718,1882,4381,234,55,289,"Primary somatosensory area, lower limb, layer 5",left
1718,2017,4421,232,68,293,"Primary somatosensory area, lower limb, layer 6a",left
1719,1882,4286,234,55,282,"Primary motor area, Layer 5",left
1719,1896,4315,233,56,284,"Primary somatosensory area, lower limb, layer 5",left
1721,1961,4610,231,63,309,"Primary somatosensory area, upper limb, layer 5",left
1721,4100,3301,219,261,197,Medial preoptic area,right
1720,2019,4336,231,68,286,"Primary motor area, Layer 6a",left
1720,1889,4317,233,55,284,"Primary somatosensory area, lower limb, layer 5",left
1722,1952,3128,235,57,180,"Primary motor area, Layer 6a",right
1722,3815,4083,220,235,262,Medial preoptic area,left
1723,1889,4400,233,55,291,"Primary somatosensory area, lower limb, layer 5",left
1723,1922,4191,232,58,274,"Primary motor area, Layer 6a",left
1725,1954,4515,231,62,300,"Primary somatosensory area, lower limb, layer 5",left
1724,1977,4408,231,64,292,"Primary somatosensory area, lower limb, layer 5",left
1727,1904,4473,232,57,297,"Primary somatosensory area, lower limb, layer 5",left
1726,1976,4582,230,64,306,"Primary somatosensory area, lower limb, layer 5",left
1728,2014,4547,230,68,303,"Primary somatosensory area, lower limb, layer 5",left
1728,2048,4650,229,71,312,"Primary somatosensory area, upper limb, layer 5",left
1730,1859,4161,232,51,272,"Primary motor area, Layer 5",left
1730,1815,4209,232,47,276,"Primary motor area, Layer 5",left
1729,2104,4637,229,76,310,"Primary somatosensory area, upper limb, layer 6a",left
1732,1879,4237,231,53,278,"Primary motor area, Layer 5",left
1732,1886,4372,231,55,289,"Primary somatosensory area, lower limb, layer 5",left
1732,2153,4862,227,81,329,"Primary somatosensory area, upper limb, layer 5",left
1734,2075,4370,228,73,289,"Primary motor area, Layer 6a",left
1734,1947,4413,230,61,292,"Primary somatosensory area, lower limb, layer 5",left
1743,2040,4722,227,70,318,"Primary somatosensory area, upper limb, layer 5",left
1743,2032,4581,227,70,305,"Primary somatosensory area, upper limb, layer 5",left
1739,1905,4419,230,56,293,"Primary somatosensory area, lower limb, layer 5",left
1742,2002,4449,228,66,295,"Primary somatosensory area, lower limb, layer 5",left
1741,3929,4049,216,245,258,Medial preoptic area,left
1745,1879,4283,229,53,282,"Primary motor area, Layer 5",left
1745,1905,4403,228,56,291,"Primary somatosensory area, lower limb, layer 5",left
1744,2016,4378,227,67,289,"Primary motor area, Layer 6a",left
1746,1889,4330,228,55,285,"Primary motor area, Layer 5",left
1746,1932,4105,228,58,266,"Primary motor area, Layer 6a",left
1748,1842,4218,229,49,276,"Primary motor area, Layer 5",left
1749,2009,4423,227,67,293,"Primary somatosensory area, lower limb, layer 5",left
1749,2052,4210,226,70,275,"Primary motor area, Layer 6a",left
1754,2044,4352,225,70,287,"Primary motor area, Layer 6a",left
1754,2160,4349,224,81,286,"Primary motor area, Layer 6a",left
1756,2053,4389,224,70,290,"Primary motor area, Layer 6a",left
1756,2011,4577,225,67,305,"Primary somatosensory area, upper limb, layer 5",left
1757,1911,4363,226,57,288,"Primary motor area, Layer 5",left
1757,2127,4361,223,77,288,"Primary motor area, Layer 6a",left
1758,3419,1860,221,194,73,"Agranular insular area, posterior part, layer 6a",right
1762,1918,4305,225,57,283,"Primary motor area, Layer 5",left
1762,2121,4372,223,77,289,"Primary motor area, Layer 6a",left
1762,1910,4296,225,57,283,"Primary motor area, Layer 5",left
1763,1912,4316,225,57,284,"Primary motor area, Layer 5",left
1763,1939,4324,225,59,285,"Primary motor area, Layer 5",left
1763,2021,3269,227,63,192,"Secondary motor area, layer 6a",right
1764,1999,4331,224,65,285,"Primary motor area, Layer 5",left
1765,1897,4293,225,55,282,"Primary motor area, Layer 5",left
1766,2030,4495,223,68,299,"Primary somatosensory area, lower limb, layer 5",left
1766,2107,4702,222,77,316,"Primary somatosensory area, upper limb, layer 5",left
1766,1843,4246,226,49,279,"Primary motor area, Layer 5",left
1768,2040,4527,223,69,301,"Primary somatosensory area, lower limb, layer 5",left
1768,2022,4567,223,68,304,"Primary somatosensory area, lower limb, layer 5",left
1769,1938,4026,225,57,260,"Secondary motor area, layer 6a",left
1769,1950,4442,224,61,294,"Primary somatosensory area, lower limb, layer 5",left
1769,1944,4395,224,61,291,"Primary motor area, Layer 5",left
1767,2011,4300,223,66,283,"Primary motor area, Layer 6a",left
1770,2031,4375,222,68,289,"Primary motor area, Layer 5",left
1770,2033,4488,222,69,298,"Primary somatosensory area, lower limb, layer 5",left
1774,2112,4493,221,76,298,"Primary somatosensory area, lower limb, layer 6a",left
1778,2035,4333,221,69,286,"Primary motor area, Layer 6a",left
1778,1953,4385,222,60,290,"Primary motor area, Layer 5",left
1777,1970,4155,222,62,270,"Primary motor area, Layer 6a",left
1777,2025,4621,221,68,309,"Primary somatosensory area, upper limb, layer 5",left
1777,2104,4502,220,75,299,"Primary somatosensory area, lower limb, layer 6a",left
1779,2031,4580,221,68,305,"Primary somatosensory area, upper limb, layer 5",left
1780,2015,4405,221,66,291,"Primary motor area, Layer 5",left
1783,2067,4662,220,72,312,"Primary somatosensory area, upper limb, layer 5",left
1782,1936,4382,222,59,290,"Primary motor area, Layer 5",left
1781,1997,4517,221,66,300,"Primary somatosensory area, lower limb, layer 5",left
1781,2011,4619,220,67,309,"Primary somatosensory area, upper limb, layer 5",left
1781,2018,4499,220,67,299,"Primary somatosensory area, lower limb, layer 5",left
1784,2030,4423,220,68,293,"Primary motor area, Layer 5",left
1785,1970,3131,223,58,180,"Primary motor area, Layer 5",right
1788,2150,4675,218,80,313,"Primary somatosensory area, upper limb, layer 6a",left
1788,2085,4304,219,73,282,"Primary motor area, Layer 6a",left
1788,2461,4632,214,109,310,Caudoputamen,left
1788,1951,4393,221,60,290,"Primary motor area, Layer 5",left
1789,1919,4326,221,58,285,"Primary motor area, Layer 5",left
1789,1941,4343,221,59,286,"Primary motor area, Layer 5",left
1790,2002,4400,219,65,291,"Primary motor area, Layer 5",left
1790,1960,4303,220,61,283,"Primary motor area, Layer 5",left
1793,2176,4512,217,82,300,"Primary somatosensory area, lower limb, layer 6a",left
1793,1912,4326,220,56,285,"Primary motor area, Layer 5",left
1793,2144,4711,217,80,316,"Primary somatosensory area, upper limb, layer 5",left
1794,2060,4506,218,71,299,"Primary somatosensory area, lower limb, layer 5",left
1794,2097,4513,218,75,300,"Primary somatosensory area, lower limb, layer 6a",left
1794,2005,4507,219,65,300,"Primary somatosensory area, lower limb, layer 5",left
1794,2087,4505,218,74,299,"Primary somatosensory area, lower limb, layer 6a",left
1794,2188,4507,216,83,300,"Primary somatosensory area, lower limb, layer 6a",left
1796,1955,4301,219,60,283,"Primary motor area, Layer 5",left
1796,1959,4198,219,61,274,"Primary motor area, Layer 5",left
1797,1973,4236,219,62,277,"Primary motor area, Layer 5",left
1797,2085,4603,217,74,307,"Primary somatosensory area, upper limb, layer 5",left
1797,2011,4478,218,66,297,"Primary somatosensory area, lower limb, layer 5",left
1800,2046,3271,219,65,192,"Secondary motor area, layer 6a",right
1800,1962,4238,218,61,277,"Primary motor area, Layer 5",left
1795,2114,4434,217,76,294,"Primary motor area, Layer 6a",left
1799,2044,4579,217,70,305,"Primary somatosensory area, upper limb, layer 5",left
1798,1945,4301,219,60,283,"Primary motor area, Layer 5",left
1798,1975,4389,218,62,290,"Primary motor area, Layer 5",left
1802,1969,4390,218,62,290,"Primary motor area, Layer 5",left
1802,1918,4294,219,56,283,"Primary motor area, Layer 5",left
1803,1904,4298,219,55,283,"Primary motor area, Layer 5",left
1806,2050,4460,216,70,296,"Primary motor area, Layer 5",left
1807,2162,4392,214,81,289,"Primary motor area, Layer 6a",left
1807,1969,4381,217,62,289,"Primary motor area, Layer 5",left
1810,1965,4401,216,61,291,"Primary motor area, Layer 5",left
1811,1971,3226,219,58,188,"Primary motor area, Layer 5",right
1812,2061,4445,215,71,295,"Primary motor area, Layer 5",left
1815,2080,3080,217,67,175,"Primary motor area, Layer 6a",right
1813,1971,4324,216,62,285,"Primary motor area, Layer 5",left
1814,2197,2724,218,79,146,"Primary somatosensory area, upper limb, layer 6a",right
1814,2069,4516,214,72,300,"Primary motor area, Layer 5",left
1814,2094,4645,214,75,311,"Primary somatosensory area, upper limb, layer 5",left
1817,1920,4313,216,57,284,"Primary motor area, Layer 5",left
1817,2050,4521,214,70,301,"Primary somatosensory area, lower limb, layer 5",left
1818,2191,4751,212,83,319,"Primary somatosensory area, upper limb, layer 5",left
1819,2073,3196,217,68,186,"Primary motor area, Layer 6a",right
1822,2047,4127,213,69,268,"Secondary motor area, layer 6a",left
1823,4067,3813,200,258,238,Anteroventral periventricular nucleus,left
1823,2254,4702,210,89,315,"Primary somatosensory area, upper limb, layer 6a",left
1824,2018,3077,217,61,175,"Primary motor area, Layer 5",right
1826,2037,4509,212,68,300,"Primary motor area, Layer 5",left
1827,2064,4487,212,71,298,"Primary motor area, Layer 5",left
1827,2190,4780,210,83,321,"Primary somatosensory area, upper limb, layer 5",left
1828,1954,4310,214,59,284,"Primary motor area, Layer 5",left
1828,4038,3598,200,255,221,Anteroventral periventricular nucleus,right
1831,2021,4241,212,66,277,"Primary motor area, Layer 6a",left
1831,2068,3020,215,66,171,"Primary motor area, Layer 5",right
1831,2032,4429,212,68,293,"Primary motor area, Layer 5",left
1830,2100,4414,211,74,291,"Primary motor area, Layer 6a",left
1833,2059,4527,211,71,301,"Primary motor area, Layer 5",left
1834,2044,4300,212,69,282,"Primary motor area, Layer 6a",left
1834,2117,4596,210,76,307,"Primary somatosensory area, upper limb, layer 5",left
1835,2090,4575,210,73,305,"Primary somatosensory area, lower limb, layer 5",left
1835,2128,4648,209,77,311,"Primary somatosensory area, upper limb, layer 5",left
1836,3478,5380,196,203,372,"Agranular insular area, posterior part, layer 5",left
1836,2023,4089,211,66,264,"Secondary motor area, layer 6a",left
1836,4117,3777,197,263,235,Anteroventral periventricular nucleus,left
1838,2031,4437,211,67,294,"Primary motor area, Layer 5",left
1838,4114,3830,197,263,239,Anteroventral periventricular nucleus,left
1842,2141,2976,212,73,167,"Primary motor area, Layer 6a",right
1842,2013,4445,210,66,295,"Primary motor area, Layer 5",left
1842,3965,3611,197,248,222,Anteroventral periventricular nucleus,right
1839,2121,4217,210,76,275,"Primary motor area, Layer 6a",left
1847,2053,3096,212,65,178,"Primary motor area, Layer 5",right
1843,2032,4428,210,68,292,"Primary motor area, Layer 5",left
1848,1985,4366,210,63,287,"Primary motor area, Layer 5",left
1846,2078,4565,208,72,304,"Primary motor area, Layer 5",left
1846,2091,4499,208,73,298,"Primary motor area, Layer 5",left
1845,2034,4513,209,68,300,"Primary motor area, Layer 5",left
1850,4018,3743,195,254,232,Anteroventral periventricular nucleus,left
1851,2134,4506,207,78,298,"Primary motor area, Layer 5",left
1855,2123,3218,209,72,187,"Secondary motor area, layer 6a",right
1855,2143,4623,206,78,309,"Primary somatosensory area, upper limb, layer 5",left
1855,2156,4328,206,79,284,"Primary motor area, Layer 6a",left
1853,2433,4555,203,106,302,"corpus callosum, body",left
1863,2148,4594,205,79,307,"Primary motor area, Layer 5",left
1864,2117,4660,205,75,312,"Primary somatosensory area, upper limb, layer 5",left
1865,4053,4229,191,258,272,Substantia innominata,left
1868,2126,4680,204,76,313,"Primary somatosensory area, upper limb, layer 5",left
1878,2271,2943,205,86,164,"Primary motor area, Layer 6a",right
1879,2202,4555,202,84,302,"Primary motor area, Layer 6a",left
1882,2192,3428,203,79,205,"Anterior cingulate area, dorsal part, layer 5",right
1885,2151,3040,204,74,172,"Primary motor area, Layer 6a",right
1886,2106,3418,203,70,204,"Anterior cingulate area, dorsal part, layer 6a",right
1886,2129,4575,201,76,304,"Primary motor area, Layer 5",left
1886,2262,2731,204,84,147,"Primary motor area, Layer 6a",right
1887,2186,4349,200,82,286,"Primary motor area, Layer 6a",left
1890,2118,4366,200,75,287,"Primary motor area, Layer 5",left
1893,2050,3997,202,68,256,"Secondary motor area, layer 6a",left
1895,3359,5362,186,192,372,"Agranular insular area, dorsal part, layer 5",left
1894,2282,2788,203,87,152,"Primary motor area, Layer 6a",right
1897,2225,4518,198,86,299,"Primary motor area, Layer 6a",left
1897,3377,2005,197,188,83,"Gustatory areas, layer 6a",right
1902,2290,4887,196,91,330,"Primary somatosensory area, upper limb, layer 5",left
1906,2241,4517,196,87,299,"Primary motor area, Layer 6a",left
1908,2344,4968,195,97,337,"Primary somatosensory area, mouth, layer 5",left
1912,3366,5325,183,192,368,"Agranular insular area, dorsal part, layer 5",left
1915,2209,4332,195,85,284,"Primary motor area, Layer 6a",left
1915,2182,4578,195,82,304,"Primary motor area, Layer 5",left
1915,2752,4325,189,134,283,Caudoputamen,left
1916,2204,3429,196,80,205,"Anterior cingulate area, dorsal part, layer 5",right
1922,2312,4617,192,94,307,"Primary motor area, Layer 6a",left
1926,2194,4619,193,84,308,"Primary motor area, Layer 5",left
1944,2319,2744,194,90,149,"Primary motor area, Layer 6a",right
1944,2098,4128,192,73,266,"Secondary motor area, layer 6a",left
1940,2078,3219,194,67,189,"Secondary motor area, layer 5",right
1949,2185,4317,190,82,282,"Primary motor area, Layer 6a",left
1953,2409,4851,186,103,327,"Primary somatosensory area, upper limb, layer 6a",left
1952,2184,4313,189,82,282,"Primary motor area, Layer 6a",left
1960,2159,4195,188,80,272,"Secondary motor area, layer 6a",left
1963,2307,3424,186,90,205,"Anterior cingulate area, dorsal part, layer 5",right
1964,2197,4259,187,84,277,"Secondary motor area, layer 6a",left
1965,2217,3964,186,84,252,"Anterior cingulate area, dorsal part, layer 5",left
1965,2247,3959,185,87,252,"Anterior cingulate area, dorsal part, layer 5",left
1969,2254,3951,185,87,251,"Anterior cingulate area, dorsal part, layer 5",left
1971,2308,3417,184,90,204,"Anterior cingulate area, dorsal part, layer 5",right
1980,2153,4224,184,79,274,"Secondary motor area, layer 6a",left
1978,2159,4226,185,80,274,"Secondary motor area, layer 6a",left
1991,2150,4094,182,79,264,"Secondary motor area, layer 6a",left
1996,2116,3351,183,72,199,"Secondary motor area, layer 5",right
1996,2178,4094,181,81,264,"Secondary motor area, layer 6a",left
1998,3313,2070,181,181,89,"Gustatory areas, layer 5",right
2002,2433,2507,184,99,129,"Primary motor area, Layer 6a",right
2002,2185,3403,180,79,203,"Anterior cingulate area, dorsal part, layer 5",right
2006,2304,3044,180,89,174,"Secondary motor area, layer 6a",right
2010,2314,3047,179,90,174,"Secondary motor area, layer 6a",right
2024,2257,3966,175,89,252,"Anterior cingulate area, dorsal part, layer 5",left
2036,2196,4143,173,84,266,"Secondary motor area, layer 6a",left
2039,3190,5145,163,174,354,"Agranular insular area, dorsal part, layer 5",left
2044,2265,3322,172,86,197,"Anterior cingulate area, dorsal part, layer 6a",right
2045,2259,4202,170,90,271,"Secondary motor area, layer 6a",left
2050,2255,4174,170,89,269,"Secondary motor area, layer 6a",left
2049,2209,3980,171,85,253,"Anterior cingulate area, dorsal part, layer 5",left
2051,2293,4404,169,92,288,"Secondary motor area, layer 6a",left
2051,2115,4292,173,76,279,"Secondary motor area, layer 5",left
2057,2209,3202,170,81,188,"Secondary motor area, layer 6a",right
2057,2539,2437,173,108,123,"Primary motor area, Layer 5",right
2066,2264,4192,167,90,270,"Secondary motor area, layer 6a",left
2069,2152,3991,169,79,254,"Anterior cingulate area, dorsal part, layer 5",left
2075,2161,3989,166,80,254,"Anterior cingulate area, dorsal part, layer 5",left
2076,2253,3421,164,85,206,"Anterior cingulate area, dorsal part, layer 5",right
2076,2293,3332,164,88,199,"Anterior cingulate area, dorsal part, layer 6a",right
2077,2241,3431,164,84,206,"Anterior cingulate area, dorsal part, layer 5",right
2086,2208,4130,164,85,265,"Secondary motor area, layer 6a",left
2086,2278,4277,163,91,277,"Secondary motor area, layer 6a",left
2088,2329,3225,162,91,190,"Secondary motor area, layer 6a",right
2091,2273,3344,161,87,200,"Anterior cingulate area, dorsal part, layer 6a",right
2093,2377,3427,159,96,206,"Anterior cingulate area, dorsal part, layer 5",right
2093,2421,4734,161,104,315,"Primary motor area, Layer 5",left
2093,2263,3353,161,86,200,"Anterior cingulate area, dorsal part, layer 5",right
2095,2070,3966,165,72,252,"Secondary motor area, layer 5",left
2103,2426,3903,156,104,246,"Anterior cingulate area, ventral part, layer 5",left
2111,2262,3202,158,85,188,"Secondary motor area, layer 6a",right
2115,2229,3377,157,82,203,"Anterior cingulate area, dorsal part, layer 5",right
2127,2285,3384,153,88,204,"Anterior cingulate area, dorsal part, layer 5",right
2123,2299,3341,154,89,199,"Anterior cingulate area, dorsal part, layer 5",right
2129,2151,3333,156,74,200,"Secondary motor area, layer 5",right
2136,2282,4020,152,92,257,"Anterior cingulate area, dorsal part, layer 6a",left
2136,2382,3485,149,98,212,"Anterior cingulate area, dorsal part, layer 5",right
2133,2339,4097,152,97,263,"Anterior cingulate area, dorsal part, layer 6a",left
2134,2145,3960,156,79,252,"Anterior cingulate area, dorsal part, layer 5",left
2134,3187,4882,145,173,331,"Agranular insular area, dorsal part, layer 5",left
2138,2242,4270,154,88,277,"Secondary motor area, layer 5",left
2139,2695,3959,145,129,251,"Prelimbic area, layer 5",left
2140,3037,4895,144,159,332,"Agranular insular area, dorsal part, layer 5",left
2145,2248,4143,152,89,266,"Secondary motor area, layer 6a",left
2142,3219,4890,143,177,332,"Agranular insular area, dorsal part, layer 5",left
2141,2288,4135,152,93,266,"Secondary motor area, layer 6a",left
2141,2339,4098,150,97,263,"Anterior cingulate area, dorsal part, layer 6a",left
2146,2275,3453,149,87,209,"Anterior cingulate area, dorsal part, layer 5",right
2146,3035,4906,143,159,332,"Agranular insular area, dorsal part, layer 5",left
2148,2294,4129,150,94,265,"Secondary motor area, layer 6a",left
2148,3220,4898,142,177,333,"Agranular insular area, dorsal part, layer 5",left
2150,2277,3223,149,86,191,"Secondary motor area, layer 5",right
2150,3195,4739,141,174,319,"Agranular insular area, ventral part, layer 5",left
2158,2221,4199,151,87,271,"Secondary motor area, layer 5",left
2158,2307,3906,147,94,246,"Anterior cingulate area, dorsal part, layer 5",left
2158,2315,3962,147,94,251,"Anterior cingulate area, dorsal part, layer 5",left
2153,3204,4740,141,174,319,"Agranular insular area, ventral part, layer 5",left
2153,2237,4200,151,88,271,"Secondary motor area, layer 5",left
2157,2287,4300,150,93,279,"Secondary motor area, layer 6a",left
2157,2989,4919,142,154,334,"Primary motor area, Layer 5",left
2159,2294,3929,147,93,248,"Anterior cingulate area, dorsal part, layer 5",left
2156,3245,4917,140,180,334,"Agranular insular area, dorsal part, layer 5",left
2160,3230,4862,139,177,329,"Agranular insular area, dorsal part, layer 5",left
2163,2302,3935,146,93,249,"Anterior cingulate area, dorsal part, layer 5",left
2161,2306,3961,147,93,251,"Anterior cingulate area, dorsal part, layer 5",left
2172,2337,4052,144,97,259,"Anterior cingulate area, dorsal part, layer 6a",left
2166,2275,3421,145,86,207,"Anterior cingulate area, dorsal part, layer 5",right
2170,2280,3423,144,86,207,"Anterior cingulate area, dorsal part, layer 5",right
2174,2513,3033,143,107,175,"Secondary motor area, layer 6a",right
2178,2346,3439,141,93,208,"Anterior cingulate area, dorsal part, layer 5",right
2179,2465,3228,140,103,191,"Anterior cingulate area, dorsal part, layer 6a",right
2182,2431,3446,138,100,209,"Prelimbic area, layer 5",right
2182,2341,3338,141,92,200,"Anterior cingulate area, dorsal part, layer 5",right
2183,2333,3515,140,93,215,"Anterior cingulate area, dorsal part, layer 5",right
2183,2566,4510,140,117,297,"Secondary motor area, layer 6a",left
2181,2338,3444,140,92,209,"Anterior cingulate area, dorsal part, layer 5",right
2185,2396,3380,138,98,203,"Anterior cingulate area, dorsal part, layer 5",right
2186,3222,3995,134,178,255,"Orbital area, medial part, layer 5",left
2187,2381,4136,141,101,266,"Anterior cingulate area, dorsal part, layer 6a",left
2187,2292,3968,142,92,252,"Anterior cingulate area, dorsal part, layer 5",left
2194,2149,4110,145,80,264,"Secondary motor area, layer 5",left
2194,2328,3958,140,96,252,"Anterior cingulate area, dorsal part, layer 5",left
2194,2111,4010,146,76,256,"Secondary motor area, layer 5",left
2193,3238,3975,133,179,253,"Orbital area, medial part, layer 2/3",left
2193,2160,4113,145,81,264,"Secondary motor area, layer 5",left
2192,2245,3239,141,83,193,"Secondary motor area, layer 5",right
2195,2292,3296,139,86,198,"Secondary motor area, layer 5",right
2199,3162,4059,132,172,260,"Orbital area, ventrolateral part, layer 2/3",left
2203,2403,4361,139,103,284,"Secondary motor area, layer 6a",left
2202,2296,4031,139,94,257,"Anterior cingulate area, dorsal part, layer 5",left
2201,3229,4150,131,178,267,"Orbital area, ventrolateral part, layer 2/3",left
2204,3166,4094,131,172,263,"Orbital area, ventrolateral part, layer 2/3",left
2204,2352,3285,136,92,197,"Anterior cingulate area, dorsal part, layer 5",right
2207,2300,4264,139,94,276,"Secondary motor area, layer 5",left
2207,3053,3908,128,161,247,"Orbital area, medial part, layer 5",left
2207,2112,3556,140,71,219,"Anterior cingulate area, dorsal part, layer 1",right
2212,2416,3434,132,99,209,"Prelimbic area, layer 5",right
2209,2323,3394,135,90,206,"Anterior cingulate area, dorsal part, layer 5",right
2209,3189,3947,129,174,250,"Orbital area, medial part, layer 5",left
2209,3175,4111,130,173,264,"Orbital area, ventrolateral part, layer 2/3",left
2208,2403,4242,137,103,274,"Secondary motor area, layer 6a",left
2208,2416,3434,133,99,209,"Prelimbic area, layer 5",right
2210,3180,4092,129,173,262,"Orbital area, ventrolateral part, layer 2/3",left
2215,2398,4238,135,103,274,"Secondary motor area, layer 6a",left
2213,3043,4013,128,160,255,"Orbital area, ventrolateral part, layer 5",left
2214,3118,3460,127,164,209,"Orbital area, medial part, layer 5",right
2219,3025,3952,126,159,250,"Orbital area, ventrolateral part, layer 5",left
2222,2510,3181,130,106,187,"Secondary motor area, layer 6a",right
2216,3242,3856,127,179,242,"Orbital area, medial part, layer 2/3",left
2227,2395,3223,130,96,192,"Secondary motor area, layer 5",right
2220,3202,3916,126,176,247,"Orbital area, ventrolateral part, layer 2/3",left
2221,2338,4002,134,97,255,"Anterior cingulate area, dorsal part, layer 5",left
2225,2662,4558,130,125,302,"Secondary motor area, layer 6a",left
2235,2474,3110,128,102,183,"Secondary motor area, layer 6a",right
2235,2337,4100,131,97,263,"Secondary motor area, layer 6a",left
2235,3034,3908,122,160,247,"Orbital area, ventrolateral part, layer 5",left
2226,2397,3253,130,96,194,"Secondary motor area, layer 5",right
2229,2496,3115,130,105,182,"Secondary motor area, layer 6a",right
2231,3208,3896,124,177,246,"Orbital area, ventrolateral part, layer 2/3",left
2234,2873,4097,124,145,263,"Orbital area, ventrolateral part, layer 5",left
2233,2471,4230,130,110,273,"Secondary motor area, layer 6a",left
2247,2464,4233,127,109,274,"Secondary motor area, layer 6a",left
2238,2418,4040,129,104,258,"Prelimbic area, layer 6a",left
2244,2878,4236,123,145,275,"Orbital area, lateral part, layer 5",left
2246,3143,3435,120,166,208,"Orbital area, ventrolateral part, layer 2/3",right
2251,2338,3306,125,90,199,"Secondary motor area, layer 5",right
2251,2409,4337,128,104,282,"Secondary motor area, layer 6a",left
2252,2950,3338,118,147,199,"Orbital area, ventrolateral part, layer 5",right
2254,2830,4210,121,140,272,"Orbital area, ventrolateral part, layer 5",left
2254,2878,3899,118,145,246,"Orbital area, medial part, layer 5",left
2257,2892,4097,119,146,263,"Orbital area, ventrolateral part, layer 5",left
2256,2845,4122,119,143,265,"Orbital area, ventrolateral part, layer 5",left
2260,2212,4074,130,86,261,"Secondary motor area, layer 5",left
2260,2282,4311,129,93,280,"Secondary motor area, layer 5",left
2262,2187,4176,131,83,269,"Secondary motor area, layer 5",left
2262,2543,3979,121,114,253,"Prelimbic area, layer 5",left
2264,2345,3225,123,90,193,"Secondary motor area, layer 5",right
2263,2825,4228,119,140,274,"Orbital area, ventrolateral part, layer 5",left
2269,2776,4056,117,136,259,"Orbital area, ventrolateral part, layer 5",left
2265,2380,4342,126,100,282,"Secondary motor area, layer 5",left
2270,2402,3207,120,95,191,"Secondary motor area, layer 5",right
2272,2368,4342,125,99,282,"Secondary motor area, layer 5",left
2274,2365,4090,124,99,262,"Secondary motor area, layer 5",left
2273,2769,4207,117,136,272,"Orbital area, ventrolateral part, layer 5",left
2279,2358,4166,123,99,268,"Secondary motor area, layer 5",left
2279,2369,3261,119,93,196,"Secondary motor area, layer 5",right
2276,2836,3921,113,141,248,"Orbital area, medial part, layer 5",left
2276,2433,3360,117,99,204,"Anterior cingulate area, dorsal part, layer 5",right
2281,2313,3949,122,94,251,"Anterior cingulate area, dorsal part, layer 5",left
2283,2319,3929,121,95,249,"Anterior cingulate area, dorsal part, layer 5",left
2283,2392,4184,122,102,270,"Secondary motor area, layer 6a",left
2284,2924,4500,115,149,298,"Orbital area, lateral part, layer 5",left
2282,2349,4345,124,98,283,"Secondary motor area, layer 5",left
2286,2778,4150,113,136,267,"Orbital area, ventrolateral part, layer 5",left
2292,2426,3437,113,98,210,"Prelimbic area, layer 5",right
2293,2753,4045,111,134,259,"Orbital area, ventrolateral part, layer 5",left
2294,2727,3932,111,131,249,"Orbital area, medial part, layer 5",left
2303,2778,3909,108,135,247,"Orbital area, medial part, layer 5",left
2298,2279,4031,120,91,257,"Secondary motor area, layer 5",left
2299,2308,3955,118,93,251,"Anterior cingulate area, dorsal part, layer 5",left
2299,2343,3115,116,88,184,"Secondary motor area, layer 5",right
2299,2367,3901,116,98,247,"Prelimbic area, layer 5",left
2314,2710,4043,107,130,258,"Orbital area, ventrolateral part, layer 5",left
2315,2289,3111,113,82,184,"Secondary motor area, layer 5",right
2319,2345,4221,115,98,273,"Secondary motor area, layer 5",left
2333,2535,4492,109,114,296,"Secondary motor area, layer 5",left
2353,2846,3999,97,142,254,"Orbital area, ventrolateral part, layer 2/3",left
2369,2452,4252,102,106,276,"Frontal pole, layer 5",left
2394,3677,3616,96,223,221,Main olfactory bulb,right
2397,3251,3570,89,179,219,Main olfactory bulb,right
2422,3312,3554,85,185,217,Main olfactory bulb,right
2425,3721,3825,90,231,238,Main olfactory bulb,left
