coordinate_raw_axis_0,coordinate_raw_axis_1,coordinate_raw_axis_2,coordinate_atlas_axis_0,coordinate_atlas_axis_1,coordinate_atlas_axis_2,structure_name,hemisphere
108,2461,2848,1315,537,553,Gracile nucleus,right
113,2555,2897,1314,567,564,Dorsal motor nucleus of the vagus nerve,right
115,2421,2848,1311,524,553,Gracile nucleus,right
115,2549,2813,1313,568,547,Dorsal motor nucleus of the vagus nerve,right
115,2560,2833,1313,570,552,Dorsal motor nucleus of the vagus nerve,right
115,2572,2874,1312,572,560,Dorsal motor nucleus of the vagus nerve,right
115,2511,2849,1312,553,554,Nucleus of the solitary tract,right
114,2499,2828,1313,550,550,Nucleus of the solitary tract,right
116,2444,2822,1312,532,547,Gracile nucleus,right
117,2529,2762,1315,562,535,Cuneate nucleus,right
117,2534,2802,1314,563,544,Medulla,right
117,2460,2833,1312,536,550,Gracile nucleus,right
120,2534,2801,1312,562,544,Medulla,right
126,1754,2479,1313,383,468,Pyramus (VIII),right
126,2909,3031,1308,661,594,Medulla,left
122,2347,3525,1312,510,716,"Spinal nucleus of the trigeminal, caudal part",left
122,2475,2804,1309,541,544,Nucleus of the solitary tract,right
122,2491,2809,1309,546,545,Nucleus of the solitary tract,right
122,2599,2728,1316,587,530,Medulla,right
121,2460,2831,1310,536,549,Gracile nucleus,right
121,2462,2772,1311,537,536,Cuneate nucleus,right
121,2476,2830,1310,541,550,Gracile nucleus,right
121,2534,2800,1312,562,544,Medulla,right
124,2461,2802,1308,536,543,Gracile nucleus,right
124,2472,2777,1309,540,537,Cuneate nucleus,right
123,2558,2787,1311,571,541,Medulla,right
123,2991,3078,1309,677,607,"Medullary reticular nucleus, ventral part",left
130,2471,2796,1306,538,542,Nucleus of the solitary tract,right
132,2510,2868,1303,549,559,Nucleus of the solitary tract,right
136,2503,2771,1304,550,537,Nucleus of the solitary tract,right
139,2454,2827,1300,531,548,Gracile nucleus,right
139,2477,2964,1298,534,579,Nucleus of the solitary tract,left
139,2401,2845,1299,514,552,Gracile nucleus,right
138,2502,2831,1301,546,550,Nucleus of the solitary tract,right
140,1604,2578,1315,344,491,Pyramus (VIII),right
137,2534,2716,1308,561,526,Cuneate nucleus,right
141,2407,2837,1299,516,550,Gracile nucleus,right
142,2487,2716,1303,542,525,Cuneate nucleus,right
144,2692,2867,1299,609,561,Medulla,right
143,2476,2815,1298,537,547,Nucleus of the solitary tract,right
143,1600,2584,1314,343,492,Pyramus (VIII),right
147,2444,2760,1297,528,534,Gracile nucleus,right
147,2444,2833,1296,527,550,Gracile nucleus,right
147,2846,3037,1295,640,593,"Medullary reticular nucleus, ventral part",left
145,2425,2744,1299,522,530,Gracile nucleus,right
145,2456,2781,1299,531,539,Gracile nucleus,right
146,2478,2829,1297,538,550,Nucleus of the solitary tract,right
146,2541,2551,1315,561,488,"Medullary reticular nucleus, dorsal part",right
148,2443,2855,1295,526,555,Gracile nucleus,right
148,2593,2657,1310,581,515,"Medullary reticular nucleus, dorsal part",right
149,2628,2696,1308,594,525,Intermediate reticular nucleus,right
155,2470,2719,1296,535,526,Nucleus of the solitary tract,right
155,3004,3243,1297,665,646,"Medullary reticular nucleus, ventral part",left
154,2574,3125,1293,555,613,Nucleus of the solitary tract,left
154,2672,2748,1301,606,539,"Medullary reticular nucleus, ventral part",right
154,1620,2585,1309,347,493,Pyramus (VIII),right
157,2590,2591,1311,578,500,"Medullary reticular nucleus, dorsal part",right
156,2847,2859,1295,653,562,pyramidal decussation,right
158,2957,2776,1301,687,544,Medulla,right
161,2441,2751,1292,524,532,Gracile nucleus,right
160,2582,3241,1289,554,639,Medulla,left
160,2599,2569,1311,581,496,"Medullary reticular nucleus, dorsal part",right
162,2904,3188,1290,640,628,"Medullary reticular nucleus, ventral part",left
162,2165,3284,1287,460,663,Uvula (IX),left
163,2588,2539,1311,576,489,"Medullary reticular nucleus, dorsal part",right
165,2588,2691,1299,576,523,"Medullary reticular nucleus, dorsal part",right
166,2804,3302,1288,610,653,Intermediate reticular nucleus,left
166,2140,3095,1283,451,615,Uvula (IX),left
172,1624,2583,1303,346,494,Pyramus (VIII),right
171,1877,2238,1309,416,409,Copula pyramidis,right
173,3134,3276,1294,694,658,"Medullary reticular nucleus, ventral part",left
178,2509,2611,1293,545,503,Cuneate nucleus,right
182,2922,3037,1278,651,595,Medulla,left
182,2868,3249,1280,626,641,"Medullary reticular nucleus, ventral part",left
184,1870,3667,1301,414,747,Copula pyramidis,left
185,2405,3101,1278,512,611,Nucleus of the solitary tract,left
185,2528,3299,1277,542,655,Medulla,left
185,2563,2562,1297,563,493,"Medullary reticular nucleus, dorsal part",right
186,2998,3627,1290,654,728,"Spinal nucleus of the trigeminal, caudal part",left
187,2441,3150,1277,520,621,Nucleus of the solitary tract,left
188,1791,2300,1302,390,427,Copula pyramidis,right
189,2003,3073,1280,415,611,Uvula (IX),left
189,1766,2846,1283,367,555,Pyramus (VIII),right
189,2654,2530,1306,595,490,"Medullary reticular nucleus, dorsal part",right
189,2937,3038,1276,652,596,Medulla,left
190,2856,3351,1279,619,665,Intermediate reticular nucleus,left
190,2585,2781,1280,569,542,Hypoglossal nucleus,right
190,2918,3673,1284,633,738,"Spinal nucleus of the trigeminal, caudal part",left
190,2936,3037,1275,652,595,Medulla,left
191,2578,2554,1295,567,493,"Medullary reticular nucleus, dorsal part",right
195,2528,2588,1286,549,499,Medulla,right
192,3128,2593,1294,733,498,Medulla,right
193,2529,2535,1291,550,487,Medulla,right
193,2771,3830,1275,598,773,"Spinal nucleus of the trigeminal, caudal part",left
193,2837,2937,1275,636,575,Medulla,left
194,2540,2572,1289,553,495,Medulla,right
196,1962,2376,1290,419,446,Copula pyramidis,right
198,1959,2375,1289,418,446,Copula pyramidis,right
198,2513,2621,1283,544,505,Nucleus of the solitary tract,right
203,2515,2623,1280,544,507,Nucleus of the solitary tract,right
203,1829,2403,1289,389,456,Copula pyramidis,right
203,1544,2847,1291,323,556,Pyramus (VIII),right
201,2517,2616,1282,544,504,Nucleus of the solitary tract,right
204,2579,2709,1278,566,527,Hypoglossal nucleus,right
205,2583,2502,1293,567,481,"Medullary reticular nucleus, dorsal part",right
209,1930,2366,1288,412,445,Copula pyramidis,right
209,2521,2483,1284,545,476,Medulla,right
208,2581,2501,1290,565,481,"Medullary reticular nucleus, dorsal part",right
211,2574,2681,1277,563,520,Medulla,right
211,2501,3000,1267,536,587,Dorsal motor nucleus of the vagus nerve,left
210,2480,3519,1266,535,703,"Spinal nucleus of the trigeminal, caudal part",left
210,2516,2527,1281,543,485,Medulla,right
213,2584,3534,1262,559,706,"Medullary reticular nucleus, dorsal part",left
213,3042,3248,1272,664,647,"Medullary reticular nucleus, ventral part",left
220,2562,3234,1262,549,639,Nucleus of the solitary tract,left
218,2512,2554,1275,540,492,Medulla,right
218,2381,2645,1266,505,508,Cuneate nucleus,right
218,2479,3267,1263,531,647,Nucleus of the solitary tract,left
221,2555,2468,1282,555,474,"Medullary reticular nucleus, dorsal part",right
225,3304,3144,1260,733,632,Medulla,left
225,3338,3301,1266,742,668,Medulla,left
225,3259,3080,1259,723,615,pyramid,left
225,3304,3299,1268,733,667,Medulla,left
225,3315,3149,1260,735,633,Medulla,left
225,3317,3324,1269,736,673,Medulla,left
225,3346,3201,1260,743,645,Medulla,left
226,3130,2961,1261,696,582,Inferior olivary complex,left
226,3155,2993,1260,700,592,Inferior olivary complex,left
226,3291,3102,1258,730,620,pyramid,left
226,3315,3134,1258,735,629,Medulla,left
227,2388,3230,1260,511,641,Parasolitary nucleus,left
227,3158,3012,1259,700,596,Inferior olivary complex,left
230,1734,2761,1277,355,536,Pyramus (VIII),right
230,3129,2998,1259,693,592,Inferior olivary complex,left
230,3148,3013,1259,697,597,Inferior olivary complex,left
229,2944,2942,1260,652,576,crossed tectospinal pathway,left
229,2670,3375,1258,575,669,"Medullary reticular nucleus, dorsal part",left
229,3157,2959,1259,702,582,Inferior olivary complex,left
229,3175,2950,1259,708,580,Inferior olivary complex,left
232,3105,2986,1258,687,588,Inferior olivary complex,left
233,2356,3261,1259,504,648,Cuneate nucleus,left
233,2387,3253,1259,511,646,Parasolitary nucleus,left
233,2486,3301,1257,533,654,Nucleus of the solitary tract,left
233,3123,2933,1259,695,575,Inferior olivary complex,left
233,3354,3215,1257,744,648,Medulla,left
235,2382,2385,1262,504,454,Cuneate nucleus,right
235,2497,2541,1265,535,489,Cuneate nucleus,right
235,2773,3564,1257,599,710,"Medullary reticular nucleus, dorsal part",left
235,2782,3093,1253,603,604,"Medullary reticular nucleus, ventral part",left
235,2877,2838,1261,641,558,Medulla,right
235,3116,2944,1257,691,577,Inferior olivary complex,left
234,3125,2960,1257,693,582,Inferior olivary complex,left
234,3128,2948,1257,695,579,Inferior olivary complex,left
234,3341,3227,1257,740,650,Medulla,left
234,3128,2939,1258,696,576,Inferior olivary complex,left
236,3325,3314,1262,737,670,Medulla,left
236,3309,3266,1260,731,659,Medulla,left
240,2335,3196,1258,499,633,Medulla,left
241,2464,3327,1254,529,659,Nucleus of the solitary tract,left
241,2423,3318,1255,520,659,Parasolitary nucleus,left
241,2453,3323,1254,527,659,Nucleus of the solitary tract,left
241,3198,3054,1254,706,607,Inferior olivary complex,left
241,3226,3087,1254,711,615,Inferior olivary complex,left
241,3233,3079,1253,713,614,Inferior olivary complex,left
241,3344,3327,1259,742,672,Medulla,left
242,2470,3361,1253,531,666,Nucleus of the solitary tract,left
242,3276,3106,1252,722,620,Medulla,left
242,3309,3343,1261,732,675,Medulla,left
242,3345,3351,1259,742,677,Medulla,left
242,2767,2788,1261,614,549,"Medullary reticular nucleus, ventral part",right
242,3246,3121,1254,714,624,Inferior olivary complex,left
243,2467,2368,1264,525,452,Medulla,right
243,3218,3108,1253,708,621,Inferior olivary complex,left
243,3316,3317,1259,733,669,Medulla,left
243,3338,3330,1258,740,673,Medulla,left
244,3217,3665,1262,703,732,"Lateral reticular nucleus, magnocellular part",left
244,3316,3362,1261,733,678,Medulla,left
245,3268,3377,1264,722,680,"Lateral reticular nucleus, magnocellular part",left
245,3330,3311,1257,737,668,Medulla,left
245,3241,3081,1252,714,614,Inferior olivary complex,left
247,2478,3367,1251,533,667,Nucleus of the solitary tract,left
247,2754,3061,1248,597,598,Nucleus of Roller,left
247,3228,3093,1251,710,617,Inferior olivary complex,left
246,3263,3119,1251,719,623,Inferior olivary complex,left
246,3348,3244,1252,741,654,Medulla,left
252,2507,2574,1257,536,496,Nucleus of the solitary tract,right
252,2380,3299,1251,510,654,Parasolitary nucleus,left
252,3178,2993,1249,701,590,Inferior olivary complex,left
252,3179,3028,1249,699,599,Inferior olivary complex,left
249,2341,3258,1254,501,647,Cuneate nucleus,left
249,2395,3313,1252,513,657,Parasolitary nucleus,left
249,2499,2445,1263,536,469,Medulla,right
249,3148,2985,1251,695,587,Inferior olivary complex,left
249,3164,2990,1251,698,589,Inferior olivary complex,left
249,3149,2976,1251,695,585,Inferior olivary complex,left
249,3149,2952,1251,697,578,Inferior olivary complex,left
249,3152,3012,1251,694,594,Inferior olivary complex,left
249,3170,3018,1251,698,597,Inferior olivary complex,left
250,2276,3395,1254,485,677,External cuneate nucleus,left
250,2469,2455,1259,527,471,Medulla,right
250,3139,2996,1250,691,590,Inferior olivary complex,left
250,3139,2979,1250,692,586,Inferior olivary complex,left
250,3161,3001,1250,696,591,Inferior olivary complex,left
250,3184,2985,1249,703,588,Inferior olivary complex,left
248,2481,2411,1262,530,461,Medulla,right
248,2771,3048,1248,601,596,"Medullary reticular nucleus, ventral part",left
248,3161,2976,1251,698,585,Inferior olivary complex,left
254,2561,3316,1248,550,655,"Medullary reticular nucleus, dorsal part",left
254,2419,3442,1249,520,682,Medulla,left
254,2404,2535,1252,511,487,Parasolitary nucleus,right
251,2918,3477,1255,633,689,"Medullary reticular nucleus, dorsal part",left
251,1563,2422,1288,330,460,Pyramus (VIII),right
253,3164,2999,1249,697,591,Inferior olivary complex,left
257,2467,3356,1248,530,664,Nucleus of the solitary tract,left
257,3099,2940,1248,683,575,Inferior olivary complex,left
257,3346,3185,1245,737,639,Medulla,left
258,2584,2935,1250,557,573,Medulla,left
258,3343,3251,1247,737,653,Medulla,left
258,3355,3197,1243,740,641,Medulla,left
260,3332,3363,1252,735,678,Medulla,left
260,3219,3121,1247,705,621,Medulla,left
260,3261,3151,1246,714,629,Inferior olivary complex,left
260,3336,3380,1252,736,681,Medulla,left
260,3229,2971,1243,713,583,Inferior olivary complex,left
260,3228,3043,1244,710,603,Inferior olivary complex,left
260,3245,3037,1243,714,601,Medulla,left
260,3295,3179,1246,723,636,Inferior olivary complex,left
260,3213,2961,1244,710,580,Inferior olivary complex,left
260,3234,2999,1243,713,591,Inferior olivary complex,left
260,3245,3056,1244,713,606,Medulla,left
260,3312,3296,1251,728,662,Medulla,left
260,3343,3199,1243,736,642,Medulla,left
259,2499,3256,1246,536,643,Nucleus of the solitary tract,left
259,3330,3330,1251,734,671,Medulla,left
259,3268,3132,1245,717,624,Inferior olivary complex,left
259,3333,3185,1243,734,638,Inferior olivary complex,left
259,3354,3327,1249,741,670,Medulla,left
259,3130,2937,1246,690,573,Inferior olivary complex,left
259,3271,3125,1245,717,623,Inferior olivary complex,left
259,3324,3365,1252,734,678,Medulla,left
261,3324,3319,1251,733,668,Medulla,left
261,3241,2985,1243,715,587,Inferior olivary complex,left
261,3347,3329,1250,738,671,Medulla,left
261,2538,2604,1255,546,502,Nucleus of the solitary tract,right
261,3199,3080,1246,701,611,Inferior olivary complex,left
261,3365,3272,1245,743,658,Medulla,left
262,3216,3021,1244,707,596,Inferior olivary complex,left
262,3171,3056,1245,694,604,Medulla,left
262,3192,3015,1244,701,594,Inferior olivary complex,left
262,3218,3066,1244,706,608,Inferior olivary complex,left
262,3249,3128,1245,712,624,Inferior olivary complex,left
262,3278,3121,1243,720,622,Inferior olivary complex,left
262,3289,3168,1245,721,634,Inferior olivary complex,left
262,3198,3011,1244,703,593,Inferior olivary complex,left
262,3229,3145,1247,706,627,Medulla,left
262,3248,2982,1241,717,586,Medulla,left
262,3251,3014,1242,716,595,Medulla,left
262,3268,3153,1245,716,630,Inferior olivary complex,left
262,3287,3137,1244,721,625,Inferior olivary complex,left
267,3217,2992,1241,707,588,Inferior olivary complex,left
267,2524,3223,1243,541,636,Nucleus of the solitary tract,left
267,3137,2980,1242,687,584,Inferior olivary complex,left
267,3140,2874,1244,692,557,Inferior olivary complex,right
267,3215,2939,1240,708,574,Inferior olivary complex,left
263,3179,2979,1243,699,585,Inferior olivary complex,left
263,3218,3039,1243,707,601,Inferior olivary complex,left
263,3239,3124,1245,709,622,Inferior olivary complex,left
263,3212,3003,1243,706,592,Inferior olivary complex,left
263,3244,3031,1242,713,599,Medulla,left
264,3144,2994,1244,690,589,Inferior olivary complex,left
264,3114,2945,1245,685,575,Inferior olivary complex,left
265,3148,2955,1244,693,578,Inferior olivary complex,left
265,3189,2969,1243,702,582,Inferior olivary complex,left
266,2488,3320,1244,534,656,Nucleus of the solitary tract,left
266,3198,3056,1243,701,604,Inferior olivary complex,left
266,2375,3371,1246,509,667,Parasolitary nucleus,left
266,2418,3404,1244,519,674,Parasolitary nucleus,left
266,3111,2884,1245,685,560,Inferior olivary complex,right
266,3198,2945,1242,705,575,Inferior olivary complex,left
266,3191,2950,1242,702,577,Inferior olivary complex,left
266,3193,3254,1250,697,649,Medulla,left
268,3037,2718,1255,677,526,Medulla,right
268,3197,2957,1241,703,578,Inferior olivary complex,left
268,3085,3133,1244,670,620,Medulla,left
268,2508,3786,1242,540,751,"Spinal nucleus of the trigeminal, interpolar part",left
269,2494,3288,1243,535,649,Nucleus of the solitary tract,left
269,3164,2975,1242,695,583,Inferior olivary complex,left
269,3182,2959,1242,699,579,Inferior olivary complex,left
269,3223,3086,1242,706,612,Inferior olivary complex,left
270,3131,2987,1242,685,585,Inferior olivary complex,left
270,3148,2973,1241,691,583,Inferior olivary complex,left
270,3176,2967,1241,697,580,Inferior olivary complex,left
270,3193,2980,1241,702,585,Inferior olivary complex,left
270,3180,2940,1241,699,574,Inferior olivary complex,left
273,3193,2968,1240,701,582,Inferior olivary complex,left
273,2839,3980,1240,612,792,"Spinal nucleus of the trigeminal, interpolar part",left
273,3136,2979,1241,686,584,Inferior olivary complex,left
273,2413,3464,1242,518,686,Medulla,left
273,2762,3546,1240,596,703,Parvicellular reticular nucleus,left
273,3161,2960,1241,693,579,Inferior olivary complex,left
273,3223,2981,1238,708,585,Inferior olivary complex,left
273,3227,2963,1238,709,581,Inferior olivary complex,left
273,3238,3076,1240,709,609,Inferior olivary complex,left
273,3241,2989,1238,712,587,Inferior olivary complex,left
273,3336,3236,1240,732,648,Inferior olivary complex,left
273,3354,3318,1243,739,668,Medulla,left
273,3355,3275,1241,738,657,Medulla,left
273,3365,3310,1242,741,666,Medulla,left
273,3367,3268,1240,740,657,Medulla,left
273,2405,3370,1243,516,666,Parasolitary nucleus,left
273,3253,3051,1238,713,603,Inferior olivary complex,left
273,3283,3121,1239,719,620,Inferior olivary complex,left
273,3306,3154,1239,724,629,Inferior olivary complex,left
273,3320,3188,1239,727,637,Inferior olivary complex,left
273,3362,3331,1243,740,670,Medulla,left
273,3378,3231,1237,744,647,Medulla,left
272,2500,3286,1241,536,648,Nucleus of the solitary tract,left
272,3144,2979,1241,689,584,Inferior olivary complex,left
272,3212,2978,1239,705,584,Inferior olivary complex,left
272,3218,2953,1239,708,578,Inferior olivary complex,left
272,3203,2961,1239,704,579,Inferior olivary complex,left
272,3258,2968,1236,717,582,Medulla,left
274,3200,2977,1239,702,583,Inferior olivary complex,left
274,2403,3381,1242,516,668,Parasolitary nucleus,left
274,3137,2991,1240,686,586,Inferior olivary complex,left
274,3170,2982,1240,695,584,Inferior olivary complex,left
274,3244,2977,1237,713,583,Inferior olivary complex,left
274,3338,3276,1241,733,657,Medulla,left
274,3342,3404,1246,736,685,Medulla,left
274,3346,3292,1241,735,660,Medulla,left
274,2333,3385,1243,499,670,Cuneate nucleus,left
274,3185,2972,1239,699,581,Inferior olivary complex,left
274,3202,3100,1241,698,614,Medulla,left
274,3254,3123,1240,711,621,Inferior olivary complex,left
274,3273,3138,1239,716,625,Inferior olivary complex,left
274,3334,3257,1240,732,652,Medulla,left
274,3356,3240,1238,737,649,Medulla,left
274,3370,3229,1237,741,647,Medulla,left
274,3236,3016,1238,709,594,Inferior olivary complex,left
274,3250,3108,1239,710,617,Inferior olivary complex,left
274,3254,2726,1241,724,518,Medulla,right
275,3213,3034,1238,703,598,Inferior olivary complex,left
275,3231,3043,1238,707,601,Inferior olivary complex,left
275,3260,3128,1239,712,622,Inferior olivary complex,left
275,2324,3244,1246,496,641,Parasolitary nucleus,left
275,2362,3341,1243,505,660,Parasolitary nucleus,left
275,2455,3424,1240,527,676,Nucleus of the solitary tract,left
275,3109,3275,1245,676,649,"Medullary reticular nucleus, ventral part",left
275,3228,3110,1239,705,617,Inferior olivary complex,left
275,3240,3131,1240,707,621,Medulla,left
275,3317,3326,1244,727,667,Medulla,left
275,3389,3225,1234,746,646,Medulla,left
275,3228,3009,1237,708,592,Inferior olivary complex,left
275,3382,3279,1237,744,659,Medulla,left
278,3379,3238,1234,743,649,Medulla,left
278,3245,3149,1239,708,626,Medulla,left
278,3179,3113,1240,692,617,Medulla,left
278,3185,2988,1238,697,586,Inferior olivary complex,left
278,3203,2953,1237,703,577,Inferior olivary complex,left
278,3211,3074,1238,701,608,Inferior olivary complex,left
278,3222,3052,1237,704,602,Inferior olivary complex,left
278,3247,2983,1235,712,585,Inferior olivary complex,left
278,3254,2998,1235,714,590,Inferior olivary complex,left
278,3255,3005,1235,714,591,Inferior olivary complex,left
278,3258,3132,1238,712,622,Inferior olivary complex,left
278,3265,3063,1235,714,606,Inferior olivary complex,left
278,3307,3161,1236,723,629,Inferior olivary complex,left
278,3348,3286,1239,735,659,Medulla,left
278,3370,3321,1239,742,667,Medulla,left
278,3074,3666,1247,667,725,"Medullary reticular nucleus, dorsal part",left
278,3136,2967,1238,686,580,Inferior olivary complex,left
278,3169,2980,1238,694,584,Inferior olivary complex,left
278,3203,3075,1238,699,608,Inferior olivary complex,left
278,3224,3095,1238,704,613,Inferior olivary complex,left
278,3227,3147,1240,703,624,Medulla,left
278,3255,3036,1235,713,599,Inferior olivary complex,left
278,3260,2966,1234,716,580,Medulla,left
278,3262,3101,1237,712,615,Inferior olivary complex,left
278,3299,3203,1239,721,639,Medulla,left
278,3368,3294,1238,741,662,Medulla,left
278,3379,3229,1234,743,647,Medulla,left
276,3151,3010,1239,688,591,Inferior olivary complex,left
276,3242,3014,1237,710,594,Inferior olivary complex,left
276,3217,3115,1240,701,617,Medulla,left
276,3330,3204,1238,729,640,Inferior olivary complex,left
276,3121,2963,1239,683,580,Inferior olivary complex,left
276,3156,2963,1239,691,580,Inferior olivary complex,left
276,3211,3056,1239,702,603,Inferior olivary complex,left
276,3214,2983,1237,705,585,Inferior olivary complex,left
276,3230,3074,1238,706,608,Inferior olivary complex,left
276,3256,3173,1241,710,632,Medulla,left
276,3274,2988,1234,720,587,Medulla,left
276,3304,3145,1237,723,626,Inferior olivary complex,left
276,3313,3179,1237,725,634,Inferior olivary complex,left
276,3325,3157,1236,728,629,Inferior olivary complex,left
276,3328,3214,1238,729,643,Inferior olivary complex,left
276,3381,3250,1236,744,652,Medulla,left
276,3206,3062,1239,700,604,Inferior olivary complex,left
276,3235,3010,1237,709,592,Inferior olivary complex,left
277,3263,3146,1239,713,625,Inferior olivary complex,left
277,3186,3089,1240,694,611,Medulla,left
277,3200,3015,1238,700,593,Inferior olivary complex,left
277,3243,3001,1236,712,590,Inferior olivary complex,left
277,3318,3346,1244,729,671,Medulla,left
277,3347,3533,1245,737,711,ventral spinocerebellar tract,left
277,3154,2992,1239,690,586,Inferior olivary complex,left
277,3219,3086,1239,703,611,Inferior olivary complex,left
277,3221,2969,1237,707,581,Inferior olivary complex,left
277,3227,3131,1240,703,621,Medulla,left
277,3243,3079,1238,709,610,Inferior olivary complex,left
277,3246,3120,1239,708,619,Inferior olivary complex,left
277,3259,3086,1237,713,611,Inferior olivary complex,left
277,3338,3377,1244,735,678,Medulla,left
277,3348,3252,1238,735,651,Medulla,left
277,3160,2954,1239,693,577,Inferior olivary complex,left
277,3215,2976,1237,705,583,Inferior olivary complex,left
277,3250,2705,1241,722,513,Inferior olivary complex,right
277,3253,3058,1237,712,605,Inferior olivary complex,left
277,3263,3015,1235,716,594,Medulla,left
277,3365,3263,1238,740,655,Medulla,left
279,3372,3269,1236,740,656,Medulla,left
279,3146,2978,1237,687,583,Inferior olivary complex,left
279,3195,3047,1237,698,600,Inferior olivary complex,left
279,3380,3288,1236,744,660,Medulla,left
281,3183,2979,1237,697,583,Inferior olivary complex,left
281,2374,2409,1242,504,462,Cuneate nucleus,right
281,3378,3292,1236,744,660,Medulla,left
281,2998,2925,1237,655,570,Nucleus raphe obscurus,right
281,3150,2947,1237,690,574,Inferior olivary complex,left
282,2401,2394,1242,510,459,Cuneate nucleus,right
282,2347,3323,1241,501,657,Parasolitary nucleus,left
282,2380,3419,1239,509,676,Cuneate nucleus,left
282,2398,3421,1238,514,675,Parasolitary nucleus,left
282,2704,3445,1235,584,681,Parvicellular reticular nucleus,left
282,3071,3115,1236,666,614,Medulla,left
282,3130,3251,1242,680,644,"Medullary reticular nucleus, ventral part",left
282,3387,3273,1234,744,657,Medulla,left
282,3121,2948,1237,682,575,Inferior olivary complex,left
283,2774,2248,1260,604,427,"Medullary reticular nucleus, dorsal part",right
283,3142,2969,1236,686,580,Inferior olivary complex,left
283,3123,3612,1246,680,714,Intermediate reticular nucleus,left
283,3168,2971,1235,693,580,Inferior olivary complex,left
284,3360,3271,1234,737,655,Medulla,left
284,2326,2478,1242,493,477,Cuneate nucleus,right
284,3161,2985,1235,690,584,Inferior olivary complex,left
285,1481,2486,1277,304,473,Folium-tuber vermis (VII),right
285,2936,2176,1258,641,409,"Medullary reticular nucleus, dorsal part",right
285,3193,2984,1235,699,584,Inferior olivary complex,left
285,3369,3255,1233,739,652,Medulla,left
286,3387,3279,1232,744,657,Medulla,left
288,2354,3370,1238,503,665,Parasolitary nucleus,left
288,2397,2682,1241,508,516,Nucleus of the solitary tract,right
288,3177,2980,1234,693,583,Inferior olivary complex,left
288,3369,3270,1232,739,654,Medulla,left
288,3145,2937,1234,687,571,Inferior olivary complex,left
289,2337,3430,1238,498,679,Cuneate nucleus,left
289,3031,3645,1241,657,720,"Medullary reticular nucleus, dorsal part",left
289,3135,2967,1234,684,579,Inferior olivary complex,left
289,3236,2962,1231,708,578,Inferior olivary complex,left
289,3249,2987,1231,711,585,Inferior olivary complex,left
289,3290,3132,1232,717,621,Inferior olivary complex,left
289,3311,3189,1233,722,635,Inferior olivary complex,left
289,3349,3211,1231,733,640,Inferior olivary complex,left
289,3352,3235,1232,733,646,Inferior olivary complex,left
289,3388,3246,1229,744,649,Medulla,left
289,3394,3221,1227,745,643,Medulla,left
289,3185,2956,1233,696,576,Inferior olivary complex,left
289,3201,3013,1233,698,592,Inferior olivary complex,left
289,3335,3231,1233,729,644,Inferior olivary complex,left
291,3169,3001,1232,691,587,Inferior olivary complex,left
291,3297,2961,1225,722,578,Medulla,left
291,3356,3225,1229,734,643,Inferior olivary complex,left
291,3147,2958,1232,686,577,Inferior olivary complex,left
291,3193,2961,1231,698,577,Inferior olivary complex,left
291,2320,3392,1237,495,670,Cuneate nucleus,left
291,3222,2978,1230,703,583,Inferior olivary complex,left
291,3241,2956,1229,708,576,Inferior olivary complex,left
291,3271,2967,1227,715,579,Medulla,left
291,3347,3243,1231,731,648,Inferior olivary complex,left
291,3083,3231,1235,668,638,"Medullary reticular nucleus, ventral part",left
291,3132,2930,1233,683,569,Medulla,right
291,3205,2965,1231,700,579,Inferior olivary complex,left
291,3219,2937,1230,704,571,Nucleus raphe pallidus,left
291,3251,2939,1229,711,572,Nucleus raphe pallidus,left
291,3264,2942,1228,715,572,Nucleus raphe pallidus,left
290,2341,2403,1239,495,462,Cuneate nucleus,right
290,3177,2962,1233,693,577,Inferior olivary complex,left
290,3257,2968,1229,712,580,Medulla,left
290,3293,2986,1227,721,585,Medulla,left
290,2403,3414,1235,515,673,Parasolitary nucleus,left
290,2421,3427,1235,518,675,Nucleus of the solitary tract,left
290,3182,2950,1233,695,575,Inferior olivary complex,left
290,3211,2972,1232,701,580,Inferior olivary complex,left
290,3218,2970,1231,704,580,Inferior olivary complex,left
290,3274,3090,1230,714,611,Inferior olivary complex,left
290,3317,3232,1233,723,644,Medulla,left
290,3341,3176,1229,730,632,Inferior olivary complex,left
290,3352,3202,1229,732,638,Inferior olivary complex,left
290,3358,3209,1229,735,640,Inferior olivary complex,left
290,3397,3273,1229,746,656,Medulla,left
290,3276,2941,1228,718,573,Nucleus raphe pallidus,left
290,3312,3142,1230,722,623,Inferior olivary complex,left
290,3383,3280,1230,743,657,Medulla,left
292,3265,2987,1228,714,584,Medulla,left
292,3151,2968,1232,687,580,Inferior olivary complex,left
292,3185,3002,1232,694,587,Inferior olivary complex,left
292,3187,3028,1232,694,595,Inferior olivary complex,left
292,3274,3135,1231,713,621,Inferior olivary complex,left
292,3340,3358,1236,732,673,Medulla,left
292,3370,3211,1227,738,640,Medulla,left
292,2369,3395,1236,507,670,Parasolitary nucleus,left
292,3150,3617,1242,685,715,Intermediate reticular nucleus,left
292,3199,3030,1232,697,595,Inferior olivary complex,left
292,3222,2962,1230,703,577,Inferior olivary complex,left
292,3227,2985,1230,704,584,Inferior olivary complex,left
292,3234,2949,1230,707,575,Inferior olivary complex,left
292,3247,3107,1232,706,613,Inferior olivary complex,left
292,3303,2966,1225,724,579,Medulla,left
292,3379,3222,1227,740,643,Medulla,left
292,3339,3235,1231,730,645,Inferior olivary complex,left
293,3190,2976,1231,696,581,Inferior olivary complex,left
293,3184,2940,1232,696,572,Inferior olivary complex,left
293,3277,2969,1227,716,580,Medulla,left
293,3324,3175,1229,725,631,Inferior olivary complex,left
293,3347,3222,1230,731,642,Inferior olivary complex,left
293,3345,3235,1230,731,645,Inferior olivary complex,left
293,3346,3253,1231,731,650,Inferior olivary complex,left
293,3111,2950,1232,678,575,Inferior olivary complex,left
293,3199,2993,1231,698,586,Inferior olivary complex,left
293,3201,3042,1232,697,597,Inferior olivary complex,left
293,3205,2953,1231,700,576,Inferior olivary complex,left
293,3209,2982,1231,701,583,Inferior olivary complex,left
293,3248,2959,1229,711,578,Medulla,left
293,3312,3179,1231,722,632,Inferior olivary complex,left
293,3259,3102,1231,710,613,Inferior olivary complex,left
294,2478,3428,1232,532,676,Nucleus of the solitary tract,left
294,3296,3130,1229,718,620,Inferior olivary complex,left
294,3328,3194,1229,726,636,Inferior olivary complex,left
294,3176,2993,1231,692,586,Inferior olivary complex,left
294,3264,2972,1227,714,580,Medulla,left
294,2770,3352,1229,599,660,Intermediate reticular nucleus,left
294,3132,2379,1257,694,453,"Lateral reticular nucleus, magnocellular part",right
294,3176,2982,1231,692,582,Inferior olivary complex,left
294,3207,3177,1234,696,628,Medulla,left
294,3206,3151,1233,696,622,Medulla,left
294,3238,3017,1229,707,592,Inferior olivary complex,left
294,3330,3213,1230,726,640,Inferior olivary complex,left
294,2543,3536,1231,549,698,"Spinal nucleus of the trigeminal, interpolar part",left
294,3052,3662,1239,662,723,Parvicellular reticular nucleus,left
294,3173,3101,1233,690,611,Medulla,left
294,3210,2997,1230,700,586,Inferior olivary complex,left
294,3212,2939,1230,701,572,Inferior olivary complex,left
294,3213,2991,1230,701,585,Inferior olivary complex,left
294,3216,3036,1230,700,596,Inferior olivary complex,left
294,3222,2957,1229,703,576,Inferior olivary complex,left
294,3240,2542,1244,717,481,Medulla,right
294,3247,3037,1229,707,597,Inferior olivary complex,left
294,3268,3092,1229,712,610,Inferior olivary complex,left
294,3311,3241,1232,722,645,Medulla,left
295,3171,2966,1230,691,578,Inferior olivary complex,left
295,3362,3331,1231,736,667,Medulla,left
295,3266,3123,1230,710,618,Inferior olivary complex,left
295,3282,3131,1229,714,619,Inferior olivary complex,left
295,3363,3233,1227,736,645,Medulla,left
295,3271,3070,1228,712,605,Inferior olivary complex,left
296,3371,3270,1228,738,653,Medulla,left
296,3375,3264,1227,739,652,Medulla,left
296,3379,3251,1226,740,649,Medulla,left
296,3111,3171,1232,674,625,Gigantocellular reticular nucleus,left
296,3219,2938,1229,703,572,Medulla,left
297,2579,3350,1231,554,660,Parvicellular reticular nucleus,left
297,3224,2968,1228,704,580,Inferior olivary complex,left
297,2325,2466,1238,493,475,Cuneate nucleus,right
297,2346,3437,1234,500,679,Cuneate nucleus,left
297,2380,2364,1236,505,453,Cuneate nucleus,right
297,2388,3491,1233,510,689,Cuneate nucleus,left
297,3367,3239,1227,736,646,Medulla,left
297,2371,3383,1234,507,667,Parasolitary nucleus,left
297,2802,2896,1232,605,564,medial longitudinal fascicle,right
298,2311,2404,1238,488,461,Cuneate nucleus,right
298,2547,3538,1229,548,699,"Spinal nucleus of the trigeminal, interpolar part",left
298,3376,3235,1225,738,645,Medulla,left
298,2384,3398,1233,510,670,Parasolitary nucleus,left
298,2700,3070,1230,579,602,Nucleus of Roller,left
298,3357,3193,1225,732,636,Inferior olivary complex,left
299,2375,2502,1235,504,482,Parasolitary nucleus,right
299,3340,3178,1225,728,631,Inferior olivary complex,left
299,3172,2978,1229,690,582,Inferior olivary complex,left
299,2844,3624,1229,616,717,Parvicellular reticular nucleus,left
299,3246,3073,1227,706,605,Inferior olivary complex,left
300,3229,2941,1227,705,572,Nucleus raphe pallidus,left
300,2344,3417,1233,500,674,Cuneate nucleus,left
300,2414,3438,1231,517,678,Nucleus of the solitary tract,left
300,3046,3441,1235,663,678,Intermediate reticular nucleus,left
300,3247,2953,1226,708,576,Inferior olivary complex,left
301,2366,3365,1233,505,663,Parasolitary nucleus,left
301,3221,2293,1246,708,430,"Lateral reticular nucleus, magnocellular part",right
301,2344,2373,1235,496,455,Cuneate nucleus,right
301,2375,3385,1232,507,667,Parasolitary nucleus,left
301,3377,3333,1228,740,668,Medulla,left
301,3381,3212,1223,739,639,Medulla,left
304,2706,2943,1230,581,574,Medulla,left
304,3384,3218,1221,740,641,Medulla,left
304,2364,3421,1231,505,674,Parasolitary nucleus,left
304,2368,3363,1231,506,662,Parasolitary nucleus,left
304,3190,2969,1226,694,579,Inferior olivary complex,left
304,3231,2941,1225,704,571,Nucleus raphe pallidus,left
302,3392,3248,1223,742,648,Medulla,left
302,2325,2517,1237,493,485,Medulla,right
302,3354,3188,1223,732,634,Inferior olivary complex,left
302,2322,3293,1236,495,649,Parasolitary nucleus,left
302,3232,2978,1226,704,582,Inferior olivary complex,left
303,3189,2961,1226,694,576,Inferior olivary complex,left
303,3260,2962,1223,710,577,Medulla,left
303,3375,3225,1222,737,642,Medulla,left
308,3268,2982,1221,712,582,Medulla,left
308,2403,3431,1228,514,675,Parasolitary nucleus,left
308,3269,2972,1221,712,579,Medulla,left
308,3213,2964,1224,699,577,Inferior olivary complex,left
308,3130,2962,1225,680,576,Inferior olivary complex,left
308,3155,2961,1225,686,576,Inferior olivary complex,left
308,3185,2977,1225,692,580,Inferior olivary complex,left
308,3213,3131,1226,697,616,Medulla,left
308,3341,3163,1221,727,627,Inferior olivary complex,left
308,3357,3391,1227,734,678,Medulla,left
308,2355,2561,1234,499,495,Parasolitary nucleus,right
308,3169,2957,1225,689,575,Inferior olivary complex,left
308,3194,3312,1231,694,654,"Lateral reticular nucleus, magnocellular part",left
308,3211,3164,1227,696,624,Medulla,left
308,3246,2973,1223,706,580,Inferior olivary complex,left
308,3262,2963,1221,710,578,Medulla,left
308,2973,2932,1223,644,570,Nucleus raphe obscurus,right
308,3160,2865,1227,688,552,Inferior olivary complex,right
308,3212,3110,1226,696,612,Medulla,left
306,3186,2943,1226,693,572,Inferior olivary complex,left
306,2366,2474,1233,502,477,Parasolitary nucleus,right
306,3185,3140,1228,690,618,Medulla,left
306,3252,2978,1223,707,582,Inferior olivary complex,left
306,3338,3226,1224,727,641,Inferior olivary complex,left
306,2855,3614,1226,619,714,Parvicellular reticular nucleus,left
306,3126,2943,1226,679,572,Inferior olivary complex,left
306,3180,2989,1226,691,584,Inferior olivary complex,left
306,3200,2988,1225,696,584,Inferior olivary complex,left
306,3229,2951,1224,703,574,Inferior olivary complex,left
306,3233,3775,1230,705,751,Medulla,left
306,3243,2960,1223,707,577,Inferior olivary complex,left
306,3281,2989,1221,714,585,Medulla,left
306,3350,3330,1227,732,665,Medulla,left
306,3393,3218,1219,742,641,Medulla,left
306,3159,2944,1226,687,572,Inferior olivary complex,left
306,3227,2973,1224,702,580,Inferior olivary complex,left
306,3289,3072,1222,715,604,Inferior olivary complex,left
306,3327,3296,1227,724,656,Medulla,left
306,3329,3193,1223,725,634,Inferior olivary complex,left
306,3353,3276,1225,732,653,Inferior olivary complex,left
305,2291,2476,1238,485,476,Cuneate nucleus,right
305,2343,3446,1231,500,680,Cuneate nucleus,left
305,3054,2785,1232,668,536,Medulla,right
305,3120,2940,1227,678,571,Inferior olivary complex,left
305,3242,2969,1224,706,579,Inferior olivary complex,left
305,3359,3230,1223,733,643,Inferior olivary complex,left
305,3367,3209,1222,734,638,Inferior olivary complex,left
305,3385,3343,1226,742,670,Medulla,left
305,3387,3362,1226,742,673,Medulla,left
305,3138,2979,1227,682,581,Inferior olivary complex,left
305,3147,2952,1227,684,574,Inferior olivary complex,left
305,3185,2995,1227,693,585,Inferior olivary complex,left
305,3206,2980,1226,697,581,Inferior olivary complex,left
305,3313,3134,1223,721,620,Inferior olivary complex,left
307,3174,2949,1225,690,573,Inferior olivary complex,left
307,3370,3316,1224,736,662,Medulla,left
307,2395,3454,1228,511,681,Medulla,left
307,3145,2941,1225,683,571,Inferior olivary complex,left
307,3224,2998,1224,701,586,Inferior olivary complex,left
307,3236,2974,1223,704,580,Inferior olivary complex,left
307,3238,3155,1226,703,622,Medulla,left
307,3335,3385,1228,728,676,Medulla,left
307,3337,3374,1228,728,674,Medulla,left
307,3341,3186,1221,727,632,Inferior olivary complex,left
307,3362,3219,1221,732,640,Inferior olivary complex,left
307,3375,3203,1219,736,637,Inferior olivary complex,left
307,3393,3235,1219,742,644,Medulla,left
307,2362,3394,1230,504,669,Parasolitary nucleus,left
307,2365,3491,1229,504,690,Cuneate nucleus,left
307,3164,2989,1225,687,583,Inferior olivary complex,left
307,3191,2985,1225,693,582,Inferior olivary complex,left
307,3218,2944,1224,701,572,Medulla,left
307,3365,3248,1222,734,647,Medulla,left
307,3380,3221,1219,738,640,Inferior olivary complex,left
307,3382,3255,1221,738,649,Medulla,left
307,3395,3408,1224,745,684,Medulla,left
307,3230,2946,1223,703,572,Nucleus raphe pallidus,left
307,3307,3161,1223,718,625,Inferior olivary complex,left
307,3353,3275,1224,732,652,Inferior olivary complex,left
309,3158,2977,1225,686,580,Inferior olivary complex,left
309,3212,2943,1224,698,572,Inferior olivary complex,left
309,3321,3139,1221,722,621,Inferior olivary complex,left
309,3327,3186,1222,723,631,Inferior olivary complex,left
309,3356,3291,1224,732,656,Inferior olivary complex,left
309,3377,3339,1224,738,668,Medulla,left
309,3131,2986,1225,679,582,Inferior olivary complex,left
309,3132,2898,1226,681,561,Inferior olivary complex,right
309,3203,2957,1224,697,575,Inferior olivary complex,left
309,3213,2980,1224,699,581,Inferior olivary complex,left
309,3230,3178,1227,700,628,Medulla,left
309,3249,2955,1222,707,575,Inferior olivary complex,left
309,3316,3152,1222,720,623,Inferior olivary complex,left
309,3339,3176,1221,727,629,Inferior olivary complex,left
309,3369,3325,1224,737,664,Medulla,left
309,3374,3277,1222,737,653,Medulla,left
309,2328,3273,1234,497,644,Parasolitary nucleus,left
309,3276,2979,1221,713,582,Medulla,left
309,3282,2973,1220,714,581,Medulla,left
309,3315,3160,1222,720,625,Inferior olivary complex,left
309,3317,3199,1224,720,634,Medulla,left
309,3345,3271,1224,729,651,Inferior olivary complex,left
310,3228,2988,1223,702,584,Inferior olivary complex,left
310,3234,2959,1222,704,576,Inferior olivary complex,left
310,3266,2998,1221,710,587,Inferior olivary complex,left
310,1913,3981,1240,414,811,Paramedian lobule,left
310,2931,3395,1225,637,668,Intermediate reticular nucleus,left
310,2938,2219,1244,641,420,"Medullary reticular nucleus, dorsal part",right
310,3199,2993,1224,695,585,Inferior olivary complex,left
310,3200,2972,1224,695,579,Inferior olivary complex,left
310,3209,3156,1226,696,621,Medulla,left
310,3216,2985,1223,699,582,Inferior olivary complex,left
310,3224,2979,1223,701,581,Inferior olivary complex,left
310,3226,2946,1223,701,572,Nucleus raphe pallidus,left
310,3310,3126,1221,719,617,Inferior olivary complex,left
310,3333,3318,1226,727,661,Medulla,left
310,3069,2696,1235,673,517,Medulla,right
310,3152,2942,1225,684,571,Inferior olivary complex,left
310,3181,2985,1224,691,582,Inferior olivary complex,left
310,3222,3124,1225,698,615,Medulla,left
310,3272,3205,1226,709,634,Medulla,left
310,3277,3249,1227,711,644,Medulla,left
310,3308,3117,1220,719,615,Inferior olivary complex,left
310,3310,3271,1226,720,649,Medulla,left
310,3347,3198,1221,728,635,Inferior olivary complex,left
311,3257,3002,1220,707,586,Inferior olivary complex,left
311,3363,3209,1218,733,637,Inferior olivary complex,left
311,3013,2932,1222,653,569,Nucleus raphe obscurus,right
311,3171,3413,1231,689,674,"Lateral reticular nucleus, magnocellular part",left
311,3369,3219,1218,734,640,Inferior olivary complex,left
311,3199,2964,1223,695,577,Inferior olivary complex,left
311,3357,3267,1221,731,650,Inferior olivary complex,left
311,3380,3208,1217,737,638,Inferior olivary complex,left
311,3185,2950,1223,692,573,Inferior olivary complex,left
311,3309,3142,1220,719,620,Inferior olivary complex,left
312,3378,3224,1218,737,641,Inferior olivary complex,left
312,2325,3205,1234,495,630,Nucleus of the solitary tract,left
312,3056,2691,1235,670,517,"Medullary reticular nucleus, ventral part",right
312,3201,3111,1225,693,611,Medulla,left
312,3351,3262,1221,729,648,Inferior olivary complex,left
312,3243,3151,1224,703,621,Medulla,left
312,3365,3190,1218,733,633,Inferior olivary complex,left
314,3330,3158,1218,723,625,Inferior olivary complex,left
314,2338,3271,1231,498,643,Medulla,left
314,2756,2828,1227,594,548,Gigantocellular reticular nucleus,right
314,3307,3148,1220,717,622,Inferior olivary complex,left
314,3314,3143,1219,720,621,Inferior olivary complex,left
313,2375,3392,1228,507,667,Parasolitary nucleus,left
313,2951,2921,1222,638,568,Nucleus raphe obscurus,right
313,2366,3435,1228,504,677,Spinal vestibular nucleus,left
313,2380,2419,1230,505,466,Parasolitary nucleus,right
313,2608,3466,1223,562,683,Parvicellular reticular nucleus,left
313,2813,2896,1224,607,563,medial longitudinal fascicle,right
313,3195,2958,1223,694,576,Inferior olivary complex,left
313,3365,3230,1219,733,642,Inferior olivary complex,left
313,3100,2638,1237,680,506,"Medullary reticular nucleus, ventral part",right
313,3140,2987,1223,681,582,Inferior olivary complex,left
313,3203,2994,1223,696,585,Inferior olivary complex,left
315,2297,2424,1232,485,466,Spinal vestibular nucleus,right
315,3345,3207,1218,727,635,Inferior olivary complex,left
315,3385,3209,1215,738,637,Inferior olivary complex,left
315,3161,3247,1226,684,639,Gigantocellular reticular nucleus,left
315,3163,3536,1231,688,697,Intermediate reticular nucleus,left
316,2749,2673,1232,597,517,Intermediate reticular nucleus,right
316,2369,2397,1229,503,460,Medulla,right
316,2836,3433,1220,616,677,Intermediate reticular nucleus,left
316,3046,3671,1228,660,724,Parvicellular reticular nucleus,left
316,3247,2965,1219,705,577,Inferior olivary complex,left
317,3297,3109,1218,715,613,Inferior olivary complex,left
318,1646,2452,1259,333,463,Pyramus (VIII),right
318,1978,1911,1248,426,335,Paramedian lobule,right
318,3094,3548,1229,673,699,"Nucleus ambiguus, ventral division",left
318,3372,3226,1216,734,640,Inferior olivary complex,left
318,3383,3327,1218,739,663,Medulla,left
318,3382,3219,1215,736,639,Inferior olivary complex,left
322,2355,2421,1227,499,466,Spinal vestibular nucleus,right
322,2360,2363,1226,500,454,Spinal vestibular nucleus,right
322,3200,2992,1219,694,583,Inferior olivary complex,left
322,3235,2947,1217,702,572,Nucleus raphe pallidus,left
322,3262,2970,1216,707,578,Inferior olivary complex,left
322,3371,3457,1220,737,690,Medulla,left
322,3395,3343,1215,742,668,Medulla,left
322,3037,3667,1225,658,723,Parvicellular reticular nucleus,left
322,3139,2938,1219,680,571,Medulla,left
322,3154,2950,1219,684,573,Inferior olivary complex,left
322,3205,3011,1219,695,588,Inferior olivary complex,left
322,3240,2986,1217,703,582,Inferior olivary complex,left
322,3278,3057,1216,711,599,Inferior olivary complex,left
322,3302,3000,1213,716,586,Medulla,left
322,3333,3126,1213,724,616,Medulla,left
322,3113,3539,1227,677,697,Medulla,left
322,3181,2971,1219,689,578,Inferior olivary complex,left
322,3229,3139,1220,699,617,Medulla,left
320,3109,2945,1220,674,572,Inferior olivary complex,left
320,2340,2374,1228,495,456,Spinal vestibular nucleus,right
320,3265,2959,1216,709,576,Medulla,left
321,3348,3182,1215,728,629,Inferior olivary complex,left
321,2354,2344,1228,499,449,Cuneate nucleus,right
321,3009,3100,1217,649,608,Gigantocellular reticular nucleus,left
321,3087,3232,1222,667,634,Gigantocellular reticular nucleus,left
321,3114,3463,1227,677,682,"Lateral reticular nucleus, magnocellular part",left
321,3182,2986,1220,689,582,Inferior olivary complex,left
321,3182,3092,1221,688,606,Medulla,left
321,3285,2980,1215,713,581,Medulla,left
321,3359,3186,1214,730,631,Inferior olivary complex,left
321,3391,3333,1217,741,665,Medulla,left
321,3393,3209,1212,740,637,Inferior olivary complex,left
321,2359,2572,1230,500,497,Nucleus of the solitary tract,right
321,2408,2385,1226,512,458,Medulla,right
321,2429,2389,1226,517,459,Nucleus of the solitary tract,right
321,3203,3109,1221,694,610,Medulla,left
321,3207,2948,1219,695,573,Inferior olivary complex,left
321,3368,3187,1213,733,631,Inferior olivary complex,left
321,3387,3409,1219,741,682,Medulla,left
324,2373,2433,1225,504,469,Spinal vestibular nucleus,right
324,3226,2996,1217,699,584,Inferior olivary complex,left
324,3172,2952,1218,687,573,Inferior olivary complex,left
324,3334,3139,1213,723,619,Inferior olivary complex,left
324,3392,3377,1216,741,674,Medulla,left
324,2991,3933,1219,647,776,"Spinal nucleus of the trigeminal, interpolar part",left
324,3110,2959,1218,673,575,Inferior olivary complex,left
324,3184,2978,1218,690,580,Inferior olivary complex,left
324,3261,2985,1215,707,582,Inferior olivary complex,left
324,3387,3350,1215,739,668,Medulla,left
324,3175,2967,1218,688,576,Inferior olivary complex,left
324,3286,3098,1215,712,609,Inferior olivary complex,left
324,3294,2977,1212,715,580,Medulla,left
324,3311,3048,1212,718,598,Inferior olivary complex,left
324,3356,3219,1214,729,638,Inferior olivary complex,left
324,3273,3067,1215,710,601,Inferior olivary complex,left
323,3223,3009,1217,699,588,Inferior olivary complex,left
323,3159,2607,1232,689,497,Medulla,right
323,3213,2998,1217,697,585,Inferior olivary complex,left
323,3350,3160,1212,727,624,Medulla,left
323,3238,2956,1216,703,574,Inferior olivary complex,left
323,3287,3127,1216,711,615,Inferior olivary complex,left
323,3262,3091,1217,706,607,Inferior olivary complex,left
323,3268,2945,1214,710,572,Nucleus raphe pallidus,left
323,3298,3041,1213,716,596,Inferior olivary complex,left
323,3304,3091,1214,716,608,Inferior olivary complex,left
323,3368,3202,1212,733,634,Inferior olivary complex,left
325,3124,2943,1218,677,572,Inferior olivary complex,left
325,3240,2399,1234,708,454,"Lateral reticular nucleus, magnocellular part",right
325,3312,3081,1213,718,605,Inferior olivary complex,left
325,3175,2973,1218,688,579,Inferior olivary complex,left
325,3250,3217,1220,703,633,Medulla,left
325,3268,3079,1216,708,604,Inferior olivary complex,left
325,3345,3188,1214,726,631,Inferior olivary complex,left
325,3368,3329,1216,735,663,Inferior olivary complex,left
325,3047,3513,1224,662,691,Intermediate reticular nucleus,left
325,3248,3185,1219,703,627,Medulla,left
326,3235,2967,1216,701,577,Inferior olivary complex,left
326,3335,3169,1213,723,626,Inferior olivary complex,left
326,3399,3429,1215,745,686,Medulla,left
326,3207,2950,1217,695,573,Inferior olivary complex,left
326,3210,2971,1217,696,578,Inferior olivary complex,left
326,3235,3038,1216,701,595,Inferior olivary complex,left
326,3308,3332,1219,719,660,Medulla,left
326,3326,3120,1212,721,615,Inferior olivary complex,left
326,3340,2670,1214,728,506,Inferior olivary complex,right
326,3339,3155,1212,724,623,Inferior olivary complex,left
326,3349,3286,1215,728,652,Inferior olivary complex,left
326,3373,3365,1216,736,671,Inferior olivary complex,left
326,3167,3012,1217,685,587,Inferior olivary complex,left
326,3234,3010,1216,701,588,Inferior olivary complex,left
326,3248,3071,1216,704,602,Inferior olivary complex,left
326,3276,3039,1214,710,595,Inferior olivary complex,left
326,3289,3107,1214,712,610,Inferior olivary complex,left
326,3314,3148,1214,718,621,Inferior olivary complex,left
327,2322,3449,1223,493,682,Spinal vestibular nucleus,left
327,2383,3452,1221,508,679,Spinal vestibular nucleus,left
327,3198,3343,1222,693,659,"Lateral reticular nucleus, magnocellular part",left
327,2242,3398,1226,476,674,Spinal vestibular nucleus,left
327,3207,2989,1216,694,582,Inferior olivary complex,left
327,3234,3723,1221,704,739,"Lateral reticular nucleus, magnocellular part",left
327,3315,3132,1212,718,616,Inferior olivary complex,left
327,3335,3179,1212,723,628,Inferior olivary complex,left
327,3168,3013,1217,686,588,Inferior olivary complex,left
328,2942,2936,1213,634,571,Nucleus raphe obscurus,left
328,3348,3178,1211,727,628,Inferior olivary complex,left
328,2414,2395,1223,513,460,Nucleus of the solitary tract,right
328,3229,2284,1230,703,429,"Lateral reticular nucleus, magnocellular part",right
328,3330,3132,1211,722,617,Inferior olivary complex,left
328,3365,3342,1215,733,664,Inferior olivary complex,left
328,2329,3499,1222,495,693,Spinal vestibular nucleus,left
329,3188,2951,1216,691,573,Inferior olivary complex,left
329,2344,2333,1225,496,447,Spinal vestibular nucleus,right
329,2375,3471,1221,506,684,Spinal vestibular nucleus,left
329,3265,3619,1223,711,718,rubrospinal tract,left
329,3293,3066,1212,714,601,Inferior olivary complex,left
329,3335,3151,1211,723,621,Inferior olivary complex,left
334,1620,2469,1252,325,467,Pyramus (VIII),right
334,3111,2957,1213,672,574,Inferior olivary complex,left
334,3210,2995,1213,695,583,Inferior olivary complex,left
334,2295,2461,1227,486,473,Spinal vestibular nucleus,right
334,3313,3086,1208,718,606,Inferior olivary complex,left
334,3332,3128,1208,721,616,Inferior olivary complex,left
332,2999,3721,1218,649,734,Parvicellular reticular nucleus,left
332,2316,3476,1221,491,688,Spinal vestibular nucleus,left
330,2341,3163,1227,498,621,Nucleus of the solitary tract,left
330,2407,2359,1222,511,453,Medulla,right
330,2888,2918,1213,622,568,Gigantocellular reticular nucleus,right
330,3370,3190,1209,732,631,Inferior olivary complex,left
330,3165,2977,1216,685,579,Inferior olivary complex,left
330,3176,2954,1216,687,574,Inferior olivary complex,left
330,3199,3002,1215,693,585,Inferior olivary complex,left
330,3293,3053,1211,714,599,Inferior olivary complex,left
331,2643,2944,1220,566,573,Medulla,left
331,2349,3125,1227,500,613,Nucleus of the solitary tract,left
331,2363,3445,1220,503,679,Spinal vestibular nucleus,left
331,2955,2458,1236,650,474,Intermediate reticular nucleus,right
331,3042,3143,1213,656,616,Gigantocellular reticular nucleus,left
333,2370,2365,1222,503,454,Spinal vestibular nucleus,right
333,2372,2408,1222,503,464,Spinal vestibular nucleus,right
333,3230,3723,1219,702,738,"Lateral reticular nucleus, magnocellular part",left
333,3155,2953,1215,683,574,Inferior olivary complex,left
333,3318,3125,1210,719,615,Inferior olivary complex,left
333,2964,3621,1218,644,714,Parvicellular reticular nucleus,left
335,3358,3186,1207,728,629,Inferior olivary complex,left
335,3065,2929,1212,662,568,Nucleus raphe obscurus,right
335,3390,3355,1209,739,668,Medulla,left
335,3185,2955,1213,689,574,Inferior olivary complex,left
335,1632,2480,1251,327,469,Pyramus (VIII),right
337,3111,2963,1212,672,576,Inferior olivary complex,left
337,2385,2386,1220,506,458,Spinal vestibular nucleus,right
337,2724,2617,1223,590,503,Intermediate reticular nucleus,right
337,2846,2875,1213,613,557,Gigantocellular reticular nucleus,right
337,3085,2755,1219,670,529,Gigantocellular reticular nucleus,right
337,3086,2754,1219,670,529,Gigantocellular reticular nucleus,right
337,3288,2945,1208,713,572,Nucleus raphe pallidus,left
337,3289,2977,1208,713,579,Medulla,left
337,3311,3099,1208,716,609,Inferior olivary complex,left
337,3312,2981,1206,717,581,Medulla,left
337,3342,3163,1208,723,624,Inferior olivary complex,left
337,2347,3474,1218,498,686,Spinal vestibular nucleus,left
337,3204,3020,1213,693,589,Inferior olivary complex,left
337,3292,3026,1208,712,591,Inferior olivary complex,left
337,3330,2988,1205,722,584,Medulla,left
337,3368,3173,1205,731,627,Medulla,left
336,3135,2954,1213,678,574,Inferior olivary complex,left
336,2358,2365,1221,500,454,Spinal vestibular nucleus,right
336,3217,2938,1212,696,570,Nucleus raphe pallidus,right
338,3194,2982,1212,691,580,Inferior olivary complex,left
338,3009,2479,1233,660,477,Intermediate reticular nucleus,right
338,3290,2929,1207,713,568,Nucleus raphe pallidus,right
338,3323,2963,1204,721,577,Medulla,left
338,3327,3059,1205,720,600,Inferior olivary complex,left
338,3333,3145,1207,722,619,Inferior olivary complex,left
338,2368,2420,1220,503,466,Spinal vestibular nucleus,right
338,2372,2338,1220,502,448,Spinal vestibular nucleus,right
338,3329,3072,1205,721,602,Medulla,left
338,3350,3133,1205,726,617,pyramid,left
338,3130,2946,1212,677,571,Medulla,left
338,3195,2967,1212,691,576,Inferior olivary complex,left
338,3202,3619,1219,694,714,"Paragigantocellular reticular nucleus, lateral part",left
338,3214,2953,1211,696,574,Inferior olivary complex,left
338,3303,2957,1206,716,575,Nucleus raphe pallidus,left
338,3316,3035,1206,718,594,Inferior olivary complex,left
339,2340,2347,1220,495,449,Spinal vestibular nucleus,right
339,3284,3040,1207,710,595,Inferior olivary complex,left
339,3336,3090,1204,722,607,Medulla,left
339,3160,2955,1211,683,574,Inferior olivary complex,left
339,3311,3069,1206,716,602,Inferior olivary complex,left
339,3322,3010,1204,719,588,Medulla,left
339,3324,3041,1204,720,595,Medulla,left
339,3333,3045,1203,722,597,Medulla,left
339,3345,3138,1205,724,618,Medulla,left
339,2962,2932,1208,638,569,Nucleus raphe obscurus,right
339,3176,3486,1217,688,685,"Lateral reticular nucleus, magnocellular part",left
339,3274,3073,1208,708,602,Inferior olivary complex,left
339,3282,2970,1207,710,578,Medulla,left
339,3302,3089,1207,713,606,Inferior olivary complex,left
339,3305,2977,1205,716,580,Medulla,left
339,3064,2037,1218,659,379,"Spinal nucleus of the trigeminal, interpolar part",right
339,3260,3579,1217,708,708,"Paragigantocellular reticular nucleus, lateral part",left
339,3326,3140,1206,719,618,Inferior olivary complex,left
341,3251,3027,1209,703,591,Inferior olivary complex,left
341,3316,3085,1206,717,605,Inferior olivary complex,left
341,3326,3104,1206,719,610,Inferior olivary complex,left
341,3309,3033,1205,716,594,Inferior olivary complex,left
341,2360,3091,1224,503,606,Nucleus of the solitary tract,left
341,2365,3190,1221,503,625,Nucleus of the solitary tract,left
341,3277,3056,1208,708,598,Inferior olivary complex,left
341,3290,3740,1213,718,744,ventral spinocerebellar tract,left
341,3296,3015,1206,713,589,Inferior olivary complex,left
341,3335,3106,1205,722,610,Medulla,left
341,3378,3423,1209,738,682,Medulla,left
341,2333,3127,1225,497,613,Nucleus of the solitary tract,left
341,3228,3676,1216,701,727,rubrospinal tract,left
341,3239,2934,1209,701,569,Nucleus raphe pallidus,right
341,3265,3019,1208,706,590,Inferior olivary complex,left
341,3271,3045,1208,707,595,Inferior olivary complex,left
341,2898,3353,1209,631,658,Intermediate reticular nucleus,left
341,3315,2959,1204,718,576,Nucleus raphe pallidus,left
340,3317,2998,1204,718,586,Medulla,left
340,3358,3167,1204,728,624,Medulla,left
340,3252,3043,1209,703,595,Inferior olivary complex,left
340,3295,3042,1207,713,595,Inferior olivary complex,left
340,3305,3047,1206,715,596,Inferior olivary complex,left
340,3340,3125,1205,723,615,Medulla,left
340,3349,3149,1205,725,620,Medulla,left
340,3384,3413,1208,739,680,Medulla,left
340,2368,3136,1222,505,615,Nucleus of the solitary tract,left
340,3115,2971,1211,673,577,Inferior olivary complex,left
340,3301,2913,1205,715,565,Nucleus raphe pallidus,right
340,3326,3083,1205,719,606,Inferior olivary complex,left
340,3335,3079,1204,722,605,Medulla,left
340,3104,2950,1211,671,573,Inferior olivary complex,left
340,3306,3117,1207,714,612,Inferior olivary complex,left
340,3308,3058,1206,716,600,Inferior olivary complex,left
340,3023,3167,1209,653,620,Gigantocellular reticular nucleus,left
340,3209,2964,1211,694,576,Inferior olivary complex,left
342,2376,3241,1219,505,635,Nucleus of the solitary tract,left
342,3140,2956,1210,678,574,Inferior olivary complex,left
342,3182,2955,1210,687,574,Inferior olivary complex,left
342,3292,3060,1206,711,599,Inferior olivary complex,left
342,3296,2999,1205,713,585,Inferior olivary complex,left
342,3298,3023,1205,714,591,Inferior olivary complex,left
342,3318,3120,1205,718,613,Inferior olivary complex,left
342,3321,3029,1204,719,593,Medulla,left
342,3202,2963,1210,692,576,Inferior olivary complex,left
342,3257,3557,1216,706,702,"Lateral reticular nucleus, magnocellular part",left
342,3273,2997,1207,708,584,Inferior olivary complex,left
342,3275,2965,1206,709,577,Medulla,left
342,3310,2992,1204,717,583,Medulla,left
343,2903,3353,1207,632,658,Intermediate reticular nucleus,left
343,3059,2938,1208,660,571,Nucleus raphe obscurus,left
343,3386,3377,1205,738,671,Medulla,left
343,3183,2992,1209,688,582,Inferior olivary complex,left
343,3257,3551,1215,706,701,"Lateral reticular nucleus, magnocellular part",left
345,3319,3076,1204,718,603,Inferior olivary complex,left
345,1610,2471,1248,321,467,Pyramus (VIII),right
345,2554,2604,1216,545,500,Intermediate reticular nucleus,right
345,2805,2585,1222,610,499,Intermediate reticular nucleus,right
345,1537,1855,1257,318,324,Crus 2,right
345,2379,3240,1218,506,635,Nucleus of the solitary tract,left
345,2798,2972,1207,601,579,Gigantocellular reticular nucleus,left
345,3294,3059,1205,712,599,Inferior olivary complex,left
345,3344,3122,1202,724,613,Medulla,left
345,3346,3298,1207,725,653,Inferior olivary complex,left
345,3320,3000,1202,719,586,Medulla,left
345,3329,3109,1203,720,611,Inferior olivary complex,left
344,3172,2952,1210,685,573,Inferior olivary complex,left
350,2374,3053,1219,507,598,Nucleus of the solitary tract,left
346,2374,2351,1217,504,450,Spinal vestibular nucleus,right
346,2393,3482,1213,509,685,Spinal vestibular nucleus,left
346,3295,3066,1204,712,600,Inferior olivary complex,left
346,3321,3119,1204,717,613,Inferior olivary complex,left
346,2381,3489,1213,506,688,Spinal vestibular nucleus,left
346,3337,3088,1202,721,606,Inferior olivary complex,left
348,2364,3077,1220,505,602,Nucleus of the solitary tract,left
348,2395,2295,1216,508,439,Spinal vestibular nucleus,right
348,1932,3902,1223,407,793,Paramedian lobule,left
347,2338,2452,1218,496,472,Spinal vestibular nucleus,right
347,1867,2497,1235,385,474,Uvula (IX),right
347,3079,2082,1215,663,389,Parvicellular reticular nucleus,right
347,1634,2488,1245,326,471,Pyramus (VIII),right
347,3181,2094,1214,687,389,"Lateral reticular nucleus, magnocellular part",right
347,3300,3078,1203,713,603,Inferior olivary complex,left
347,3309,3060,1202,715,599,Inferior olivary complex,left
349,3229,3345,1210,698,657,"Lateral reticular nucleus, magnocellular part",left
349,3327,3102,1202,719,608,Inferior olivary complex,left
353,2344,3542,1212,497,701,Spinal vestibular nucleus,left
353,2747,3306,1204,594,649,Intermediate reticular nucleus,left
353,3147,2961,1206,679,575,Inferior olivary complex,left
353,3149,2953,1206,680,574,Inferior olivary complex,left
353,3213,2971,1205,694,577,Inferior olivary complex,left
353,3320,3068,1200,717,601,Inferior olivary complex,left
353,3323,3006,1199,719,587,Medulla,left
353,3335,3085,1199,721,605,Inferior olivary complex,left
353,3358,3175,1199,727,625,Inferior olivary complex,left
353,3393,3337,1199,739,661,Medulla,left
353,3418,3336,1197,746,662,Medulla,left
353,2325,3505,1212,493,694,Spinal vestibular nucleus,left
353,2343,2792,1222,500,538,Nucleus of the solitary tract,right
353,3301,3048,1201,713,596,Inferior olivary complex,left
353,3339,3074,1198,722,603,Medulla,left
353,3339,3111,1199,722,611,Medulla,left
353,3340,3062,1198,722,600,Medulla,left
354,2397,2762,1217,510,531,Dorsal motor nucleus of the vagus nerve,right
354,2942,2911,1202,633,564,Gigantocellular reticular nucleus,right
354,2986,2409,1224,653,463,Intermediate reticular nucleus,right
354,3212,2954,1205,693,574,Inferior olivary complex,left
354,3337,3402,1204,724,673,Medulla,left
354,3372,3376,1201,733,669,Inferior olivary complex,left
354,2420,3023,1216,517,591,Nucleus of the solitary tract,left
354,3072,2652,1216,667,509,Gigantocellular reticular nucleus,right
354,3203,2309,1218,694,437,"Paragigantocellular reticular nucleus, lateral part",right
354,3314,2980,1199,717,581,Medulla,left
354,3315,3007,1199,717,586,Medulla,left
354,3331,3043,1198,720,596,Inferior olivary complex,left
354,3340,3032,1197,722,593,Medulla,left
354,3346,3117,1198,723,612,Medulla,left
354,3115,2951,1205,672,573,Inferior olivary complex,left
354,3349,2302,1208,733,427,Medulla,right
355,3328,3105,1198,719,609,Inferior olivary complex,left
355,3343,3099,1197,723,608,Medulla,left
355,3379,3385,1199,736,671,Inferior olivary complex,left
355,2331,3513,1211,494,696,Spinal vestibular nucleus,left
355,3212,2984,1204,693,581,Inferior olivary complex,left
355,3290,3749,1204,717,745,ventral spinocerebellar tract,left
355,3345,3135,1197,723,616,Medulla,left
355,3369,3350,1199,732,663,Inferior olivary complex,left
355,2835,2834,1204,610,547,Gigantocellular reticular nucleus,right
355,3100,3809,1207,670,752,Parvicellular reticular nucleus,left
355,3205,2996,1204,692,583,Inferior olivary complex,left
355,3305,3016,1199,714,589,Inferior olivary complex,left
355,3337,3054,1197,721,598,Inferior olivary complex,left
358,3321,3062,1197,717,599,Inferior olivary complex,left
358,2378,3037,1216,509,594,Nucleus of the solitary tract,left
358,1639,2500,1240,327,473,Pyramus (VIII),right
358,2362,2317,1212,500,442,Spinal vestibular nucleus,right
358,3300,3036,1198,713,593,Inferior olivary complex,left
358,3335,3096,1197,720,607,Inferior olivary complex,left
358,3338,3021,1195,722,590,Medulla,left
358,3344,3064,1195,723,600,Medulla,left
358,3223,2563,1214,697,490,Medulla,right
358,3205,2260,1214,693,425,"Paragigantocellular reticular nucleus, lateral part",right
358,3245,2046,1206,705,376,dorsal spinocerebellar tract,right
358,3320,3046,1197,717,596,Inferior olivary complex,left
360,3344,3085,1195,723,605,Medulla,left
360,2339,2358,1212,496,452,Spinal vestibular nucleus,right
360,2353,3397,1210,499,668,Spinal vestibular nucleus,left
360,2646,2871,1207,567,554,Gigantocellular reticular nucleus,right
360,3195,2942,1203,690,570,Medulla,right
360,3287,2445,1211,712,464,Medulla,right
360,3184,3685,1207,689,727,"Paragigantocellular reticular nucleus, lateral part",left
356,2435,2811,1215,520,541,Medulla,right
356,2876,3030,1199,618,592,Gigantocellular reticular nucleus,left
356,2937,2470,1222,642,476,Intermediate reticular nucleus,right
356,3016,3075,1200,649,601,Gigantocellular reticular nucleus,left
356,3129,2939,1204,675,570,Medulla,right
356,3297,2996,1199,712,584,Inferior olivary complex,left
356,3325,3087,1198,718,604,Inferior olivary complex,left
356,3336,3313,1201,722,654,Inferior olivary complex,left
356,3359,3361,1200,729,665,Inferior olivary complex,left
356,2376,2320,1213,504,444,Spinal vestibular nucleus,right
356,2409,2856,1216,515,551,Nucleus of the solitary tract,right
356,3328,3073,1198,719,602,Inferior olivary complex,left
356,3339,3108,1197,721,610,Medulla,left
356,3314,3070,1199,716,601,Inferior olivary complex,left
356,3348,3058,1196,724,600,Medulla,left
357,3315,3037,1198,716,593,Inferior olivary complex,left
357,3240,2505,1216,701,478,"Lateral reticular nucleus, magnocellular part",right
357,3135,2974,1204,676,578,Inferior olivary complex,left
357,3153,2955,1204,681,574,Inferior olivary complex,left
357,3173,3025,1204,685,589,Inferior olivary complex,left
357,3178,2997,1204,686,583,Inferior olivary complex,left
357,3330,3113,1198,719,611,Inferior olivary complex,left
357,3330,3011,1197,720,588,Medulla,left
357,3335,3067,1197,721,600,Inferior olivary complex,left
357,3012,3733,1207,651,737,Parvicellular reticular nucleus,left
357,3324,2996,1197,719,584,Medulla,left
359,3198,3733,1206,693,738,"Lateral reticular nucleus, magnocellular part",left
359,3253,2923,1200,703,567,Nucleus raphe pallidus,right
359,3379,3377,1197,735,669,Inferior olivary complex,left
359,3390,3395,1196,738,673,Medulla,left
359,3395,3420,1196,740,679,Medulla,left
359,3129,3766,1206,676,743,Parvicellular reticular nucleus,left
359,3192,3688,1207,690,728,"Paragigantocellular reticular nucleus, lateral part",left
359,3204,2941,1202,692,570,Medulla,right
363,3345,3113,1193,722,611,Medulla,left
363,2330,3470,1208,494,686,Spinal vestibular nucleus,left
363,3319,3054,1195,717,597,Inferior olivary complex,left
363,3400,3384,1193,741,671,Medulla,left
363,2276,2410,1214,482,461,Spinal vestibular nucleus,right
363,3168,3791,1203,686,748,Medulla,left
363,3300,2354,1208,717,443,"Paragigantocellular reticular nucleus, lateral part",right
363,3397,3436,1194,741,682,Medulla,left
363,2949,3482,1200,643,682,Intermediate reticular nucleus,left
361,3335,3041,1195,721,595,Inferior olivary complex,left
361,3086,3825,1204,666,755,Parvicellular reticular nucleus,left
361,3305,3049,1197,713,596,Inferior olivary complex,left
361,2748,2817,1205,591,542,Gigantocellular reticular nucleus,right
361,3067,3135,1201,660,612,Magnocellular reticular nucleus,left
361,3071,2682,1211,666,515,Gigantocellular reticular nucleus,right
361,3325,3090,1196,718,605,Inferior olivary complex,left
361,3350,3059,1194,724,599,Medulla,left
361,1585,2386,1242,315,449,Paramedian lobule,right
362,3383,3417,1196,737,677,Medulla,left
362,2279,3389,1211,484,671,Spinal vestibular nucleus,left
362,3105,3529,1206,673,693,"Paragigantocellular reticular nucleus, lateral part",left
362,1733,3744,1229,356,761,Paramedian lobule,left
362,1865,3862,1221,388,787,Paramedian lobule,left
362,3213,2950,1201,694,573,Inferior olivary complex,left
362,3319,3028,1195,717,592,Inferior olivary complex,left
362,3116,2933,1201,672,569,Medulla,right
362,3327,3010,1195,718,588,Inferior olivary complex,left
362,3331,3059,1195,719,599,Inferior olivary complex,left
362,3336,3113,1195,720,611,Medulla,left
365,3339,3071,1193,721,601,Inferior olivary complex,left
365,1672,3764,1232,342,765,Paramedian lobule,left
365,2409,3554,1205,512,701,Spinal vestibular nucleus,left
365,2359,2805,1216,504,541,Nucleus of the solitary tract,right
365,2526,2946,1209,541,572,Medulla,left
364,2401,2842,1213,513,548,Nucleus of the solitary tract,right
364,2474,2628,1208,526,506,Nucleus of the solitary tract,right
364,3364,3339,1195,730,660,Inferior olivary complex,left
367,3392,3423,1192,739,679,Medulla,left
368,2436,3111,1208,519,609,Dorsal motor nucleus of the vagus nerve,left
368,2305,3404,1208,488,673,Spinal vestibular nucleus,left
366,1282,3092,1239,249,617,Declive (VI),left
366,1307,2714,1240,253,527,Declive (VI),right
366,3166,2952,1200,683,573,Inferior olivary complex,left
366,1811,1963,1236,377,347,Paramedian lobule,right
366,2306,3405,1208,488,673,Spinal vestibular nucleus,left
366,2963,2777,1202,641,534,Gigantocellular reticular nucleus,right
366,3139,2974,1200,677,578,Inferior olivary complex,left
370,2384,3317,1206,505,650,Medial vestibular nucleus,left
370,2989,2910,1195,644,564,crossed tectospinal pathway,right
370,3112,2936,1198,670,569,Nucleus raphe obscurus,right
370,3218,3313,1199,694,648,Medulla,left
370,3318,3053,1192,716,597,Inferior olivary complex,left
370,3336,3082,1191,719,603,Inferior olivary complex,left
370,3338,3003,1190,722,586,Medulla,left
370,2400,2854,1211,513,552,Nucleus of the solitary tract,right
370,2902,2936,1194,624,570,Nucleus raphe obscurus,right
370,3284,2956,1194,709,574,Nucleus raphe pallidus,left
369,3346,3643,1197,730,724,Medulla,left
369,2301,2425,1211,488,465,Spinal vestibular nucleus,right
369,2964,2774,1201,641,534,Gigantocellular reticular nucleus,right
369,3078,3062,1197,663,596,Gigantocellular reticular nucleus,left
369,3331,3042,1192,719,594,Inferior olivary complex,left
369,3352,3058,1190,724,599,Medulla,left
369,3356,3333,1194,726,658,Inferior olivary complex,left
369,3128,2974,1198,674,578,Inferior olivary complex,left
369,3352,3093,1191,723,607,Medulla,left
371,2337,2463,1208,495,474,Spinal vestibular nucleus,right
371,3143,2988,1197,678,581,Inferior olivary complex,left
371,3207,2250,1206,692,423,"Paragigantocellular reticular nucleus, lateral part",right
371,3226,2949,1197,696,573,Inferior olivary complex,left
371,3345,3030,1189,722,592,Medulla,left
371,3392,3341,1189,736,660,Medulla,left
371,2306,2394,1209,488,458,Spinal vestibular nucleus,right
371,3144,3414,1199,680,668,"Lateral reticular nucleus, magnocellular part",left
371,2352,2774,1213,501,535,Nucleus of the solitary tract,right
372,3333,3031,1190,720,592,Inferior olivary complex,left
372,3197,2952,1197,689,573,Inferior olivary complex,left
372,3324,3087,1191,717,604,Inferior olivary complex,left
372,3090,3177,1196,666,619,Magnocellular reticular nucleus,left
372,3329,3016,1190,719,589,Inferior olivary complex,left
372,3397,3386,1189,739,670,Medulla,left
372,2898,2539,1211,632,490,Intermediate reticular nucleus,right
372,3198,2459,1210,691,470,"Lateral reticular nucleus, magnocellular part",right
372,3351,3103,1189,723,609,Medulla,left
375,3338,3052,1188,721,596,Inferior olivary complex,left
375,2414,2288,1204,512,437,Spinal vestibular nucleus,right
375,3113,2952,1195,671,573,Medulla,left
375,2857,2621,1205,619,505,Gigantocellular reticular nucleus,right
375,3072,2943,1194,661,572,Nucleus raphe obscurus,left
373,3053,3054,1194,657,595,Magnocellular reticular nucleus,left
373,3165,2925,1198,682,567,Inferior olivary complex,right
373,3303,3254,1194,712,638,Inferior olivary complex,left
373,3334,3320,1193,721,653,Inferior olivary complex,left
373,3345,3062,1189,722,599,Inferior olivary complex,left
373,3362,3333,1191,727,658,Inferior olivary complex,left
373,3006,2664,1205,652,513,Gigantocellular reticular nucleus,right
373,3081,3149,1196,663,614,Magnocellular reticular nucleus,left
373,3274,3424,1197,708,673,"Paragigantocellular reticular nucleus, lateral part",left
373,3329,3072,1191,718,601,Inferior olivary complex,left
374,2362,2330,1206,500,445,Spinal vestibular nucleus,right
374,3048,2709,1202,660,522,Gigantocellular reticular nucleus,right
374,1916,3779,1212,396,767,Copula pyramidis,left
374,3252,2929,1195,701,568,Nucleus raphe pallidus,right
374,3276,3287,1195,705,643,Medulla,left
374,1375,3543,1236,278,715,Crus 1,left
374,3097,2940,1195,667,570,Nucleus raphe obscurus,right
374,3176,2937,1197,685,569,Medulla,right
374,3245,3630,1199,702,716,"Paragigantocellular reticular nucleus, lateral part",left
374,3308,3056,1191,714,597,Inferior olivary complex,left
374,3343,3360,1191,724,662,Medulla,left
374,3347,3033,1188,722,593,Inferior olivary complex,left
376,2592,3949,1194,554,778,"Spinal nucleus of the trigeminal, interpolar part",left
376,2822,2496,1209,613,481,Intermediate reticular nucleus,right
376,3345,3025,1187,722,591,Medulla,left
376,3157,3171,1195,679,617,Magnocellular reticular nucleus,left
376,3242,2964,1194,699,576,Inferior olivary complex,left
376,3222,3391,1196,694,664,"Paragigantocellular reticular nucleus, lateral part",left
376,3308,3365,1192,715,662,Medulla,left
377,3201,2946,1195,690,572,Inferior olivary complex,left
377,2298,3408,1204,487,674,Spinal vestibular nucleus,left
377,3355,3335,1189,726,657,Inferior olivary complex,left
377,3378,3354,1188,733,662,Inferior olivary complex,left
377,3375,2527,1194,732,479,Inferior olivary complex,right
377,2425,2690,1205,515,518,Dorsal motor nucleus of the vagus nerve,right
377,3264,3603,1197,707,711,"Paragigantocellular reticular nucleus, lateral part",left
377,3168,3144,1195,682,613,Gigantocellular reticular nucleus,left
377,3330,3372,1191,720,664,Medulla,left
377,3297,2938,1191,711,571,Nucleus raphe pallidus,left
377,3335,3067,1188,719,599,Inferior olivary complex,left
377,3353,3109,1187,724,609,Medulla,left
377,3358,3063,1186,725,600,Medulla,left
378,3341,3043,1187,721,595,Inferior olivary complex,left
378,3348,3076,1186,723,602,Medulla,left
378,3193,2938,1195,689,571,Inferior olivary complex,left
378,2924,2942,1190,629,571,Gigantocellular reticular nucleus,left
378,3277,2936,1192,706,570,Nucleus raphe pallidus,right
378,3364,3329,1188,728,656,Inferior olivary complex,left
378,2897,1819,1208,623,331,"Spinal nucleus of the trigeminal, interpolar part",right
378,3356,3087,1186,724,604,Medulla,left
379,3344,3362,1188,724,662,Medulla,left
379,3080,3038,1191,662,592,Gigantocellular reticular nucleus,left
379,3349,3059,1185,723,599,Inferior olivary complex,left
379,1312,1940,1249,252,355,Crus 2,right
379,2359,3596,1199,501,711,Spinal vestibular nucleus,left
379,2840,3293,1191,616,645,Intermediate reticular nucleus,left
379,3216,2938,1193,693,571,Medulla,left
379,3284,3389,1192,709,666,Medulla,left
379,3328,3011,1187,718,587,Inferior olivary complex,left
379,1709,2316,1229,343,432,Copula pyramidis,right
380,3335,3006,1186,720,586,Medulla,left
380,3351,3033,1185,723,593,Medulla,left
380,3346,3100,1186,721,607,Inferior olivary complex,left
380,3372,3342,1186,730,658,Inferior olivary complex,left
380,3259,3366,1192,703,659,Medulla,left
381,3260,3768,1193,708,746,"Lateral reticular nucleus, parvicellular part",left
381,3391,3409,1185,737,674,Medulla,left
381,2352,2371,1204,498,454,Spinal vestibular nucleus,right
381,2966,2951,1189,637,573,crossed tectospinal pathway,left
381,3340,3057,1186,720,597,Inferior olivary complex,left
381,1323,3735,1239,270,754,Crus 2,left
381,2310,3471,1202,489,687,Spinal vestibular nucleus,left
382,3283,2424,1200,710,460,"Paragigantocellular reticular nucleus, lateral part",right
382,3311,2935,1188,714,570,Nucleus raphe pallidus,right
382,3287,3628,1192,712,717,rubrospinal tract,left
382,2931,3162,1189,632,618,Gigantocellular reticular nucleus,left
382,3248,2964,1191,700,576,Inferior olivary complex,left
383,3381,3403,1184,734,672,Inferior olivary complex,left
383,2468,3171,1199,525,620,Dorsal motor nucleus of the vagus nerve,left
383,3165,3326,1192,682,648,Gigantocellular reticular nucleus,left
383,3345,3056,1184,721,597,Inferior olivary complex,left
383,3125,2647,1201,675,510,Magnocellular reticular nucleus,right
385,2298,2416,1204,487,462,Spinal vestibular nucleus,right
385,3344,3065,1184,721,599,Inferior olivary complex,left
385,2323,2315,1203,491,441,Spinal vestibular nucleus,right
385,3007,3086,1188,646,602,Gigantocellular reticular nucleus,left
385,3250,2040,1193,706,375,dorsal spinocerebellar tract,right
385,2665,4024,1192,572,797,"Spinal nucleus of the trigeminal, interpolar part",left
385,3277,2083,1192,713,383,Medulla,right
385,3336,3405,1187,722,670,Medulla,left
385,3341,3019,1184,721,589,Inferior olivary complex,left
385,3342,3097,1185,720,606,Medulla,left
385,3181,3098,1192,684,603,Medulla,left
385,3327,3280,1187,716,643,Inferior olivary complex,left
384,3341,3304,1186,721,649,Inferior olivary complex,left
384,3353,3083,1183,723,604,Medulla,left
384,2586,2633,1198,552,506,Intermediate reticular nucleus,right
384,2390,3561,1197,507,703,Spinal vestibular nucleus,left
384,2631,3950,1190,564,779,"Spinal nucleus of the trigeminal, interpolar part",left
384,3350,3028,1184,723,592,Medulla,left
386,2415,2263,1200,512,432,Spinal vestibular nucleus,right
386,3337,3332,1185,720,654,Medulla,left
386,2646,3004,1194,568,586,Gigantocellular reticular nucleus,left
386,3157,3130,1191,679,609,Magnocellular reticular nucleus,left
386,2289,3465,1200,484,687,Spinal vestibular nucleus,left
388,2472,3176,1197,525,621,Dorsal motor nucleus of the vagus nerve,left
388,3349,3424,1184,726,675,Medulla,left
388,3354,3053,1182,724,597,Medulla,left
388,2864,2568,1201,622,495,Linear nucleus of the medulla,right
388,3166,1937,1194,685,357,inferior cerebellar peduncle,right
388,2247,2414,1205,475,461,Spinal vestibular nucleus,right
388,3220,3733,1191,696,737,"Lateral reticular nucleus, parvicellular part",left
388,3299,3312,1186,711,649,Medulla,left
387,3372,3303,1182,728,650,Medulla,left
387,2382,2304,1200,504,440,Spinal vestibular nucleus,right
389,3131,2945,1190,674,572,Medulla,left
389,3096,3109,1189,665,605,Magnocellular reticular nucleus,left
389,3275,3392,1187,706,665,"Paragigantocellular reticular nucleus, lateral part",left
389,2246,2415,1205,475,461,Spinal vestibular nucleus,right
391,2363,2322,1199,501,443,Spinal vestibular nucleus,right
391,3211,3297,1187,690,642,Gigantocellular reticular nucleus,left
391,2914,1871,1197,626,343,"Spinal nucleus of the trigeminal, interpolar part",right
391,3138,3426,1188,678,669,"Paragigantocellular reticular nucleus, lateral part",left
391,3345,3091,1181,720,604,Inferior olivary complex,left
390,3130,2953,1189,674,574,Medulla,left
390,3086,3209,1188,664,625,Magnocellular reticular nucleus,left
390,3153,2533,1201,681,488,"Lateral reticular nucleus, magnocellular part",right
390,2078,1866,1213,435,331,Copula pyramidis,right
392,3240,3348,1186,697,655,Medulla,left
392,3342,3301,1182,720,648,Inferior olivary complex,left
392,2247,2415,1203,475,461,Spinal vestibular nucleus,right
392,3019,3077,1185,649,599,Magnocellular reticular nucleus,left
392,3391,3410,1178,737,673,Medulla,left
392,2334,3438,1196,493,679,Spinal vestibular nucleus,left
393,3329,3328,1182,718,654,Medulla,left
393,2735,2540,1198,590,489,Intermediate reticular nucleus,right
393,3208,3325,1187,691,649,Gigantocellular reticular nucleus,left
393,2402,2475,1198,508,477,Nucleus of the solitary tract,right
393,3067,3068,1186,658,598,Magnocellular reticular nucleus,left
393,3358,3321,1180,726,653,Inferior olivary complex,left
393,3362,3007,1179,725,586,Medulla,left
393,3407,3321,1177,738,654,Medulla,left
393,3428,3317,1174,746,654,Medulla,left
395,3082,3030,1184,662,589,Magnocellular reticular nucleus,left
395,3372,3341,1177,729,657,Inferior olivary complex,left
395,3385,3392,1176,734,668,Inferior olivary complex,left
395,3229,3821,1185,701,755,"Lateral reticular nucleus, parvicellular part",left
395,1598,2952,1215,315,581,Declive (VI),left
395,3167,1918,1191,686,354,dorsal spinocerebellar tract,right
395,3314,3265,1181,713,639,Inferior olivary complex,left
395,1774,2251,1219,359,419,Copula pyramidis,right
395,1834,2036,1221,376,366,Paramedian lobule,right
395,3348,3285,1179,722,645,Medulla,left
398,2776,3364,1184,601,659,Intermediate reticular nucleus,left
398,3242,3489,1184,699,684,"Paragigantocellular reticular nucleus, lateral part",left
398,3392,3379,1175,735,666,Inferior olivary complex,left
398,3110,3725,1187,670,733,Parvicellular reticular nucleus,left
398,3195,1933,1189,693,356,dorsal spinocerebellar tract,right
398,3353,3052,1177,723,596,Inferior olivary complex,left
398,2452,3239,1193,518,634,Dorsal motor nucleus of the vagus nerve,left
394,3391,3372,1177,735,664,Inferior olivary complex,left
394,2401,3532,1193,508,696,Spinal vestibular nucleus,left
394,2937,3060,1183,631,597,Gigantocellular reticular nucleus,left
394,3160,3202,1187,679,623,Magnocellular reticular nucleus,left
396,2332,2221,1198,490,421,Spinal vestibular nucleus,right
396,2900,2935,1182,623,569,Gigantocellular reticular nucleus,right
396,1323,3006,1219,253,595,Lobules IV-V,left
396,1530,3061,1215,298,608,Lobules IV-V,left
396,1773,2250,1219,359,419,Copula pyramidis,right
396,1801,2624,1213,366,507,Fastigial nucleus,right
396,2412,2881,1199,515,558,Nucleus prepositus,right
396,3051,2768,1189,658,535,Magnocellular reticular nucleus,right
397,3351,3300,1179,722,648,Inferior olivary complex,left
397,3359,3069,1178,724,600,Medulla,left
397,3419,3345,1173,743,660,Medulla,left
397,2864,3085,1182,617,603,Gigantocellular reticular nucleus,left
397,3038,2805,1188,656,542,Magnocellular reticular nucleus,right
397,3151,3305,1186,678,643,Gigantocellular reticular nucleus,left
397,3358,3013,1178,725,588,Medulla,left
397,3406,3392,1175,740,669,Medulla,left
400,3211,3660,1185,692,720,rubrospinal tract,left
400,3258,2939,1183,702,571,Nucleus raphe pallidus,left
400,3328,3402,1178,719,668,Medulla,left
399,2446,3642,1188,519,717,Medulla,left
399,3373,3330,1175,729,655,Inferior olivary complex,left
399,3251,3756,1183,704,742,"Lateral reticular nucleus, parvicellular part",left
399,3272,2938,1183,704,571,Nucleus raphe pallidus,left
401,3347,3362,1177,722,660,Medulla,left
401,2389,2495,1195,505,481,Medial vestibular nucleus,right
401,3088,3117,1183,664,606,Magnocellular reticular nucleus,left
401,2449,3166,1193,520,619,Dorsal motor nucleus of the vagus nerve,left
401,3207,3550,1185,691,697,"Paragigantocellular reticular nucleus, lateral part",left
401,3305,3280,1180,710,642,Medulla,left
402,2328,2210,1196,490,419,Spinal vestibular nucleus,right
402,3033,2583,1194,657,499,Gigantocellular reticular nucleus,right
402,2337,3507,1191,493,693,Spinal vestibular nucleus,left
402,2688,2579,1192,578,497,Intermediate reticular nucleus,right
402,3195,3227,1183,686,627,Magnocellular reticular nucleus,left
402,3354,2798,1177,724,538,Medulla,right
402,1644,3012,1210,326,594,Declive (VI),left
402,3427,3284,1169,742,647,Medulla,left
404,2303,2553,1197,487,492,Medial vestibular nucleus,right
404,2743,3169,1182,592,621,Gigantocellular reticular nucleus,left
404,3094,2925,1182,665,567,Nucleus raphe obscurus,right
404,2997,2218,1190,647,424,Parvicellular reticular nucleus,right
404,3187,2944,1183,685,572,Inferior olivary complex,left
404,3356,3321,1174,723,652,Inferior olivary complex,left
404,3427,3319,1168,743,654,Medulla,left
403,1800,2408,1214,367,455,arbor vitae,right
403,3124,3190,1182,672,620,Magnocellular reticular nucleus,left
403,2800,1826,1196,603,327,"Spinal nucleus of the trigeminal, interpolar part",right
405,1926,2993,1202,393,590,Nodulus (X),left
405,3087,3046,1181,662,592,Magnocellular reticular nucleus,left
405,1216,2986,1221,229,589,Lobules IV-V,left
405,2004,1851,1210,415,326,Paramedian lobule,right
405,2283,2382,1196,482,454,Spinal vestibular nucleus,right
405,3374,3324,1173,729,654,Inferior olivary complex,left
405,1425,2628,1220,274,508,Declive (VI),right
405,2990,2533,1195,649,489,Gigantocellular reticular nucleus,right
406,3376,3338,1172,729,657,Inferior olivary complex,left
406,3372,3310,1172,727,650,Inferior olivary complex,left
406,3394,3398,1170,737,670,Medulla,left
406,3038,2739,1186,656,529,Magnocellular reticular nucleus,right
406,1570,2999,1210,307,593,Lobules IV-V,left
406,2336,3447,1191,491,680,Spinal vestibular nucleus,left
406,3079,3020,1180,661,587,Magnocellular reticular nucleus,left
409,3082,3069,1179,661,597,Magnocellular reticular nucleus,left
409,2284,2342,1194,481,445,Spinal vestibular nucleus,right
409,2913,2953,1177,626,574,Gigantocellular reticular nucleus,left
407,3141,3142,1180,674,610,Magnocellular reticular nucleus,left
407,3343,3270,1173,719,641,Inferior olivary complex,left
407,3349,3288,1173,721,645,Inferior olivary complex,left
407,1521,2614,1217,296,503,Declive (VI),right
407,2375,3425,1189,499,673,Spinal vestibular nucleus,left
408,2307,3395,1191,484,670,Spinal vestibular nucleus,left
408,1909,2991,1200,389,589,Nodulus (X),left
410,1808,2470,1210,369,470,Fastigial nucleus,right
410,2315,2321,1193,488,442,Spinal vestibular nucleus,right
410,2345,3378,1189,492,665,Medial vestibular nucleus,left
410,2849,2939,1177,613,570,Gigantocellular reticular nucleus,right
410,3268,3305,1176,702,645,Medulla,left
410,3388,3347,1168,733,658,Medulla,left
410,3100,3343,1179,668,651,"Paragigantocellular reticular nucleus, lateral part",left
410,3275,3397,1175,705,664,"Paragigantocellular reticular nucleus, lateral part",left
410,3416,3331,1166,740,656,Medulla,left
410,2324,3435,1189,488,678,Spinal vestibular nucleus,left
410,2685,2858,1182,577,551,Gigantocellular reticular nucleus,right
411,2814,3384,1177,610,662,Intermediate reticular nucleus,left
411,3211,3268,1177,689,636,Gigantocellular reticular nucleus,left
411,3326,3228,1173,714,632,Inferior olivary complex,left
411,3347,3304,1171,720,648,Inferior olivary complex,left
411,2317,2591,1193,489,500,Medial vestibular nucleus,right
411,3344,3296,1171,720,646,Inferior olivary complex,left
411,2648,3966,1176,568,782,"Spinal nucleus of the trigeminal, interpolar part",left
411,3249,2939,1178,699,571,Nucleus raphe pallidus,left
412,3365,3307,1169,725,649,Inferior olivary complex,left
412,3214,2402,1187,694,458,"Paragigantocellular reticular nucleus, lateral part",right
412,3378,3341,1168,730,657,Inferior olivary complex,left
412,3412,3311,1166,738,651,Medulla,left
412,1542,3004,1207,300,595,Lobules IV-V,left
412,1637,2995,1206,323,591,Lobules IV-V,left
412,3104,2930,1179,667,569,Nucleus raphe obscurus,right
415,3387,3355,1165,732,660,Medulla,left
415,3132,2956,1177,672,574,Nucleus raphe obscurus,left
413,3254,2478,1185,701,474,"Paragigantocellular reticular nucleus, lateral part",right
413,2352,2565,1191,496,495,Medial vestibular nucleus,right
413,2906,3075,1176,625,599,Gigantocellular reticular nucleus,left
413,3186,1899,1184,693,348,inferior cerebellar peduncle,right
413,3270,3350,1175,703,655,Medulla,left
413,3318,3187,1174,712,622,Inferior olivary complex,left
413,3381,3322,1168,730,652,Inferior olivary complex,left
413,3081,2884,1179,662,559,crossed tectospinal pathway,right
414,3146,3081,1178,675,599,Magnocellular reticular nucleus,left
414,3215,1988,1180,697,367,dorsal spinocerebellar tract,right
414,3279,2531,1182,706,484,Medulla,right
414,3285,2933,1176,707,570,Nucleus raphe pallidus,right
414,2160,3695,1186,449,740,choroid plexus,left
414,2336,3095,1192,494,606,Medial vestibular nucleus,left
414,3052,1953,1183,655,363,"Spinal nucleus of the trigeminal, interpolar part",right
414,3076,3101,1177,660,603,Magnocellular reticular nucleus,left
414,3161,3070,1178,678,597,Magnocellular reticular nucleus,left
414,3365,3285,1169,725,644,Inferior olivary complex,left
414,3380,3331,1167,730,654,Inferior olivary complex,left
417,2894,3185,1175,624,622,Gigantocellular reticular nucleus,left
417,3132,3395,1176,674,661,"Paragigantocellular reticular nucleus, lateral part",left
417,3286,2529,1181,707,484,Medulla,right
417,3411,3305,1164,737,650,Medulla,left
417,1151,3035,1219,213,600,Declive (VI),left
418,2465,2862,1186,526,553,Nucleus prepositus,right
418,2502,2979,1185,534,580,Nucleus prepositus,left
418,2710,2462,1188,582,474,Intermediate reticular nucleus,right
418,3137,2872,1178,674,556,crossed tectospinal pathway,right
418,3344,3271,1168,719,640,Inferior olivary complex,left
418,3376,3335,1165,728,655,Inferior olivary complex,left
418,3378,3326,1165,729,653,Inferior olivary complex,left
418,1764,2413,1209,358,458,Fastigial nucleus,right
419,3055,3199,1174,657,622,Gigantocellular reticular nucleus,left
419,3106,3108,1175,666,604,Magnocellular reticular nucleus,left
419,1424,3012,1206,272,596,Lobules IV-V,left
419,2610,2862,1180,560,551,Gigantocellular reticular nucleus,right
419,1118,3038,1220,205,600,Declive (VI),left
419,1296,3262,1215,248,653,Lobules IV-V,left
419,2379,3456,1184,500,679,Spinal vestibular nucleus,left
419,3394,3367,1162,735,662,Medulla,left
419,2119,2764,1197,444,537,Nodulus (X),right
419,2348,3265,1186,493,640,Medial vestibular nucleus,left
420,3354,3347,1165,723,656,Medulla,left
420,3293,3496,1169,711,686,"Paragigantocellular reticular nucleus, lateral part",left
420,1652,2338,1213,328,442,Fastigial nucleus,right
420,2780,3146,1175,599,614,Gigantocellular reticular nucleus,left
421,3304,3296,1169,709,644,Medulla,left
421,3413,3291,1161,738,647,Medulla,left
421,1228,3201,1216,233,639,Lobules IV-V,left
421,2344,3338,1185,491,656,Medial vestibular nucleus,left
421,3183,2478,1185,686,476,"Paragigantocellular reticular nucleus, lateral part",right
421,3344,3256,1167,718,637,Inferior olivary complex,left
421,2853,1876,1184,614,341,"Spinal nucleus of the trigeminal, interpolar part",right
423,3380,3169,1164,726,621,Inferior olivary complex,left
423,2301,3438,1183,481,680,Spinal vestibular nucleus,left
423,1133,3037,1216,208,599,Declive (VI),left
423,1157,3047,1215,213,602,Lobules IV-V,left
422,1155,3038,1216,214,601,Lobules IV-V,left
422,3288,3392,1168,708,663,Medulla,left
422,1147,3034,1216,211,599,Lobules IV-V,left
422,1778,1997,1213,362,358,Paramedian lobule,right
422,2345,3332,1184,491,654,Medial vestibular nucleus,left
422,3349,3271,1166,720,641,Inferior olivary complex,left
424,1110,3038,1218,202,600,Declive (VI),left
424,1150,3047,1215,212,602,Lobules IV-V,left
424,1195,3026,1212,223,598,Lobules IV-V,left
426,1241,3028,1209,232,600,Lobules IV-V,left
426,3072,3184,1172,660,619,Gigantocellular reticular nucleus,left
426,3266,3761,1168,707,742,"Lateral reticular nucleus, parvicellular part",left
426,3326,3333,1164,715,653,Medulla,left
426,3354,3261,1164,721,639,Inferior olivary complex,left
426,3357,3048,1166,721,595,Inferior olivary complex,left
426,3400,3339,1159,735,657,Medulla,left
426,3155,3168,1172,677,616,Magnocellular reticular nucleus,left
426,3349,3352,1163,721,657,Medulla,left
426,1146,3045,1214,211,601,Lobules IV-V,left
426,1172,3032,1212,217,598,Lobules IV-V,left
425,1650,2292,1212,328,431,Fastigial nucleus,right
425,1691,2285,1210,337,430,Fastigial nucleus,right
425,2938,2944,1171,631,571,Nucleus raphe obscurus,left
425,3017,3143,1172,648,612,Gigantocellular reticular nucleus,left
425,1892,3392,1191,384,679,Fastigial nucleus,left
425,2280,3462,1183,476,685,Spinal vestibular nucleus,left
425,2299,3450,1183,481,682,Spinal vestibular nucleus,left
425,2347,3329,1183,491,654,Medial vestibular nucleus,left
425,3279,3387,1167,705,662,"Paragigantocellular reticular nucleus, lateral part",left
425,1130,3034,1217,207,599,Declive (VI),left
427,1259,3026,1207,236,599,Lobules IV-V,left
427,3177,3343,1169,682,651,"Paragigantocellular reticular nucleus, lateral part",left
427,3352,3055,1165,720,596,Inferior olivary complex,left
427,1134,3043,1214,208,601,Lobules IV-V,left
427,1186,3030,1210,220,599,Lobules IV-V,left
427,1651,2335,1209,328,442,Fastigial nucleus,right
427,3117,1820,1183,680,329,Medulla,right
427,3128,3194,1171,672,621,Magnocellular reticular nucleus,left
427,3229,3343,1168,693,652,"Paragigantocellular reticular nucleus, lateral part",left
427,2315,3438,1181,484,679,Spinal vestibular nucleus,left
427,3135,2976,1172,672,578,Medulla,left
429,2415,2622,1182,509,507,Medial vestibular nucleus,right
429,3018,2741,1176,651,529,Gigantocellular reticular nucleus,right
429,3108,2691,1178,670,520,Magnocellular reticular nucleus,right
429,1122,3044,1215,204,601,Declive (VI),left
429,1201,3213,1214,226,641,Lobules IV-V,left
428,3394,3286,1159,732,645,Medulla,left
428,2942,3023,1169,631,588,Gigantocellular reticular nucleus,left
428,1143,3039,1213,210,600,Lobules IV-V,left
428,1195,3029,1210,222,599,Lobules IV-V,left
428,1234,3023,1208,231,598,Lobules IV-V,left
428,1272,3025,1206,238,599,Lobules IV-V,left
428,3057,3246,1171,657,631,Gigantocellular reticular nucleus,left
428,3266,2943,1171,701,572,Nucleus raphe pallidus,left
428,1138,3048,1214,209,602,Lobules IV-V,left
432,3348,3309,1160,720,649,Medulla,left
432,1736,2448,1203,350,469,Fastigial nucleus,right
432,2589,2582,1179,551,498,Intermediate reticular nucleus,right
432,2227,3404,1181,462,676,Spinal vestibular nucleus,left
432,3361,3245,1161,721,636,Inferior olivary complex,left
432,3103,3171,1169,666,616,Magnocellular reticular nucleus,left
432,3396,3290,1157,731,646,Medulla,left
430,3356,3322,1161,722,651,Medulla,left
430,1065,4021,1238,197,813,Crus 1,left
430,2646,3319,1174,565,648,Intermediate reticular nucleus,left
430,3079,3042,1170,660,591,Magnocellular reticular nucleus,left
430,3090,1809,1183,675,326,Medulla,right
430,3228,2492,1177,695,477,"Paragigantocellular reticular nucleus, lateral part",right
430,3337,3290,1162,716,644,Medulla,left
430,2476,2705,1180,525,522,Medulla,right
430,3321,2550,1170,714,487,Medulla,right
431,1667,2315,1208,332,438,Fastigial nucleus,right
431,2430,3199,1178,512,625,Medial vestibular nucleus,left
431,3045,3067,1169,653,596,Magnocellular reticular nucleus,left
431,3069,2897,1170,659,561,crossed tectospinal pathway,right
431,3208,2548,1176,689,490,Gigantocellular reticular nucleus,right
431,1129,3063,1213,207,606,Lobules IV-V,left
431,1392,3347,1209,268,671,Declive (VI),left
433,2472,2995,1179,525,584,Nucleus prepositus,left
433,3381,3309,1158,728,650,Inferior olivary complex,left
433,3386,3328,1157,730,654,Inferior olivary complex,left
433,2817,2983,1169,606,580,Gigantocellular reticular nucleus,left
433,3399,3291,1156,733,646,Medulla,left
434,2286,2506,1183,479,481,Medial vestibular nucleus,right
434,2358,2502,1181,496,482,Medial vestibular nucleus,right
434,3369,3249,1159,724,637,Inferior olivary complex,left
434,3393,3305,1156,732,649,Medulla,left
434,1888,2347,1197,386,442,arbor vitae,right
434,2682,3102,1171,575,604,Gigantocellular reticular nucleus,left
434,3035,3110,1168,651,604,Gigantocellular reticular nucleus,left
436,3364,3237,1158,722,634,Inferior olivary complex,left
436,3304,3295,1161,709,644,Medulla,left
436,2286,3415,1178,475,674,Spinal vestibular nucleus,left
436,3045,3136,1167,653,609,Gigantocellular reticular nucleus,left
436,3234,3237,1165,693,630,Magnocellular reticular nucleus,left
436,1706,2369,1204,342,450,Fastigial nucleus,right
435,1634,2266,1208,324,427,Fastigial nucleus,right
435,2986,3050,1166,640,593,Gigantocellular reticular nucleus,left
435,3315,2937,1165,713,570,Nucleus raphe pallidus,right
435,3064,3219,1167,659,626,Gigantocellular reticular nucleus,left
439,2284,2529,1180,478,486,Medial vestibular nucleus,right
439,3359,3266,1156,721,639,Inferior olivary complex,left
437,2759,3304,1169,594,645,Intermediate reticular nucleus,left
437,3026,2608,1177,653,504,Gigantocellular reticular nucleus,right
437,1624,2286,1208,322,432,arbor vitae,right
437,1386,3368,1208,267,675,Declive (VI),left
437,2024,2698,1189,417,523,Nodulus (X),right
437,3100,3074,1168,664,597,Magnocellular reticular nucleus,left
438,1754,2392,1201,355,455,Fastigial nucleus,right
438,1433,4024,1208,291,815,Crus 1,left
438,1532,3191,1199,297,637,Lobules IV-V,left
438,3141,3116,1167,673,605,Magnocellular reticular nucleus,left
438,3190,3104,1167,683,604,Magnocellular reticular nucleus,left
440,3146,2759,1171,676,534,Magnocellular reticular nucleus,right
440,1286,2825,1204,238,552,Lobules IV-V,right
441,3322,3496,1156,717,687,"Paragigantocellular reticular nucleus, lateral part",left
441,1697,2396,1202,340,457,Fastigial nucleus,right
441,3379,3249,1155,726,637,Inferior olivary complex,left
441,2435,3297,1174,511,643,Medial vestibular nucleus,left
441,3163,3097,1166,678,601,Magnocellular reticular nucleus,left
441,3163,2943,1167,679,572,Nucleus raphe obscurus,left
441,3184,2951,1167,683,573,Inferior olivary complex,left
441,3220,3517,1162,693,688,"Paragigantocellular reticular nucleus, lateral part",left
441,2685,3208,1169,576,626,Intermediate reticular nucleus,left
441,3121,3362,1164,671,654,"Paragigantocellular reticular nucleus, lateral part",left
441,3122,3363,1164,671,655,"Paragigantocellular reticular nucleus, lateral part",left
448,3360,3325,1151,722,652,Medulla,left
448,3046,2794,1166,655,541,Magnocellular reticular nucleus,right
443,3265,3190,1161,699,622,Medulla,left
443,3369,3285,1153,724,644,Inferior olivary complex,left
443,1733,2467,1198,350,474,Fastigial nucleus,right
443,3348,3250,1155,718,636,Inferior olivary complex,left
442,3375,3325,1153,726,652,Inferior olivary complex,left
442,2544,2837,1172,543,547,"Paragigantocellular reticular nucleus, dorsal part",right
442,3229,3140,1164,692,611,Magnocellular reticular nucleus,left
442,3382,3276,1153,726,642,Inferior olivary complex,left
442,1249,3318,1209,238,663,Lobules IV-V,left
446,1716,2319,1200,344,440,Fastigial nucleus,right
446,3298,3475,1154,711,682,"Paragigantocellular reticular nucleus, lateral part",left
446,1854,1915,1199,378,341,Paramedian lobule,right
446,3044,1807,1177,665,323,inferior cerebellar peduncle,right
445,3339,3319,1154,717,650,Medulla,left
445,2765,3293,1166,595,643,Intermediate reticular nucleus,left
445,3256,3384,1158,698,661,"Paragigantocellular reticular nucleus, lateral part",left
445,3387,3314,1151,728,651,Medulla,left
445,1828,2445,1195,372,468,Fastigial nucleus,right
445,2879,2985,1164,619,579,Gigantocellular reticular nucleus,left
445,3053,1811,1177,667,325,inferior cerebellar peduncle,right
445,3158,2646,1171,678,511,Magnocellular reticular nucleus,right
445,1149,3465,1217,217,691,Declive (VI),left
445,3049,1809,1177,666,325,inferior cerebellar peduncle,right
444,3388,3331,1150,730,654,Medulla,left
444,1227,3305,1209,232,660,Lobules IV-V,left
444,2390,3388,1174,499,664,Medial vestibular nucleus,left
444,1381,3393,1205,266,680,Declive (VI),left
444,3061,1815,1177,668,326,inferior cerebellar peduncle,right
447,3367,3042,1155,723,593,Inferior olivary complex,left
449,3251,3508,1156,699,688,"Paragigantocellular reticular nucleus, lateral part",left
449,3264,3522,1155,703,690,"Paragigantocellular reticular nucleus, lateral part",left
449,1687,2363,1199,338,451,Fastigial nucleus,right
449,1831,2465,1193,372,474,Fastigial nucleus,right
449,3050,2777,1167,656,537,Magnocellular reticular nucleus,right
449,3105,3297,1161,667,640,Gigantocellular reticular nucleus,left
449,1656,2332,1201,330,443,Fastigial nucleus,right
449,1932,2410,1189,394,457,Fastigial nucleus,right
449,3373,3261,1151,724,639,Inferior olivary complex,left
449,2552,3055,1169,542,595,"Paragigantocellular reticular nucleus, dorsal part",left
451,1735,2372,1196,349,452,Fastigial nucleus,right
451,1712,2415,1196,344,463,Fastigial nucleus,right
451,3234,3753,1155,697,739,rubrospinal tract,left
451,1727,2403,1196,347,460,Fastigial nucleus,right
451,3076,3429,1159,663,668,"Paragigantocellular reticular nucleus, lateral part",left
451,3041,3272,1160,654,635,Gigantocellular reticular nucleus,left
451,3106,3151,1161,665,612,Magnocellular reticular nucleus,left
450,1663,2323,1200,333,442,Fastigial nucleus,right
450,2922,3004,1161,626,583,Gigantocellular reticular nucleus,left
450,2976,3044,1161,638,591,Gigantocellular reticular nucleus,left
450,3353,3243,1152,719,635,Inferior olivary complex,left
450,3441,3243,1144,742,637,Medulla,left
450,1771,2524,1193,357,489,Fastigial nucleus,right
450,1918,2200,1190,391,410,Interposed nucleus,right
450,2809,3080,1163,604,599,Gigantocellular reticular nucleus,left
450,3109,3172,1161,667,616,Magnocellular reticular nucleus,left
450,3139,2923,1163,673,568,Nucleus raphe obscurus,right
450,3201,3209,1160,685,624,Magnocellular reticular nucleus,left
452,1857,2457,1190,377,471,Fastigial nucleus,right
452,3328,3367,1150,715,659,Medulla,left
452,1944,2319,1187,397,437,Interposed nucleus,right
452,3156,2948,1162,676,573,Nucleus raphe obscurus,left
452,3192,2451,1167,687,469,"Paragigantocellular reticular nucleus, lateral part",right
452,1077,3035,1206,190,597,Declive (VI),left
452,2287,3420,1171,473,675,Spinal vestibular nucleus,left
452,3100,1979,1165,665,370,"Spinal nucleus of the trigeminal, interpolar part",right
453,2868,2325,1171,620,447,Intermediate reticular nucleus,right
453,2970,2768,1165,639,535,Gigantocellular reticular nucleus,right
453,3344,3349,1149,718,656,Medulla,left
453,2435,3279,1169,510,640,Medial vestibular nucleus,left
454,2046,2630,1179,420,507,Nodulus (X),right
454,2686,2270,1168,571,435,Parvicellular reticular nucleus,right
454,3376,3242,1149,724,635,Inferior olivary complex,left
454,2067,1718,1188,424,301,Paramedian lobule,right
454,2888,3068,1160,620,596,Gigantocellular reticular nucleus,left
456,3376,3305,1146,725,648,Medulla,left
456,3286,3461,1149,706,678,"Paragigantocellular reticular nucleus, lateral part",left
455,3098,2870,1161,665,556,crossed tectospinal pathway,right
459,3382,3316,1143,726,650,Medulla,left
459,2530,2775,1165,537,536,"Paragigantocellular reticular nucleus, dorsal part",right
459,3420,3328,1139,737,654,Medulla,left
459,3407,2610,1146,735,496,Medulla,right
459,2922,1770,1174,638,310,inferior cerebellar peduncle,right
459,2464,3292,1165,518,641,Medial vestibular nucleus,left
459,3004,1919,1163,645,355,"Spinal nucleus of the trigeminal, interpolar part",right
459,3028,3007,1158,648,583,crossed tectospinal pathway,left
459,3122,2929,1159,668,569,Nucleus raphe obscurus,right
459,3216,2638,1161,689,508,Magnocellular reticular nucleus,right
459,2089,1926,1181,431,348,Copula pyramidis,right
459,3045,2717,1164,655,525,Gigantocellular reticular nucleus,right
459,3127,3113,1157,669,605,Magnocellular reticular nucleus,left
459,3267,2928,1156,700,569,Nucleus raphe pallidus,right
457,2621,3111,1163,559,605,Gigantocellular reticular nucleus,left
457,2730,3397,1160,585,663,Intermediate reticular nucleus,left
457,3016,3062,1159,646,594,Gigantocellular reticular nucleus,left
457,3427,3267,1143,738,641,Medulla,left
457,1733,2378,1194,349,455,Fastigial nucleus,right
457,2443,3274,1167,513,639,Medial vestibular nucleus,left
458,2439,3254,1166,512,635,Medial vestibular nucleus,left
458,1679,2394,1195,337,459,Fastigial nucleus,right
461,3152,2671,1163,676,516,Magnocellular reticular nucleus,right
461,2960,2859,1160,636,553,Gigantocellular reticular nucleus,right
461,1560,1835,1207,314,330,Crus 2,right
461,3340,2942,1152,717,570,Nucleus raphe pallidus,right
463,1739,3351,1183,346,666,Fastigial nucleus,left
463,3218,3157,1154,688,614,Magnocellular reticular nucleus,left
463,1937,2337,1182,393,441,Interposed nucleus,right
463,3233,3361,1149,693,655,"Paragigantocellular reticular nucleus, lateral part",left
463,2961,2734,1162,637,529,Gigantocellular reticular nucleus,right
460,3057,2671,1165,657,516,Gigantocellular reticular nucleus,right
460,3093,2978,1158,662,578,crossed tectospinal pathway,left
460,3082,3096,1158,659,601,Magnocellular reticular nucleus,left
460,3120,2597,1165,670,501,Gigantocellular reticular nucleus,right
462,1759,2415,1190,355,464,Fastigial nucleus,right
462,2487,3008,1164,525,586,Nucleus prepositus,left
462,3123,2982,1157,668,579,Medulla,left
464,2531,3014,1162,536,586,"Paragigantocellular reticular nucleus, dorsal part",left
464,1751,2453,1189,352,474,Fastigial nucleus,right
464,2607,3391,1159,552,661,Intermediate reticular nucleus,left
464,3324,3330,1145,712,652,Medulla,left
464,2863,3028,1157,615,588,Gigantocellular reticular nucleus,left
464,3090,3371,1153,664,656,"Paragigantocellular reticular nucleus, lateral part",left
464,3310,2943,1152,710,572,Nucleus raphe pallidus,left
465,1795,2443,1188,362,471,Fastigial nucleus,right
465,1925,2296,1183,391,432,Interposed nucleus,right
465,2477,2684,1164,522,520,Medial vestibular nucleus,right
465,1711,2416,1191,344,464,Fastigial nucleus,right
465,1782,2520,1187,358,489,Fastigial nucleus,right
465,1919,2441,1182,391,466,Fastigial nucleus,right
465,2255,2499,1169,467,479,Medial vestibular nucleus,right
465,2462,3358,1163,516,656,Medial vestibular nucleus,left
465,1971,2360,1180,401,446,Cerebellum,right
465,3429,3243,1139,738,637,Medulla,left
467,3051,2719,1160,655,526,Gigantocellular reticular nucleus,right
467,1885,2532,1181,382,489,Fastigial nucleus,right
467,2549,3065,1160,540,596,"Paragigantocellular reticular nucleus, dorsal part",left
467,3029,2759,1159,651,534,Gigantocellular reticular nucleus,right
466,3370,3293,1142,722,646,Medulla,left
466,3118,2958,1156,667,574,Nucleus raphe obscurus,left
466,1882,2460,1183,381,472,Fastigial nucleus,right
466,3116,3218,1154,668,625,Gigantocellular reticular nucleus,left
466,3290,3416,1144,706,668,"Paragigantocellular reticular nucleus, lateral part",left
466,1883,2245,1185,382,422,arbor vitae,right
466,2237,2512,1168,462,481,Medial vestibular nucleus,right
469,3307,3297,1145,707,644,Medulla,left
469,3228,3186,1151,690,620,Magnocellular reticular nucleus,left
469,3368,3274,1141,722,642,Medulla,left
469,1788,2522,1185,360,489,Fastigial nucleus,right
470,3030,3062,1154,648,594,Gigantocellular reticular nucleus,left
468,3279,3492,1143,705,684,"Paragigantocellular reticular nucleus, lateral part",left
468,2944,2944,1156,631,570,Nucleus raphe obscurus,right
468,2950,3117,1155,633,605,Gigantocellular reticular nucleus,left
468,3084,3069,1154,660,596,Magnocellular reticular nucleus,left
468,3134,3124,1154,671,607,Magnocellular reticular nucleus,left
468,2972,3053,1155,636,593,Gigantocellular reticular nucleus,left
468,3119,1841,1164,683,334,Medulla,right
468,3213,2672,1157,688,515,Magnocellular reticular nucleus,right
471,1707,2273,1190,341,432,Fastigial nucleus,right
471,3367,3324,1138,721,652,Medulla,left
471,1206,3175,1193,221,631,Lobules IV-V,left
471,1790,2524,1183,360,491,Fastigial nucleus,right
474,3016,2753,1157,648,533,Gigantocellular reticular nucleus,right
474,3233,2554,1153,693,490,"Paragigantocellular reticular nucleus, lateral part",right
474,3120,3075,1152,667,597,Magnocellular reticular nucleus,left
474,2311,2578,1162,479,498,Medial vestibular nucleus,right
474,3000,3035,1152,642,589,Gigantocellular reticular nucleus,left
473,2307,2563,1163,478,495,Medial vestibular nucleus,right
473,2323,2152,1164,484,408,Spinal vestibular nucleus,right
473,2508,2849,1159,531,551,"Paragigantocellular reticular nucleus, dorsal part",right
473,2842,1781,1165,617,312,inferior cerebellar peduncle,right
473,2976,3022,1153,637,585,Gigantocellular reticular nucleus,left
473,3049,3091,1153,653,600,Magnocellular reticular nucleus,left
473,2468,3320,1159,518,647,Medial vestibular nucleus,left
473,3339,2954,1147,716,574,Nucleus raphe pallidus,left
472,2614,2734,1159,557,528,Gigantocellular reticular nucleus,right
476,1780,2492,1183,358,483,Fastigial nucleus,right
476,2408,2105,1158,504,401,Nucleus x,right
476,2501,2844,1157,528,551,"Paragigantocellular reticular nucleus, dorsal part",right
476,3031,2788,1155,650,540,Gigantocellular reticular nucleus,right
476,2777,2823,1156,596,546,Gigantocellular reticular nucleus,right
475,2997,3025,1152,641,586,Gigantocellular reticular nucleus,left
475,3223,3437,1142,691,671,"Paragigantocellular reticular nucleus, lateral part",left
475,1794,2540,1181,360,494,Fastigial nucleus,right
475,3369,2548,1141,726,484,Medulla,right
475,3398,3287,1134,729,644,Medulla,left
475,1988,2291,1174,405,431,Interposed nucleus,right
475,1190,3235,1194,219,643,Lobules IV-V,left
477,3330,3308,1139,712,648,Medulla,left
477,2445,2263,1160,513,435,Spinal vestibular nucleus,right
477,2700,2592,1161,576,503,Intermediate reticular nucleus,right
477,2732,2854,1156,585,551,Gigantocellular reticular nucleus,right
477,3091,3216,1150,662,624,Gigantocellular reticular nucleus,left
477,3051,2177,1152,655,414,Parvicellular reticular nucleus,right
478,2863,3222,1152,615,626,Gigantocellular reticular nucleus,left
478,1225,3446,1198,230,687,Lobules IV-V,left
478,3209,3214,1147,686,625,Magnocellular reticular nucleus,left
479,2634,2753,1156,562,532,Gigantocellular reticular nucleus,right
479,2631,2274,1155,555,437,Parvicellular reticular nucleus,right
481,2758,3268,1152,591,636,Intermediate reticular nucleus,left
481,3049,2106,1149,652,400,Parvicellular reticular nucleus,right
481,1753,2426,1183,353,467,Fastigial nucleus,right
481,2502,2833,1156,528,549,"Paragigantocellular reticular nucleus, dorsal part",right
481,2663,3185,1153,567,618,Gigantocellular reticular nucleus,left
481,2669,2927,1154,570,566,medial longitudinal fascicle,right
481,2789,2909,1153,598,563,Gigantocellular reticular nucleus,right
481,3265,2967,1147,698,576,Inferior olivary complex,left
482,2967,2801,1153,637,542,Gigantocellular reticular nucleus,right
482,2998,3038,1149,642,589,Gigantocellular reticular nucleus,left
482,2463,3317,1155,517,646,Medial vestibular nucleus,left
482,2465,2550,1157,516,494,Medial vestibular nucleus,right
482,3279,3328,1139,701,650,"Paragigantocellular reticular nucleus, lateral part",left
482,2228,3452,1157,456,682,Spinal vestibular nucleus,left
482,3245,2661,1148,694,511,Magnocellular reticular nucleus,right
482,3406,3374,1128,732,663,Medulla,left
480,3093,3082,1150,661,598,Magnocellular reticular nucleus,left
483,3347,3257,1136,714,637,Medulla,left
483,1889,2438,1175,382,468,Fastigial nucleus,right
483,2498,2681,1155,527,519,Medulla,right
484,3362,3302,1133,719,646,Medulla,left
484,2855,3184,1150,612,618,Gigantocellular reticular nucleus,left
484,3018,2916,1150,646,565,crossed tectospinal pathway,right
484,3025,3132,1148,648,607,Gigantocellular reticular nucleus,left
485,3229,2513,1148,692,481,"Paragigantocellular reticular nucleus, lateral part",right
485,2453,3770,1147,515,739,Nucleus x,left
485,2474,3299,1153,519,643,Medial vestibular nucleus,left
485,3278,3571,1134,706,701,"Paragigantocellular reticular nucleus, lateral part",left
485,2341,3346,1155,484,656,Medial vestibular nucleus,left
489,1785,2507,1177,358,486,Fastigial nucleus,right
489,2487,3373,1151,521,658,Medial vestibular nucleus,left
489,2960,3814,1139,632,750,Parvicellular reticular nucleus,left
489,2346,2389,1157,487,459,Spinal vestibular nucleus,right
489,2409,2119,1153,504,404,Spinal vestibular nucleus,right
489,3237,3222,1141,690,627,Magnocellular reticular nucleus,left
489,3031,2943,1148,648,571,Nucleus raphe obscurus,left
486,3091,3068,1147,660,596,Magnocellular reticular nucleus,left
486,2949,3044,1148,632,590,Gigantocellular reticular nucleus,left
486,3047,2974,1148,651,577,crossed tectospinal pathway,left
487,3138,2738,1150,672,530,Magnocellular reticular nucleus,right
487,3326,2949,1140,712,572,Nucleus raphe pallidus,left
488,2974,2953,1148,637,572,crossed tectospinal pathway,left
490,2439,2299,1153,511,442,Spinal vestibular nucleus,right
490,1882,2426,1173,380,464,Fastigial nucleus,right
490,2571,2783,1151,545,538,"Paragigantocellular reticular nucleus, dorsal part",right
490,3086,3095,1146,659,600,Magnocellular reticular nucleus,left
490,1512,1461,1188,291,241,Crus 2,right
490,3020,3110,1146,646,603,Gigantocellular reticular nucleus,left
492,3255,2551,1142,696,488,"Paragigantocellular reticular nucleus, lateral part",right
492,2457,2169,1150,515,415,Spinal vestibular nucleus,right
492,3110,2634,1150,666,509,Gigantocellular reticular nucleus,right
492,3113,3055,1145,665,593,Magnocellular reticular nucleus,left
491,3146,3093,1144,671,601,Magnocellular reticular nucleus,left
491,2375,2417,1154,494,465,Medial vestibular nucleus,right
491,3402,3355,1124,729,659,Medulla,left
491,2585,2783,1150,548,538,"Paragigantocellular reticular nucleus, dorsal part",right
494,2442,2932,1149,511,570,Nucleus prepositus,right
494,2916,3038,1146,624,589,Gigantocellular reticular nucleus,left
494,3038,2839,1147,651,550,Magnocellular reticular nucleus,right
494,1561,2752,1175,299,539,Lobules IV-V,right
493,3075,2787,1149,659,539,Magnocellular reticular nucleus,right
493,3144,3288,1141,673,639,"Paragigantocellular reticular nucleus, lateral part",left
493,3166,3349,1139,677,652,"Paragigantocellular reticular nucleus, lateral part",left
493,1292,2202,1197,237,419,Simple lobule,right
493,2345,3526,1151,486,693,Spinal vestibular nucleus,left
493,3306,2947,1140,707,571,Nucleus raphe pallidus,left
495,1838,2607,1170,368,507,Fastigial nucleus,right
495,1597,1689,1191,318,299,Crus 1,right
498,3338,3222,1131,712,629,Medulla,left
498,2433,2414,1150,507,466,Medial vestibular nucleus,right
498,2758,3045,1146,589,590,Gigantocellular reticular nucleus,left
497,2930,3172,1145,628,615,Gigantocellular reticular nucleus,left
497,3143,3324,1138,673,646,"Paragigantocellular reticular nucleus, lateral part",left
497,1905,2409,1169,385,460,Fastigial nucleus,right
497,2671,2810,1149,569,543,Gigantocellular reticular nucleus,right
497,3150,3156,1142,673,613,Magnocellular reticular nucleus,left
499,3032,2941,1144,648,570,Nucleus raphe obscurus,right
499,3344,3274,1127,714,641,Parapyramidal nucleus,left
500,3042,2663,1148,653,516,Gigantocellular reticular nucleus,right
500,3294,3243,1132,702,633,Magnocellular reticular nucleus,left
501,3383,3280,1124,723,643,Parapyramidal nucleus,left
501,3343,2630,1131,716,502,Parapyramidal nucleus,right
501,2371,3442,1147,492,674,Medial vestibular nucleus,left
501,2939,3316,1141,631,644,Gigantocellular reticular nucleus,left
501,3269,3278,1132,697,640,Medulla,left
502,2491,3088,1145,522,602,"Paragigantocellular reticular nucleus, dorsal part",left
502,3270,3436,1127,699,672,"Paragigantocellular reticular nucleus, lateral part",left
502,2982,2847,1145,639,551,Gigantocellular reticular nucleus,right
502,1362,3570,1183,259,714,Lobules IV-V,left
505,2371,2566,1147,491,496,Medial vestibular nucleus,right
505,2133,4074,1145,443,818,Dentate nucleus,left
505,2537,2744,1145,535,531,"Paragigantocellular reticular nucleus, dorsal part",right
505,2572,2836,1144,543,548,"Paragigantocellular reticular nucleus, dorsal part",right
505,2640,3055,1143,559,592,Gigantocellular reticular nucleus,left
505,3015,1996,1140,641,377,"Spinal nucleus of the trigeminal, oral part",right
505,3380,3207,1125,721,627,Medulla,left
505,2221,3319,1146,452,654,Medial vestibular nucleus,left
503,3102,2666,1144,664,515,Gigantocellular reticular nucleus,right
507,2971,2854,1143,637,553,Gigantocellular reticular nucleus,right
507,3162,3171,1136,674,615,Magnocellular reticular nucleus,left
504,831,3070,1203,118,597,Declive (VI),left
504,1401,2977,1174,257,587,Lobules IV-V,left
506,3072,2853,1142,656,553,Magnocellular reticular nucleus,right
506,1510,2237,1182,292,425,Lobules IV-V,right
508,3342,3284,1123,712,643,Parapyramidal nucleus,left
508,2420,2614,1145,504,507,Medial vestibular nucleus,right
508,3134,3076,1138,668,597,Magnocellular reticular nucleus,left
508,2584,2816,1143,547,544,"Paragigantocellular reticular nucleus, dorsal part",right
508,2332,2484,1147,481,479,Medial vestibular nucleus,right
508,2792,3440,1135,596,671,Intermediate reticular nucleus,left
509,2844,2701,1147,611,524,Gigantocellular reticular nucleus,right
509,3041,3278,1137,651,637,Gigantocellular reticular nucleus,left
509,1104,3413,1186,198,678,Lobules IV-V,left
509,2989,2619,1146,643,507,Gigantocellular reticular nucleus,right
513,2509,2785,1141,528,538,"Paragigantocellular reticular nucleus, dorsal part",right
513,1927,2565,1159,389,493,Fastigial nucleus,right
513,2370,3467,1141,491,679,Medial vestibular nucleus,left
513,3172,2674,1138,676,516,Magnocellular reticular nucleus,right
510,1537,1597,1184,299,277,Crus 1,right
511,2358,2396,1145,489,460,Spinal vestibular nucleus,right
512,2823,2926,1142,604,566,Gigantocellular reticular nucleus,right
512,2015,4042,1146,412,810,Dentate nucleus,left
517,2372,2420,1143,491,466,Medial vestibular nucleus,right
517,3248,2767,1132,693,533,Magnocellular reticular nucleus,right
517,1789,2898,1163,354,570,Lobule III,right
514,3004,2702,1142,645,523,Gigantocellular reticular nucleus,right
514,2361,2321,1144,490,445,Spinal vestibular nucleus,right
514,3161,2671,1137,674,515,Gigantocellular reticular nucleus,right
514,2666,3177,1139,564,616,Gigantocellular reticular nucleus,left
514,3256,3088,1131,693,601,Magnocellular reticular nucleus,left
514,1676,2941,1163,327,579,Lobules IV-V,left
514,2552,1878,1133,537,347,inferior cerebellar peduncle,right
514,3361,2927,1125,719,566,Nucleus raphe pallidus,right
516,3255,3309,1124,694,645,"Paragigantocellular reticular nucleus, lateral part",left
516,2342,3822,1135,486,752,Spinal vestibular nucleus,left
516,2470,2799,1139,518,541,Nucleus prepositus,right
516,2774,3108,1138,591,603,Gigantocellular reticular nucleus,left
518,2805,2045,1130,596,390,"Spinal nucleus of the trigeminal, oral part",right
518,3011,2000,1133,640,379,"Spinal nucleus of the trigeminal, oral part",right
519,3144,2688,1135,671,519,Magnocellular reticular nucleus,right
519,2799,3067,1137,597,594,Gigantocellular reticular nucleus,left
522,2791,2784,1140,597,540,Gigantocellular reticular nucleus,right
522,2411,2090,1137,503,397,Spinal vestibular nucleus,right
522,2531,3442,1133,530,671,Medulla,left
522,2789,2931,1138,595,567,Gigantocellular reticular nucleus,right
522,3070,3063,1134,655,594,Magnocellular reticular nucleus,left
522,2804,2766,1140,600,536,Gigantocellular reticular nucleus,right
520,3059,2759,1138,655,535,Gigantocellular reticular nucleus,right
520,1256,2267,1181,224,432,Lobules IV-V,right
520,2685,3060,1137,569,593,Gigantocellular reticular nucleus,left
520,3251,2968,1130,691,576,Medulla,left
521,1403,3203,1169,261,637,Lobules IV-V,left
521,2341,3823,1133,486,753,Spinal vestibular nucleus,left
521,2349,3818,1133,489,751,Spinal vestibular nucleus,left
521,3102,3072,1134,661,595,Magnocellular reticular nucleus,left
521,3368,2957,1121,720,572,Nucleus raphe pallidus,left
521,1704,2357,1168,338,451,arbor vitae,right
521,1976,2320,1156,401,439,Infracerebellar nucleus,right
524,2324,3679,1133,481,722,Spinal vestibular nucleus,left
524,3011,2955,1135,643,573,Gigantocellular reticular nucleus,left
524,3280,3279,1120,698,640,Medulla,left
524,3006,2510,1138,648,484,Intermediate reticular nucleus,right
523,1529,2488,1166,295,480,Lobules IV-V,right
525,2543,2646,1137,534,513,"Paragigantocellular reticular nucleus, dorsal part",right
525,3037,2697,1138,651,522,Gigantocellular reticular nucleus,right
525,3010,3067,1134,643,594,Gigantocellular reticular nucleus,left
525,1572,3053,1159,301,603,Lobule III,left
525,1617,1558,1176,316,269,Crus 1,right
525,2997,2949,1135,640,572,Gigantocellular reticular nucleus,left
525,3336,3410,1112,712,668,Facial motor nucleus,left
526,2461,2442,1136,511,471,Medial vestibular nucleus,right
526,2830,3168,1134,604,614,Gigantocellular reticular nucleus,left
526,3068,2683,1136,657,519,Gigantocellular reticular nucleus,right
526,3141,3205,1128,670,622,Gigantocellular reticular nucleus,left
527,2519,3030,1132,528,589,"Paragigantocellular reticular nucleus, dorsal part",left
527,2561,2729,1135,538,528,"Paragigantocellular reticular nucleus, dorsal part",right
527,3141,3194,1128,670,620,Magnocellular reticular nucleus,left
530,1970,2305,1152,400,436,Infracerebellar nucleus,right
530,2309,2307,1137,477,440,Spinal vestibular nucleus,right
530,2870,3047,1133,613,590,Gigantocellular reticular nucleus,left
530,2355,2049,1136,489,387,Spinal vestibular nucleus,right
530,2806,2736,1138,600,531,Gigantocellular reticular nucleus,right
530,3131,2980,1130,666,578,Magnocellular reticular nucleus,left
530,3212,2767,1127,683,534,Magnocellular reticular nucleus,right
530,1578,2740,1157,303,537,Lobule III,right
530,2486,3775,1125,519,740,Spinal vestibular nucleus,left
528,2694,3045,1134,570,590,Gigantocellular reticular nucleus,left
531,1908,2434,1153,386,465,Fastigial nucleus,right
531,1900,2268,1156,384,429,Infracerebellar nucleus,right
531,2325,2039,1136,481,384,Spinal vestibular nucleus,right
529,2524,2292,1132,527,440,Nucleus of the solitary tract,right
529,2563,2738,1135,540,530,"Paragigantocellular reticular nucleus, dorsal part",right
529,2914,2943,1135,623,571,Gigantocellular reticular nucleus,left
529,3232,2699,1127,687,520,Magnocellular reticular nucleus,right
532,2485,3054,1130,519,595,"Paragigantocellular reticular nucleus, dorsal part",left
532,3184,3260,1122,679,634,"Paragigantocellular reticular nucleus, lateral part",left
532,2371,2260,1134,493,432,Spinal vestibular nucleus,right
532,2960,3139,1131,633,609,Gigantocellular reticular nucleus,left
532,2541,3055,1131,532,594,"Paragigantocellular reticular nucleus, dorsal part",left
533,2291,2115,1137,472,399,Lateral vestibular nucleus,right
533,2886,2981,1133,616,577,crossed tectospinal pathway,left
533,3163,2903,1129,673,563,Medulla,right
533,3177,2736,1128,676,528,Magnocellular reticular nucleus,right
533,1071,2423,1175,177,464,Lobules IV-V,right
533,1471,2974,1158,274,587,Lobule III,left
533,3135,3125,1127,668,606,Magnocellular reticular nucleus,left
534,1574,2679,1156,303,523,Lobule III,right
534,2086,3635,1135,423,721,Superior vestibular nucleus,left
534,3237,2752,1124,688,530,Magnocellular reticular nucleus,right
534,1489,3052,1157,279,602,Lobule III,left
534,1642,1526,1171,320,262,Crus 1,right
536,3287,3232,1116,698,630,Magnocellular reticular nucleus,left
536,3123,2554,1128,668,491,"Paragigantocellular reticular nucleus, lateral part",right
535,2408,2001,1130,502,376,Spinal vestibular nucleus,right
535,3051,2694,1132,653,522,Gigantocellular reticular nucleus,right
535,2798,2978,1132,596,577,Gigantocellular reticular nucleus,left
537,2490,2211,1128,521,423,Spinal vestibular nucleus,right
537,2506,2810,1130,524,542,"Paragigantocellular reticular nucleus, dorsal part",right
537,2886,2819,1134,618,547,Gigantocellular reticular nucleus,right
537,1501,3137,1156,282,620,Lobules IV-V,left
537,2301,2381,1135,473,456,Spinal vestibular nucleus,right
537,1533,2681,1156,292,523,Lobule III,right
537,2250,3328,1130,459,656,Medial vestibular nucleus,left
537,2398,2707,1130,499,522,Medial vestibular nucleus,right
538,3232,2957,1123,686,572,Nucleus raphe magnus,left
538,1662,1684,1170,328,299,Crus 1,right
538,2432,3444,1128,506,674,Medial vestibular nucleus,left
538,2679,2388,1129,563,461,Parvicellular reticular nucleus,right
538,3164,3141,1123,673,609,Magnocellular reticular nucleus,left
538,1500,3691,1161,286,742,Lobules IV-V,left
538,2871,2289,1127,615,439,Intermediate reticular nucleus,right
539,1523,1456,1166,291,243,Crus 1,right
539,2244,2146,1135,460,405,Lateral vestibular nucleus,right
539,2799,3733,1113,594,734,Parvicellular reticular nucleus,left
539,3114,2877,1127,663,557,Magnocellular reticular nucleus,right
539,3120,3123,1124,664,606,Magnocellular reticular nucleus,left
541,2324,2423,1132,478,466,Medial vestibular nucleus,right
541,1420,2173,1170,264,413,Lobules IV-V,right
541,1484,2700,1155,279,527,Lobule III,right
541,1700,1540,1168,333,265,Crus 1,right
541,1545,2635,1155,296,513,Lobules IV-V,right
541,2520,2464,1128,524,477,Medial vestibular nucleus,right
540,1503,2680,1155,285,523,Lobule III,right
540,3143,2767,1126,669,535,Magnocellular reticular nucleus,right
542,2696,2783,1130,571,539,Gigantocellular reticular nucleus,right
542,2992,2875,1129,639,557,crossed tectospinal pathway,right
542,3103,3169,1123,662,615,Gigantocellular reticular nucleus,left
542,1444,2750,1155,268,538,Lobule III,right
542,1549,2602,1154,297,505,Lobules IV-V,right
542,3111,3179,1123,663,617,Gigantocellular reticular nucleus,left
544,2351,2132,1129,488,404,Spinal vestibular nucleus,right
544,1534,3255,1152,292,647,Lobules IV-V,left
544,1509,2253,1165,287,428,Lobules IV-V,right
543,3024,2932,1127,645,568,Nucleus raphe magnus,right
543,1240,3611,1169,226,724,Lobules IV-V,left
543,1438,2167,1168,268,410,Lobules IV-V,right
543,1516,3204,1152,286,636,Lobule III,left
543,1577,2585,1153,304,502,Lobules IV-V,right
545,1950,3995,1136,394,800,Dentate nucleus,left
545,2582,3064,1125,540,595,"Paragigantocellular reticular nucleus, dorsal part",left
545,3028,3181,1124,647,617,Gigantocellular reticular nucleus,left
545,3264,2570,1115,694,491,"Paragigantocellular reticular nucleus, lateral part",right
545,2390,2022,1128,497,380,Spinal vestibular nucleus,right
545,2468,3473,1124,515,680,Medial vestibular nucleus,left
546,2997,2071,1119,636,395,Parvicellular reticular nucleus,right
546,2292,2498,1129,468,481,Medial vestibular nucleus,right
548,2331,2093,1128,482,396,Lateral vestibular nucleus,right
548,3137,3168,1119,668,615,Magnocellular reticular nucleus,left
548,3172,3176,1118,674,616,Magnocellular reticular nucleus,left
548,1697,2960,1149,333,582,Lobule III,left
547,2941,2540,1130,633,491,Intermediate reticular nucleus,right
547,3192,2636,1119,678,506,"Paragigantocellular reticular nucleus, lateral part",right
547,1435,3163,1153,266,627,Lobule III,left
549,3140,3149,1120,668,611,Magnocellular reticular nucleus,left
549,3235,2667,1116,687,512,Magnocellular reticular nucleus,right
551,1863,2421,1146,374,463,Fastigial nucleus,right
551,3115,2992,1121,661,579,Magnocellular reticular nucleus,left
551,2890,3079,1124,616,597,Gigantocellular reticular nucleus,left
551,1375,2161,1166,251,410,Lobules IV-V,right
551,1508,2546,1152,288,491,Lobules IV-V,right
551,2725,2813,1126,577,545,Gigantocellular reticular nucleus,right
553,2450,2904,1120,510,562,Nucleus prepositus,right
553,2224,1931,1136,454,358,Dorsal cochlear nucleus,right
553,2906,3078,1124,619,597,Gigantocellular reticular nucleus,left
553,2297,3399,1123,471,668,Medial vestibular nucleus,left
553,2333,2411,1126,480,463,Medial vestibular nucleus,right
553,3307,3004,1111,702,582,medial lemniscus,left
552,3029,3068,1122,646,595,Gigantocellular reticular nucleus,left
552,3035,3030,1123,646,587,Gigantocellular reticular nucleus,left
552,1031,2803,1166,166,545,Lobules IV-V,right
552,1484,2567,1152,281,496,Lobules IV-V,right
550,2511,3350,1121,524,653,Medial vestibular nucleus,left
550,1723,1502,1163,337,256,Crus 1,right
554,2818,2819,1127,601,547,Gigantocellular reticular nucleus,right
554,2144,3575,1125,436,706,Superior vestibular nucleus,left
554,2518,2891,1120,526,559,Medulla,right
554,2530,2998,1120,528,582,Medulla,left
554,2892,2947,1125,617,571,Gigantocellular reticular nucleus,left
554,3267,3276,1107,694,638,Medulla,left
554,1367,2745,1152,246,536,Lobule III,right
554,1454,3248,1151,272,647,Lobules IV-V,left
554,2474,3617,1117,514,708,Medial vestibular nucleus,left
554,2559,3046,1121,535,591,"Paragigantocellular reticular nucleus, dorsal part",left
554,2877,3352,1118,612,651,Intermediate reticular nucleus,left
554,1139,2127,1174,189,402,Simple lobule,right
554,1751,1498,1161,342,256,Crus 1,right
554,2111,3721,1126,428,736,Superior vestibular nucleus,left
555,1971,1850,1146,397,337,Interposed nucleus,right
555,2977,2814,1125,636,546,Gigantocellular reticular nucleus,right
555,2959,2766,1125,633,536,Gigantocellular reticular nucleus,right
556,2468,3596,1117,513,704,Medial vestibular nucleus,left
557,2499,3351,1119,521,653,Medial vestibular nucleus,left
559,2384,2220,1120,496,423,Spinal vestibular nucleus,right
561,3003,3044,1120,640,590,Gigantocellular reticular nucleus,left
561,3244,3209,1107,689,624,Magnocellular reticular nucleus,left
561,2518,3418,1115,526,667,Medial vestibular nucleus,left
561,3146,3264,1111,670,634,Gigantocellular reticular nucleus,left
561,1843,2659,1142,369,514,Fastigial nucleus,right
561,2540,3184,1118,530,619,"Paragigantocellular reticular nucleus, dorsal part",left
558,1504,2123,1161,281,400,Lobules IV-V,right
558,3132,2600,1118,667,500,Gigantocellular reticular nucleus,right
558,3202,2908,1115,678,563,Medulla,right
558,2489,3576,1115,518,700,Medial vestibular nucleus,left
558,2957,2951,1122,630,572,Gigantocellular reticular nucleus,left
560,2547,3188,1118,531,620,"Paragigantocellular reticular nucleus, dorsal part",left
560,2139,3802,1123,434,751,Superior vestibular nucleus,left
562,3270,2608,1105,693,499,"Paragigantocellular reticular nucleus, lateral part",right
562,2483,3574,1114,516,700,Medial vestibular nucleus,left
562,2833,3260,1117,602,632,Gigantocellular reticular nucleus,left
562,3311,3313,1098,703,648,Parapyramidal nucleus,left
562,2544,2407,1117,528,463,Medial vestibular nucleus,right
564,2964,2949,1120,632,572,Gigantocellular reticular nucleus,left
564,3105,3291,1110,662,639,Gigantocellular reticular nucleus,left
564,3192,3081,1111,676,597,Magnocellular reticular nucleus,left
564,2608,2760,1119,547,534,"Paragigantocellular reticular nucleus, dorsal part",right
563,2496,2717,1118,520,524,"Paragigantocellular reticular nucleus, dorsal part",right
563,2575,3289,1115,539,639,Intermediate reticular nucleus,left
563,2864,2794,1123,611,542,Gigantocellular reticular nucleus,right
563,3337,3336,1094,708,653,Parapyramidal nucleus,left
565,2423,3557,1115,503,697,Medial vestibular nucleus,left
565,1855,2317,1144,372,439,Interposed nucleus,right
565,3093,2848,1118,657,552,Magnocellular reticular nucleus,right
565,1732,3194,1138,340,631,arbor vitae,left
565,3100,2660,1117,660,513,Gigantocellular reticular nucleus,right
565,988,2899,1161,158,564,Lobules IV-V,right
570,2104,3564,1120,427,704,Superior vestibular nucleus,left
570,1988,2578,1127,404,491,Fastigial nucleus,right
570,2277,2390,1120,465,458,Medial vestibular nucleus,right
570,2393,1930,1117,498,359,inferior cerebellar peduncle,right
570,2489,2354,1113,516,451,Medial vestibular nucleus,right
566,2361,2249,1119,489,429,Lateral vestibular nucleus,right
566,2959,2502,1120,637,482,Intermediate reticular nucleus,right
569,3100,3162,1112,660,613,Gigantocellular reticular nucleus,left
569,2558,2514,1116,533,486,Medulla,right
569,1837,2643,1139,367,511,Fastigial nucleus,right
569,2445,3554,1112,507,696,Medial vestibular nucleus,left
569,2513,3386,1112,524,660,Medial vestibular nucleus,left
569,2894,2914,1119,617,565,crossed tectospinal pathway,right
569,1247,3336,1157,221,665,Lobules IV-V,left
569,2451,1850,1114,511,339,inferior cerebellar peduncle,right
567,1682,3151,1139,330,621,Lobule III,left
568,1688,3065,1140,333,603,Lobule III,left
577,1987,2424,1129,402,462,Vestibulocerebellar nucleus,right
577,2107,3624,1118,426,716,Superior vestibular nucleus,left
577,2524,2458,1111,523,474,Medial vestibular nucleus,right
577,2958,2889,1115,630,560,Gigantocellular reticular nucleus,right
577,1768,2417,1138,350,463,arbor vitae,right
577,2211,3613,1114,451,712,Superior vestibular nucleus,left
577,2251,2008,1123,458,377,Nucleus y,right
572,3277,2677,1101,694,513,Magnocellular reticular nucleus,right
572,3199,3165,1105,679,614,Magnocellular reticular nucleus,left
572,2564,3514,1107,534,687,Parvicellular reticular nucleus,left
572,2605,2726,1116,545,527,"Paragigantocellular reticular nucleus, dorsal part",right
571,1664,3069,1138,327,605,Lobule III,left
571,2557,3050,1112,532,592,"Paragigantocellular reticular nucleus, dorsal part",left
571,2563,3309,1111,536,644,Medulla,left
571,3080,3116,1112,655,604,Gigantocellular reticular nucleus,left
573,2849,3671,1099,605,720,Parvicellular reticular nucleus,left
573,3128,2724,1112,664,527,Magnocellular reticular nucleus,right
573,2566,3467,1108,535,677,Parvicellular reticular nucleus,left
573,1298,2664,1147,231,517,Lobule III,right
574,3061,2572,1113,655,495,Gigantocellular reticular nucleus,right
574,3097,2936,1113,656,568,Nucleus raphe magnus,right
574,3137,2746,1111,665,531,Magnocellular reticular nucleus,right
574,3085,2331,1106,662,444,Facial motor nucleus,right
576,2337,2606,1113,478,501,Medial vestibular nucleus,right
576,1990,3942,1123,400,786,Interposed nucleus,left
576,2510,3453,1108,522,675,Medial vestibular nucleus,left
575,1288,3129,1150,229,619,Lobules IV-V,left
578,2383,2627,1112,491,506,Medial vestibular nucleus,right
578,2888,2978,1114,614,578,crossed tectospinal pathway,left
578,3225,2729,1103,682,526,Magnocellular reticular nucleus,right
578,1448,2946,1138,270,579,Lobule III,left
578,1950,2347,1132,394,446,Cerebellum,right
578,3039,2977,1112,645,576,Gigantocellular reticular nucleus,left
578,2558,2542,1112,533,491,Medulla,right
580,2951,2060,1104,623,393,Parvicellular reticular nucleus,right
580,1254,2791,1147,217,544,Lobules IV-V,right
580,1391,2506,1143,257,480,Lobule III,right
580,2391,2632,1112,492,507,Medial vestibular nucleus,right
580,2185,3539,1113,445,698,Medulla,left
580,2557,2484,1110,530,479,Medulla,right
579,2175,2180,1122,442,412,Superior vestibular nucleus,right
579,1243,2945,1149,216,577,Lobules IV-V,left
579,2047,3352,1115,413,662,Vestibulocerebellar nucleus,left
579,3033,2962,1111,644,574,Gigantocellular reticular nucleus,left
584,3052,3208,1105,649,623,Gigantocellular reticular nucleus,left
584,1942,3923,1122,389,785,Interposed nucleus,left
584,3264,3177,1094,692,618,Magnocellular reticular nucleus,left
581,1585,1972,1149,298,365,Simple lobule,right
582,1265,2997,1147,221,589,Lobules IV-V,left
582,2521,2509,1110,522,484,Medial vestibular nucleus,right
582,3263,3178,1095,692,619,Magnocellular reticular nucleus,left
583,2453,3080,1105,509,600,Nucleus prepositus,left
586,2001,1856,1134,403,339,Dentate nucleus,right
586,2394,3627,1105,495,710,Medial vestibular nucleus,left
586,3135,2697,1104,665,520,Gigantocellular reticular nucleus,right
586,2528,3442,1103,526,672,Medial vestibular nucleus,left
585,2045,3894,1117,412,774,Interposed nucleus,left
585,2123,2172,1123,431,410,Superior vestibular nucleus,right
585,2565,2643,1110,535,512,"Paragigantocellular reticular nucleus, dorsal part",right
585,3110,3250,1101,661,631,Gigantocellular reticular nucleus,left
585,3135,3208,1101,666,623,Gigantocellular reticular nucleus,left
585,2484,3353,1106,516,655,Medial vestibular nucleus,left
585,2561,2604,1110,533,504,Medulla,right
587,2000,3896,1118,402,776,Interposed nucleus,left
587,1144,2215,1155,191,419,Lobules IV-V,right
588,1204,2496,1146,210,476,Lobules IV-V,right
588,2611,2477,1107,543,476,Intermediate reticular nucleus,right
588,2748,2229,1103,577,424,Parvicellular reticular nucleus,right
590,2736,3192,1105,575,618,Gigantocellular reticular nucleus,left
590,3164,2570,1099,672,492,"Paragigantocellular reticular nucleus, lateral part",right
590,3284,3090,1092,695,600,Medulla,left
590,3088,2748,1106,655,532,Gigantocellular reticular nucleus,right
589,1212,2957,1147,208,579,Lobules IV-V,left
592,2680,2918,1106,561,566,Gigantocellular reticular nucleus,right
592,2464,2989,1100,510,581,Pons,left
592,2537,2392,1103,524,457,Medial vestibular nucleus,right
592,2564,3364,1101,534,656,Medulla,left
592,1532,3364,1133,293,673,Lobule III,left
593,2649,3860,1094,554,758,"Spinal nucleus of the trigeminal, oral part",left
593,2318,2543,1107,473,489,Medial vestibular nucleus,right
593,2095,2273,1120,425,432,Superior vestibular nucleus,right
593,2399,3617,1102,495,709,Medial vestibular nucleus,left
593,2727,2723,1109,575,528,Gigantocellular reticular nucleus,right
593,1993,2298,1125,403,437,Vestibulocerebellar nucleus,right
593,3173,2763,1100,671,534,Magnocellular reticular nucleus,right
591,3171,2710,1099,670,522,Magnocellular reticular nucleus,right
591,1217,2924,1145,208,572,Lobules IV-V,left
591,1218,2876,1144,209,562,Lobules IV-V,right
591,2373,1689,1110,488,307,Dorsal cochlear nucleus,right
591,1405,2446,1140,261,466,Lobule III,right
591,1592,3799,1134,299,764,Simple lobule,left
591,1613,3204,1130,317,635,Lobule III,left
594,3338,2538,1082,709,482,Parapyramidal nucleus,right
594,2070,2349,1120,420,448,Medulla,right
594,2202,2258,1114,448,429,Superior vestibular nucleus,right
594,2796,2995,1106,590,581,crossed tectospinal pathway,left
594,1195,2498,1144,208,476,Lobules IV-V,right
594,2814,2930,1107,595,569,Gigantocellular reticular nucleus,right
594,3177,2764,1099,671,534,Magnocellular reticular nucleus,right
595,2432,3231,1102,502,631,Medial vestibular nucleus,left
595,2193,2176,1115,446,412,Superior vestibular nucleus,right
595,1212,2504,1142,211,478,Lobules IV-V,right
595,2458,3333,1101,509,652,Medial vestibular nucleus,left
595,2467,3709,1097,511,726,Medial vestibular nucleus,left
596,2449,3253,1102,507,635,Medial vestibular nucleus,left
596,2536,2320,1101,524,442,Medial vestibular nucleus,right
596,2952,3208,1102,626,623,Gigantocellular reticular nucleus,left
596,3255,2682,1090,688,514,Magnocellular reticular nucleus,right
596,1222,2509,1142,214,479,Lobules IV-V,right
597,1202,2508,1142,209,479,Lobules IV-V,right
597,1242,2518,1141,219,481,Lobules IV-V,right
597,2830,3405,1097,597,663,Intermediate reticular nucleus,left
597,2975,3085,1104,631,599,Gigantocellular reticular nucleus,left
597,2942,2917,1106,624,565,Gigantocellular reticular nucleus,right
597,3084,2611,1101,656,502,Gigantocellular reticular nucleus,right
597,1211,2512,1142,211,479,Lobules IV-V,right
598,2413,3245,1101,498,634,Medial vestibular nucleus,left
598,2468,3714,1096,512,727,Medial vestibular nucleus,left
598,1190,2493,1142,206,475,Lobules IV-V,right
598,1216,2681,1139,210,519,Lobule III,right
598,1226,2514,1141,215,480,Lobules IV-V,right
599,2196,3510,1104,446,691,Medial vestibular nucleus,left
599,2463,2539,1103,509,489,Medial vestibular nucleus,right
599,1200,2510,1141,209,478,Lobules IV-V,right
601,2309,2466,1104,471,473,Medial vestibular nucleus,right
601,2163,3722,1105,439,732,Superior vestibular nucleus,left
601,2200,2188,1113,448,415,Superior vestibular nucleus,right
601,2161,2279,1114,439,434,Superior vestibular nucleus,right
601,3065,3089,1099,649,599,Gigantocellular reticular nucleus,left
601,3170,3064,1095,669,593,Magnocellular reticular nucleus,left
601,1255,2527,1139,223,483,Lobules IV-V,right
601,2722,2689,1105,573,521,Gigantocellular reticular nucleus,right
602,1225,2518,1139,215,481,Lobules IV-V,right
602,2373,2379,1102,488,455,Medial vestibular nucleus,right
602,2452,3579,1096,505,701,Medial vestibular nucleus,left
602,2558,3483,1095,530,681,Parvicellular reticular nucleus,left
602,3021,3032,1101,640,587,Gigantocellular reticular nucleus,left
602,1874,2356,1124,375,449,Cerebellum,right
602,2776,2592,1105,588,500,Gigantocellular reticular nucleus,right
602,3183,3281,1087,676,638,"Paragigantocellular reticular nucleus, lateral part",left
604,2143,2214,1113,435,420,Superior vestibular nucleus,right
604,2355,3158,1096,483,619,Medial vestibular nucleus,left
604,2629,4136,1091,543,821,Ventral cochlear nucleus,left
604,2873,3181,1099,608,617,Gigantocellular reticular nucleus,left
604,1233,2522,1138,218,481,Lobules IV-V,right
604,1629,3822,1127,307,768,Lobules IV-V,left
604,1797,2263,1130,354,427,Interposed nucleus,right
604,2194,2232,1111,447,423,Superior vestibular nucleus,right
604,2858,3100,1101,604,602,Gigantocellular reticular nucleus,left
604,3046,3329,1092,647,647,Gigantocellular reticular nucleus,left
604,1223,2526,1138,215,482,Lobules IV-V,right
604,1366,2810,1130,247,548,Lobule III,right
603,2807,3659,1087,591,716,Parvicellular reticular nucleus,left
603,3033,3138,1098,644,609,Gigantocellular reticular nucleus,left
603,2782,3093,1100,585,600,Gigantocellular reticular nucleus,left
603,1198,2513,1139,209,479,Lobules IV-V,right
603,1217,2522,1139,213,481,Lobules IV-V,right
603,1229,2520,1138,217,481,Lobules IV-V,right
605,820,2423,1153,113,458,Lobules IV-V,right
605,1111,2100,1152,179,393,Simple lobule,right
606,813,2406,1152,112,453,Lobules IV-V,right
606,1243,2528,1137,220,483,Lobule III,right
606,1380,3406,1135,252,682,Lobule III,left
606,1481,2045,1142,269,382,Simple lobule,right
606,2237,2140,1109,455,405,Superior vestibular nucleus,right
606,3019,2848,1101,640,552,Gigantocellular reticular nucleus,right
606,3172,3258,1087,672,633,Gigantocellular reticular nucleus,left
606,1199,2518,1138,209,481,Lobules IV-V,right
609,2217,3550,1100,450,699,Medial vestibular nucleus,left
609,3037,2708,1099,644,523,Gigantocellular reticular nucleus,right
609,1878,2474,1117,376,475,arbor vitae,right
609,2218,2262,1107,453,429,Superior vestibular nucleus,right
609,2222,2179,1109,452,413,Superior vestibular nucleus,right
609,2546,3576,1091,526,700,Parvicellular reticular nucleus,left
609,2561,2777,1098,531,536,"Paragigantocellular reticular nucleus, dorsal part",right
609,2564,3306,1095,533,643,Medulla,left
609,3093,3146,1093,656,610,Gigantocellular reticular nucleus,left
607,1194,3123,1142,206,616,Lobules IV-V,left
607,1303,2106,1146,227,395,Lobules IV-V,right
607,2858,3095,1099,604,601,Gigantocellular reticular nucleus,left
608,1226,2522,1137,215,481,Lobules IV-V,right
608,2777,2541,1101,587,489,Intermediate reticular nucleus,right
610,2520,2563,1098,522,494,Medulla,right
610,1242,2532,1135,219,483,Lobule III,right
610,2170,3717,1101,440,731,Superior vestibular nucleus,left
611,1626,2912,1122,325,569,Lobule III,right
611,2417,3585,1093,497,703,Medial vestibular nucleus,left
611,2507,3566,1091,517,698,Medial vestibular nucleus,left
611,2651,2545,1098,554,490,Intermediate reticular nucleus,right
611,3044,3203,1092,646,622,Gigantocellular reticular nucleus,left
611,2721,2681,1099,572,519,Gigantocellular reticular nucleus,right
612,2286,3797,1093,468,745,Lateral vestibular nucleus,left
612,2520,2514,1096,521,483,Medulla,right
612,1232,2536,1135,217,484,Lobules IV-V,right
612,2209,2191,1107,450,415,Superior vestibular nucleus,right
612,2233,3569,1098,455,703,Medial vestibular nucleus,left
612,2702,2553,1098,567,492,Intermediate reticular nucleus,right
612,1290,4054,1141,236,822,Simple lobule,left
613,2793,3091,1097,588,600,Gigantocellular reticular nucleus,left
613,1232,2530,1135,217,483,Lobules IV-V,right
613,3212,3060,1087,676,592,Magnocellular reticular nucleus,left
613,1226,2526,1135,216,482,Lobules IV-V,right
613,1378,1616,1135,255,280,Crus 1,right
614,2345,2413,1097,480,462,Medial vestibular nucleus,right
614,1433,2358,1134,268,447,Lobules IV-V,right
614,1443,2286,1137,268,432,Lobules IV-V,right
614,1523,1747,1141,290,316,Crus 1,right
614,1579,2022,1135,292,376,Lobules IV-V,right
615,2305,1991,1103,472,374,Lateral vestibular nucleus,right
615,2781,3141,1094,584,609,Gigantocellular reticular nucleus,left
615,1339,2417,1134,244,457,Lobules IV-V,right
616,2426,2433,1094,498,466,Medial vestibular nucleus,right
616,2731,2611,1098,575,504,Gigantocellular reticular nucleus,right
618,2801,3049,1094,589,592,Gigantocellular reticular nucleus,left
618,2888,2959,1096,611,574,crossed tectospinal pathway,left
618,3141,2966,1090,660,573,Nucleus raphe magnus,left
618,3200,3013,1085,673,583,Magnocellular reticular nucleus,left
618,2059,2274,1112,416,433,Superior vestibular nucleus,right
618,1178,2659,1132,203,513,Lobule III,right
617,2239,2198,1104,457,417,Superior vestibular nucleus,right
617,2469,3431,1090,509,671,Medial vestibular nucleus,left
617,2608,1756,1091,546,316,Ventral cochlear nucleus,right
617,2742,2629,1098,577,508,Gigantocellular reticular nucleus,right
617,2751,2581,1098,580,497,Intermediate reticular nucleus,right
617,2813,2985,1096,593,580,crossed tectospinal pathway,left
617,2505,3390,1090,517,662,Medial vestibular nucleus,left
619,3168,2695,1085,669,518,Magnocellular reticular nucleus,right
619,3244,2705,1079,684,519,Magnocellular reticular nucleus,right
619,1628,2913,1119,328,570,Lobule III,right
619,2208,3364,1092,448,663,Medial vestibular nucleus,left
619,2226,2215,1103,453,420,Superior vestibular nucleus,right
619,2465,2493,1093,507,479,Medial vestibular nucleus,right
620,2952,2829,1096,624,548,Gigantocellular reticular nucleus,right
620,2582,2594,1094,536,501,Medulla,right
620,1210,3229,1137,209,640,Lobules IV-V,left
622,2497,3451,1087,514,675,Medial vestibular nucleus,left
622,2424,3047,1087,498,592,Supragenual nucleus,left
622,2304,3232,1088,469,634,Medial vestibular nucleus,left
622,2985,2747,1094,632,530,Gigantocellular reticular nucleus,right
622,3206,3292,1076,679,640,"Paragigantocellular reticular nucleus, lateral part",left
621,2137,2212,1108,432,419,Superior vestibular nucleus,right
621,1639,2913,1119,331,570,Lobule III,right
621,3079,3029,1090,649,587,Gigantocellular reticular nucleus,left
623,3010,3291,1085,638,640,Gigantocellular reticular nucleus,left
623,2916,2079,1086,612,396,Parvicellular reticular nucleus,right
623,3115,3246,1081,660,631,Gigantocellular reticular nucleus,left
624,2334,2452,1093,477,469,Medial vestibular nucleus,right
625,2309,3228,1087,470,634,Medial vestibular nucleus,left
625,2534,2528,1091,524,486,Medulla,right
625,2636,3329,1087,547,648,Intermediate reticular nucleus,left
625,2662,3304,1087,554,642,Intermediate reticular nucleus,left
625,2920,2080,1085,613,395,Parvicellular reticular nucleus,right
625,2990,3270,1086,633,636,Gigantocellular reticular nucleus,left
625,3093,2932,1089,651,567,Nucleus raphe magnus,right
626,2158,3704,1095,438,729,Superior vestibular nucleus,left
626,2196,3638,1094,445,716,Superior vestibular nucleus,left
626,2227,3765,1091,453,740,Superior vestibular nucleus,left
626,2817,3115,1090,591,605,Gigantocellular reticular nucleus,left
626,3107,3244,1081,658,631,Gigantocellular reticular nucleus,left
626,1647,2049,1129,309,381,Lobules IV-V,right
626,2452,3384,1086,504,663,Medial vestibular nucleus,left
627,2200,3674,1092,447,723,Superior vestibular nucleus,left
627,2287,2468,1092,465,472,Medial vestibular nucleus,right
627,1627,2916,1115,328,570,Lobule III,right
627,1534,3473,1121,291,695,Lobule III,left
630,2147,3697,1094,434,728,Superior vestibular nucleus,left
630,2255,3641,1089,459,716,Medial vestibular nucleus,left
630,2391,3408,1085,490,669,Medial vestibular nucleus,left
630,1258,3140,1127,222,619,Lobule III,left
630,1348,2404,1128,247,455,Lobule III,right
630,1342,2401,1129,244,453,Lobule III,right
629,1594,3861,1118,295,775,Simple lobule,left
629,2449,2386,1088,504,454,Medial vestibular nucleus,right
629,2545,2276,1087,526,430,Parvicellular reticular nucleus,right
629,1259,2856,1125,221,556,Lobule III,right
628,2325,2384,1091,476,455,Medial vestibular nucleus,right
628,2469,2227,1088,511,421,Medial vestibular nucleus,right
635,2290,3768,1083,469,741,Lateral vestibular nucleus,left
635,1627,2911,1111,329,568,Lobule III,right
635,2903,3727,1071,611,728,Parvicellular reticular nucleus,left
635,3200,2638,1073,675,505,Gigantocellular reticular nucleus,right
635,2427,3564,1081,497,699,Medial vestibular nucleus,left
633,2329,2382,1089,477,454,Medial vestibular nucleus,right
633,2451,3402,1083,503,666,Medial vestibular nucleus,left
633,2534,2268,1085,524,429,Parvicellular reticular nucleus,right
633,2154,3702,1092,436,729,Superior vestibular nucleus,left
634,3009,3176,1083,636,617,Gigantocellular reticular nucleus,left
634,1480,2305,1127,278,436,Lobule III,right
634,2482,2447,1086,510,466,Medial vestibular nucleus,right
634,2726,2501,1088,571,477,Intermediate reticular nucleus,right
636,1335,2404,1126,243,454,Lobule III,right
636,2826,2453,1087,597,467,Intermediate reticular nucleus,right
636,2482,2224,1085,513,420,Medial vestibular nucleus,right
636,2809,2758,1089,592,534,Gigantocellular reticular nucleus,right
636,2910,3504,1075,615,684,Intermediate reticular nucleus,left
636,2484,2371,1084,512,450,Medial vestibular nucleus,right
637,2285,2350,1090,467,448,Medial vestibular nucleus,right
638,2264,3557,1085,461,700,Medial vestibular nucleus,left
638,3093,2761,1081,651,532,Gigantocellular reticular nucleus,right
638,1122,2234,1134,186,418,Lobules IV-V,right
638,1345,2413,1125,246,457,Lobule III,right
638,3211,3161,1071,677,614,Magnocellular reticular nucleus,left
638,1358,2422,1124,250,458,Lobule III,right
638,1359,2423,1124,250,459,Lobule III,right
638,1363,2425,1123,251,459,Lobule III,right
638,1676,1987,1122,315,367,Lobules IV-V,right
638,3045,2700,1084,643,520,Gigantocellular reticular nucleus,right
639,1610,3881,1112,297,779,Simple lobule,left
640,2288,3323,1081,465,653,Medial vestibular nucleus,left
646,1118,2490,1125,190,470,Lobules IV-V,right
646,1084,2472,1126,181,465,Lobules IV-V,right
646,2946,3141,1079,620,610,Gigantocellular reticular nucleus,left
644,1342,2407,1123,244,454,Lobule III,right
644,2652,3328,1077,549,648,Intermediate reticular nucleus,left
644,2867,3453,1074,602,674,Intermediate reticular nucleus,left
644,2860,2467,1083,606,469,Intermediate reticular nucleus,right
644,2955,3248,1078,623,632,Gigantocellular reticular nucleus,left
642,1369,2427,1122,252,459,Lobule III,right
642,2366,2460,1083,483,470,Medial vestibular nucleus,right
642,2447,3846,1073,505,756,Medial vestibular nucleus,left
642,2879,2942,1085,606,570,Gigantocellular reticular nucleus,right
642,2484,3561,1077,510,698,Medial vestibular nucleus,left
641,2201,2158,1097,447,408,Superior vestibular nucleus,right
641,2487,2833,1081,511,547,Pons,right
643,2191,2199,1095,444,416,Superior vestibular nucleus,right
643,2771,2611,1085,583,502,Gigantocellular reticular nucleus,right
643,2314,1898,1090,473,352,inferior cerebellar peduncle,right
645,2384,2685,1082,487,515,Pons,right
645,2974,2641,1083,630,507,Gigantocellular reticular nucleus,right
645,2393,3423,1078,490,672,Medial vestibular nucleus,left
648,2823,2709,1083,595,523,Gigantocellular reticular nucleus,right
648,2381,3417,1076,486,670,Medial vestibular nucleus,left
648,1611,3027,1104,325,594,Lobule III,left
648,2476,3482,1074,507,682,Medial vestibular nucleus,left
647,1264,3008,1117,224,589,Lobule III,left
647,1352,2420,1120,247,457,Lobule III,right
650,1100,2483,1124,185,468,Lobules IV-V,right
650,2734,3228,1076,570,627,Gigantocellular reticular nucleus,left
650,1930,3209,1088,385,630,Lobule II,left
650,2273,1947,1090,464,363,inferior cerebellar peduncle,right
650,2689,2895,1079,560,562,Gigantocellular reticular nucleus,right
650,1145,2505,1123,197,474,Lobules IV-V,right
649,2376,3410,1076,485,669,Medial vestibular nucleus,left
649,1147,2505,1123,197,474,Lobules IV-V,right
649,2027,2014,1107,407,376,Interposed nucleus,right
649,2992,3183,1077,631,619,Gigantocellular reticular nucleus,left
649,2447,3492,1075,500,684,Medial vestibular nucleus,left
649,2620,3352,1074,541,653,Intermediate reticular nucleus,left
649,2804,2603,1083,591,500,Gigantocellular reticular nucleus,right
653,1134,2502,1122,194,472,Lobules IV-V,right
653,1352,2424,1118,247,458,Lobule III,right
653,1498,1976,1123,270,367,Simple lobule,right
653,2430,2400,1077,499,456,Medial vestibular nucleus,right
653,2821,2745,1081,593,531,Gigantocellular reticular nucleus,right
653,1597,2777,1103,321,537,Lobule III,right
653,2413,3435,1074,494,674,Medial vestibular nucleus,left
651,2244,3217,1075,452,631,Pontine central gray,left
651,2365,3437,1075,483,674,Medial vestibular nucleus,left
651,2928,2782,1081,617,537,Gigantocellular reticular nucleus,right
651,3135,3111,1070,658,603,Magnocellular reticular nucleus,left
651,2278,3277,1076,461,643,Sublaterodorsal nucleus,left
654,1330,2398,1119,241,453,Lobule III,right
654,2969,2753,1079,626,531,Gigantocellular reticular nucleus,right
654,2814,3115,1076,589,605,Gigantocellular reticular nucleus,left
654,3221,2810,1065,673,541,Magnocellular reticular nucleus,right
654,2767,2748,1080,580,532,Gigantocellular reticular nucleus,right
652,2285,2556,1080,462,488,Medial vestibular nucleus,right
652,2405,3289,1075,491,643,Medial vestibular nucleus,left
652,2749,2822,1080,576,547,Gigantocellular reticular nucleus,right
655,2354,3337,1073,480,653,Sublaterodorsal nucleus,left
655,2836,2629,1079,597,505,Gigantocellular reticular nucleus,right
655,1587,2818,1100,319,547,Lobule II,right
656,2838,3488,1068,595,681,Intermediate reticular nucleus,left
656,2889,2463,1076,612,469,Intermediate reticular nucleus,right
656,1159,2373,1123,199,444,Lobules IV-V,right
657,1260,2805,1112,223,544,Lobule III,right
657,2290,2553,1078,463,488,Medial vestibular nucleus,right
657,2409,3435,1072,492,674,Medial vestibular nucleus,left
657,2450,3432,1071,501,672,Medial vestibular nucleus,left
657,2750,2489,1078,576,474,Intermediate reticular nucleus,right
657,2765,2770,1079,579,536,Gigantocellular reticular nucleus,right
657,2803,2749,1079,589,532,Gigantocellular reticular nucleus,right
658,2374,2594,1077,483,497,Sublaterodorsal nucleus,right
658,3076,3250,1066,649,632,Gigantocellular reticular nucleus,left
658,2349,3704,1071,480,728,Medial vestibular nucleus,left
658,2351,3709,1071,480,729,Medial vestibular nucleus,left
660,3144,3009,1067,656,582,Magnocellular reticular nucleus,left
660,2855,2447,1075,603,464,Intermediate reticular nucleus,right
660,2441,3136,1071,498,609,Nucleus incertus,left
659,2724,3236,1071,566,628,Gigantocellular reticular nucleus,left
659,2874,2453,1075,608,466,Intermediate reticular nucleus,right
659,2951,3218,1071,621,626,Gigantocellular reticular nucleus,left
659,2801,2638,1078,588,507,Gigantocellular reticular nucleus,right
661,1592,2677,1100,316,515,Lobule III,right
661,2447,3979,1062,503,788,Koelliker-Fuse subnucleus,left
662,3223,2681,1058,677,512,Magnocellular reticular nucleus,right
663,2323,1910,1079,476,354,inferior cerebellar peduncle,right
663,2862,2457,1073,604,466,Intermediate reticular nucleus,right
663,1123,2505,1117,192,473,Lobules IV-V,right
668,1640,2386,1102,319,456,Lobule III,right
666,2985,2702,1072,628,519,Gigantocellular reticular nucleus,right
666,1591,3997,1103,289,804,Simple lobule,left
666,2372,3474,1068,483,682,Medial vestibular nucleus,left
666,956,2403,1121,148,448,Lobules IV-V,right
666,3201,3355,1053,676,654,Gigantocellular reticular nucleus,left
666,3220,3200,1055,677,623,Magnocellular reticular nucleus,left
667,2390,3377,1067,487,661,Subceruleus nucleus,left
667,2915,2146,1067,611,404,Parvicellular reticular nucleus,right
667,2432,2566,1071,497,491,Medial vestibular nucleus,right
667,2706,3392,1064,560,661,Intermediate reticular nucleus,left
667,2919,3189,1068,613,620,Gigantocellular reticular nucleus,left
667,3156,2594,1059,664,495,Gigantocellular reticular nucleus,right
667,2437,2767,1070,497,532,Nucleus incertus,right
665,2488,2505,1073,512,478,Medulla,right
665,2857,2598,1075,601,498,Gigantocellular reticular nucleus,right
669,2336,2030,1075,480,382,Medulla,right
670,2387,3460,1066,486,679,Medial vestibular nucleus,left
670,1301,2115,1120,224,394,Lobules IV-V,right
670,2398,2025,1069,495,381,Medial vestibular nucleus,right
670,3136,2733,1062,656,525,Gigantocellular reticular nucleus,right
671,971,3025,1122,148,588,Lobules IV-V,left
673,2983,2857,1069,625,552,Gigantocellular reticular nucleus,right
673,2422,2400,1068,496,456,Medial vestibular nucleus,right
673,2465,3043,1065,502,590,Nucleus incertus,left
673,2992,2676,1068,629,513,Gigantocellular reticular nucleus,right
673,1490,3851,1101,262,776,Simple lobule,left
673,2923,2721,1071,615,524,Gigantocellular reticular nucleus,right
673,3150,2704,1059,660,518,Gigantocellular reticular nucleus,right
674,2422,3515,1063,493,690,Medial vestibular nucleus,left
674,2639,3634,1059,543,711,Parvicellular reticular nucleus,left
674,2927,2557,1068,617,488,Gigantocellular reticular nucleus,right
674,2435,2569,1069,498,492,Medulla,right
672,2437,3153,1066,496,613,Nucleus incertus,left
672,2890,3134,1068,605,609,Gigantocellular reticular nucleus,left
675,3334,3382,1039,705,662,"Superior olivary complex, periolivary region",left
675,2242,1887,1081,455,347,inferior cerebellar peduncle,right
675,3142,3350,1052,663,652,"Pontine reticular nucleus, caudal part",left
675,2380,2591,1068,484,496,Sublaterodorsal nucleus,right
675,2428,3339,1063,495,653,Pons,left
676,2366,2739,1067,480,526,Nucleus incertus,right
676,2943,2971,1067,616,575,Gigantocellular reticular nucleus,left
676,2451,3113,1064,499,605,Nucleus incertus,left
676,3045,3350,1056,642,652,"Pontine reticular nucleus, caudal part",left
676,3150,2712,1057,659,519,Gigantocellular reticular nucleus,right
676,2996,2709,1066,629,521,Gigantocellular reticular nucleus,right
677,1586,1926,1109,291,356,Simple lobule,right
677,2325,3175,1065,469,620,Pontine central gray,left
677,1642,2397,1098,319,458,Lobule III,right
678,1228,2742,1104,217,528,Lobule III,right
679,2421,3121,1063,491,606,Nucleus incertus,left
679,1509,2833,1089,298,550,Lobule II,right
679,2371,2811,1065,480,541,Nucleus incertus,right
679,3000,3103,1062,628,603,Gigantocellular reticular nucleus,left
680,3232,3253,1046,679,635,Parapyramidal nucleus,left
680,1527,2267,1108,286,428,Lobule III,right
680,3142,3317,1050,662,646,"Pontine reticular nucleus, caudal part",left
680,3171,2740,1054,662,525,Magnocellular reticular nucleus,right
682,3072,3694,1046,644,720,Facial motor nucleus,left
682,3179,2690,1051,665,514,Gigantocellular reticular nucleus,right
682,2250,3646,1065,455,719,Medial vestibular nucleus,left
682,1636,2680,1088,326,516,Lobule II,right
682,2254,1985,1075,461,371,Medulla,right
682,2897,2690,1066,607,517,Gigantocellular reticular nucleus,right
681,2844,2604,1068,597,499,Gigantocellular reticular nucleus,right
683,2181,1974,1081,443,368,inferior cerebellar peduncle,right
683,2601,3340,1056,534,651,"Pontine reticular nucleus, caudal part",left
683,2930,2717,1064,614,522,Gigantocellular reticular nucleus,right
683,3172,2780,1052,660,533,Magnocellular reticular nucleus,right
683,2395,3126,1061,484,607,Nucleus incertus,left
683,2802,3370,1057,582,656,"Pontine reticular nucleus, caudal part",left
683,1635,2681,1087,326,516,Lobule II,right
683,3062,3359,1051,645,654,"Pontine reticular nucleus, caudal part",left
685,1156,2032,1118,189,374,Simple lobule,right
685,2172,3576,1067,437,704,Parabrachial nucleus,left
685,3100,2902,1058,644,559,Gigantocellular reticular nucleus,right
684,2278,3474,1063,462,683,Medial vestibular nucleus,left
684,2350,3142,1062,474,611,Pontine central gray,left
684,3092,3185,1054,648,619,Gigantocellular reticular nucleus,left
684,1430,2471,1098,268,468,Lobule III,right
684,2782,2539,1066,581,484,Intermediate reticular nucleus,right
684,3043,3351,1052,642,652,"Pontine reticular nucleus, caudal part",left
687,2257,3322,1061,454,650,Pontine central gray,left
686,2171,3452,1065,436,677,Parabrachial nucleus,left
686,2377,3128,1061,479,609,Nucleus incertus,left
686,1873,2739,1080,372,530,Lobule II,right
686,1987,2722,1074,393,523,Lobule II,right
691,1667,2420,1088,323,464,Lobule II,right
691,2234,3306,1060,449,647,Barrington's nucleus,left
691,2828,2765,1062,591,534,Gigantocellular reticular nucleus,right
691,3159,3329,1043,665,649,"Pontine reticular nucleus, caudal part",left
691,2358,3340,1057,478,653,Sublaterodorsal nucleus,left
691,3095,2484,1049,653,472,"Pontine reticular nucleus, caudal part",right
689,3188,3140,1047,666,611,Magnocellular reticular nucleus,left
689,1438,2468,1096,270,468,Lobule III,right
689,1899,3012,1078,377,584,Lobule II,left
689,3178,2504,1046,670,475,"Pontine reticular nucleus, caudal part",right
690,3170,2507,1046,668,475,"Pontine reticular nucleus, caudal part",right
690,1551,1927,1104,282,355,Simple lobule,right
690,2152,3468,1064,431,681,Parabrachial nucleus,left
690,2974,3120,1057,622,606,Gigantocellular reticular nucleus,left
690,2416,1973,1059,498,369,Koelliker-Fuse subnucleus,right
692,2385,3059,1057,481,594,Nucleus incertus,left
692,2330,2044,1063,479,384,Koelliker-Fuse subnucleus,right
692,2961,2689,1059,620,516,Gigantocellular reticular nucleus,right
692,2329,3461,1057,473,679,Pons,left
692,2905,2466,1058,613,467,Intermediate reticular nucleus,right
693,2819,2498,1062,591,475,Intermediate reticular nucleus,right
693,2973,2981,1059,620,577,Gigantocellular reticular nucleus,left
693,3105,3301,1047,653,642,"Pontine reticular nucleus, caudal part",left
693,1634,2427,1090,317,464,Lobule III,right
693,2362,2725,1061,477,523,Pontine central gray,right
693,2816,3331,1054,586,648,"Pontine reticular nucleus, caudal part",left
693,2910,2480,1058,614,471,Intermediate reticular nucleus,right
693,2347,2233,1062,480,421,Medial vestibular nucleus,right
693,2454,3113,1057,498,604,Nucleus incertus,left
693,3156,3037,1050,655,587,Magnocellular reticular nucleus,left
694,1900,2993,1075,376,581,Lobule II,left
694,2308,2954,1057,464,572,Nucleus incertus,left
694,2854,2915,1060,596,565,Gigantocellular reticular nucleus,right
694,3049,3224,1050,640,627,"Pontine reticular nucleus, caudal part",left
695,2370,3076,1056,477,597,Nucleus incertus,left
697,2275,2323,1062,464,440,Medial vestibular nucleus,right
697,3122,2587,1047,655,492,"Pontine reticular nucleus, caudal part",right
697,2101,1978,1079,425,368,arbor vitae,right
697,2398,2688,1059,487,516,Nucleus incertus,right
697,2915,2738,1058,610,528,Gigantocellular reticular nucleus,right
696,2817,3329,1052,585,648,"Pontine reticular nucleus, caudal part",left
698,2317,2061,1061,475,387,Koelliker-Fuse subnucleus,right
698,3063,3252,1047,643,632,"Pontine reticular nucleus, caudal part",left
698,1893,3550,1069,368,697,Lobule III,left
698,2450,3122,1054,497,605,Nucleus incertus,left
698,2855,2457,1057,599,465,Intermediate reticular nucleus,right
699,2892,2431,1055,608,460,Intermediate reticular nucleus,right
699,1899,3573,1068,369,703,Lobule III,left
699,2932,2398,1053,619,453,Intermediate reticular nucleus,right
699,3168,2172,1038,674,412,"Superior olivary complex, lateral part",right
700,3150,2624,1043,659,499,"Pontine reticular nucleus, caudal part",right
700,1590,1905,1097,292,351,Simple lobule,right
700,2870,2480,1056,603,470,Intermediate reticular nucleus,right
700,2235,2372,1060,454,450,Pons,right
700,2846,3304,1051,593,642,"Pontine reticular nucleus, caudal part",left
700,3131,2594,1044,656,493,"Pontine reticular nucleus, caudal part",right
701,2876,2172,1054,599,408,Parvicellular reticular nucleus,right
701,2005,2555,1068,393,489,Pons,right
701,2988,2636,1053,627,504,"Pontine reticular nucleus, caudal part",right
701,3184,2638,1041,666,502,"Pontine reticular nucleus, caudal part",right
701,2352,3095,1055,472,601,Pontine central gray,left
701,2796,3114,1055,581,604,"Pontine reticular nucleus, caudal part",left
701,2840,2429,1057,596,459,Intermediate reticular nucleus,right
701,2852,2529,1057,597,481,"Pontine reticular nucleus, caudal part",right
701,2865,2702,1058,599,519,"Pontine reticular nucleus, caudal part",right
701,2915,2492,1054,614,473,Intermediate reticular nucleus,right
703,2403,3084,1052,485,598,Nucleus incertus,left
703,2701,3709,1046,555,723,Parvicellular reticular nucleus,left
703,2396,2740,1055,485,527,Nucleus incertus,right
703,2856,2592,1056,597,495,"Pontine reticular nucleus, caudal part",right
703,2844,2511,1055,596,477,"Pontine reticular nucleus, caudal part",right
702,3149,3346,1038,663,652,"Pontine reticular nucleus, caudal part",left
702,1574,2692,1078,311,516,Lobule II,right
705,2264,3401,1054,457,666,Subceruleus nucleus,left
705,2404,2813,1054,487,543,Nucleus incertus,right
706,1728,2276,1085,332,433,Lobule III,right
706,2792,2412,1055,582,455,Intermediate reticular nucleus,right
706,2793,3538,1044,578,690,Pons,left
706,2869,3182,1051,598,617,"Pontine reticular nucleus, caudal part",left
706,1518,3856,1086,265,776,Lobules IV-V,left
706,2861,2498,1054,600,475,"Pontine reticular nucleus, caudal part",right
706,3189,3328,1034,671,650,"Pontine reticular nucleus, caudal part",left
704,2396,3191,1052,483,620,Nucleus incertus,left
704,2857,2429,1054,599,459,Intermediate reticular nucleus,right
704,2145,3468,1058,429,681,Parabrachial nucleus,left
704,2423,3099,1052,490,601,Nucleus incertus,left
704,1593,2910,1072,321,565,Lobule II,right
704,2394,2741,1055,485,527,Nucleus incertus,right
707,2364,3519,1048,479,692,Pons,left
707,2774,2539,1055,578,483,"Pontine reticular nucleus, caudal part",right
707,2322,2753,1054,466,529,Pontine central gray,right
707,2975,2724,1050,622,524,"Pontine reticular nucleus, caudal part",right
708,2789,3528,1043,577,688,Pons,left
708,3109,2561,1041,653,486,"Pontine reticular nucleus, caudal part",right
708,2388,3162,1051,481,614,Nucleus incertus,left
709,2939,3555,1039,614,692,Intermediate reticular nucleus,left
709,3050,2517,1044,643,477,"Pontine reticular nucleus, caudal part",right
709,3196,2691,1037,666,512,"Pontine reticular nucleus, caudal part",right
709,2205,2433,1057,445,464,Pons,right
710,3107,2456,1039,655,465,"Pontine reticular nucleus, caudal part",right
712,2302,2519,1051,465,480,Subceruleus nucleus,right
712,1481,3920,1085,256,790,Simple lobule,left
717,2210,3342,1050,442,654,Pontine central gray,left
717,1711,2277,1081,327,433,Lobule III,right
717,1924,2621,1063,374,504,Lobule II,right
717,1823,1761,1076,352,319,Simple lobule,right
713,2397,3088,1049,482,599,Nucleus incertus,left
713,2032,2091,1072,408,393,arbor vitae,right
713,2373,3171,1049,478,616,Nucleus incertus,left
715,3065,3055,1042,636,592,"Pontine reticular nucleus, caudal part",left
715,3164,3017,1037,653,583,Gigantocellular reticular nucleus,left
715,1748,3339,1068,334,656,Lobule II,left
715,1975,3341,1057,385,653,Parabrachial nucleus,left
714,2098,3425,1054,417,671,Parabrachial nucleus,left
714,2290,2689,1052,459,515,Pontine central gray,right
716,3002,3210,1041,627,623,"Pontine reticular nucleus, caudal part",left
716,2417,3143,1047,487,610,Nucleus incertus,left
718,1769,4004,1070,329,805,Lobules IV-V,left
718,3007,3364,1036,631,654,"Pontine reticular nucleus, caudal part",left
720,1793,2449,1068,345,471,Lobule II,right
720,2173,2457,1053,437,468,Parabrachial nucleus,right
719,2810,2194,1045,582,413,Parvicellular reticular nucleus,right
719,2226,2380,1051,451,452,Pons,right
721,2398,3097,1045,482,600,Nucleus incertus,left
721,2439,3101,1044,492,601,Pons,left
722,2147,1992,1062,437,370,arbor vitae,right
722,2435,3040,1044,490,588,Nucleus incertus,left
722,2778,2635,1048,577,505,"Pontine reticular nucleus, caudal part",right
723,3051,3180,1036,636,618,"Pontine reticular nucleus, caudal part",left
724,2583,3443,1037,527,674,"Pontine reticular nucleus, caudal part",left
724,2837,3453,1036,588,672,"Pontine reticular nucleus, caudal part",left
724,3116,3067,1035,644,594,"Pontine reticular nucleus, caudal part",left
724,2933,2580,1042,614,492,"Pontine reticular nucleus, caudal part",right
725,3091,3205,1033,645,624,"Pontine reticular nucleus, caudal part",left
725,2111,3442,1049,419,674,Parabrachial nucleus,left
726,1712,2283,1075,327,435,Lobule III,right
727,1721,1834,1075,325,335,Lobules IV-V,right
727,2236,2672,1047,445,511,Pontine central gray,right
728,1685,3896,1072,305,782,Lobules IV-V,left
730,2513,3484,1035,511,683,Peritrigeminal zone,left
730,2148,2467,1049,430,470,Parabrachial nucleus,right
731,3253,3359,1018,684,658,"Superior olivary complex, medial part",left
729,2655,3432,1035,543,669,"Pontine reticular nucleus, caudal part",left
734,1894,2605,1056,366,501,Lobule II,right
734,1657,3241,1063,316,637,Lobule II,left
737,1516,2847,1061,294,546,Lobule II,right
737,1657,3238,1062,316,637,Lobule II,left
737,2661,2497,1042,549,473,"Pontine reticular nucleus, caudal part",right
737,3288,3383,1014,692,663,"Superior olivary complex, medial part",left
737,2937,3258,1032,612,632,"Pontine reticular nucleus, caudal part",left
738,2939,2925,1037,610,565,Pons,right
738,3106,2676,1027,646,509,"Pontine reticular nucleus, caudal part",right
740,2846,2381,1036,594,449,Pons,right
740,2954,3352,1027,618,650,"Pontine reticular nucleus, caudal part",left
740,1311,3823,1072,220,769,Simple lobule,left
740,2012,3777,1046,395,746,Lobule III,left
740,2933,3366,1027,613,653,"Pontine reticular nucleus, caudal part",left
739,3142,3445,1018,660,670,"Pontine reticular nucleus, caudal part",left
741,1741,1720,1065,333,309,Simple lobule,right
741,3126,3172,1024,649,617,"Pontine reticular nucleus, caudal part",left
745,2896,2331,1031,606,439,Pons,right
745,2729,3137,1034,561,607,"Pontine reticular nucleus, caudal part",left
744,2956,2317,1029,620,436,Pons,right
743,2062,2874,1044,405,555,Dorsal tegmental nucleus,right
743,3004,2687,1029,626,514,"Pontine reticular nucleus, caudal part",right
747,3084,3596,1013,644,697,"Pontine reticular nucleus, caudal part",left
747,1097,2521,1080,182,473,"Inferior colliculus, central nucleus",right
747,3257,3495,1008,685,681,"Superior olivary complex, medial part",left
747,1464,3491,1063,261,691,"Inferior colliculus, external nucleus",left
752,3056,2429,1020,642,459,"Pontine reticular nucleus, caudal part",right
752,1975,2323,1047,387,443,Parabrachial nucleus,right
752,2266,3712,1031,455,733,Parabrachial nucleus,left
752,1813,1790,1058,349,325,Lobules IV-V,right
748,1532,3518,1062,276,697,"Inferior colliculus, external nucleus",left
748,2756,2530,1036,570,482,"Pontine reticular nucleus, caudal part",right
749,2833,3640,1023,583,706,Pons,left
749,2991,3392,1020,626,658,"Pontine reticular nucleus, caudal part",left
749,3070,2505,1022,644,474,"Pontine reticular nucleus, caudal part",right
749,2995,3399,1020,627,660,"Pontine reticular nucleus, caudal part",left
750,2741,3517,1025,563,684,Accessory trigeminal nucleus,left
750,3311,3393,1006,697,666,"Superior olivary complex, medial part",left
750,1416,2842,1060,262,543,Lobule III,right
750,1781,2412,1055,340,460,Lobule II,right
750,1213,3829,1073,203,770,Simple lobule,left
750,3310,3402,1006,697,667,"Superior olivary complex, medial part",left
751,3386,2351,1002,716,447,Pons,right
751,2903,2900,1031,602,561,Pons,right
754,2337,3379,1029,469,661,Pons,left
754,1781,3362,1048,337,660,Lobule II,left
754,2020,3301,1039,393,645,Laterodorsal tegmental nucleus,left
754,2711,2761,1031,558,533,"Pontine reticular nucleus, caudal part",right
754,1829,3791,1050,346,754,Lobules IV-V,left
753,2107,3405,1036,415,666,Parabrachial nucleus,left
753,2149,2660,1038,424,510,Laterodorsal tegmental nucleus,right
760,2371,3407,1025,477,667,"Pontine reticular nucleus, caudal part",left
760,2713,3451,1022,556,672,"Pontine reticular nucleus, caudal part",left
755,1443,2780,1056,270,528,Lobule II,right
755,2478,2289,1031,507,432,Motor nucleus of trigeminal,right
756,2162,2925,1036,426,566,Dorsal tegmental nucleus,right
756,2182,2588,1035,432,495,Laterodorsal tegmental nucleus,right
757,3259,3440,1005,685,672,"Superior olivary complex, medial part",left
758,2067,2815,1038,404,543,Dorsal tegmental nucleus,right
761,2939,2728,1023,611,525,"Pontine reticular nucleus, caudal part",right
761,2120,2885,1036,417,558,Dorsal tegmental nucleus,right
761,2507,3090,1024,505,598,"Pontine reticular nucleus, caudal part",left
761,2718,3137,1026,558,606,"Pontine reticular nucleus, caudal part",left
762,2862,3412,1018,592,661,"Pontine reticular nucleus, caudal part",left
765,2308,2602,1028,463,497,Pons,right
763,3013,2506,1016,632,475,"Pontine reticular nucleus, caudal part",right
763,2937,2763,1022,609,533,"Pontine reticular nucleus, caudal part",right
766,2038,2471,1037,400,471,Pons,right
766,3095,3390,1007,648,659,"Pontine reticular nucleus, caudal part",left
766,3096,2667,1012,643,507,"Pontine reticular nucleus, caudal part",right
776,1754,3244,1038,332,636,Periaqueductal gray,left
768,1562,2673,1050,297,505,Lobule II,right
769,3128,3352,1005,655,653,"Pontine reticular nucleus, caudal part",left
769,2867,3145,1023,592,608,"Pontine reticular nucleus, caudal part",left
769,1831,3414,1038,347,670,Periaqueductal gray,left
769,3001,3070,1019,621,594,"Pontine reticular nucleus, caudal part",left
770,2271,1895,1034,464,350,Koelliker-Fuse subnucleus,right
770,2896,3254,1018,600,630,"Pontine reticular nucleus, caudal part",left
771,2839,3253,1019,586,630,"Pontine reticular nucleus, caudal part",left
774,2860,3193,1019,591,618,"Pontine reticular nucleus, caudal part",left
774,2972,3412,1007,619,661,"Pontine reticular nucleus, caudal part",left
772,3095,2757,1010,640,526,"Pontine reticular nucleus, caudal part",right
772,3095,2762,1010,640,528,"Pontine reticular nucleus, caudal part",right
773,3090,2892,1013,636,556,"Pontine reticular nucleus, caudal part",right
777,1972,3286,1030,380,643,Periaqueductal gray,left
777,2806,3280,1017,577,635,"Pontine reticular nucleus, caudal part",left
777,2976,3408,1006,620,661,"Pontine reticular nucleus, caudal part",left
779,2076,3358,1024,405,657,superior cerebelar peduncles,left
779,2974,3585,1001,615,693,lateral lemniscus,left
779,3182,2612,1001,662,493,"Pontine reticular nucleus, caudal part",right
778,2745,2541,1022,566,485,"Pontine reticular nucleus, caudal part",right
781,2526,3364,1015,511,657,"Pontine reticular nucleus, caudal part",left
781,3064,3205,1006,637,623,"Pontine reticular nucleus, caudal part",left
781,1910,3415,1029,366,670,Midbrain,left
782,2040,3222,1026,395,629,Laterodorsal tegmental nucleus,left
780,2001,2839,1030,388,548,Pontine central gray,right
780,2919,3330,1009,606,645,"Pontine reticular nucleus, caudal part",left
783,1643,2510,1043,311,473,Periaqueductal gray,right
787,2018,2596,1027,393,495,Laterodorsal tegmental nucleus,right
787,1948,3328,1025,375,652,Periaqueductal gray,left
787,1308,3644,1043,222,723,"Inferior colliculus, central nucleus",left
785,1920,3415,1027,369,670,Midbrain,left
785,2863,3415,1008,592,662,"Pontine reticular nucleus, caudal part",left
786,2443,3357,1013,492,655,"Pontine reticular nucleus, caudal part",left
786,2815,3934,1008,574,766,Principal sensory nucleus of the trigeminal,left
786,3027,2647,1005,629,504,"Pontine reticular nucleus, caudal part",right
788,2974,3411,1000,619,661,"Pontine reticular nucleus, caudal part",left
788,2734,3918,1009,558,764,Principal sensory nucleus of the trigeminal,left
789,2212,2907,1021,436,562,Midbrain,right
789,1211,3235,1054,204,632,"Inferior colliculus, dorsal nucleus",left
789,3092,2502,1000,646,473,"Pontine reticular nucleus, caudal part",right
790,1886,3407,1026,360,668,Periaqueductal gray,left
792,1072,2680,1059,172,509,"Inferior colliculus, dorsal nucleus",right
791,1728,2491,1036,329,470,Periaqueductal gray,right
794,1870,3393,1024,356,666,Periaqueductal gray,left
793,2983,2261,1001,622,427,Pons,right
795,1632,2493,1038,306,468,Periaqueductal gray,right
795,1697,3421,1029,315,674,Periaqueductal gray,left
795,2894,3444,1000,598,667,"Pontine reticular nucleus, caudal part",left
795,1120,3256,1054,182,635,"Inferior colliculus, dorsal nucleus",left
795,1316,2198,1051,226,408,"Inferior colliculus, central nucleus",right
795,2787,2531,1012,574,483,"Pontine reticular nucleus, caudal part",right
795,2863,3255,1006,591,629,"Pontine reticular nucleus, caudal part",left
795,2876,2598,1008,595,497,"Pontine reticular nucleus, caudal part",right
795,3120,2585,995,650,489,"Pontine reticular nucleus, caudal part",right
796,2842,2060,1006,586,388,Pons,right
796,2870,3169,1009,592,612,"Pontine reticular nucleus, caudal part",left
797,3104,2849,999,639,547,"Pontine reticular nucleus, caudal part",right
797,1678,3420,1030,312,674,Cuneiform nucleus,left
797,2889,2552,1007,600,486,"Pontine reticular nucleus, caudal part",right
797,2942,2819,1005,607,544,"Pontine reticular nucleus, caudal part",right
804,2431,3405,1004,488,666,Pontine reticular nucleus,left
804,3054,3113,997,631,604,"Pontine reticular nucleus, caudal part",left
804,3052,3338,990,635,649,"Pontine reticular nucleus, caudal part",left
804,2942,2597,1000,611,495,"Pontine reticular nucleus, caudal part",right
802,3054,3346,991,637,650,"Pontine reticular nucleus, caudal part",left
802,1640,3406,1028,303,671,Periaqueductal gray,left
801,2427,3415,1006,487,668,Pontine reticular nucleus,left
805,2896,3768,993,592,728,Pons,left
803,2848,2504,1005,590,478,"Pontine reticular nucleus, caudal part",right
806,1889,2473,1024,364,469,Midbrain,right
809,2711,3249,1005,551,629,"Pontine reticular nucleus, caudal part",left
810,1836,3299,1018,348,647,Periaqueductal gray,left
810,1832,3297,1018,347,646,Periaqueductal gray,left
812,1952,3322,1014,374,650,Periaqueductal gray,left
812,2439,2072,1010,496,386,Supratrigeminal nucleus,right
812,2895,3487,991,597,674,"Pontine reticular nucleus, caudal part",left
814,3048,2560,989,635,486,"Pontine reticular nucleus, caudal part",right
822,3069,2656,984,637,505,"Pontine reticular nucleus, caudal part",right
822,3090,2626,983,641,498,"Pontine reticular nucleus, caudal part",right
817,2697,3149,1001,547,609,"Pontine reticular nucleus, caudal part",left
818,3090,3616,979,642,697,Pons,left
819,2906,2557,994,602,488,"Pontine reticular nucleus, caudal part",right
821,2347,1978,1008,476,367,Koelliker-Fuse subnucleus,right
821,1742,3456,1016,325,680,Cuneiform nucleus,left
821,3068,2663,985,636,507,"Pontine reticular nucleus, caudal part",right
823,1864,3317,1011,354,650,Periaqueductal gray,left
824,2110,2809,1008,411,541,Midbrain,right
824,3069,2806,985,633,538,"Pontine reticular nucleus, caudal part",right
826,2371,2616,1000,473,500,Pontine reticular nucleus,right
827,2571,3159,995,517,613,Pontine reticular nucleus,left
827,3038,3075,987,626,596,"Pontine reticular nucleus, caudal part",left
827,2674,2222,995,551,421,Motor nucleus of trigeminal,right
831,2765,1960,993,570,365,Principal sensory nucleus of the trigeminal,right
828,3078,2555,980,641,484,"Pontine reticular nucleus, caudal part",right
829,3033,2968,989,624,574,Nucleus raphe magnus,left
829,2776,3279,994,566,634,"Pontine reticular nucleus, caudal part",left
834,3289,3544,965,694,691,"Superior olivary complex, periolivary region",left
834,1741,3551,1010,324,700,Cuneiform nucleus,left
834,1982,3396,1004,380,663,Midbrain,left
833,3113,3167,978,643,618,"Pontine reticular nucleus, caudal part",left
833,1808,3181,1006,341,622,Periaqueductal gray,left
833,2571,1953,1000,527,362,Principal sensory nucleus of the trigeminal,right
836,2324,2479,997,462,473,Midbrain reticular nucleus,right
838,3025,2550,978,629,484,"Pontine reticular nucleus, caudal part",right
838,1820,3337,1005,343,654,Periaqueductal gray,left
839,1265,2690,1030,216,508,Midbrain,right
839,1340,3218,1024,233,629,Periaqueductal gray,left
837,1729,3427,1008,323,674,Periaqueductal gray,left
837,3073,2979,983,632,576,Nucleus raphe magnus,left
841,1739,3431,1006,325,675,Periaqueductal gray,left
841,2125,2841,1001,413,546,Midbrain,right
842,2714,2519,992,555,483,"Pontine reticular nucleus, caudal part",right
842,2930,2427,981,608,461,"Pontine reticular nucleus, caudal part",right
842,1962,2923,1001,374,563,Dorsal nucleus raphe,right
843,2390,2530,992,476,483,Pontine reticular nucleus,right
843,3350,3555,959,711,696,Pons,left
843,2689,2759,988,544,531,Pontine reticular nucleus,right
843,1217,2951,1028,203,567,Periaqueductal gray,right
851,3305,3540,956,700,692,"Superior olivary complex, periolivary region",left
850,2157,3019,996,418,585,Midbrain,left
853,2499,2061,992,510,383,Supratrigeminal nucleus,right
855,2794,2824,980,568,544,Pons,right
855,2732,3466,979,554,670,Pontine reticular nucleus,left
856,2641,3396,982,533,658,Pontine reticular nucleus,left
856,1328,3175,1016,230,618,Periaqueductal gray,left
856,1458,3266,1008,260,641,Periaqueductal gray,left
856,1734,3421,999,323,673,Periaqueductal gray,left
858,1812,2489,1003,344,469,Periaqueductal gray,right
858,2458,3373,981,491,658,Pontine reticular nucleus,left
858,2788,2366,980,574,453,Pontine reticular nucleus,right
857,1778,3438,998,334,676,Cuneiform nucleus,left
860,2487,3422,980,497,666,Pontine reticular nucleus,left
860,2044,2916,994,392,561,Dorsal nucleus raphe,right
860,2396,2458,986,476,469,Pontine reticular nucleus,right
860,2432,3337,980,484,650,Pontine reticular nucleus,left
860,2809,2624,979,575,504,Pontine reticular nucleus,right
862,2564,3387,979,515,658,Pontine reticular nucleus,left
863,2465,2478,984,493,474,Pontine reticular nucleus,right
863,2431,3500,978,484,683,Pontine reticular nucleus,left
863,1869,3310,992,354,647,Periaqueductal gray,left
861,2611,2443,985,530,469,Pontine reticular nucleus,right
861,1835,2488,1001,350,470,Periaqueductal gray,right
867,1880,3081,987,355,598,Periaqueductal gray,left
867,1826,3411,992,344,668,Periaqueductal gray,left
867,2505,3392,976,501,660,Pontine reticular nucleus,left
867,2678,2586,980,543,496,Pontine reticular nucleus,right
867,1444,3275,1004,256,642,Periaqueductal gray,left
865,2660,3032,977,534,585,Superior central nucleus raphe,left
865,2694,2981,977,543,574,Superior central nucleus raphe,left
865,3198,3635,956,674,705,"Superior olivary complex, periolivary region",left
865,2625,3069,978,526,594,Superior central nucleus raphe,left
866,2396,2400,984,475,456,Pontine reticular nucleus,right
868,1595,2512,1003,292,466,Midbrain,right
871,2618,2483,980,531,477,Pontine reticular nucleus,right
871,1559,3373,997,282,664,Midbrain,left
871,2041,2998,989,389,580,Dorsal nucleus raphe,left
872,1398,2563,1010,247,477,Midbrain,right
872,1372,3531,1007,236,694,"Inferior colliculus, dorsal nucleus",left
874,2707,3518,971,548,681,Pontine reticular nucleus,left
874,1376,2442,1013,241,450,"Inferior colliculus, dorsal nucleus",right
875,1989,2535,990,383,482,Midbrain reticular nucleus,right
873,2067,2923,989,395,563,Dorsal nucleus raphe,right
873,2656,2453,979,540,471,Pontine reticular nucleus,right
876,1375,2443,1012,241,451,"Inferior colliculus, dorsal nucleus",right
876,2517,3159,974,502,614,crossed tectospinal pathway,left
876,2623,2601,977,529,499,Pontine reticular nucleus,right
878,2365,2446,978,467,466,Pontine reticular nucleus,right
878,2795,3355,968,567,649,Pontine reticular nucleus,left
878,1787,3419,988,334,671,Periaqueductal gray,left
877,1957,2795,987,370,534,Periaqueductal gray,right
879,1624,3361,990,297,661,Periaqueductal gray,left
882,1787,3282,983,334,642,Periaqueductal gray,left
882,2659,3410,969,535,660,Pontine reticular nucleus,left
881,2802,2284,967,577,437,Pontine reticular nucleus,right
886,1886,2834,979,354,541,Periaqueductal gray,right
883,1195,2961,1011,198,568,"Superior colliculus, motor related, deep white layer",right
883,1724,2500,991,323,468,Periaqueductal gray,right
885,1746,3363,985,325,660,Periaqueductal gray,left
884,1984,2777,984,376,530,Periaqueductal gray,right
884,1356,2475,1009,237,457,"Inferior colliculus, dorsal nucleus",right
887,2592,2890,967,517,556,Superior central nucleus raphe,right
887,1951,3223,980,369,628,Periaqueductal gray,left
887,1759,3391,984,328,665,Periaqueductal gray,left
889,1773,3265,980,331,639,Periaqueductal gray,left
889,1600,2587,988,292,482,Periaqueductal gray,right
889,1858,2618,984,353,498,Periaqueductal gray,right
889,2279,2555,973,445,487,Pedunculopontine nucleus,right
888,2410,2414,973,477,460,Pontine reticular nucleus,right
892,1720,3264,978,319,640,Periaqueductal gray,left
892,1767,3408,982,329,669,Periaqueductal gray,left
892,2465,2589,970,490,496,Pontine reticular nucleus,right
893,1811,3248,978,339,635,Periaqueductal gray,left
895,2366,2430,970,465,462,Pontine reticular nucleus,right
896,2742,3574,957,556,691,Pontine reticular nucleus,left
896,1239,3830,1011,200,756,"Inferior colliculus, external nucleus",left
896,1788,2686,976,335,509,Periaqueductal gray,right
894,1714,3333,980,318,654,Periaqueductal gray,left
899,2638,2499,967,533,479,Pontine reticular nucleus,right
900,1806,3166,971,337,617,Periaqueductal gray,left
900,1900,2553,980,362,485,Periaqueductal gray,right
900,1903,2522,980,364,478,Midbrain,right
897,2558,2811,965,510,539,Superior central nucleus raphe,right
897,2529,2893,964,504,557,Superior central nucleus raphe,right
898,2435,3479,962,483,678,Pontine reticular nucleus,left
901,1628,3329,979,298,654,Periaqueductal gray,left
901,1847,3249,974,346,634,Periaqueductal gray,left
903,1852,2722,972,347,517,Periaqueductal gray,right
903,2438,2509,965,483,480,Pontine reticular nucleus,right
903,1795,3233,971,335,632,Periaqueductal gray,left
903,2589,3464,959,519,672,Pontine reticular nucleus,left
902,2449,2497,966,486,477,Pontine reticular nucleus,right
904,1816,3227,971,339,629,Periaqueductal gray,left
905,2814,3479,953,571,672,Pontine reticular nucleus,left
906,1834,3219,971,344,628,Periaqueductal gray,left
908,1773,3169,967,330,618,Periaqueductal gray,left
908,2322,3602,959,455,702,Pedunculopontine nucleus,left
908,1728,3273,971,320,641,Periaqueductal gray,left
908,1663,3398,977,305,668,Midbrain,left
907,2638,2441,964,534,467,Pontine reticular nucleus,right
909,1818,3090,966,340,600,Periaqueductal gray,left
909,1853,3215,970,348,626,Periaqueductal gray,left
911,1784,3229,968,332,631,Periaqueductal gray,left
911,2613,3680,950,529,715,Pontine reticular nucleus,left
910,2550,2571,963,509,492,Pontine reticular nucleus,right
910,1915,5184,961,381,1045,"Entorhinal area, lateral part, layer 1",left
912,1788,2723,966,334,517,Periaqueductal gray,right
912,1823,3187,967,341,621,Periaqueductal gray,left
912,1596,3311,974,289,650,Periaqueductal gray,left
914,1825,3232,967,341,630,Periaqueductal gray,left
914,1880,3268,969,353,637,Periaqueductal gray,left
914,2396,3364,956,471,656,Pontine reticular nucleus,left
917,2642,2498,960,532,479,Pontine reticular nucleus,right
915,2721,2395,958,554,458,Pontine reticular nucleus,right
915,1828,3259,967,342,636,Periaqueductal gray,left
916,1706,2548,973,317,479,Periaqueductal gray,right
916,2689,3100,952,538,600,Superior central nucleus raphe,left
919,1843,3185,964,345,620,Periaqueductal gray,left
919,1844,2671,966,347,508,Periaqueductal gray,right
918,1865,3248,967,350,633,Periaqueductal gray,left
921,1917,2761,966,359,526,Periaqueductal gray,right
921,1803,3192,963,336,622,Periaqueductal gray,left
922,1914,3219,965,360,626,Periaqueductal gray,left
922,2158,2936,965,412,565,Midbrain,right
926,2584,3162,950,513,614,crossed tectospinal pathway,left
926,3025,3361,930,622,653,Tegmental reticular nucleus,left
926,1580,3315,969,284,650,Periaqueductal gray,left
925,2137,2694,961,407,513,Midbrain reticular nucleus,right
928,1807,2792,956,336,531,Periaqueductal gray,right
929,1508,2697,964,268,505,Periaqueductal gray,right
929,1828,3267,962,342,636,Periaqueductal gray,left
930,1827,3266,961,341,636,Periaqueductal gray,left
932,1782,2701,957,331,513,Periaqueductal gray,right
932,2451,3455,947,483,672,Pontine reticular nucleus,left
931,3039,3382,926,625,657,Tegmental reticular nucleus,left
936,1793,3131,953,333,608,Periaqueductal gray,left
936,1483,3244,967,261,635,Periaqueductal gray,left
935,1883,2863,955,352,548,Periaqueductal gray,right
935,1841,3194,957,343,621,Periaqueductal gray,left
933,2010,2868,963,377,549,Trochlear nucleus,right
934,1178,3252,991,188,626,"Superior colliculus, motor related, intermediate white layer",left
938,1805,2697,955,337,512,Periaqueductal gray,right
938,1787,3336,960,332,651,Periaqueductal gray,left
938,1761,3567,964,324,704,Midbrain reticular nucleus,left
938,2615,3116,944,519,604,Superior central nucleus raphe,left
939,1857,3275,958,346,637,Periaqueductal gray,left
939,1865,2554,960,353,485,Periaqueductal gray,right
941,1713,3305,958,316,646,Periaqueductal gray,left
941,1790,2859,947,332,546,Periaqueductal gray,right
941,2572,2403,949,516,459,Pontine reticular nucleus,right
941,1931,2742,957,361,522,Periaqueductal gray,right
941,2772,2825,938,554,543,Superior central nucleus raphe,right
940,2425,3349,944,475,653,Pontine reticular nucleus,left
949,1848,3129,950,344,607,Periaqueductal gray,left
949,1816,2771,947,337,527,Periaqueductal gray,right
944,1867,2774,952,348,529,Periaqueductal gray,right
944,1368,3555,981,228,702,"Superior colliculus, motor related, intermediate white layer",left
944,2107,2991,957,397,577,Dorsal nucleus raphe,left
942,2463,2514,948,487,480,Pontine reticular nucleus,right
942,1625,2644,955,296,497,Periaqueductal gray,right
943,1149,2562,986,184,480,"Superior colliculus, motor related, intermediate white layer",right
943,1737,3340,958,320,653,Periaqueductal gray,left
943,2107,2993,957,397,578,Midbrain,left
946,1792,3385,958,333,661,Midbrain reticular nucleus,left
946,2678,3480,937,536,675,Pontine reticular nucleus,left
946,1234,3465,986,196,676,"Superior colliculus, motor related, intermediate white layer",left
946,1471,2423,973,264,443,"Superior colliculus, motor related, deep gray layer",right
945,2640,3732,930,535,725,Pons,left
945,2774,2822,936,555,542,Superior central nucleus raphe,right
948,1837,3167,950,341,614,Periaqueductal gray,left
954,1363,3029,960,233,583,Periaqueductal gray,left
954,1827,3254,951,339,633,Periaqueductal gray,left
950,1798,3164,948,333,615,Periaqueductal gray,left
952,1867,3161,949,347,613,Periaqueductal gray,left
952,1729,2663,948,320,505,Periaqueductal gray,right
953,1863,3177,950,347,616,Periaqueductal gray,left
953,1987,3026,953,370,584,Midbrain,left
955,1776,2730,944,329,519,Periaqueductal gray,right
955,1902,3013,946,353,582,Periaqueductal gray,left
955,1831,3123,945,339,606,Periaqueductal gray,left
956,1827,2882,941,338,551,Periaqueductal gray,right
959,1815,2787,941,337,531,Periaqueductal gray,right
959,1656,2598,949,304,489,Periaqueductal gray,right
957,1931,3219,950,360,624,Periaqueductal gray,left
960,1842,3197,946,341,620,Periaqueductal gray,left
960,1887,2942,943,350,565,Dorsal nucleus raphe,right
962,2829,3095,925,569,598,Tegmental reticular nucleus,left
963,1976,3162,947,368,612,Periaqueductal gray,left
963,1869,3217,946,347,623,Periaqueductal gray,left
965,2795,3300,928,560,639,Pontine reticular nucleus,left
965,1810,3283,947,335,639,Periaqueductal gray,left
965,1863,3238,947,346,629,Periaqueductal gray,left
965,1974,2986,947,367,575,Dorsal nucleus raphe,left
969,1878,2996,939,348,577,Periaqueductal gray,left
969,1777,3165,940,326,614,Periaqueductal gray,left
964,1971,3335,947,369,647,Midbrain reticular nucleus,left
966,1769,3165,940,325,614,Periaqueductal gray,left
968,1873,2794,941,348,534,Supraoculomotor periaqueductal gray,right
970,2791,2510,930,562,477,Pontine reticular nucleus,right
973,2693,2524,932,539,481,Pontine reticular nucleus,right
975,1272,2408,967,214,439,"Superior colliculus, motor related, intermediate white layer",right
975,1650,2713,934,300,514,Periaqueductal gray,right
975,1133,2781,969,178,530,"Superior colliculus, motor related, intermediate white layer",right
975,1873,3133,938,346,607,Periaqueductal gray,left
974,1808,3329,945,335,648,Periaqueductal gray,left
974,1141,2539,971,179,475,"Superior colliculus, motor related, intermediate gray layer",right
974,2010,2982,943,374,574,Dorsal nucleus raphe,left
977,1942,2881,939,359,552,Periaqueductal gray,right
977,2696,2524,930,538,481,Pontine reticular nucleus,right
980,1702,2603,939,314,492,Periaqueductal gray,right
981,1826,3066,932,336,592,Periaqueductal gray,left
985,2338,3203,927,450,624,Midbrain reticular nucleus,left
985,1868,3116,934,345,602,Supraoculomotor periaqueductal gray,left
985,1214,2480,963,199,458,"Superior colliculus, motor related, intermediate white layer",right
988,2793,3145,914,558,608,Pons,left
988,2614,2642,925,516,504,Pontine reticular nucleus,right
988,2661,2603,924,527,497,Pontine reticular nucleus,right
987,2059,2974,936,384,573,Midbrain,left
989,1870,2786,932,346,532,Supraoculomotor periaqueductal gray,right
992,1903,2310,937,361,425,Midbrain reticular nucleus,right
991,1635,3334,940,293,652,Periaqueductal gray,left
994,1777,3290,935,325,639,Periaqueductal gray,left
1001,2791,3146,909,556,608,Pons,left
1001,1747,3311,934,317,644,Periaqueductal gray,left
1001,2127,2979,928,398,574,Midbrain,left
997,1809,3456,938,333,678,Midbrain reticular nucleus,left
1000,1810,3455,936,332,678,Midbrain reticular nucleus,left
1003,1763,3315,932,322,644,Periaqueductal gray,left
1006,2195,3226,921,415,625,Midbrain reticular nucleus,left
1004,1762,3280,931,320,637,Periaqueductal gray,left
1005,1906,2995,924,350,577,Periaqueductal gray,left
1009,2199,3227,920,416,625,Midbrain reticular nucleus,left
1010,2559,3250,912,498,633,Pontine reticular nucleus,left
1010,1342,2282,952,230,406,"Superior colliculus, motor related, intermediate white layer",right
1010,1370,2332,949,239,418,"Superior colliculus, motor related, intermediate white layer",right
1011,1339,2994,936,225,574,"Superior colliculus, motor related, deep white layer",left
1012,1315,2348,949,224,423,"Superior colliculus, motor related, intermediate white layer",right
1012,1666,3310,930,298,645,Periaqueductal gray,left
1012,1705,2619,924,313,496,Periaqueductal gray,right
1012,2774,2755,905,551,530,Pons,right
1014,1354,2329,947,235,418,"Superior colliculus, motor related, intermediate white layer",right
1014,1704,2640,923,312,501,Periaqueductal gray,right
1013,2428,3607,907,474,703,Midbrain,left
1016,1332,2427,944,228,442,"Superior colliculus, motor related, intermediate white layer",right
1017,2777,3186,903,550,616,Pontine reticular nucleus,left
1020,1902,3246,923,348,628,Periaqueductal gray,left
1018,2786,2797,901,553,538,Pons,right
1022,1615,2656,919,292,502,Periaqueductal gray,right
1022,2795,3167,898,555,612,Pontine reticular nucleus,left
1021,2273,2731,916,434,519,Midbrain reticular nucleus,right
1024,2533,2408,907,499,455,rubrospinal tract,right
1028,1371,2272,942,238,404,"Superior colliculus, motor related, intermediate white layer",right
1025,2303,3415,909,442,664,Midbrain reticular nucleus,left
1025,2198,2544,915,420,481,Red nucleus,right
1026,2685,2616,904,530,499,Pontine reticular nucleus,right
1026,1403,2276,941,247,405,"Superior colliculus, motor related, intermediate white layer",right
1029,1708,2650,917,312,503,Periaqueductal gray,right
1030,2314,3304,906,442,642,Red nucleus,left
1030,2329,3477,906,448,676,"Midbrain reticular nucleus, retrorubral area",left
1031,1773,5315,914,341,1066,"Temporal association areas, layer 1",left
1031,1366,2257,941,236,400,"Superior colliculus, motor related, intermediate gray layer",right
1033,1366,2259,941,236,401,"Superior colliculus, motor related, intermediate white layer",right
1033,2308,3300,905,441,640,Red nucleus,left
1033,2325,3479,905,447,677,"Midbrain reticular nucleus, retrorubral area",left
1033,2283,3456,906,437,672,Midbrain reticular nucleus,left
1034,1769,5317,914,340,1066,"Temporal association areas, layer 1",left
1034,2417,3488,901,466,680,"Midbrain reticular nucleus, retrorubral area",left
1036,2881,5181,875,580,1029,"Entorhinal area, lateral part, layer 1",left
1039,2739,2874,892,542,554,"Interpeduncular nucleus, intermediate",right
1042,2288,2549,906,439,483,Red nucleus,right
1042,2428,3227,898,465,627,Midbrain,left
1040,1682,3210,913,298,621,Periaqueductal gray,left
1045,1760,2657,910,321,505,Periaqueductal gray,right
1049,1242,2632,928,199,493,"Superior colliculus, motor related, intermediate white layer",right
1051,2393,3352,894,459,651,Midbrain reticular nucleus,left
1054,1497,5220,913,270,1046,"Temporal association areas, layer 1",left
1053,1561,3034,904,273,584,Periaqueductal gray,left
1057,1639,3230,909,288,625,Periaqueductal gray,left
1057,1702,2647,906,308,501,Periaqueductal gray,right
1060,1480,2943,905,255,564,Periaqueductal gray,right
1058,2107,2980,902,390,572,Rostral linear nucleus raphe,left
1062,2442,2550,894,471,483,Midbrain,right
1062,2422,3421,890,464,665,"Midbrain reticular nucleus, retrorubral area",left
1064,1424,2256,924,250,402,"Superior colliculus, motor related, intermediate white layer",right
1065,1934,3123,903,351,603,Periaqueductal gray,left
1066,2739,3057,880,540,590,"Interpeduncular nucleus, dorsolateral",left
1068,2671,3014,883,524,582,"Interpeduncular nucleus, apical",left
1068,1388,2230,925,240,397,"Superior colliculus, motor related, intermediate gray layer",right
1069,1452,2275,921,256,406,"Superior colliculus, motor related, intermediate white layer",right
1069,2814,2876,874,557,554,"Interpeduncular nucleus, caudal",right
1072,1806,2686,899,327,511,Periaqueductal gray,right
1072,1454,2204,920,257,391,"Superior colliculus, motor related, intermediate gray layer",right
1072,1485,2139,919,263,378,"Superior colliculus, motor related, intermediate gray layer",right
1070,2815,2876,873,557,554,"Interpeduncular nucleus, caudal",right
1073,1354,3082,912,221,592,"Superior colliculus, motor related, deep gray layer",left
1073,1464,2170,920,259,384,"Superior colliculus, motor related, intermediate gray layer",right
1076,1407,2278,919,243,408,"Superior colliculus, motor related, intermediate white layer",right
1076,1510,2179,916,270,386,"Superior colliculus, motor related, intermediate gray layer",right
1082,1473,2176,916,261,386,"Superior colliculus, motor related, intermediate gray layer",right
1081,1418,2346,914,246,423,"Superior colliculus, motor related, intermediate white layer",right
1081,1439,2326,914,251,418,"Superior colliculus, motor related, intermediate white layer",right
1081,1457,2331,914,255,419,"Superior colliculus, motor related, intermediate white layer",right
1081,1529,2166,914,274,383,"Superior colliculus, motor related, intermediate gray layer",right
1081,2612,3270,877,504,637,rubrospinal tract,left
1083,1458,2250,914,257,402,"Superior colliculus, motor related, intermediate white layer",right
1083,1547,2278,910,277,407,"Superior colliculus, motor related, intermediate white layer",right
1084,1457,2222,915,256,395,"Superior colliculus, motor related, intermediate white layer",right
1089,1431,2255,914,249,403,"Superior colliculus, motor related, intermediate white layer",right
1090,1460,3686,918,243,737,"Superior colliculus, motor related, intermediate gray layer",left
1090,1489,2231,911,264,397,"Superior colliculus, motor related, intermediate white layer",right
1090,2537,3373,875,487,658,Ventral tegmental area,left
1090,1484,2185,912,262,388,"Superior colliculus, motor related, intermediate gray layer",right
1088,1553,2137,909,278,377,"Superior colliculus, motor related, intermediate gray layer",right
1091,1548,2190,908,277,388,"Superior colliculus, motor related, intermediate gray layer",right
1095,1461,709,897,277,85,"Temporal association areas, layer 1",right
1095,1297,2724,904,207,514,"Superior colliculus, motor related, intermediate white layer",right
1097,1563,2144,906,280,379,"Superior colliculus, motor related, intermediate gray layer",right
1100,1470,3047,894,248,584,Periaqueductal gray,left
1100,1284,2796,903,205,529,"Superior colliculus, motor related, intermediate white layer",right
1098,1597,2120,904,286,374,"Superior colliculus, motor related, intermediate gray layer",right
1099,1459,2269,907,255,407,"Superior colliculus, motor related, intermediate white layer",right
1104,1522,2182,905,269,387,"Superior colliculus, motor related, intermediate gray layer",right
1105,1444,2259,907,251,405,"Superior colliculus, motor related, intermediate white layer",right
1105,1705,2567,892,305,479,"Superior colliculus, motor related, deep gray layer",right
1106,1760,3640,900,314,731,Midbrain,left
1106,1247,2505,907,195,465,"Superior colliculus, motor related, intermediate gray layer",right
1108,1509,2218,903,266,396,"Superior colliculus, motor related, intermediate white layer",right
1107,1551,2184,902,276,388,"Superior colliculus, motor related, intermediate gray layer",right
1107,1573,2191,901,281,388,"Superior colliculus, motor related, intermediate gray layer",right
1133,1223,5080,880,201,1009,"Temporal association areas, layer 1",left
1129,1797,3742,893,320,753,Midbrain,left
1129,1651,2176,892,295,383,"Superior colliculus, motor related, intermediate gray layer",right
1130,1587,2288,891,280,410,"Superior colliculus, motor related, intermediate white layer",right
1131,1475,2286,894,253,411,"Superior colliculus, motor related, intermediate gray layer",right
1131,1590,2178,892,281,387,"Superior colliculus, motor related, intermediate gray layer",right
1132,2068,3576,882,384,714,Midbrain reticular nucleus,left
1137,1250,5110,877,207,1016,"Temporal association areas, layer 1",left
1137,1689,2192,889,303,385,"Superior colliculus, motor related, intermediate gray layer",right
1137,1693,2383,885,303,430,"Superior colliculus, motor related, intermediate white layer",right
1139,1667,2208,888,297,391,"Superior colliculus, motor related, intermediate white layer",right
1139,1720,2173,888,309,382,"Superior colliculus, motor related, intermediate gray layer",right
1139,1658,2168,888,296,383,"Superior colliculus, motor related, intermediate gray layer",right
1138,1390,3274,889,219,638,"Superior colliculus, motor related, intermediate white layer",left
1138,1530,2165,892,266,386,"Superior colliculus, motor related, intermediate gray layer",right
1138,1600,2302,888,282,412,"Superior colliculus, motor related, intermediate white layer",right
1138,1744,2206,888,315,387,"Superior colliculus, motor related, intermediate gray layer",right
1140,1544,2228,890,270,399,"Superior colliculus, motor related, intermediate gray layer",right
1140,1654,2144,888,294,378,"Superior colliculus, motor related, intermediate gray layer",right
1140,1711,2205,887,307,388,"Superior colliculus, motor related, intermediate gray layer",right
1141,1566,2236,889,274,399,"Superior colliculus, motor related, intermediate white layer",right
1141,1622,2250,888,287,400,"Superior colliculus, motor related, intermediate white layer",right
1141,1247,3553,911,187,705,"Superior colliculus, optic layer",left
1141,1720,2231,887,310,393,"Superior colliculus, motor related, intermediate white layer",right
1146,1680,3673,888,292,737,"Superior colliculus, motor related, intermediate white layer",left
1146,1583,3850,888,269,762,"Superior colliculus, motor related, intermediate gray layer",left
1145,2159,3065,869,396,588,Midbrain,left
1145,2485,3277,853,474,633,Red nucleus,left
1144,2116,1327,877,406,219,Field CA1,right
1147,1625,3760,889,279,750,"Superior colliculus, motor related, intermediate gray layer",left
1147,1956,2353,878,361,423,Midbrain reticular nucleus,right
1147,1582,3849,888,268,762,"Superior colliculus, motor related, intermediate gray layer",left
1152,2549,5384,826,506,1065,"Entorhinal area, lateral part, layer 1",left
1152,2114,1329,873,406,220,"Dentate gyrus, molecular layer",right
1161,1554,2317,880,267,417,"Superior colliculus, motor related, intermediate white layer",right
1161,1575,2181,882,273,389,"Superior colliculus, motor related, intermediate gray layer",right
1161,1628,2275,879,286,407,"Superior colliculus, motor related, intermediate white layer",right
1161,1640,2232,880,289,397,"Superior colliculus, motor related, intermediate white layer",right
1161,1681,2200,880,298,389,"Superior colliculus, motor related, intermediate gray layer",right
1161,1698,2184,881,303,386,"Superior colliculus, motor related, intermediate gray layer",right
1161,1702,3703,883,296,742,"Superior colliculus, motor related, intermediate white layer",left
1161,1714,2151,881,305,379,"Superior colliculus, motor related, intermediate gray layer",right
1161,1726,2281,878,309,405,"Superior colliculus, motor related, intermediate white layer",right
1161,1737,2185,881,311,385,"Superior colliculus, motor related, intermediate gray layer",right
1161,1673,2132,882,296,376,"Superior colliculus, motor related, intermediate gray layer",right
1161,1701,2311,878,303,413,"Superior colliculus, motor related, intermediate white layer",right
1161,1769,3703,882,313,744,"Superior colliculus, motor related, intermediate white layer",left
1161,2144,3002,864,391,575,Edinger-Westphal nucleus,left
1163,1721,2204,879,307,389,"Superior colliculus, motor related, intermediate gray layer",right
1163,1628,2291,878,285,410,"Superior colliculus, motor related, intermediate white layer",right
1163,1699,2200,879,302,389,"Superior colliculus, motor related, intermediate gray layer",right
1163,1661,2097,881,291,371,"Superior colliculus, motor related, intermediate gray layer",right
1163,1687,2273,877,299,405,"Superior colliculus, motor related, intermediate white layer",right
1162,1724,2245,878,309,398,"Superior colliculus, motor related, intermediate white layer",right
1162,1818,3703,880,324,745,"Superior colliculus, motor related, intermediate white layer",left
1162,2175,3023,862,398,579,Medial accesory oculomotor nucleus,left
1162,1698,2299,877,302,411,"Superior colliculus, motor related, intermediate white layer",right
1162,1708,2154,880,304,380,"Superior colliculus, motor related, intermediate gray layer",right
1162,1727,2161,880,308,380,"Superior colliculus, motor related, intermediate gray layer",right
1162,2167,3042,862,395,582,Medial accesory oculomotor nucleus,left
1162,2189,3032,861,401,580,Medial accesory oculomotor nucleus,left
1164,1786,3715,880,316,746,"Superior colliculus, motor related, intermediate white layer",left
1164,1662,2233,878,293,397,"Superior colliculus, motor related, intermediate white layer",right
1164,1688,2173,879,300,384,"Superior colliculus, motor related, intermediate gray layer",right
1165,1667,2192,879,294,388,"Superior colliculus, motor related, intermediate gray layer",right
1165,1669,2261,878,295,402,"Superior colliculus, motor related, intermediate white layer",right
1170,1809,3785,878,321,759,"Superior colliculus, motor related, intermediate gray layer",left
1170,1962,3105,865,351,598,Periaqueductal gray,left
1170,2467,3150,845,467,606,Midbrain,left
1167,2591,2463,843,501,466,Ventral tegmental area,right
1169,1829,3684,878,326,741,"Superior colliculus, motor related, intermediate white layer",left
1169,2218,4611,851,418,917,"Dentate gyrus, molecular layer",left
1169,2310,3178,853,430,610,Red nucleus,left
1173,1711,3675,877,297,737,"Superior colliculus, motor related, intermediate white layer",left
1179,2204,3029,854,403,580,Medial accesory oculomotor nucleus,left
1179,1613,2380,870,277,431,"Superior colliculus, motor related, intermediate white layer",right
1179,2404,578,841,495,73,"Entorhinal area, lateral part, layer 1",right
1178,2194,3046,855,401,583,Medial accesory oculomotor nucleus,left
1178,2412,3168,844,453,609,Midbrain reticular nucleus,left
1177,1587,2327,873,272,419,"Superior colliculus, motor related, intermediate white layer",right
1177,1660,2293,872,291,411,"Superior colliculus, motor related, intermediate white layer",right
1177,1666,2228,874,293,397,"Superior colliculus, motor related, intermediate gray layer",right
1177,1676,2357,871,293,425,"Superior colliculus, motor related, intermediate white layer",right
1177,1750,2352,871,312,422,"Superior colliculus, motor related, intermediate white layer",right
1177,2199,3036,856,402,581,Medial accesory oculomotor nucleus,left
1177,1645,2232,874,288,398,"Superior colliculus, motor related, intermediate gray layer",right
1177,1684,2375,871,296,429,"Superior colliculus, motor related, intermediate white layer",right
1177,1699,2274,872,301,406,"Superior colliculus, motor related, intermediate white layer",right
1177,2415,3207,845,455,617,Red nucleus,left
1183,1957,3494,867,354,695,Midbrain reticular nucleus,left
1185,1646,2215,871,287,396,"Superior colliculus, motor related, intermediate gray layer",right
1185,1649,2267,870,288,406,"Superior colliculus, motor related, intermediate gray layer",right
1185,1654,2196,871,289,391,"Superior colliculus, motor related, intermediate gray layer",right
1185,1687,2185,871,296,388,"Superior colliculus, motor related, intermediate gray layer",right
1185,1694,2190,871,299,389,"Superior colliculus, motor related, intermediate gray layer",right
1185,1778,3654,872,314,733,"Superior colliculus, motor related, intermediate white layer",left
1185,1914,3526,868,345,704,Midbrain,left
1185,2232,3049,851,408,584,Medial accesory oculomotor nucleus,left
1185,1976,3546,868,359,709,Midbrain reticular nucleus,left
1185,2410,3064,844,451,589,Midbrain,left
1186,1671,2232,870,293,398,"Superior colliculus, motor related, intermediate gray layer",right
1186,1707,2261,869,301,403,"Superior colliculus, motor related, intermediate white layer",right
1188,2263,3050,848,416,585,Midbrain,left
1193,1972,2847,857,352,541,Periaqueductal gray,right
1193,1774,2374,864,316,429,"Superior colliculus, motor related, intermediate white layer",right
1194,2249,3014,847,412,578,Medial accesory oculomotor nucleus,left
1194,2269,3014,846,417,578,Medial accesory oculomotor nucleus,left
1198,2280,3009,844,419,577,Medial accesory oculomotor nucleus,left
1199,2432,3152,835,457,606,Midbrain,left
1204,2512,3169,830,478,611,Midbrain,left
1201,1887,3533,863,337,706,"Superior colliculus, motor related, intermediate white layer",left
1203,1917,3245,854,340,630,Midbrain reticular nucleus,left
1206,1916,3255,853,340,632,Midbrain reticular nucleus,left
1210,2304,3051,838,425,585,Medial accesory oculomotor nucleus,left
1210,2306,3012,838,425,577,Medial accesory oculomotor nucleus,left
1212,2111,2926,845,381,559,Nucleus of Darkschewitsch,right
1212,3115,5021,787,625,985,Piriform area,left
1209,2390,3101,835,446,595,Midbrain,left
1209,2454,3087,832,463,593,Midbrain,left
1209,2340,3013,838,433,578,Medial accesory oculomotor nucleus,left
1213,2269,3018,839,416,579,Medial accesory oculomotor nucleus,left
1214,1943,2546,851,350,473,Midbrain reticular nucleus,right
1217,1885,3530,856,337,704,"Superior colliculus, motor related, intermediate white layer",left
1217,1914,2360,853,348,427,Midbrain,right
1217,2505,3167,826,477,610,Midbrain,left
1217,1207,5101,839,193,1015,"Posterior auditory area, layer 1",left
1217,2185,3013,841,397,578,Nucleus of Darkschewitsch,left
1218,1890,2821,847,332,534,Periaqueductal gray,right
1218,1907,2253,855,346,403,Midbrain,right
1218,1964,2452,850,357,450,Midbrain,right
1218,2376,3057,832,442,587,Midbrain,left
1218,2440,3158,828,461,608,Midbrain,left
1218,2449,3114,828,462,599,Midbrain,left
1221,1909,3251,847,338,631,Midbrain reticular nucleus,left
1221,2305,3024,834,425,580,Medial accesory oculomotor nucleus,left
1221,1706,2462,854,294,452,"Superior colliculus, motor related, intermediate white layer",right
1221,2384,3100,830,446,596,Midbrain reticular nucleus,left
1221,2349,3129,831,438,601,Midbrain reticular nucleus,left
1219,2137,2849,841,388,543,Interstitial nucleus of Cajal,right
1219,2448,3086,827,462,593,Midbrain,left
1220,2250,3031,836,412,581,Periaqueductal gray,left
1220,2261,3019,836,414,579,Periaqueductal gray,left
1220,2299,3050,834,424,585,Medial accesory oculomotor nucleus,left
1220,2129,2848,841,387,543,Interstitial nucleus of Cajal,right
1220,2333,3013,833,432,579,Medial accesory oculomotor nucleus,left
1220,2384,3150,829,447,606,Midbrain reticular nucleus,left
1222,2299,3012,834,424,577,Medial accesory oculomotor nucleus,left
1223,2131,2732,839,389,517,Midbrain reticular nucleus,right
1225,2121,2931,840,383,560,Nucleus of Darkschewitsch,right
1225,2392,3090,828,447,594,Midbrain,left
1227,1875,3505,851,333,697,Midbrain,left
1227,2269,3014,832,417,578,Periaqueductal gray,left
1237,2306,3011,828,425,578,Medial accesory oculomotor nucleus,left
1237,2314,3033,827,428,583,Medial accesory oculomotor nucleus,left
1228,2280,3041,832,419,583,Midbrain,left
1228,1726,2448,851,298,450,"Superior colliculus, motor related, intermediate white layer",right
1235,2279,3021,828,419,579,Periaqueductal gray,left
1235,2446,3108,820,461,598,Midbrain,left
1229,1934,2546,845,347,473,Midbrain,right
1230,2452,3107,823,462,597,Midbrain,left
1236,2389,2883,826,447,553,Midbrain,right
1236,2321,3017,827,429,579,Medial accesory oculomotor nucleus,left
1236,2491,3175,818,474,612,Midbrain,left
1234,2272,2933,830,417,562,Periaqueductal gray,right
1234,2296,3047,828,423,584,Midbrain,left
1234,2344,3009,827,435,578,Medial accesory oculomotor nucleus,left
1234,2433,3058,822,458,588,Midbrain,left
1234,2492,3154,819,473,608,Midbrain,left
1234,2503,3189,818,478,616,Midbrain,left
1234,2425,3168,821,458,610,Midbrain reticular nucleus,left
1234,2459,3158,820,466,609,Midbrain,left
1233,2323,3025,828,430,581,Medial accesory oculomotor nucleus,left
1233,2354,3016,827,437,579,Medial accesory oculomotor nucleus,left
1233,2406,3082,824,451,592,Midbrain,left
1233,2449,3208,821,465,619,Midbrain reticular nucleus,left
1233,2497,3117,820,474,600,Midbrain,left
1238,1948,2827,837,345,535,Periaqueductal gray,right
1238,2438,3119,819,460,600,Midbrain,left
1238,2297,2931,828,423,561,Periaqueductal gray,right
1239,2390,3050,822,447,586,Midbrain,left
1241,2493,3165,816,475,610,Midbrain,left
1242,2289,3030,825,422,582,Periaqueductal gray,left
1242,2383,3050,821,446,586,Midbrain,left
1243,2449,3082,817,462,592,Midbrain,left
1243,2463,3164,815,468,610,Midbrain,left
1244,2284,3019,825,421,580,Periaqueductal gray,left
1244,2421,3060,819,455,588,Midbrain,left
1244,2429,3037,819,457,583,Midbrain,left
1245,2312,3027,824,427,581,Medial accesory oculomotor nucleus,left
1245,2407,3061,819,451,588,Midbrain,left
1245,2434,3034,818,458,583,Midbrain,left
1246,2450,3123,816,463,602,Midbrain,left
1246,2481,3143,814,471,606,Midbrain,left
1246,2972,5008,775,593,983,Piriform area,left
1251,2407,3052,816,451,586,Midbrain,left
1251,2476,3205,811,471,619,Midbrain,left
1251,2464,3221,812,469,622,Midbrain,left
1250,2376,3018,819,443,580,Medial accesory oculomotor nucleus,left
1250,2412,3012,817,452,578,Midbrain,left
1250,2459,3074,814,465,592,Midbrain,left
1250,2493,3110,812,474,599,Midbrain,left
1250,2707,3458,809,529,672,Ventral tegmental area,left
1250,2309,3022,821,427,580,Periaqueductal gray,left
1250,2399,3110,816,451,598,Midbrain reticular nucleus,left
1249,1858,3450,841,328,681,Midbrain,left
1249,1983,3350,837,356,655,Midbrain reticular nucleus,left
1249,2412,3126,817,453,601,Midbrain reticular nucleus,left
1249,2463,3284,814,469,635,Midbrain reticular nucleus,left
1253,2296,3036,821,424,583,Nucleus of Darkschewitsch,left
1253,2450,3044,814,462,585,Midbrain,left
1253,2426,3043,815,456,585,Midbrain,left
1253,2427,3089,815,457,594,Midbrain,left
1252,2452,3141,813,464,605,Midbrain,left
1252,2332,3036,819,432,583,Medial accesory oculomotor nucleus,left
1254,2459,3094,812,466,596,Midbrain,left
1254,2538,3329,809,487,645,Midbrain,left
1255,2368,3045,816,443,585,Midbrain,left
1255,2489,3113,810,473,600,Midbrain,left
1256,2448,3085,812,463,594,Midbrain,left
1256,2493,3259,809,476,631,Midbrain,left
1257,2478,3099,810,471,597,Midbrain,left
1257,2385,3944,811,454,779,Zona incerta,left
1257,2431,3210,811,460,619,Midbrain reticular nucleus,left
1257,2456,3212,810,466,620,Midbrain,left
1258,2339,3021,817,435,580,Medial accesory oculomotor nucleus,left
1258,2374,3040,815,444,584,Midbrain,left
1258,2406,3082,813,452,592,Midbrain,left
1258,2533,3294,807,486,638,Midbrain,left
1258,1970,3197,830,350,618,Midbrain reticular nucleus,left
1258,2421,3205,811,458,618,Midbrain reticular nucleus,left
1258,2500,3096,809,475,596,Midbrain,left
1259,2378,3075,813,446,591,Midbrain,left
1260,2427,3131,811,458,603,Midbrain,left
1260,2375,3027,814,444,581,Midbrain,left
1260,2356,3092,814,440,594,Midbrain,left
1260,2387,3073,813,447,591,Midbrain,left
1261,2495,2855,812,475,546,Midbrain,right
1261,1968,3191,829,349,617,Midbrain reticular nucleus,left
1262,2351,3016,815,438,579,Periaqueductal gray,left
1262,2413,3148,810,456,607,Midbrain,left
1262,2427,3148,809,458,607,Midbrain,left
1262,3072,5039,763,614,993,Piriform area,left
1263,2424,3067,810,457,589,Midbrain,left
1263,2313,3033,815,429,583,Periaqueductal gray,left
1265,2424,3116,809,458,600,Midbrain,left
1265,2412,3108,810,454,599,Midbrain,left
1265,2332,3142,813,434,605,Midbrain reticular nucleus,left
1265,1962,3194,827,347,618,Midbrain reticular nucleus,left
1265,2357,3120,812,440,600,Midbrain reticular nucleus,left
1265,2417,2886,813,455,552,Midbrain,right
1266,2448,3078,808,463,593,Midbrain,left
1266,2319,3014,814,430,579,Periaqueductal gray,left
1266,1876,3377,831,330,661,Midbrain,left
1266,2438,3056,809,461,587,Midbrain,left
1266,2463,3066,807,467,590,Midbrain,left
1266,2481,3064,807,470,590,Midbrain,left
1264,2461,3100,808,466,597,Midbrain,left
1264,1965,3193,827,348,618,Midbrain reticular nucleus,left
1267,2317,3025,813,429,581,Periaqueductal gray,left
1267,2337,3031,812,434,582,Periaqueductal gray,left
1267,2570,3239,801,494,627,Midbrain,left
1267,1112,2881,851,157,545,"Superior colliculus, zonal layer",right
1268,2370,3020,811,443,580,Periaqueductal gray,left
1268,2292,3041,814,423,584,Nucleus of Darkschewitsch,left
1268,2422,3106,808,456,598,Midbrain,left
1269,2531,3268,803,484,633,Midbrain,left
1269,2434,3629,806,467,710,Midbrain,left
1271,1973,2580,825,354,483,Midbrain reticular nucleus,right
1271,2453,3027,806,464,581,Midbrain,left
1270,2581,3213,799,496,622,Midbrain,left
1273,2400,3021,808,451,580,Midbrain,left
1273,2400,3046,808,451,585,Midbrain,left
1273,2594,3242,798,499,628,Midbrain,left
1273,2397,3154,806,451,608,Midbrain,left
1273,2371,3236,807,446,625,Midbrain reticular nucleus,left
1273,2382,3334,807,450,647,Midbrain reticular nucleus,left
1272,2409,3121,806,454,601,Midbrain,left
1274,2431,3028,806,458,582,Midbrain,left
1274,2285,3004,812,422,577,Periaqueductal gray,left
1275,2538,3238,798,486,627,Midbrain,left
1275,2426,3127,804,458,602,Midbrain,left
1278,2333,2787,809,436,530,Midbrain reticular nucleus,right
1278,2395,3060,805,450,588,Midbrain,left
1278,2470,3066,802,468,590,Midbrain,left
1276,2450,3032,804,463,582,Midbrain,left
1276,2578,3318,798,496,644,Midbrain,left
1277,2542,3285,799,486,636,Midbrain,left
1279,2440,3069,802,461,591,Midbrain,left
1279,2579,3318,796,496,644,Midbrain,left
1282,2488,3043,800,473,586,Midbrain,left
1282,2426,3106,801,458,598,Midbrain,left
1282,2521,3062,798,480,589,Midbrain,left
1282,2533,3072,797,484,591,Midbrain,left
1282,2546,3384,797,488,657,medial lemniscus,left
1282,2550,3301,796,489,640,Midbrain,left
1282,2593,3381,795,499,656,Midbrain,left
1282,2284,3026,808,422,581,Periaqueductal gray,left
1282,2334,3045,806,435,585,Periaqueductal gray,left
1282,2401,3189,802,452,616,Midbrain,left
1282,2352,3015,806,438,579,Periaqueductal gray,left
1281,2417,3079,803,455,593,Midbrain,left
1281,2434,3100,802,460,597,Midbrain,left
1281,2458,3091,801,466,595,Midbrain,left
1281,2489,3239,798,474,627,Midbrain,left
1281,2576,3196,795,494,618,Midbrain,left
1284,1921,3343,822,339,653,Midbrain,left
1283,2450,3078,800,464,593,Midbrain,left
1283,2409,3133,801,454,604,Midbrain,left
1283,2468,3053,800,468,588,Midbrain,left
1283,2313,3347,804,433,650,Midbrain reticular nucleus,left
1285,2445,3056,801,462,587,Midbrain,left
1285,2575,3179,794,494,615,Midbrain,left
1285,2507,3261,796,478,631,Midbrain,left
1285,2344,3027,805,437,581,Periaqueductal gray,left
1287,2496,3094,796,475,596,fasciculus retroflexus,left
1287,2599,3260,791,500,632,Midbrain,left
1286,2474,3057,799,470,588,Midbrain,left
1286,2308,3290,804,431,638,Midbrain reticular nucleus,left
1286,2593,3246,792,499,629,Midbrain,left
1288,2330,3029,804,433,582,Periaqueductal gray,left
1289,2385,3133,800,448,604,Midbrain,left
1289,3033,5061,750,604,999,Piriform area,left
1289,2571,3176,792,493,614,Midbrain,left
1289,2590,3242,791,498,628,Midbrain,left
1289,2630,3344,791,507,649,Midbrain,left
1290,1974,3305,817,351,644,Midbrain reticular nucleus,left
1290,2347,4091,791,446,810,Zona incerta,left
1290,2422,3080,799,456,593,Midbrain,left
1290,2452,3088,797,464,595,Midbrain,left
1290,2519,3034,795,480,584,Midbrain,left
1290,2595,3258,790,499,632,Midbrain,left
1290,2629,3359,791,507,652,Midbrain,left
1290,2283,3365,803,426,655,Midbrain reticular nucleus,left
1290,2459,3079,797,466,593,Midbrain,left
1290,2475,3096,796,470,596,fasciculus retroflexus,left
1293,2468,3081,796,469,593,Midbrain,left
1293,2521,3064,794,481,590,Midbrain,left
1291,2552,3343,792,488,649,Midbrain,left
1291,2582,3164,790,495,612,Midbrain,left
1291,2584,3196,790,496,618,Midbrain,left
1291,1617,3544,826,267,700,Posterior pretectal nucleus,left
1291,2260,3345,803,419,651,Midbrain reticular nucleus,left
1292,2532,3069,794,483,591,Midbrain,left
1292,2258,2747,806,417,519,Midbrain reticular nucleus,right
1292,2451,3027,798,464,581,Midbrain,left
1292,2543,3200,791,487,619,Midbrain,left
1298,2462,3070,794,466,591,Midbrain,left
1298,2568,3128,788,492,604,Midbrain,left
1294,2467,3057,796,467,587,Midbrain,left
1294,2571,3175,790,493,614,Midbrain,left
1294,2573,3241,789,494,628,Midbrain,left
1294,2278,3134,803,421,605,Midbrain,left
1294,2445,3037,797,462,583,Midbrain,left
1295,2274,3214,801,421,622,Midbrain reticular nucleus,left
1296,2614,3253,787,503,631,Midbrain,left
1297,2574,3271,788,494,634,Midbrain,left
1297,2424,3280,794,459,635,Midbrain,left
1299,2483,3044,792,472,585,Midbrain,left
1300,2322,3051,799,431,586,Periaqueductal gray,left
1300,2551,3099,789,488,598,Midbrain,left
1300,2553,3112,789,489,600,Midbrain,left
1300,2235,3188,802,410,617,Midbrain reticular nucleus,left
1301,2272,3144,800,419,607,Midbrain,left
1301,2339,3057,798,436,587,Periaqueductal gray,left
1302,2253,3118,800,415,602,Midbrain,left
1302,2507,3083,790,477,594,Midbrain,left
1302,2266,3072,800,417,591,Periaqueductal gray,left
1302,2505,3062,791,477,589,Midbrain,left
1306,2035,2843,806,361,540,Periaqueductal gray,right
1306,2483,3056,790,472,587,Midbrain,left
1306,2424,3050,792,458,586,Periaqueductal gray,left
1303,2281,3077,798,421,592,Periaqueductal gray,left
1304,2346,3036,796,437,583,Periaqueductal gray,left
1305,2390,3051,794,449,586,Periaqueductal gray,left
1305,2439,3073,792,461,592,Midbrain,left
1305,2259,3158,799,416,610,Midbrain,left
1305,1383,2642,832,208,495,"Superior colliculus, optic layer",right
1307,2251,3168,797,414,613,Midbrain,left
1307,2323,3238,793,433,627,Midbrain reticular nucleus,left
1307,2409,2701,791,456,511,Midbrain,right
1307,2550,3133,785,488,605,Midbrain,left
1308,2374,3069,793,445,590,Periaqueductal gray,left
1311,2523,3076,785,482,592,Posterior hypothalamic nucleus,left
1311,2328,3165,792,434,611,Midbrain,left
1311,2304,3202,793,428,619,Midbrain reticular nucleus,left
1309,2338,3125,794,436,602,Midbrain,left
1309,2516,3167,786,479,611,Midbrain,left
1309,2380,3352,789,448,651,Midbrain reticular nucleus,left
1312,2539,3061,785,485,589,Posterior hypothalamic nucleus,left
1312,2276,3130,795,420,604,Midbrain,left
1312,2299,3090,794,426,595,Periaqueductal gray,left
1312,2328,3129,792,434,603,Midbrain,left
1312,2342,3061,792,436,588,Periaqueductal gray,left
1312,1571,3549,819,256,700,Nucleus of the optic tract,left
1312,2321,3077,793,431,592,Periaqueductal gray,left
1314,2185,3193,797,398,619,Midbrain reticular nucleus,left
1314,2212,3191,796,404,618,Midbrain reticular nucleus,left
1314,2362,3072,791,441,590,Periaqueductal gray,left
1313,2501,3071,786,476,591,Midbrain,left
1315,2411,3273,785,454,635,Midbrain,left
1315,2406,3082,788,453,592,Periaqueductal gray,left
1319,2239,3157,792,411,610,Midbrain,left
1320,2293,3121,790,425,602,Midbrain,left
1320,2549,3096,781,487,596,Posterior hypothalamic nucleus,left
1320,2389,3285,784,450,637,Midbrain,left
1321,2204,3175,794,402,614,Midbrain,left
1321,2275,3141,791,420,606,Midbrain,left
1322,2277,3089,790,419,595,Periaqueductal gray,left
1322,2250,3147,791,413,608,Midbrain,left
1322,2378,3315,783,447,643,Midbrain,left
1322,2278,3070,790,421,591,Periaqueductal gray,left
1323,2368,3096,786,444,596,Midbrain,left
1323,2497,3076,782,475,592,Posterior hypothalamic nucleus,left
1323,2413,3122,784,455,601,fasciculus retroflexus,left
1327,3365,3334,736,678,641,Ventral premammillary nucleus,left
1327,2483,3099,780,472,597,Midbrain,left
1328,1457,2550,818,225,474,Nucleus of the optic tract,right
1328,2235,3143,789,409,608,Midbrain,left
1328,2596,3211,774,497,621,Midbrain,left
1324,2425,3116,783,457,600,Midbrain,left
1325,2454,3087,783,465,594,Midbrain,left
1325,2142,3207,794,387,621,Retroparafascicular nucleus,left
1325,2516,3071,781,479,591,Posterior hypothalamic nucleus,left
1325,2464,3089,782,467,595,Midbrain,left
1325,2566,3100,779,491,597,Posterior hypothalamic nucleus,left
1326,2295,3113,787,424,601,Midbrain,left
1329,2392,3118,783,448,601,fasciculus retroflexus,left
1329,2575,3160,775,493,610,Midbrain,left
1329,2593,2402,774,502,450,Fields of Forel,right
1330,2457,3114,780,464,600,Midbrain,left
1330,2471,3125,779,468,602,Midbrain,left
1331,2560,3090,776,490,595,Posterior hypothalamic nucleus,left
1331,2487,3112,778,472,599,Midbrain,left
1331,2103,3078,792,377,593,Periaqueductal gray,left
1331,2436,3103,780,460,598,Midbrain,left
1333,2530,3102,777,483,597,Posterior hypothalamic nucleus,left
1333,2309,3040,784,428,584,Periaqueductal gray,left
1334,2328,3068,783,433,591,Periaqueductal gray,left
1336,1739,5420,757,306,1066,"Primary auditory area, layer 1",left
1339,3297,3317,736,658,638,Ventral premammillary nucleus,left
1339,2198,3145,785,400,608,Midbrain,left
1339,2392,3368,773,450,656,Thalamus,left
1339,2457,3158,775,464,610,Midbrain,left
1340,2412,3230,775,453,625,Midbrain,left
1341,2508,3130,773,477,603,Midbrain,left
1342,2241,3152,782,410,609,Midbrain,left
1342,2502,3194,771,474,618,Midbrain,left
1343,2459,3148,773,465,608,Midbrain,left
1345,2499,3139,772,475,606,Midbrain,left
1345,2501,3174,771,474,613,Midbrain,left
1345,2414,3181,774,454,614,Midbrain,left
1347,2169,3131,782,393,605,Periaqueductal gray,left
1347,2618,3199,765,502,619,Midbrain,left
1347,2063,2565,787,371,480,Midbrain reticular nucleus,right
1348,2424,3241,770,456,628,Midbrain,left
1349,2709,3162,762,523,609,Posterior hypothalamic nucleus,left
1349,2426,3108,773,457,599,Midbrain,left
1351,2193,3128,779,399,605,Midbrain,left
1353,2558,3109,767,489,599,Posterior hypothalamic nucleus,left
1353,2450,3232,768,462,625,Midbrain,left
1353,2193,3084,779,398,595,Periaqueductal gray,left
1353,2426,3234,769,456,626,Midbrain,left
1352,2573,3131,766,492,604,Posterior hypothalamic nucleus,left
1354,2165,3152,779,391,609,Midbrain,left
1354,2517,3173,766,478,613,Midbrain,left
1356,2459,3211,766,464,621,Midbrain,left
1357,2486,3195,766,470,618,Midbrain,left
1358,2445,3255,765,461,631,Midbrain,left
1358,2453,3224,765,463,624,Midbrain,left
1359,2498,3158,765,474,610,"Subparafascicular nucleus, magnocellular part",left
1367,3004,5071,712,591,1004,Piriform area,left
1375,3082,2790,734,610,532,Posterior hypothalamic nucleus,right
1376,2498,3222,756,473,624,Thalamus,left
1381,2830,3417,739,555,664,Lateral hypothalamic area,left
1379,2988,2713,736,591,516,Posterior hypothalamic nucleus,right
1385,2596,3604,741,501,703,Zona incerta,left
1385,2576,3617,742,497,705,Zona incerta,left
1385,2956,2631,736,583,498,Lateral hypothalamic area,right
1387,2585,2327,747,499,432,Zona incerta,right
1386,2669,3492,741,517,680,Zona incerta,left
1394,2621,3585,736,507,699,Zona incerta,left
1396,3071,3095,725,606,598,Posterior hypothalamic nucleus,left
1398,2569,2350,743,496,437,Zona incerta,right
1400,2636,3534,734,510,689,Zona incerta,left
1403,2628,3515,733,508,685,Ventral medial nucleus of the thalamus,left
1403,2974,3291,721,586,638,Posterior hypothalamic nucleus,left
1405,3513,3240,697,709,619,Hypothalamus,left
1404,2963,3157,724,582,610,Posterior hypothalamic nucleus,left
1409,3018,3091,720,595,597,Posterior hypothalamic nucleus,left
1409,2630,3512,732,508,684,Ventral medial nucleus of the thalamus,left
1410,2685,3435,731,519,669,Ventral medial nucleus of the thalamus,left
1412,3016,3041,719,594,587,Posterior hypothalamic nucleus,left
1412,2910,2737,726,572,520,Posterior hypothalamic nucleus,right
1413,2748,3313,728,532,642,Hypothalamus,left
1413,2967,3077,721,582,594,Posterior hypothalamic nucleus,left
1414,3052,2874,718,604,549,Dorsomedial nucleus of the hypothalamus,right
1414,2971,3104,719,583,600,Posterior hypothalamic nucleus,left
1414,2714,3424,728,526,667,Zona incerta,left
1417,2917,2745,724,574,522,Posterior hypothalamic nucleus,right
1417,3006,2908,719,594,558,Hypothalamus,right
1418,2941,2811,721,579,536,Posterior hypothalamic nucleus,right
1418,2949,3117,718,579,602,Posterior hypothalamic nucleus,left
1418,3016,3138,715,594,608,Posterior hypothalamic nucleus,left
1420,2939,2786,720,580,530,Posterior hypothalamic nucleus,right
1420,2516,5330,699,473,1052,Ectorhinal area/Layer 2/3,left
1421,2523,5337,699,475,1053,Ectorhinal area/Layer 2/3,left
1423,3051,3052,712,603,589,Dorsomedial nucleus of the hypothalamus,left
1423,3095,3040,711,613,587,Dorsomedial nucleus of the hypothalamus,left
1423,2980,3049,715,586,589,Posterior hypothalamic nucleus,left
1425,2891,3065,719,564,591,Posterior hypothalamic nucleus,left
1426,3002,3133,712,590,607,Posterior hypothalamic nucleus,left
1428,2660,3571,720,516,696,Zona incerta,left
1429,2953,3137,713,580,607,Posterior hypothalamic nucleus,left
1429,2852,3300,716,556,639,Hypothalamus,left
1429,2919,3114,715,572,602,Posterior hypothalamic nucleus,left
1430,2978,3082,711,586,596,Posterior hypothalamic nucleus,left
1430,2980,2867,713,589,547,Posterior hypothalamic nucleus,right
1432,2855,3064,717,556,591,Posterior hypothalamic nucleus,left
1432,2932,2872,715,576,549,Posterior hypothalamic nucleus,right
1433,2961,2811,714,584,535,Posterior hypothalamic nucleus,right
1433,2925,3084,713,573,596,Posterior hypothalamic nucleus,left
1433,2846,2906,720,555,557,Posterior hypothalamic nucleus,right
1433,2865,3052,717,558,588,Posterior hypothalamic nucleus,left
1434,2712,3346,720,523,650,Ventral medial nucleus of the thalamus,left
1435,2957,3084,709,580,597,Posterior hypothalamic nucleus,left
1435,2997,3147,707,589,610,Dorsomedial nucleus of the hypothalamus,left
1435,2808,2547,719,547,478,Hypothalamus,right
1436,2722,3389,718,526,659,Ventral medial nucleus of the thalamus,left
1436,2898,2858,715,569,547,Posterior hypothalamic nucleus,right
1436,2935,2844,713,578,543,Posterior hypothalamic nucleus,right
1436,2956,3039,710,580,587,Posterior hypothalamic nucleus,left
1436,3008,3211,706,592,623,Dorsomedial nucleus of the hypothalamus,left
1437,2727,3413,717,528,665,Zona incerta,left
1441,2969,3092,707,584,598,Dorsomedial nucleus of the hypothalamus,left
1441,2839,2494,715,555,468,Lateral hypothalamic area,right
1441,2898,3422,707,569,665,Lateral hypothalamic area,left
1439,2667,3534,716,516,689,Ventral medial nucleus of the thalamus,left
1438,2912,3097,711,569,598,Posterior hypothalamic nucleus,left
1444,3522,3229,680,709,619,Hypothalamus,left
1444,2944,2839,709,580,542,Posterior hypothalamic nucleus,right
1444,2984,2843,707,590,542,Dorsomedial nucleus of the hypothalamus,right
1444,2828,3097,712,550,597,Posterior hypothalamic nucleus,left
1444,2763,5008,691,531,979,Piriform area,left
1445,2930,2849,710,576,544,Posterior hypothalamic nucleus,right
1445,2951,2841,709,581,542,Posterior hypothalamic nucleus,right
1451,2731,3382,709,527,657,Ventral medial nucleus of the thalamus,left
1453,2851,3093,707,555,598,Posterior hypothalamic nucleus,left
1457,3501,3220,676,705,618,Ventromedial hypothalamic nucleus,left
1457,2816,2876,711,547,551,Posterior hypothalamic nucleus,right
1455,3016,3176,696,594,616,Dorsomedial nucleus of the hypothalamus,left
1463,3503,3296,672,707,633,Tuberal nucleus,left
1461,2953,3133,697,580,608,Dorsomedial nucleus of the hypothalamus,left
1466,2887,3527,694,566,687,Lateral hypothalamic area,left
1466,2708,3524,702,524,686,Zona incerta,left
1466,2915,3135,695,571,607,Hypothalamus,left
1465,2262,2690,724,413,505,Mediodorsal nucleus of thalamus,right
1465,3030,3259,691,596,633,Dorsomedial nucleus of the hypothalamus,left
1477,3444,3223,669,693,621,Ventromedial hypothalamic nucleus,left
1474,3026,2886,691,599,552,Dorsomedial nucleus of the hypothalamus,right
1476,2863,2792,700,559,532,Posterior hypothalamic nucleus,right
1476,3502,3306,667,706,635,Tuberal nucleus,left
1478,3501,3309,666,706,636,Tuberal nucleus,left
1480,3433,2626,671,691,498,Ventromedial hypothalamic nucleus,right
1482,3527,2846,668,710,542,Arcuate hypothalamic nucleus,right
1484,3195,3034,678,637,585,Ventromedial hypothalamic nucleus,left
1489,3525,2861,665,710,545,Arcuate hypothalamic nucleus,right
1496,3412,3066,665,685,590,Ventromedial hypothalamic nucleus,left
1496,3202,4994,647,626,981,Piriform area,left
1492,2498,5238,672,464,1029,"Visceral area, layer 4",left
1500,1552,1051,716,262,174,"Supplemental somatosensory area, layer 5",right
1508,944,3806,735,110,749,"Anterior area, layer 6a",left
1512,3445,3033,657,692,583,Arcuate hypothalamic nucleus,left
1518,3428,3055,654,688,588,Ventromedial hypothalamic nucleus,left
1520,2641,5050,662,496,983,"Agranular insular area, posterior part, layer 5",left
1523,3485,2770,651,701,525,Hypothalamus,right
1531,3087,2615,665,607,496,Perifornical nucleus,right
1537,3383,3071,646,677,592,Ventromedial hypothalamic nucleus,left
1537,2861,3252,662,557,631,Zona incerta,left
1537,2857,3583,659,554,697,Lateral hypothalamic area,left
1546,2855,3375,657,553,655,Zona incerta,left
1550,894,3804,715,101,745,"Anterior area, layer 5",left
1557,2585,4988,647,486,971,"Agranular insular area, posterior part, layer 6a",left
1570,1074,4447,687,154,861,"Primary somatosensory area, barrel field, layer 5",left
1580,2456,5281,637,453,1037,"Visceral area, layer 2/3",left
1617,2476,4966,622,461,968,"Visceral area, layer 6a",left
1620,1719,684,662,291,88,"Supplemental somatosensory area, layer 1",right
1627,2399,5084,619,442,990,"Visceral area, layer 5",left
1649,907,2519,671,104,473,"Retrosplenial area, lateral agranular part, layer 6a",right
1666,926,3680,660,109,704,"Primary somatosensory area, trunk, layer 5",left
1665,3230,2291,599,636,428,Lateral hypothalamic area,right
1697,952,3715,645,114,711,"Primary somatosensory area, trunk, layer 5",left
1701,2404,5314,584,442,1044,"Visceral area, layer 2/3",left
1714,978,2349,642,121,442,"Primary somatosensory area, trunk, layer 5",right
1723,1797,5273,594,301,1034,"Supplemental somatosensory area, layer 1",left
1736,2578,5283,562,480,1043,"Visceral area, layer 1",left
1747,1126,3936,611,158,760,"Primary somatosensory area, lower limb, layer 5",left
1755,1002,4560,602,114,886,"Primary somatosensory area, barrel field, layer 1",left
1771,2530,5264,546,469,1038,"Visceral area, layer 1",left
1798,1085,3622,593,136,690,"Primary motor area, Layer 5",left
1798,2956,2581,543,573,483,Bed nuclei of the stria terminalis,right
1804,2939,2587,541,569,484,Bed nuclei of the stria terminalis,right
1815,1188,3846,579,168,740,"Primary somatosensory area, lower limb, layer 6a",left
1812,1017,3623,589,121,689,"Primary motor area, Layer 5",left
1832,1165,3763,573,159,723,"Primary somatosensory area, lower limb, layer 5",left
1834,1920,5231,538,325,1029,"Supplemental somatosensory area, layer 1",left
1847,1850,5183,535,309,1019,"Supplemental somatosensory area, layer 1",left
1852,1537,5045,546,239,988,"Primary somatosensory area, nose, layer 1",left
1852,1541,5062,546,240,992,"Primary somatosensory area, nose, layer 1",left
1851,1533,5056,546,239,991,"Primary somatosensory area, nose, layer 1",left
1860,1188,3842,559,166,738,"Primary somatosensory area, lower limb, layer 5",left
1858,1286,3952,554,191,762,"Primary somatosensory area, upper limb, layer 6a",left
1871,1558,5057,536,245,990,"Primary somatosensory area, nose, layer 1",left
1877,1117,3465,557,139,659,"Secondary motor area, layer 6a",left
1887,1242,3883,544,178,747,"Primary somatosensory area, lower limb, layer 5",left
1890,1291,4007,541,192,771,"Primary somatosensory area, upper limb, layer 5",left
1921,1390,3767,524,208,727,"Primary motor area, Layer 6a",left
1957,3629,4060,432,713,797,Olfactory tubercle,left
1996,977,3102,510,106,586,"Secondary motor area, layer 1",left
2033,1555,4261,466,245,820,"Primary somatosensory area, upper limb, layer 5",left
2112,1529,1885,449,238,346,"Primary motor area, Layer 5",right
2116,1333,4561,439,182,877,"Primary somatosensory area, upper limb, layer 1",left
2129,1466,1851,447,220,338,"Primary motor area, Layer 5",right
2171,1512,3346,399,221,634,"Anterior cingulate area, dorsal part, layer 5",left
2194,1534,2704,390,228,501,"Anterior cingulate area, dorsal part, layer 5",right
2238,2275,4607,339,401,909,"Primary motor area, Layer 1",left
2258,1050,3450,404,109,658,"Secondary motor area, layer 1",left
2271,1492,2198,376,220,406,"Secondary motor area, layer 5",right
2276,1654,4541,346,254,880,"Primary motor area, Layer 1",left
2290,1195,3790,368,135,721,"Secondary motor area, layer 1",left
2302,1523,3409,336,215,643,"Secondary motor area, layer 5",left
2323,1260,1894,384,162,343,"Primary motor area, Layer 1",right
2327,2216,4519,302,380,884,"Primary motor area, Layer 1",left
2330,1474,2652,339,212,491,"Secondary motor area, layer 5",right
2335,1675,1504,365,273,242,"Primary motor area, Layer 1",right
2333,2207,4510,301,378,881,"Primary motor area, Layer 1",left
2336,1663,1517,365,270,244,"Primary motor area, Layer 1",right
2377,1387,3155,323,182,587,"Anterior cingulate area, dorsal part, layer 1",left
2392,1965,3422,257,301,637,"Orbital area, medial part, layer 5",left
2389,1178,2597,343,133,477,"Secondary motor area, layer 1",right
2418,1485,3874,283,191,742,"Secondary motor area, layer 1",left
2435,1300,2167,325,165,391,"Secondary motor area, layer 1",right
2452,1371,3262,296,172,605,"Secondary motor area, layer 1",left
2487,1468,3215,276,194,596,"Secondary motor area, layer 1",left
2487,1791,4175,244,259,804,"Secondary motor area, layer 1",left
2497,1455,2738,274,182,509,"Secondary motor area, layer 1",right
2521,1518,2831,262,197,530,"Secondary motor area, layer 1",right
2524,1690,2348,239,257,418,"Secondary motor area, layer 5",right
2529,1686,2346,237,256,416,"Secondary motor area, layer 5",right
2553,2499,2144,204,438,400,"lateral olfactory tract, body",right
2564,1851,4006,207,254,767,"Secondary motor area, layer 1",left
2565,2705,2124,200,475,399,Olfactory areas,right
2594,2152,3855,171,301,734,Main olfactory bulb,left
