coordinate_raw_axis_0,coordinate_raw_axis_1,coordinate_raw_axis_2,coordinate_atlas_axis_0,coordinate_atlas_axis_1,coordinate_atlas_axis_2,structure_name,hemisphere
214,1692,1945,1316,338,457,Copula pyramidis,right
217,2748,2338,1315,579,555,Dorsal motor nucleus of the vagus nerve,right
217,3123,2670,1314,663,634,"Medullary reticular nucleus, ventral part",left
219,1799,1974,1310,363,466,Pyramus (VIII),right
219,3108,2540,1316,657,606,"Medullary reticular nucleus, ventral part",left
219,2662,2356,1316,559,557,Medulla,right
220,2644,2381,1316,555,563,Medulla,right
221,3194,2625,1316,680,624,"Medullary reticular nucleus, ventral part",left
221,2882,2134,1310,613,509,Intermediate reticular nucleus,right
221,2887,2042,1308,619,489,Intermediate reticular nucleus,right
222,2698,1954,1304,583,468,"Medullary reticular nucleus, dorsal part",right
223,3202,2646,1314,682,629,"Medullary reticular nucleus, ventral part",left
224,2652,2321,1314,558,548,Nucleus of the solitary tract,right
225,2700,2344,1313,568,555,Dorsal motor nucleus of the vagus nerve,right
225,2880,2037,1306,619,488,Intermediate reticular nucleus,right
225,3093,2111,1313,664,508,"Medullary reticular nucleus, ventral part",right
225,2613,2396,1315,548,566,Medulla,right
225,2638,2324,1314,555,549,Nucleus of the solitary tract,right
225,2652,2349,1314,557,555,Nucleus of the solitary tract,right
227,2574,2400,1315,539,567,root,right
227,2742,2313,1310,578,548,Dorsal motor nucleus of the vagus nerve,right
229,2607,2226,1313,551,524,Cuneate nucleus,right
229,3129,2718,1308,668,645,"Medullary reticular nucleus, ventral part",left
229,2985,1925,1310,650,466,Intermediate reticular nucleus,right
230,3164,2635,1310,673,627,"Medullary reticular nucleus, ventral part",left
230,2602,2278,1313,548,537,Cuneate nucleus,right
230,3176,2695,1309,678,640,"Medullary reticular nucleus, ventral part",left
231,2536,2527,1316,528,597,Gracile nucleus,left
233,2827,2324,1307,597,552,Medulla,right
233,2598,2282,1312,548,537,Cuneate nucleus,right
233,2604,2328,1312,548,550,Nucleus of the solitary tract,right
233,2736,2298,1308,578,544,Medulla,right
234,2810,2882,1302,592,676,"Medullary reticular nucleus, dorsal part",left
235,2567,2256,1312,541,531,Cuneate nucleus,right
235,3146,2695,1305,671,640,"Medullary reticular nucleus, ventral part",left
235,2652,2495,1310,555,591,Nucleus of the solitary tract,left
238,1824,1851,1305,374,438,Copula pyramidis,right
238,2545,2281,1312,536,537,Medulla,right
238,2461,2254,1316,515,530,Gracile nucleus,right
238,2575,2328,1311,542,549,Gracile nucleus,right
237,2598,2342,1311,547,552,Nucleus of the solitary tract,right
237,2529,2330,1313,530,549,Gracile nucleus,right
237,2592,2301,1311,546,542,Nucleus of the solitary tract,right
236,3185,2085,1311,688,503,"Medullary reticular nucleus, ventral part",right
242,2719,2943,1298,573,688,"Medullary reticular nucleus, dorsal part",left
242,2578,2390,1309,542,564,Medulla,right
241,3068,2779,1300,656,658,"Medullary reticular nucleus, ventral part",left
241,3093,2172,1306,662,520,"Medullary reticular nucleus, ventral part",right
246,2436,2320,1312,508,546,root,right
246,2545,2294,1309,536,540,Gracile nucleus,right
246,2584,2317,1307,545,546,Nucleus of the solitary tract,right
243,3137,2721,1302,671,646,"Medullary reticular nucleus, ventral part",left
244,3177,2148,1307,682,517,"Medullary reticular nucleus, ventral part",right
244,3093,2205,1304,661,528,"Medullary reticular nucleus, ventral part",right
245,2510,2312,1311,527,544,Gracile nucleus,right
249,2538,2349,1308,534,554,Gracile nucleus,right
249,2947,1888,1300,646,457,"Medullary reticular nucleus, dorsal part",right
249,3064,2170,1301,656,519,"Medullary reticular nucleus, ventral part",right
249,2439,2320,1312,510,546,Gracile nucleus,right
249,3260,2380,1313,695,571,pyramidal decussation,left
250,2570,2402,1306,540,567,Medulla,right
253,3137,2804,1298,675,663,"Medullary reticular nucleus, ventral part",left
252,2562,2388,1306,538,564,Medulla,right
254,2518,2241,1307,533,527,Cuneate nucleus,right
254,2584,2282,1304,547,537,Nucleus of the solitary tract,right
254,3331,2208,1308,715,534,Medulla,right
258,2490,2263,1307,525,533,Gracile nucleus,right
258,2498,2299,1306,526,541,Gracile nucleus,right
258,2422,2306,1308,506,542,Gracile nucleus,right
258,2557,2361,1304,538,556,Nucleus of the solitary tract,right
258,2910,2295,1296,618,546,"Medullary reticular nucleus, ventral part",right
257,3138,2693,1298,672,641,"Medullary reticular nucleus, ventral part",left
257,3327,2209,1307,714,534,Medulla,right
259,2453,2361,1306,514,556,Gracile nucleus,right
259,2849,2853,1291,604,671,"Medullary reticular nucleus, dorsal part",left
260,2984,2236,1295,635,532,"Medullary reticular nucleus, ventral part",right
261,3184,2656,1299,682,633,"Medullary reticular nucleus, ventral part",left
262,2454,2306,1306,515,542,Gracile nucleus,right
266,2996,2136,1292,643,509,"Medullary reticular nucleus, ventral part",right
265,2508,2352,1303,528,553,Gracile nucleus,right
265,2975,2536,1294,629,606,"Medullary reticular nucleus, ventral part",left
265,2891,2152,1291,619,511,"Medullary reticular nucleus, ventral part",right
267,2678,1894,1285,586,454,"Medullary reticular nucleus, dorsal part",right
268,2989,1874,1296,660,453,Intermediate reticular nucleus,right
271,2408,2340,1302,505,550,root,right
271,2505,2365,1300,527,557,Gracile nucleus,right
271,2620,2178,1295,561,513,Medulla,right
270,3101,2140,1294,667,512,"Medullary reticular nucleus, ventral part",right
273,2558,2604,1299,537,615,Cuneate nucleus,left
273,2596,2102,1293,559,495,"Medullary reticular nucleus, dorsal part",right
273,2796,1935,1283,611,463,"Medullary reticular nucleus, dorsal part",right
273,3075,2232,1293,657,533,"Medullary reticular nucleus, ventral part",right
273,2639,2730,1293,555,642,Medulla,left
273,2920,2558,1289,618,611,"Medullary reticular nucleus, ventral part",left
273,3303,2444,1304,708,585,Medulla,left
274,2501,2254,1300,529,530,Cuneate nucleus,right
274,3156,2748,1292,680,653,"Medullary reticular nucleus, ventral part",left
276,1637,2406,1281,320,557,Pyramus (VIII),right
276,2875,2460,1289,610,586,"Medullary reticular nucleus, ventral part",left
276,3065,2840,1288,660,671,"Medullary reticular nucleus, ventral part",left
276,3419,2590,1303,735,614,Medulla,left
275,3222,2486,1300,688,595,Medulla,left
280,2984,2223,1288,637,529,"Medullary reticular nucleus, ventral part",right
282,2553,2106,1292,550,496,Medulla,right
282,3252,2421,1300,696,580,Medulla,left
282,1876,2065,1286,380,488,Pyramus (VIII),right
282,1884,2068,1286,382,489,Pyramus (VIII),right
281,2748,2072,1283,595,491,"Medullary reticular nucleus, dorsal part",right
281,2437,2331,1299,512,548,Gracile nucleus,right
281,2615,2499,1295,551,591,Dorsal motor nucleus of the vagus nerve,left
286,1866,2064,1284,378,488,Pyramus (VIII),right
286,1881,2069,1285,381,489,Pyramus (VIII),right
289,2432,2098,1297,520,495,Cuneate nucleus,right
289,3186,2666,1291,684,636,"Medullary reticular nucleus, ventral part",left
289,2696,2200,1287,578,519,Intermediate reticular nucleus,right
285,1831,2054,1284,370,486,Pyramus (VIII),right
285,2774,2173,1285,596,514,Intermediate reticular nucleus,right
285,3183,2668,1292,684,637,"Medullary reticular nucleus, ventral part",left
285,3246,2472,1299,695,592,Medulla,left
284,2412,2339,1298,506,550,Gracile nucleus,right
284,3071,2189,1289,658,522,"Medullary reticular nucleus, ventral part",right
284,3251,2470,1299,696,592,Medulla,left
291,2430,2292,1295,513,538,Gracile nucleus,right
290,2404,2037,1296,518,481,Cuneate nucleus,right
290,2956,2241,1284,631,532,"Medullary reticular nucleus, ventral part",right
292,2807,1975,1277,613,471,"Medullary reticular nucleus, dorsal part",right
292,2973,2232,1284,636,530,"Medullary reticular nucleus, ventral part",right
292,3137,2703,1287,674,644,"Medullary reticular nucleus, ventral part",left
293,1884,2072,1283,382,489,Pyramus (VIII),right
293,2433,2574,1293,508,605,Gracile nucleus,left
293,2953,2874,1281,633,677,"Medullary reticular nucleus, dorsal part",left
293,3077,2791,1284,663,661,"Medullary reticular nucleus, ventral part",left
295,2759,2760,1280,585,649,"Medullary reticular nucleus, dorsal part",left
295,3056,2109,1284,661,503,"Medullary reticular nucleus, ventral part",right
294,1901,2080,1283,385,492,Pyramus (VIII),right
296,3018,2018,1284,660,482,"Medullary reticular nucleus, ventral part",right
296,1901,2080,1282,385,492,Pyramus (VIII),right
297,2590,2101,1286,559,495,"Medullary reticular nucleus, dorsal part",right
297,3099,2964,1283,671,696,Intermediate reticular nucleus,left
297,3109,2807,1284,673,665,"Medullary reticular nucleus, ventral part",left
297,3347,2691,1294,723,636,Medulla,left
300,1810,2064,1278,366,488,Pyramus (VIII),right
299,2551,2079,1286,551,491,Medulla,right
299,2700,2768,1280,571,650,"Medullary reticular nucleus, dorsal part",left
299,2433,2266,1292,516,532,Gracile nucleus,right
305,2535,2701,1285,533,632,Cuneate nucleus,left
305,3089,2847,1280,669,672,"Medullary reticular nucleus, ventral part",left
305,3161,2783,1284,685,661,"Medullary reticular nucleus, ventral part",left
305,2555,2061,1284,554,486,"Medullary reticular nucleus, dorsal part",right
305,3100,2064,1284,676,494,"Medullary reticular nucleus, ventral part",right
305,3150,2659,1284,676,635,"Medullary reticular nucleus, ventral part",left
305,3207,2099,1287,697,505,Medulla,right
306,1829,2071,1277,370,490,Pyramus (VIII),right
306,3183,2763,1284,691,656,"Medullary reticular nucleus, ventral part",left
306,2578,2048,1282,560,484,"Medullary reticular nucleus, dorsal part",right
306,2506,2655,1286,526,622,Cuneate nucleus,left
303,2558,2715,1285,538,635,Cuneate nucleus,left
303,1833,2073,1278,371,491,Pyramus (VIII),right
307,1806,2063,1276,365,489,Pyramus (VIII),right
307,1839,2074,1276,372,491,Pyramus (VIII),right
304,2582,2717,1284,543,636,Nucleus of the solitary tract,left
309,1857,2079,1277,376,492,Pyramus (VIII),right
309,3048,2122,1280,660,505,"Medullary reticular nucleus, ventral part",right
310,2550,2007,1281,555,475,"Medullary reticular nucleus, dorsal part",right
318,1825,2070,1273,370,490,Pyramus (VIII),right
318,1878,2084,1274,381,494,Pyramus (VIII),right
318,3081,2213,1279,664,528,"Medullary reticular nucleus, ventral part",right
312,2605,2706,1281,549,634,Nucleus of the solitary tract,left
312,2603,2789,1278,549,651,Medulla,left
313,3187,2690,1283,687,641,"Medullary reticular nucleus, ventral part",left
313,2978,2832,1274,640,667,Intermediate reticular nucleus,left
311,2759,3108,1270,585,718,"Spinal nucleus of the trigeminal, caudal part",left
314,3084,2722,1278,664,647,"Medullary reticular nucleus, ventral part",left
316,2712,1860,1271,598,446,"Medullary reticular nucleus, dorsal part",right
316,2476,2672,1282,519,623,Cuneate nucleus,left
316,2787,1884,1271,615,451,"Medullary reticular nucleus, dorsal part",right
316,2883,2253,1275,619,535,"Medullary reticular nucleus, ventral part",right
316,2532,2116,1283,546,499,Nucleus of the solitary tract,right
317,2732,2000,1272,597,475,"Medullary reticular nucleus, dorsal part",right
321,2440,3039,1276,507,699,Medulla,left
321,2464,2162,1284,528,509,Cuneate nucleus,right
321,1819,2068,1272,369,490,Pyramus (VIII),right
323,2836,2365,1274,608,561,Medulla,right
323,2980,3381,1264,630,774,"Spinal nucleus of the trigeminal, caudal part",left
322,2475,2684,1279,519,626,Cuneate nucleus,left
324,2467,2178,1282,528,513,Nucleus of the solitary tract,right
324,2657,1958,1271,582,467,"Medullary reticular nucleus, dorsal part",right
324,3008,3022,1270,649,705,"Medullary reticular nucleus, dorsal part",left
324,2867,2286,1273,615,542,"Medullary reticular nucleus, ventral part",right
325,2508,2045,1280,545,484,Medulla,right
329,2543,1924,1275,558,459,"Medullary reticular nucleus, dorsal part",right
329,2840,3078,1264,605,713,"Medullary reticular nucleus, dorsal part",left
329,2947,2529,1272,629,602,"Medullary reticular nucleus, ventral part",left
329,2460,2183,1281,527,514,Nucleus of the solitary tract,right
329,3140,2696,1277,677,642,"Medullary reticular nucleus, ventral part",left
326,3142,2853,1276,683,674,"Medullary reticular nucleus, ventral part",left
331,2809,3145,1262,597,725,"Spinal nucleus of the trigeminal, caudal part",left
331,3023,2675,1270,649,636,"Medullary reticular nucleus, ventral part",left
331,2800,3185,1261,594,733,"Spinal nucleus of the trigeminal, caudal part",left
330,3098,2514,1278,665,602,Medulla,left
332,1844,2075,1269,375,492,Pyramus (VIII),right
332,2398,2210,1279,512,520,Gracile nucleus,right
333,2383,2267,1279,506,532,Gracile nucleus,right
333,2457,2151,1279,527,507,Cuneate nucleus,right
333,2994,2135,1271,650,508,"Medullary reticular nucleus, ventral part",right
335,2547,2792,1271,535,647,Cuneate nucleus,left
335,2901,2285,1270,623,542,"Medullary reticular nucleus, ventral part",right
335,3116,2780,1272,675,659,"Medullary reticular nucleus, ventral part",left
337,3042,2245,1273,655,534,Medulla,right
337,2968,2553,1270,635,608,"Medullary reticular nucleus, ventral part",left
337,3100,2781,1271,671,659,"Medullary reticular nucleus, ventral part",left
340,2600,2656,1272,550,621,Dorsal motor nucleus of the vagus nerve,left
340,2426,2713,1271,508,628,Cuneate nucleus,left
340,2564,2928,1267,538,676,Medulla,left
340,2413,2154,1276,518,508,Cuneate nucleus,right
340,2614,2720,1270,552,634,Nucleus of the solitary tract,left
339,2788,1857,1266,619,445,"Medullary reticular nucleus, dorsal part",right
339,3031,2699,1268,651,641,"Medullary reticular nucleus, ventral part",left
339,3081,2800,1269,667,662,"Medullary reticular nucleus, ventral part",left
341,2817,2605,1267,602,614,"Medullary reticular nucleus, ventral part",left
342,1953,2428,1261,390,566,Uvula (IX),right
343,2416,2729,1269,506,631,Cuneate nucleus,left
343,2536,2806,1268,533,649,Cuneate nucleus,left
343,3106,2766,1269,672,655,"Medullary reticular nucleus, ventral part",left
344,3134,2920,1270,682,687,Intermediate reticular nucleus,left
345,2480,2781,1268,521,642,Cuneate nucleus,left
345,3139,2805,1271,682,664,"Medullary reticular nucleus, ventral part",left
345,2551,2732,1269,537,634,Nucleus of the solitary tract,left
348,3232,2876,1273,704,678,"Lateral reticular nucleus, magnocellular part",left
348,3210,2797,1273,699,662,"Medullary reticular nucleus, ventral part",left
347,2400,2173,1273,514,513,Nucleus of the solitary tract,right
347,2513,2809,1266,528,649,Cuneate nucleus,left
347,2560,2821,1265,538,652,Nucleus of the solitary tract,left
346,2682,2036,1265,586,484,"Medullary reticular nucleus, dorsal part",right
346,3168,3142,1265,679,731,"Medullary reticular nucleus, dorsal part",left
346,3088,2176,1271,672,519,"Medullary reticular nucleus, ventral part",right
350,2424,2709,1267,509,626,Nucleus of the solitary tract,left
354,2188,1431,1270,479,353,Copula pyramidis,right
354,1724,2000,1261,351,474,arbor vitae,right
354,3046,3069,1259,656,715,"Medullary reticular nucleus, dorsal part",left
354,2621,1726,1266,583,419,"Spinal nucleus of the trigeminal, caudal part",right
353,1061,1944,1259,188,446,Declive (VI),right
353,2960,2938,1259,638,686,Intermediate reticular nucleus,left
353,3105,2726,1267,671,647,"Medullary reticular nucleus, ventral part",left
351,2492,2796,1265,523,644,Cuneate nucleus,left
351,2201,1419,1271,482,351,Copula pyramidis,right
351,2865,2538,1264,614,600,"Medullary reticular nucleus, ventral part",left
352,3098,2968,1265,673,696,Medulla,left
356,2195,1452,1270,480,357,Copula pyramidis,right
356,2546,2880,1261,534,663,Medulla,left
355,2460,2811,1263,516,646,Cuneate nucleus,left
357,2735,2888,1258,580,670,"Medullary reticular nucleus, dorsal part",left
357,2491,2069,1269,540,491,Nucleus of the solitary tract,right
360,1113,1975,1255,203,453,Declive (VI),right
360,2394,2135,1268,515,505,Cuneate nucleus,right
360,2526,2326,1269,539,546,Dorsal motor nucleus of the vagus nerve,right
358,2208,1448,1269,483,357,Copula pyramidis,right
358,2745,3414,1250,576,778,"Spinal nucleus of the trigeminal, interpolar part",left
359,3084,3130,1257,662,727,"Medullary reticular nucleus, dorsal part",left
361,2915,2739,1258,626,644,"Medullary reticular nucleus, ventral part",left
361,3311,2587,1273,720,616,Medulla,left
362,2366,2143,1267,508,507,Cuneate nucleus,right
362,3074,1924,1271,686,465,"Medullary reticular nucleus, ventral part",right
362,2451,2828,1260,513,649,Cuneate nucleus,left
362,3039,2186,1264,661,521,"Medullary reticular nucleus, ventral part",right
362,3355,2686,1272,731,636,Medulla,left
362,2457,2851,1260,514,654,Cuneate nucleus,left
363,2772,2940,1253,589,681,"Medullary reticular nucleus, dorsal part",left
363,3107,2888,1262,674,679,"Medullary reticular nucleus, ventral part",left
363,2387,2779,1258,499,638,Cuneate nucleus,left
363,3081,2886,1260,668,678,"Medullary reticular nucleus, ventral part",left
364,2939,2701,1257,632,636,"Medullary reticular nucleus, ventral part",left
364,2362,2149,1266,506,508,Cuneate nucleus,right
365,2215,1457,1267,485,358,Copula pyramidis,right
365,2476,2843,1259,519,653,Cuneate nucleus,left
366,2455,2648,1262,516,614,Nucleus of the solitary tract,left
366,2974,2666,1258,640,629,"Medullary reticular nucleus, ventral part",left
368,2550,2929,1256,534,673,Medulla,left
368,2878,3035,1250,617,702,"Medullary reticular nucleus, dorsal part",left
369,2367,2106,1265,509,499,Cuneate nucleus,right
369,2390,2112,1265,515,500,Cuneate nucleus,right
369,2471,2865,1257,517,657,Parasolitary nucleus,left
369,3118,3114,1256,670,725,"Medullary reticular nucleus, dorsal part",left
369,3177,2904,1264,691,684,"Medullary reticular nucleus, ventral part",left
369,3228,3112,1259,695,725,Medulla,left
369,3311,2668,1269,720,634,Inferior olivary complex,left
369,3269,3112,1260,705,725,"Lateral reticular nucleus, magnocellular part",left
369,3316,2616,1270,721,622,Inferior olivary complex,left
369,3360,2893,1268,733,680,Medulla,left
370,3379,2759,1268,738,652,Medulla,left
370,2024,3192,1236,398,735,Copula pyramidis,left
370,2869,2213,1257,623,527,"Medullary reticular nucleus, ventral part",right
370,3306,2645,1269,719,629,Inferior olivary complex,left
370,3351,2724,1269,730,645,Inferior olivary complex,left
373,2195,1477,1264,479,361,Copula pyramidis,right
372,2364,2808,1253,494,643,Cuneate nucleus,left
371,3356,2695,1268,731,639,Inferior olivary complex,left
376,1106,1923,1250,201,442,Declive (VI),right
376,3006,2812,1253,649,659,"Medullary reticular nucleus, ventral part",left
376,3100,3166,1250,663,734,"Medullary reticular nucleus, dorsal part",left
374,2940,1815,1263,658,439,Intermediate reticular nucleus,right
374,3184,3099,1256,686,723,"Medullary reticular nucleus, dorsal part",left
374,2346,2167,1261,503,511,Medulla,right
374,2367,2167,1261,508,511,Nucleus of the solitary tract,right
375,3071,2974,1254,665,695,Intermediate reticular nucleus,left
380,2185,1518,1261,475,369,Copula pyramidis,right
380,2907,3008,1246,624,697,"Medullary reticular nucleus, dorsal part",left
378,2817,1996,1253,621,478,Intermediate reticular nucleus,right
378,2876,2061,1253,632,493,"Medullary reticular nucleus, ventral part",right
378,2375,2761,1251,497,632,Medulla,left
378,3336,2712,1265,727,642,Inferior olivary complex,left
377,2824,1877,1256,629,451,"Medullary reticular nucleus, dorsal part",right
377,3337,2840,1265,728,670,Medulla,left
377,2352,2100,1261,506,498,Cuneate nucleus,right
377,2434,2915,1253,508,666,Cuneate nucleus,left
377,3317,1999,1269,735,487,Medulla,right
377,3362,2720,1266,733,644,Inferior olivary complex,left
379,2932,3049,1246,629,706,"Medullary reticular nucleus, dorsal part",left
379,2964,3071,1246,637,711,"Medullary reticular nucleus, dorsal part",left
381,3219,2978,1259,700,699,"Lateral reticular nucleus, magnocellular part",left
381,3353,2686,1265,731,637,Inferior olivary complex,left
381,3126,2868,1257,679,675,"Medullary reticular nucleus, ventral part",left
383,3110,2816,1255,674,663,"Medullary reticular nucleus, ventral part",left
383,3124,3096,1250,673,720,"Medullary reticular nucleus, dorsal part",left
383,2390,2796,1249,500,639,Parasolitary nucleus,left
382,2501,2913,1250,523,667,Parasolitary nucleus,left
382,3377,2751,1263,736,650,Medulla,left
382,3412,2686,1263,744,636,Medulla,left
385,2791,2431,1256,599,572,Medulla,left
385,3353,2711,1263,731,642,Inferior olivary complex,left
385,2394,2834,1249,501,647,Parasolitary nucleus,left
385,3352,2794,1263,731,660,Medulla,left
385,3040,2623,1254,655,621,"Medullary reticular nucleus, ventral part",left
387,2621,2524,1256,559,590,Hypoglossal nucleus,left
387,2951,3085,1242,633,713,"Medullary reticular nucleus, dorsal part",left
387,2511,2893,1248,525,663,Nucleus of the solitary tract,left
386,3211,2926,1258,698,688,"Lateral reticular nucleus, magnocellular part",left
388,3317,2726,1261,722,646,Medulla,left
388,3072,3007,1249,664,700,Intermediate reticular nucleus,left
389,3181,2916,1256,691,685,"Lateral reticular nucleus, magnocellular part",left
391,3074,2760,1251,665,650,"Medullary reticular nucleus, ventral part",left
391,2941,2908,1244,634,676,Intermediate reticular nucleus,left
392,2439,2871,1246,510,655,Parasolitary nucleus,left
393,2066,2232,1245,429,522,Uvula (IX),right
393,2366,2861,1243,493,652,Cuneate nucleus,left
393,2761,1779,1253,616,432,"Medullary reticular nucleus, dorsal part",right
393,3107,3022,1249,672,704,Medulla,left
393,3372,3010,1254,733,704,"Lateral reticular nucleus, magnocellular part",left
393,2332,2106,1254,501,500,Parasolitary nucleus,right
394,2180,1538,1255,473,374,Copula pyramidis,right
394,3100,2865,1251,672,672,"Medullary reticular nucleus, ventral part",left
394,2172,1555,1255,470,376,Copula pyramidis,right
394,3224,3132,1247,694,728,"Lateral reticular nucleus, magnocellular part",left
394,3359,2802,1258,732,661,Medulla,left
394,2372,2817,1243,495,642,Parasolitary nucleus,left
394,2419,2973,1243,503,678,Cuneate nucleus,left
394,2912,2418,1251,626,571,Medulla,left
395,2389,2935,1242,496,669,Cuneate nucleus,left
395,2460,2885,1244,514,659,Parasolitary nucleus,left
395,3101,2684,1252,670,634,"Medullary reticular nucleus, ventral part",left
396,2927,2935,1242,630,681,Intermediate reticular nucleus,left
396,2833,2348,1250,611,555,Medulla,right
397,3169,3240,1241,677,749,"Medullary reticular nucleus, dorsal part",left
398,3108,2774,1250,673,653,"Medullary reticular nucleus, ventral part",left
402,3246,3107,1245,700,723,"Lateral reticular nucleus, magnocellular part",left
402,2899,3095,1236,620,713,Parvicellular reticular nucleus,left
399,2793,1702,1251,627,415,"Medullary reticular nucleus, dorsal part",right
400,2166,1568,1252,468,380,Copula pyramidis,right
403,1160,2104,1228,213,481,Declive (VI),right
403,2412,2864,1240,503,653,Parasolitary nucleus,left
403,2371,2807,1239,495,640,Parasolitary nucleus,left
403,3153,2790,1250,683,658,"Medullary reticular nucleus, ventral part",left
401,1271,2074,1234,243,476,Declive (VI),right
401,1287,2076,1235,246,476,Declive (VI),right
401,3047,2730,1247,657,641,"Medullary reticular nucleus, ventral part",left
401,3403,2952,1252,742,691,Medulla,left
404,881,2513,1222,122,563,Declive (VI),right
404,2386,2936,1238,495,668,Cuneate nucleus,left
404,3255,2914,1252,707,685,"Lateral reticular nucleus, magnocellular part",left
405,1433,2109,1235,281,487,Declive (VI),right
405,2948,2968,1239,636,688,Intermediate reticular nucleus,left
406,2667,1498,1248,597,375,"Spinal nucleus of the trigeminal, caudal part",right
406,1165,2109,1227,215,482,Declive (VI),right
406,3017,1917,1252,672,463,"Medullary reticular nucleus, ventral part",right
408,2323,2118,1246,500,503,Parasolitary nucleus,right
407,3158,2841,1248,685,668,"Medullary reticular nucleus, ventral part",left
409,2309,1991,1249,499,477,Cuneate nucleus,right
409,2426,2998,1237,503,683,Cuneate nucleus,left
409,2947,2632,1242,635,616,"Medullary reticular nucleus, ventral part",left
409,2962,2198,1245,645,524,"Medullary reticular nucleus, ventral part",right
409,2994,2234,1247,652,532,Medulla,right
409,3022,1911,1252,673,462,"Medullary reticular nucleus, ventral part",right
409,2344,2935,1234,485,668,Spinal vestibular nucleus,left
410,2870,3146,1231,612,722,Parvicellular reticular nucleus,left
410,3119,1863,1256,700,454,"Lateral reticular nucleus, magnocellular part",right
410,3147,3148,1238,674,730,Parvicellular reticular nucleus,left
410,868,2511,1219,120,561,Declive (VI),right
410,2574,2523,1247,549,589,Hypoglossal nucleus,left
410,2693,2556,1245,577,596,Hypoglossal nucleus,left
410,2358,2966,1233,488,675,Cuneate nucleus,left
412,887,2512,1218,124,561,Declive (VI),right
412,2285,2039,1245,491,487,Cuneate nucleus,right
412,1158,2111,1224,213,482,Declive (VI),right
412,2905,2403,1244,626,567,Medulla,right
412,3045,1958,1250,677,474,"Medullary reticular nucleus, ventral part",right
412,2424,2981,1235,504,678,Cuneate nucleus,left
412,3145,1909,1256,703,465,"Lateral reticular nucleus, magnocellular part",right
413,2288,2060,1244,492,491,Cuneate nucleus,right
413,3156,3058,1241,681,713,Intermediate reticular nucleus,left
413,2426,2955,1235,504,673,Parasolitary nucleus,left
414,3133,2686,1246,678,633,"Medullary reticular nucleus, ventral part",left
416,1964,2200,1234,404,515,Uvula (IX),right
416,2777,1828,1244,618,443,"Medullary reticular nucleus, dorsal part",right
417,2302,2084,1242,494,496,Parasolitary nucleus,right
417,3386,2797,1248,736,660,Medulla,left
417,2360,2926,1231,489,665,Spinal vestibular nucleus,left
417,2363,3014,1230,489,686,Cuneate nucleus,left
417,2960,2597,1240,638,608,"Medullary reticular nucleus, ventral part",left
417,2352,2887,1231,487,656,Spinal vestibular nucleus,left
417,2970,2512,1242,641,590,Medulla,left
417,3084,2124,1249,678,510,"Medullary reticular nucleus, ventral part",right
419,1600,2207,1227,319,513,Declive (VI),right
419,3152,3100,1236,678,720,Intermediate reticular nucleus,left
419,2386,2985,1230,494,679,Spinal vestibular nucleus,left
419,3086,3165,1232,660,731,Parvicellular reticular nucleus,left
419,3316,2666,1248,720,633,Inferior olivary complex,left
419,2358,2976,1228,488,677,Spinal vestibular nucleus,left
419,3090,2767,1241,667,648,"Medullary reticular nucleus, ventral part",left
420,3068,3132,1232,659,724,Parvicellular reticular nucleus,left
420,2976,3092,1231,639,713,Parvicellular reticular nucleus,left
420,3383,2737,1246,736,648,Medulla,left
418,2823,2676,1237,606,622,"Medullary reticular nucleus, ventral part",left
418,3072,2089,1247,676,502,"Medullary reticular nucleus, ventral part",right
418,3095,3241,1230,660,747,Parvicellular reticular nucleus,left
421,1984,2205,1232,408,515,Uvula (IX),right
421,2800,1380,1243,628,352,"Spinal nucleus of the trigeminal, interpolar part",right
421,3085,3184,1231,660,735,Parvicellular reticular nucleus,left
421,3223,2694,1246,698,638,Medulla,left
421,3252,2923,1244,705,687,"Lateral reticular nucleus, magnocellular part",left
421,2895,1668,1246,650,411,"Medullary reticular nucleus, dorsal part",right
421,3320,2674,1247,721,635,Inferior olivary complex,left
422,2875,2050,1238,634,492,"Medullary reticular nucleus, ventral part",right
429,3205,1934,1249,714,471,Medulla,right
429,3239,3221,1229,695,745,"Lateral reticular nucleus, magnocellular part",left
432,2002,2208,1226,412,516,Uvula (IX),right
426,3075,1943,1247,684,471,"Medullary reticular nucleus, ventral part",right
425,3296,3074,1237,712,716,"Lateral reticular nucleus, magnocellular part",left
425,2977,2235,1240,648,532,"Medullary reticular nucleus, ventral part",right
425,2988,2229,1241,651,531,"Medullary reticular nucleus, ventral part",right
427,894,2521,1209,127,563,Declive (VI),right
427,2915,2292,1237,632,543,"Medullary reticular nucleus, ventral part",right
427,2973,2662,1234,641,621,"Medullary reticular nucleus, ventral part",left
427,1603,2219,1223,320,516,Declive (VI),right
427,2944,2340,1238,637,553,Medulla,right
427,3130,1905,1248,699,464,"Lateral reticular nucleus, magnocellular part",right
430,2010,2209,1227,415,516,Uvula (IX),right
433,2276,1928,1238,490,464,Cuneate nucleus,right
433,3147,2049,1245,694,495,Medulla,right
433,3190,2686,1240,689,634,Medulla,left
433,3336,2893,1240,723,681,"Lateral reticular nucleus, magnocellular part",left
433,2273,1988,1236,488,477,Cuneate nucleus,right
433,2322,1973,1238,501,474,Cuneate nucleus,right
433,2345,2751,1226,488,629,Medial vestibular nucleus,left
433,3307,3109,1232,714,723,"Lateral reticular nucleus, magnocellular part",left
434,2750,2584,1233,590,602,"Medullary reticular nucleus, ventral part",left
434,3083,2882,1233,667,672,Intermediate reticular nucleus,left
434,2302,1995,1236,495,478,Cuneate nucleus,right
435,2895,2412,1234,625,567,Medulla,right
435,3126,2952,1233,676,688,Intermediate reticular nucleus,left
435,2337,2964,1219,481,674,Spinal vestibular nucleus,left
435,2965,3098,1224,636,714,Parvicellular reticular nucleus,left
435,3119,2033,1243,689,492,"Medullary reticular nucleus, ventral part",right
435,3374,2813,1238,732,665,Medulla,left
435,3036,2961,1229,655,687,Intermediate reticular nucleus,left
437,2403,2879,1225,500,655,Medial vestibular nucleus,left
437,3126,2832,1235,675,662,"Lateral reticular nucleus, magnocellular part",left
437,2005,2208,1224,413,515,Uvula (IX),right
437,2341,2219,1233,500,520,Nucleus of the solitary tract,right
437,2349,3037,1219,485,690,Spinal vestibular nucleus,left
437,3059,3120,1226,657,721,Parvicellular reticular nucleus,left
436,2893,3149,1221,617,723,Parvicellular reticular nucleus,left
436,3247,2381,1245,710,567,Nucleus raphe pallidus,right
438,2716,2493,1234,583,582,Medulla,left
438,2002,2206,1223,412,514,Uvula (IX),right
438,3092,2805,1233,667,655,"Medullary reticular nucleus, ventral part",left
440,2006,2206,1222,413,514,Uvula (IX),right
440,2984,2243,1234,650,534,"Medullary reticular nucleus, ventral part",right
439,2366,2802,1222,491,638,Medial vestibular nucleus,left
439,3342,2867,1236,724,675,"Lateral reticular nucleus, magnocellular part",left
442,2755,2594,1229,591,604,Gigantocellular reticular nucleus,left
442,3237,3141,1226,696,728,"Lateral reticular nucleus, magnocellular part",left
442,2231,1913,1231,477,459,Spinal vestibular nucleus,right
442,2956,2557,1230,638,597,Gigantocellular reticular nucleus,left
442,3262,2827,1236,705,665,"Lateral reticular nucleus, magnocellular part",left
442,2275,2012,1231,487,481,Spinal vestibular nucleus,right
441,3046,3169,1222,651,730,Parvicellular reticular nucleus,left
441,3222,1983,1243,714,482,Medulla,right
441,3304,3044,1231,715,709,"Lateral reticular nucleus, magnocellular part",left
441,2851,1862,1235,635,451,Intermediate reticular nucleus,right
441,3057,3115,1224,656,719,Parvicellular reticular nucleus,left
441,3230,3168,1225,693,734,"Lateral reticular nucleus, magnocellular part",left
441,3247,2747,1237,701,648,Medulla,left
446,1486,1979,1217,298,459,Declive (VI),right
446,1195,1922,1216,225,442,Declive (VI),right
444,2331,1904,1235,505,459,Cuneate nucleus,right
444,3155,2552,1236,683,602,Medulla,left
443,3196,3212,1222,684,741,"Lateral reticular nucleus, magnocellular part",left
443,3385,2858,1234,734,673,Medulla,left
443,2912,1962,1232,645,474,Intermediate reticular nucleus,right
443,3130,2653,1233,676,624,"Medullary reticular nucleus, ventral part",left
452,2400,3073,1214,497,698,Spinal vestibular nucleus,left
452,3255,3234,1218,698,746,"Lateral reticular nucleus, magnocellular part",left
452,2396,2772,1219,499,633,Medial vestibular nucleus,left
452,3381,2744,1231,732,650,Inferior olivary complex,left
451,1183,1929,1212,222,444,Declive (VI),right
451,2829,2439,1227,610,571,Medulla,left
449,2988,2548,1228,646,596,Gigantocellular reticular nucleus,left
449,3098,2901,1227,669,675,"Lateral reticular nucleus, magnocellular part",left
449,3103,2802,1229,670,654,"Lateral reticular nucleus, magnocellular part",left
449,3177,2983,1228,686,695,Intermediate reticular nucleus,left
449,3284,2875,1232,710,676,"Lateral reticular nucleus, magnocellular part",left
449,2285,1932,1231,492,464,Spinal vestibular nucleus,right
449,3080,2403,1235,669,569,Medulla,right
449,3149,2617,1233,681,615,Medulla,left
449,3203,2756,1232,692,648,Medulla,left
449,3285,2876,1232,710,676,"Lateral reticular nucleus, magnocellular part",left
449,3295,2670,1234,713,633,Medulla,left
450,3379,2858,1231,732,673,Medulla,left
450,2975,2742,1224,641,636,Gigantocellular reticular nucleus,left
450,3046,2765,1226,656,644,Gigantocellular reticular nucleus,left
450,2500,2679,1225,528,619,Dorsal motor nucleus of the vagus nerve,left
450,3259,2614,1234,705,619,Medulla,left
453,2305,1940,1229,497,467,Spinal vestibular nucleus,right
453,3126,1965,1237,693,477,"Lateral reticular nucleus, magnocellular part",right
453,2700,2540,1227,580,591,Nucleus of Roller,left
453,2867,1903,1229,637,462,Intermediate reticular nucleus,right
453,1387,2135,1213,268,490,Lobules IV-V,right
454,1169,1928,1211,218,444,Declive (VI),right
454,1422,2135,1213,276,491,Lobules IV-V,right
454,3130,2755,1227,675,645,"Lateral reticular nucleus, magnocellular part",left
454,3131,2756,1227,675,645,"Lateral reticular nucleus, magnocellular part",left
454,3320,3020,1226,718,704,"Lateral reticular nucleus, magnocellular part",left
463,3060,2715,1221,660,632,Gigantocellular reticular nucleus,left
463,2656,2461,1224,571,573,Medulla,left
463,2382,2688,1215,497,618,Nucleus of the solitary tract,left
463,2986,3145,1212,639,723,Parvicellular reticular nucleus,left
457,3248,3105,1221,700,720,"Paragigantocellular reticular nucleus, lateral part",left
457,3306,2711,1230,714,641,Medulla,left
457,3323,2812,1229,719,663,Medulla,left
457,3324,3024,1224,719,704,"Lateral reticular nucleus, magnocellular part",left
457,3363,3082,1222,727,715,Medulla,left
457,3400,2830,1228,737,667,Medulla,left
457,2333,1979,1228,503,476,Parasolitary nucleus,right
457,3288,2731,1230,711,645,Medulla,left
460,2777,2503,1223,597,584,Gigantocellular reticular nucleus,left
458,1645,2202,1212,330,511,Declive (VI),right
458,2876,2653,1221,618,616,Gigantocellular reticular nucleus,left
458,3024,2632,1223,653,613,Gigantocellular reticular nucleus,left
458,3333,2811,1228,721,663,Medulla,left
458,3374,2868,1227,731,675,Medulla,left
459,1364,2330,1208,256,531,Lobules IV-V,right
459,1420,2134,1210,276,491,Lobules IV-V,right
459,3248,3312,1211,695,761,Medulla,left
459,3336,3077,1220,720,714,Medulla,left
459,3349,2649,1228,725,629,Inferior olivary complex,left
461,3352,2862,1226,725,673,Medulla,left
461,2393,1782,1232,524,431,"Spinal nucleus of the trigeminal, interpolar part",right
462,2381,2711,1215,496,622,Medial vestibular nucleus,left
462,1390,2139,1209,269,491,Lobules IV-V,right
465,3213,2846,1224,693,667,"Lateral reticular nucleus, magnocellular part",left
465,2741,2579,1220,588,600,Gigantocellular reticular nucleus,left
465,3379,2857,1224,732,672,Medulla,left
464,3411,2888,1222,739,678,Medulla,left
464,2290,1948,1223,492,468,Spinal vestibular nucleus,right
464,2693,2185,1222,586,518,Intermediate reticular nucleus,right
464,3301,3202,1213,710,739,"Lateral reticular nucleus, parvicellular part",left
466,3345,2640,1225,724,626,Inferior olivary complex,left
466,2346,2998,1205,484,681,Spinal vestibular nucleus,left
468,1286,2214,1203,241,505,Lobules IV-V,right
468,2400,2654,1214,504,612,Nucleus of the solitary tract,left
468,2415,3092,1207,501,701,Spinal vestibular nucleus,left
468,2975,2276,1222,647,541,Gigantocellular reticular nucleus,right
468,3360,2871,1222,727,674,Medulla,left
468,2295,1872,1223,495,450,Spinal vestibular nucleus,right
468,2888,2310,1220,627,546,Gigantocellular reticular nucleus,right
468,3118,2948,1218,673,685,"Paragigantocellular reticular nucleus, lateral part",left
467,2371,3009,1206,490,683,Spinal vestibular nucleus,left
467,2394,2778,1211,498,634,Medial vestibular nucleus,left
467,2778,2428,1220,599,568,Medulla,right
467,3386,2804,1222,733,662,Inferior olivary complex,left
469,1253,2208,1202,233,503,Lobules IV-V,right
469,2334,2106,1221,500,499,Medial vestibular nucleus,right
469,2438,1990,1225,529,479,Nucleus of the solitary tract,right
469,2780,1966,1219,613,475,Intermediate reticular nucleus,right
469,3108,2695,1221,670,629,Gigantocellular reticular nucleus,left
469,1344,2507,1200,246,568,Lobules IV-V,right
472,2345,1941,1222,507,467,Spinal vestibular nucleus,right
472,3353,2861,1220,725,672,Medulla,left
472,2342,2089,1219,502,497,Nucleus of the solitary tract,right
472,3230,2780,1221,696,653,Medulla,left
473,1431,2288,1204,273,524,Lobules IV-V,right
473,3268,3001,1217,705,698,"Lateral reticular nucleus, magnocellular part",left
473,3276,3173,1211,704,733,rubrospinal tract,left
473,3288,2736,1222,710,645,Medulla,left
473,3290,2833,1221,710,666,Medulla,left
473,3316,2829,1221,716,666,Medulla,left
473,3337,2863,1220,721,673,Medulla,left
473,2298,2014,1218,492,482,Medial vestibular nucleus,right
474,2819,2544,1215,607,592,Gigantocellular reticular nucleus,left
474,2986,2742,1214,642,634,Gigantocellular reticular nucleus,left
474,3163,2474,1224,685,584,Inferior olivary complex,left
474,3334,2840,1219,721,668,Medulla,left
474,2283,2223,1214,484,519,Medial vestibular nucleus,right
474,3091,1811,1228,691,444,"Lateral reticular nucleus, magnocellular part",right
476,2342,2254,1215,499,525,Nucleus of the solitary tract,right
476,2561,1760,1224,565,428,"Spinal nucleus of the trigeminal, interpolar part",right
476,3200,2833,1218,689,663,"Lateral reticular nucleus, magnocellular part",left
476,3400,2820,1218,736,664,Inferior olivary complex,left
475,2331,2989,1200,480,679,Spinal vestibular nucleus,left
475,2348,2279,1216,501,530,Nucleus of the solitary tract,right
475,2844,2108,1215,623,506,Gigantocellular reticular nucleus,right
475,3023,2131,1221,663,512,Gigantocellular reticular nucleus,right
475,3166,3396,1201,673,776,Medulla,left
475,2621,2434,1219,564,567,Medulla,right
475,3307,2545,1222,715,604,Inferior olivary complex,left
482,1377,2158,1200,264,494,Lobules IV-V,right
482,2342,1928,1218,505,464,Spinal vestibular nucleus,right
482,3141,2659,1216,677,622,Gigantocellular reticular nucleus,left
482,3009,2406,1216,652,567,Nucleus raphe obscurus,right
482,3128,2655,1216,675,620,Gigantocellular reticular nucleus,left
482,3199,2802,1215,689,655,"Lateral reticular nucleus, magnocellular part",left
482,3246,3125,1208,697,722,rubrospinal tract,left
482,3349,2635,1217,725,625,Inferior olivary complex,left
477,2368,2640,1209,496,609,Medial vestibular nucleus,left
477,2835,1762,1222,634,431,Parvicellular reticular nucleus,right
478,2353,2641,1207,492,608,Medial vestibular nucleus,left
478,3281,2751,1218,708,648,Medulla,left
480,2432,2661,1210,511,613,Dorsal motor nucleus of the vagus nerve,left
480,2367,1894,1220,513,457,Nucleus of the solitary tract,right
480,3406,2831,1215,738,666,Medulla,left
480,2353,2308,1214,502,535,Nucleus of the solitary tract,right
480,2498,2480,1216,536,575,Medulla,left
480,3209,2863,1216,692,669,"Lateral reticular nucleus, magnocellular part",left
484,3320,2621,1217,718,621,Inferior olivary complex,left
484,2415,2336,1215,518,541,Medulla,right
484,3173,2895,1212,684,674,"Lateral reticular nucleus, magnocellular part",left
481,3014,3375,1199,639,769,"Spinal nucleus of the trigeminal, interpolar part",left
481,3108,2654,1216,671,620,Gigantocellular reticular nucleus,left
481,3234,2776,1217,697,651,Medulla,left
481,3397,2874,1215,735,674,Inferior olivary complex,left
481,2356,1874,1220,511,452,Spinal vestibular nucleus,right
481,3129,2627,1217,676,614,Gigantocellular reticular nucleus,left
481,3236,2778,1217,697,652,Medulla,left
481,3242,2432,1223,702,576,Inferior olivary complex,left
481,3244,3226,1205,695,742,Medulla,left
481,3334,2640,1218,721,626,Inferior olivary complex,left
483,3042,2416,1216,659,569,Nucleus raphe obscurus,right
483,2284,1866,1216,492,448,Spinal vestibular nucleus,right
483,3036,2636,1212,655,613,Gigantocellular reticular nucleus,left
483,3172,2894,1212,683,674,"Lateral reticular nucleus, magnocellular part",left
483,3183,2482,1219,689,585,Inferior olivary complex,left
485,2329,1953,1216,502,469,Spinal vestibular nucleus,right
485,3139,2818,1213,676,656,"Lateral reticular nucleus, magnocellular part",left
485,2433,2573,1210,516,596,Nucleus of the solitary tract,left
485,2889,2251,1213,629,535,Gigantocellular reticular nucleus,right
485,3128,1727,1223,703,427,"Lateral reticular nucleus, magnocellular part",right
485,3335,2616,1216,721,620,Inferior olivary complex,left
485,2359,1854,1219,512,448,Medulla,right
485,3091,2702,1213,666,628,Gigantocellular reticular nucleus,left
489,1068,2392,1186,178,535,Lobules IV-V,right
489,1425,2152,1199,277,493,Lobules IV-V,right
489,1790,1989,1203,370,464,Fastigial nucleus,right
489,2428,3037,1198,505,688,Spinal vestibular nucleus,left
489,2496,2473,1213,535,573,Medulla,left
489,3323,2590,1215,719,614,Inferior olivary complex,left
489,3341,3037,1208,721,704,Medulla,left
489,2387,2600,1205,502,600,Nucleus prepositus,left
489,3385,2801,1212,733,660,Inferior olivary complex,left
486,3388,2824,1213,734,665,Inferior olivary complex,left
486,2381,2629,1205,499,606,Medial vestibular nucleus,left
487,1059,2393,1186,175,536,Lobules IV-V,right
487,3199,3188,1202,685,734,"Paragigantocellular reticular nucleus, lateral part",left
487,2973,2397,1212,645,564,crossed tectospinal pathway,right
488,2440,2689,1206,513,619,Dorsal motor nucleus of the vagus nerve,left
488,3077,2630,1212,664,613,Gigantocellular reticular nucleus,left
488,3078,2631,1212,665,613,Gigantocellular reticular nucleus,left
490,2354,1877,1216,510,452,Spinal vestibular nucleus,right
490,3243,2406,1218,703,571,Nucleus raphe pallidus,left
490,3104,2627,1212,670,612,Gigantocellular reticular nucleus,left
490,3279,2859,1211,708,669,"Lateral reticular nucleus, magnocellular part",left
491,3376,2850,1209,730,669,Inferior olivary complex,left
491,3429,2886,1208,743,675,Medulla,left
491,3177,2408,1216,688,571,Inferior olivary complex,left
491,3308,2528,1214,716,600,Inferior olivary complex,left
492,3339,2924,1209,721,683,Medulla,left
492,2409,2560,1206,510,592,Nucleus prepositus,left
492,3054,2422,1212,662,571,Nucleus raphe obscurus,left
493,2576,2590,1208,551,601,Medulla,left
493,3387,2839,1209,733,667,Inferior olivary complex,left
493,2569,2516,1210,552,584,Medulla,left
493,2840,1781,1216,634,435,Parvicellular reticular nucleus,right
493,844,2406,1180,120,534,Lobules IV-V,right
493,2463,2690,1204,519,619,Dorsal motor nucleus of the vagus nerve,left
494,2373,2303,1208,507,534,Nucleus of the solitary tract,right
494,3276,2887,1209,706,674,"Lateral reticular nucleus, magnocellular part",left
494,2771,2553,1207,596,594,Gigantocellular reticular nucleus,left
494,3069,2422,1212,665,571,Nucleus raphe obscurus,left
495,3142,2681,1209,677,625,Gigantocellular reticular nucleus,left
496,3162,1792,1218,708,441,"Lateral reticular nucleus, magnocellular part",right
496,2489,1907,1214,543,460,Nucleus of the solitary tract,right
496,3359,2795,1208,727,658,Inferior olivary complex,left
496,3366,2826,1208,728,664,Inferior olivary complex,left
497,3215,3146,1200,690,724,rubrospinal tract,left
497,2263,1862,1210,487,446,Spinal vestibular nucleus,right
497,2892,2411,1207,625,566,Gigantocellular reticular nucleus,right
497,2929,1949,1212,649,473,Intermediate reticular nucleus,right
497,3092,2117,1215,677,510,Gigantocellular reticular nucleus,right
497,3131,2417,1213,678,571,Medulla,left
498,2642,2317,1209,571,542,Gigantocellular reticular nucleus,right
498,3359,2864,1206,727,671,Medulla,left
498,2247,2993,1184,458,681,Spinal vestibular nucleus,left
498,2788,1781,1213,622,434,Parvicellular reticular nucleus,right
498,2942,2779,1203,631,641,Gigantocellular reticular nucleus,left
498,3166,2412,1213,685,570,Medulla,right
498,3294,2530,1211,712,599,Inferior olivary complex,left
498,3297,2469,1212,713,586,Inferior olivary complex,left
498,3009,2550,1206,650,595,Gigantocellular reticular nucleus,left
498,3312,2772,1208,715,652,Medulla,left
500,1914,1778,1196,402,417,Interposed nucleus,right
500,2958,2428,1206,641,571,Nucleus raphe obscurus,left
500,3309,2566,1210,715,607,Inferior olivary complex,left
500,1518,2024,1194,306,468,Lobules IV-V,right
499,1160,2365,1184,203,531,Lobules IV-V,right
499,1509,2026,1194,303,467,Lobules IV-V,right
499,3368,2795,1206,729,658,Inferior olivary complex,left
499,3384,2826,1205,733,664,Inferior olivary complex,left
501,1027,2395,1181,166,535,Lobules IV-V,right
501,1517,2025,1194,304,467,Lobules IV-V,right
501,2653,2622,1203,568,607,Gigantocellular reticular nucleus,left
501,2837,1347,1211,637,342,"Spinal nucleus of the trigeminal, interpolar part",right
501,3366,2803,1206,728,660,Inferior olivary complex,left
502,3281,2554,1209,709,604,Inferior olivary complex,left
502,3255,2800,1206,702,655,Medulla,left
502,817,2410,1174,114,534,Lobules IV-V,right
502,1517,2026,1193,304,467,Lobules IV-V,right
505,819,2408,1174,115,533,Lobules IV-V,right
505,1879,1806,1195,394,422,Interposed nucleus,right
505,3045,2780,1202,655,643,Gigantocellular reticular nucleus,left
505,3333,2757,1205,721,649,Inferior olivary complex,left
505,3355,2770,1204,726,652,Inferior olivary complex,left
505,3426,2787,1203,743,656,Medulla,left
505,2362,2183,1204,504,512,Medial vestibular nucleus,right
505,3310,2729,1205,715,643,Inferior olivary complex,left
503,2271,2128,1200,481,501,Medial vestibular nucleus,right
504,2769,2169,1203,604,517,Gigantocellular reticular nucleus,right
508,1029,2394,1178,167,534,Lobules IV-V,right
508,1677,2037,1192,343,473,arbor vitae,right
508,1077,2391,1179,179,534,Lobules IV-V,right
508,1888,1847,1192,396,431,Interposed nucleus,right
508,1921,1808,1192,404,424,Interposed nucleus,right
508,3150,2701,1203,679,629,Gigantocellular reticular nucleus,left
508,3379,2867,1201,732,670,Inferior olivary complex,left
506,1859,1878,1194,388,439,Interposed nucleus,right
506,2914,2076,1205,640,500,Gigantocellular reticular nucleus,right
506,3201,1906,1213,711,466,"Lateral reticular nucleus, magnocellular part",right
506,3238,3004,1200,698,696,"Paragigantocellular reticular nucleus, lateral part",left
506,1809,1840,1196,376,430,arbor vitae,right
506,2445,3190,1188,507,722,Spinal vestibular nucleus,left
506,3066,2678,1203,661,622,Gigantocellular reticular nucleus,left
506,3126,1945,1212,692,474,"Lateral reticular nucleus, magnocellular part",right
509,2942,2324,1203,639,551,Gigantocellular reticular nucleus,right
509,1196,2056,1185,219,467,Lobules IV-V,right
509,3303,2730,1203,714,642,Inferior olivary complex,left
509,3133,1943,1211,694,474,"Lateral reticular nucleus, magnocellular part",right
509,1076,2391,1179,179,534,Lobules IV-V,right
507,3265,2928,1200,704,681,"Paragigantocellular reticular nucleus, lateral part",left
507,1079,2391,1179,181,534,Lobules IV-V,right
507,2341,1861,1208,506,448,Spinal vestibular nucleus,right
507,2384,3010,1187,495,682,Spinal vestibular nucleus,left
511,3053,2865,1197,657,661,Intermediate reticular nucleus,left
511,3233,2824,1200,697,659,"Lateral reticular nucleus, magnocellular part",left
510,3199,2496,1206,691,588,Inferior olivary complex,left
510,822,2409,1171,116,533,Lobules IV-V,right
516,1068,2389,1175,178,534,Lobules IV-V,right
516,3129,2658,1200,675,619,Magnocellular reticular nucleus,left
516,1869,1978,1187,390,460,Fastigial nucleus,right
516,2725,2251,1199,591,531,Gigantocellular reticular nucleus,right
516,3068,2426,1201,664,572,Nucleus raphe obscurus,left
512,2428,3055,1187,505,692,Spinal vestibular nucleus,left
512,878,2245,1175,132,499,Lobules IV-V,right
514,3010,2426,1200,652,571,Nucleus raphe obscurus,left
514,1891,2045,1188,392,475,Fastigial nucleus,right
514,2560,2618,1196,546,606,"Paragigantocellular reticular nucleus, dorsal part",left
514,3071,2799,1197,661,647,Gigantocellular reticular nucleus,left
514,826,2409,1169,117,533,Lobules IV-V,right
513,3013,2555,1200,651,595,Gigantocellular reticular nucleus,left
513,3175,2637,1203,685,616,Gigantocellular reticular nucleus,left
513,3221,1872,1210,718,459,Medulla,right
517,2269,2035,1196,483,482,Medial vestibular nucleus,right
515,2285,1923,1200,490,460,Spinal vestibular nucleus,right
522,829,2412,1166,119,532,Lobules IV-V,right
522,2477,1823,1205,541,441,Nucleus of the solitary tract,right
522,3089,2027,1203,680,492,"Lateral reticular nucleus, magnocellular part",right
522,1912,1910,1184,401,445,Cerebellum,right
522,2998,2551,1195,648,594,Gigantocellular reticular nucleus,left
518,1734,1993,1189,358,464,Fastigial nucleus,right
518,3042,2419,1199,658,571,Nucleus raphe obscurus,left
518,2459,2484,1197,525,574,Nucleus prepositus,left
518,3368,2852,1196,730,667,Inferior olivary complex,left
521,3091,2767,1195,665,640,Gigantocellular reticular nucleus,left
521,841,2413,1167,121,534,Lobules IV-V,right
521,1825,2014,1187,379,469,Fastigial nucleus,right
521,2506,2537,1196,535,587,Nucleus prepositus,left
521,3007,2185,1201,657,525,Gigantocellular reticular nucleus,right
521,3029,2523,1197,655,590,Gigantocellular reticular nucleus,left
521,3079,2754,1195,663,637,Gigantocellular reticular nucleus,left
521,3187,2626,1199,687,614,Medulla,left
521,3267,2823,1196,705,659,Medulla,left
521,3106,3270,1185,662,748,Parvicellular reticular nucleus,left
537,844,2257,1163,124,499,Lobules IV-V,right
537,2382,2965,1174,494,672,Medial vestibular nucleus,left
537,1877,1887,1179,394,440,Interposed nucleus,right
537,1901,2021,1177,397,469,Fastigial nucleus,right
537,2235,2953,1167,457,672,Spinal vestibular nucleus,left
537,2690,2246,1190,583,530,Gigantocellular reticular nucleus,right
537,3097,2421,1192,669,571,Nucleus raphe obscurus,left
537,3118,2634,1190,673,613,Magnocellular reticular nucleus,left
537,3120,2663,1190,673,619,Magnocellular reticular nucleus,left
537,3253,2890,1187,702,671,"Paragigantocellular reticular nucleus, lateral part",left
537,3259,2909,1186,703,675,"Paragigantocellular reticular nucleus, lateral part",left
519,1363,2514,1178,249,569,Lobules IV-V,right
519,1908,1975,1184,399,459,arbor vitae,right
520,3193,2406,1202,690,570,Medulla,right
523,2458,2747,1187,517,628,Medulla,left
523,2717,3284,1180,570,744,"Spinal nucleus of the trigeminal, interpolar part",left
523,3066,3255,1183,653,744,Parvicellular reticular nucleus,left
523,3268,2680,1196,706,629,Inferior olivary complex,left
523,2550,1998,1199,554,480,Parvicellular reticular nucleus,right
523,2991,2422,1195,648,570,Nucleus raphe obscurus,right
523,3097,2415,1198,669,570,Nucleus raphe obscurus,right
524,2967,1533,1203,666,385,Parvicellular reticular nucleus,right
524,3160,2652,1196,682,618,Magnocellular reticular nucleus,left
524,3425,2851,1192,743,666,Medulla,left
524,2527,2367,1198,543,549,"Paragigantocellular reticular nucleus, dorsal part",right
524,2585,2339,1198,558,546,"Paragigantocellular reticular nucleus, dorsal part",right
526,995,1879,1178,169,429,Simple lobule,right
526,3016,2213,1198,658,531,Magnocellular reticular nucleus,right
526,3168,2723,1194,683,634,Gigantocellular reticular nucleus,left
526,3214,2407,1200,695,570,Nucleus raphe pallidus,right
526,2973,2423,1194,644,571,Nucleus raphe obscurus,left
526,3072,2704,1193,661,626,Gigantocellular reticular nucleus,left
529,2288,1720,1200,497,417,Medulla,right
529,2438,2699,1186,513,619,Medial vestibular nucleus,left
529,2842,2435,1192,614,570,Gigantocellular reticular nucleus,right
529,3022,2215,1197,659,531,Magnocellular reticular nucleus,right
529,3061,2490,1195,661,584,crossed tectospinal pathway,left
529,3100,2425,1196,670,572,Medulla,left
529,3199,2732,1193,690,636,Gigantocellular reticular nucleus,left
529,802,2187,1169,114,485,Lobules IV-V,right
529,1832,1994,1183,381,464,Fastigial nucleus,right
525,3087,2081,1202,677,503,Gigantocellular reticular nucleus,right
525,3243,2405,1201,701,571,Nucleus raphe pallidus,left
527,3058,2434,1195,662,574,crossed tectospinal pathway,left
527,3100,2766,1192,667,640,Gigantocellular reticular nucleus,left
528,1883,1885,1182,396,440,Interposed nucleus,right
528,2271,2953,1172,465,672,Spinal vestibular nucleus,left
532,2871,1889,1197,637,460,Intermediate reticular nucleus,right
532,3102,2654,1192,669,617,Magnocellular reticular nucleus,left
532,2443,2717,1183,514,622,Medial vestibular nucleus,left
530,2862,1935,1196,632,470,Intermediate reticular nucleus,right
530,3163,2738,1192,682,637,Gigantocellular reticular nucleus,left
530,3265,2435,1197,705,577,Inferior olivary complex,left
530,3084,2417,1195,667,570,Nucleus raphe obscurus,right
531,3088,2547,1193,667,595,Gigantocellular reticular nucleus,left
531,3029,2823,1188,651,650,Gigantocellular reticular nucleus,left
531,3163,2786,1190,682,646,Gigantocellular reticular nucleus,left
533,1525,2021,1181,306,464,Lobules IV-V,right
533,3238,2400,1197,700,570,Nucleus raphe pallidus,right
533,3116,1936,1200,690,472,"Lateral reticular nucleus, magnocellular part",right
534,996,1885,1174,169,429,Simple lobule,right
534,1659,2407,1176,324,552,Lobules IV-V,right
539,1022,2260,1165,167,503,Lobules IV-V,right
539,797,2197,1163,113,486,Lobules IV-V,right
539,1382,2318,1172,258,525,Lobules IV-V,right
539,3060,2669,1187,660,618,Magnocellular reticular nucleus,left
539,2733,3435,1170,573,775,"Spinal nucleus of the trigeminal, interpolar part",left
539,3111,2656,1188,671,617,Magnocellular reticular nucleus,left
536,1532,2014,1180,307,463,Lobules IV-V,right
536,3086,2441,1192,667,575,crossed tectospinal pathway,left
536,995,1887,1173,169,429,Simple lobule,right
536,2684,2600,1186,576,601,Gigantocellular reticular nucleus,left
536,3256,2894,1186,702,672,"Paragigantocellular reticular nucleus, lateral part",left
535,2981,2531,1189,644,590,Gigantocellular reticular nucleus,left
535,3203,2734,1189,691,637,Gigantocellular reticular nucleus,left
538,3048,2138,1194,668,516,Magnocellular reticular nucleus,right
538,3076,2519,1190,664,590,Gigantocellular reticular nucleus,left
538,3425,2819,1185,744,660,Medulla,left
538,1882,2098,1176,390,486,Fastigial nucleus,right
538,2288,3089,1169,471,701,Spinal vestibular nucleus,left
540,789,2192,1163,112,485,Lobules IV-V,right
540,806,2194,1163,115,486,Lobules IV-V,right
540,2236,2767,1165,458,632,Medial vestibular nucleus,left
543,3289,2858,1183,711,665,Medulla,left
543,3285,2933,1182,709,679,"Paragigantocellular reticular nucleus, lateral part",left
543,3026,2715,1184,651,627,Gigantocellular reticular nucleus,left
544,1379,2285,1171,259,517,Lobules IV-V,right
544,3017,2709,1184,649,625,Gigantocellular reticular nucleus,left
541,1525,2232,1175,297,511,Lobules IV-V,right
541,1645,2411,1173,320,553,Lobules IV-V,right
542,3294,2719,1186,712,637,Inferior olivary complex,left
542,3370,2820,1184,730,659,Inferior olivary complex,left
542,2298,3074,1167,473,697,Spinal vestibular nucleus,left
542,2396,3273,1169,495,738,Nucleus x,left
545,3252,2857,1183,701,663,"Paragigantocellular reticular nucleus, lateral part",left
545,791,2188,1161,112,485,Lobules IV-V,right
545,809,2189,1161,117,485,Lobules IV-V,right
545,1513,2232,1173,295,510,Lobules IV-V,right
545,2316,3039,1167,477,689,Spinal vestibular nucleus,left
545,3292,2715,1186,711,636,Inferior olivary complex,left
545,3358,2817,1183,728,658,Inferior olivary complex,left
545,1907,2049,1173,398,475,Fastigial nucleus,right
545,2382,2274,1185,508,528,Medial vestibular nucleus,right
545,3135,2656,1187,676,617,Magnocellular reticular nucleus,left
545,3170,2094,1193,695,507,Medulla,right
546,2948,2107,1189,647,508,Gigantocellular reticular nucleus,right
546,3283,2936,1181,709,679,"Paragigantocellular reticular nucleus, lateral part",left
546,2352,3178,1167,485,719,Spinal vestibular nucleus,left
546,3172,2418,1189,684,572,Inferior olivary complex,left
547,3170,2789,1182,683,647,Gigantocellular reticular nucleus,left
547,3010,2576,1184,650,599,Magnocellular reticular nucleus,left
547,2601,2631,1180,556,606,Gigantocellular reticular nucleus,left
547,2244,3047,1162,460,691,Spinal vestibular nucleus,left
548,3115,2419,1187,673,572,Nucleus raphe obscurus,left
548,3284,2883,1180,709,669,"Paragigantocellular reticular nucleus, lateral part",left
548,2247,3099,1162,459,703,Spinal vestibular nucleus,left
548,3070,2547,1185,663,594,Magnocellular reticular nucleus,left
548,1505,2290,1171,290,523,Lobules IV-V,right
548,2659,2295,1185,576,539,Gigantocellular reticular nucleus,right
549,2478,2275,1186,534,531,"Paragigantocellular reticular nucleus, dorsal part",right
549,2894,2253,1185,631,537,Gigantocellular reticular nucleus,right
550,1201,2375,1162,211,532,Lobules IV-V,right
550,3342,2805,1180,723,655,Inferior olivary complex,left
550,3348,2799,1180,726,654,Inferior olivary complex,left
550,968,2229,1160,155,495,Lobules IV-V,right
550,3167,2413,1187,683,571,Medulla,left
551,2398,3183,1166,498,720,Spinal vestibular nucleus,left
551,3265,2842,1179,705,660,Medulla,left
551,1432,2196,1170,275,498,Lobules IV-V,right
553,1928,2051,1168,404,474,Nodulus (X),right
553,990,2238,1160,160,497,Lobules IV-V,right
553,2393,3148,1166,497,712,Spinal vestibular nucleus,left
553,2935,2687,1180,631,619,Gigantocellular reticular nucleus,left
553,3017,2525,1182,651,589,Gigantocellular reticular nucleus,left
553,3124,2430,1185,675,574,Medulla,left
553,3177,2599,1184,685,607,Medulla,left
553,3213,2817,1180,693,653,Medulla,left
553,3242,2866,1179,699,664,"Paragigantocellular reticular nucleus, lateral part",left
553,3257,2849,1179,703,661,"Paragigantocellular reticular nucleus, lateral part",left
553,3272,2791,1180,706,650,Medulla,left
553,3406,2951,1176,737,683,Medulla,left
553,3093,2560,1184,668,597,Magnocellular reticular nucleus,left
553,3216,2713,1182,694,632,Medulla,left
553,3222,2720,1182,695,634,Medulla,left
557,2446,2421,1179,522,559,Nucleus prepositus,right
557,1852,1873,1171,389,438,Interposed nucleus,right
560,1422,2218,1165,271,503,Lobules IV-V,right
560,1019,1920,1161,175,435,Lobules IV-V,right
552,3033,1982,1190,670,482,"Paragigantocellular reticular nucleus, lateral part",right
554,3115,2811,1179,671,649,"Paragigantocellular reticular nucleus, lateral part",left
554,3135,2554,1184,677,597,Medulla,left
554,3194,2874,1178,688,665,"Paragigantocellular reticular nucleus, lateral part",left
555,2370,2092,1181,509,494,Medial vestibular nucleus,right
555,3011,2213,1185,658,531,Magnocellular reticular nucleus,right
555,3064,2582,1181,662,600,Magnocellular reticular nucleus,left
555,3400,2977,1174,736,687,Medulla,left
555,2717,2594,1177,583,600,Gigantocellular reticular nucleus,left
555,2979,2843,1176,640,653,Intermediate reticular nucleus,left
555,3121,2821,1177,672,651,"Paragigantocellular reticular nucleus, lateral part",left
556,3206,2732,1180,692,635,Gigantocellular reticular nucleus,left
556,1817,1881,1172,380,439,Interposed nucleus,right
556,2716,2595,1177,583,600,Gigantocellular reticular nucleus,left
558,1024,1921,1162,176,436,Lobules IV-V,right
559,1256,2203,1163,230,495,Lobules IV-V,right
559,3082,2800,1176,663,645,Gigantocellular reticular nucleus,left
559,3128,2753,1177,674,637,Gigantocellular reticular nucleus,left
564,2201,1886,1177,468,447,Spinal vestibular nucleus,right
564,2969,1860,1186,661,454,"Paragigantocellular reticular nucleus, lateral part",right
564,3101,2944,1171,667,676,"Paragigantocellular reticular nucleus, lateral part",left
564,3140,2094,1184,688,507,Magnocellular reticular nucleus,right
564,2579,2470,1176,554,573,medial longitudinal fascicle,left
561,2451,2821,1168,514,642,Medial vestibular nucleus,left
561,2625,2593,1175,562,599,Gigantocellular reticular nucleus,left
561,3114,2746,1177,671,635,Gigantocellular reticular nucleus,left
561,3223,2810,1176,696,652,Medulla,left
561,1798,1881,1170,377,439,Interposed nucleus,right
561,3207,2648,1180,692,618,Medulla,left
561,3377,2687,1177,731,632,Medulla,left
562,2636,2614,1173,564,603,Gigantocellular reticular nucleus,left
562,2780,2193,1178,606,522,Gigantocellular reticular nucleus,right
562,3087,2424,1180,667,572,Nucleus raphe obscurus,left
562,2465,2807,1168,518,639,Medial vestibular nucleus,left
563,734,2223,1152,99,490,Lobules IV-V,right
563,3195,2867,1173,688,662,"Paragigantocellular reticular nucleus, lateral part",left
565,3093,2942,1171,666,675,"Paragigantocellular reticular nucleus, lateral part",left
565,2866,3435,1159,606,776,"Spinal nucleus of the trigeminal, oral part",left
565,2900,2746,1173,622,630,Gigantocellular reticular nucleus,left
565,3235,2874,1173,698,665,"Paragigantocellular reticular nucleus, lateral part",left
565,3237,2973,1171,697,685,"Paragigantocellular reticular nucleus, lateral part",left
566,2386,3187,1159,494,719,Spinal vestibular nucleus,left
566,1376,2297,1160,257,518,Lobules IV-V,right
566,1424,2227,1162,272,504,Lobules IV-V,right
566,3389,3018,1168,733,695,Medulla,left
566,1518,3364,1147,270,741,Lobules IV-V,left
567,3283,3014,1168,708,693,"Paragigantocellular reticular nucleus, lateral part",left
570,2365,1663,1182,516,405,Medulla,right
570,2964,2617,1173,639,605,Gigantocellular reticular nucleus,left
570,3323,2781,1171,719,649,Medulla,left
570,3397,2974,1167,735,686,Medulla,left
582,1434,2232,1155,275,504,Lobules IV-V,right
582,1115,2303,1149,191,512,Lobules IV-V,right
582,1963,2059,1154,414,476,Nodulus (X),right
582,3240,2854,1165,699,660,"Paragigantocellular reticular nucleus, lateral part",left
582,3358,2792,1165,728,650,Inferior olivary complex,left
569,2530,2376,1176,544,552,"Paragigantocellular reticular nucleus, dorsal part",right
569,2692,2373,1175,581,556,Gigantocellular reticular nucleus,right
569,2863,3433,1158,606,775,"Spinal nucleus of the trigeminal, oral part",left
569,3039,2246,1179,663,537,Magnocellular reticular nucleus,right
569,3082,2645,1175,664,613,Magnocellular reticular nucleus,left
569,3099,2592,1176,669,603,Magnocellular reticular nucleus,left
569,3134,2433,1178,677,574,Medulla,left
569,3280,3015,1168,707,693,"Paragigantocellular reticular nucleus, lateral part",left
569,3356,2846,1171,726,662,Medulla,left
569,3402,2774,1171,738,649,Medulla,left
569,3086,2513,1177,666,588,crossed tectospinal pathway,left
569,3208,2676,1176,693,623,Medulla,left
569,3231,2709,1175,697,631,Medulla,left
569,3335,2809,1172,722,655,Medulla,left
572,1414,2229,1159,270,504,Lobules IV-V,right
572,3113,2136,1180,681,515,Magnocellular reticular nucleus,right
572,3193,2706,1173,689,629,Magnocellular reticular nucleus,left
572,2317,3165,1154,477,714,Spinal vestibular nucleus,left
572,2410,2168,1174,518,509,Medial vestibular nucleus,right
572,2911,2770,1169,624,635,Gigantocellular reticular nucleus,left
572,3040,2707,1172,655,624,Gigantocellular reticular nucleus,left
572,3249,2776,1171,702,645,Medulla,left
572,3398,2769,1169,738,648,Medulla,left
572,3078,2575,1174,665,600,Magnocellular reticular nucleus,left
572,3354,2825,1169,726,658,Medulla,left
571,2478,2385,1173,532,553,"Paragigantocellular reticular nucleus, dorsal part",right
571,3238,2984,1167,698,687,"Paragigantocellular reticular nucleus, lateral part",left
571,1961,1821,1165,416,426,Cerebellum,right
571,2622,2694,1167,559,618,Gigantocellular reticular nucleus,left
571,701,2468,1141,93,540,Lobules IV-V,right
571,3024,2576,1173,653,599,Magnocellular reticular nucleus,left
571,3396,2980,1166,735,687,Medulla,left
573,1641,2431,1161,319,555,Lobule III,right
574,1864,2821,1153,370,637,Fastigial nucleus,left
574,3032,2861,1168,651,656,Intermediate reticular nucleus,left
574,3146,2774,1170,678,641,"Paragigantocellular reticular nucleus, lateral part",left
575,719,2464,1139,98,539,Lobules IV-V,right
575,768,2459,1138,111,539,Lobules IV-V,right
575,1123,2307,1151,193,512,Lobules IV-V,right
578,760,2231,1145,107,491,Lobules IV-V,right
578,2660,2356,1171,575,551,Gigantocellular reticular nucleus,right
578,2898,2324,1171,631,551,Gigantocellular reticular nucleus,right
578,3221,2416,1174,695,572,Nucleus raphe pallidus,left
578,3114,2424,1173,673,572,Nucleus raphe obscurus,left
578,3201,2645,1172,690,617,Magnocellular reticular nucleus,left
579,1128,2303,1149,194,512,Lobules IV-V,right
579,2708,2370,1169,586,555,Gigantocellular reticular nucleus,right
579,1511,3343,1142,267,736,Lobules IV-V,left
579,3011,2625,1169,649,608,Gigantocellular reticular nucleus,left
579,729,2464,1137,101,539,Lobules IV-V,right
579,1348,2301,1152,250,517,Lobules IV-V,right
577,3166,2906,1167,681,669,"Paragigantocellular reticular nucleus, lateral part",left
577,3297,2844,1167,712,660,Medulla,left
577,724,2464,1139,100,539,Lobules IV-V,right
577,1623,2428,1159,315,554,Lobule III,right
581,2439,2420,1167,521,559,Nucleus prepositus,right
581,1381,2449,1149,253,551,Lobule III,right
581,3002,2170,1175,657,521,Gigantocellular reticular nucleus,right
581,3215,2402,1174,694,568,Nucleus raphe pallidus,right
583,1398,2448,1148,258,552,Lobule III,right
583,2778,2596,1164,598,599,Gigantocellular reticular nucleus,left
580,1504,3341,1142,266,735,Lobules IV-V,left
580,2390,2103,1171,514,497,Medial vestibular nucleus,right
580,2958,2433,1170,641,572,Nucleus raphe obscurus,left
580,759,2459,1137,109,539,Lobules IV-V,right
585,740,2463,1135,105,539,Lobules IV-V,right
585,2433,2422,1165,520,559,Nucleus prepositus,right
585,2763,2481,1166,597,578,Gigantocellular reticular nucleus,left
585,3277,2416,1171,708,572,Nucleus raphe pallidus,left
585,3353,2788,1164,726,650,Inferior olivary complex,left
585,2573,2356,1168,555,549,Gigantocellular reticular nucleus,right
585,2988,2414,1169,648,569,Nucleus raphe obscurus,right
585,3010,2795,1164,647,642,Gigantocellular reticular nucleus,left
585,3193,2732,1167,689,634,Magnocellular reticular nucleus,left
585,3245,3002,1161,699,689,"Paragigantocellular reticular nucleus, lateral part",left
609,2305,3044,1139,477,687,Spinal vestibular nucleus,left
609,3185,2421,1161,688,571,Medulla,left
609,3192,2419,1161,689,571,Medulla,left
586,2654,1508,1173,590,373,"Spinal nucleus of the trigeminal, interpolar part",right
586,2779,2270,1168,605,537,Gigantocellular reticular nucleus,right
586,2286,1726,1173,495,416,Spinal vestibular nucleus,right
586,2502,2372,1166,537,550,"Paragigantocellular reticular nucleus, dorsal part",right
586,700,2471,1135,94,540,Lobules IV-V,right
586,2438,2876,1155,512,652,Medial vestibular nucleus,left
586,3207,2846,1163,691,657,"Paragigantocellular reticular nucleus, lateral part",left
586,3261,2407,1171,704,570,Nucleus raphe pallidus,right
588,1376,2452,1145,251,551,Lobule III,right
588,3105,3590,1144,667,807,inferior cerebellar peduncle,left
588,2263,1734,1171,489,418,Spinal vestibular nucleus,right
588,2396,2613,1155,506,601,Nucleus prepositus,left
588,705,2471,1134,96,540,Lobules IV-V,right
588,2266,1679,1171,491,407,Spinal vestibular nucleus,right
588,3085,2608,1167,665,606,Magnocellular reticular nucleus,left
587,1812,1787,1159,382,418,Interposed nucleus,right
587,2541,2564,1162,542,591,"Paragigantocellular reticular nucleus, dorsal part",left
587,3116,2713,1165,671,628,Gigantocellular reticular nucleus,left
587,3282,2966,1160,707,682,"Paragigantocellular reticular nucleus, lateral part",left
587,704,2471,1134,96,540,Lobules IV-V,right
587,738,2221,1141,102,489,Lobules IV-V,right
587,2438,2396,1163,522,554,Nucleus prepositus,right
591,2376,2339,1159,507,541,Nucleus prepositus,right
591,3185,2658,1165,687,619,Magnocellular reticular nucleus,left
591,3082,2711,1163,664,626,Gigantocellular reticular nucleus,left
591,928,2008,1145,153,449,Lobules IV-V,right
591,3037,2531,1165,655,590,Magnocellular reticular nucleus,left
591,1668,2429,1155,327,554,Lobule III,right
591,2119,3246,1141,427,730,Superior vestibular nucleus,left
591,3214,2781,1162,693,644,Gigantocellular reticular nucleus,left
589,2900,2356,1167,630,556,Gigantocellular reticular nucleus,right
589,707,2471,1134,96,540,Lobules IV-V,right
589,1682,2425,1156,329,553,Lobule III,right
590,1647,2430,1155,321,553,Lobule III,right
590,2332,1766,1172,505,424,Spinal vestibular nucleus,right
590,2399,2077,1167,517,491,Medial vestibular nucleus,right
590,709,2471,1133,97,540,Lobules IV-V,right
592,2485,2371,1163,533,550,"Paragigantocellular reticular nucleus, dorsal part",right
596,3105,2440,1165,670,574,Nucleus raphe obscurus,left
596,2666,2538,1159,572,587,Gigantocellular reticular nucleus,left
593,2084,3109,1141,422,702,Vestibulocerebellar nucleus,left
593,2451,3212,1147,509,722,Spinal vestibular nucleus,left
593,2507,2295,1165,540,536,"Paragigantocellular reticular nucleus, dorsal part",right
593,2618,2264,1165,567,532,Gigantocellular reticular nucleus,right
593,3196,2796,1162,689,647,"Paragigantocellular reticular nucleus, lateral part",left
593,3201,2864,1160,690,661,"Paragigantocellular reticular nucleus, lateral part",left
593,3255,2824,1161,702,654,Medulla,left
593,3134,2654,1165,676,616,Magnocellular reticular nucleus,left
593,3202,2625,1166,690,612,Magnocellular reticular nucleus,left
594,3001,2554,1163,648,594,Gigantocellular reticular nucleus,left
594,1813,2111,1153,377,488,Fastigial nucleus,right
594,2537,2480,1161,543,574,medial longitudinal fascicle,left
594,3269,2840,1159,706,658,Medulla,left
595,1378,2451,1142,252,550,Lobule III,right
595,2534,2455,1160,543,569,Medulla,right
595,2747,2230,1164,597,528,Gigantocellular reticular nucleus,right
595,2863,2561,1160,618,593,Gigantocellular reticular nucleus,left
595,3162,1985,1170,697,482,"Paragigantocellular reticular nucleus, lateral part",right
605,1659,2432,1150,326,552,Lobule III,right
605,3254,3013,1152,702,692,"Paragigantocellular reticular nucleus, lateral part",left
605,756,2238,1134,108,493,Lobules IV-V,right
605,3067,2609,1159,661,605,Magnocellular reticular nucleus,left
605,3114,2003,1166,686,486,"Paragigantocellular reticular nucleus, lateral part",right
599,3033,2710,1159,654,624,Gigantocellular reticular nucleus,left
598,2957,2434,1162,640,572,crossed tectospinal pathway,left
597,1689,2423,1154,333,553,Lobule III,right
602,3134,2592,1161,676,603,Magnocellular reticular nucleus,left
602,2910,2655,1157,626,612,Gigantocellular reticular nucleus,left
602,3186,2873,1155,686,662,"Paragigantocellular reticular nucleus, lateral part",left
602,3242,2418,1163,700,572,Nucleus raphe pallidus,left
602,3070,2676,1159,662,618,Gigantocellular reticular nucleus,left
602,3127,2705,1159,673,626,Magnocellular reticular nucleus,left
601,2261,1710,1165,489,412,Spinal vestibular nucleus,right
601,2504,2343,1160,539,546,"Paragigantocellular reticular nucleus, dorsal part",right
601,1923,2227,1144,402,510,Nodulus (X),right
601,2440,2982,1146,511,674,Medial vestibular nucleus,left
601,3063,3317,1147,654,754,Parvicellular reticular nucleus,left
601,3138,2578,1163,677,601,Magnocellular reticular nucleus,left
601,3205,2416,1164,692,571,Nucleus raphe pallidus,left
601,3228,2422,1164,698,572,Nucleus raphe pallidus,left
601,3257,2413,1164,703,571,Nucleus raphe pallidus,left
601,3366,2829,1155,728,657,Medulla,left
601,1680,1897,1154,347,438,Interposed nucleus,right
601,2328,1711,1166,506,413,Spinal vestibular nucleus,right
601,3322,2847,1156,717,659,Medulla,left
600,3158,2945,1155,680,676,"Paragigantocellular reticular nucleus, lateral part",left
603,3228,2405,1163,698,569,Nucleus raphe pallidus,right
603,2991,2241,1163,652,535,Gigantocellular reticular nucleus,right
603,3080,2389,1162,666,564,Medulla,right
603,2307,1889,1163,495,450,Spinal vestibular nucleus,right
603,3082,2381,1162,666,563,Medulla,right
604,3077,2672,1158,663,617,Gigantocellular reticular nucleus,left
604,3173,2590,1161,685,604,Magnocellular reticular nucleus,left
604,2341,3185,1140,484,715,Spinal vestibular nucleus,left
607,2200,2893,1135,453,657,Medial vestibular nucleus,left
607,3057,2710,1156,658,625,Gigantocellular reticular nucleus,left
607,1010,2399,1134,165,529,Lobules IV-V,right
607,2827,2447,1156,611,571,Gigantocellular reticular nucleus,left
606,866,1989,1140,140,444,Lobules IV-V,right
606,3157,3101,1150,678,709,"Paragigantocellular reticular nucleus, lateral part",left
606,3025,2586,1158,653,600,Magnocellular reticular nucleus,left
608,2306,1741,1162,499,418,Spinal vestibular nucleus,right
608,3146,2242,1162,684,535,Magnocellular reticular nucleus,right
608,3244,2422,1161,701,572,Nucleus raphe pallidus,left
610,3175,2084,1162,695,503,Medulla,right
610,2490,2802,1147,526,636,Medial vestibular nucleus,left
610,2636,2553,1152,565,589,Gigantocellular reticular nucleus,left
610,2864,2791,1151,614,637,Gigantocellular reticular nucleus,left
610,3034,2336,1160,659,553,crossed tectospinal pathway,right
611,954,2283,1133,156,503,Lobules IV-V,right
611,1734,1843,1149,363,429,Interposed nucleus,right
611,3168,2642,1156,683,614,Magnocellular reticular nucleus,left
611,3258,2413,1159,705,571,Nucleus raphe pallidus,left
611,1424,2450,1136,264,550,Lobule III,right
611,3044,2086,1162,668,503,Gigantocellular reticular nucleus,right
611,3131,2006,1163,689,486,"Paragigantocellular reticular nucleus, lateral part",right
611,3138,2684,1155,677,622,Magnocellular reticular nucleus,left
612,2992,2315,1159,650,549,Magnocellular reticular nucleus,right
612,1717,1877,1149,357,435,Interposed nucleus,right
612,3212,2631,1156,692,613,Magnocellular reticular nucleus,left
612,1990,2883,1130,406,656,Fastigial nucleus,left
612,3041,2593,1156,656,602,Magnocellular reticular nucleus,left
612,3076,2758,1153,662,635,Gigantocellular reticular nucleus,left
614,2360,2187,1152,506,511,Medial vestibular nucleus,right
614,3074,2644,1155,663,612,Magnocellular reticular nucleus,left
615,1063,2419,1131,176,534,Lobules IV-V,right
615,2979,2362,1156,647,557,crossed tectospinal pathway,right
615,2513,2789,1145,533,634,Intermediate reticular nucleus,left
615,3152,2074,1160,690,500,Gigantocellular reticular nucleus,right
615,1966,1365,1156,427,329,arbor vitae,right
615,3016,2587,1154,650,600,Gigantocellular reticular nucleus,left
613,1712,1894,1149,356,439,Interposed nucleus,right
613,2419,2719,1144,512,621,Medial vestibular nucleus,left
613,2977,2653,1154,641,612,Gigantocellular reticular nucleus,left
613,1573,3290,1129,284,726,Lobules IV-V,left
613,3011,2175,1161,658,522,Gigantocellular reticular nucleus,right
616,3080,2758,1151,663,635,Gigantocellular reticular nucleus,left
616,1996,1787,1151,425,420,Superior vestibular nucleus,right
616,2725,1983,1159,597,477,Intermediate reticular nucleus,right
616,2500,2789,1144,529,634,Medial vestibular nucleus,left
618,1624,2318,1145,322,527,Lobule III,right
618,3008,2456,1154,651,575,crossed tectospinal pathway,left
618,1024,2420,1130,168,533,Lobules IV-V,right
618,1705,1868,1147,355,433,Interposed nucleus,right
618,2274,1952,1154,485,462,Spinal vestibular nucleus,right
618,2339,1734,1157,508,417,Spinal vestibular nucleus,right
618,1714,1880,1146,357,435,Interposed nucleus,right
618,1745,1971,1145,364,456,Cerebellum,right
618,2425,3267,1133,504,730,Spinal vestibular nucleus,left
618,3269,2407,1156,708,569,Nucleus raphe pallidus,right
617,2011,1805,1152,428,425,Vestibulocerebellar nucleus,right
617,2107,3151,1133,427,708,Superior vestibular nucleus,left
617,2265,1664,1156,492,403,Spinal vestibular nucleus,right
617,2401,2414,1147,512,557,Nucleus prepositus,right
617,2421,3240,1135,503,725,Spinal vestibular nucleus,left
617,3073,2681,1153,662,619,Gigantocellular reticular nucleus,left
617,3172,2595,1155,684,605,Magnocellular reticular nucleus,left
617,3236,2703,1153,698,629,Magnocellular reticular nucleus,left
617,1834,2264,1142,378,519,Fastigial nucleus,right
617,2500,3059,1138,523,691,Medial vestibular nucleus,left
617,3269,2800,1150,706,649,Medulla,left
617,3274,2700,1152,707,629,Medulla,left
617,3405,2846,1147,738,659,Medulla,left
625,951,2280,1129,155,502,Lobules IV-V,right
625,1079,2424,1128,178,536,Lobules IV-V,right
625,2413,3006,1134,505,678,Medial vestibular nucleus,left
625,2942,2164,1156,644,519,Gigantocellular reticular nucleus,right
625,3037,3368,1134,648,763,"Spinal nucleus of the trigeminal, oral part",left
625,3111,2407,1153,672,567,Nucleus raphe obscurus,right
625,2974,2651,1149,641,611,Gigantocellular reticular nucleus,left
619,2397,2366,1146,512,547,Nucleus prepositus,right
619,3085,2790,1149,664,642,Gigantocellular reticular nucleus,left
619,3144,2201,1157,685,526,Magnocellular reticular nucleus,right
619,3283,2813,1147,709,652,Medulla,left
619,2560,2604,1146,546,598,"Paragigantocellular reticular nucleus, dorsal part",left
619,3089,2086,1159,677,503,Gigantocellular reticular nucleus,right
619,3128,2420,1155,676,570,Nucleus raphe obscurus,right
619,3137,2690,1151,676,622,Magnocellular reticular nucleus,left
619,3256,2862,1147,702,660,"Paragigantocellular reticular nucleus, lateral part",left
620,3174,2668,1152,684,620,Magnocellular reticular nucleus,left
620,2937,1803,1161,653,441,Intermediate reticular nucleus,right
620,3245,2835,1147,700,655,"Paragigantocellular reticular nucleus, lateral part",left
622,916,2173,1131,148,481,Lobules IV-V,right
622,1936,1395,1152,420,336,Dentate nucleus,right
622,2480,2259,1151,535,528,"Paragigantocellular reticular nucleus, dorsal part",right
624,1878,2202,1135,394,504,Fastigial nucleus,right
624,751,2227,1126,109,490,Lobules IV-V,right
624,1934,1379,1151,420,332,Dentate nucleus,right
624,2340,2186,1147,501,511,Medial vestibular nucleus,right
624,3020,2583,1150,651,599,Gigantocellular reticular nucleus,left
624,3295,2424,1153,714,573,Nucleus raphe pallidus,left
621,2476,2791,1142,523,634,Medial vestibular nucleus,left
626,1877,1837,1144,398,430,Infracerebellar nucleus,right
626,1907,1322,1151,415,319,Dentate nucleus,right
626,2371,3262,1129,491,728,Spinal vestibular nucleus,left
627,3024,2326,1152,657,551,Magnocellular reticular nucleus,right
627,827,2277,1123,129,501,Lobules IV-V,right
627,1968,1423,1149,426,343,Interposed nucleus,right
627,2720,2566,1145,584,592,Gigantocellular reticular nucleus,left
627,1838,2080,1137,387,480,Fastigial nucleus,right
627,2293,1720,1151,498,414,Spinal vestibular nucleus,right
627,3148,2411,1152,680,568,Nucleus raphe obscurus,right
627,3327,2791,1144,718,647,Medulla,left
627,3337,2801,1143,721,649,Medulla,left
627,3348,2767,1144,724,643,Inferior olivary complex,left
627,1795,2244,1139,370,513,Fastigial nucleus,right
627,2611,2680,1142,557,612,Gigantocellular reticular nucleus,left
628,3205,2622,1149,691,610,Magnocellular reticular nucleus,left
628,914,2177,1128,149,481,Lobules IV-V,right
628,750,2242,1124,110,493,Lobules IV-V,right
628,2469,2864,1137,521,649,Medial vestibular nucleus,left
629,3123,2648,1149,673,614,Magnocellular reticular nucleus,left
629,1310,2432,1126,233,542,Lobule III,right
629,3033,2596,1149,654,601,Magnocellular reticular nucleus,left
629,2318,1682,1151,505,406,Spinal vestibular nucleus,right
630,835,2248,1123,131,496,Lobules IV-V,right
630,996,2307,1127,164,508,Lobules IV-V,right
630,1323,2198,1132,247,490,Lobule III,right
630,2500,3033,1132,524,685,Medial vestibular nucleus,left
630,2320,1684,1150,505,407,Spinal vestibular nucleus,right
634,958,2470,1119,156,543,Lobules IV-V,right
634,3000,2641,1145,646,609,Gigantocellular reticular nucleus,left
634,3290,2434,1148,713,575,Nucleus raphe pallidus,left
634,3018,2693,1144,650,620,Gigantocellular reticular nucleus,left
633,3035,2534,1148,655,590,Magnocellular reticular nucleus,left
633,1980,1823,1144,422,429,Superior vestibular nucleus,right
633,3276,2820,1142,707,652,Medulla,left
633,2009,2893,1122,412,657,fourth ventricle,left
633,2363,1854,1149,511,442,Spinal vestibular nucleus,right
631,750,2228,1123,110,491,Lobules IV-V,right
631,2868,2309,1149,624,546,Gigantocellular reticular nucleus,right
632,3028,2134,1153,663,513,Gigantocellular reticular nucleus,right
632,2321,1687,1149,505,407,Spinal vestibular nucleus,right
636,709,2238,1122,100,492,Lobules IV-V,right
636,3328,2770,1140,720,643,Medulla,left
636,728,2473,1113,106,540,Lobules IV-V,right
636,2362,1881,1147,510,448,Spinal vestibular nucleus,right
636,2062,3158,1125,417,709,Superior vestibular nucleus,left
636,2925,2218,1150,639,529,Gigantocellular reticular nucleus,right
635,3044,2530,1146,657,589,Magnocellular reticular nucleus,left
635,2072,3055,1123,422,687,Vestibulocerebellar nucleus,left
635,2988,3366,1128,638,761,"Spinal nucleus of the trigeminal, oral part",left
635,727,2242,1121,104,492,Lobules IV-V,right
635,2371,3169,1126,492,710,Spinal vestibular nucleus,left
635,3098,2743,1143,668,632,Gigantocellular reticular nucleus,left
637,978,2072,1128,167,460,Lobules IV-V,right
637,3213,2669,1144,693,620,Magnocellular reticular nucleus,left
637,732,2225,1122,105,490,Lobules IV-V,right
637,1087,2430,1123,179,537,Lobules IV-V,right
637,3071,2570,1146,662,597,Magnocellular reticular nucleus,left
639,747,2245,1119,110,494,Lobules IV-V,right
639,1995,1339,1147,435,324,Dentate nucleus,right
641,995,2355,1122,164,518,Lobules IV-V,right
641,808,2248,1119,126,496,Lobules IV-V,right
641,3297,2750,1140,711,638,Medulla,left
641,2357,3051,1126,490,686,Medial vestibular nucleus,left
641,2952,2377,1145,640,559,crossed tectospinal pathway,right
641,2972,2492,1144,642,581,crossed tectospinal pathway,left
641,3179,2410,1146,687,568,Nucleus raphe obscurus,right
641,2172,3143,1124,443,705,Superior vestibular nucleus,left
641,2848,2455,1143,616,573,crossed tectospinal pathway,left
638,1978,1362,1148,431,328,Dentate nucleus,right
638,3028,2231,1149,660,532,Magnocellular reticular nucleus,right
638,3209,2906,1138,692,668,"Paragigantocellular reticular nucleus, lateral part",left
638,733,2241,1120,107,493,Lobules IV-V,right
638,2354,1817,1146,510,434,Spinal vestibular nucleus,right
640,705,2238,1120,99,492,Lobules IV-V,right
642,1831,2174,1130,384,499,Fastigial nucleus,right
642,2402,2422,1135,513,558,Nucleus prepositus,right
642,2009,3557,1114,394,790,Interposed nucleus,left
642,2029,1405,1146,441,339,Dentate nucleus,right
642,3053,2791,1138,658,640,Gigantocellular reticular nucleus,left
642,3169,2412,1145,685,568,Nucleus raphe obscurus,right
642,1090,2435,1120,180,538,Lobules IV-V,right
642,3007,2600,1142,648,601,Gigantocellular reticular nucleus,left
642,3272,2758,1139,706,639,Medulla,left
644,704,2237,1119,99,491,Lobules IV-V,right
644,2983,2408,1143,646,566,Gigantocellular reticular nucleus,right
644,2346,2275,1136,503,527,Medial vestibular nucleus,right
644,2622,2556,1137,561,588,Gigantocellular reticular nucleus,left
644,3288,2440,1143,713,575,Nucleus raphe pallidus,left
644,2180,1910,1141,464,451,Spinal vestibular nucleus,right
644,2755,2616,1137,592,601,Gigantocellular reticular nucleus,left
644,3233,2786,1138,698,644,Medulla,left
653,990,2353,1117,163,518,Lobules IV-V,right
653,1494,3265,1113,267,719,Lobules IV-V,left
653,832,2248,1115,132,496,Lobules IV-V,right
653,3084,2860,1132,664,655,Gigantocellular reticular nucleus,left
653,954,2468,1111,155,543,Lobules IV-V,right
643,796,2251,1117,123,495,Lobules IV-V,right
643,2421,2765,1130,511,628,Medial vestibular nucleus,left
643,3089,2151,1147,675,515,Magnocellular reticular nucleus,right
643,3268,2007,1146,722,485,Medulla,right
643,1971,1593,1139,422,381,Cerebellum,right
648,859,2286,1116,138,503,Lobules IV-V,right
648,913,2038,1123,154,453,Lobules IV-V,right
648,1507,3251,1115,269,717,Lobules IV-V,left
648,2013,1783,1139,431,422,Superior vestibular nucleus,right
648,3256,2971,1132,702,682,"Paragigantocellular reticular nucleus, lateral part",left
645,1985,1325,1146,434,321,Dentate nucleus,right
645,3146,2737,1139,677,631,Gigantocellular reticular nucleus,left
645,3159,2613,1142,681,607,Magnocellular reticular nucleus,left
645,3256,2675,1140,702,622,Magnocellular reticular nucleus,left
645,2176,1612,1141,472,390,Lateral vestibular nucleus,right
645,985,2075,1125,169,461,Lobules IV-V,right
646,2505,2983,1126,526,674,Medial vestibular nucleus,left
646,945,2182,1122,157,482,Lobules IV-V,right
646,3239,2798,1136,699,647,"Paragigantocellular reticular nucleus, lateral part",left
646,1846,2048,1129,390,474,Fastigial nucleus,right
647,2697,2470,1137,580,573,Gigantocellular reticular nucleus,left
649,1830,2046,1129,386,473,Fastigial nucleus,right
649,2324,3396,1117,478,754,Lateral vestibular nucleus,left
649,2370,3428,1117,489,761,Lateral vestibular nucleus,left
649,2387,2789,1127,502,633,Medial vestibular nucleus,left
649,2816,1576,1147,628,390,Parvicellular reticular nucleus,right
649,3145,2514,1142,678,587,Magnocellular reticular nucleus,left
649,3248,2679,1138,701,622,Magnocellular reticular nucleus,left
649,3247,2735,1137,700,633,Magnocellular reticular nucleus,left
649,3268,2405,1142,709,568,Nucleus raphe pallidus,right
649,896,2254,1118,146,497,Lobules IV-V,right
649,3314,2752,1136,716,638,Medulla,left
650,3146,2614,1139,678,607,Magnocellular reticular nucleus,left
650,874,2288,1116,141,504,Lobules IV-V,right
650,3026,2749,1136,651,631,Gigantocellular reticular nucleus,left
650,3105,2437,1141,670,572,Nucleus raphe obscurus,left
650,3135,2594,1140,676,602,Magnocellular reticular nucleus,left
651,1981,2004,1128,421,466,Vestibulocerebellar nucleus,right
651,2205,1829,1138,474,435,Spinal vestibular nucleus,right
651,3067,2605,1138,660,603,Magnocellular reticular nucleus,left
651,898,2255,1117,147,497,Lobules IV-V,right
651,2502,3122,1120,522,702,Medial vestibular nucleus,left
651,1510,3238,1114,271,715,Lobules IV-V,left
651,3268,2724,1135,706,632,Magnocellular reticular nucleus,left
652,3094,2682,1137,667,618,Gigantocellular reticular nucleus,left
652,880,2288,1115,142,504,Lobules IV-V,right
652,2136,3141,1119,436,704,Superior vestibular nucleus,left
652,3299,2760,1134,713,640,Medulla,left
655,887,2289,1114,144,504,Lobules IV-V,right
655,969,2081,1120,166,461,Lobules IV-V,right
654,3066,2830,1132,660,648,Gigantocellular reticular nucleus,left
654,1493,3246,1113,267,715,Lobules IV-V,left
656,1491,3238,1112,267,714,Lobules IV-V,left
656,2940,2660,1134,633,611,Gigantocellular reticular nucleus,left
657,2173,3240,1117,443,724,Superior vestibular nucleus,left
657,2249,1522,1138,493,371,inferior cerebellar peduncle,right
657,2892,2476,1136,624,576,crossed tectospinal pathway,left
657,2049,1821,1135,438,430,Superior vestibular nucleus,right
657,2399,2331,1132,515,539,Nucleus prepositus,right
657,3189,2393,1139,690,565,Nucleus raphe obscurus,right
657,3292,1875,1142,733,459,Medulla,right
658,2463,3120,1117,515,701,Medial vestibular nucleus,left
658,2147,3145,1116,438,704,Superior vestibular nucleus,left
658,3270,2779,1131,706,643,Parapyramidal nucleus,left
658,1978,1766,1134,423,417,Superior vestibular nucleus,right
658,2032,1748,1134,435,415,Superior vestibular nucleus,right
658,2523,2950,1122,532,667,Medulla,left
658,2629,2308,1136,569,541,Gigantocellular reticular nucleus,right
658,2787,2467,1134,601,573,crossed tectospinal pathway,left
658,3031,2544,1136,653,591,Magnocellular reticular nucleus,left
659,2618,2347,1134,565,548,Gigantocellular reticular nucleus,right
661,3260,2075,1138,717,499,Medulla,right
661,877,2288,1112,142,504,Lobules IV-V,right
661,2220,2118,1127,472,494,Medial vestibular nucleus,right
661,3281,2726,1131,708,632,Medulla,left
661,2113,3233,1115,429,723,Superior vestibular nucleus,left
661,1496,3208,1111,269,709,Lobules IV-V,left
660,1225,2723,1113,201,608,Lobule III,left
660,2115,1903,1132,451,449,Medial vestibular nucleus,right
660,2221,2041,1130,472,479,Medial vestibular nucleus,right
660,2573,1511,1138,571,373,"Spinal nucleus of the trigeminal, oral part",right
660,2895,1845,1142,643,448,Intermediate reticular nucleus,right
660,1944,2048,1122,414,474,Vestibulocerebellar nucleus,right
663,3025,2653,1132,651,611,Gigantocellular reticular nucleus,left
663,2170,2032,1127,461,475,Medial vestibular nucleus,right
663,1490,3210,1109,268,709,Lobules IV-V,left
663,3120,2276,1137,677,540,Magnocellular reticular nucleus,right
662,3091,2263,1138,671,538,Magnocellular reticular nucleus,right
662,896,2289,1112,146,504,Lobules IV-V,right
662,868,2250,1112,141,496,Lobules IV-V,right
662,876,2250,1113,142,496,Lobules IV-V,right
662,924,2286,1113,152,503,Lobules IV-V,right
665,2225,2055,1128,474,482,Medial vestibular nucleus,right
665,3083,2608,1133,665,604,Magnocellular reticular nucleus,left
665,889,2287,1111,145,503,Lobules IV-V,right
665,2864,2594,1131,617,598,Gigantocellular reticular nucleus,left
665,3039,2657,1132,655,612,Gigantocellular reticular nucleus,left
667,2584,2338,1130,557,546,Gigantocellular reticular nucleus,right
667,3270,2438,1132,709,574,Nucleus raphe pallidus,left
667,3056,2659,1130,658,613,Gigantocellular reticular nucleus,left
667,3101,2597,1131,668,601,Magnocellular reticular nucleus,left
667,3290,2432,1132,714,572,Nucleus raphe pallidus,left
667,2227,3314,1110,455,738,Superior vestibular nucleus,left
667,2419,3124,1112,505,701,Medial vestibular nucleus,left
667,3299,2430,1132,717,572,Nucleus raphe pallidus,left
664,3175,1909,1140,704,465,"Paragigantocellular reticular nucleus, lateral part",right
666,3341,2861,1124,723,660,Parapyramidal nucleus,left
666,3243,2451,1134,702,576,Medulla,left
666,2402,2356,1127,514,543,Nucleus prepositus,right
666,3054,2503,1133,659,583,Magnocellular reticular nucleus,left
668,2395,2352,1126,513,542,Nucleus prepositus,right
668,3165,2746,1128,682,632,Gigantocellular reticular nucleus,left
668,2395,1713,1131,523,412,Spinal vestibular nucleus,right
668,3162,2271,1135,686,539,Magnocellular reticular nucleus,right
672,3193,2580,1130,689,599,Magnocellular reticular nucleus,left
672,2921,2572,1128,629,594,Gigantocellular reticular nucleus,left
672,2472,3021,1113,518,681,Medial vestibular nucleus,left
672,2491,2946,1116,524,665,Medial vestibular nucleus,left
672,2528,2888,1119,535,653,Intermediate reticular nucleus,left
672,723,2227,1108,108,490,Lobules IV-V,right
672,2514,3046,1113,527,687,Medial vestibular nucleus,left
669,3088,2715,1129,665,625,Gigantocellular reticular nucleus,left
669,2182,3208,1112,446,717,Superior vestibular nucleus,left
669,2418,2940,1117,508,664,Medial vestibular nucleus,left
669,2518,2885,1120,532,652,Medulla,left
670,2055,1798,1129,441,426,Superior vestibular nucleus,right
670,2761,3129,1115,586,708,Parvicellular reticular nucleus,left
670,2833,2232,1135,618,529,Gigantocellular reticular nucleus,right
670,1890,2005,1119,402,465,Vestibulocerebellar nucleus,right
671,3099,2075,1135,680,499,"Paragigantocellular reticular nucleus, lateral part",right
671,3151,2565,1130,679,596,Magnocellular reticular nucleus,left
671,2075,3100,1109,423,694,Superior vestibular nucleus,left
673,3314,2777,1124,717,642,Parapyramidal nucleus,left
673,1905,2009,1118,405,466,Vestibulocerebellar nucleus,right
673,2599,2767,1123,554,626,Gigantocellular reticular nucleus,left
673,3141,2581,1130,677,598,Magnocellular reticular nucleus,left
673,3163,2398,1132,684,565,Nucleus raphe magnus,right
673,3371,2787,1123,730,645,Medulla,left
675,2351,1996,1125,507,471,Medial vestibular nucleus,right
675,2204,1659,1127,481,401,Lateral vestibular nucleus,right
675,3036,2745,1124,653,629,Gigantocellular reticular nucleus,left
675,3333,2761,1122,722,639,Medulla,left
674,2798,2514,1127,603,582,crossed tectospinal pathway,left
674,2867,2685,1125,616,614,Gigantocellular reticular nucleus,left
674,2112,3111,1109,431,697,Superior vestibular nucleus,left
674,2739,1413,1136,612,361,"Spinal nucleus of the trigeminal, oral part",right
674,3127,2185,1133,681,522,Magnocellular reticular nucleus,right
676,3027,2579,1128,652,597,Gigantocellular reticular nucleus,left
676,2499,3060,1111,524,690,Medial vestibular nucleus,left
676,3105,2482,1129,670,579,Magnocellular reticular nucleus,left
676,2099,3050,1106,430,684,Medial vestibular nucleus,left
677,3296,2714,1124,712,629,Medulla,left
677,1099,2452,1107,181,541,Lobule III,right
677,1114,2453,1107,184,542,Lobule III,right
677,3323,2764,1122,719,640,Parapyramidal nucleus,left
678,1104,2453,1106,182,542,Lobule III,right
678,1145,2449,1107,191,542,Lobule III,right
679,2019,1723,1125,434,410,Superior vestibular nucleus,right
679,2626,2474,1122,563,571,Medulla,left
679,2961,2100,1133,649,503,Gigantocellular reticular nucleus,right
679,3276,2740,1122,708,633,Parapyramidal nucleus,left
680,2928,2523,1126,632,585,Gigantocellular reticular nucleus,left
681,3199,2729,1123,690,629,Magnocellular reticular nucleus,left
681,2493,2841,1116,528,642,Medial vestibular nucleus,left
681,2967,2306,1130,644,545,Gigantocellular reticular nucleus,right
681,3295,2745,1121,712,635,Parapyramidal nucleus,left
682,3153,2411,1127,682,566,Nucleus raphe magnus,right
682,2065,1750,1124,445,416,Superior vestibular nucleus,right
685,2147,3232,1105,438,721,Superior vestibular nucleus,left
685,3009,1980,1132,664,478,Intermediate reticular nucleus,right
685,2310,2241,1119,495,519,Medial vestibular nucleus,right
685,3258,2745,1120,704,634,Magnocellular reticular nucleus,left
683,2194,3061,1105,454,687,Medial vestibular nucleus,left
683,3034,2655,1123,654,611,Gigantocellular reticular nucleus,left
684,2341,1848,1120,507,440,Medial vestibular nucleus,right
684,2053,1665,1124,443,399,Superior vestibular nucleus,right
684,2344,2356,1116,502,541,Nucleus prepositus,right
686,2317,2240,1118,497,519,Medial vestibular nucleus,right
687,3130,2740,1119,674,630,Gigantocellular reticular nucleus,left
688,2109,2003,1114,451,468,Medial vestibular nucleus,right
688,2952,2468,1123,637,575,Gigantocellular reticular nucleus,left
689,2897,2221,1128,632,527,Gigantocellular reticular nucleus,right
689,3301,2672,1119,714,619,Medulla,left
689,1959,1903,1116,419,445,Superior vestibular nucleus,right
689,2789,2465,1122,602,572,crossed tectospinal pathway,left
689,2955,2321,1126,642,547,Gigantocellular reticular nucleus,right
690,3026,2481,1123,653,578,Gigantocellular reticular nucleus,left
690,2249,1995,1116,483,469,Medial vestibular nucleus,right
690,3186,2663,1120,687,615,Magnocellular reticular nucleus,left
690,2106,1696,1121,456,406,Superior vestibular nucleus,right
690,3005,2659,1120,647,611,Gigantocellular reticular nucleus,left
690,3082,2450,1123,665,573,Nucleus raphe magnus,left
690,3276,2055,1124,723,495,Parapyramidal nucleus,right
691,2775,2532,1119,597,583,crossed tectospinal pathway,left
691,3155,2592,1121,680,600,Magnocellular reticular nucleus,left
693,1161,2452,1103,195,542,Lobule III,right
693,3260,2399,1122,708,565,Nucleus raphe magnus,right
692,2011,1775,1118,432,420,Superior vestibular nucleus,right
695,3013,2084,1126,662,500,Gigantocellular reticular nucleus,right
695,3013,2636,1118,649,606,Gigantocellular reticular nucleus,left
695,3310,2435,1119,720,572,Nucleus raphe pallidus,left
694,3251,2454,1120,704,575,Medulla,left
696,3072,2576,1119,661,595,Magnocellular reticular nucleus,left
696,3009,2573,1119,648,595,Gigantocellular reticular nucleus,left
696,3132,1817,1126,698,444,"Paragigantocellular reticular nucleus, lateral part",right
697,2616,2823,1111,557,639,Intermediate reticular nucleus,left
697,2072,1658,1119,448,398,Superior vestibular nucleus,right
697,2315,3327,1096,479,738,Lateral vestibular nucleus,left
697,2333,3473,1092,481,768,Lateral vestibular nucleus,left
697,2390,1653,1118,524,400,Spinal vestibular nucleus,right
697,2652,2727,1113,567,618,Gigantocellular reticular nucleus,left
697,3002,2571,1119,646,594,Gigantocellular reticular nucleus,left
697,3194,2125,1122,700,509,Magnocellular reticular nucleus,right
697,2398,3207,1098,500,716,Medial vestibular nucleus,left
697,3258,2334,1120,710,552,Medulla,right
698,2222,3289,1097,457,732,Superior vestibular nucleus,left
698,2464,3008,1102,517,679,Medial vestibular nucleus,left
698,2322,2095,1115,500,491,Medial vestibular nucleus,right
698,2798,2285,1122,609,539,Gigantocellular reticular nucleus,right
698,3186,2799,1113,687,643,"Paragigantocellular reticular nucleus, lateral part",left
699,2984,2372,1120,646,557,Gigantocellular reticular nucleus,right
699,3194,2659,1115,689,614,Magnocellular reticular nucleus,left
699,2060,1748,1115,445,416,Superior vestibular nucleus,right
699,2217,3247,1097,456,723,Superior vestibular nucleus,left
699,2416,3283,1094,503,730,Medial vestibular nucleus,left
699,3027,2729,1114,651,625,Gigantocellular reticular nucleus,left
699,2743,2267,1121,597,534,Gigantocellular reticular nucleus,right
699,2805,2291,1121,610,540,Gigantocellular reticular nucleus,right
699,2845,2464,1117,614,572,crossed tectospinal pathway,left
701,1847,1510,1120,401,358,Interposed nucleus,right
701,2579,2310,1117,557,539,Gigantocellular reticular nucleus,right
701,3000,2089,1124,658,501,Gigantocellular reticular nucleus,right
700,2456,3130,1098,513,703,Medial vestibular nucleus,left
700,3228,2757,1112,697,634,Magnocellular reticular nucleus,left
700,3236,2416,1118,701,567,Nucleus raphe magnus,right
704,3100,2679,1113,668,616,Magnocellular reticular nucleus,left
704,2417,3343,1091,503,742,Lateral vestibular nucleus,left
704,2804,2807,1110,602,637,Gigantocellular reticular nucleus,left
702,3199,2751,1112,690,633,Magnocellular reticular nucleus,left
703,2025,1800,1112,436,425,Superior vestibular nucleus,right
703,2060,1758,1113,445,418,Superior vestibular nucleus,right
705,2264,3350,1092,467,743,Lateral vestibular nucleus,left
705,2288,3066,1096,477,688,dorsal acoustic stria,left
705,2749,2778,1110,590,631,Gigantocellular reticular nucleus,left
705,2987,3300,1097,639,746,Parvicellular reticular nucleus,left
705,3057,2160,1121,668,516,Gigantocellular reticular nucleus,right
705,3129,2688,1113,674,618,Magnocellular reticular nucleus,left
706,2493,3088,1096,522,695,Medial vestibular nucleus,left
706,2923,2543,1114,630,588,Gigantocellular reticular nucleus,left
706,1892,2011,1103,403,466,superior cerebelar peduncles,right
706,2248,3230,1094,465,720,Lateral vestibular nucleus,left
706,2555,2526,1109,547,579,Medulla,left
707,2906,2101,1122,638,502,Gigantocellular reticular nucleus,right
707,3055,2128,1120,669,509,Gigantocellular reticular nucleus,right
707,2061,1716,1113,446,409,Superior vestibular nucleus,right
707,2565,2753,1107,547,623,"Paragigantocellular reticular nucleus, dorsal part",left
707,2984,2405,1116,646,563,Gigantocellular reticular nucleus,right
708,3037,2629,1113,654,605,Gigantocellular reticular nucleus,left
708,3223,2625,1112,696,607,Magnocellular reticular nucleus,left
709,3104,2653,1112,669,611,Magnocellular reticular nucleus,left
709,2484,3105,1095,520,698,Medial vestibular nucleus,left
709,2991,2382,1116,647,558,Gigantocellular reticular nucleus,right
709,2350,3252,1092,489,724,Medial vestibular nucleus,left
710,3238,2816,1106,700,647,Parapyramidal nucleus,left
710,3009,2581,1113,649,595,Gigantocellular reticular nucleus,left
711,3032,2689,1110,653,617,Gigantocellular reticular nucleus,left
711,3187,2676,1109,687,616,Magnocellular reticular nucleus,left
711,3192,2778,1107,688,638,"Paragigantocellular reticular nucleus, lateral part",left
711,2482,3016,1096,520,680,Medial vestibular nucleus,left
712,3194,2720,1108,689,626,Magnocellular reticular nucleus,left
712,2399,2173,1112,518,507,Medulla,right
712,2526,3045,1095,530,687,Parvicellular reticular nucleus,left
712,3182,2443,1113,687,572,Nucleus raphe magnus,left
712,3182,2224,1114,694,529,Magnocellular reticular nucleus,right
713,2988,2558,1112,644,591,Gigantocellular reticular nucleus,left
713,2554,2338,1111,550,544,"Paragigantocellular reticular nucleus, dorsal part",right
713,3077,2546,1112,663,589,Magnocellular reticular nucleus,left
713,2520,2947,1099,531,665,Medulla,left
713,3254,2789,1106,703,642,Parapyramidal nucleus,left
714,2410,3060,1093,505,689,Medial vestibular nucleus,left
714,3141,2548,1111,677,591,Magnocellular reticular nucleus,left
714,2293,2177,1106,493,505,Medial vestibular nucleus,right
714,2930,2573,1110,631,593,Gigantocellular reticular nucleus,left
715,3039,2651,1109,655,609,Gigantocellular reticular nucleus,left
715,2342,3163,1089,488,708,Medial vestibular nucleus,left
715,2562,2359,1108,550,547,"Paragigantocellular reticular nucleus, dorsal part",right
715,2713,2374,1110,586,554,Gigantocellular reticular nucleus,right
715,3058,2663,1109,659,612,Gigantocellular reticular nucleus,left
715,3000,2603,1109,646,599,Gigantocellular reticular nucleus,left
715,3271,2517,1109,708,586,Medulla,left
716,2236,2016,1103,482,472,Medial vestibular nucleus,right
718,2906,2563,1109,626,591,Gigantocellular reticular nucleus,left
718,1560,1748,1106,325,402,Lobule III,right
718,2793,3167,1094,595,715,Parvicellular reticular nucleus,left
717,2488,3014,1094,523,680,Medial vestibular nucleus,left
717,2999,2592,1110,646,597,Gigantocellular reticular nucleus,left
720,2231,3193,1088,461,713,Medial vestibular nucleus,left
720,3011,2637,1107,648,605,Gigantocellular reticular nucleus,left
720,3059,2657,1107,659,610,Gigantocellular reticular nucleus,left
720,3049,2794,1104,657,639,Gigantocellular reticular nucleus,left
721,3122,2171,1113,682,518,Magnocellular reticular nucleus,right
723,2367,3134,1086,494,703,Medial vestibular nucleus,left
723,2431,3264,1083,508,727,Medial vestibular nucleus,left
723,2776,2730,1103,596,620,Gigantocellular reticular nucleus,left
725,3194,2652,1104,689,610,Magnocellular reticular nucleus,left
726,2867,2638,1104,617,604,Gigantocellular reticular nucleus,left
726,3076,2496,1106,663,580,Magnocellular reticular nucleus,left
726,2574,2853,1096,547,645,facial nerve,left
728,3053,2836,1100,659,647,Gigantocellular reticular nucleus,left
728,3255,2750,1099,703,633,Magnocellular reticular nucleus,left
728,2989,2103,1112,656,503,Gigantocellular reticular nucleus,right
728,2434,1664,1103,535,402,"Spinal nucleus of the trigeminal, oral part",right
728,3134,2454,1106,677,573,Nucleus raphe magnus,left
729,2300,2850,1087,481,644,Medial vestibular nucleus,left
729,1937,2039,1091,414,471,Parabrachial nucleus,right
729,2102,3045,1082,433,681,Medial vestibular nucleus,left
729,2699,2490,1102,580,574,crossed tectospinal pathway,left
729,2473,2915,1091,521,658,Medulla,left
729,2932,3278,1087,627,740,Parvicellular reticular nucleus,left
730,1817,2397,1090,387,540,Lobule II,right
730,2608,2649,1098,559,602,Gigantocellular reticular nucleus,left
730,2504,2365,1100,537,546,"Paragigantocellular reticular nucleus, dorsal part",right
731,2382,2073,1100,516,486,Medial vestibular nucleus,right
731,3176,2458,1104,686,574,Nucleus raphe magnus,left
731,2127,2976,1079,441,668,Medial vestibular nucleus,left
732,2303,3379,1077,478,749,Lateral vestibular nucleus,left
733,2971,2622,1102,640,601,Gigantocellular reticular nucleus,left
733,2675,1760,1104,591,424,Parvicellular reticular nucleus,right
733,3189,2648,1101,688,610,Magnocellular reticular nucleus,left
735,1587,2410,1084,323,538,Lobule II,right
735,2452,3021,1084,514,681,Medial vestibular nucleus,left
735,2954,2537,1101,637,585,Gigantocellular reticular nucleus,left
735,3140,2149,1105,689,513,Magnocellular reticular nucleus,right
735,3189,2639,1099,688,608,Magnocellular reticular nucleus,left
734,2284,2940,1082,478,662,Medial vestibular nucleus,left
734,2944,2555,1102,635,589,Gigantocellular reticular nucleus,left
734,3090,2719,1099,666,623,Gigantocellular reticular nucleus,left
734,2501,2928,1088,527,662,Medulla,left
736,2442,2990,1084,512,674,Medial vestibular nucleus,left
736,2962,2632,1100,638,603,Gigantocellular reticular nucleus,left
736,2526,3003,1085,531,678,Parvicellular reticular nucleus,left
737,2229,2097,1093,480,487,Medial vestibular nucleus,right
737,2484,3066,1083,521,690,Parvicellular reticular nucleus,left
737,2510,2814,1091,532,636,Medulla,left
737,2907,2683,1100,626,613,Gigantocellular reticular nucleus,left
737,2937,2446,1103,634,569,Nucleus raphe magnus,right
737,3085,2724,1098,665,624,Gigantocellular reticular nucleus,left
737,2320,2921,1083,486,658,Medial vestibular nucleus,left
737,2605,2888,1091,553,653,Intermediate reticular nucleus,left
739,2918,2876,1094,629,654,Intermediate reticular nucleus,left
739,3028,2607,1099,653,599,Gigantocellular reticular nucleus,left
739,3122,2652,1098,673,609,Magnocellular reticular nucleus,left
739,2509,3045,1082,527,687,Parvicellular reticular nucleus,left
739,2448,3088,1080,514,695,Medial vestibular nucleus,left
739,2790,2736,1096,600,621,Gigantocellular reticular nucleus,left
738,2967,2533,1101,639,585,Gigantocellular reticular nucleus,left
738,3089,2448,1101,667,571,Nucleus raphe magnus,left
738,3120,2742,1097,673,627,Gigantocellular reticular nucleus,left
738,3144,2698,1097,678,619,Magnocellular reticular nucleus,left
738,3022,2265,1105,658,536,Magnocellular reticular nucleus,right
738,2944,2571,1100,635,591,Gigantocellular reticular nucleus,left
749,1332,2476,1080,244,549,Lobule III,right
749,2285,3329,1070,475,739,Medial vestibular nucleus,left
749,3218,2197,1097,706,522,Medulla,right
740,2409,3389,1072,503,751,Medial vestibular nucleus,left
740,2352,3316,1074,490,736,Medial vestibular nucleus,left
741,3042,2574,1099,655,593,Magnocellular reticular nucleus,left
741,2350,3317,1074,490,736,Medial vestibular nucleus,left
745,2951,2568,1097,636,591,Gigantocellular reticular nucleus,left
745,2377,3525,1068,491,780,Koelliker-Fuse subnucleus,left
745,2988,2771,1095,645,632,Gigantocellular reticular nucleus,left
745,2428,1943,1094,529,459,Parvicellular reticular nucleus,right
744,2426,3192,1076,508,714,Medial vestibular nucleus,left
744,3050,2800,1094,658,639,Gigantocellular reticular nucleus,left
744,2797,2478,1097,602,573,crossed tectospinal pathway,left
746,1325,2479,1081,242,550,Lobule III,right
746,2127,3019,1073,441,676,Pons,left
747,2336,2736,1080,492,620,Pontine central gray,left
747,2312,3237,1072,481,721,Medial vestibular nucleus,left
747,3005,2605,1095,648,598,Gigantocellular reticular nucleus,left
747,2445,3003,1078,513,677,Medial vestibular nucleus,left
752,1436,2115,1085,290,470,Lobule III,right
752,1798,2548,1078,380,575,Lobule II,left
752,2220,2049,1084,480,477,Medial vestibular nucleus,right
752,2960,2633,1093,638,603,Gigantocellular reticular nucleus,left
750,1889,2140,1078,403,490,Pons,right
751,2593,2609,1088,556,594,Gigantocellular reticular nucleus,left
751,2358,2893,1077,495,653,Medial vestibular nucleus,left
751,3068,2158,1100,673,514,Magnocellular reticular nucleus,right
751,2041,2808,1069,426,635,Pontine central gray,left
753,2922,2655,1093,629,607,Gigantocellular reticular nucleus,left
753,2931,2930,1088,631,666,Intermediate reticular nucleus,left
753,2339,3286,1069,488,731,Medial vestibular nucleus,left
753,2359,2863,1077,495,646,Medial vestibular nucleus,left
753,2406,2923,1078,505,660,Medial vestibular nucleus,left
753,2626,2752,1088,562,622,Gigantocellular reticular nucleus,left
753,2951,2137,1103,648,508,Gigantocellular reticular nucleus,right
753,2417,3501,1065,502,775,Koelliker-Fuse subnucleus,left
754,2349,3101,1072,493,695,Medial vestibular nucleus,left
754,3128,2683,1090,675,615,Magnocellular reticular nucleus,left
754,2331,2966,1073,489,668,Medial vestibular nucleus,left
754,2356,3483,1064,488,771,Koelliker-Fuse subnucleus,left
754,2466,3053,1074,518,688,Parvicellular reticular nucleus,left
754,2654,2720,1088,569,616,Gigantocellular reticular nucleus,left
760,1300,2477,1074,238,549,Lobule III,right
760,1630,2887,1066,321,647,Lobule II,left
760,3213,2820,1083,694,646,Parapyramidal nucleus,left
758,2264,3069,1069,475,688,Medial vestibular nucleus,left
758,2111,2886,1066,440,649,Barrington's nucleus,left
758,2375,2935,1073,499,661,Medial vestibular nucleus,left
758,3216,2820,1084,694,646,Parapyramidal nucleus,left
755,2330,2940,1073,489,662,Medial vestibular nucleus,left
755,2891,2501,1093,624,577,Gigantocellular reticular nucleus,left
756,3059,2748,1089,660,628,Gigantocellular reticular nucleus,left
757,2138,2898,1068,447,652,Barrington's nucleus,left
757,2382,3116,1071,499,699,Medial vestibular nucleus,left
757,3163,2804,1086,683,642,"Paragigantocellular reticular nucleus, lateral part",left
761,2833,2612,1089,610,597,Gigantocellular reticular nucleus,left
761,2141,2850,1066,447,643,Barrington's nucleus,left
761,2316,2994,1069,486,674,Medial vestibular nucleus,left
761,2843,2464,1091,614,570,Gigantocellular reticular nucleus,right
761,3018,2818,1087,652,643,Gigantocellular reticular nucleus,left
759,2347,2862,1073,492,645,Sublaterodorsal nucleus,left
759,2171,2888,1066,454,651,Barrington's nucleus,left
759,2862,2657,1089,616,606,Gigantocellular reticular nucleus,left
762,2283,1971,1082,497,461,Medial vestibular nucleus,right
762,2303,2143,1083,497,497,Medial vestibular nucleus,right
762,2310,3390,1062,480,752,Pons,left
762,2938,2622,1089,634,600,Gigantocellular reticular nucleus,left
762,3071,2786,1086,663,636,Gigantocellular reticular nucleus,left
762,3096,2708,1087,668,620,Magnocellular reticular nucleus,left
762,2305,2065,1082,499,481,Medial vestibular nucleus,right
762,2975,2908,1084,642,662,Intermediate reticular nucleus,left
764,2331,2855,1070,489,644,Sublaterodorsal nucleus,left
764,3148,2627,1087,680,603,Magnocellular reticular nucleus,left
764,2396,2395,1078,510,549,Pontine central gray,right
763,2347,3241,1064,490,722,Medial vestibular nucleus,left
763,2300,2876,1069,483,648,Sublaterodorsal nucleus,left
763,2984,2697,1087,644,615,Gigantocellular reticular nucleus,left
765,3005,2719,1087,649,621,Gigantocellular reticular nucleus,left
766,1337,2474,1070,248,549,Lobule III,right
766,1796,2545,1071,378,574,Lobule II,left
770,2948,2532,1086,637,583,Gigantocellular reticular nucleus,left
770,2893,3448,1064,618,770,Principal sensory nucleus of the trigeminal,left
770,2917,2622,1085,629,599,Gigantocellular reticular nucleus,left
770,3058,2195,1091,671,521,Magnocellular reticular nucleus,right
770,3103,2757,1082,670,629,Gigantocellular reticular nucleus,left
768,3120,2651,1085,673,608,Magnocellular reticular nucleus,left
768,2987,2621,1086,644,600,Gigantocellular reticular nucleus,left
771,3001,2458,1086,649,571,Nucleus raphe magnus,left
771,2311,3218,1061,483,718,Medial vestibular nucleus,left
771,3054,2351,1088,663,552,Magnocellular reticular nucleus,right
771,3084,2109,1091,679,504,"Paragigantocellular reticular nucleus, lateral part",right
769,2291,2125,1079,495,492,Medial vestibular nucleus,right
769,2321,2954,1066,488,665,Subceruleus nucleus,left
769,2707,2784,1082,580,631,Gigantocellular reticular nucleus,left
769,2985,2860,1083,644,651,Gigantocellular reticular nucleus,left
769,3006,2668,1086,649,610,Gigantocellular reticular nucleus,left
769,2337,3032,1065,491,681,Medial vestibular nucleus,left
769,2754,2320,1091,598,542,Gigantocellular reticular nucleus,right
773,3068,2751,1082,663,628,Gigantocellular reticular nucleus,left
773,2821,2701,1083,607,614,Gigantocellular reticular nucleus,left
773,3053,2651,1084,659,607,Magnocellular reticular nucleus,left
772,1105,2671,1060,192,589,Midbrain,left
772,3087,2696,1083,666,616,Magnocellular reticular nucleus,left
775,3052,2737,1081,659,624,Gigantocellular reticular nucleus,left
775,3153,2723,1079,681,623,Magnocellular reticular nucleus,left
774,3084,2687,1082,666,614,Magnocellular reticular nucleus,left
774,2910,2543,1084,628,585,Gigantocellular reticular nucleus,left
774,3137,2622,1082,676,602,Magnocellular reticular nucleus,left
774,3008,2617,1084,650,599,Gigantocellular reticular nucleus,left
774,1737,2521,1066,361,567,Lobule II,right
778,2297,2835,1062,482,640,Sublaterodorsal nucleus,left
778,1871,2034,1068,401,469,Parabrachial nucleus,right
778,2016,3605,1053,400,793,Lobules IV-V,left
778,2318,2874,1063,488,648,Sublaterodorsal nucleus,left
778,2838,2601,1082,612,594,Gigantocellular reticular nucleus,left
776,2905,2544,1083,627,585,Gigantocellular reticular nucleus,left
776,2984,2280,1088,651,537,Gigantocellular reticular nucleus,right
777,1744,2520,1065,364,567,Lobule II,right
777,2353,3068,1061,495,689,Medial vestibular nucleus,left
777,2971,2112,1092,654,502,Gigantocellular reticular nucleus,right
777,2976,2700,1082,642,616,Gigantocellular reticular nucleus,left
777,2264,3037,1059,476,680,Medial vestibular nucleus,left
779,2937,2269,1088,641,535,Gigantocellular reticular nucleus,right
779,2146,2131,1068,463,490,Sublaterodorsal nucleus,right
779,2767,2785,1078,595,631,Gigantocellular reticular nucleus,left
780,2971,2602,1081,641,596,Gigantocellular reticular nucleus,left
780,2924,2655,1081,631,606,Gigantocellular reticular nucleus,left
781,2116,2997,1055,441,669,Pons,left
781,3175,2641,1078,685,606,Magnocellular reticular nucleus,left
784,2946,2720,1078,636,620,Gigantocellular reticular nucleus,left
784,1995,2833,1054,416,636,Laterodorsal tegmental nucleus,left
784,3070,2794,1076,664,637,Gigantocellular reticular nucleus,left
782,2939,2683,1080,635,612,Gigantocellular reticular nucleus,left
785,3039,2744,1077,657,626,Gigantocellular reticular nucleus,left
785,2700,1460,1086,605,364,"Spinal nucleus of the trigeminal, oral part",right
785,2946,2678,1079,636,611,Gigantocellular reticular nucleus,left
787,2092,2888,1051,437,648,Pontine central gray,left
787,3065,2713,1075,662,620,Gigantocellular reticular nucleus,left
787,2612,2722,1071,559,616,Gigantocellular reticular nucleus,left
787,2614,2731,1071,560,618,Gigantocellular reticular nucleus,left
787,2957,3268,1059,633,736,Parvicellular reticular nucleus,left
786,2802,2706,1077,603,615,Gigantocellular reticular nucleus,left
786,2704,1466,1085,606,365,"Spinal nucleus of the trigeminal, oral part",right
788,1654,1840,1071,357,423,Lobule III,right
788,2171,2888,1052,456,649,Sublaterodorsal nucleus,left
789,2931,2567,1078,633,589,Gigantocellular reticular nucleus,left
789,3046,2780,1075,658,634,Gigantocellular reticular nucleus,left
789,2797,2811,1075,602,637,Gigantocellular reticular nucleus,left
790,2790,2799,1074,601,635,Gigantocellular reticular nucleus,left
790,2286,2128,1068,494,492,Sublaterodorsal nucleus,right
790,2340,2078,1070,508,483,Medulla,right
790,2540,2833,1066,539,640,Medulla,left
790,2955,2642,1076,638,603,Gigantocellular reticular nucleus,left
790,3031,2284,1081,661,538,Magnocellular reticular nucleus,right
790,2975,2745,1075,643,625,Gigantocellular reticular nucleus,left
792,2319,2113,1068,503,490,Medulla,right
792,2289,2121,1067,496,490,Pons,right
792,2874,2783,1074,621,633,Gigantocellular reticular nucleus,left
792,2935,2568,1076,634,590,Gigantocellular reticular nucleus,left
791,2934,2946,1070,634,668,Intermediate reticular nucleus,left
796,2256,2829,1052,475,638,Sublaterodorsal nucleus,left
796,2217,1619,1075,489,388,Medial vestibular nucleus,right
793,2504,2867,1063,530,647,Pons,left
793,2744,2399,1077,593,556,crossed tectospinal pathway,right
793,2947,2650,1075,636,605,Gigantocellular reticular nucleus,left
793,3040,2782,1073,657,633,Gigantocellular reticular nucleus,left
793,3084,2119,1081,680,505,Medulla,right
793,2638,2904,1066,562,657,Intermediate reticular nucleus,left
794,3083,2647,1073,666,605,Magnocellular reticular nucleus,left
794,2335,2081,1068,507,483,Medulla,right
795,2156,2878,1048,453,646,Pontine central gray,left
795,2845,2176,1085,625,513,Gigantocellular reticular nucleus,right
795,2899,2909,1069,626,660,Intermediate reticular nucleus,left
795,2820,2593,1073,608,593,Gigantocellular reticular nucleus,left
798,2962,2727,1072,640,621,Gigantocellular reticular nucleus,left
798,3005,2784,1070,650,634,Gigantocellular reticular nucleus,left
797,3056,2717,1072,660,620,Gigantocellular reticular nucleus,left
797,2815,2574,1073,607,589,Gigantocellular reticular nucleus,left
799,2249,2132,1061,487,491,Sublaterodorsal nucleus,right
799,1900,2198,1054,404,501,Laterodorsal tegmental nucleus,right
799,2998,2848,1068,649,648,Gigantocellular reticular nucleus,left
801,3029,2578,1072,655,592,Magnocellular reticular nucleus,left
801,2145,2085,1059,465,480,Subceruleus nucleus,right
801,3115,2734,1068,673,624,Magnocellular reticular nucleus,left
801,3144,2231,1075,688,527,Magnocellular reticular nucleus,right
801,2460,2779,1059,522,628,"Pontine reticular nucleus, caudal part",left
801,2480,2924,1056,524,659,"Pontine reticular nucleus, caudal part",left
802,2812,2661,1070,606,605,Gigantocellular reticular nucleus,left
802,2737,2774,1068,588,629,Gigantocellular reticular nucleus,left
802,2771,2777,1068,596,629,Gigantocellular reticular nucleus,left
802,3075,2810,1066,665,640,Gigantocellular reticular nucleus,left
804,969,2509,1042,172,550,Midbrain,right
804,2820,2661,1069,608,605,Gigantocellular reticular nucleus,left
805,2193,2955,1044,463,661,Pons,left
805,2975,2738,1069,644,624,Gigantocellular reticular nucleus,left
803,2152,1521,1071,476,364,Koelliker-Fuse subnucleus,right
806,1160,2798,1043,209,615,"Inferior colliculus, dorsal nucleus",left
806,2820,2299,1076,615,538,Gigantocellular reticular nucleus,right
806,2973,2823,1066,644,642,Gigantocellular reticular nucleus,left
806,3033,2782,1066,657,633,Gigantocellular reticular nucleus,left
806,2044,2926,1042,426,652,Laterodorsal tegmental nucleus,left
806,2679,1894,1075,594,451,Intermediate reticular nucleus,right
806,2964,2821,1066,642,641,Gigantocellular reticular nucleus,left
809,2039,2927,1041,425,652,Laterodorsal tegmental nucleus,left
809,2165,3012,1041,456,671,Pons,left
809,2200,2958,1042,464,662,Pons,left
809,2223,1519,1069,493,366,Koelliker-Fuse subnucleus,right
809,2632,2811,1061,562,635,"Pontine reticular nucleus, caudal part",left
809,2897,2268,1076,633,533,Gigantocellular reticular nucleus,right
809,2837,2671,1068,612,607,Gigantocellular reticular nucleus,left
810,2569,2402,1062,553,553,crossed tectospinal pathway,right
810,3028,2781,1064,656,633,Gigantocellular reticular nucleus,left
810,2777,2433,1069,600,563,Gigantocellular reticular nucleus,right
810,2929,2651,1067,633,604,Gigantocellular reticular nucleus,left
810,2931,2533,1068,633,582,Gigantocellular reticular nucleus,left
810,1984,3403,1038,403,749,arbor vitae,left
811,2146,2080,1053,466,479,Subceruleus nucleus,right
811,2916,2923,1061,630,663,Intermediate reticular nucleus,left
811,2132,1980,1056,465,459,Pons,right
811,2911,2919,1061,629,662,Intermediate reticular nucleus,left
812,2860,2738,1065,618,622,Gigantocellular reticular nucleus,left
812,2938,2830,1064,637,643,Gigantocellular reticular nucleus,left
814,2222,1495,1066,492,360,Koelliker-Fuse subnucleus,right
814,2994,2415,1068,650,561,Gigantocellular reticular nucleus,right
814,3158,3144,1046,682,713,Facial motor nucleus,left
815,2720,2434,1065,587,562,Gigantocellular reticular nucleus,right
816,2963,3103,1050,638,702,Intermediate reticular nucleus,left
817,1158,2613,1039,214,576,Periaqueductal gray,left
817,2507,2179,1064,545,507,Gigantocellular reticular nucleus,right
817,2734,2442,1065,591,563,Gigantocellular reticular nucleus,right
817,2738,2867,1059,589,648,"Pontine reticular nucleus, caudal part",left
817,2971,2784,1062,643,633,Gigantocellular reticular nucleus,left
817,3035,2723,1062,657,621,Gigantocellular reticular nucleus,left
817,3072,3072,1050,662,697,Facial motor nucleus,left
817,2991,2421,1067,649,562,Gigantocellular reticular nucleus,right
818,2882,2502,1065,623,575,Gigantocellular reticular nucleus,left
818,2949,2685,1063,638,612,Gigantocellular reticular nucleus,left
818,3148,2843,1055,681,649,Gigantocellular reticular nucleus,left
818,3086,3211,1044,664,726,Facial motor nucleus,left
819,1868,2851,1036,386,635,Laterodorsal tegmental nucleus,left
819,3037,2620,1062,656,599,Magnocellular reticular nucleus,left
819,3084,2729,1059,668,623,Magnocellular reticular nucleus,left
819,2867,2582,1063,619,590,Gigantocellular reticular nucleus,left
819,3047,2640,1061,659,603,Magnocellular reticular nucleus,left
819,2182,1906,1056,477,443,Pons,right
819,2311,2772,1045,489,625,"Pontine reticular nucleus, caudal part",left
821,3007,2637,1062,650,602,Gigantocellular reticular nucleus,left
821,2871,2715,1062,620,617,Gigantocellular reticular nucleus,left
820,1635,3095,1031,326,684,Cuneiform nucleus,left
820,3067,2249,1067,671,530,Magnocellular reticular nucleus,right
820,3148,2921,1052,681,665,Facial motor nucleus,left
822,2948,2652,1061,638,604,Gigantocellular reticular nucleus,left
822,2145,2876,1037,452,643,Pons,left
822,2765,2860,1057,596,647,"Pontine reticular nucleus, caudal part",left
822,2915,2682,1061,631,610,Gigantocellular reticular nucleus,left
822,830,3051,1020,128,654,Midbrain,left
824,3071,3055,1046,663,693,Facial motor nucleus,left
823,1893,2808,1035,394,628,Laterodorsal tegmental nucleus,left
826,834,3049,1018,130,654,Midbrain,left
826,3102,2728,1056,671,623,Magnocellular reticular nucleus,left
826,1715,2816,1035,349,628,Periaqueductal gray,left
825,2135,2877,1035,450,643,Pons,left
825,2754,2862,1056,593,647,"Pontine reticular nucleus, caudal part",left
825,2837,2674,1060,612,608,Gigantocellular reticular nucleus,left
825,3241,2828,1051,700,647,Parapyramidal nucleus,left
827,1878,2848,1032,389,635,Laterodorsal tegmental nucleus,left
827,1661,3041,1028,333,673,Periaqueductal gray,left
827,2693,2198,1066,590,515,Gigantocellular reticular nucleus,right
827,3171,2237,1061,694,527,Medulla,right
829,2206,3038,1032,466,677,Pons,left
829,3050,3151,1041,657,713,Facial motor nucleus,left
829,3161,2958,1046,683,674,Facial motor nucleus,left
829,2223,2877,1036,471,645,Pons,left
828,2245,1990,1051,490,461,Pons,right
828,2525,2397,1051,544,551,"Pontine reticular nucleus, caudal part",right
828,2643,2865,1051,566,647,"Pontine reticular nucleus, caudal part",left
828,2928,2736,1058,635,622,Gigantocellular reticular nucleus,left
828,2946,2714,1058,638,618,Gigantocellular reticular nucleus,left
828,2967,2553,1059,642,586,Gigantocellular reticular nucleus,left
828,3065,2658,1057,663,608,Magnocellular reticular nucleus,left
828,2796,3098,1046,601,697,Intermediate reticular nucleus,left
828,2834,3093,1046,610,697,Intermediate reticular nucleus,left
831,2988,2711,1055,648,617,Gigantocellular reticular nucleus,left
831,3087,2675,1054,668,611,Magnocellular reticular nucleus,left
830,2228,2888,1035,472,648,Pons,left
830,2982,2940,1050,645,667,"Pontine reticular nucleus, caudal part",left
830,2878,2697,1057,623,613,Gigantocellular reticular nucleus,left
833,1151,2674,1029,213,588,Periaqueductal gray,left
833,2424,2968,1039,514,667,"Pontine reticular nucleus, caudal part",left
833,2480,2888,1043,526,651,"Pontine reticular nucleus, caudal part",left
833,2932,3073,1044,632,694,Intermediate reticular nucleus,left
833,2198,3038,1030,465,677,Pons,left
833,2856,2968,1050,617,671,Intermediate reticular nucleus,left
833,2993,2743,1055,650,625,Gigantocellular reticular nucleus,left
836,2234,2892,1032,474,647,Pons,left
836,2960,2187,1063,652,515,Gigantocellular reticular nucleus,right
836,2937,2649,1055,636,604,Gigantocellular reticular nucleus,left
834,2872,2696,1055,621,612,Gigantocellular reticular nucleus,left
834,3030,2826,1051,657,642,"Pontine reticular nucleus, caudal part",left
834,2763,2956,1048,596,667,"Pontine reticular nucleus, caudal part",left
834,2880,2893,1051,624,656,"Pontine reticular nucleus, caudal part",left
832,2959,2253,1064,649,530,Gigantocellular reticular nucleus,right
835,2162,2934,1029,457,655,Pons,left
835,2845,2636,1055,615,600,Gigantocellular reticular nucleus,left
835,2333,2980,1033,495,668,"Pontine reticular nucleus, caudal part",left
835,2949,2654,1054,639,605,Gigantocellular reticular nucleus,left
837,2095,2885,1029,441,644,Pons,left
837,3092,2670,1052,669,610,Magnocellular reticular nucleus,left
837,2973,2920,1048,645,662,"Pontine reticular nucleus, caudal part",left
838,2833,2864,1050,613,648,"Pontine reticular nucleus, caudal part",left
838,1570,2151,1040,331,480,Periaqueductal gray,right
838,2975,2081,1063,659,493,Gigantocellular reticular nucleus,right
841,1082,2571,1025,202,564,Periaqueductal gray,right
841,1891,2176,1035,404,495,Laterodorsal tegmental nucleus,right
841,2713,3035,1041,583,683,Pons,left
841,2949,2650,1052,639,604,Gigantocellular reticular nucleus,left
841,2943,2621,1053,638,598,Gigantocellular reticular nucleus,left
841,2967,2191,1061,653,516,Gigantocellular reticular nucleus,right
844,2181,2907,1027,462,649,Pons,left
844,2761,2351,1056,601,545,Gigantocellular reticular nucleus,right
844,1314,2888,1021,252,635,Periaqueductal gray,left
844,2311,3302,1027,484,734,Supratrigeminal nucleus,left
844,3200,2745,1044,692,628,Medulla,left
844,1544,2161,1037,325,482,Periaqueductal gray,right
842,2825,2851,1049,611,645,"Pontine reticular nucleus, caudal part",left
842,2952,2301,1058,645,538,Gigantocellular reticular nucleus,right
842,2830,2506,1054,612,575,Gigantocellular reticular nucleus,left
840,2847,2634,1053,615,600,Gigantocellular reticular nucleus,left
845,2130,2922,1025,450,650,Pons,left
843,2617,2649,1045,561,601,"Pontine reticular nucleus, caudal part",left
843,3184,2496,1050,688,576,medial lemniscus,left
846,1998,2857,1024,418,636,Laterodorsal tegmental nucleus,left
846,3032,2153,1057,669,509,Gigantocellular reticular nucleus,right
846,3032,2896,1042,657,657,"Pontine reticular nucleus, caudal part",left
847,2975,2475,1051,645,571,Nucleus raphe magnus,left
849,1313,2906,1019,252,638,Periaqueductal gray,left
849,2082,2926,1022,437,650,Midbrain reticular nucleus,left
849,2764,2347,1055,602,544,Gigantocellular reticular nucleus,right
849,2767,2926,1043,597,660,"Pontine reticular nucleus, caudal part",left
849,2813,2258,1058,617,528,Gigantocellular reticular nucleus,right
849,2895,2799,1047,628,635,"Pontine reticular nucleus, caudal part",left
849,1276,2828,1019,242,622,Periaqueductal gray,left
848,2132,2917,1024,450,649,Pons,left
850,2966,2478,1050,643,571,Nucleus raphe magnus,left
850,2993,2844,1043,651,646,"Pontine reticular nucleus, caudal part",left
852,3000,2637,1046,651,601,Magnocellular reticular nucleus,left
852,2625,2747,1042,563,620,"Pontine reticular nucleus, caudal part",left
852,2828,2750,1046,613,623,"Pontine reticular nucleus, caudal part",left
852,2685,2910,1040,577,656,"Pontine reticular nucleus, caudal part",left
851,2169,2877,1024,460,642,Pons,left
851,1186,2701,1018,223,593,Periaqueductal gray,left
854,3029,2663,1044,657,608,Gigantocellular reticular nucleus,left
854,2692,2912,1039,578,656,"Pontine reticular nucleus, caudal part",left
853,3052,2863,1040,662,651,"Pontine reticular nucleus, caudal part",left
853,1603,3156,1016,320,695,Cuneiform nucleus,left
853,3042,2682,1045,660,611,Magnocellular reticular nucleus,left
855,2991,2090,1054,663,494,Gigantocellular reticular nucleus,right
855,2718,2487,1046,589,570,Pons,right
859,2917,2722,1042,633,618,"Pontine reticular nucleus, caudal part",left
859,1242,2247,1028,251,496,Periaqueductal gray,right
859,2949,1961,1052,657,466,Facial motor nucleus,right
859,2783,2730,1042,602,618,"Pontine reticular nucleus, caudal part",left
859,2314,2608,1028,497,591,Pons,left
858,1211,2378,1022,239,524,Periaqueductal gray,right
858,2958,2717,1042,643,617,"Pontine reticular nucleus, caudal part",left
858,2326,3069,1021,494,685,Peritrigeminal zone,left
858,2539,2887,1033,542,649,"Pontine reticular nucleus, caudal part",left
860,2459,2969,1027,524,666,"Pontine reticular nucleus, caudal part",left
860,1303,2967,1012,251,650,Periaqueductal gray,left
860,1672,3297,1012,333,726,Cuneiform nucleus,left
857,2608,2312,1046,568,535,"Pontine reticular nucleus, caudal part",right
857,2879,2832,1042,625,641,"Pontine reticular nucleus, caudal part",left
856,2714,2324,1050,592,540,"Pontine reticular nucleus, caudal part",right
861,2867,2788,1041,622,632,"Pontine reticular nucleus, caudal part",left
861,1280,3005,1012,245,658,Midbrain,left
861,1427,2190,1030,298,486,Periaqueductal gray,right
861,1449,2925,1013,287,644,Periaqueductal gray,left
861,2140,2999,1016,453,665,Pons,left
861,2728,2462,1045,592,565,Pons,right
862,1021,2890,1009,181,629,"Superior colliculus, motor related, intermediate white layer",left
862,2822,2114,1054,624,497,"Pontine reticular nucleus, caudal part",right
862,2927,2728,1040,636,620,"Pontine reticular nucleus, caudal part",left
862,1448,2908,1011,287,641,Periaqueductal gray,left
862,2938,2385,1047,641,553,Gigantocellular reticular nucleus,right
863,1378,2947,1010,271,647,Periaqueductal gray,left
864,2745,2073,1051,608,487,"Pontine reticular nucleus, caudal part",right
865,1557,2984,1012,313,658,Periaqueductal gray,left
865,2617,2934,1031,560,660,"Pontine reticular nucleus, caudal part",left
865,2732,2707,1039,589,612,"Pontine reticular nucleus, caudal part",left
865,2193,2091,1031,479,480,"Pontine reticular nucleus, caudal part",right
865,2874,2252,1050,632,526,"Pontine reticular nucleus, caudal part",right
865,2940,2735,1039,639,621,"Pontine reticular nucleus, caudal part",left
867,2151,2018,1030,471,465,Pons,right
867,1281,2959,1008,246,648,"Superior colliculus, motor related, deep white layer",left
869,2980,2734,1036,648,622,"Pontine reticular nucleus, caudal part",left
869,2393,2977,1021,510,666,"Pontine reticular nucleus, caudal part",left
869,2910,2294,1047,638,535,"Pontine reticular nucleus, caudal part",right
866,2681,2192,1047,589,511,"Pontine reticular nucleus, caudal part",right
868,2789,2912,1034,604,656,"Pontine reticular nucleus, caudal part",left
868,3058,2865,1031,665,651,"Pontine reticular nucleus, caudal part",left
870,1442,3044,1007,285,668,Midbrain,left
870,1707,3321,1007,341,731,Cuneiform nucleus,left
870,1103,3027,1005,201,659,"Superior colliculus, motor related, intermediate white layer",left
870,1567,2012,1026,335,450,Cuneiform nucleus,right
871,3127,2202,1041,687,516,Medulla,right
872,1909,1867,1030,420,430,superior cerebelar peduncles,right
872,2970,2853,1031,646,647,"Pontine reticular nucleus, caudal part",left
872,2950,2370,1042,644,550,Gigantocellular reticular nucleus,right
873,2977,3068,1023,644,693,"Pontine reticular nucleus, caudal part",left
873,2509,2549,1028,542,580,Pons,left
873,2903,2776,1035,632,629,"Pontine reticular nucleus, caudal part",left
873,1432,3028,1006,283,665,Midbrain,left
873,2944,2852,1032,641,646,"Pontine reticular nucleus, caudal part",left
873,3040,2783,1032,662,633,"Pontine reticular nucleus, caudal part",left
875,1931,2109,1020,418,482,Midbrain reticular nucleus,right
875,2749,2275,1043,603,529,"Pontine reticular nucleus, caudal part",right
875,3043,2197,1041,671,515,"Pontine reticular nucleus, caudal part",right
874,2688,2272,1042,589,527,"Pontine reticular nucleus, caudal part",right
874,3040,2862,1028,662,650,"Pontine reticular nucleus, caudal part",left
874,1569,3102,1006,315,682,Cuneiform nucleus,left
874,1838,2173,1019,395,492,superior cerebelar peduncles,right
874,2945,2502,1039,640,574,Nucleus raphe magnus,left
874,2978,2768,1032,649,629,"Pontine reticular nucleus, caudal part",left
876,2206,3123,1010,466,692,Pons,left
876,2692,3055,1022,580,685,Pons,left
876,3040,2209,1041,669,518,"Pontine reticular nucleus, caudal part",right
878,1792,2213,1016,383,499,Laterodorsal tegmental nucleus,right
878,2776,2060,1044,616,484,"Pontine reticular nucleus, caudal part",right
879,2230,3054,1009,474,678,Pons,left
879,3061,2940,1022,665,667,"Pontine reticular nucleus, caudal part",left
877,2866,2511,1038,622,575,Pons,left
881,2988,2240,1040,658,524,"Pontine reticular nucleus, caudal part",right
881,1088,3038,999,198,661,"Superior colliculus, motor related, intermediate white layer",left
881,1224,2979,1001,233,651,"Superior colliculus, motor related, deep white layer",left
881,2763,2494,1036,600,571,Pons,left
881,2026,2882,1009,426,639,Midbrain reticular nucleus,left
880,1321,2970,1001,257,651,Periaqueductal gray,left
883,2057,2457,1014,442,554,Midbrain,right
883,1560,3085,1001,314,678,Cuneiform nucleus,left
883,2031,2108,1018,442,483,Midbrain reticular nucleus,right
883,2246,2873,1013,479,642,Pontine reticular nucleus,left
883,2716,1838,1036,606,438,Pons,right
882,2292,3313,1010,480,735,Supratrigeminal nucleus,left
885,1561,3437,1003,308,754,"Inferior colliculus, external nucleus",left
885,1087,3016,998,198,656,"Superior colliculus, motor related, intermediate white layer",left
885,1101,2878,999,203,628,"Superior colliculus, motor related, deep gray layer",left
885,2900,2820,1027,632,638,"Pontine reticular nucleus, caudal part",left
885,2960,2682,1030,645,610,"Pontine reticular nucleus, caudal part",left
884,1001,2310,1009,194,507,"Superior colliculus, motor related, intermediate white layer",right
884,1276,2259,1014,262,499,Periaqueductal gray,right
884,2967,2851,1025,646,646,"Pontine reticular nucleus, caudal part",left
884,2121,2607,1016,456,586,medial longitudinal fascicle,left
887,991,2985,993,175,646,"Superior colliculus, motor related, intermediate white layer",left
887,2039,2086,1018,445,478,Midbrain reticular nucleus,right
888,1758,2180,1012,378,490,Periaqueductal gray,right
888,2791,2051,1039,620,481,"Pontine reticular nucleus, caudal part",right
888,2423,2868,1017,519,644,"Pontine reticular nucleus, caudal part",left
888,2970,2905,1021,647,658,"Pontine reticular nucleus, caudal part",left
889,1849,2907,1003,385,642,Midbrain,left
891,2200,2967,1005,468,659,Pons,left
891,3033,2829,1020,662,643,"Pontine reticular nucleus, caudal part",left
890,2236,2330,1013,487,530,Pons,right
892,3136,3019,1012,681,686,"Superior olivary complex, medial part",left
892,2053,2051,1017,450,471,Pons,right
892,2766,2731,1026,599,617,"Pontine reticular nucleus, caudal part",left
892,2865,2126,1038,635,498,"Pontine reticular nucleus, caudal part",right
893,1666,3021,999,341,665,Periaqueductal gray,left
893,1210,2266,1009,247,499,Periaqueductal gray,right
893,2140,2608,1012,461,587,Midbrain reticular nucleus,left
893,2891,2090,1037,642,491,"Pontine reticular nucleus, caudal part",right
893,2943,2925,1019,641,661,"Pontine reticular nucleus, caudal part",left
893,2613,2727,1023,563,615,"Pontine reticular nucleus, caudal part",left
894,1417,2874,993,283,633,Periaqueductal gray,left
894,2326,3025,1006,496,674,Pontine reticular nucleus,left
894,2642,2247,1032,580,520,"Pontine reticular nucleus, caudal part",right
894,2679,1857,1031,598,440,Pons,right
894,2856,2646,1027,621,601,"Pontine reticular nucleus, caudal part",left
894,1112,2998,993,206,653,"Superior colliculus, motor related, intermediate white layer",left
894,1155,3056,993,217,665,"Superior colliculus, motor related, deep gray layer",left
894,2958,2809,1021,646,637,"Pontine reticular nucleus, caudal part",left
896,1426,2171,1012,302,482,Periaqueductal gray,right
896,2346,3034,1006,500,676,Pontine reticular nucleus,left
895,1649,2295,1004,351,510,Periaqueductal gray,right
897,2638,2731,1021,569,616,"Pontine reticular nucleus, caudal part",left
897,2734,2018,1034,608,474,"Pontine reticular nucleus, caudal part",right
897,1065,3140,988,193,680,"Superior colliculus, motor related, intermediate white layer",left
897,2862,2640,1026,622,600,"Pontine reticular nucleus, caudal part",left
897,2933,1946,1033,656,461,"Pontine reticular nucleus, caudal part",right
897,2949,2807,1020,644,636,"Pontine reticular nucleus, caudal part",left
899,2715,2827,1020,588,636,"Pontine reticular nucleus, caudal part",left
899,2270,2119,1017,498,486,"Pontine reticular nucleus, caudal part",right
899,2487,2965,1011,533,664,"Pontine reticular nucleus, caudal part",left
899,2494,2074,1026,550,481,"Pontine reticular nucleus, caudal part",right
899,2502,2920,1012,536,654,"Pontine reticular nucleus, caudal part",left
899,2532,2960,1012,543,663,"Pontine reticular nucleus, caudal part",left
899,2578,2827,1016,555,635,"Pontine reticular nucleus, caudal part",left
899,1169,2637,990,227,577,Periaqueductal gray,left
899,1641,2939,996,337,648,Periaqueductal gray,left
898,1064,2848,990,197,620,"Superior colliculus, motor related, deep gray layer",left
898,1726,2234,1006,369,500,Periaqueductal gray,right
898,1043,2197,1007,210,483,"Superior colliculus, motor related, deep gray layer",right
898,1846,3330,994,376,732,Cuneiform nucleus,left
901,946,2153,1004,185,473,"Superior colliculus, motor related, intermediate white layer",right
901,1140,2581,992,222,565,Periaqueductal gray,right
901,1201,2685,990,233,589,Periaqueductal gray,left
902,1159,2580,991,227,565,Periaqueductal gray,right
902,2909,2847,1017,635,644,"Pontine reticular nucleus, caudal part",left
900,1120,2653,991,215,581,"Superior colliculus, motor related, deep white layer",left
900,1498,3104,993,302,681,Midbrain,left
900,1710,2931,997,353,646,Periaqueductal gray,left
900,2308,2884,1008,495,645,Pontine reticular nucleus,left
903,1267,2284,1002,261,503,Periaqueductal gray,right
906,1346,3024,989,266,661,"Superior colliculus, motor related, deep white layer",left
906,1482,2957,990,299,649,Periaqueductal gray,left
906,2167,2776,1005,464,620,Midbrain reticular nucleus,left
906,1503,2995,990,305,658,Periaqueductal gray,left
906,2406,2922,1007,516,653,"Pontine reticular nucleus, caudal part",left
906,2429,2864,1009,522,642,"Pontine reticular nucleus, caudal part",left
905,1136,2100,1007,235,464,Midbrain,right
905,1640,2794,994,338,620,Periaqueductal gray,left
905,2593,2321,1024,569,534,"Pontine reticular nucleus, caudal part",right
905,3109,2938,1008,678,668,"Superior olivary complex, medial part",left
904,1537,2130,1008,329,474,Periaqueductal gray,right
907,2986,2840,1012,653,644,"Pontine reticular nucleus, caudal part",left
907,1336,2239,1002,280,494,Periaqueductal gray,right
907,1442,2992,988,290,656,Periaqueductal gray,left
907,898,2739,983,162,593,"Superior colliculus, motor related, intermediate gray layer",left
907,2395,3051,1003,512,679,Pontine reticular nucleus,left
908,2873,2250,1028,633,523,"Pontine reticular nucleus, caudal part",right
908,2512,2160,1021,552,499,"Pontine reticular nucleus, caudal part",right
908,1962,2644,1002,418,592,Midbrain,left
910,1786,2951,993,371,650,Periaqueductal gray,left
910,2811,1914,1025,629,453,"Pontine reticular nucleus, caudal part",right
909,2515,2974,1008,541,666,"Pontine reticular nucleus, caudal part",left
911,2270,2938,1000,486,654,Pontine reticular nucleus,left
911,2503,2981,1006,538,666,"Pontine reticular nucleus, caudal part",left
911,1751,2801,994,364,620,Periaqueductal gray,left
912,1566,2023,1005,338,453,Cuneiform nucleus,right
912,2686,2960,1010,581,664,"Pontine reticular nucleus, caudal part",left
912,2897,2680,1016,632,608,"Pontine reticular nucleus, caudal part",left
912,1027,2737,983,192,595,"Superior colliculus, motor related, deep gray layer",left
912,1523,2994,988,310,658,Periaqueductal gray,left
913,1587,3042,989,324,667,Periaqueductal gray,left
913,1589,2955,989,326,650,Periaqueductal gray,left
913,2279,2379,1003,499,540,Superior central nucleus raphe,right
913,2555,2901,1009,550,650,"Pontine reticular nucleus, caudal part",left
913,1563,2965,988,320,652,Periaqueductal gray,left
913,1894,2834,995,398,628,Midbrain reticular nucleus,left
914,2494,2362,1013,547,540,crossed tectospinal pathway,right
914,905,2786,979,162,602,"Superior colliculus, motor related, intermediate gray layer",left
914,1892,2791,995,398,619,Midbrain reticular nucleus,left
914,2200,2018,1011,484,464,Pontine reticular nucleus,right
914,2245,2985,997,479,663,Pontine reticular nucleus,left
914,2374,3480,995,498,770,Pons,left
914,1984,2525,1000,427,567,Dorsal nucleus raphe,right
916,1031,2736,981,194,595,"Superior colliculus, motor related, deep gray layer",left
916,2497,2300,1013,548,528,"Pontine reticular nucleus, caudal part",right
915,1171,2644,982,229,579,Periaqueductal gray,left
915,2840,3343,996,610,743,Pons,left
918,2336,3370,994,491,746,Supratrigeminal nucleus,left
918,1782,2838,991,371,628,Periaqueductal gray,left
918,2341,3379,994,492,748,Supratrigeminal nucleus,left
919,2287,2728,1002,493,612,Pontine reticular nucleus,left
919,2105,2576,998,456,579,Midbrain,left
919,1558,2963,985,320,652,Periaqueductal gray,left
917,1256,2230,998,262,492,Periaqueductal gray,right
917,1655,2916,988,342,643,Periaqueductal gray,left
917,2443,3011,1002,525,672,"Pontine reticular nucleus, caudal part",left
920,2677,2194,1021,591,509,"Pontine reticular nucleus, caudal part",right
920,1611,2878,986,332,636,Periaqueductal gray,left
920,1782,2141,999,385,482,Midbrain reticular nucleus,right
920,2781,1920,1020,622,453,"Pontine reticular nucleus, caudal part",right
920,2962,2911,1004,647,658,"Pontine reticular nucleus, caudal part",left
921,1623,3011,986,334,661,Periaqueductal gray,left
921,2753,2191,1022,609,509,"Pontine reticular nucleus, caudal part",right
921,1568,2054,1001,340,459,Cuneiform nucleus,right
921,1623,3119,985,332,685,Cuneiform nucleus,left
921,1811,2976,988,377,654,Midbrain reticular nucleus,left
921,1816,3002,988,378,659,Midbrain reticular nucleus,left
921,2487,2698,1005,536,608,crossed tectospinal pathway,left
921,2591,2883,1006,559,647,"Pontine reticular nucleus, caudal part",left
921,1294,2955,980,256,646,Periaqueductal gray,left
921,1546,2992,984,316,656,Periaqueductal gray,left
921,1563,3015,985,320,662,Periaqueductal gray,left
921,2875,3282,995,620,730,rubrospinal tract,left
921,2923,2740,1010,640,621,"Pontine reticular nucleus, caudal part",left
922,2404,2927,1000,517,653,Pontine reticular nucleus,left
922,1308,3146,981,258,685,"Superior colliculus, motor related, deep gray layer",left
922,1340,2216,996,283,489,Periaqueductal gray,right
922,1608,2996,985,331,658,Periaqueductal gray,left
922,2670,3038,1002,578,680,"Pontine reticular nucleus, caudal part",left
923,1501,2175,997,322,483,Periaqueductal gray,right
923,2462,2276,1009,541,522,"Pontine reticular nucleus, caudal part",right
923,2863,1650,1017,646,402,rubrospinal tract,right
924,1185,2695,977,232,590,Periaqueductal gray,left
930,2920,2732,1005,639,619,"Pontine reticular nucleus, caudal part",left
930,1513,3024,979,309,663,Periaqueductal gray,left
930,3101,2992,994,677,678,"Superior olivary complex, medial part",left
930,1622,2951,981,335,648,Periaqueductal gray,left
925,2702,2645,1011,587,598,"Pontine reticular nucleus, caudal part",left
925,2808,2131,1021,624,497,"Pontine reticular nucleus, caudal part",right
925,1760,2918,987,366,643,Periaqueductal gray,left
926,2876,2385,1017,630,549,"Pontine reticular nucleus, caudal part",right
931,923,2785,971,168,602,"Superior colliculus, motor related, intermediate gray layer",left
931,2659,2731,1004,577,615,"Pontine reticular nucleus, caudal part",left
931,2710,2384,1014,595,547,"Pontine reticular nucleus, caudal part",right
931,1260,2951,974,249,644,Periaqueductal gray,left
931,1397,3092,977,280,674,Midbrain,left
931,1529,2975,978,314,653,Periaqueductal gray,left
931,2798,2450,1013,613,561,Pons,right
928,1137,3088,975,215,670,"Superior colliculus, motor related, intermediate white layer",left
929,2858,3106,995,621,695,lateral lemniscus,left
929,1334,3073,978,265,671,"Superior colliculus, motor related, deep gray layer",left
929,2449,2906,999,527,649,Pontine reticular nucleus,left
929,2470,3055,996,531,680,Pontine reticular nucleus,left
929,2865,3108,995,622,696,lateral lemniscus,left
929,1456,3011,979,295,659,Periaqueductal gray,left
932,2882,2177,1016,638,506,"Pontine reticular nucleus, caudal part",right
932,1269,3184,976,249,693,"Superior colliculus, motor related, deep gray layer",left
933,2909,2223,1015,643,517,"Pontine reticular nucleus, caudal part",right
933,1495,2926,977,306,643,Periaqueductal gray,left
933,1693,2942,982,352,646,Periaqueductal gray,left
936,2577,2306,1009,568,529,"Pontine reticular nucleus, caudal part",right
936,2629,2173,1011,582,503,"Pontine reticular nucleus, caudal part",right
936,1531,3029,977,313,663,Periaqueductal gray,left
934,2797,2432,1013,613,557,Pons,right
934,1653,2811,981,344,621,Periaqueductal gray,left
934,2406,3011,993,516,670,Pontine reticular nucleus,left
934,1157,2685,972,227,587,Periaqueductal gray,left
934,1461,2896,975,298,637,Periaqueductal gray,left
935,2467,2312,1003,542,528,"Pontine reticular nucleus, caudal part",right
937,1859,3142,980,388,689,Pedunculopontine nucleus,left
937,2639,2427,1010,580,554,Pons,right
937,2112,1612,1006,475,377,Koelliker-Fuse subnucleus,right
938,2230,2954,988,477,656,Pontine reticular nucleus,left
938,2911,2661,1004,637,604,"Pontine reticular nucleus, caudal part",left
938,2352,3022,990,503,671,Pontine reticular nucleus,left
938,2439,2781,996,527,623,Pontine reticular nucleus,left
938,2656,2754,1000,576,620,"Pontine reticular nucleus, caudal part",left
939,1429,2144,989,308,475,Periaqueductal gray,right
939,2442,2845,994,526,636,Pontine reticular nucleus,left
939,2770,2416,1010,608,554,Pons,right
939,1658,2356,984,355,522,Periaqueductal gray,right
939,2631,2820,998,570,633,"Pontine reticular nucleus, caudal part",left
939,2822,2195,1012,624,510,"Pontine reticular nucleus, caudal part",right
941,2808,3180,987,609,708,lateral lemniscus,left
941,2241,2995,986,478,664,Pontine reticular nucleus,left
941,2370,2342,995,521,532,crossed tectospinal pathway,right
941,1429,2937,972,291,643,Periaqueductal gray,left
940,1428,2168,988,307,480,Periaqueductal gray,right
940,2953,2477,1007,647,567,Nucleus raphe magnus,right
942,2484,2929,993,536,654,Pontine reticular nucleus,left
942,2738,2413,1009,602,553,Pons,right
942,2882,2548,1005,630,582,"Pontine reticular nucleus, caudal part",left
942,2442,2779,994,527,623,Pontine reticular nucleus,left
943,1530,2946,972,315,646,Periaqueductal gray,left
945,1226,2102,988,261,464,"Superior colliculus, motor related, deep gray layer",right
945,1469,3092,973,299,675,Midbrain,left
945,2673,2101,1008,595,488,"Pontine reticular nucleus, caudal part",right
945,2795,3177,986,606,707,lateral lemniscus,left
945,1641,2973,975,340,653,Periaqueductal gray,left
945,2571,2129,1006,570,493,"Pontine reticular nucleus, caudal part",right
946,2423,2878,991,523,643,Pontine reticular nucleus,left
946,2439,2784,992,527,624,Pontine reticular nucleus,left
946,2659,2426,1005,585,554,Pons,right
946,1342,3016,969,269,657,Periaqueductal gray,left
946,1631,2286,983,351,506,Periaqueductal gray,right
946,2810,2275,1009,620,526,"Pontine reticular nucleus, caudal part",right
946,1518,1997,990,332,445,Cuneiform nucleus,right
946,1608,2876,973,334,633,Periaqueductal gray,left
946,1672,2922,975,347,642,Periaqueductal gray,left
946,2127,2038,995,468,467,Pontine reticular nucleus,right
947,1639,2929,973,341,643,Periaqueductal gray,left
947,2701,1957,1005,604,457,"Pontine reticular nucleus, caudal part",right
947,974,2783,964,182,602,"Superior colliculus, motor related, intermediate white layer",left
947,1887,2666,983,400,593,Midbrain,left
947,1544,2966,971,319,650,Periaqueductal gray,left
948,2619,2908,993,569,651,"Pontine reticular nucleus, caudal part",left
948,2780,3103,987,604,693,lateral lemniscus,left
948,1114,2905,964,215,630,"Superior colliculus, motor related, deep gray layer",left
948,1104,3059,964,211,662,"Superior colliculus, motor related, intermediate white layer",left
950,2443,2922,989,528,651,Pontine reticular nucleus,left
950,1204,3084,966,236,669,"Superior colliculus, motor related, deep gray layer",left
950,1155,2642,964,229,577,Periaqueductal gray,left
950,1307,3141,968,259,683,"Superior colliculus, motor related, deep gray layer",left
950,1639,3160,972,338,692,Cuneiform nucleus,left
950,1669,3588,977,335,786,Midbrain,left
950,2206,1918,997,489,442,Supratrigeminal nucleus,right
949,991,2719,965,188,590,"Superior colliculus, motor related, intermediate white layer",left
949,1783,1861,991,395,423,Pedunculopontine nucleus,right
951,2599,2836,991,564,635,"Pontine reticular nucleus, caudal part",left
951,1312,2934,965,263,641,Periaqueductal gray,left
951,2748,2410,1004,605,552,Pons,right
953,2259,2134,993,499,488,Pontine reticular nucleus,right
953,2582,3185,983,557,706,Peritrigeminal zone,left
953,2356,3001,984,505,666,Pontine reticular nucleus,left
953,2799,2932,991,612,658,"Pontine reticular nucleus, caudal part",left
952,2850,2188,1005,632,508,"Pontine reticular nucleus, caudal part",right
954,1151,2197,980,241,482,"Superior colliculus, motor related, deep gray layer",right
954,1315,3193,967,261,695,"Superior colliculus, motor related, deep gray layer",left
954,1665,3588,975,334,786,Midbrain,left
954,2290,2364,986,503,535,Pons,right
954,2691,2412,1003,592,551,Pons,right
954,2436,2910,987,526,649,Pontine reticular nucleus,left
954,2598,3413,976,556,754,Pons,left
955,2067,2046,989,455,468,Pedunculopontine nucleus,right
955,2043,1948,990,451,447,Pedunculopontine nucleus,right
955,2546,2945,988,551,657,Pontine reticular nucleus,left
955,2276,2339,986,500,529,Pontine reticular nucleus,right
955,1274,3112,965,253,676,"Superior colliculus, motor related, deep gray layer",left
955,2120,2006,991,468,460,Pons,right
956,1170,2567,963,235,561,Periaqueductal gray,right
956,1952,2732,978,415,607,Midbrain reticular nucleus,left
956,2770,1845,1001,622,435,lateral lemniscus,right
957,2372,3310,978,503,732,Supratrigeminal nucleus,left
957,2519,2353,996,555,537,"Pontine reticular nucleus, caudal part",right
957,1295,2956,963,260,644,Periaqueductal gray,left
958,2652,2828,989,577,634,"Pontine reticular nucleus, caudal part",left
959,2387,2959,982,514,658,Pontine reticular nucleus,left
959,1032,3035,957,194,653,"Superior colliculus, motor related, intermediate white layer",left
959,1402,3157,965,283,687,Midbrain,left
959,1652,2796,969,344,616,Periaqueductal gray,left
959,2098,2011,988,464,460,Pons,right
962,2920,2679,991,640,608,"Pontine reticular nucleus, caudal part",left
962,1912,1853,987,424,424,Pedunculopontine nucleus,right
962,2575,2671,988,560,601,Pontine reticular nucleus,left
962,1484,2862,962,306,629,Periaqueductal gray,left
960,2527,2351,994,557,536,"Pontine reticular nucleus, caudal part",right
960,1172,3138,961,227,679,"Superior colliculus, motor related, intermediate white layer",left
961,2596,2919,987,564,652,Pontine reticular nucleus,left
961,2742,2450,999,602,560,Pons,right
961,2854,2712,992,625,614,"Pontine reticular nucleus, caudal part",left
961,2096,2090,987,462,477,Midbrain reticular nucleus,right
963,1442,2919,961,296,639,Periaqueductal gray,left
963,2152,2105,986,475,480,Pontine reticular nucleus,right
968,2404,3287,973,513,726,Pons,left
968,2193,2792,977,473,622,Pons,left
968,1254,2512,957,258,549,Periaqueductal gray,right
968,1614,2892,964,337,634,Periaqueductal gray,left
968,2656,2073,995,592,481,"Pontine reticular nucleus, caudal part",right
968,2590,3298,972,558,729,Peritrigeminal zone,left
968,2785,2146,996,619,498,"Pontine reticular nucleus, caudal part",right
968,1666,2730,967,349,603,Periaqueductal gray,left
965,1099,3091,957,211,667,"Superior colliculus, motor related, intermediate white layer",left
965,1510,3126,965,310,682,Midbrain reticular nucleus,left
965,1617,2785,966,337,614,Periaqueductal gray,left
965,1365,3127,963,275,680,"Superior colliculus, motor related, deep gray layer",left
965,1668,2707,969,350,598,Periaqueductal gray,left
965,1675,2872,968,350,631,Periaqueductal gray,left
965,2393,3256,975,510,719,Supratrigeminal nucleus,left
965,2612,3171,978,565,702,Pontine reticular nucleus,left
964,1816,3035,969,381,665,Midbrain reticular nucleus,left
964,1875,2658,976,398,591,Midbrain,left
964,2276,1644,995,512,386,Motor nucleus of trigeminal,right
964,2120,2032,987,468,465,Pontine reticular nucleus,right
964,2806,2506,996,616,572,Nucleus raphe magnus,left
964,2808,2515,996,617,574,Nucleus raphe magnus,left
964,2854,2890,985,625,651,"Pontine reticular nucleus, caudal part",left
966,2168,1501,996,492,356,Koelliker-Fuse subnucleus,right
967,2390,3243,974,510,717,Supratrigeminal nucleus,left
967,1227,2691,954,247,588,Periaqueductal gray,left
967,1640,2900,965,342,636,Periaqueductal gray,left
969,2269,3121,973,482,690,Pontine reticular nucleus,left
969,2334,3036,976,500,673,Pontine reticular nucleus,left
969,2709,2412,996,597,551,Pons,right
971,2577,2339,991,569,535,"Pontine reticular nucleus, caudal part",right
971,1602,2876,961,333,631,Periaqueductal gray,left
971,1314,3025,957,266,657,"Superior colliculus, motor related, deep white layer",left
971,1947,2826,969,411,624,Midbrain reticular nucleus,left
971,2859,2925,980,627,658,"Pontine reticular nucleus, caudal part",left
970,2407,2346,983,530,532,crossed tectospinal pathway,right
970,2463,2969,980,533,661,Pontine reticular nucleus,left
970,1717,2867,966,359,629,Periaqueductal gray,left
970,2176,2037,985,482,466,Pontine reticular nucleus,right
973,2682,2420,993,591,553,Pons,right
973,1371,2277,967,292,499,Periaqueductal gray,right
972,1209,2228,970,256,490,Periaqueductal gray,right
972,1610,2741,962,337,605,Periaqueductal gray,left
972,2790,3006,980,610,673,"Pontine reticular nucleus, caudal part",left
972,1570,2838,960,327,624,Periaqueductal gray,left
972,1627,2897,962,339,635,Periaqueductal gray,left
974,1514,2964,959,314,648,Periaqueductal gray,left
974,1679,2772,964,352,610,Periaqueductal gray,left
974,1237,3105,956,245,673,"Superior colliculus, motor related, deep gray layer",left
974,1297,3052,956,261,662,"Superior colliculus, motor related, deep white layer",left
975,1025,2732,951,199,592,"Superior colliculus, motor related, intermediate white layer",left
975,1070,2773,951,209,601,"Superior colliculus, motor related, deep gray layer",left
975,1353,3205,958,272,697,"Superior colliculus, motor related, deep gray layer",left
975,928,2934,949,171,629,"Superior colliculus, motor related, intermediate white layer",left
976,1497,2169,972,325,480,Periaqueductal gray,right
976,896,2396,961,175,522,"Superior colliculus, motor related, intermediate white layer",right
976,1576,2930,959,328,641,Periaqueductal gray,left
976,1290,3049,955,260,662,"Superior colliculus, motor related, deep white layer",left
978,1614,2452,963,345,540,Periaqueductal gray,right
978,1345,3203,957,270,696,"Superior colliculus, motor related, deep gray layer",left
978,2327,2081,985,516,477,Pontine reticular nucleus,right
978,2310,3094,970,493,684,Pontine reticular nucleus,left
978,2349,3143,971,502,695,Pontine reticular nucleus,left
978,2389,3037,973,514,673,Pontine reticular nucleus,left
978,2426,3098,973,522,686,Pontine reticular nucleus,left
978,1114,3114,951,216,671,"Superior colliculus, motor related, intermediate white layer",left
978,1536,2718,955,321,600,Periaqueductal gray,left
978,2129,3144,966,449,693,Pedunculopontine nucleus,left
978,2398,3095,972,516,685,Pontine reticular nucleus,left
978,2560,2052,990,571,475,"Pontine reticular nucleus, caudal part",right
977,1021,2732,951,198,592,"Superior colliculus, motor related, intermediate white layer",left
977,1249,2104,973,269,464,"Superior colliculus, motor related, deep gray layer",right
977,1616,3001,960,337,655,Periaqueductal gray,left
977,2146,3003,968,455,663,Pedunculopontine nucleus,left
977,2313,2778,976,501,620,Pontine reticular nucleus,left
977,2421,2227,984,536,508,Pontine reticular nucleus,right
977,2583,2896,979,563,646,Pontine reticular nucleus,left
977,2630,3202,971,570,708,Pontine reticular nucleus,left
977,2685,3034,978,585,676,Pontine reticular nucleus,left
977,2208,1948,984,491,448,Pontine reticular nucleus,right
979,2408,2790,975,522,623,Pontine reticular nucleus,left
979,1621,2890,959,339,633,Periaqueductal gray,left
979,2808,2770,980,616,625,"Pontine reticular nucleus, caudal part",left
980,2522,2396,983,555,544,Pons,right
980,1378,2288,962,294,502,Periaqueductal gray,right
980,1433,3090,956,294,672,Midbrain,left
982,2452,2962,974,530,658,Pontine reticular nucleus,left
982,1265,3302,955,250,716,"Superior colliculus, motor related, intermediate white layer",left
982,2245,3238,965,474,716,Pons,left
982,2463,2099,986,548,484,Pontine reticular nucleus,right
982,2453,2242,982,544,511,Pontine reticular nucleus,right
981,1279,2921,952,259,635,Periaqueductal gray,left
981,1685,2988,960,353,654,Periaqueductal gray,left
981,1606,2344,965,346,517,Periaqueductal gray,right
981,2573,2171,988,572,500,"Pontine reticular nucleus, caudal part",right
983,1236,3199,952,244,693,"Superior colliculus, motor related, deep gray layer",left
983,1634,2925,957,342,640,Periaqueductal gray,left
984,1158,3241,951,226,700,"Superior colliculus, motor related, intermediate white layer",left
985,1529,2322,962,329,510,Periaqueductal gray,right
985,1249,3256,953,247,705,"Superior colliculus, motor related, intermediate white layer",left
985,1251,3302,954,246,715,"Superior colliculus, motor related, intermediate white layer",left
985,1828,1914,976,406,434,Pedunculopontine nucleus,right
985,2176,3116,964,460,687,Pedunculopontine nucleus,left
985,2456,2202,982,544,503,Pontine reticular nucleus,right
986,1573,2326,962,340,512,Periaqueductal gray,right
986,2362,3118,968,505,690,Pontine reticular nucleus,left
986,1210,2948,949,243,639,"Superior colliculus, motor related, deep white layer",left
986,2426,2807,973,526,626,Pontine reticular nucleus,left
986,2500,3233,966,538,714,Pontine reticular nucleus,left
986,2586,2404,983,570,547,Pons,right
986,2809,2661,981,616,603,"Pontine reticular nucleus, caudal part",left
986,2264,2404,972,498,541,Superior central nucleus raphe,right
986,2393,2700,973,521,604,crossed tectospinal pathway,left
987,2414,3077,969,520,681,Pontine reticular nucleus,left
987,1639,2801,956,344,615,Periaqueductal gray,left
987,2182,2870,967,467,637,Pontine reticular nucleus,left
987,2842,2318,986,628,534,"Pontine reticular nucleus, caudal part",right
988,2401,3015,970,517,668,Pontine reticular nucleus,left
988,1278,3158,951,256,685,"Superior colliculus, motor related, deep gray layer",left
988,2528,2161,983,563,497,Pontine reticular nucleus,right
988,1570,1925,971,347,429,Cuneiform nucleus,right
990,1516,2437,953,323,534,Periaqueductal gray,right
992,2461,3061,968,532,678,Pontine reticular nucleus,left
992,2136,2114,973,472,481,Pontine reticular nucleus,right
992,2141,1854,975,478,427,Pons,right
989,2466,3216,966,530,709,Pontine reticular nucleus,left
993,2163,2948,963,461,652,Midbrain reticular nucleus,left
993,2164,2015,975,481,461,Pontine reticular nucleus,right
993,2638,2373,982,584,542,Tegmental reticular nucleus,right
993,2650,2437,982,585,555,Pons,right
993,2035,2117,971,448,480,Pedunculopontine nucleus,right
993,1019,3207,944,192,687,"Superior colliculus, motor related, intermediate gray layer",left
995,2246,3023,962,479,669,Pontine reticular nucleus,left
995,2334,2064,977,520,474,Pontine reticular nucleus,right
995,2360,3197,962,504,705,Pontine reticular nucleus,left
995,1627,2745,952,342,604,Periaqueductal gray,left
995,1671,3414,953,339,748,Midbrain reticular nucleus,left
995,2171,2007,973,483,459,Pontine reticular nucleus,right
994,2528,2915,970,551,649,Pontine reticular nucleus,left
994,2401,2223,975,532,507,Pontine reticular nucleus,right
996,2300,2092,976,511,478,Pontine reticular nucleus,right
996,2217,3328,957,467,736,Midbrain,left
996,1635,3172,952,340,692,Midbrain reticular nucleus,left
996,2373,3360,959,506,742,Pons,left
996,1896,2221,966,412,499,Midbrain reticular nucleus,right
996,2276,3223,960,483,712,Pontine reticular nucleus,left
996,2510,3091,966,544,684,Pontine reticular nucleus,left
999,2514,2778,967,548,621,Pontine reticular nucleus,left
999,1522,2951,948,317,643,Periaqueductal gray,left
997,1550,3004,951,324,655,Periaqueductal gray,left
997,1611,2963,952,338,647,Periaqueductal gray,left
997,1429,3160,950,292,687,"Superior colliculus, motor related, deep gray layer",left
997,1450,2993,949,300,651,Periaqueductal gray,left
997,2169,1988,973,483,456,Pontine reticular nucleus,right
998,1472,2185,961,320,483,Periaqueductal gray,right
1000,1499,3027,948,312,658,Periaqueductal gray,left
1000,2496,2749,967,544,615,Pontine reticular nucleus,left
1001,1693,2357,959,366,522,Periaqueductal gray,right
1001,1265,2115,962,274,465,"Superior colliculus, motor related, deep gray layer",right
1001,2550,2968,967,555,660,Pontine reticular nucleus,left
1001,2510,2549,970,550,575,Superior central nucleus raphe,left
1001,2544,2133,978,567,491,Pontine reticular nucleus,right
1001,2917,3053,962,640,686,"Superior olivary complex, medial part",left
1003,1283,2988,942,262,647,Periaqueductal gray,left
1003,2329,2010,974,520,462,Pontine reticular nucleus,right
1003,1571,2744,946,330,603,Periaqueductal gray,left
1003,1600,2745,947,337,603,Periaqueductal gray,left
1003,1673,2823,950,352,619,Periaqueductal gray,left
1003,2569,2765,965,561,619,Pontine reticular nucleus,left
1004,1661,3266,948,343,714,Midbrain reticular nucleus,left
1004,2316,2009,974,517,462,Pontine reticular nucleus,right
1004,2553,2798,965,558,625,Pontine reticular nucleus,left
1006,1832,2397,959,394,534,Paratrochlear nucleus,right
1006,2392,3146,958,513,694,Pontine reticular nucleus,left
1006,1658,2890,949,349,632,Periaqueductal gray,left
1006,1738,2736,953,367,602,Periaqueductal gray,left
1005,1534,2208,958,334,489,Periaqueductal gray,right
1005,2162,1977,969,482,452,Pontine reticular nucleus,right
1005,2623,2140,976,586,494,Pontine reticular nucleus,right
1008,1531,3013,945,320,656,Periaqueductal gray,left
1008,2487,3025,962,539,670,Pontine reticular nucleus,left
1008,1695,2787,950,357,611,Periaqueductal gray,left
1008,2225,1943,969,498,447,Pontine reticular nucleus,right
1007,2434,2780,962,530,620,Pontine reticular nucleus,left
1007,1012,2790,937,197,602,"Superior colliculus, motor related, intermediate white layer",left
1011,2263,1986,969,506,456,Pontine reticular nucleus,right
1011,1111,2690,936,225,584,"Superior colliculus, motor related, deep white layer",left
1011,1645,2500,949,353,552,Periaqueductal gray,right
1011,2610,2368,971,578,540,Tegmental reticular nucleus,right
1011,1488,3023,943,310,657,Periaqueductal gray,left
1011,2151,2982,953,456,658,Midbrain reticular nucleus,left
1010,2108,1924,966,471,440,Pons,right
1010,2868,3049,958,631,684,Pontine reticular nucleus,left
1010,1504,1779,962,336,396,Midbrain reticular nucleus,right
1010,1620,2845,946,340,623,Periaqueductal gray,left
1010,2514,1852,976,566,432,Pontine reticular nucleus,right
1010,1355,3110,942,277,674,"Superior colliculus, motor related, deep gray layer",left
1009,2181,3146,954,461,694,Pedunculopontine nucleus,left
1009,2480,2995,962,538,664,Pontine reticular nucleus,left
1009,1282,3274,943,255,709,"Superior colliculus, motor related, intermediate white layer",left
1009,1554,3025,946,325,658,Midbrain reticular nucleus,left
1009,2351,3016,959,506,667,Pontine reticular nucleus,left
1019,2099,2072,960,466,470,Pontine reticular nucleus,right
1019,2331,3083,952,500,682,Pontine reticular nucleus,left
1019,2504,1848,972,564,432,Pontine reticular nucleus,right
1019,2563,2123,968,573,489,Pontine reticular nucleus,right
1013,2251,2046,968,502,468,Pontine reticular nucleus,right
1013,1580,2969,944,332,647,Periaqueductal gray,left
1012,1131,2754,936,229,597,Periaqueductal gray,left
1012,2397,2994,959,517,664,Pontine reticular nucleus,left
1012,2407,2063,971,537,474,Pontine reticular nucleus,right
1012,2594,1850,975,584,433,lateral lemniscus,right
1012,2960,2993,957,652,675,"Superior olivary complex, medial part",left
1016,2145,2213,960,473,500,Pontine reticular nucleus,right
1016,1571,2747,940,331,603,Periaqueductal gray,left
1016,1731,2778,947,364,610,Periaqueductal gray,left
1016,1913,2829,949,405,624,Midbrain reticular nucleus,left
1016,2300,2787,957,499,620,crossed tectospinal pathway,left
1017,2181,1887,964,489,434,Pontine reticular nucleus,right
1017,2469,3094,956,535,684,Pontine reticular nucleus,left
1017,1627,2802,943,342,614,Periaqueductal gray,left
1017,1667,2796,945,350,613,Periaqueductal gray,left
1017,2464,3261,951,531,718,rubrospinal tract,left
1017,2634,2800,960,577,626,Pontine reticular nucleus,left
1018,2470,3120,954,534,689,Pontine reticular nucleus,left
1018,2478,2083,969,554,479,Pontine reticular nucleus,right
1018,1873,1827,963,421,414,Pedunculopontine nucleus,right
1018,2250,3065,952,480,677,Pontine reticular nucleus,left
1020,1486,3028,939,310,657,Periaqueductal gray,left
1021,2244,2119,962,500,482,Pontine reticular nucleus,right
1021,2524,2092,968,565,481,Pontine reticular nucleus,right
1022,1224,2978,934,249,643,"Superior colliculus, motor related, deep white layer",left
1025,1160,2737,931,238,593,Periaqueductal gray,left
1025,1644,2952,941,347,643,Periaqueductal gray,left
1025,1473,3017,937,308,654,Periaqueductal gray,left
1025,2586,2836,955,566,632,Pontine reticular nucleus,left
1025,2765,3121,951,607,694,Pontine reticular nucleus,left
1025,2231,2848,952,480,633,Pontine reticular nucleus,left
1023,2464,1916,969,554,445,Pontine reticular nucleus,right
1023,1551,2290,946,337,505,Periaqueductal gray,right
1023,2481,2844,954,540,633,Pontine reticular nucleus,left
1024,2636,3040,954,577,675,Pontine reticular nucleus,left
1024,1177,2879,932,239,621,Periaqueductal gray,left
1024,1160,3101,932,231,667,"Superior colliculus, motor related, intermediate white layer",left
1024,1611,2816,939,339,616,Periaqueductal gray,left
1026,2155,2557,953,473,570,Midbrain,right
1026,2168,2893,948,464,641,Pontine reticular nucleus,left
1026,2641,2056,967,592,475,Pontine reticular nucleus,right
1026,1544,2908,937,325,634,Periaqueductal gray,left
1026,1705,2711,943,361,596,Periaqueductal gray,left
1026,2218,2845,950,478,632,Pontine reticular nucleus,left
1028,1713,2626,943,366,579,Midbrain,left
1028,1397,3210,936,285,696,"Superior colliculus, motor related, deep gray layer",left
1028,1790,3119,940,378,682,Midbrain reticular nucleus,left
1029,2457,2861,952,534,636,Pontine reticular nucleus,left
1029,2233,2947,948,479,652,Pontine reticular nucleus,left
1029,2443,2975,952,531,660,Pontine reticular nucleus,left
1031,1223,3078,930,247,664,"Superior colliculus, motor related, deep gray layer",left
1031,1410,2845,930,295,620,Periaqueductal gray,left
1032,1378,3035,932,285,657,Periaqueductal gray,left
1033,1438,2986,933,300,647,Periaqueductal gray,left
1033,1522,3090,935,318,671,Midbrain reticular nucleus,left
1033,1868,2925,940,395,641,Midbrain reticular nucleus,left
1033,2494,2112,962,558,484,Pontine reticular nucleus,right
1033,2155,1838,956,486,423,Pontine reticular nucleus,right
1033,2457,3047,949,533,674,Pontine reticular nucleus,left
1034,1464,1930,952,326,426,Midbrain reticular nucleus,right
1034,2525,2114,961,565,486,Pontine reticular nucleus,right
1034,2558,2251,958,570,514,Pontine reticular nucleus,right
1035,1777,3387,935,368,743,Midbrain reticular nucleus,left
1035,1845,2819,940,390,619,Midbrain reticular nucleus,left
1036,2262,1943,957,508,447,Pontine reticular nucleus,right
1036,1891,2990,938,400,655,Midbrain reticular nucleus,left
1038,2181,2002,954,488,456,Pontine reticular nucleus,right
1038,1062,3359,928,203,722,"Superior colliculus, motor related, intermediate gray layer",left
1038,1789,2320,945,387,517,Midbrain reticular nucleus,right
1039,1627,2976,934,344,647,Midbrain reticular nucleus,left
1037,1640,2822,935,346,616,Periaqueductal gray,left
1041,1900,2766,939,404,610,Midbrain reticular nucleus,left
1041,2636,1856,963,595,433,lateral lemniscus,right
1041,2864,2544,957,634,579,medial lemniscus,left
1041,2209,2659,947,484,593,Anterior tegmental nucleus,left
1041,2483,3005,946,541,666,Pontine reticular nucleus,left
1041,2517,3267,938,544,719,Pons,left
1042,2325,2773,945,505,618,crossed tectospinal pathway,left
1042,1582,2774,930,334,607,Periaqueductal gray,left
1042,1777,2943,935,376,643,Midbrain reticular nucleus,left
1042,2167,2915,940,463,645,Pontine reticular nucleus,left
1042,2435,3293,937,524,726,Pons,left
1043,2681,2088,957,601,482,Pontine reticular nucleus,right
1043,2322,2255,949,514,508,Pontine reticular nucleus,right
1043,2562,2925,945,560,650,Pontine reticular nucleus,left
1044,1267,2749,922,265,597,Periaqueductal gray,left
1044,1571,2963,931,331,644,Periaqueductal gray,left
1044,1119,3036,923,224,651,"Superior colliculus, motor related, intermediate white layer",left
1045,1577,2014,947,350,448,Midbrain reticular nucleus,right
1045,1822,2534,940,392,562,Midbrain,right
1047,1651,2985,931,349,649,Midbrain reticular nucleus,left
1047,1772,3226,930,373,705,Midbrain reticular nucleus,left
1046,2322,2871,942,502,637,Pontine reticular nucleus,left
1049,2469,1912,959,557,443,Pontine reticular nucleus,right
1049,1901,2726,937,406,602,Midbrain reticular nucleus,left
1049,2526,2948,943,552,655,Pontine reticular nucleus,left
1049,2983,3024,938,661,681,"Superior olivary complex, periolivary region",left
1049,1659,1866,947,372,417,Midbrain reticular nucleus,right
1050,1105,1986,944,240,431,"Superior colliculus, motor related, intermediate white layer",right
1050,2327,2006,953,522,459,Pontine reticular nucleus,right
1052,1055,2661,921,215,575,"Superior colliculus, motor related, deep gray layer",left
1052,2580,2961,941,566,658,Pontine reticular nucleus,left
1053,2065,2868,934,440,635,Midbrain reticular nucleus,left
1053,1343,3137,924,275,678,"Superior colliculus, motor related, deep gray layer",left
1053,1419,3060,925,295,662,"Superior colliculus, motor related, deep white layer",left
1053,1979,2055,944,440,464,Pedunculopontine nucleus,right
1051,2431,1922,956,548,444,Pontine reticular nucleus,right
1054,2671,3068,938,587,682,Pontine reticular nucleus,left
1055,1447,2825,921,304,614,Periaqueductal gray,left
1056,1549,2778,923,328,607,Periaqueductal gray,left
1056,1578,2174,938,348,482,Midbrain reticular nucleus,right
1057,1283,2108,937,282,462,"Superior colliculus, motor related, deep gray layer",right
1057,2660,2879,939,585,643,Pontine reticular nucleus,left
1057,1418,3068,923,295,664,"Superior colliculus, motor related, deep gray layer",left
1057,1673,3077,927,355,669,Midbrain reticular nucleus,left
1058,1623,2969,926,344,645,Midbrain reticular nucleus,left
1058,2610,2912,938,573,648,Pontine reticular nucleus,left
1058,2761,1977,952,624,457,Pontine reticular nucleus,right
1058,1843,2303,937,400,514,Midbrain reticular nucleus,right
1059,1019,3202,916,198,684,"Superior colliculus, motor related, intermediate gray layer",left
1059,1307,2996,919,269,646,Periaqueductal gray,left
1059,2235,2776,935,485,618,crossed tectospinal pathway,left
1059,1463,2908,921,308,631,Periaqueductal gray,left
1060,1175,2013,939,258,438,"Superior colliculus, motor related, deep gray layer",right
1060,2502,3012,936,545,667,Pontine reticular nucleus,left
1060,1236,2725,916,259,590,Periaqueductal gray,left
1061,2200,2760,935,478,614,crossed tectospinal pathway,left
1063,2578,1911,952,583,443,Pontine reticular nucleus,right
1063,1123,1886,940,249,409,"Superior colliculus, motor related, intermediate white layer",right
1063,1180,2763,915,245,596,Periaqueductal gray,left
1063,2556,2882,934,560,641,Pontine reticular nucleus,left
1065,1190,2989,916,242,643,"Superior colliculus, motor related, deep gray layer",left
1065,1615,2898,923,342,631,Periaqueductal gray,left
1065,1532,3011,922,322,652,Periaqueductal gray,left
1065,1548,1868,939,347,415,Midbrain reticular nucleus,right
1065,1581,2879,922,334,626,Periaqueductal gray,left
1065,2383,3062,931,516,677,Pontine reticular nucleus,left
1065,1635,2684,922,349,589,Supraoculomotor periaqueductal gray,left
1065,2114,2954,928,451,653,Midbrain reticular nucleus,left
1064,1400,2831,917,294,614,Periaqueductal gray,left
1064,1489,3023,921,313,655,Periaqueductal gray,left
1067,2540,2913,932,557,648,Pontine reticular nucleus,left
1067,2436,2873,932,531,639,Pontine reticular nucleus,left
1067,2676,3123,928,588,692,Pontine reticular nucleus,left
1066,1162,2681,915,243,579,Periaqueductal gray,left
1066,1772,3063,924,376,668,Midbrain reticular nucleus,left
1070,2433,2083,943,546,475,Pontine reticular nucleus,right
1070,2394,2888,931,521,642,Pontine reticular nucleus,left
1070,715,2003,936,146,437,"Superior colliculus, zonal layer",right
1070,2173,2938,927,466,650,Pontine reticular nucleus,left
1069,1304,3105,916,267,670,"Superior colliculus, motor related, deep gray layer",left
1068,1603,2963,922,340,644,Midbrain reticular nucleus,left
1072,1579,3085,919,334,669,Midbrain reticular nucleus,left
1072,1553,2991,919,329,648,Midbrain reticular nucleus,left
1072,1465,2828,915,309,615,Periaqueductal gray,left
1073,1903,2674,926,411,591,Midbrain,left
1073,1608,2008,936,360,447,Midbrain reticular nucleus,right
1073,2264,1930,941,512,441,Pontine reticular nucleus,right
1073,2638,2667,934,583,599,Tegmental reticular nucleus,left
1075,1626,2983,919,345,648,Midbrain reticular nucleus,left
1075,2341,2147,936,523,485,Pontine reticular nucleus,right
1075,1458,2800,913,309,609,Periaqueductal gray,left
1075,2560,2757,929,563,615,Pontine reticular nucleus,left
1076,2483,1974,945,560,454,Pontine reticular nucleus,right
1076,2474,2187,937,553,496,Pontine reticular nucleus,right
1074,1604,2540,918,346,558,Supraoculomotor periaqueductal gray,right
1074,1851,3242,919,391,710,Midbrain reticular nucleus,left
1077,2459,1977,945,555,454,Pontine reticular nucleus,right
1077,1538,1784,934,347,396,Midbrain reticular nucleus,right
1077,1545,2495,916,333,548,Periaqueductal gray,right
1077,1589,3277,917,332,713,Midbrain reticular nucleus,left
1080,1568,2785,914,333,607,Periaqueductal gray,left
1080,1587,2766,914,337,603,Periaqueductal gray,left
1079,1623,3250,915,341,708,Midbrain reticular nucleus,left
1079,2566,2110,939,576,483,Pontine reticular nucleus,right
1081,1980,2916,920,422,642,Red nucleus,left
1081,2241,1991,936,505,452,Pontine reticular nucleus,right
1081,2282,2020,937,513,458,Pontine reticular nucleus,right
1084,1550,1714,931,352,381,Midbrain reticular nucleus,right
1084,1138,2364,915,243,515,"Superior colliculus, motor related, deep white layer",right
1084,1436,2954,911,301,639,Periaqueductal gray,left
1084,1582,1866,931,356,414,Midbrain reticular nucleus,right
1084,2304,2240,929,512,503,Pontine reticular nucleus,right
1082,2109,3248,919,449,716,Midbrain,left
1082,2225,2230,930,494,500,Pontine reticular nucleus,right
1082,1908,3093,918,406,677,Midbrain reticular nucleus,left
1082,2381,3234,917,513,714,rubrospinal tract,left
1083,1512,2976,913,318,644,Periaqueductal gray,left
1083,2097,2791,921,452,620,crossed tectospinal pathway,left
1083,1485,2780,910,315,605,Periaqueductal gray,left
1083,2242,1943,934,507,443,Pontine reticular nucleus,right
1085,1349,3151,910,277,681,"Superior colliculus, motor related, deep gray layer",left
1085,1885,3261,915,399,715,Midbrain reticular nucleus,left
1088,1610,3077,913,341,667,Midbrain reticular nucleus,left
1088,2921,3143,916,648,702,Pons,left
1087,1201,2916,906,247,626,"Superior colliculus, motor related, deep white layer",left
1087,2922,3141,916,648,701,Pons,left
1089,1205,2748,906,253,592,Periaqueductal gray,left
1089,1212,2751,906,254,592,Periaqueductal gray,left
1089,2481,2873,922,543,639,Pontine reticular nucleus,left
1089,1576,2987,913,334,647,Midbrain reticular nucleus,left
1089,1675,2615,914,361,575,Midbrain,left
1089,1851,3078,915,394,672,Midbrain reticular nucleus,left
1090,1611,3218,911,339,701,Midbrain reticular nucleus,left
1090,1864,2863,915,398,628,Midbrain reticular nucleus,left
1090,2286,2039,932,514,462,Pontine reticular nucleus,right
1090,2590,2820,921,570,628,Pontine reticular nucleus,left
1090,1207,2909,905,248,625,"Superior colliculus, motor related, deep white layer",left
1090,1519,3041,911,320,659,Midbrain reticular nucleus,left
1091,1306,3187,905,266,688,"Superior colliculus, motor related, intermediate white layer",left
1091,1518,2287,917,332,503,Periaqueductal gray,right
1091,1857,3293,911,393,722,Midbrain reticular nucleus,left
1091,2475,3017,919,540,668,Pontine reticular nucleus,left
1093,1612,1725,929,366,384,Midbrain reticular nucleus,right
1093,1276,3156,905,259,681,"Superior colliculus, motor related, intermediate white layer",left
1093,2607,2872,920,574,639,Pontine reticular nucleus,left
1094,1377,3271,907,282,708,"Superior colliculus, motor related, intermediate white layer",left
1097,1464,3010,907,308,651,Periaqueductal gray,left
1097,1604,1723,927,365,384,Midbrain reticular nucleus,right
1097,1758,3164,910,374,690,Midbrain reticular nucleus,left
1097,1787,2580,914,388,569,Midbrain,right
1097,1571,3514,909,324,767,Midbrain reticular nucleus,left
1100,995,2156,916,210,466,"Superior colliculus, motor related, intermediate white layer",right
1100,2513,2884,916,552,641,Pontine reticular nucleus,left
1100,1930,1750,929,440,400,Midbrain,right
1099,1880,2370,916,409,526,Midbrain reticular nucleus,right
1099,1126,1949,923,248,421,"Superior colliculus, motor related, intermediate white layer",right
1098,1643,3020,910,350,655,Midbrain reticular nucleus,left
1102,1117,1955,922,245,422,"Superior colliculus, motor related, intermediate white layer",right
1102,1492,2797,903,316,607,Periaqueductal gray,left
1102,1580,2864,906,335,623,Periaqueductal gray,left
1101,1517,3030,906,320,656,Midbrain reticular nucleus,left
1104,1233,2734,900,261,589,Periaqueductal gray,left
1105,949,2402,908,197,519,"Superior colliculus, motor related, intermediate white layer",right
1105,1407,3007,902,294,650,"Superior colliculus, motor related, deep white layer",left
1105,1580,2857,905,335,621,Periaqueductal gray,left
1105,1599,1804,923,362,401,Midbrain reticular nucleus,right
1105,1856,2301,915,405,511,Midbrain reticular nucleus,right
1105,2272,2028,925,511,458,Pontine reticular nucleus,right
1105,1358,1747,922,308,383,Midbrain,right
1105,2045,3019,909,438,663,Red nucleus,left
1106,2360,2323,918,524,521,Pontine reticular nucleus,right
1106,1912,3003,908,408,657,Red nucleus,left
1106,2311,2272,918,514,509,Pontine reticular nucleus,right
1106,1147,1893,922,255,409,"Superior colliculus, motor related, intermediate white layer",right
1107,1480,3099,902,311,672,"Superior colliculus, motor related, deep gray layer",left
1107,1470,3004,902,309,651,Periaqueductal gray,left
1108,1755,3020,907,375,657,Midbrain reticular nucleus,left
1108,1674,2474,907,364,546,Periaqueductal gray,right
1109,1444,2876,900,305,623,Periaqueductal gray,left
1109,1496,3077,902,314,666,Midbrain,left
1109,1640,2847,905,349,619,Periaqueductal gray,left
1111,1702,2774,904,363,606,Periaqueductal gray,left
1113,1365,2969,898,285,642,Periaqueductal gray,left
1113,1476,2320,906,321,510,Periaqueductal gray,right
1113,1668,3228,902,354,704,Midbrain reticular nucleus,left
1116,2087,3170,904,446,696,"Midbrain reticular nucleus, retrorubral area",left
1114,2344,2016,922,528,456,Pontine reticular nucleus,right
1114,2370,2403,913,527,538,Superior central nucleus raphe,right
1115,1599,2171,912,355,480,Midbrain reticular nucleus,right
1115,1704,3094,902,364,673,Midbrain reticular nucleus,left
1115,1814,2505,906,396,553,medial longitudinal fascicle,right
1117,1846,2693,904,400,593,Midbrain reticular nucleus,left
1121,1682,1746,917,383,390,Midbrain reticular nucleus,right
1121,1709,3091,900,365,671,Midbrain reticular nucleus,left
1121,1689,2808,900,361,613,Periaqueductal gray,left
1121,1711,3048,901,365,663,Midbrain reticular nucleus,left
1121,1941,3228,901,414,707,Midbrain reticular nucleus,left
1121,2103,2960,902,453,652,Midbrain reticular nucleus,left
1121,2104,2961,902,453,652,Midbrain reticular nucleus,left
1121,2119,3120,902,455,686,"Midbrain reticular nucleus, retrorubral area",left
1118,1676,2720,900,359,595,Periaqueductal gray,left
1122,1445,2001,913,325,439,Midbrain reticular nucleus,right
1122,1871,2418,905,409,535,Midbrain reticular nucleus,right
1123,1537,2966,896,325,643,Periaqueductal gray,left
1123,2356,2802,906,515,623,Pontine reticular nucleus,left
1123,2049,3077,900,440,674,Midbrain reticular nucleus,left
1124,1655,3111,898,353,675,Midbrain reticular nucleus,left
1126,1498,2930,895,317,635,Periaqueductal gray,left
1127,1240,2762,891,261,594,Periaqueductal gray,left
1129,1495,2747,893,319,596,Periaqueductal gray,left
1129,1718,2734,897,370,598,Periaqueductal gray,left
1129,2086,3147,898,448,691,"Midbrain reticular nucleus, retrorubral area",left
1130,1241,2758,890,261,594,Periaqueductal gray,left
1130,1189,2535,894,254,550,Periaqueductal gray,right
1130,1795,2490,899,392,549,medial longitudinal fascicle,right
1130,1943,2929,898,418,642,Red nucleus,left
1131,1623,3076,894,346,667,Midbrain reticular nucleus,left
1132,1388,2371,895,301,518,Periaqueductal gray,right
1132,1941,2929,897,417,642,Red nucleus,left
1134,1577,2945,893,335,639,Midbrain reticular nucleus,left
1134,1783,3021,896,383,657,Midbrain reticular nucleus,left
1134,2140,2918,897,463,645,Midbrain,left
1135,2113,2163,905,471,483,rubrospinal tract,right
1138,1582,2945,891,336,639,Midbrain reticular nucleus,left
1137,1662,3175,892,354,690,Midbrain reticular nucleus,left
1137,1773,3024,895,380,658,Midbrain reticular nucleus,left
1137,2754,1938,913,629,445,Pons,right
1137,1994,2956,895,430,648,Red nucleus,left
1136,2005,3201,894,430,701,Midbrain reticular nucleus,left
1140,1108,2723,887,230,585,"Superior colliculus, motor related, deep gray layer",left
1142,1340,2897,884,280,625,Periaqueductal gray,left
1142,1340,2717,886,285,587,Periaqueductal gray,left
1145,1510,2973,887,320,645,Periaqueductal gray,left
1145,1511,2307,893,331,507,Periaqueductal gray,right
1145,1163,1843,905,263,398,"Superior colliculus, motor related, intermediate white layer",right
1145,1659,3491,887,349,764,Midbrain reticular nucleus,left
1145,1739,3328,887,370,728,Midbrain reticular nucleus,left
1144,2262,2201,902,504,492,Pontine reticular nucleus,right
1144,1716,2672,890,371,584,Periaqueductal gray,left
1146,1187,1920,902,266,414,"Superior colliculus, motor related, intermediate white layer",right
1146,1628,2162,899,364,478,Midbrain reticular nucleus,right
1146,1841,3171,889,395,691,Midbrain reticular nucleus,left
1146,1706,2720,889,368,594,Periaqueductal gray,left
1146,2142,1972,903,485,443,Midbrain,right
1149,1200,2713,884,252,584,Periaqueductal gray,left
1149,1123,2442,888,239,529,"Superior colliculus, motor related, deep gray layer",right
1147,2370,2074,903,532,468,Pontine reticular nucleus,right
1147,2408,2065,903,542,466,Pontine reticular nucleus,right
1150,1737,2698,888,375,590,Periaqueductal gray,left
1150,1849,3358,885,395,736,Midbrain reticular nucleus,left
1153,1335,2999,880,277,648,"Superior colliculus, motor related, deep gray layer",left
1153,1674,1754,903,382,391,Midbrain reticular nucleus,right
1153,1733,2697,887,376,589,Periaqueductal gray,left
1153,2133,2093,899,478,468,rubrospinal tract,right
1153,1269,1938,899,286,419,"Superior colliculus, motor related, intermediate white layer",right
1154,1870,2113,896,418,471,Red nucleus,right
1154,1574,2914,884,336,633,Midbrain reticular nucleus,left
1154,2042,3137,886,440,686,Midbrain reticular nucleus,left
1154,1839,2706,887,400,593,Midbrain reticular nucleus,left
1156,1664,2794,885,357,609,Periaqueductal gray,left
1156,1779,1722,901,408,386,Midbrain,right
1155,2214,2973,887,481,656,Midbrain,left
1155,2165,2046,898,487,458,Midbrain,right
1157,1733,2664,885,377,583,Periaqueductal gray,left
1157,2166,2946,887,470,649,Midbrain,left
1158,1482,2918,880,313,633,Periaqueductal gray,left
1159,2203,2074,896,495,464,Midbrain,right
1159,2194,2015,897,496,452,Midbrain,right
1160,1674,3165,882,359,688,Midbrain reticular nucleus,left
1160,2023,2091,894,454,467,"Midbrain reticular nucleus, retrorubral area",right
1161,1495,2868,880,318,623,Periaqueductal gray,left
1161,1532,2288,887,337,503,Midbrain reticular nucleus,right
1162,1759,2622,883,384,573,Edinger-Westphal nucleus,left
1162,1343,2228,887,295,486,"Superior colliculus, motor related, deep white layer",right
1163,1546,3027,879,328,656,Midbrain reticular nucleus,left
1163,1737,2722,882,375,594,Periaqueductal gray,left
1163,1746,2723,882,377,595,Periaqueductal gray,left
1165,1517,2921,878,322,634,Periaqueductal gray,left
1164,1786,2686,882,388,587,Periaqueductal gray,left
1164,2323,2060,895,523,463,Pontine reticular nucleus,right
1167,1645,3103,878,352,674,Midbrain reticular nucleus,left
1167,1765,3090,879,380,671,Midbrain reticular nucleus,left
1168,1310,1810,893,299,392,"Superior colliculus, motor related, intermediate white layer",right
1169,1817,2725,880,394,596,Midbrain reticular nucleus,left
1169,1933,3001,881,418,654,Red nucleus,left
1169,1766,2642,880,385,577,Midbrain,left
1169,1818,2658,881,397,582,Midbrain,left
1170,2285,1928,894,519,435,"Substantia nigra, compact part",right
1170,1284,2054,888,286,445,"Superior colliculus, motor related, intermediate white layer",right
1172,1819,3100,878,392,674,Midbrain reticular nucleus,left
1172,1755,2619,878,383,573,Edinger-Westphal nucleus,left
1172,1987,3041,879,430,664,Red nucleus,left
1172,2131,3116,878,461,683,Midbrain reticular nucleus,left
1174,2330,2046,890,525,460,Midbrain,right
1174,1745,2666,877,380,582,Periaqueductal gray,left
1178,1892,3199,874,408,698,Midbrain reticular nucleus,left
1177,2282,2269,887,510,508,Pontine reticular nucleus,right
1179,1457,2848,870,309,618,Periaqueductal gray,left
1182,1193,2741,869,250,589,"Superior colliculus, motor related, deep gray layer",left
1180,1718,2732,874,372,595,Nucleus of Darkschewitsch,left
1180,1760,2711,875,382,591,Periaqueductal gray,left
1181,1778,2704,875,387,591,Midbrain,left
1185,1225,2365,875,264,513,"Superior colliculus, motor related, deep gray layer",right
1185,2317,1919,887,527,433,"Substantia nigra, reticular part",right
1186,1746,3266,869,375,712,Midbrain reticular nucleus,left
1188,2009,2126,881,451,473,Red nucleus,right
1188,1786,2727,871,388,594,Midbrain reticular nucleus,left
1188,1999,3184,870,433,696,Midbrain reticular nucleus,left
1187,2050,3529,868,441,775,Midbrain,left
1189,1581,3171,868,338,688,Midbrain,left
1189,1693,1808,887,388,402,Midbrain reticular nucleus,right
1191,1223,2783,864,256,599,"Superior colliculus, motor related, deep white layer",left
1190,1696,3131,868,365,680,Midbrain reticular nucleus,left
1193,1269,2972,862,263,640,"Superior colliculus, motor related, intermediate white layer",left
1193,1447,3025,864,305,655,Midbrain,left
1194,1601,3003,866,343,652,Midbrain reticular nucleus,left
1194,1536,2927,865,328,635,Periaqueductal gray,left
1194,2001,2096,878,450,466,Red nucleus,right
1196,1286,2893,861,268,624,"Superior colliculus, motor related, deep gray layer",left
1196,1613,3253,864,346,708,Midbrain,left
1196,1679,3356,863,360,733,Midbrain reticular nucleus,left
1195,1588,3324,863,340,724,Midbrain,left
1195,2013,2131,877,453,474,Red nucleus,right
1195,1592,2807,866,342,610,Periaqueductal gray,left
1199,1639,3304,861,352,720,Midbrain,left
1197,1595,2788,866,344,607,Periaqueductal gray,left
1200,1551,2944,863,332,639,Midbrain reticular nucleus,left
1202,1839,3014,865,399,655,Red nucleus,left
1202,1390,2970,859,292,643,"Superior colliculus, motor related, deep gray layer",left
1201,1875,2717,867,409,593,Midbrain reticular nucleus,left
1204,1514,2809,861,325,611,Periaqueductal gray,left
1204,1713,3223,861,370,702,Midbrain reticular nucleus,left
1205,1712,2621,864,373,571,Midbrain,left
1208,1601,3324,857,343,724,Midbrain,left
1208,2379,2866,867,523,634,medial lemniscus,left
1209,1809,2690,863,395,587,Midbrain,left
1210,1790,2652,862,391,578,Periaqueductal gray,left
1210,1700,3478,858,361,761,Posterior limiting nucleus of the thalamus,left
1211,1797,2784,861,389,606,Interstitial nucleus of Cajal,left
1213,1759,3156,858,381,686,Midbrain reticular nucleus,left
1214,1805,2660,860,395,580,Periaqueductal gray,left
1214,1821,2696,860,397,588,Midbrain,left
1217,1718,2653,859,375,578,Nucleus of Darkschewitsch,left
1217,1593,3317,854,342,722,Midbrain,left
1217,1837,2791,859,399,608,Midbrain reticular nucleus,left
1218,1892,3176,856,410,692,Midbrain reticular nucleus,left
1219,1831,2691,858,400,587,Midbrain,left
1222,1800,2731,856,392,595,Interstitial nucleus of Cajal,left
1222,1407,2960,850,297,641,Midbrain,left
1221,1807,2679,858,394,584,Nucleus of Darkschewitsch,left
1221,1882,2757,858,410,601,Midbrain reticular nucleus,left
1221,1847,3416,854,396,747,Posterior limiting nucleus of the thalamus,left
1220,1877,2762,858,409,602,Midbrain reticular nucleus,left
1225,1739,3183,852,377,692,Anterior pretectal nucleus,left
1225,1762,3461,851,375,756,Posterior limiting nucleus of the thalamus,left
1225,1824,2645,857,400,577,Midbrain,left
1225,1849,2776,856,403,605,Midbrain reticular nucleus,left
1225,1842,3416,852,395,747,Posterior limiting nucleus of the thalamus,left
1225,2220,2998,857,486,658,Ventral tegmental area,left
1224,1795,2672,856,392,582,Nucleus of Darkschewitsch,left
1226,1877,2757,855,409,601,Midbrain reticular nucleus,left
1226,1508,3266,849,322,708,"Superior colliculus, motor related, intermediate gray layer",left
1226,1604,1947,868,368,428,Midbrain reticular nucleus,right
1226,1286,3238,848,264,698,"Superior colliculus, motor related, intermediate gray layer",left
1228,1249,3215,847,256,692,"Superior colliculus, motor related, intermediate gray layer",left
1228,1323,3205,847,275,691,"Superior colliculus, motor related, intermediate gray layer",left
1228,1806,2687,854,394,585,Nucleus of Darkschewitsch,left
1228,1907,2787,855,416,608,Midbrain reticular nucleus,left
1229,1295,3235,847,267,697,"Superior colliculus, motor related, intermediate gray layer",left
1229,1640,3020,851,354,655,Midbrain reticular nucleus,left
1229,1715,2647,854,375,576,Nucleus of Darkschewitsch,left
1229,1334,2690,850,285,581,Periaqueductal gray,left
1230,1575,1921,866,361,421,Midbrain reticular nucleus,right
1233,1292,3240,845,266,698,"Superior colliculus, motor related, intermediate gray layer",left
1233,1335,2698,847,285,583,Periaqueductal gray,left
1233,1557,2327,852,345,508,Midbrain reticular nucleus,right
1233,2155,2838,855,476,624,Ventral tegmental area,left
1233,1494,2292,854,332,500,Midbrain reticular nucleus,right
1234,1428,2131,858,322,465,"Superior colliculus, motor related, intermediate white layer",right
1234,1465,3249,846,311,703,"Superior colliculus, motor related, intermediate gray layer",left
1234,1847,2491,854,408,545,Midbrain reticular nucleus,right
1234,1860,3170,849,405,690,Midbrain reticular nucleus,left
1232,1569,1921,865,360,421,Midbrain,right
1235,1259,3094,843,261,666,"Superior colliculus, motor related, intermediate gray layer",left
1235,1879,3181,848,409,693,Midbrain reticular nucleus,left
1235,1869,2933,850,407,638,Red nucleus,left
1236,1825,2526,853,403,552,Midbrain,right
1237,2312,269,888,544,97,"Entorhinal area, lateral part, layer 1",right
1237,1440,2099,858,326,458,"Superior colliculus, motor related, intermediate white layer",right
1237,1514,3240,845,324,702,Midbrain,left
1237,1854,2679,852,406,585,Medial accesory oculomotor nucleus,left
1237,1889,2727,852,414,595,Midbrain reticular nucleus,left
1241,1455,2920,843,311,632,Midbrain,left
1241,1242,2855,841,260,615,"Superior colliculus, motor related, intermediate white layer",left
1241,1352,3246,842,282,699,"Superior colliculus, motor related, intermediate gray layer",left
1241,1476,1836,859,339,399,Midbrain,right
1241,1494,2220,852,335,485,Midbrain,right
1238,1485,3236,844,316,700,Midbrain,left
1238,1492,2224,853,334,486,Midbrain,right
1238,1594,3210,844,344,696,Anterior pretectal nucleus,left
1240,1309,3238,842,271,698,"Superior colliculus, motor related, intermediate gray layer",left
1243,2317,263,884,546,97,"Entorhinal area, lateral part, layer 1",right
1242,1366,3137,842,287,676,"Superior colliculus, motor related, intermediate white layer",left
1244,1564,2087,855,356,457,Midbrain reticular nucleus,right
1244,1555,2084,855,354,457,Midbrain reticular nucleus,right
1244,1728,1999,859,396,441,Midbrain reticular nucleus,right
1244,1264,3152,839,262,677,"Superior colliculus, motor related, intermediate gray layer",left
1244,2160,2909,849,476,638,Red nucleus,left
1245,1403,2972,841,299,642,"Superior colliculus, motor related, intermediate white layer",left
1245,1896,2795,848,414,609,Midbrain reticular nucleus,left
1245,1444,3058,842,308,661,"Superior colliculus, motor related, intermediate white layer",left
1245,1417,2113,854,319,461,"Superior colliculus, motor related, intermediate white layer",right
1247,1425,3226,839,302,696,"Superior colliculus, motor related, intermediate gray layer",left
1249,1397,2971,839,297,642,"Superior colliculus, motor related, intermediate white layer",left
1249,1430,3230,839,303,697,"Superior colliculus, motor related, intermediate gray layer",left
1249,1221,2739,840,258,590,superior colliculus commissure,left
1250,1462,2935,839,313,635,Midbrain,left
1250,1922,2703,846,422,591,Midbrain reticular nucleus,left
1250,1951,2770,846,428,605,Midbrain reticular nucleus,left
1250,1251,3176,836,258,682,"Superior colliculus, motor related, intermediate gray layer",left
1248,1527,3023,840,328,654,Midbrain,left
1248,1615,2965,841,350,643,Midbrain reticular nucleus,left
1253,1726,2564,844,380,559,Nucleus of Darkschewitsch,right
1253,1866,2686,845,409,586,Midbrain,left
1251,1880,2673,845,413,584,Medial accesory oculomotor nucleus,left
1252,1985,3176,842,433,693,Midbrain reticular nucleus,left
1252,1873,2671,845,412,583,Medial accesory oculomotor nucleus,left
1252,2001,2732,846,441,597,Midbrain reticular nucleus,left
1255,1463,2988,836,314,646,Midbrain,left
1254,1465,1981,852,336,431,Midbrain,right
1254,1604,2933,838,348,636,Midbrain reticular nucleus,left
1254,1871,2679,844,411,585,Midbrain,left
1257,1377,2279,845,304,495,"Superior colliculus, motor related, intermediate white layer",right
1257,1840,2662,843,404,580,Nucleus of Darkschewitsch,left
1258,1418,2169,847,319,473,"Superior colliculus, motor related, intermediate white layer",right
1258,1536,2114,848,349,463,Midbrain,right
1258,1893,2689,843,417,587,Midbrain,left
1259,1800,2757,840,393,600,Interstitial nucleus of Cajal,left
1259,1858,2710,841,408,591,Interstitial nucleus of Cajal,left
1261,1384,2743,834,298,594,Periaqueductal gray,left
1262,2256,3130,840,497,687,Medial terminal nucleus of the accessory optic tract,left
1264,1456,2181,843,328,475,Midbrain,right
1266,1376,2704,832,297,585,Periaqueductal gray,left
1266,1985,2733,840,439,598,Midbrain reticular nucleus,left
1266,1513,3009,832,327,651,Midbrain,left
1266,1904,2675,840,420,584,Medial accesory oculomotor nucleus,left
1266,1242,3166,829,257,679,Posterior pretectal nucleus,left
1265,1884,2719,840,414,593,Interstitial nucleus of Cajal,left
1265,1906,2721,840,419,594,Midbrain reticular nucleus,left
1269,1890,2682,839,416,585,Midbrain,left
1269,1527,2935,831,330,635,Midbrain,left
1269,1362,2210,841,303,479,"Superior colliculus, motor related, intermediate white layer",right
1268,1956,3263,834,426,713,Midbrain reticular nucleus,left
1267,1432,2972,830,307,642,Midbrain,left
1267,1914,2644,839,423,578,Medial accesory oculomotor nucleus,left
1271,1881,2534,839,417,555,Medial accesory oculomotor nucleus,right
1271,1866,2652,837,411,578,Periaqueductal gray,left
1274,1502,3021,828,324,652,Midbrain,left
1274,1404,2439,832,309,527,Midbrain,right
1274,1675,3434,827,358,749,Posterior limiting nucleus of the thalamus,left
1274,2070,2745,837,460,602,Midbrain,left
1273,1895,2639,838,419,577,Medial accesory oculomotor nucleus,left
1273,1931,3250,832,421,709,Midbrain reticular nucleus,left
1273,1978,1952,846,454,432,Midbrain reticular nucleus,right
1273,2099,2349,844,474,520,Ventral tegmental area,right
1272,1837,2763,835,402,602,Interstitial nucleus of Cajal,left
1275,1929,2767,835,425,603,Midbrain reticular nucleus,left
1275,1831,2646,835,403,577,Nucleus of Darkschewitsch,left
1276,1878,2725,834,414,594,Interstitial nucleus of Cajal,left
1276,2056,3587,831,443,786,Peripeduncular nucleus,left
1279,1474,3035,825,318,655,Midbrain,left
1279,1479,3026,825,319,653,Midbrain,left
1279,1589,2757,828,348,598,Periaqueductal gray,left
1279,2178,2881,832,484,632,Ventral tegmental area,left
1282,1567,3319,822,336,720,Anterior pretectal nucleus,left
1282,1965,3132,829,431,682,Midbrain reticular nucleus,left
1282,1403,2466,827,309,532,Midbrain,right
1282,1535,2310,830,344,503,Midbrain reticular nucleus,right
1282,1898,2624,834,421,574,Edinger-Westphal nucleus,left
1282,2070,2742,833,461,601,Midbrain,left
1281,1884,2664,834,416,582,Periaqueductal gray,left
1281,2005,2638,835,446,578,Midbrain,left
1283,2186,2143,839,498,478,medial lemniscus,right
1285,1365,2537,826,298,546,Midbrain,right
1284,1987,2684,833,441,588,Midbrain,left
1284,1791,2831,828,392,615,Midbrain reticular nucleus,left
1284,1965,2668,833,436,584,Medial accesory oculomotor nucleus,left
1284,2107,3162,829,463,691,medial lemniscus,left
1287,1469,2351,827,328,510,Nucleus of the posterior commissure,right
1286,1356,2933,821,291,633,Midbrain,left
1288,2049,3061,828,452,668,Red nucleus,left
1288,1917,2698,830,424,590,Midbrain reticular nucleus,left
1289,1873,2643,830,415,577,Periaqueductal gray,left
1289,1967,2310,836,445,509,Red nucleus,right
1289,1984,2766,830,440,604,Midbrain reticular nucleus,left
1289,2017,3225,826,442,705,Midbrain reticular nucleus,left
1290,1728,2570,828,383,560,Nucleus of Darkschewitsch,right
1290,2073,2858,828,461,626,Midbrain reticular nucleus,left
1293,2072,3096,826,456,676,Midbrain reticular nucleus,left
1297,1772,2318,828,399,509,Midbrain reticular nucleus,right
1297,2037,3611,821,438,791,Thalamus,left
1296,1920,2795,825,424,610,Midbrain reticular nucleus,left
1295,1898,2723,826,420,595,Interstitial nucleus of Cajal,left
1298,1978,2655,827,441,581,Medial accesory oculomotor nucleus,left
1299,2092,3572,820,453,783,Zona incerta,left
1303,1469,2376,819,328,514,Nucleus of the posterior commissure,right
1303,1915,2732,822,425,596,Interstitial nucleus of Cajal,left
1303,2098,3139,820,463,687,medial lemniscus,left
1300,1963,2651,826,438,580,Medial accesory oculomotor nucleus,left
1300,2044,2690,826,457,590,Midbrain,left
1305,1727,2196,825,393,482,Midbrain reticular nucleus,right
1305,2045,2754,822,457,604,Midbrain reticular nucleus,left
1305,2081,3267,819,458,715,Midbrain reticular nucleus,left
1305,2166,3068,820,479,672,medial lemniscus,left
1305,2220,2801,821,497,617,Ventral tegmental area,left
1305,2019,2953,821,447,645,Midbrain reticular nucleus,left
1302,2060,2735,824,460,600,Midbrain,left
1304,2076,3068,820,458,671,Midbrain reticular nucleus,left
1306,2049,2689,823,459,590,Midbrain,left
1306,1928,2650,823,430,579,Medial accesory oculomotor nucleus,left
1308,1801,3267,813,392,710,Anterior pretectal nucleus,left
1308,1925,3134,816,424,683,Midbrain reticular nucleus,left
1308,2013,2793,820,449,612,Midbrain reticular nucleus,left
1307,2006,3513,816,433,770,Posterior intralaminar thalamic nucleus,left
1309,1994,2692,822,445,589,Midbrain,left
1310,2108,3423,817,463,751,Zona incerta,left
1311,1923,3122,815,424,680,Midbrain reticular nucleus,left
1312,1986,2663,820,444,583,Medial accesory oculomotor nucleus,left
1312,2047,2681,820,458,588,Midbrain,left
1313,1865,3157,814,410,686,Midbrain reticular nucleus,left
1313,1989,2642,821,445,578,Medial accesory oculomotor nucleus,left
1313,2152,3388,816,474,744,Midbrain,left
1314,2014,2743,818,450,601,Midbrain reticular nucleus,left
1314,1857,3095,813,408,673,Midbrain reticular nucleus,left
1315,1313,2434,814,291,522,Nucleus of the posterior commissure,right
1315,2071,2709,818,464,595,Midbrain,left
1315,2097,2770,816,470,608,Midbrain,left
1315,2166,2820,816,485,620,Midbrain,left
1317,2060,3079,814,456,673,Midbrain reticular nucleus,left
1316,1998,2695,818,447,590,Midbrain,left
1316,2068,2663,819,465,585,Midbrain,left
1319,2057,2704,816,461,593,Midbrain,left
1319,1865,3197,809,409,695,Midbrain reticular nucleus,left
1318,1964,2653,818,439,581,Medial accesory oculomotor nucleus,left
1321,1992,3120,812,440,681,Midbrain reticular nucleus,left
1321,1987,2666,817,444,583,Medial accesory oculomotor nucleus,left
1321,1991,2705,816,445,592,Midbrain,left
1321,2043,3353,811,448,735,Midbrain,left
1321,2028,2719,815,455,596,Midbrain,left
1322,2270,3034,812,506,667,Ventral tegmental area,left
1322,1884,2913,812,417,635,Midbrain reticular nucleus,left
1322,1968,2652,816,441,580,Medial accesory oculomotor nucleus,left
1322,2094,2763,813,470,607,Midbrain,left
1323,1655,2831,808,365,614,Midbrain,left
1323,2055,2745,813,461,602,Midbrain,left
1324,1851,2951,810,409,642,Midbrain reticular nucleus,left
1324,1339,2503,808,296,537,Nucleus of the posterior commissure,right
1324,2052,2729,813,460,599,Midbrain,left
1324,2094,2798,812,470,614,Midbrain,left
1324,2160,2956,811,481,648,Midbrain,left
1325,2077,2783,812,465,611,Midbrain,left
1326,2007,2684,813,450,588,Midbrain,left
1326,2013,2676,814,452,586,Midbrain,left
1328,2024,2682,813,455,587,Midbrain,left
1329,2156,3589,807,469,787,Midbrain,left
1329,2061,2685,812,463,589,Midbrain,left
1329,2009,2680,813,451,587,Midbrain,left
1330,2097,3690,805,452,809,Zona incerta,left
1330,2751,4803,790,587,1030,Piriform area,left
1330,1809,3022,806,400,656,Midbrain reticular nucleus,left
1330,2063,2724,810,464,598,Midbrain,left
1330,2082,2749,810,468,604,Midbrain,left
1330,2040,2698,811,458,592,Midbrain,left
1331,1791,3163,803,393,687,Anterior pretectal nucleus,left
1331,1833,3115,805,404,677,Midbrain reticular nucleus,left
1331,1917,3013,807,424,657,Midbrain reticular nucleus,left
1331,1932,2662,811,432,582,Periaqueductal gray,left
1331,2002,2699,810,449,591,Midbrain,left
1331,2068,2702,810,466,593,Midbrain,left
1332,1916,2773,808,427,606,Midbrain reticular nucleus,left
1332,2133,2931,807,477,642,Midbrain,left
1332,2092,2690,810,471,591,Midbrain,left
1333,1805,2680,809,401,584,Periaqueductal gray,left
1333,1993,3094,806,442,676,Midbrain reticular nucleus,left
1333,2048,2691,810,461,590,Midbrain,left
1333,2074,2691,810,467,590,Midbrain,left
1334,2001,2660,810,449,583,Midbrain,left
1334,2012,2684,809,452,588,Midbrain,left
1334,2267,3079,806,505,676,Midbrain,left
1334,2023,2686,810,455,589,Midbrain,left
1334,2034,2656,810,458,582,Midbrain,left
1335,2094,2684,809,472,590,Midbrain,left
1337,2042,2692,808,459,590,Midbrain,left
1337,1975,3061,805,438,668,Midbrain reticular nucleus,left
1337,1982,2727,807,444,597,Midbrain,left
1337,2072,2906,805,463,636,Midbrain reticular nucleus,left
1337,2086,2688,809,470,591,Midbrain,left
1337,2104,2673,809,475,588,Midbrain,left
1337,2039,2783,806,458,610,Midbrain,left
1337,2161,3211,804,480,703,Fields of Forel,left
1338,2028,2677,808,457,586,Midbrain,left
1339,659,2888,794,128,621,"Retrosplenial area, ventral part, layer 5",left
1339,1205,4495,771,231,961,"Dorsal auditory area, layer 5",left
1339,2035,2676,807,458,587,Midbrain,left
1339,1695,3281,796,368,711,Anterior pretectal nucleus,left
1341,2092,2688,807,471,591,Midbrain,left
1341,2132,3622,801,462,794,Zona incerta,left
1341,1920,2762,805,429,603,Midbrain,left
1341,2051,2665,807,462,585,Midbrain,left
1340,1995,2953,803,444,646,Midbrain reticular nucleus,left
1340,2125,3506,802,465,768,Zona incerta,left
1342,2067,2688,806,466,590,Midbrain,left
1343,1691,3275,794,367,710,Anterior pretectal nucleus,left
1343,2039,2631,806,460,577,Midbrain,left
1343,2131,2877,802,478,631,Midbrain,left
1344,2070,2899,801,463,635,Midbrain reticular nucleus,left
1344,2193,3347,801,488,734,Zona incerta,left
1344,2166,2858,802,486,629,Midbrain,left
1346,2114,3258,799,469,714,Fields of Forel,left
1346,1976,3794,795,423,829,Ventral part of the lateral geniculate complex,left
1346,2327,3081,801,520,677,Ventral tegmental area,left
1345,2087,3719,798,450,816,Zona incerta,left
1345,2116,3311,800,468,725,Fields of Forel,left
1345,2118,2898,801,475,636,Midbrain,left
1345,2148,2693,805,485,593,Midbrain,left
1347,2038,3065,799,453,670,Midbrain reticular nucleus,left
1352,2020,2561,804,457,561,Midbrain,right
1351,2217,2786,799,499,614,Midbrain,left
1350,1923,2764,800,431,604,Midbrain,left
1353,2073,2696,801,469,592,Midbrain,left
1353,1717,3098,794,378,671,Midbrain reticular nucleus,left
1353,2150,2927,797,482,642,Midbrain,left
1354,2172,3015,796,484,661,medial lemniscus,left
1354,2312,3007,797,517,661,Midbrain,left
1355,2010,2963,795,449,648,Midbrain reticular nucleus,left
1355,2129,2838,796,480,624,Midbrain,left
1355,2221,2855,797,499,629,Midbrain,left
1355,1963,2807,796,441,614,Midbrain,left
1357,2015,3085,795,448,674,"Subparafascicular nucleus, parvicellular part",left
1359,2153,3380,793,478,741,Zona incerta,left
1359,1925,2685,797,433,587,Periaqueductal gray,left
1360,2128,3283,792,473,720,Fields of Forel,left
1361,2131,2717,797,482,597,Midbrain,left
1361,2198,2794,796,496,616,Midbrain,left
1361,1995,2936,794,446,642,Midbrain reticular nucleus,left
1364,1115,4393,762,214,938,"Supplemental somatosensory area, layer 5",left
1364,2152,3114,790,479,682,Fields of Forel,left
1364,2128,2701,795,482,594,Midbrain,left
1364,2111,2708,795,478,596,Midbrain,left
1362,1585,3158,786,346,682,Anterior pretectal nucleus,left
1362,1617,3186,786,353,688,Anterior pretectal nucleus,left
1362,2196,2802,795,495,617,Midbrain,left
1365,2000,2900,792,448,635,Midbrain reticular nucleus,left
1365,2028,3084,791,451,674,"Subparafascicular nucleus, parvicellular part",left
1368,1953,2685,793,441,587,Periaqueductal gray,left
1368,2114,2713,793,479,597,Midbrain,left
1368,2207,3401,789,490,746,Zona incerta,left
1371,1117,4423,757,215,943,"Supplemental somatosensory area, layer 5",left
1371,1149,4425,758,222,943,"Supplemental somatosensory area, layer 5",left
1371,2918,2818,780,656,627,Ventral premammillary nucleus,left
1371,2703,4799,770,581,1029,Piriform area,left
1369,1869,3829,784,399,834,Ventral part of the lateral geniculate complex,left
1369,1866,3724,785,400,812,Intermediate geniculate nucleus,left
1370,1940,2744,791,437,600,Midbrain,left
1370,2213,2943,789,497,647,Midbrain,left
1372,2124,2957,788,476,648,Midbrain,left
1372,1701,3126,784,374,676,Midbrain reticular nucleus,left
1372,2196,2914,788,493,641,Midbrain,left
1373,1625,2898,785,360,628,Retroparafascicular nucleus,left
1373,1805,3870,781,383,842,Ventral part of the lateral geniculate complex,left
1373,2267,2771,791,511,611,Midbrain,left
1373,1691,2728,789,376,593,Periaqueductal gray,left
1373,2082,2700,791,471,593,Midbrain,left
1373,2284,3479,785,505,763,Midbrain,left
1374,1805,2814,788,403,614,Midbrain,left
1374,2147,2742,790,486,603,Midbrain,left
1374,2214,3465,785,490,760,Zona incerta,left
1375,1810,2686,789,406,585,Periaqueductal gray,left
1375,2099,2680,790,476,589,Midbrain,left
1377,1996,2748,787,451,602,fasciculus retroflexus,left
1377,2148,2722,790,487,598,Midbrain,left
1377,2213,2813,788,500,620,Midbrain,left
1377,2156,2967,786,483,650,Midbrain,left
1376,2164,2748,789,490,605,Midbrain,left
1376,2217,3466,784,490,760,Zona incerta,left
1378,1955,3840,779,419,838,Ventral part of the lateral geniculate complex,left
1378,2033,2751,787,460,603,fasciculus retroflexus,left
1378,2026,3031,784,451,662,Midbrain,left
1379,1673,3059,781,370,662,Midbrain reticular nucleus,left
1379,2115,3212,782,470,702,Fields of Forel,left
1380,2171,3215,782,484,704,Fields of Forel,left
1380,1693,2746,785,378,596,Periaqueductal gray,left
1380,2268,2978,784,509,655,Midbrain,left
1380,2297,3286,782,513,721,Zona incerta,left
1380,1989,2731,786,450,598,Midbrain,left
1382,1905,3831,777,408,835,Ventral part of the lateral geniculate complex,left
1381,2142,3215,782,476,704,Fields of Forel,left
1381,2180,3414,783,484,749,Zona incerta,left
1384,2183,3202,780,487,701,Fields of Forel,left
1384,2205,2737,786,499,602,Midbrain,left
1383,1984,3661,779,430,801,Zona incerta,left
1385,2173,3412,780,483,747,Zona incerta,left
1386,1912,2758,783,430,603,Midbrain,left
1386,2096,2729,784,475,600,Midbrain,left
1386,1795,3799,776,383,827,Intergeniculate leaflet of the lateral geniculate complex,left
1388,2225,3062,779,498,671,Fields of Forel,left
1388,2025,2885,780,456,632,Midbrain,left
1388,2071,2767,782,469,607,Midbrain,left
1388,2213,2790,784,501,615,Midbrain,left
1388,1970,1652,796,460,363,Zona incerta,right
1387,1983,2727,782,449,597,Midbrain,left
1387,2155,3264,778,480,715,Zona incerta,left
1387,2187,2713,785,495,598,Posterior hypothalamic nucleus,left
1389,1592,2844,778,352,616,Midbrain,left
1389,2180,2617,787,495,575,Posterior hypothalamic nucleus,left
1390,2137,3113,778,476,682,Fields of Forel,left
1390,2094,2742,782,475,602,Midbrain,left
1390,2132,2889,780,480,635,Midbrain,left
1390,2177,3411,777,483,747,Zona incerta,left
1390,2283,3087,778,512,678,Fields of Forel,left
1394,2141,3138,775,477,687,Fields of Forel,left
1394,2137,3105,776,476,679,Fields of Forel,left
1394,2168,3188,775,484,698,Fields of Forel,left
1394,2145,3460,775,474,758,Zona incerta,left
1394,2185,2761,781,495,608,Midbrain,left
1393,1760,2823,780,393,615,Midbrain,left
1393,1795,2744,781,402,598,Periaqueductal gray,left
1393,2224,2821,782,503,621,Midbrain,left
1393,2283,3079,777,513,677,Fields of Forel,left
1393,2137,3154,776,476,690,Fields of Forel,left
1396,2096,3599,773,457,789,Zona incerta,left
1397,2155,3233,774,480,708,Fields of Forel,left
1397,1159,4445,746,226,946,"Supplemental somatosensory area, layer 5",left
1398,2023,2836,776,457,621,Midbrain,left
1398,2134,3509,773,470,769,Zona incerta,left
1402,2029,2828,774,459,620,Midbrain,left
1402,1578,2751,774,351,595,Periaqueductal gray,left
1402,2033,2989,773,455,654,Midbrain,left
1401,2128,3510,772,469,769,Zona incerta,left
1401,2628,3125,770,597,689,Lateral hypothalamic area,left
1404,2154,3146,770,481,688,Fields of Forel,left
1404,2297,3154,771,515,693,Hypothalamus,left
1404,2039,2772,774,463,607,Midbrain,left
1404,2055,2723,775,467,598,Midbrain,left
1406,2162,3089,770,482,676,Fields of Forel,left
1409,1504,2974,766,330,642,Midbrain,left
1409,1901,3843,765,408,838,Ventral part of the lateral geniculate complex,left
1409,2158,3085,769,483,675,Fields of Forel,left
1409,2168,3389,768,483,743,Zona incerta,left
1409,2217,2810,775,501,619,Midbrain,left
1411,2059,239,796,491,76,"Entorhinal area, lateral part, layer 1",right
1411,2297,3202,767,515,702,Zona incerta,left
1412,2097,1997,778,486,440,Fields of Forel,right
1412,2105,2738,772,479,602,Midbrain,left
1410,2176,2853,772,492,628,Midbrain,left
1413,2190,2761,774,497,607,Posterior hypothalamic nucleus,left
1414,789,947,779,184,217,"Primary somatosensory area, barrel field, layer 5",right
1414,1673,2768,769,374,601,Midbrain,left
1414,2111,2735,772,480,601,Posterior hypothalamic nucleus,left
1414,2116,2741,772,481,602,Posterior hypothalamic nucleus,left
1417,1679,2763,768,376,600,Midbrain,left
1417,2343,2328,776,537,518,Midbrain,right
1417,2084,2770,770,474,608,Midbrain,left
1417,2113,2730,771,481,599,Posterior hypothalamic nucleus,left
1419,2384,2778,770,539,613,Midbrain,left
1419,2285,3216,763,513,705,Zona incerta,left
1419,2055,2760,767,467,605,"Subparafascicular nucleus, magnocellular part",left
1418,2105,2750,770,479,604,Midbrain,left
1420,2068,2844,767,469,624,Midbrain,left
1423,2080,2776,766,473,609,"Subparafascicular nucleus, magnocellular part",left
1421,2108,3394,762,468,743,Zona incerta,left
1421,2195,2733,771,499,602,Posterior hypothalamic nucleus,left
1421,2071,3472,762,456,760,Zona incerta,left
1421,2426,2712,770,548,598,Posterior hypothalamic nucleus,left
1424,2247,3019,763,504,663,Fields of Forel,left
1424,1527,2783,762,338,602,Precommissural nucleus,left
1422,2319,3046,764,522,669,Fields of Forel,left
1422,2065,2776,767,469,608,"Subparafascicular nucleus, magnocellular part",left
1425,2243,3296,760,503,722,Zona incerta,left
1425,2309,3021,764,520,664,Fields of Forel,left
1425,2314,3049,763,521,670,Fields of Forel,left
1425,2070,2893,764,467,634,Midbrain,left
1425,2322,3074,763,522,676,Fields of Forel,left
1428,692,3910,738,132,832,"Rostrolateral area, layer 5",left
1427,2369,2846,766,535,627,Midbrain,left
1427,1987,3706,756,431,810,Zona incerta,left
1429,2101,2803,764,477,615,"Subparafascicular nucleus, magnocellular part",left
1430,2197,3105,759,492,680,Fields of Forel,left
1434,1555,2491,762,350,536,Precommissural nucleus,right
1436,2254,1993,768,526,441,Hypothalamus,right
1436,2125,2737,762,484,600,"Subparafascicular nucleus, magnocellular part",left
1437,1718,3801,753,366,826,Intergeniculate leaflet of the lateral geniculate complex,left
1437,1723,4690,731,354,998,"Ventral auditory area, layer 5",left
1438,1123,4804,716,214,1023,"Supplemental somatosensory area, layer 1",left
1442,1120,4800,714,213,1022,"Supplemental somatosensory area, layer 1",left
1441,2311,2793,761,523,615,Midbrain,left
1446,2150,2829,757,487,621,Midbrain,left
1444,2174,3294,751,486,721,Zona incerta,left
1447,2224,3314,749,499,726,Zona incerta,left
1449,1119,4796,711,213,1021,"Supplemental somatosensory area, layer 1",left
1449,2189,3163,750,491,693,Fields of Forel,left
1448,1418,2407,752,319,518,Precommissural nucleus,right
1457,2229,3206,746,501,702,Zona incerta,left
1457,2410,3107,748,546,683,Parasubthalamic nucleus,left
1457,2268,3103,748,511,681,Hypothalamus,left
1459,2045,3579,741,449,783,Zona incerta,left
1460,2493,2427,753,572,539,Posterior hypothalamic nucleus,right
1466,2376,2877,748,538,632,mammillothalamic tract,left
1470,1293,4499,710,256,956,"Supplemental somatosensory area, layer 5",left
1469,2745,2921,740,625,645,Posterior hypothalamic nucleus,left
1474,855,939,751,201,216,"Primary somatosensory area, barrel field, layer 5",right
1474,2601,2979,740,593,657,Lateral hypothalamic area,left
1477,470,3408,715,93,726,"Anterior area, layer 5",left
1479,1259,4478,706,249,951,"Supplemental somatosensory area, layer 5",left
1484,2552,2821,738,580,621,Posterior hypothalamic nucleus,left
1485,2336,3110,735,529,683,Zona incerta,left
1486,1399,4538,703,280,965,"Supplemental somatosensory area, layer 5",left
1486,2246,2769,741,510,607,Hypothalamus,left
1489,1420,4571,702,284,971,"Supplemental somatosensory area, layer 5",left
1489,2587,3067,731,590,674,Lateral hypothalamic area,left
1490,2434,3106,732,554,682,Parasubthalamic nucleus,left
1493,515,3421,709,103,728,"Anterior area, layer 5",left
1499,1366,4545,696,272,965,"Supplemental somatosensory area, layer 5",left
1501,2602,2803,730,593,619,Posterior hypothalamic nucleus,left
1501,2652,3120,723,605,686,Lateral hypothalamic area,left
1506,2345,2760,730,533,605,Posterior hypothalamic nucleus,left
1506,2355,3081,726,535,676,Zona incerta,left
1508,2549,2265,731,592,501,Posterior hypothalamic nucleus,right
1512,395,2050,713,89,436,"Anterior area, layer 5",right
1512,1487,4580,692,299,974,"Supplemental somatosensory area, layer 5",left
1511,2330,3209,722,529,703,Zona incerta,left
1511,2436,2442,727,561,539,Posterior hypothalamic nucleus,right
1510,2490,2515,727,572,554,Posterior hypothalamic nucleus,right
1513,2270,3040,725,515,667,Ventral medial nucleus of the thalamus,left
1514,2392,2775,726,544,609,Posterior hypothalamic nucleus,left
1516,750,3960,698,155,836,"Primary somatosensory area, barrel field, layer 5",left
1517,2338,3174,721,532,696,Zona incerta,left
1518,2267,3120,721,514,684,Ventral medial nucleus of the thalamus,left
1523,1019,394,731,245,91,"Dorsal auditory area, layer 1",right
1521,458,1920,713,106,411,"Anterior area, layer 6a",right
1521,541,3425,697,110,727,"Anterior area, layer 5",left
1521,2286,3045,721,519,668,Ventral medial nucleus of the thalamus,left
1521,2510,3026,719,573,665,Lateral hypothalamic area,left
1522,2210,3304,717,499,722,Thalamus,left
1522,2514,2700,720,575,594,Posterior hypothalamic nucleus,left
1525,436,2136,707,99,453,"Retrosplenial area, lateral agranular part, layer 6a",right
1525,2329,2961,720,530,650,Ventral medial nucleus of the thalamus,left
1527,2415,3216,714,550,704,Parasubthalamic nucleus,left
1527,2621,2675,716,600,590,Dorsomedial nucleus of the hypothalamus,left
1529,999,418,729,240,97,"Dorsal auditory area, layer 1",right
1529,2244,3122,717,510,683,Ventral medial nucleus of the thalamus,left
1529,2489,2465,719,575,543,Posterior hypothalamic nucleus,right
1530,2231,3153,716,506,690,Ventral medial nucleus of the thalamus,left
1530,2268,3116,716,516,683,Ventral medial nucleus of the thalamus,left
1530,2522,2733,717,576,602,Posterior hypothalamic nucleus,left
1530,2412,3142,714,550,689,Lateral hypothalamic area,left
1528,2438,2832,718,556,621,Posterior hypothalamic nucleus,left
1533,2341,2998,716,533,659,Zona incerta,left
1533,2593,2679,715,594,590,Dorsomedial nucleus of the hypothalamus,left
1532,461,2001,707,106,427,"Anterior area, layer 6a",right
1534,486,3400,690,101,720,"Primary somatosensory area, trunk, layer 5",left
1534,478,3208,691,100,681,"Retrosplenial area, lateral agranular part, layer 6a",left
1534,2557,2494,715,589,549,Posterior hypothalamic nucleus,right
1535,2649,3154,707,606,692,Lateral hypothalamic area,left
1538,525,3490,688,108,739,"Primary somatosensory area, trunk, layer 5",left
1538,2552,2477,713,589,544,Posterior hypothalamic nucleus,right
1538,496,3297,689,103,698,"Anterior area, layer 5",left
1537,2481,2465,715,573,542,Posterior hypothalamic nucleus,right
1537,2296,3081,713,522,675,Ventral medial nucleus of the thalamus,left
1537,2302,3100,713,523,680,Zona incerta,left
1537,2311,3201,712,525,700,Zona incerta,left
1536,2305,3045,714,525,668,Ventral medial nucleus of the thalamus,left
1539,2324,3232,710,529,706,Zona incerta,left
1539,2520,2524,712,581,555,Posterior hypothalamic nucleus,right
1540,2260,3210,711,513,702,Zona incerta,left
1540,2479,2741,712,567,602,Posterior hypothalamic nucleus,left
1540,2493,2522,712,575,554,Posterior hypothalamic nucleus,right
1542,548,3491,686,113,739,"Primary somatosensory area, trunk, layer 5",left
1542,2531,2487,711,584,546,Posterior hypothalamic nucleus,right
1542,556,3492,687,114,739,"Primary somatosensory area, trunk, layer 5",left
1543,608,3709,684,125,785,"Primary somatosensory area, trunk, layer 5",left
1546,503,3425,684,106,725,"Primary somatosensory area, trunk, layer 5",left
1545,2456,2982,709,561,654,Hypothalamus,left
1545,511,1779,705,120,385,"Anterior area, layer 6a",right
1548,2505,2316,711,583,509,Posterior hypothalamic nucleus,right
1548,2476,2885,708,566,634,Posterior hypothalamic nucleus,left
1553,418,2204,693,97,467,"Retrosplenial area, lateral agranular part, layer 6a",right
1551,2490,2448,707,577,538,Posterior hypothalamic nucleus,right
1556,2499,2479,705,579,544,Dorsomedial nucleus of the hypothalamus,right
1554,2399,2350,709,558,516,Posterior hypothalamic nucleus,right
1558,1422,4521,670,286,961,"Supplemental somatosensory area, layer 5",left
1559,3112,2930,694,708,645,Tuberal nucleus,left
1561,2683,2899,700,615,638,Dorsomedial nucleus of the hypothalamus,left
1566,434,3183,674,92,673,"Retrosplenial area, lateral agranular part, layer 5",left
1566,2440,2387,702,568,523,Posterior hypothalamic nucleus,right
1567,2540,2991,697,582,656,Hypothalamus,left
1567,2575,2711,698,592,596,Dorsomedial nucleus of the hypothalamus,left
1572,490,1989,689,116,427,"Primary somatosensory area, trunk, layer 6a",right
1571,2536,2747,697,582,603,Dorsomedial nucleus of the hypothalamus,left
1574,2528,2482,696,587,543,Dorsomedial nucleus of the hypothalamus,right
1573,2670,2999,693,612,659,Lateral hypothalamic area,left
1575,1035,888,703,243,198,"Supplemental somatosensory area, layer 5",right
1576,446,2144,684,105,456,"Retrosplenial area, lateral agranular part, layer 6a",right
1577,2381,3013,695,545,662,Zona incerta,left
1579,2262,1962,701,535,431,Zona incerta,right
1579,2731,2736,691,627,602,Dorsomedial nucleus of the hypothalamus,left
1584,444,2248,679,104,476,"Retrosplenial area, lateral agranular part, layer 6a",right
1587,1401,4519,655,282,961,"Supplemental somatosensory area, layer 5",left
1585,2554,3080,688,586,674,Lateral hypothalamic area,left
1589,492,3184,666,105,674,"Retrosplenial area, lateral agranular part, layer 6a",left
1588,690,3781,664,147,796,"Primary somatosensory area, unassigned, layer 5",left
1592,549,3490,663,118,737,"Primary somatosensory area, trunk, layer 5",left
1596,2395,3140,683,549,686,Zona incerta,left
1596,2368,2426,688,552,529,Hypothalamus,right
1598,522,3378,662,113,713,"Primary somatosensory area, trunk, layer 5",left
1601,542,3518,659,116,743,"Primary somatosensory area, trunk, layer 5",left
1601,2644,3198,679,607,699,Lateral hypothalamic area,left
1608,406,2159,669,98,459,"Retrosplenial area, lateral agranular part, layer 5",right
1607,2329,3068,680,533,672,Zona incerta,left
1611,2698,2093,682,632,465,Perifornical nucleus,right
1611,2335,3208,675,534,698,Zona incerta,left
1611,2391,3058,677,548,669,Zona incerta,left
1611,2530,3111,675,581,679,Lateral hypothalamic area,left
1613,474,3187,654,104,673,"Retrosplenial area, lateral agranular part, layer 5",left
1614,2677,2941,675,614,645,Hypothalamus,left
1617,481,3225,653,105,681,"Retrosplenial area, lateral agranular part, layer 5",left
1617,410,2080,667,101,443,"Primary somatosensory area, trunk, layer 5",right
1617,2669,2942,675,613,644,Hypothalamus,left
1616,2695,3067,673,619,671,Perifornical nucleus,left
1618,2381,3096,674,546,676,Zona incerta,left
1624,414,2248,660,100,476,"Retrosplenial area, lateral agranular part, layer 5",right
1624,3061,2709,669,702,595,Arcuate hypothalamic nucleus,left
1624,2388,3080,671,548,673,Zona incerta,left
1630,1199,785,682,284,174,"Supplemental somatosensory area, layer 5",right
1631,2977,2478,667,687,548,Ventromedial hypothalamic nucleus,right
1633,381,2217,656,92,469,"Retrosplenial area, lateral agranular part, layer 5",right
1633,2401,3015,669,550,659,Zona incerta,left
1635,1421,4480,634,288,954,"Supplemental somatosensory area, layer 5",left
1634,508,3104,645,112,657,"Retrosplenial area, lateral agranular part, layer 6a",left
1634,1419,4492,634,288,955,"Supplemental somatosensory area, layer 5",left
1636,481,3304,643,107,696,"Primary somatosensory area, trunk, layer 5",left
1637,2242,3816,659,499,825,"Globus pallidus, external segment",left
1639,1963,4638,641,419,987,"Visceral area, layer 6a",left
1642,1630,4595,633,337,977,"Supplemental somatosensory area, layer 5",left
1643,2893,3093,661,663,675,Tuberal nucleus,left
1651,468,2092,651,117,446,"Primary somatosensory area, trunk, layer 5",right
1655,2345,2954,659,538,646,Zona incerta,left
1656,409,2134,648,103,454,"Primary somatosensory area, trunk, layer 5",right
1656,451,3157,633,100,665,"Retrosplenial area, lateral agranular part, layer 5",left
1661,539,3077,633,119,651,"Secondary motor area, layer 6a",left
1661,460,3161,632,103,666,"Retrosplenial area, lateral agranular part, layer 5",left
1663,498,3310,630,114,697,"Primary somatosensory area, lower limb, layer 5",left
1662,410,3025,630,91,638,"Retrosplenial area, lateral agranular part, layer 5",left
1669,1378,713,668,330,161,"Supplemental somatosensory area, layer 5",right
1672,497,3239,627,112,683,"Primary somatosensory area, trunk, layer 5",left
1674,2376,2407,654,557,524,"Paraventricular hypothalamic nucleus, descending division",right
1677,474,2187,638,118,463,"Retrosplenial area, lateral agranular part, layer 6a",right
1681,471,2182,636,117,462,"Retrosplenial area, lateral agranular part, layer 5",right
1681,497,3154,623,112,666,"Primary motor area, Layer 5",left
1685,658,3582,621,149,752,"Primary somatosensory area, lower limb, layer 5",left
1685,464,2171,635,116,460,"Primary somatosensory area, trunk, layer 5",right
1686,2398,2526,650,560,551,"Paraventricular hypothalamic nucleus, descending division",right
1687,558,3475,619,128,731,"Primary somatosensory area, lower limb, layer 5",left
1688,503,3319,619,116,699,"Primary somatosensory area, lower limb, layer 5",left
1689,553,3480,618,127,732,"Primary somatosensory area, lower limb, layer 5",left
1692,451,2311,627,110,488,"Secondary motor area, layer 6a",right
1691,472,3222,617,108,678,"Primary motor area, Layer 5",left
1691,2394,2525,648,559,550,"Paraventricular hypothalamic nucleus, descending division",right
1695,450,3162,615,103,666,"Primary motor area, Layer 5",left
1700,491,3253,613,113,686,"Primary motor area, Layer 5",left
1703,536,3296,612,123,694,"Primary somatosensory area, lower limb, layer 5",left
1707,616,3299,611,141,697,"Primary somatosensory area, lower limb, layer 6a",left
1705,2316,1978,640,547,435,Lateral hypothalamic area,right
1708,519,3003,611,118,636,"Secondary motor area, layer 6a",left
1709,475,3180,610,109,670,"Primary motor area, Layer 5",left
1713,531,3358,608,122,707,"Primary somatosensory area, lower limb, layer 5",left
1718,468,3152,605,109,664,"Primary motor area, Layer 5",left
1718,501,3066,606,115,647,"Secondary motor area, layer 5",left
1720,472,3198,604,109,674,"Primary motor area, Layer 5",left
1724,633,3406,603,147,717,"Primary somatosensory area, lower limb, layer 5",left
1724,515,2239,614,128,473,"Primary motor area, Layer 6a",right
1726,514,3252,601,119,685,"Primary motor area, Layer 5",left
1726,547,3407,601,126,716,"Primary somatosensory area, lower limb, layer 5",left
1728,599,3209,602,137,679,"Primary motor area, Layer 6a",left
1732,467,3111,598,108,655,"Primary motor area, Layer 5",left
1733,687,3534,599,159,742,"Primary somatosensory area, lower limb, layer 6a",left
1746,455,3147,591,107,662,"Primary motor area, Layer 5",left
1745,571,3374,593,132,710,"Primary somatosensory area, lower limb, layer 5",left
1745,572,3201,594,131,676,"Primary motor area, Layer 5",left
1748,505,3075,592,118,649,"Secondary motor area, layer 5",left
1751,637,3507,589,148,736,"Primary somatosensory area, lower limb, layer 5",left
1754,551,3319,588,128,699,"Primary motor area, Layer 5",left
1756,520,2005,603,136,426,"Primary somatosensory area, lower limb, layer 5",right
1756,590,3263,588,137,689,"Primary motor area, Layer 5",left
1756,591,3346,587,137,705,"Primary somatosensory area, lower limb, layer 5",left
1755,579,3078,589,134,652,"Secondary motor area, layer 6a",left
1755,570,3291,587,132,694,"Primary motor area, Layer 5",left
1763,576,3175,584,133,671,"Primary motor area, Layer 5",left
1763,643,3481,584,151,731,"Primary somatosensory area, lower limb, layer 5",left
1770,506,2324,589,126,489,"Secondary motor area, layer 6a",right
1774,470,3125,579,111,658,"Primary motor area, Layer 5",left
1774,539,3249,579,126,685,"Primary motor area, Layer 5",left
1772,709,3670,579,165,768,"Primary somatosensory area, upper limb, layer 5",left
1778,638,3502,577,151,734,"Primary somatosensory area, lower limb, layer 5",left
1779,513,3165,576,121,667,"Primary motor area, Layer 5",left
1783,538,2221,585,137,467,"Primary motor area, Layer 6a",right
1783,504,2150,586,131,453,"Primary motor area, Layer 5",right
1782,600,3316,575,140,699,"Primary motor area, Layer 5",left
1787,499,3165,572,118,667,"Primary motor area, Layer 5",left
1787,637,3152,573,147,668,"Primary motor area, Layer 6a",left
1786,510,2150,585,132,453,"Primary motor area, Layer 5",right
1786,589,3312,573,138,698,"Primary motor area, Layer 5",left
1791,442,2359,577,111,496,"Secondary motor area, layer 5",right
1791,511,3155,570,120,665,"Primary motor area, Layer 5",left
1794,544,3192,569,128,673,"Primary motor area, Layer 5",left
1794,669,3609,569,158,756,"Primary somatosensory area, lower limb, layer 5",left
1795,669,3124,570,154,663,"Secondary motor area, layer 6a",left
1797,529,3175,568,125,669,"Primary motor area, Layer 5",left
1797,2397,2995,591,561,650,Hypothalamus,left
1799,2655,3008,588,620,653,Anterior hypothalamic nucleus,left
1801,618,3324,567,145,701,"Primary motor area, Layer 5",left
1801,826,2931,574,191,627,"Anterior cingulate area, ventral part, 6a",left
1801,521,3163,566,123,667,"Primary motor area, Layer 5",left
1801,572,3097,568,134,654,"Secondary motor area, layer 6a",left
1802,608,3257,566,142,687,"Primary motor area, Layer 5",left
1802,652,3388,566,153,713,"Primary motor area, Layer 5",left
1804,519,2409,572,130,505,"Secondary motor area, layer 5",right
1804,641,3228,565,148,683,"Primary motor area, Layer 6a",left
1804,571,3038,566,135,642,"Secondary motor area, layer 6a",left
1803,619,3390,564,146,713,"Primary motor area, Layer 5",left
1809,610,3379,562,144,711,"Primary motor area, Layer 5",left
1813,651,3486,561,154,731,"Primary somatosensory area, lower limb, layer 5",left
1813,672,3208,562,155,680,"Primary motor area, Layer 6a",left
1815,529,2252,568,136,472,"Primary motor area, Layer 5",right
1817,630,3387,559,149,712,"Primary motor area, Layer 5",left
1819,573,3265,557,135,688,"Primary motor area, Layer 5",left
1819,868,2104,571,213,444,"corpus callosum, body",right
1822,575,3085,557,136,652,"Secondary motor area, layer 5",left
1822,562,2057,569,147,433,"Primary motor area, Layer 5",right
1826,549,2050,567,145,432,"Primary motor area, Layer 5",right
1824,581,3088,556,137,653,"Secondary motor area, layer 6a",left
1827,506,3092,554,121,650,"Secondary motor area, layer 5",left
1827,532,3082,554,127,649,"Secondary motor area, layer 5",left
1832,649,3422,552,155,718,"Primary motor area, Layer 5",left
1830,621,3092,554,146,654,"Secondary motor area, layer 6a",left
1830,693,3553,553,166,744,"Primary somatosensory area, lower limb, layer 5",left
1834,567,1894,565,151,402,"Primary somatosensory area, lower limb, layer 5",right
1833,613,3108,553,145,658,"Secondary motor area, layer 6a",left
1838,552,3062,550,132,645,"Secondary motor area, layer 5",left
1838,792,3699,549,186,774,"Primary somatosensory area, upper limb, layer 5",left
1839,794,3641,549,188,762,"Primary somatosensory area, upper limb, layer 6a",left
1839,687,3284,548,160,694,"Primary motor area, Layer 6a",left
1840,640,2022,561,167,426,"Primary motor area, Layer 6a",right
1842,649,3337,547,154,702,"Primary motor area, Layer 5",left
1842,577,2259,556,147,473,"Secondary motor area, layer 6a",right
1842,708,3562,547,170,745,"Primary somatosensory area, lower limb, layer 5",left
1842,764,2930,553,181,624,"Anterior cingulate area, dorsal part, layer 6a",left
1843,641,3339,546,152,703,"Primary motor area, Layer 5",left
1845,691,3119,548,161,661,"Secondary motor area, layer 6a",left
1846,626,3168,546,147,670,"Primary motor area, Layer 6a",left
1849,616,3123,545,146,660,"Secondary motor area, layer 6a",left
1849,582,3086,545,139,651,"Secondary motor area, layer 5",left
1849,599,2298,553,153,481,"Secondary motor area, layer 6a",right
1847,615,2964,547,149,626,"Anterior cingulate area, dorsal part, layer 5",left
1853,622,2164,553,160,453,"Primary motor area, Layer 6a",right
1858,714,3517,540,172,736,"Primary motor area, Layer 5",left
1858,2568,3079,563,603,666,Lateral preoptic area,left
1861,592,3250,538,140,684,"Primary motor area, Layer 5",left
1867,663,3293,535,158,694,"Primary motor area, Layer 5",left
1867,555,3172,535,133,667,"Primary motor area, Layer 5",left
1862,520,2101,548,138,440,"Primary motor area, Layer 5",right
1864,723,3314,538,171,699,"Primary motor area, Layer 6a",left
1864,643,3041,539,154,643,"Secondary motor area, layer 6a",left
1866,552,2285,544,142,477,"Secondary motor area, layer 5",right
1865,605,3055,538,146,645,"Secondary motor area, layer 6a",left
1869,804,3419,537,191,720,"Primary motor area, Layer 6a",left
1869,639,3098,536,152,655,"Secondary motor area, layer 6a",left
1870,673,3159,535,159,668,"Secondary motor area, layer 6a",left
1871,578,2242,542,150,468,"Primary motor area, Layer 6a",right
1873,761,3431,535,182,720,"Primary motor area, Layer 6a",left
1874,772,3288,534,181,695,"Primary motor area, Layer 6a",left
1876,788,3499,533,190,733,"Primary motor area, Layer 6a",left
1876,732,3381,532,174,710,"Primary motor area, Layer 6a",left
1878,718,3151,532,169,667,"Secondary motor area, layer 6a",left
1878,514,3051,531,127,641,"Secondary motor area, layer 5",left
1883,688,1704,545,186,364,"Primary somatosensory area, upper limb, layer 5",right
1883,689,3429,528,167,719,"Primary motor area, Layer 5",left
1882,617,1846,543,166,391,"Primary somatosensory area, lower limb, layer 5",right
1882,684,3232,529,162,682,"Primary motor area, Layer 6a",left
1881,630,3070,531,151,648,"Secondary motor area, layer 6a",left
1884,601,2173,537,156,454,"Primary motor area, Layer 5",right
1887,782,3436,528,188,721,"Primary motor area, Layer 6a",left
1889,706,3257,527,167,686,"Primary motor area, Layer 6a",left
1889,744,3307,527,177,696,"Primary motor area, Layer 6a",left
1890,637,2239,534,164,467,"Secondary motor area, layer 6a",right
1890,639,3127,526,153,659,"Secondary motor area, layer 6a",left
1890,680,3267,525,162,688,"Primary motor area, Layer 5",left
1888,1656,4845,519,355,1024,"Supplemental somatosensory area, layer 1",left
1891,743,3213,525,175,679,"Primary motor area, Layer 6a",left
1893,666,3259,524,159,686,"Primary motor area, Layer 5",left
1894,1684,4852,517,362,1026,"Supplemental somatosensory area, layer 1",left
1895,712,3547,523,174,740,"Primary motor area, Layer 5",left
1899,699,3218,521,166,679,"Primary motor area, Layer 6a",left
1900,718,3573,521,176,746,"Primary motor area, Layer 5",left
1902,2591,2960,545,611,642,Medial preoptic area,left
1904,728,3491,520,178,729,"Primary motor area, Layer 5",left
1911,727,3178,516,172,671,"Secondary motor area, layer 6a",left
1911,1135,3365,522,262,715,"corpus callosum, body",left
1913,646,3019,517,158,636,"Secondary motor area, layer 6a",left
1915,663,3399,513,163,711,"Primary motor area, Layer 5",left
1919,667,3244,512,160,682,"Primary motor area, Layer 5",left
1921,744,3361,513,181,705,"Primary motor area, Layer 6a",left
1922,750,3332,512,181,699,"Primary motor area, Layer 6a",left
1922,794,3645,511,193,760,"Primary motor area, Layer 5",left
1924,677,3114,511,163,656,"Secondary motor area, layer 6a",left
1923,780,3565,511,191,744,"Primary motor area, Layer 5",left
1927,681,3181,509,164,669,"Secondary motor area, layer 6a",left
1928,778,3246,510,185,684,"Primary motor area, Layer 6a",left
1930,711,3285,508,172,690,"Primary motor area, Layer 6a",left
1931,794,3249,508,189,685,"Primary motor area, Layer 6a",left
1931,831,3688,507,201,769,"Primary motor area, Layer 5",left
1941,678,3161,503,164,665,"Secondary motor area, layer 6a",left
1941,621,2415,509,160,502,"Secondary motor area, layer 6a",right
1941,782,3508,504,192,732,"Primary motor area, Layer 5",left
1941,814,3386,505,198,710,"Primary motor area, Layer 6a",left
1943,842,3391,503,203,711,"Primary motor area, Layer 6a",left
1946,735,3190,501,177,672,"Secondary motor area, layer 6a",left
1944,737,2079,512,193,434,"Primary motor area, Layer 6a",right
1948,757,3206,501,181,675,"Secondary motor area, layer 6a",left
1948,771,3338,501,187,700,"Primary motor area, Layer 6a",left
1951,618,2240,505,163,466,"Secondary motor area, layer 5",right
1953,795,3254,499,191,685,"Primary motor area, Layer 6a",left
1953,890,3780,497,212,787,"Primary somatosensory area, upper limb, layer 5",left
1954,661,3063,498,162,644,"Secondary motor area, layer 6a",left
1959,1873,767,536,467,165,"Gustatory areas, layer 5",right
1962,700,3438,494,175,717,"Primary motor area, Layer 5",left
1964,869,3534,495,213,737,"Primary motor area, Layer 6a",left
1977,814,3597,488,202,748,"Primary motor area, Layer 5",left
1985,754,3373,485,188,705,"Primary motor area, Layer 5",left
2004,2795,2796,494,666,610,Hypothalamus,left
2004,700,2235,483,185,463,"Secondary motor area, layer 6a",right
2009,905,808,505,248,161,"Primary somatosensory area, mouth, layer 1",right
2015,740,3191,471,183,669,"Secondary motor area, layer 6a",left
2014,808,1897,485,217,397,"Primary motor area, Layer 6a",right
2017,897,803,501,247,159,"Primary somatosensory area, mouth, layer 1",right
2023,2660,2727,484,633,591,Anteroventral periventricular nucleus,left
2032,632,2355,468,167,486,"Secondary motor area, layer 5",right
2029,2633,2657,482,626,576,Anteroventral periventricular nucleus,left
2031,811,3286,464,200,688,"Secondary motor area, layer 6a",left
2033,819,3286,465,202,688,"Secondary motor area, layer 6a",left
2035,790,3286,462,196,687,"Secondary motor area, layer 6a",left
2035,925,807,493,255,159,"Primary somatosensory area, mouth, layer 1",right
2039,763,2074,470,205,432,"Primary motor area, Layer 6a",right
2045,941,804,490,259,158,"Primary somatosensory area, mouth, layer 1",right
2052,850,1947,468,227,407,"Primary motor area, Layer 6a",right
2053,774,3204,455,193,671,"Secondary motor area, layer 6a",left
2054,869,3433,455,216,715,"Primary motor area, Layer 6a",left
2057,681,3260,452,172,679,"Secondary motor area, layer 5",left
2065,2565,2836,466,615,612,Hypothalamus,left
2069,728,2457,453,193,507,"Anterior cingulate area, dorsal part, layer 5",right
2069,887,1634,465,237,344,"Primary motor area, Layer 6a",right
2068,706,2335,454,189,482,"Secondary motor area, layer 6a",right
2082,964,3792,440,234,784,"Primary motor area, Layer 5",left
2084,816,3092,443,205,648,"Anterior cingulate area, dorsal part, layer 6a",left
2090,887,3024,442,222,638,"Anterior cingulate area, dorsal part, layer 6a",left
2092,958,3763,436,234,778,"Primary motor area, Layer 5",left
2099,842,2451,440,220,506,"Anterior cingulate area, dorsal part, layer 5",right
2124,1893,4250,422,432,891,"Gustatory areas, layer 5",left
2125,935,3018,428,236,637,"Anterior cingulate area, dorsal part, layer 6a",left
2127,723,2377,428,197,489,"Secondary motor area, layer 6a",right
2127,862,2978,425,221,625,"Anterior cingulate area, dorsal part, layer 5",left
2140,1701,1046,451,428,216,"Gustatory areas, layer 5",right
2150,820,3152,414,211,658,"Secondary motor area, layer 6a",left
2148,857,3144,415,219,658,"Secondary motor area, layer 6a",left
2154,657,3069,409,173,635,"Secondary motor area, layer 5",left
2173,921,3018,407,237,634,"Anterior cingulate area, dorsal part, layer 5",left
2183,733,2267,404,205,467,"Secondary motor area, layer 5",right
2187,879,3319,396,226,690,"Secondary motor area, layer 6a",left
2189,828,3208,397,216,668,"Secondary motor area, layer 6a",left
2194,807,2330,399,220,480,"Secondary motor area, layer 6a",right
2197,781,2428,398,214,501,"Anterior cingulate area, dorsal part, layer 5",right
2199,865,3190,392,225,665,"Secondary motor area, layer 6a",left
2201,972,3369,391,246,700,"Secondary motor area, layer 6a",left
2203,887,2012,399,242,419,"Secondary motor area, layer 6a",right
2205,818,3016,391,217,627,"Anterior cingulate area, dorsal part, layer 5",left
2210,954,3314,387,244,690,"Secondary motor area, layer 6a",left
2214,713,2382,389,201,490,"Secondary motor area, layer 5",right
2217,707,2382,388,198,490,"Secondary motor area, layer 5",right
2221,869,3133,383,228,653,"Anterior cingulate area, dorsal part, layer 6a",left
2223,925,2521,386,247,521,"Anterior cingulate area, dorsal part, layer 5",right
2228,865,2982,381,229,620,"Anterior cingulate area, dorsal part, layer 5",left
2233,932,3051,379,243,637,"Anterior cingulate area, dorsal part, layer 5",left
2236,918,3245,376,238,675,"Secondary motor area, layer 6a",left
2236,893,3142,376,234,654,"Anterior cingulate area, dorsal part, layer 6a",left
2237,865,3019,377,229,628,"Anterior cingulate area, dorsal part, layer 5",left
2237,1382,2472,384,344,514,"Infralimbic area, layer 6a",right
2235,923,3042,378,242,635,"Anterior cingulate area, dorsal part, layer 5",left
2260,787,2353,369,220,485,"Secondary motor area, layer 5",right
2260,816,2281,370,227,470,"Secondary motor area, layer 6a",right
2258,1000,3374,365,254,700,"Secondary motor area, layer 6a",left
2278,862,3179,357,229,659,"Secondary motor area, layer 6a",left
2278,871,2984,358,233,619,"Anterior cingulate area, dorsal part, layer 5",left
2278,894,2452,362,245,506,"Anterior cingulate area, dorsal part, layer 5",right
2277,810,2295,363,227,473,"Secondary motor area, layer 6a",right
2282,905,3130,356,239,650,"Anterior cingulate area, dorsal part, layer 6a",left
2282,785,2256,360,221,465,"Secondary motor area, layer 5",right
2287,683,1464,360,204,298,"Primary motor area, Layer 1",right
2287,1792,3996,351,418,829,"Agranular insular area, dorsal part, layer 5",left
2289,825,3157,352,222,653,"Secondary motor area, layer 5",left
2289,775,2472,356,218,510,"Anterior cingulate area, dorsal part, layer 5",right
2293,681,1474,357,203,301,"Primary motor area, Layer 1",right
2294,747,2474,352,212,511,"Anterior cingulate area, dorsal part, layer 5",right
2298,2111,3320,356,508,701,Olfactory areas,left
2304,1110,2440,351,291,505,"Prelimbic area, layer 5",right
2308,919,2529,348,252,524,"Prelimbic area, layer 5",right
2312,828,3092,341,225,638,"Anterior cingulate area, dorsal part, layer 5",left
2313,882,3178,342,235,658,"Secondary motor area, layer 6a",left
2316,1040,2973,344,272,620,"Prelimbic area, layer 5",left
2318,930,3024,341,248,627,"Prelimbic area, layer 5",left
2321,892,2337,343,246,482,"Anterior cingulate area, dorsal part, layer 6a",right
2321,941,3097,340,249,642,"Anterior cingulate area, dorsal part, layer 5",left
2322,906,2512,342,249,519,"Prelimbic area, layer 5",right
2322,974,3105,339,257,645,"Anterior cingulate area, dorsal part, layer 6a",left
2327,964,2425,340,263,502,"Prelimbic area, layer 5",right
2326,965,3217,336,253,666,"Secondary motor area, layer 6a",left
2332,1028,3076,336,269,639,"Prelimbic area, layer 6a",left
2331,1834,3330,343,447,699,"Orbital area, lateral part, layer 2/3",left
2334,822,3030,332,225,625,"Anterior cingulate area, dorsal part, layer 5",left
2334,1054,1678,344,285,352,"Primary motor area, Layer 5",right
2335,771,2404,334,220,496,"Secondary motor area, layer 5",right
2341,855,3167,329,231,653,"Secondary motor area, layer 5",left
2341,1042,3488,327,264,720,"Secondary motor area, layer 6a",left
2340,1782,3139,340,435,660,"Orbital area, ventrolateral part, layer 5",left
2344,903,3017,329,245,624,"Anterior cingulate area, dorsal part, layer 5",left
2342,835,2324,333,235,480,"Secondary motor area, layer 5",right
2346,1022,2967,330,270,616,"Prelimbic area, layer 5",left
2350,906,3090,326,243,639,"Anterior cingulate area, dorsal part, layer 5",left
2350,1747,3067,336,427,644,"Orbital area, ventrolateral part, layer 5",left
2350,835,3021,325,229,623,"Anterior cingulate area, dorsal part, layer 5",left
2348,908,3051,327,245,631,"Anterior cingulate area, dorsal part, layer 5",left
2348,854,3071,326,233,634,"Anterior cingulate area, dorsal part, layer 5",left
2347,1128,3067,329,290,638,"Prelimbic area, layer 6a",left
2349,1049,3301,326,269,684,"Secondary motor area, layer 6a",left
2352,835,2445,327,236,505,"Anterior cingulate area, dorsal part, layer 5",right
2353,887,3064,325,240,633,"Anterior cingulate area, dorsal part, layer 5",left
2353,789,2339,327,226,483,"Secondary motor area, layer 5",right
2353,943,3180,325,250,658,"Secondary motor area, layer 6a",left
2357,1069,3662,319,270,751,"Secondary motor area, layer 5",left
2357,1879,3017,336,460,637,Dorsal peduncular area,left
2358,957,3193,322,253,661,"Secondary motor area, layer 6a",left
2361,863,2362,325,242,488,"Anterior cingulate area, dorsal part, layer 5",right
2364,967,3094,320,257,641,"Prelimbic area, layer 5",left
2365,945,3069,320,253,635,"Prelimbic area, layer 5",left
2366,852,3091,317,232,637,"Anterior cingulate area, dorsal part, layer 5",left
2371,845,3094,314,231,638,"Anterior cingulate area, dorsal part, layer 5",left
2368,942,3072,318,252,635,"Prelimbic area, layer 5",left
2375,966,3111,315,257,643,"Prelimbic area, layer 5",left
2374,915,2989,316,249,618,"Prelimbic area, layer 5",left
2380,957,2427,317,263,502,"Prelimbic area, layer 5",right
2383,838,2289,313,237,473,"Secondary motor area, layer 5",right
2385,821,3112,308,225,640,"Secondary motor area, layer 5",left
2390,902,3143,307,242,648,"Secondary motor area, layer 5",left
2390,909,3076,308,246,634,"Anterior cingulate area, dorsal part, layer 5",left
2394,1049,3158,308,274,654,"Prelimbic area, layer 6a",left
2399,927,2427,307,257,502,"Prelimbic area, layer 5",right
2399,912,3071,303,246,633,"Anterior cingulate area, dorsal part, layer 5",left
2399,884,2327,306,247,481,"Secondary motor area, layer 5",right
2399,964,3144,304,257,649,"Anterior cingulate area, dorsal part, layer 5",left
2397,854,3063,303,234,631,"Anterior cingulate area, dorsal part, layer 5",left
2402,879,2325,305,246,481,"Secondary motor area, layer 5",right
2404,904,3122,301,244,643,"Anterior cingulate area, dorsal part, layer 5",left
2403,926,3132,301,248,645,"Anterior cingulate area, dorsal part, layer 5",left
2408,831,2402,301,235,496,"Secondary motor area, layer 5",right
2407,947,2327,304,260,482,"Anterior cingulate area, dorsal part, layer 6a",right
2407,824,3253,295,224,669,"Secondary motor area, layer 5",left
2410,918,3017,299,250,621,"Prelimbic area, layer 5",left
2412,983,2254,303,268,467,"Secondary motor area, layer 6a",right
2415,1051,3071,299,276,635,"Prelimbic area, layer 5",left
2419,1118,3082,298,290,638,"Prelimbic area, layer 6a",left
2417,1134,3211,299,290,664,"Prelimbic area, layer 6a",left
2420,924,2455,297,257,509,"Prelimbic area, layer 5",right
2421,955,3246,294,253,669,"Secondary motor area, layer 5",left
2428,941,3245,290,249,668,"Secondary motor area, layer 5",left
2429,1052,3063,293,277,633,"Prelimbic area, layer 5",left
2440,854,3177,281,232,652,"Secondary motor area, layer 5",left
2440,907,3117,283,244,640,"Anterior cingulate area, dorsal part, layer 5",left
2448,897,3171,279,241,651,"Secondary motor area, layer 5",left
2451,987,2431,283,270,504,"Prelimbic area, layer 5",right
2455,1043,2252,283,281,466,"Frontal pole, layer 6a",right
2627,1452,2721,190,375,561,vomeronasal nerve,right
3137,1042,3177,-45,283,620,Folium-tuber vermis (VII),left
3159,1210,2476,-64,334,482,Pyramus (VIII),right
3167,1130,3322,-42,310,649,Folium-tuber vermis (VII),left
3166,1191,2986,-46,327,582,Pyramus (VIII),left
3172,1186,2995,-50,326,584,Pyramus (VIII),left
