coordinate_raw_axis_0,coordinate_raw_axis_1,coordinate_raw_axis_2,coordinate_atlas_axis_0,coordinate_atlas_axis_1,coordinate_atlas_axis_2,structure_name,hemisphere
35,2255,2976,1316,695,627,"Medullary reticular nucleus, ventral part",left
41,2006,2207,1314,627,454,"Medullary reticular nucleus, dorsal part",right
42,2003,2210,1313,626,455,"Medullary reticular nucleus, dorsal part",right
46,2322,3008,1312,711,635,Medulla,left
47,1938,2311,1314,606,476,"Medullary reticular nucleus, dorsal part",right
50,2013,3128,1309,622,665,"Medullary reticular nucleus, dorsal part",left
51,2319,3021,1309,710,638,Medulla,left
52,1937,2354,1313,603,486,"Medullary reticular nucleus, dorsal part",right
59,1875,2406,1315,583,496,"Medullary reticular nucleus, dorsal part",right
61,1849,2380,1316,577,490,"Medullary reticular nucleus, dorsal part",right
61,2201,2493,1308,678,522,"Medullary reticular nucleus, ventral part",right
62,1889,2386,1312,587,492,"Medullary reticular nucleus, dorsal part",right
63,2046,2666,1309,626,557,"Medullary reticular nucleus, ventral part",right
63,2242,2399,1307,689,503,"Medullary reticular nucleus, ventral part",right
67,1827,2450,1316,567,505,"Medullary reticular nucleus, dorsal part",right
67,1917,2325,1305,594,479,"Medullary reticular nucleus, dorsal part",right
67,2356,2789,1306,718,587,Medulla,left
65,2304,3004,1303,703,635,Medulla,left
65,2372,2978,1304,722,629,Medulla,left
66,2238,2559,1307,687,537,Medulla,right
68,1848,2446,1314,574,504,"Medullary reticular nucleus, dorsal part",right
68,1842,2428,1315,572,501,"Medullary reticular nucleus, dorsal part",right
68,1912,2413,1309,591,499,"Medullary reticular nucleus, dorsal part",right
69,1834,2465,1316,570,509,"Medullary reticular nucleus, dorsal part",right
69,1875,2438,1312,581,504,"Medullary reticular nucleus, dorsal part",right
69,1867,2503,1315,577,518,"Medullary reticular nucleus, dorsal part",right
69,1892,2328,1307,587,479,"Medullary reticular nucleus, dorsal part",right
70,1820,2440,1316,566,503,"Medullary reticular nucleus, dorsal part",right
70,1836,2409,1313,570,496,"Medullary reticular nucleus, dorsal part",right
70,2395,2873,1304,728,606,Medulla,left
74,1855,2534,1314,573,525,Medulla,right
74,2162,3105,1294,658,658,"Medullary reticular nucleus, ventral part",left
74,2168,2483,1301,666,520,"Medullary reticular nucleus, ventral part",right
76,1804,2471,1315,560,510,Cuneate nucleus,right
76,2274,3029,1296,692,641,"Medullary reticular nucleus, ventral part",left
73,2344,2791,1304,714,587,Medulla,left
73,2449,2884,1302,743,609,Medulla,left
72,1925,3085,1304,590,655,"Medullary reticular nucleus, dorsal part",left
75,2286,2835,1301,695,597,Medulla,left
77,1784,2392,1314,556,491,"Medullary reticular nucleus, dorsal part",right
77,1868,2564,1313,576,532,Medulla,right
79,1787,2403,1312,555,495,Cuneate nucleus,right
81,2079,3336,1292,635,713,"Medullary reticular nucleus, dorsal part",left
81,1806,2447,1312,560,504,Cuneate nucleus,right
81,1858,2591,1312,572,538,Medulla,right
82,1812,2480,1312,560,512,Cuneate nucleus,right
82,1901,2606,1309,582,542,Medulla,right
82,1814,2393,1309,563,493,"Medullary reticular nucleus, dorsal part",right
82,1823,2658,1315,562,554,Medulla,right
82,2281,3146,1292,690,667,"Medullary reticular nucleus, ventral part",left
87,1776,2543,1315,550,527,Cuneate nucleus,right
84,1855,2368,1303,573,488,"Medullary reticular nucleus, dorsal part",right
84,2112,2615,1298,642,547,Medulla,right
84,1797,3091,1311,552,656,Medulla,left
83,1790,2602,1316,554,539,Medulla,right
83,1810,2408,1309,561,496,"Medullary reticular nucleus, dorsal part",right
83,1821,2673,1315,560,557,Medulla,right
83,1812,2839,1316,556,597,Medulla,left
83,1817,2738,1316,558,573,Medulla,left
83,1852,2654,1312,568,553,Dorsal motor nucleus of the vagus nerve,right
83,1931,2473,1303,592,513,Intermediate reticular nucleus,right
83,2325,3019,1294,704,639,Medulla,left
83,1851,2372,1304,572,488,"Medullary reticular nucleus, dorsal part",right
88,1760,2511,1315,546,518,Cuneate nucleus,right
88,1778,2587,1315,551,536,Cuneate nucleus,right
88,1812,2646,1314,557,550,Nucleus of the solitary tract,right
88,1790,2613,1315,553,543,Nucleus of the solitary tract,right
86,1791,2557,1315,554,529,Cuneate nucleus,right
86,1792,2460,1312,555,507,Cuneate nucleus,right
86,1805,2587,1314,557,536,Cuneate nucleus,right
86,1935,2435,1300,594,504,"Medullary reticular nucleus, dorsal part",right
86,1782,2574,1316,551,534,Cuneate nucleus,right
86,2130,2416,1295,652,504,"Medullary reticular nucleus, ventral part",right
85,1786,2414,1311,554,497,Cuneate nucleus,right
85,1807,2652,1316,557,551,Nucleus of the solitary tract,right
85,1816,2625,1315,559,546,Nucleus of the solitary tract,right
85,2370,2888,1298,718,610,Medulla,left
90,1807,2632,1313,556,547,Nucleus of the solitary tract,right
90,1674,2317,1314,528,472,Medulla,right
90,1781,2481,1311,551,512,Cuneate nucleus,right
90,1796,2403,1307,556,495,"Medullary reticular nucleus, dorsal part",right
90,1860,2180,1292,577,446,"Medullary reticular nucleus, dorsal part",right
90,1917,2540,1303,585,527,Intermediate reticular nucleus,right
90,2325,3067,1291,702,649,Medulla,left
92,1773,2517,1312,549,520,Cuneate nucleus,right
92,1792,2666,1314,552,555,Nucleus of the solitary tract,right
92,1816,2633,1312,558,548,Nucleus of the solitary tract,right
92,1776,2723,1316,548,569,root,right
92,1896,2507,1303,580,519,"Medullary reticular nucleus, dorsal part",right
92,2223,3170,1287,672,673,"Medullary reticular nucleus, ventral part",left
92,1784,2597,1313,551,538,Cuneate nucleus,right
92,1801,2620,1313,555,544,Nucleus of the solitary tract,right
92,2192,2412,1293,668,504,"Medullary reticular nucleus, ventral part",right
89,1749,2505,1316,544,517,Medulla,right
89,1754,2374,1310,547,488,Cuneate nucleus,right
91,1758,2636,1316,545,548,Medulla,right
91,1788,2646,1314,552,550,Nucleus of the solitary tract,right
91,1849,2842,1309,565,597,Medulla,left
91,1779,2374,1306,552,488,Medulla,right
91,1841,2361,1301,568,486,"Medullary reticular nucleus, dorsal part",right
96,1764,2568,1313,546,533,Cuneate nucleus,right
96,1781,2542,1311,550,526,Cuneate nucleus,right
96,1756,2800,1316,542,587,Gracile nucleus,left
95,1780,2605,1312,549,541,Nucleus of the solitary tract,right
95,1808,2403,1304,559,496,"Medullary reticular nucleus, dorsal part",right
95,1912,2312,1292,587,476,"Medullary reticular nucleus, dorsal part",right
93,1810,2377,1304,560,489,"Medullary reticular nucleus, dorsal part",right
93,1782,2633,1314,550,548,Nucleus of the solitary tract,right
94,1779,2555,1312,550,529,Cuneate nucleus,right
94,1749,2633,1316,543,547,Medulla,right
99,1769,2370,1303,549,487,Medulla,right
99,1719,2664,1316,535,554,Gracile nucleus,right
99,1721,2651,1316,535,551,Gracile nucleus,right
99,1795,2416,1304,555,498,Medulla,right
99,1790,2677,1311,551,557,Nucleus of the solitary tract,right
99,1832,2391,1300,564,493,"Medullary reticular nucleus, dorsal part",right
97,1796,2352,1302,556,483,"Medullary reticular nucleus, dorsal part",right
97,1808,2582,1309,557,535,Nucleus of the solitary tract,right
97,1831,2424,1303,564,500,"Medullary reticular nucleus, dorsal part",right
97,2217,2974,1288,670,629,"Medullary reticular nucleus, ventral part",left
97,1720,2559,1316,536,530,Cuneate nucleus,right
97,1757,2642,1315,544,549,Gracile nucleus,right
98,1683,2492,1316,528,513,Medulla,right
98,1851,2394,1299,569,494,"Medullary reticular nucleus, dorsal part",right
98,1746,2623,1315,541,545,Gracile nucleus,right
98,1758,2653,1314,544,552,Gracile nucleus,right
98,1775,2682,1313,548,558,Medulla,right
98,1888,2358,1295,581,487,"Medullary reticular nucleus, dorsal part",right
98,1800,2772,1311,553,580,Nucleus of the solitary tract,left
101,1767,2585,1311,546,536,Cuneate nucleus,right
101,1796,2380,1302,555,490,"Medullary reticular nucleus, dorsal part",right
101,1729,2674,1316,537,557,Gracile nucleus,right
101,1761,2608,1312,544,542,Nucleus of the solitary tract,right
101,1769,2639,1312,546,549,Nucleus of the solitary tract,right
101,1804,2407,1302,557,496,"Medullary reticular nucleus, dorsal part",right
101,1836,2336,1296,566,480,"Medullary reticular nucleus, dorsal part",right
101,1694,2548,1316,530,527,Medulla,right
101,1788,2644,1311,551,550,Nucleus of the solitary tract,right
101,1810,2532,1307,557,524,Cuneate nucleus,right
100,1749,2797,1315,541,586,Gracile nucleus,left
100,1782,2743,1312,548,574,Medulla,left
100,1790,2653,1311,551,553,Nucleus of the solitary tract,right
100,1730,2627,1315,538,545,Gracile nucleus,right
100,1763,2595,1312,546,538,Cuneate nucleus,right
102,1773,2525,1308,548,523,Cuneate nucleus,right
102,1789,2630,1310,551,547,Nucleus of the solitary tract,right
102,1781,2349,1301,552,483,Medulla,right
102,1786,2557,1308,550,529,Cuneate nucleus,right
103,1782,2642,1310,548,549,Nucleus of the solitary tract,right
103,1710,2593,1314,533,538,Gracile nucleus,right
103,1774,2599,1309,547,540,Nucleus of the solitary tract,right
103,1811,2626,1307,555,546,Nucleus of the solitary tract,right
104,1747,2506,1309,541,518,Cuneate nucleus,right
104,1770,2579,1309,546,535,Cuneate nucleus,right
104,1910,2316,1289,586,478,"Medullary reticular nucleus, dorsal part",right
104,1912,2376,1292,585,491,"Medullary reticular nucleus, dorsal part",right
104,1923,2296,1287,591,473,"Medullary reticular nucleus, dorsal part",right
105,1719,2653,1315,535,552,Gracile nucleus,right
105,1830,2570,1304,561,534,Nucleus of the solitary tract,right
105,1672,2531,1316,524,522,Medulla,right
105,1755,2586,1311,543,536,Cuneate nucleus,right
105,1826,3066,1301,556,651,"Medullary reticular nucleus, dorsal part",left
107,1697,2560,1313,529,530,Gracile nucleus,right
107,1730,2792,1314,536,584,Gracile nucleus,left
107,1782,2739,1309,547,573,Nucleus of the solitary tract,left
106,1687,2607,1316,528,540,Gracile nucleus,right
106,1747,3078,1307,536,654,Cuneate nucleus,left
106,1773,2632,1309,547,547,Nucleus of the solitary tract,right
106,1785,2363,1300,552,487,Medulla,right
108,1677,2640,1316,525,548,Gracile nucleus,right
108,1710,2629,1313,533,546,Gracile nucleus,right
108,1760,2610,1309,544,542,Nucleus of the solitary tract,right
108,1802,2526,1304,554,523,Cuneate nucleus,right
108,1698,2600,1314,531,539,Gracile nucleus,right
108,1752,2732,1312,541,570,Medulla,right
108,1758,2589,1309,544,537,Cuneate nucleus,right
109,1778,2658,1308,548,554,Nucleus of the solitary tract,right
109,1829,2490,1301,561,516,Medulla,right
109,1791,2339,1297,554,481,"Medullary reticular nucleus, dorsal part",right
109,1703,2614,1314,532,543,Gracile nucleus,right
109,1854,2448,1297,568,507,"Medullary reticular nucleus, dorsal part",right
109,1920,2298,1286,589,475,"Medullary reticular nucleus, dorsal part",right
109,2285,3124,1283,685,663,"Medullary reticular nucleus, ventral part",left
111,1652,2661,1316,520,552,Gracile nucleus,right
112,1706,2584,1311,531,536,Gracile nucleus,right
112,1789,2627,1306,550,546,Nucleus of the solitary tract,right
112,1827,2434,1297,561,503,"Medullary reticular nucleus, dorsal part",right
112,1749,2594,1308,541,539,Nucleus of the solitary tract,right
110,1827,2142,1287,567,437,"Spinal nucleus of the trigeminal, caudal part",right
110,1670,2669,1316,524,555,Gracile nucleus,right
115,1679,2575,1311,526,533,Gracile nucleus,right
115,1660,2482,1310,522,511,Cuneate nucleus,right
115,1669,2577,1312,524,533,Gracile nucleus,right
115,1774,2376,1297,549,489,Medulla,right
115,1776,2348,1296,549,484,Medulla,right
115,1809,2674,1303,554,558,Nucleus of the solitary tract,right
115,2143,2711,1286,644,569,Medulla,right
115,1683,2646,1312,527,549,Gracile nucleus,right
115,1701,2601,1310,530,539,Gracile nucleus,right
115,1701,2631,1311,530,546,Gracile nucleus,right
115,1718,2601,1309,534,539,Gracile nucleus,right
115,1768,2688,1306,545,561,Nucleus of the solitary tract,right
115,1780,2742,1306,547,573,Nucleus of the solitary tract,left
115,1635,2639,1315,517,548,Gracile nucleus,right
113,1693,2608,1313,529,541,Gracile nucleus,right
113,1767,2638,1308,544,549,Nucleus of the solitary tract,right
113,1673,2437,1309,525,501,cuneate fascicle,right
113,1820,2399,1296,560,495,"Medullary reticular nucleus, dorsal part",right
114,1696,2584,1311,529,536,Gracile nucleus,right
114,1735,2617,1309,538,543,Gracile nucleus,right
114,1758,2645,1307,543,550,Nucleus of the solitary tract,right
114,1809,2309,1292,559,475,"Medullary reticular nucleus, dorsal part",right
114,1814,2373,1295,559,490,"Medullary reticular nucleus, dorsal part",right
114,1694,2619,1312,529,544,Gracile nucleus,right
114,1795,2355,1295,554,485,"Medullary reticular nucleus, dorsal part",right
116,1700,2463,1307,530,509,Cuneate nucleus,right
116,1775,2406,1298,548,496,Cuneate nucleus,right
116,1722,2664,1310,534,555,Gracile nucleus,right
116,1755,2610,1306,542,542,Nucleus of the solitary tract,right
116,1672,2648,1313,524,550,Gracile nucleus,right
119,1725,2564,1306,535,532,Cuneate nucleus,right
119,1771,2617,1304,545,544,Nucleus of the solitary tract,right
119,1685,2571,1309,527,532,Gracile nucleus,right
119,1665,2679,1313,523,557,Gracile nucleus,right
117,1642,2657,1315,518,551,Gracile nucleus,right
117,1805,2426,1297,555,501,Medulla,right
117,1666,2686,1314,523,559,Gracile nucleus,right
117,1938,2268,1281,593,469,"Medullary reticular nucleus, dorsal part",right
117,1668,2747,1315,523,573,root,left
117,1729,2345,1299,538,482,Cuneate nucleus,right
117,1741,2623,1308,539,546,Gracile nucleus,right
117,1823,2387,1294,561,492,"Medullary reticular nucleus, dorsal part",right
117,1855,2304,1287,570,475,"Medullary reticular nucleus, dorsal part",right
122,1718,2617,1307,534,543,Gracile nucleus,right
122,1800,2355,1292,555,485,"Medullary reticular nucleus, dorsal part",right
122,2387,2812,1284,714,594,crossed tectospinal pathway,left
122,1643,2839,1314,517,595,Gracile nucleus,left
122,1645,2647,1312,519,549,Gracile nucleus,right
122,1667,2670,1312,523,555,Gracile nucleus,right
122,1759,2362,1295,545,486,Medulla,right
118,1718,2637,1309,534,548,Gracile nucleus,right
118,1733,2527,1305,538,523,Cuneate nucleus,right
118,1808,2278,1289,559,468,"Medullary reticular nucleus, dorsal part",right
118,2002,2674,1289,602,560,Hypoglossal nucleus,right
121,1709,2626,1309,532,545,Gracile nucleus,right
121,1719,2641,1308,534,549,Gracile nucleus,right
121,1650,2619,1312,520,543,Gracile nucleus,right
121,1727,2610,1307,535,542,Gracile nucleus,right
121,1764,2334,1294,547,480,Medulla,right
121,1645,2606,1312,519,540,Gracile nucleus,right
123,1761,2641,1304,542,549,Nucleus of the solitary tract,right
123,1719,2554,1305,534,529,Cuneate nucleus,right
123,1860,2340,1286,570,483,"Medullary reticular nucleus, dorsal part",right
123,1663,2537,1308,522,524,Cuneate nucleus,right
123,1733,2507,1302,537,518,Cuneate nucleus,right
123,1773,2353,1293,548,485,Medulla,right
123,1806,2492,1296,554,516,Nucleus of the solitary tract,right
123,1659,2684,1311,522,559,Gracile nucleus,right
123,1713,2631,1307,533,547,Gracile nucleus,right
120,1828,3003,1297,555,636,Medulla,left
120,1608,2579,1314,512,533,Gracile nucleus,right
120,1707,2595,1308,531,538,Gracile nucleus,right
124,1693,2625,1308,529,545,Gracile nucleus,right
124,1997,2799,1286,600,589,Hypoglossal nucleus,left
124,1647,2683,1312,519,558,Gracile nucleus,right
124,1724,2685,1307,535,560,Gracile nucleus,right
124,1819,2548,1297,557,530,Nucleus of the solitary tract,right
126,1629,2658,1312,516,552,Gracile nucleus,right
126,1624,2629,1312,515,545,Gracile nucleus,right
126,1727,2615,1305,535,543,Gracile nucleus,right
125,1635,2594,1311,517,537,Gracile nucleus,right
125,1791,2430,1295,551,502,Medulla,right
125,1840,2361,1288,565,487,"Medullary reticular nucleus, dorsal part",right
125,1612,2606,1313,512,539,Gracile nucleus,right
125,1647,2595,1311,519,538,Gracile nucleus,right
128,1720,2436,1299,534,503,Cuneate nucleus,right
128,1813,2319,1287,559,478,"Medullary reticular nucleus, dorsal part",right
128,1681,2571,1306,525,532,Gracile nucleus,right
128,1664,2638,1309,523,548,Gracile nucleus,right
130,1731,2549,1302,536,529,Cuneate nucleus,right
130,1653,2621,1308,521,544,Gracile nucleus,right
130,1839,2349,1286,564,485,"Medullary reticular nucleus, dorsal part",right
130,1735,2698,1304,537,563,Nucleus of the solitary tract,right
130,2120,2910,1278,634,614,"Medullary reticular nucleus, ventral part",left
129,1683,2607,1307,526,541,Gracile nucleus,right
129,1753,2389,1295,543,493,Cuneate nucleus,right
129,1831,2325,1286,562,479,"Medullary reticular nucleus, dorsal part",right
131,1757,2487,1297,542,514,Cuneate nucleus,right
131,1774,2312,1288,549,475,Medulla,right
131,1698,2595,1304,529,539,Gracile nucleus,right
131,1712,2555,1302,531,530,Cuneate nucleus,right
131,1747,2625,1301,539,546,Nucleus of the solitary tract,right
132,1764,2384,1292,545,492,Medulla,right
132,1594,2518,1308,509,520,Gracile nucleus,right
132,1662,2348,1299,521,483,Cuneate nucleus,right
132,1755,2318,1290,544,477,Medulla,right
132,1799,2455,1293,553,508,Medulla,right
132,1662,2683,1308,521,559,Gracile nucleus,right
134,1711,2539,1301,531,526,Cuneate nucleus,right
134,1795,2296,1285,554,472,"Medullary reticular nucleus, dorsal part",right
134,1621,2616,1308,514,542,Gracile nucleus,right
134,1738,2878,1302,535,606,Cuneate nucleus,left
133,1634,2665,1309,517,554,Gracile nucleus,right
133,1714,2595,1303,532,539,Gracile nucleus,right
133,1605,2621,1310,511,543,Gracile nucleus,right
133,1612,2625,1310,512,544,Gracile nucleus,right
133,1703,2525,1302,530,523,Cuneate nucleus,right
133,1966,2243,1274,598,464,"Medullary reticular nucleus, dorsal part",right
133,2327,3060,1276,691,649,"Medullary reticular nucleus, ventral part",left
135,1656,2552,1304,520,528,Gracile nucleus,right
135,1597,2607,1308,509,539,Gracile nucleus,right
135,1880,2306,1279,575,476,"Medullary reticular nucleus, dorsal part",right
135,1602,2595,1308,510,537,Gracile nucleus,right
137,1708,2629,1302,531,547,Gracile nucleus,right
137,1768,2466,1294,545,510,Medulla,right
137,1651,2658,1307,520,553,Gracile nucleus,right
137,1738,2495,1297,538,517,Cuneate nucleus,right
137,1778,2380,1290,549,492,Medulla,right
137,1718,2618,1302,533,545,Gracile nucleus,right
137,1660,2665,1306,521,554,Gracile nucleus,right
137,1814,2353,1286,558,486,"Medullary reticular nucleus, dorsal part",right
137,1820,2283,1282,560,471,"Medullary reticular nucleus, dorsal part",right
138,1715,2525,1299,532,523,Cuneate nucleus,right
138,1702,2601,1302,529,540,Gracile nucleus,right
138,1586,2581,1307,507,534,Gracile nucleus,right
138,1814,2380,1286,557,492,"Medullary reticular nucleus, dorsal part",right
138,1652,2706,1307,519,563,Gracile nucleus,right
138,1681,2592,1303,525,537,Gracile nucleus,right
138,1730,2613,1300,535,544,Nucleus of the solitary tract,right
138,1598,2584,1307,510,535,Gracile nucleus,right
138,2178,3172,1271,650,673,Intermediate reticular nucleus,left
138,1867,2389,1283,569,495,"Medullary reticular nucleus, dorsal part",right
136,1721,2539,1300,533,527,Cuneate nucleus,right
136,1625,2662,1308,515,553,Gracile nucleus,right
136,1994,2230,1271,606,462,"Medullary reticular nucleus, dorsal part",right
142,1696,2488,1298,528,515,Cuneate nucleus,right
142,1736,2361,1290,538,487,Cuneate nucleus,right
142,1732,2322,1289,537,478,Cuneate nucleus,right
142,1604,2625,1306,511,544,Gracile nucleus,right
142,1606,2651,1307,511,550,Gracile nucleus,right
142,1617,2657,1306,513,551,Gracile nucleus,right
142,2167,3211,1270,644,682,Intermediate reticular nucleus,left
139,1689,2598,1302,527,540,Gracile nucleus,right
139,1715,2601,1300,532,540,Gracile nucleus,right
139,1805,2359,1286,555,488,"Medullary reticular nucleus, dorsal part",right
139,1708,2529,1299,531,524,Cuneate nucleus,right
143,1668,2635,1302,523,548,Gracile nucleus,right
143,1667,2651,1303,522,551,Gracile nucleus,right
140,1712,2546,1299,531,528,Cuneate nucleus,right
140,2224,2430,1276,667,509,"Medullary reticular nucleus, ventral part",right
140,1610,2593,1306,512,537,Gracile nucleus,right
140,1634,2771,1307,516,579,Gracile nucleus,left
141,1710,2559,1299,531,531,Cuneate nucleus,right
141,2109,3196,1270,631,679,Intermediate reticular nucleus,left
141,1638,2693,1306,518,561,Gracile nucleus,right
141,2181,2104,1269,651,438,"Medullary reticular nucleus, dorsal part",right
141,1800,2450,1290,552,508,Nucleus of the solitary tract,right
141,2144,3238,1270,639,689,"Medullary reticular nucleus, dorsal part",left
141,2151,3233,1270,641,688,"Medullary reticular nucleus, dorsal part",left
141,2221,2074,1270,660,432,"Medullary reticular nucleus, dorsal part",right
146,1791,2284,1282,552,471,"Medullary reticular nucleus, dorsal part",right
146,1695,2609,1299,528,542,Gracile nucleus,right
146,1636,2919,1304,512,614,Gracile nucleus,left
146,1626,2587,1303,514,536,Gracile nucleus,right
146,1689,2654,1300,527,553,Gracile nucleus,right
146,1652,2652,1303,519,551,Gracile nucleus,right
144,1655,2578,1302,520,535,Gracile nucleus,right
145,1627,2566,1303,514,531,Gracile nucleus,right
147,1722,2296,1287,535,472,Cuneate nucleus,right
147,2064,3301,1269,618,702,"Medullary reticular nucleus, dorsal part",left
147,1667,2643,1301,522,550,Gracile nucleus,right
147,1691,2636,1299,527,548,Gracile nucleus,right
147,1699,2649,1299,529,552,Gracile nucleus,right
147,1752,2617,1295,539,544,Nucleus of the solitary tract,right
147,1613,2655,1304,513,551,Gracile nucleus,right
147,1752,2458,1291,540,510,Medulla,right
147,2033,3322,1270,610,707,"Medullary reticular nucleus, dorsal part",left
147,2052,3307,1269,614,704,"Medullary reticular nucleus, dorsal part",left
148,1660,2551,1299,521,528,Cuneate nucleus,right
148,1724,2587,1296,534,537,Nucleus of the solitary tract,right
148,1569,2574,1304,504,532,Gracile nucleus,right
148,1687,2616,1299,526,543,Gracile nucleus,right
148,1688,2644,1299,527,550,Gracile nucleus,right
148,2398,3066,1271,707,651,Medulla,left
148,2470,2909,1270,730,618,Medulla,left
149,2352,3298,1275,685,704,Intermediate reticular nucleus,left
149,1570,2503,1302,504,517,Gracile nucleus,right
149,1684,2522,1297,526,522,Cuneate nucleus,right
149,1769,2369,1286,546,490,Medulla,right
149,1779,3113,1289,541,661,Medulla,left
149,1800,2251,1279,555,463,"Medullary reticular nucleus, dorsal part",right
149,2491,2940,1269,735,624,Medulla,left
149,1653,2358,1294,519,486,Cuneate nucleus,right
149,1682,2504,1297,525,519,Cuneate nucleus,right
150,1690,2694,1300,527,562,Medulla,right
150,1686,2592,1298,526,538,Gracile nucleus,right
150,1774,2310,1282,548,477,Medulla,right
150,1811,2266,1278,557,467,"Medullary reticular nucleus, dorsal part",right
150,1938,2230,1269,590,462,"Medullary reticular nucleus, dorsal part",right
150,1961,2185,1267,596,452,"Medullary reticular nucleus, dorsal part",right
152,1717,2572,1295,532,534,Nucleus of the solitary tract,right
152,1792,2364,1283,551,489,Medulla,right
151,1572,2587,1302,504,535,Gracile nucleus,right
151,1591,2636,1303,508,547,Gracile nucleus,right
153,1680,2400,1292,524,496,Cuneate nucleus,right
153,1721,2622,1296,533,545,Nucleus of the solitary tract,right
153,1821,2376,1281,558,492,"Medullary reticular nucleus, dorsal part",right
153,1589,2633,1303,508,547,Gracile nucleus,right
153,1673,2645,1299,524,550,Gracile nucleus,right
153,1681,2519,1296,525,522,Cuneate nucleus,right
153,1683,2601,1297,526,540,Gracile nucleus,right
153,1696,2657,1298,528,553,Gracile nucleus,right
153,1808,2264,1277,557,467,"Medullary reticular nucleus, dorsal part",right
153,2542,3030,1265,745,644,Medulla,left
153,1558,2475,1300,502,510,Cuneate nucleus,right
153,1579,2612,1303,506,541,Gracile nucleus,right
153,1609,2637,1302,512,547,Gracile nucleus,right
154,1748,2422,1287,540,501,Cuneate nucleus,right
154,1775,2319,1281,548,479,Medulla,right
154,1677,2578,1297,524,536,Gracile nucleus,right
154,1682,2589,1297,525,538,Gracile nucleus,right
154,1710,2644,1296,531,551,Gracile nucleus,right
154,1770,2310,1281,547,477,Medulla,right
154,1582,2623,1302,506,544,Gracile nucleus,right
154,1721,2337,1286,534,482,Cuneate nucleus,right
154,1799,3065,1287,545,650,Medulla,left
155,1645,2540,1297,518,526,Gracile nucleus,right
155,1781,2339,1281,548,484,Medulla,right
155,2516,3149,1266,732,670,Medulla,left
155,1833,2272,1275,563,469,"Medullary reticular nucleus, dorsal part",right
156,1702,2552,1294,529,529,Nucleus of the solitary tract,right
156,1630,2582,1298,515,535,Gracile nucleus,right
156,1640,2633,1299,517,547,Gracile nucleus,right
156,1649,2570,1297,519,533,Gracile nucleus,right
156,1705,2814,1297,528,590,Gracile nucleus,left
156,1765,2339,1282,545,484,Medulla,right
156,1764,2930,1292,538,618,Nucleus of the solitary tract,left
156,2053,1755,1262,620,369,"Spinal nucleus of the trigeminal, caudal part",right
156,2326,1802,1262,682,376,Medulla,right
157,1613,2560,1299,512,530,Gracile nucleus,right
157,1759,2918,1292,537,616,Nucleus of the solitary tract,left
157,2184,2907,1269,649,613,"Medullary reticular nucleus, ventral part",left
160,1718,2386,1286,533,493,Cuneate nucleus,right
158,1697,2590,1294,528,538,Gracile nucleus,right
158,1570,2586,1300,504,535,Gracile nucleus,right
158,2183,1850,1260,649,389,"Spinal nucleus of the trigeminal, caudal part",right
158,2229,2963,1268,661,627,"Medullary reticular nucleus, ventral part",left
161,1667,2603,1296,522,541,Gracile nucleus,right
161,1689,2642,1295,527,550,Gracile nucleus,right
161,1728,2397,1285,536,496,Cuneate nucleus,right
161,1914,2181,1266,584,451,"Medullary reticular nucleus, dorsal part",right
161,2211,2061,1261,655,429,"Medullary reticular nucleus, dorsal part",right
161,1958,2222,1265,594,461,"Medullary reticular nucleus, dorsal part",right
164,1819,2348,1276,558,487,"Medullary reticular nucleus, dorsal part",right
164,1860,2317,1272,568,480,"Medullary reticular nucleus, dorsal part",right
164,1563,2585,1298,503,535,Gracile nucleus,right
164,1751,2311,1280,541,477,Medulla,right
164,2110,1816,1257,632,382,"Spinal nucleus of the trigeminal, caudal part",right
162,1645,2576,1295,518,534,Gracile nucleus,right
162,1680,2598,1294,524,540,Gracile nucleus,right
163,1656,2542,1293,519,527,Gracile nucleus,right
163,1695,2547,1291,527,528,Nucleus of the solitary tract,right
163,1706,2567,1291,529,533,Nucleus of the solitary tract,right
163,1880,2213,1268,575,458,"Medullary reticular nucleus, dorsal part",right
163,1772,2291,1278,546,473,Medulla,right
163,1572,2610,1298,504,541,Gracile nucleus,right
163,2248,2672,1270,667,562,crossed tectospinal pathway,right
167,1568,2602,1297,504,539,Gracile nucleus,right
167,1684,2485,1288,525,515,Cuneate nucleus,right
167,1746,2383,1281,539,494,Cuneate nucleus,right
165,2545,3275,1265,734,699,"Lateral reticular nucleus, magnocellular part",left
165,1757,2257,1278,543,465,Medulla,right
165,1945,2210,1264,590,458,"Medullary reticular nucleus, dorsal part",right
165,1704,2278,1282,531,470,Cuneate nucleus,right
165,1718,2393,1285,533,496,Cuneate nucleus,right
165,2004,2156,1260,605,448,"Medullary reticular nucleus, dorsal part",right
165,2553,3016,1259,746,641,Medulla,left
170,2149,2738,1267,636,577,Medulla,left
170,1760,2262,1276,544,466,Medulla,right
170,1785,3088,1282,541,655,Medulla,left
170,1817,2350,1275,556,488,"Medullary reticular nucleus, dorsal part",right
170,1747,2983,1287,533,630,Cuneate nucleus,left
170,2224,2777,1267,657,586,Medulla,left
170,2280,2927,1265,672,619,Medulla,left
166,1562,2574,1297,502,533,Gracile nucleus,right
166,1587,2638,1298,507,548,Gracile nucleus,right
166,2558,3178,1261,741,677,Medulla,left
171,1675,2498,1288,523,519,Cuneate nucleus,right
171,1642,2556,1291,516,530,Gracile nucleus,right
171,1645,2545,1291,517,528,Gracile nucleus,right
171,1717,2292,1279,533,473,Cuneate nucleus,right
171,2332,2740,1266,688,579,Inferior olivary complex,left
171,2373,2780,1265,700,589,Inferior olivary complex,left
171,1554,2550,1294,501,527,Gracile nucleus,right
171,1645,2418,1287,516,501,Cuneate nucleus,right
171,2049,2136,1256,616,445,"Medullary reticular nucleus, dorsal part",right
171,2180,2899,1264,644,612,"Medullary reticular nucleus, ventral part",left
168,2125,2123,1257,635,443,"Medullary reticular nucleus, dorsal part",right
169,1590,2590,1296,508,537,Gracile nucleus,right
169,1597,2602,1296,508,539,Gracile nucleus,right
169,1625,2627,1295,514,545,Gracile nucleus,right
169,1718,2888,1291,529,608,Nucleus of the solitary tract,left
169,2575,3261,1261,742,695,Medulla,left
169,2301,2793,1267,679,591,crossed tectospinal pathway,left
172,1693,2521,1287,527,523,Nucleus of the solitary tract,right
172,1750,2247,1275,542,463,Medulla,right
172,1711,2428,1284,530,504,Cuneate nucleus,right
172,1842,2297,1270,563,476,"Medullary reticular nucleus, dorsal part",right
172,2066,2581,1267,615,542,"Medullary reticular nucleus, ventral part",right
172,2278,2925,1264,671,619,Medulla,left
173,1647,2563,1291,517,532,Gracile nucleus,right
173,1562,2586,1295,502,535,Gracile nucleus,right
173,1902,2174,1263,579,450,"Medullary reticular nucleus, dorsal part",right
173,2179,2903,1264,644,613,"Medullary reticular nucleus, ventral part",left
173,2380,2799,1265,701,593,Medulla,left
174,1737,2382,1280,536,494,Cuneate nucleus,right
174,1834,2283,1270,562,474,"Medullary reticular nucleus, dorsal part",right
174,2362,2786,1265,695,590,Inferior olivary complex,left
177,1843,2272,1268,564,470,"Medullary reticular nucleus, dorsal part",right
177,1597,2393,1287,506,495,Cuneate nucleus,right
177,1866,2231,1265,570,462,"Medullary reticular nucleus, dorsal part",right
177,2165,2792,1264,639,589,Medulla,left
177,2239,2022,1254,659,422,"Medullary reticular nucleus, dorsal part",right
177,2578,3235,1258,742,689,Medulla,left
177,1687,2591,1288,525,539,Nucleus of the solitary tract,right
177,2105,2811,1265,623,593,"Medullary reticular nucleus, ventral part",left
177,2109,2120,1254,630,442,"Medullary reticular nucleus, dorsal part",right
177,2372,2269,1261,692,476,"Medullary reticular nucleus, ventral part",right
177,2381,2745,1264,701,581,Inferior olivary complex,left
175,2072,2171,1255,620,453,"Medullary reticular nucleus, dorsal part",right
175,2279,3158,1262,667,670,"Medullary reticular nucleus, ventral part",left
175,2068,2213,1256,620,462,Intermediate reticular nucleus,right
176,1801,3051,1280,545,646,Medulla,left
176,2070,2814,1265,614,593,"Medullary reticular nucleus, ventral part",left
178,1663,2614,1289,521,544,Gracile nucleus,right
178,2265,3168,1261,663,672,"Medullary reticular nucleus, ventral part",left
178,2355,2344,1261,690,492,"Medullary reticular nucleus, ventral part",right
179,1763,2348,1275,543,488,Medulla,right
179,2356,2785,1262,692,590,Inferior olivary complex,left
179,2502,2677,1257,731,565,Nucleus raphe pallidus,right
179,1731,2298,1276,536,476,Cuneate nucleus,right
179,2343,3114,1261,683,661,"Medullary reticular nucleus, ventral part",left
179,1746,2992,1284,532,631,Cuneate nucleus,left
179,1887,3026,1272,566,640,"Medullary reticular nucleus, dorsal part",left
179,1890,2230,1263,576,463,"Medullary reticular nucleus, dorsal part",right
179,1710,2903,1287,527,612,Nucleus of the solitary tract,left
182,2345,2729,1262,690,577,Inferior olivary complex,left
182,2360,2754,1262,693,583,Inferior olivary complex,left
182,1786,2368,1273,548,492,Medulla,right
182,2347,2793,1262,688,592,Medulla,left
182,2123,2866,1262,628,604,"Medullary reticular nucleus, ventral part",left
182,1744,2277,1273,540,471,Medulla,right
182,1784,2262,1270,550,468,"Medullary reticular nucleus, dorsal part",right
182,2032,2126,1253,610,443,"Medullary reticular nucleus, dorsal part",right
182,1680,2866,1289,521,602,Gracile nucleus,left
182,1709,2982,1285,525,629,Cuneate nucleus,left
182,2255,2055,1252,662,430,"Medullary reticular nucleus, dorsal part",right
180,2367,2795,1262,694,592,Inferior olivary complex,left
180,1583,2555,1291,506,529,Gracile nucleus,right
180,1595,2539,1290,507,526,Gracile nucleus,right
180,1638,2370,1283,515,490,Cuneate nucleus,right
180,1891,2184,1261,576,453,"Medullary reticular nucleus, dorsal part",right
180,2329,2739,1263,686,579,Inferior olivary complex,left
180,2424,3238,1263,699,690,"Lateral reticular nucleus, magnocellular part",left
181,1689,2529,1285,525,526,Nucleus of the solitary tract,right
181,1707,2992,1286,524,631,Cuneate nucleus,left
183,2344,2744,1261,689,581,Inferior olivary complex,left
183,1738,2242,1272,539,463,Medulla,right
183,1772,2174,1269,548,449,"Medullary reticular nucleus, dorsal part",right
183,2030,2110,1252,609,440,"Medullary reticular nucleus, dorsal part",right
184,1750,2350,1274,540,488,Medulla,right
185,2330,2763,1261,684,585,Inferior olivary complex,left
185,1658,2574,1286,519,535,Gracile nucleus,right
185,1663,2546,1285,520,529,Nucleus of the solitary tract,right
185,1569,2566,1290,503,531,Gracile nucleus,right
185,1882,2277,1263,572,473,"Medullary reticular nucleus, dorsal part",right
187,2320,2714,1260,681,574,Inferior olivary complex,left
187,2358,2766,1259,691,586,Inferior olivary complex,left
187,1809,2301,1267,555,478,"Medullary reticular nucleus, dorsal part",right
187,2378,2744,1259,697,581,Inferior olivary complex,left
187,2573,3184,1252,738,678,Medulla,left
187,1655,2579,1285,518,536,Gracile nucleus,right
187,2185,2714,1260,643,573,Medulla,left
187,1679,2900,1286,520,610,Nucleus of the solitary tract,left
188,1698,2439,1279,527,507,Cuneate nucleus,right
188,2104,2875,1260,622,606,"Medullary reticular nucleus, ventral part",left
188,2080,2876,1260,616,606,"Medullary reticular nucleus, ventral part",left
188,1764,2403,1274,542,500,Nucleus of the solitary tract,right
188,2587,3232,1253,740,688,Medulla,left
188,1552,2345,1283,497,483,Cuneate nucleus,right
188,1605,2287,1280,507,471,Cuneate nucleus,right
186,1769,2290,1271,545,475,Medulla,right
186,1975,3433,1264,592,729,"Spinal nucleus of the trigeminal, caudal part",left
186,2503,2216,1253,721,465,"Lateral reticular nucleus, magnocellular part",right
186,2563,3297,1256,734,703,"Lateral reticular nucleus, magnocellular part",left
186,1689,2962,1285,521,624,Cuneate nucleus,left
189,2353,2741,1260,691,580,Inferior olivary complex,left
189,1752,3172,1278,533,672,Medulla,left
189,1755,2394,1274,540,498,Nucleus of the solitary tract,right
189,2117,2864,1260,625,604,"Medullary reticular nucleus, ventral part",left
189,1735,2203,1271,538,455,Medulla,right
189,1827,2315,1267,558,481,"Medullary reticular nucleus, dorsal part",right
189,1839,2243,1264,563,466,"Medullary reticular nucleus, dorsal part",right
189,1948,2182,1255,590,454,"Medullary reticular nucleus, dorsal part",right
189,2441,3442,1264,702,736,"Lateral reticular nucleus, magnocellular part",left
190,1622,2530,1285,511,525,Gracile nucleus,right
193,2372,2750,1258,693,582,Inferior olivary complex,left
193,2072,2884,1259,613,608,"Medullary reticular nucleus, ventral part",left
193,1829,2334,1266,559,486,"Medullary reticular nucleus, dorsal part",right
193,1622,2569,1285,511,534,Gracile nucleus,right
193,1684,2964,1283,520,625,Cuneate nucleus,left
193,2289,3177,1258,666,673,"Medullary reticular nucleus, ventral part",left
193,1730,2998,1280,529,633,Cuneate nucleus,left
193,1757,3170,1276,534,672,Medulla,left
193,2476,2689,1253,721,569,Nucleus raphe pallidus,right
191,1665,2544,1282,520,529,Nucleus of the solitary tract,right
191,1961,2160,1253,592,450,"Medullary reticular nucleus, dorsal part",right
192,2379,2759,1257,696,585,Inferior olivary complex,left
192,2104,2869,1258,622,605,"Medullary reticular nucleus, ventral part",left
194,1705,2291,1272,529,475,Cuneate nucleus,right
194,1689,2435,1277,525,506,Cuneate nucleus,right
194,1874,2217,1259,571,460,"Medullary reticular nucleus, dorsal part",right
194,2275,2776,1257,667,587,crossed tectospinal pathway,left
194,2358,2965,1255,686,629,Medulla,left
194,2396,3166,1257,690,672,"Medullary reticular nucleus, ventral part",left
194,2346,2747,1257,686,581,Inferior olivary complex,left
195,2124,2722,1258,626,574,Medulla,left
195,1929,2195,1254,584,457,"Medullary reticular nucleus, dorsal part",right
195,2578,3221,1250,737,686,Medulla,left
195,1660,2555,1282,518,531,Nucleus of the solitary tract,right
195,2321,2719,1257,679,575,Inferior olivary complex,left
197,2365,2780,1256,690,589,Inferior olivary complex,left
197,2466,2690,1252,717,569,Nucleus raphe pallidus,right
197,1714,2249,1270,532,466,Medulla,right
197,1774,2338,1268,545,487,Medulla,right
197,1885,2023,1255,576,421,"Medullary reticular nucleus, dorsal part",right
197,1670,2969,1282,517,626,Cuneate nucleus,left
197,2008,2089,1248,604,436,"Medullary reticular nucleus, dorsal part",right
197,2367,2745,1256,691,581,Inferior olivary complex,left
197,2369,3122,1256,685,662,"Medullary reticular nucleus, ventral part",left
196,2359,2767,1256,689,586,Inferior olivary complex,left
196,1608,2605,1285,509,541,Gracile nucleus,right
196,1848,2223,1260,565,462,"Medullary reticular nucleus, dorsal part",right
196,2073,3300,1256,614,699,"Medullary reticular nucleus, dorsal part",left
199,1733,2304,1269,536,479,Cuneate nucleus,right
199,1609,2238,1275,507,462,Cuneate nucleus,right
198,1884,2226,1257,573,463,"Medullary reticular nucleus, dorsal part",right
198,1723,2255,1269,534,467,Medulla,right
198,2362,2722,1256,690,576,Inferior olivary complex,left
201,1789,3079,1272,542,651,Medulla,left
201,1737,2276,1268,536,472,Medulla,right
201,2111,1909,1242,627,402,"Medullary reticular nucleus, dorsal part",right
201,2265,1919,1242,662,404,"Medullary reticular nucleus, dorsal part",right
201,2075,3133,1254,613,662,Intermediate reticular nucleus,left
201,2315,3368,1259,669,717,"Medullary reticular nucleus, dorsal part",left
205,2341,2725,1253,683,577,Inferior olivary complex,left
205,1732,2219,1266,535,460,Medulla,right
200,1670,2504,1278,520,521,Nucleus of the solitary tract,right
200,2174,2026,1243,642,424,"Medullary reticular nucleus, dorsal part",right
200,2355,2752,1255,687,583,Inferior olivary complex,left
202,1684,2466,1275,523,513,Nucleus of the solitary tract,right
202,1764,3047,1274,536,643,Cuneate nucleus,left
203,1993,2890,1258,593,609,"Medullary reticular nucleus, ventral part",left
203,2174,3064,1252,638,647,"Medullary reticular nucleus, ventral part",left
203,2201,2694,1254,645,569,Nucleus raphe obscurus,right
203,1725,2248,1267,534,467,Medulla,right
203,2271,1844,1239,663,390,Parvicellular reticular nucleus,right
203,2155,1893,1240,637,400,Parvicellular reticular nucleus,right
204,2332,2756,1253,680,583,Inferior olivary complex,left
204,1735,3011,1275,529,635,Nucleus of the solitary tract,left
204,1752,2235,1265,540,464,Medulla,right
204,1758,2323,1266,541,484,Medulla,right
204,1962,1924,1247,593,404,"Spinal nucleus of the trigeminal, caudal part",right
207,2362,2724,1251,687,577,Inferior olivary complex,left
207,2380,2702,1251,693,571,Medulla,left
207,1807,2242,1260,553,466,"Medullary reticular nucleus, dorsal part",right
207,1961,3366,1258,585,713,"Medullary reticular nucleus, dorsal part",left
207,2359,3482,1258,682,742,"Medullary reticular nucleus, dorsal part",left
209,2075,3207,1252,612,677,"Medullary reticular nucleus, dorsal part",left
209,1748,2261,1264,539,470,Medulla,right
209,1707,2402,1270,527,500,Cuneate nucleus,right
209,1888,2224,1254,573,464,"Medullary reticular nucleus, dorsal part",right
209,2327,2757,1252,677,583,Inferior olivary complex,left
209,2374,3047,1250,685,646,"Medullary reticular nucleus, ventral part",left
209,2041,3492,1257,605,739,"Spinal nucleus of the trigeminal, caudal part",left
206,1746,2276,1265,538,473,Medulla,right
206,1759,2235,1264,543,464,"Medullary reticular nucleus, dorsal part",right
208,1816,2216,1259,556,460,"Medullary reticular nucleus, dorsal part",right
210,2350,2746,1250,684,582,Inferior olivary complex,left
210,2372,3024,1249,684,642,"Medullary reticular nucleus, ventral part",left
210,1607,2316,1273,505,480,Cuneate nucleus,right
210,2198,2701,1252,644,570,Nucleus raphe obscurus,right
210,2382,3048,1249,686,647,"Medullary reticular nucleus, ventral part",left
210,2565,3168,1245,730,675,Medulla,left
210,2079,3224,1252,613,681,"Medullary reticular nucleus, dorsal part",left
211,1746,2252,1263,538,468,Medulla,right
211,2360,2699,1250,687,571,Medulla,left
216,2330,2717,1248,678,575,Inferior olivary complex,left
212,2225,2693,1251,650,569,Nucleus raphe obscurus,right
212,2270,2967,1249,660,627,"Medullary reticular nucleus, ventral part",left
212,2347,2974,1248,678,631,"Medullary reticular nucleus, ventral part",left
212,2241,1991,1237,655,418,Parvicellular reticular nucleus,right
212,2347,2730,1250,682,578,Inferior olivary complex,left
220,2348,2756,1246,681,584,Inferior olivary complex,left
220,1730,3040,1269,527,641,Cuneate nucleus,left
220,1786,3058,1266,540,646,Nucleus of the solitary tract,left
220,1971,2710,1255,585,571,Hypoglossal nucleus,left
220,2570,3322,1244,728,709,"Lateral reticular nucleus, magnocellular part",left
220,1749,3054,1268,532,645,Cuneate nucleus,left
220,2257,3580,1254,658,759,"Spinal nucleus of the trigeminal, caudal part",left
220,2545,2214,1235,724,466,Medulla,right
213,1608,2433,1274,507,506,Cuneate nucleus,right
213,1619,2529,1277,509,526,Gracile nucleus,right
213,1761,2146,1261,544,445,"Medullary reticular nucleus, dorsal part",right
217,2359,2712,1248,685,574,Inferior olivary complex,left
217,1683,2237,1265,523,464,Cuneate nucleus,right
217,1907,3171,1258,569,670,"Medullary reticular nucleus, dorsal part",left
217,2211,2698,1249,646,570,Nucleus raphe obscurus,right
217,1666,3206,1273,513,678,Cuneate nucleus,left
217,1703,2251,1264,528,468,Medulla,right
217,1787,3065,1267,540,647,Nucleus of the solitary tract,left
214,1750,2320,1263,538,483,Medulla,right
214,2260,2157,1240,660,454,Intermediate reticular nucleus,right
214,2275,3004,1248,661,635,"Medullary reticular nucleus, ventral part",left
214,2157,3349,1252,631,708,"Medullary reticular nucleus, dorsal part",left
214,2380,3221,1252,683,684,"Medullary reticular nucleus, ventral part",left
215,1786,2355,1261,546,492,Nucleus of the solitary tract,right
215,1924,3432,1259,577,726,"Spinal nucleus of the trigeminal, caudal part",left
215,2267,2153,1239,661,454,Intermediate reticular nucleus,right
222,1989,2873,1253,590,606,Nucleus of Roller,left
222,2322,2725,1246,673,577,Inferior olivary complex,left
222,2192,2693,1247,640,569,Nucleus raphe obscurus,right
222,1668,2976,1272,515,627,Nucleus of the solitary tract,left
222,2394,2820,1244,690,599,Medulla,left
222,1650,2936,1274,512,618,Nucleus of the solitary tract,left
218,1667,2984,1274,514,629,Cuneate nucleus,left
218,1679,2430,1269,521,507,Nucleus of the solitary tract,right
218,2182,3064,1247,638,646,"Medullary reticular nucleus, ventral part",left
219,2112,2721,1249,619,574,Medulla,left
219,2197,2703,1248,641,571,Nucleus raphe obscurus,left
219,1699,2255,1263,526,469,Cuneate nucleus,right
219,1728,2368,1264,532,495,Nucleus of the solitary tract,right
219,1777,3106,1266,537,656,Medulla,left
221,2224,3502,1253,649,742,"Spinal nucleus of the trigeminal, caudal part",left
221,2352,2703,1246,682,573,Inferior olivary complex,left
221,1723,2325,1263,532,485,Cuneate nucleus,right
221,2318,2734,1247,674,579,Inferior olivary complex,left
227,2343,2718,1243,679,576,Inferior olivary complex,left
227,2128,3304,1247,623,698,"Medullary reticular nucleus, dorsal part",left
227,2340,2882,1242,675,611,Medulla,left
227,1675,2997,1270,516,631,Nucleus of the solitary tract,left
227,1766,2240,1256,542,467,"Medullary reticular nucleus, dorsal part",right
227,1535,2154,1269,490,444,External cuneate nucleus,right
227,1665,2981,1270,514,627,Nucleus of the solitary tract,left
227,2473,2157,1233,707,455,"Lateral reticular nucleus, magnocellular part",right
223,1687,3019,1270,518,636,Cuneate nucleus,left
224,1801,2290,1256,550,478,"Medullary reticular nucleus, dorsal part",right
224,1658,2214,1264,516,460,Cuneate nucleus,right
224,2046,1894,1235,610,400,Parvicellular reticular nucleus,right
225,2551,2253,1234,724,475,Medulla,right
225,1582,2525,1274,501,524,Gracile nucleus,right
225,2232,2630,1245,651,555,Medulla,right
225,2470,3149,1244,703,670,"Lateral reticular nucleus, magnocellular part",left
225,2558,3196,1240,725,681,"Lateral reticular nucleus, magnocellular part",left
225,2263,2067,1233,660,435,Intermediate reticular nucleus,right
225,2325,3062,1245,670,648,"Medullary reticular nucleus, ventral part",left
225,2378,1804,1229,687,381,Medulla,right
225,2429,3083,1244,694,655,"Medullary reticular nucleus, ventral part",left
226,2361,2700,1244,683,572,Inferior olivary complex,left
226,1684,2195,1262,523,456,Medulla,right
226,2167,3389,1249,633,716,"Medullary reticular nucleus, dorsal part",left
228,1598,2134,1266,504,441,Medulla,right
228,1640,2396,1266,511,499,Cuneate nucleus,right
228,1777,2180,1255,546,454,"Medullary reticular nucleus, dorsal part",right
228,2201,2853,1244,641,603,"Medullary reticular nucleus, ventral part",left
228,2387,2970,1242,684,630,Medulla,left
228,1627,2378,1266,508,496,Cuneate nucleus,right
228,1701,2219,1260,526,462,Medulla,right
228,1906,2121,1244,577,443,"Medullary reticular nucleus, dorsal part",right
228,2116,2379,1240,623,502,"Medullary reticular nucleus, ventral part",right
228,1581,2477,1271,500,514,Gracile nucleus,right
229,1617,2382,1267,506,496,Cuneate nucleus,right
229,1737,2322,1259,533,485,Nucleus of the solitary tract,right
229,2487,2646,1238,712,560,Inferior olivary complex,right
229,1644,2376,1265,512,495,Cuneate nucleus,right
229,2226,2839,1243,647,600,Medulla,left
229,1700,3025,1268,521,638,Cuneate nucleus,left
229,1708,2261,1260,528,471,Medulla,right
229,1815,3125,1261,547,660,Medulla,left
230,2504,2688,1235,716,571,Nucleus raphe pallidus,left
230,2353,2704,1242,681,573,Inferior olivary complex,left
230,2558,3188,1238,723,680,"Lateral reticular nucleus, magnocellular part",left
230,2614,3359,1237,738,718,Medulla,left
230,1679,2137,1260,522,443,Medulla,right
230,2367,2704,1242,683,573,Inferior olivary complex,left
231,1673,3055,1267,515,644,Cuneate nucleus,left
233,2043,1692,1233,610,360,"Spinal nucleus of the trigeminal, interpolar part",right
233,1612,2141,1264,505,443,Medulla,right
233,1621,2379,1265,506,496,Cuneate nucleus,right
233,1669,3055,1268,513,644,Cuneate nucleus,left
233,1687,2134,1259,523,443,Medulla,right
233,2227,2835,1242,646,599,Medulla,left
233,1650,2375,1264,513,496,Cuneate nucleus,right
233,2311,3039,1242,666,643,"Medullary reticular nucleus, ventral part",left
233,2339,2385,1237,676,503,"Medullary reticular nucleus, ventral part",right
235,1708,2225,1257,528,464,Medulla,right
235,1739,2269,1256,535,474,Medulla,right
235,2369,2701,1239,683,572,Inferior olivary complex,left
236,2297,2701,1240,665,571,Inferior olivary complex,left
236,2251,2695,1240,653,570,Nucleus raphe obscurus,right
236,2343,2730,1240,677,579,Inferior olivary complex,left
234,2353,2716,1240,680,575,Inferior olivary complex,left
234,2358,2701,1240,681,572,Inferior olivary complex,left
234,1603,2127,1263,504,440,Medulla,right
234,1724,2319,1258,530,485,Nucleus of the solitary tract,right
239,2383,2712,1237,686,575,Inferior olivary complex,left
239,1760,3188,1260,533,674,Medulla,left
232,2498,2689,1235,714,571,Nucleus raphe pallidus,left
238,2141,2755,1241,624,582,Medulla,left
238,2338,2007,1226,675,424,Intermediate reticular nucleus,right
238,1652,2978,1267,510,627,Nucleus of the solitary tract,left
238,1677,2257,1259,518,471,Cuneate nucleus,right
237,1626,2929,1270,506,616,Nucleus of the solitary tract,left
237,1784,3192,1260,539,674,Medulla,left
237,1721,2207,1256,530,460,Medulla,right
237,1621,2339,1263,506,488,Cuneate nucleus,right
243,2381,2724,1235,684,578,Inferior olivary complex,left
243,1703,1802,1250,531,371,"Spinal nucleus of the trigeminal, interpolar part",right
243,1784,2392,1252,543,501,Nucleus of the solitary tract,right
243,1634,2455,1262,509,512,Nucleus of the solitary tract,right
243,1760,3178,1259,532,671,Medulla,left
243,1661,3038,1264,511,640,Cuneate nucleus,left
243,2046,3574,1248,603,754,"Spinal nucleus of the trigeminal, caudal part",left
241,1610,2310,1262,503,482,Cuneate nucleus,right
241,1723,2273,1255,530,476,Nucleus of the solitary tract,right
241,1533,1956,1263,496,400,spinal tract of the trigeminal nerve,right
241,1603,2323,1262,502,485,Cuneate nucleus,right
241,2124,2778,1241,620,587,Medulla,left
241,1665,3045,1265,512,641,Cuneate nucleus,left
241,2146,2736,1240,625,578,Medulla,left
241,2369,2708,1237,682,574,Inferior olivary complex,left
242,2260,2703,1238,654,572,Nucleus raphe obscurus,left
242,2350,3161,1240,673,669,"Medullary reticular nucleus, ventral part",left
242,1801,3042,1257,543,641,Nucleus of the solitary tract,left
242,1687,3179,1263,515,671,Cuneate nucleus,left
242,1753,3111,1260,531,656,Nucleus of the solitary tract,left
242,2388,3128,1239,681,663,"Lateral reticular nucleus, magnocellular part",left
242,2427,2966,1235,691,630,Medulla,left
240,1840,2202,1247,560,460,"Medullary reticular nucleus, dorsal part",right
244,1625,2338,1260,506,489,Cuneate nucleus,right
244,2265,2984,1237,654,630,"Medullary reticular nucleus, ventral part",left
249,2130,2749,1238,621,581,Medulla,left
249,2160,2708,1237,628,573,Medulla,left
249,2231,2705,1236,646,572,Nucleus raphe obscurus,left
249,2274,3255,1240,655,688,Intermediate reticular nucleus,left
249,1727,3110,1259,524,656,Cuneate nucleus,left
249,2127,3316,1241,620,699,"Medullary reticular nucleus, dorsal part",left
249,2273,3265,1240,655,690,Intermediate reticular nucleus,left
249,2294,2702,1235,662,572,Inferior olivary complex,left
249,2295,3412,1242,661,722,"Medullary reticular nucleus, dorsal part",left
249,2370,2892,1234,678,613,Medulla,left
245,2355,2978,1236,674,631,"Medullary reticular nucleus, ventral part",left
245,2243,2890,1237,649,611,"Medullary reticular nucleus, ventral part",left
245,2475,2692,1231,705,571,Nucleus raphe pallidus,left
245,1637,2436,1261,509,508,Nucleus of the solitary tract,right
245,1935,3432,1250,576,724,"Spinal nucleus of the trigeminal, caudal part",left
245,2278,2989,1237,658,631,"Medullary reticular nucleus, ventral part",left
245,1616,2963,1267,503,624,Medulla,left
246,1632,2442,1261,507,509,Nucleus of the solitary tract,right
246,2386,3002,1235,681,636,"Medullary reticular nucleus, ventral part",left
246,2463,3386,1239,700,721,"Lateral reticular nucleus, magnocellular part",left
247,1716,2252,1253,527,471,Medulla,right
247,2220,2407,1231,646,509,Gigantocellular reticular nucleus,right
250,1618,2445,1260,505,510,Nucleus of the solitary tract,right
250,2267,2492,1232,656,526,Gigantocellular reticular nucleus,right
250,1510,2245,1262,481,465,External cuneate nucleus,right
250,1577,2309,1260,495,482,Cuneate nucleus,right
250,2463,2268,1225,701,480,"Lateral reticular nucleus, magnocellular part",right
250,1743,3141,1257,528,662,Medulla,left
250,2384,2698,1233,684,573,Inferior olivary complex,left
250,2086,1894,1223,616,402,Parvicellular reticular nucleus,right
251,2501,2742,1226,708,583,Inferior olivary complex,left
251,1667,2947,1262,512,620,Nucleus of the solitary tract,left
251,1749,3135,1256,529,661,Nucleus of the solitary tract,left
251,2535,2254,1221,716,477,Medulla,right
251,1617,2969,1264,502,625,Medulla,left
251,2407,2689,1231,688,571,Inferior olivary complex,left
251,2454,2714,1229,699,577,Inferior olivary complex,left
251,2257,2058,1221,655,436,Intermediate reticular nucleus,right
251,2139,1983,1222,628,420,Parvicellular reticular nucleus,right
253,1579,2286,1258,495,477,Cuneate nucleus,right
253,1727,3261,1258,524,689,Medulla,left
253,2470,3181,1234,698,676,"Lateral reticular nucleus, magnocellular part",left
253,1812,3240,1254,545,684,"Medullary reticular nucleus, dorsal part",left
253,1544,2279,1260,488,474,Cuneate nucleus,right
253,2036,2090,1228,603,441,Parvicellular reticular nucleus,right
253,1644,2334,1256,510,489,Parasolitary nucleus,right
252,1593,2288,1258,499,478,Cuneate nucleus,right
252,2355,2855,1232,674,606,Medulla,left
252,2432,2712,1230,693,575,Inferior olivary complex,left
252,2466,2723,1228,701,579,Inferior olivary complex,left
252,1761,2182,1248,540,456,"Medullary reticular nucleus, dorsal part",right
252,2268,2876,1233,654,608,"Medullary reticular nucleus, ventral part",left
252,2363,2699,1232,679,572,Inferior olivary complex,left
252,1582,2308,1259,496,482,Cuneate nucleus,right
254,1557,2297,1259,490,478,Cuneate nucleus,right
254,1580,2265,1258,495,472,Cuneate nucleus,right
254,1628,2989,1262,505,629,Nucleus of the solitary tract,left
254,2063,2979,1237,606,627,"Medullary reticular nucleus, ventral part",left
254,2236,1814,1217,650,386,"Spinal nucleus of the trigeminal, interpolar part",right
254,2056,3381,1241,603,712,"Medullary reticular nucleus, dorsal part",left
254,2211,3546,1241,642,748,"Spinal nucleus of the trigeminal, caudal part",left
257,2195,2702,1233,636,571,Medulla,left
257,1782,3061,1253,537,645,Nucleus of the solitary tract,left
257,2624,3115,1221,733,664,Inferior olivary complex,left
257,2446,1804,1213,699,381,Medulla,right
257,2453,2411,1225,697,510,Medulla,right
257,2626,3105,1221,733,662,Inferior olivary complex,left
257,2646,3136,1220,738,669,Medulla,left
263,2304,2700,1228,662,572,Medulla,left
263,2383,2720,1227,681,577,Inferior olivary complex,left
263,2681,3179,1216,745,678,Medulla,left
255,1735,2178,1248,533,456,Medulla,right
255,1772,2399,1249,538,504,Nucleus of the solitary tract,right
255,2390,2699,1230,684,573,Inferior olivary complex,left
258,2227,3392,1238,644,715,Parvicellular reticular nucleus,left
258,1991,2024,1227,593,427,Parvicellular reticular nucleus,right
258,2221,3506,1239,644,740,Parvicellular reticular nucleus,left
258,1503,2271,1259,480,471,External cuneate nucleus,right
258,1605,2391,1256,501,500,Parasolitary nucleus,right
258,2560,2755,1219,719,588,Medulla,left
258,2140,3287,1237,623,692,Parvicellular reticular nucleus,left
259,1575,2287,1256,494,477,Cuneate nucleus,right
259,2335,3101,1232,667,655,"Lateral reticular nucleus, magnocellular part",left
259,2369,2713,1229,678,576,Inferior olivary complex,left
259,2547,2774,1219,715,592,Medulla,left
260,1642,3242,1259,503,683,Cuneate nucleus,left
260,2209,2699,1231,639,571,Nucleus raphe obscurus,left
260,2263,2974,1231,652,628,Gigantocellular reticular nucleus,left
260,2687,3104,1215,747,662,Medulla,left
260,1730,3142,1254,524,662,Parasolitary nucleus,left
260,2268,2703,1230,654,573,crossed tectospinal pathway,left
260,2407,2708,1228,686,575,Inferior olivary complex,left
260,1918,1956,1230,578,411,"Spinal nucleus of the trigeminal, interpolar part",right
261,2393,2722,1228,684,577,Inferior olivary complex,left
261,2269,2889,1230,653,611,Gigantocellular reticular nucleus,left
261,1677,3281,1258,512,692,Cuneate nucleus,left
261,2286,3118,1233,656,658,Intermediate reticular nucleus,left
261,1827,3413,1251,551,722,"Spinal nucleus of the trigeminal, caudal part",left
262,2229,2697,1230,644,570,Nucleus raphe obscurus,right
262,2278,2702,1229,656,572,Nucleus raphe obscurus,left
262,1525,2227,1257,483,463,External cuneate nucleus,right
262,1359,2276,1266,452,466,Uvula (IX),right
262,1722,3158,1254,521,666,Parasolitary nucleus,left
264,2473,2693,1223,701,573,Inferior olivary complex,left
265,1561,2191,1254,490,456,External cuneate nucleus,right
265,1766,3150,1251,532,664,Nucleus of the solitary tract,left
265,2399,2713,1226,684,576,Inferior olivary complex,left
265,1641,2244,1251,508,470,Cuneate nucleus,right
265,1647,3033,1257,506,638,Parasolitary nucleus,left
265,1744,3239,1253,528,684,Medulla,left
265,2539,3362,1228,715,716,"Lateral reticular nucleus, magnocellular part",left
265,2550,2749,1217,715,586,Medulla,left
265,1627,3024,1258,502,636,Parasolitary nucleus,left
265,2308,1774,1212,667,378,"Spinal nucleus of the trigeminal, interpolar part",right
265,2566,2741,1216,719,584,Medulla,left
265,2591,2805,1214,724,599,pyramid,left
265,2639,3158,1218,735,674,Inferior olivary complex,left
266,2569,2776,1215,719,592,Medulla,left
266,2188,3144,1232,634,662,Intermediate reticular nucleus,left
266,2220,2894,1229,641,611,Gigantocellular reticular nucleus,left
266,2334,2704,1227,669,573,Inferior olivary complex,left
266,2399,2735,1225,683,581,Inferior olivary complex,left
266,2295,3287,1233,658,694,Intermediate reticular nucleus,left
266,2593,2898,1214,724,620,Medulla,left
267,1845,2117,1235,559,444,"Spinal nucleus of the trigeminal, interpolar part",right
267,2118,2680,1230,616,566,medial longitudinal fascicle,right
267,2236,2805,1227,644,593,Gigantocellular reticular nucleus,left
267,2340,2912,1226,668,616,Gigantocellular reticular nucleus,left
267,2415,2697,1224,687,572,Inferior olivary complex,left
267,2543,2785,1216,713,594,Inferior olivary complex,left
267,2553,2755,1215,716,588,Medulla,left
267,2530,2741,1217,710,584,Inferior olivary complex,left
267,2255,1589,1216,659,335,Medulla,right
267,2388,2742,1225,681,582,Inferior olivary complex,left
267,2562,3271,1224,717,696,"Lateral reticular nucleus, magnocellular part",left
268,2490,2683,1220,703,571,Nucleus raphe pallidus,left
268,2652,3154,1215,737,673,Inferior olivary complex,left
268,2280,2887,1227,654,610,Gigantocellular reticular nucleus,left
268,2466,2754,1221,697,586,Inferior olivary complex,left
268,2504,2680,1219,706,570,Nucleus raphe pallidus,right
268,2526,2844,1218,708,607,Inferior olivary complex,left
268,2648,3213,1217,738,685,Medulla,left
268,2671,3122,1213,742,666,Medulla,left
268,2690,3138,1212,747,670,Medulla,left
268,1744,3182,1251,527,670,Medulla,left
272,2187,2700,1226,631,571,Medulla,left
272,2283,2683,1225,656,569,Nucleus raphe obscurus,right
272,1615,2204,1249,501,462,Cuneate nucleus,right
274,2320,2702,1223,664,572,Medulla,left
274,2301,2682,1223,660,568,Nucleus raphe obscurus,right
274,2163,3188,1230,627,671,Intermediate reticular nucleus,left
274,2396,2714,1222,681,576,Inferior olivary complex,left
274,2540,2816,1214,710,601,Inferior olivary complex,left
274,2542,2767,1214,711,590,Inferior olivary complex,left
274,2586,2780,1211,721,594,Medulla,left
274,2428,2888,1221,687,614,Medulla,left
274,2528,2052,1206,713,437,"Paragigantocellular reticular nucleus, lateral part",right
274,2535,2784,1214,710,594,Inferior olivary complex,left
274,2543,2828,1214,711,604,Inferior olivary complex,left
274,2563,2731,1212,717,582,Medulla,left
274,2560,2742,1213,716,584,Medulla,left
269,2355,2705,1225,673,574,Inferior olivary complex,left
269,2652,3316,1218,740,707,Medulla,left
269,2239,2687,1227,646,568,Nucleus raphe obscurus,right
269,2499,3319,1228,704,706,"Lateral reticular nucleus, magnocellular part",left
271,2379,2711,1223,678,575,Inferior olivary complex,left
271,2391,2703,1223,681,574,Inferior olivary complex,left
271,2574,2847,1213,718,608,Inferior olivary complex,left
271,2447,2684,1221,693,570,Nucleus raphe pallidus,right
271,1766,3196,1249,531,674,Nucleus of the solitary tract,left
271,2148,1898,1213,629,403,Parvicellular reticular nucleus,right
271,2644,3126,1213,735,667,Inferior olivary complex,left
270,2560,2799,1214,716,598,Inferior olivary complex,left
270,2273,2947,1227,653,621,Gigantocellular reticular nucleus,left
270,2399,2734,1223,683,581,Inferior olivary complex,left
275,2303,2710,1223,660,574,Inferior olivary complex,left
275,2538,3043,1217,710,649,Medulla,left
275,2590,2801,1210,721,598,Medulla,left
275,2272,2694,1223,652,571,Nucleus raphe obscurus,left
275,2575,2798,1211,718,598,Inferior olivary complex,left
275,2659,3152,1211,738,672,Inferior olivary complex,left
275,2551,2738,1213,713,584,Medulla,left
273,1692,2184,1245,520,458,Medulla,right
273,1582,2116,1250,494,440,External cuneate nucleus,right
273,2267,3120,1229,651,657,Intermediate reticular nucleus,left
273,2417,2710,1222,686,575,Inferior olivary complex,left
273,2430,3241,1228,687,687,"Lateral reticular nucleus, magnocellular part",left
273,2446,2982,1222,690,633,Medulla,left
273,2488,2036,1208,704,434,"Paragigantocellular reticular nucleus, lateral part",right
273,2548,3203,1222,713,682,"Lateral reticular nucleus, magnocellular part",left
273,2502,3069,1221,702,653,Medulla,left
273,2516,2682,1217,707,570,Nucleus raphe pallidus,right
273,2531,2685,1216,710,572,Nucleus raphe pallidus,left
279,2194,2685,1222,633,568,Nucleus raphe obscurus,right
279,2550,2807,1211,712,599,Inferior olivary complex,left
279,1709,3184,1248,517,671,Parasolitary nucleus,left
277,2340,2694,1222,669,571,Medulla,left
277,2508,3080,1219,703,655,Medulla,left
277,1575,2192,1249,492,458,Cuneate nucleus,right
277,2469,3118,1222,695,662,"Lateral reticular nucleus, magnocellular part",left
277,2565,2760,1211,716,589,Medulla,left
277,2686,3194,1210,744,681,Medulla,left
277,1645,3070,1252,504,645,Parasolitary nucleus,left
277,2365,2715,1222,674,576,Inferior olivary complex,left
277,2527,3451,1224,711,735,rubrospinal tract,left
276,2416,2748,1220,685,584,Inferior olivary complex,left
276,2419,2725,1220,686,579,Inferior olivary complex,left
276,2430,2721,1220,688,578,Inferior olivary complex,left
276,2491,2296,1212,702,488,Medulla,right
276,2519,2940,1216,705,627,Medulla,left
276,2531,2807,1214,708,598,Inferior olivary complex,left
276,2644,3158,1212,734,674,Inferior olivary complex,left
276,2670,3245,1212,742,692,Medulla,left
276,1596,2127,1247,497,443,External cuneate nucleus,right
276,1632,3052,1253,501,641,Parasolitary nucleus,left
276,1634,2347,1247,505,492,Parasolitary nucleus,right
276,2399,2741,1221,682,582,Inferior olivary complex,left
276,2404,2697,1221,683,572,Inferior olivary complex,left
276,2463,3031,1220,693,644,Medulla,left
278,2425,2695,1219,687,572,Inferior olivary complex,left
278,2494,3172,1222,700,673,"Lateral reticular nucleus, magnocellular part",left
278,1670,3170,1250,508,667,Cuneate nucleus,left
278,2380,2724,1220,677,578,Inferior olivary complex,left
278,2401,2733,1220,681,581,Inferior olivary complex,left
281,2398,2691,1219,682,571,Medulla,left
281,2587,2825,1208,719,604,Inferior olivary complex,left
281,2485,2684,1215,700,571,Nucleus raphe pallidus,left
281,2486,2730,1215,699,581,Inferior olivary complex,left
281,2511,2685,1214,705,571,Nucleus raphe pallidus,left
281,2685,3173,1208,743,677,Medulla,left
281,1638,2260,1245,506,475,Parasolitary nucleus,right
281,2352,2973,1222,668,629,Gigantocellular reticular nucleus,left
281,2366,2434,1216,674,517,Gigantocellular reticular nucleus,right
281,2525,3223,1220,707,685,"Lateral reticular nucleus, magnocellular part",left
281,2535,2957,1213,708,630,Inferior olivary complex,left
281,2592,3189,1215,721,679,Medulla,left
281,2650,3147,1210,735,671,Inferior olivary complex,left
281,2666,3062,1206,738,654,Medulla,left
281,1667,3207,1250,506,675,Cuneate nucleus,left
281,2320,2708,1221,663,574,Inferior olivary complex,left
281,2402,2732,1219,681,580,Inferior olivary complex,left
280,2571,2775,1209,716,593,Inferior olivary complex,left
280,2173,3637,1233,631,765,"Spinal nucleus of the trigeminal, interpolar part",left
280,1670,3307,1251,508,697,Cuneate nucleus,left
280,1694,3148,1249,514,663,Parasolitary nucleus,left
280,2176,3337,1229,629,702,Parvicellular reticular nucleus,left
280,2302,2707,1221,658,573,Medulla,left
283,2550,2760,1209,711,589,Inferior olivary complex,left
283,2564,2792,1208,714,596,Inferior olivary complex,left
283,2105,3293,1229,612,693,Parvicellular reticular nucleus,left
283,2685,3160,1206,743,674,Medulla,left
283,1634,2342,1244,505,492,Parasolitary nucleus,right
283,2233,2970,1222,642,626,Gigantocellular reticular nucleus,left
283,2668,3120,1206,739,666,Medulla,left
283,1633,3060,1250,501,643,Parasolitary nucleus,left
283,2663,3135,1207,738,669,Medulla,left
283,1603,3100,1251,494,651,Cuneate nucleus,left
283,2319,2707,1219,662,573,Medulla,left
283,2540,2684,1210,710,572,Nucleus raphe pallidus,left
282,2303,2683,1220,659,569,Nucleus raphe obscurus,right
282,2411,2690,1218,683,571,Medulla,left
282,1600,2141,1245,497,447,Cuneate nucleus,right
282,2315,2690,1220,662,570,Nucleus raphe obscurus,right
282,2326,2677,1220,664,567,Medulla,right
282,2443,3121,1221,689,661,"Lateral reticular nucleus, magnocellular part",left
282,2522,2677,1212,707,569,Nucleus raphe pallidus,right
282,2665,3162,1208,738,674,Inferior olivary complex,left
282,2503,3115,1218,701,662,"Lateral reticular nucleus, magnocellular part",left
282,2673,3151,1207,740,672,Medulla,left
282,2674,3141,1207,740,670,Medulla,left
282,2086,3389,1231,607,714,Parvicellular reticular nucleus,left
282,2354,3108,1224,669,657,"Lateral reticular nucleus, magnocellular part",left
282,2678,3161,1207,742,674,Medulla,left
284,2445,2313,1210,691,493,Medulla,right
284,1937,2061,1222,578,434,Parvicellular reticular nucleus,right
284,2664,3143,1207,738,671,Inferior olivary complex,left
284,2393,1907,1202,682,406,"Paragigantocellular reticular nucleus, lateral part",right
284,2449,1861,1201,695,396,"Lateral reticular nucleus, parvicellular part",right
284,2516,2786,1212,704,594,Inferior olivary complex,left
284,2653,3211,1209,736,684,Medulla,left
284,2442,2328,1210,690,496,Medulla,right
284,2596,3033,1209,721,648,Inferior olivary complex,left
284,2668,3067,1204,738,655,Medulla,left
285,2546,2777,1210,710,592,Inferior olivary complex,left
285,1700,2223,1240,520,468,Parasolitary nucleus,right
285,2401,2729,1217,680,580,Inferior olivary complex,left
285,2538,2783,1210,709,594,Inferior olivary complex,left
285,2580,2788,1207,718,596,Inferior olivary complex,left
285,2674,3127,1206,740,667,Medulla,left
288,2429,2733,1214,686,581,Inferior olivary complex,left
288,1870,2105,1226,562,443,"Spinal nucleus of the trigeminal, interpolar part",right
288,2432,2722,1214,686,578,Inferior olivary complex,left
288,1762,3260,1243,529,688,Medulla,left
288,2631,3179,1209,729,678,Medulla,left
288,2407,2957,1217,679,626,Gigantocellular reticular nucleus,left
289,2463,2678,1213,694,570,Nucleus raphe pallidus,right
289,1741,1782,1229,532,370,"Spinal nucleus of the trigeminal, interpolar part",right
289,1704,3063,1245,516,645,Nucleus of the solitary tract,left
289,2012,1817,1213,595,385,"Spinal nucleus of the trigeminal, interpolar part",right
289,2492,3088,1216,697,656,"Lateral reticular nucleus, magnocellular part",left
289,2533,2948,1210,707,629,Inferior olivary complex,left
289,2584,2754,1205,718,588,Medulla,left
289,2648,3236,1208,735,689,Medulla,left
289,2683,3188,1205,742,680,Medulla,left
289,1609,3127,1249,495,656,Cuneate nucleus,left
289,2651,3128,1206,733,668,Inferior olivary complex,left
289,2655,3149,1206,735,672,Inferior olivary complex,left
289,2668,3221,1207,739,686,Medulla,left
289,2694,3100,1202,744,662,Medulla,left
286,1704,3067,1246,516,645,Nucleus of the solitary tract,left
286,1932,1851,1218,576,391,"Spinal nucleus of the trigeminal, interpolar part",right
286,2331,3039,1221,664,641,Gigantocellular reticular nucleus,left
286,2525,2830,1210,705,604,Inferior olivary complex,left
286,2545,2825,1209,709,603,Inferior olivary complex,left
286,1330,1768,1256,459,355,Copula pyramidis,right
286,1755,3022,1243,528,636,Nucleus of the solitary tract,left
286,2009,1822,1213,595,386,"Spinal nucleus of the trigeminal, interpolar part",right
287,1726,3233,1245,520,682,Medulla,left
287,1734,2649,1245,524,556,Nucleus of the solitary tract,right
291,2281,2699,1216,652,572,Nucleus raphe obscurus,left
291,2313,2971,1218,659,626,Gigantocellular reticular nucleus,left
291,2628,2128,1193,733,454,Medulla,right
291,2652,3135,1204,733,669,Inferior olivary complex,left
291,2279,3158,1222,652,666,Intermediate reticular nucleus,left
291,2450,2752,1212,689,585,Inferior olivary complex,left
291,2568,2805,1205,714,599,Inferior olivary complex,left
291,2649,3266,1207,735,696,Medulla,left
291,2101,3557,1229,610,749,"Spinal nucleus of the trigeminal, interpolar part",left
290,2365,2897,1216,671,613,Gigantocellular reticular nucleus,left
290,1937,1848,1217,577,391,"Spinal nucleus of the trigeminal, interpolar part",right
290,2359,2858,1216,670,605,Gigantocellular reticular nucleus,left
290,2477,2284,1205,697,487,Medulla,right
290,2512,2806,1209,702,598,Inferior olivary complex,left
290,2549,2770,1207,710,591,Inferior olivary complex,left
290,2682,2263,1193,742,481,Medulla,right
290,2369,2944,1217,672,623,Gigantocellular reticular nucleus,left
290,2651,3319,1208,737,708,Medulla,left
290,1636,2302,1242,504,484,Parasolitary nucleus,right
290,2527,2823,1209,705,602,Inferior olivary complex,left
294,2328,2691,1214,663,570,Nucleus raphe obscurus,right
294,2216,2436,1213,638,517,Gigantocellular reticular nucleus,right
294,2552,2937,1206,709,626,Inferior olivary complex,left
294,2690,3184,1202,742,679,Medulla,left
294,2454,3235,1218,691,686,"Lateral reticular nucleus, magnocellular part",left
294,1721,3250,1243,518,685,Medulla,left
294,2444,2686,1211,689,571,Inferior olivary complex,left
292,2347,2382,1210,668,507,Gigantocellular reticular nucleus,right
292,2454,2683,1211,691,571,Inferior olivary complex,left
292,2513,2940,1209,702,626,Inferior olivary complex,left
292,2667,3124,1203,736,667,Inferior olivary complex,left
292,1586,2238,1243,493,470,Cuneate nucleus,right
292,1647,3199,1246,501,673,Cuneate nucleus,left
292,1704,2208,1236,521,465,Nucleus of the solitary tract,right
298,2669,3150,1200,736,672,Inferior olivary complex,left
298,2093,1733,1206,614,370,"Spinal nucleus of the trigeminal, interpolar part",right
298,2347,2910,1214,665,615,Gigantocellular reticular nucleus,left
298,2419,2349,1205,684,502,Gigantocellular reticular nucleus,right
298,1605,2254,1240,497,474,Cuneate nucleus,right
298,2372,2408,1207,673,514,Gigantocellular reticular nucleus,right
298,2529,2956,1206,704,630,Medulla,left
293,2334,2698,1215,665,573,Medulla,left
293,1563,3477,1252,490,734,Medulla,left
293,2415,2060,1200,685,441,"Paragigantocellular reticular nucleus, lateral part",right
293,2421,3140,1218,683,665,"Lateral reticular nucleus, magnocellular part",left
293,2433,2952,1214,685,626,Gigantocellular reticular nucleus,left
293,1156,2572,1272,399,529,Uvula (IX),right
293,1741,3199,1242,523,674,Nucleus of the solitary tract,left
293,1632,3181,1247,497,668,Cuneate nucleus,left
293,2257,2100,1205,650,447,Intermediate reticular nucleus,right
295,2415,2685,1211,682,570,Medulla,right
295,2514,2681,1206,703,571,Nucleus raphe pallidus,left
295,2639,3139,1203,730,670,Medulla,left
296,2611,2184,1193,727,466,Medulla,right
296,2452,2392,1206,690,509,Gigantocellular reticular nucleus,right
296,1696,3287,1243,512,693,Cuneate nucleus,left
296,2625,3082,1203,726,658,Inferior olivary complex,left
296,2264,2697,1214,648,571,Nucleus raphe obscurus,left
296,2673,3123,1200,738,667,Medulla,left
297,2319,2698,1213,661,572,Nucleus raphe obscurus,left
297,2396,3084,1216,677,652,"Lateral reticular nucleus, magnocellular part",left
297,2707,3085,1197,745,659,Medulla,left
297,1721,3248,1242,518,685,Medulla,left
297,2436,2873,1211,685,610,Medulla,left
297,1624,3067,1246,498,644,Parasolitary nucleus,left
297,2373,2697,1212,673,572,Inferior olivary complex,left
297,2685,3064,1198,740,655,Medulla,left
300,2640,3126,1201,729,667,Inferior olivary complex,left
300,1262,1890,1256,438,378,Copula pyramidis,right
300,1639,3168,1243,499,666,Cuneate nucleus,left
300,1980,2002,1212,586,423,Parvicellular reticular nucleus,right
300,2458,3041,1211,690,645,Medulla,left
300,2655,3138,1200,733,670,Inferior olivary complex,left
300,2516,3254,1212,703,691,"Lateral reticular nucleus, magnocellular part",left
299,2327,2818,1212,661,597,Gigantocellular reticular nucleus,left
299,1628,2342,1238,502,492,Parasolitary nucleus,right
299,1933,1969,1215,576,416,"Spinal nucleus of the trigeminal, interpolar part",right
299,2413,2717,1210,681,577,Inferior olivary complex,left
299,2648,3056,1198,731,653,Medulla,left
299,2675,3132,1198,737,668,Inferior olivary complex,left
299,2407,2976,1212,678,629,Gigantocellular reticular nucleus,left
299,2532,3079,1208,704,655,Medulla,left
299,2651,3079,1199,731,658,Inferior olivary complex,left
299,1703,3301,1241,515,696,Medulla,left
301,2627,3380,1206,731,721,Medulla,left
301,1971,1853,1211,584,393,"Spinal nucleus of the trigeminal, interpolar part",right
301,2515,2669,1205,702,569,Nucleus raphe pallidus,right
301,2642,3096,1200,729,661,Inferior olivary complex,left
301,2642,3355,1205,734,715,Medulla,left
301,2653,3324,1204,737,709,Medulla,left
301,2441,1981,1195,689,424,"Paragigantocellular reticular nucleus, lateral part",right
301,1720,3196,1240,517,673,Parasolitary nucleus,left
301,2687,3136,1198,740,669,Medulla,left
302,2383,2850,1210,674,604,Gigantocellular reticular nucleus,left
302,1646,2109,1234,506,443,Cuneate nucleus,right
302,1676,2204,1234,512,465,Parasolitary nucleus,right
305,2443,2681,1206,687,570,Medulla,right
305,2599,3257,1205,721,693,"Paragigantocellular reticular nucleus, lateral part",left
305,2497,3283,1212,699,697,"Lateral reticular nucleus, magnocellular part",left
305,2678,3102,1195,737,662,Medulla,left
305,2217,1954,1199,639,416,Parvicellular reticular nucleus,right
305,2664,3134,1198,734,669,Inferior olivary complex,left
305,1988,2854,1223,582,603,Gigantocellular reticular nucleus,left
305,2418,3344,1215,683,708,"Paragigantocellular reticular nucleus, lateral part",left
305,2653,3055,1196,731,653,Medulla,left
305,2269,3336,1219,649,703,Intermediate reticular nucleus,left
305,2699,3052,1192,742,652,Medulla,left
303,2150,2568,1213,620,545,Gigantocellular reticular nucleus,right
303,2536,2675,1202,706,570,Nucleus raphe pallidus,right
303,2701,3107,1194,742,663,Medulla,left
307,2373,2684,1207,671,570,Medulla,right
307,1660,2252,1233,508,475,Parasolitary nucleus,right
307,1659,3120,1239,503,656,Parasolitary nucleus,left
307,2494,2998,1204,696,638,Medulla,left
304,1297,1850,1251,444,371,Copula pyramidis,right
304,2613,3079,1200,722,657,Medulla,left
304,2665,3113,1197,734,665,Inferior olivary complex,left
304,2680,3113,1196,737,665,Medulla,left
306,1596,2195,1236,493,462,Cuneate nucleus,right
306,1885,1826,1213,563,384,"Spinal nucleus of the trigeminal, interpolar part",right
306,2626,3081,1198,724,657,Inferior olivary complex,left
306,2339,2932,1211,663,619,Gigantocellular reticular nucleus,left
306,2478,3059,1207,693,649,Medulla,left
306,2492,2679,1203,696,571,Nucleus raphe pallidus,left
306,2534,3077,1204,705,654,Medulla,left
306,1578,2275,1238,490,478,Cuneate nucleus,right
306,1752,3218,1237,524,678,Nucleus of the solitary tract,left
306,2272,2585,1209,648,549,Gigantocellular reticular nucleus,right
308,2284,2852,1210,650,602,Gigantocellular reticular nucleus,left
308,2457,2956,1206,687,627,Gigantocellular reticular nucleus,left
308,2680,3208,1196,738,684,Medulla,left
308,2518,2695,1201,702,574,Inferior olivary complex,left
308,2567,2679,1198,712,572,Nucleus raphe pallidus,left
308,1616,2226,1235,498,469,Cuneate nucleus,right
308,1658,3201,1239,502,673,Cuneate nucleus,left
308,1727,3210,1237,518,676,Parasolitary nucleus,left
308,2398,2424,1202,677,518,Gigantocellular reticular nucleus,right
310,2569,3154,1202,712,671,"Paragigantocellular reticular nucleus, lateral part",left
310,2652,3105,1195,729,663,Inferior olivary complex,left
310,1718,3200,1236,516,674,Parasolitary nucleus,left
310,1689,3167,1237,509,666,Parasolitary nucleus,left
310,1715,3212,1236,515,676,Parasolitary nucleus,left
310,2427,3188,1211,682,675,"Lateral reticular nucleus, magnocellular part",left
310,2396,2417,1201,676,516,Magnocellular reticular nucleus,right
309,2270,2846,1210,647,601,Gigantocellular reticular nucleus,left
309,1797,2954,1233,535,624,Dorsal motor nucleus of the vagus nerve,left
309,2385,2959,1209,673,626,Gigantocellular reticular nucleus,left
309,2543,2956,1200,706,630,Inferior olivary complex,left
309,2221,3137,1216,637,659,Intermediate reticular nucleus,left
309,2398,2422,1202,677,517,Gigantocellular reticular nucleus,right
311,2304,3055,1211,656,643,Gigantocellular reticular nucleus,left
311,2406,2737,1204,677,581,Inferior olivary complex,left
311,2319,2917,1208,658,615,Gigantocellular reticular nucleus,left
311,2483,2189,1191,697,469,"Paragigantocellular reticular nucleus, lateral part",right
311,2686,3138,1192,738,670,Medulla,left
311,2396,2415,1200,676,516,Magnocellular reticular nucleus,right
312,1822,1769,1215,547,371,"Spinal nucleus of the trigeminal, interpolar part",right
312,1668,2245,1231,510,474,Parasolitary nucleus,right
312,1695,3192,1236,510,671,Parasolitary nucleus,left
312,1745,3209,1234,522,676,Nucleus of the solitary tract,left
312,1626,2180,1232,500,459,Cuneate nucleus,right
312,2643,3143,1196,728,671,Medulla,left
314,2365,2673,1204,668,568,Nucleus raphe obscurus,right
314,2545,3296,1204,709,700,"Paragigantocellular reticular nucleus, lateral part",left
314,2665,3145,1193,733,671,Inferior olivary complex,left
314,1609,2244,1233,496,473,Spinal vestibular nucleus,right
314,1696,3159,1236,510,665,Parasolitary nucleus,left
314,2282,2700,1206,649,572,Nucleus raphe obscurus,left
314,2346,2692,1205,664,571,Nucleus raphe obscurus,left
314,2401,2680,1203,676,570,Medulla,right
314,2537,2937,1198,703,626,Inferior olivary complex,left
314,1621,3174,1239,493,667,Cuneate nucleus,left
314,1689,3210,1236,509,676,Parasolitary nucleus,left
314,2217,3664,1219,635,772,"Spinal nucleus of the trigeminal, interpolar part",left
314,2328,3275,1213,662,691,Intermediate reticular nucleus,left
314,2512,2672,1199,699,569,Nucleus raphe pallidus,right
314,2537,3073,1201,704,654,Medulla,left
315,2400,2403,1198,676,514,Magnocellular reticular nucleus,right
315,2676,3150,1191,735,672,Inferior olivary complex,left
315,2550,2071,1184,712,444,"Paragigantocellular reticular nucleus, lateral part",right
315,2669,3161,1192,734,674,Inferior olivary complex,left
315,2372,3090,1208,670,652,"Lateral reticular nucleus, magnocellular part",left
315,1562,2210,1234,485,465,Cuneate nucleus,right
315,2523,3025,1199,701,644,Medulla,left
315,2537,3107,1201,704,660,Medulla,left
315,1574,2197,1233,488,462,Cuneate nucleus,right
315,1677,3128,1236,505,658,Parasolitary nucleus,left
313,2413,2717,1204,679,577,Inferior olivary complex,left
313,1688,3175,1237,509,668,Parasolitary nucleus,left
313,2515,3130,1204,700,665,"Lateral reticular nucleus, magnocellular part",left
313,2518,2670,1199,702,569,Nucleus raphe pallidus,right
313,2563,2683,1196,711,573,Nucleus raphe pallidus,left
313,2648,3134,1195,729,669,Medulla,left
313,2652,3154,1195,730,673,Medulla,left
313,2699,3067,1189,740,655,Medulla,left
313,2706,2283,1180,744,487,Medulla,right
313,2565,3162,1202,711,672,"Paragigantocellular reticular nucleus, lateral part",left
313,2607,3094,1197,719,660,Medulla,left
313,2685,3129,1192,738,668,Medulla,left
317,2609,2114,1182,725,453,Medulla,right
317,1614,2287,1232,497,482,Parasolitary nucleus,right
317,1674,2199,1228,511,465,Parasolitary nucleus,right
317,2669,3139,1192,734,670,Inferior olivary complex,left
317,1593,2367,1234,493,497,Parasolitary nucleus,right
317,1671,3131,1236,504,658,Parasolitary nucleus,left
317,1673,2237,1229,510,472,Parasolitary nucleus,right
317,1700,2155,1226,517,455,Nucleus of the solitary tract,right
317,2426,2897,1203,680,613,Gigantocellular reticular nucleus,left
317,2448,2684,1201,686,571,Inferior olivary complex,left
316,2547,2673,1196,706,571,Nucleus raphe pallidus,left
316,1587,2262,1233,490,476,Spinal vestibular nucleus,right
316,2662,3306,1195,735,704,Medulla,left
318,2412,2709,1201,677,576,Inferior olivary complex,left
318,2558,2678,1194,709,572,Nucleus raphe pallidus,left
318,2247,2226,1197,644,476,Intermediate reticular nucleus,right
318,2351,2695,1203,664,572,Nucleus raphe obscurus,left
321,2615,3108,1193,720,663,Medulla,left
321,2359,2689,1201,666,571,Nucleus raphe obscurus,left
321,2171,2811,1208,622,594,Gigantocellular reticular nucleus,left
321,2453,3436,1207,688,728,"Lateral reticular nucleus, magnocellular part",left
321,2596,3139,1195,716,669,Medulla,left
321,2597,3069,1194,715,655,Medulla,left
321,1627,3085,1237,495,648,Parasolitary nucleus,left
321,2400,3504,1210,675,741,Parvicellular reticular nucleus,left
321,2561,1904,1181,716,407,ventral spinocerebellar tract,right
321,2606,3229,1197,720,687,"Paragigantocellular reticular nucleus, lateral part",left
321,2642,3176,1193,727,676,Medulla,left
321,2706,3129,1187,741,668,Medulla,left
322,2384,2644,1200,671,563,Inferior olivary complex,right
322,1659,2252,1227,506,476,Medulla,right
322,1621,2182,1228,497,460,Spinal vestibular nucleus,right
322,2560,3342,1200,712,710,"Paragigantocellular reticular nucleus, lateral part",left
322,2329,2853,1203,659,603,Gigantocellular reticular nucleus,left
322,2391,1863,1186,676,399,Parvicellular reticular nucleus,right
322,2491,3050,1199,693,647,Medulla,left
322,2529,3295,1201,705,699,"Paragigantocellular reticular nucleus, lateral part",left
322,2542,2957,1194,703,630,Medulla,left
322,2572,3143,1196,711,669,Medulla,left
319,2612,3131,1194,719,667,Medulla,left
319,1634,3086,1237,497,649,Parasolitary nucleus,left
319,1641,2296,1230,502,485,Parasolitary nucleus,right
320,2559,2098,1182,713,450,"Paragigantocellular reticular nucleus, lateral part",right
320,1644,2274,1229,503,481,Parasolitary nucleus,right
320,2644,3108,1191,727,664,Inferior olivary complex,left
323,2379,2717,1199,670,576,Medulla,left
323,2559,2674,1191,708,571,Nucleus raphe pallidus,left
323,2604,3060,1191,717,653,Medulla,left
323,2047,3628,1219,594,767,"Spinal nucleus of the trigeminal, interpolar part",left
323,2364,2667,1199,666,566,Medulla,right
323,2678,3138,1187,735,670,Inferior olivary complex,left
323,2606,3106,1192,717,662,Medulla,left
323,2718,3090,1183,744,660,Medulla,left
327,2514,2676,1192,698,571,Nucleus raphe pallidus,left
327,2379,2925,1200,670,618,Magnocellular reticular nucleus,left
327,2388,3021,1201,672,638,Gigantocellular reticular nucleus,left
327,2721,3088,1181,743,660,Medulla,left
327,2051,3589,1216,594,758,"Spinal nucleus of the trigeminal, interpolar part",left
324,2527,2667,1193,701,569,Nucleus raphe pallidus,right
324,2430,2480,1195,681,530,Gigantocellular reticular nucleus,right
324,2565,2183,1182,713,468,"Paragigantocellular reticular nucleus, lateral part",right
324,2629,3048,1189,722,651,Inferior olivary complex,left
324,1627,3067,1236,495,644,Parasolitary nucleus,left
333,2414,2691,1194,676,572,Inferior olivary complex,left
333,1251,1778,1242,431,355,Copula pyramidis,right
333,1622,3060,1233,493,644,Parasolitary nucleus,left
333,2367,3353,1205,667,709,"Nucleus ambiguus, ventral division",left
333,2402,3402,1204,675,719,"Paragigantocellular reticular nucleus, lateral part",left
333,1642,3022,1233,497,636,Nucleus of the solitary tract,left
328,2254,2229,1193,645,478,Intermediate reticular nucleus,right
328,2368,2692,1197,667,571,Nucleus raphe obscurus,left
328,2667,3147,1186,731,671,Inferior olivary complex,left
328,2055,3586,1216,595,757,"Spinal nucleus of the trigeminal, interpolar part",left
325,2358,2676,1199,665,568,Nucleus raphe obscurus,right
325,2679,3125,1187,734,667,Inferior olivary complex,left
325,2674,3104,1186,733,663,Inferior olivary complex,left
325,1636,3086,1235,496,649,Parasolitary nucleus,left
325,1647,3070,1235,499,646,Parasolitary nucleus,left
326,2598,3100,1191,716,661,Medulla,left
326,1627,2095,1225,498,441,Cuneate nucleus,right
326,1656,2271,1226,504,480,Medulla,right
326,1708,2122,1221,519,447,Nucleus of the solitary tract,right
329,2398,2814,1198,673,597,Gigantocellular reticular nucleus,left
329,1307,1863,1239,439,376,Copula pyramidis,right
329,1679,3171,1231,505,667,Parasolitary nucleus,left
329,2545,2668,1190,705,570,Nucleus raphe pallidus,right
329,2595,3118,1191,715,664,Medulla,left
329,2660,3053,1184,729,653,Medulla,left
329,2663,3113,1186,730,665,Inferior olivary complex,left
329,2695,3186,1185,739,679,Medulla,left
329,1606,3209,1234,488,676,Cuneate nucleus,left
329,2405,2823,1198,675,599,Gigantocellular reticular nucleus,left
329,2606,3069,1189,717,655,Medulla,left
329,2615,3106,1189,719,662,Medulla,left
329,2619,3040,1187,720,649,Inferior olivary complex,left
329,2622,3073,1188,720,656,Medulla,left
329,2653,3067,1185,728,655,Inferior olivary complex,left
330,2453,2678,1194,685,571,Inferior olivary complex,left
330,1622,2117,1224,496,446,Spinal vestibular nucleus,right
330,1665,3100,1231,502,652,Parasolitary nucleus,left
330,1665,3131,1231,502,658,Parasolitary nucleus,left
330,1603,3250,1233,488,685,Cuneate nucleus,left
330,1652,3106,1232,499,653,Parasolitary nucleus,left
330,1712,3212,1229,512,676,Parasolitary nucleus,left
330,1775,3139,1226,527,661,Nucleus of the solitary tract,left
330,2653,3091,1185,727,660,Inferior olivary complex,left
330,1633,2183,1225,499,462,Spinal vestibular nucleus,right
330,2353,2697,1197,663,572,Nucleus raphe obscurus,left
330,2406,2699,1196,674,574,Inferior olivary complex,left
332,1653,3123,1231,499,657,Parasolitary nucleus,left
332,2232,1917,1188,639,409,Parvicellular reticular nucleus,right
332,2293,2686,1197,649,570,Nucleus raphe obscurus,right
332,2340,2898,1199,660,612,Magnocellular reticular nucleus,left
332,2367,3005,1200,666,634,Gigantocellular reticular nucleus,left
332,2685,3237,1185,737,690,Medulla,left
332,2351,2644,1196,662,562,crossed tectospinal pathway,right
332,1647,3101,1231,497,652,Parasolitary nucleus,left
332,1633,2132,1223,499,449,Spinal vestibular nucleus,right
331,1643,3080,1232,498,648,Parasolitary nucleus,left
331,2359,2640,1195,664,562,crossed tectospinal pathway,right
331,1654,2503,1228,502,525,Nucleus of the solitary tract,right
331,1655,3086,1231,500,649,Parasolitary nucleus,left
331,1660,2179,1222,505,461,Spinal vestibular nucleus,right
331,1967,2763,1213,573,585,Gigantocellular reticular nucleus,left
331,2537,2671,1189,702,570,Nucleus raphe pallidus,right
331,2331,2914,1199,658,615,Magnocellular reticular nucleus,left
331,2560,2948,1188,706,629,Inferior olivary complex,left
334,2682,3129,1182,733,668,Inferior olivary complex,left
334,2415,2979,1196,676,630,Magnocellular reticular nucleus,left
334,1667,3106,1230,501,653,Parasolitary nucleus,left
335,2444,3044,1195,683,644,Gigantocellular reticular nucleus,left
335,2506,2255,1180,697,484,Medulla,right
335,2022,3526,1213,585,744,"Spinal nucleus of the trigeminal, interpolar part",left
335,1317,1815,1235,442,366,Copula pyramidis,right
335,1262,1786,1239,432,357,Copula pyramidis,right
335,1308,1812,1235,441,365,Copula pyramidis,right
341,2306,2694,1193,650,572,Nucleus raphe obscurus,left
341,2477,2679,1188,688,571,Medulla,left
341,2236,2366,1192,637,506,Gigantocellular reticular nucleus,right
341,2474,3116,1193,689,660,"Paragigantocellular reticular nucleus, lateral part",left
341,1952,2755,1211,569,583,Gigantocellular reticular nucleus,left
341,2423,3345,1199,680,708,"Paragigantocellular reticular nucleus, lateral part",left
341,2508,2088,1175,699,450,"Paragigantocellular reticular nucleus, lateral part",right
341,2550,2674,1184,704,571,Nucleus raphe pallidus,left
341,2677,3122,1179,731,666,Inferior olivary complex,left
341,1267,1795,1237,432,360,Copula pyramidis,right
341,1270,1797,1237,433,360,Copula pyramidis,right
341,2407,3437,1200,674,726,"Paragigantocellular reticular nucleus, lateral part",left
337,2340,2659,1194,659,565,crossed tectospinal pathway,right
337,2649,2240,1172,728,479,Inferior olivary complex,right
337,2173,3037,1204,623,638,Intermediate reticular nucleus,left
337,2148,3559,1210,616,750,"Spinal nucleus of the trigeminal, interpolar part",left
337,2667,3048,1180,729,652,Medulla,left
337,1641,3214,1229,495,677,Spinal vestibular nucleus,left
337,1694,3243,1227,508,684,Medulla,left
337,2426,2689,1192,678,572,Inferior olivary complex,left
337,2492,3257,1197,694,690,"Paragigantocellular reticular nucleus, lateral part",left
337,2556,3079,1189,705,655,Medulla,left
337,2605,3097,1186,716,660,Medulla,left
337,1655,2004,1217,504,421,Medulla,right
337,1699,3283,1227,509,693,Cuneate nucleus,left
337,2428,2815,1193,679,597,Medulla,left
336,1704,3223,1227,510,679,Parasolitary nucleus,left
336,1263,1787,1239,433,357,Copula pyramidis,right
336,1606,2073,1221,492,436,External cuneate nucleus,right
336,1661,3220,1228,499,678,Spinal vestibular nucleus,left
336,1264,1788,1239,433,358,Copula pyramidis,right
336,1265,1789,1239,433,358,Copula pyramidis,right
336,2581,2975,1185,710,635,Inferior olivary complex,left
338,2343,2931,1196,661,618,Magnocellular reticular nucleus,left
338,2399,2717,1192,672,577,crossed tectospinal pathway,left
338,2462,2283,1182,687,491,Gigantocellular reticular nucleus,right
338,2561,2675,1185,707,571,Nucleus raphe pallidus,left
338,2422,3339,1200,679,706,"Paragigantocellular reticular nucleus, lateral part",left
338,1272,1795,1238,433,360,Copula pyramidis,right
340,2495,2676,1187,692,570,Medulla,right
340,2452,2675,1189,682,570,Medulla,right
340,2344,2843,1194,660,602,Magnocellular reticular nucleus,left
340,2512,3035,1189,695,645,Medulla,left
340,1873,2708,1216,552,572,Medulla,left
340,2480,3102,1192,690,657,"Paragigantocellular reticular nucleus, lateral part",left
340,2543,3021,1186,702,643,Medulla,left
340,2010,2832,1208,582,599,Gigantocellular reticular nucleus,left
340,2575,2940,1183,708,628,Inferior olivary complex,left
340,2687,3142,1179,734,670,Inferior olivary complex,left
339,2521,2677,1186,698,571,Nucleus raphe pallidus,left
339,2661,3078,1179,727,658,Inferior olivary complex,left
339,2353,2686,1192,662,571,Nucleus raphe obscurus,left
339,2428,3033,1194,679,642,Gigantocellular reticular nucleus,left
339,1332,1824,1232,443,369,Copula pyramidis,right
339,1284,1803,1236,435,363,Copula pyramidis,right
339,1706,3237,1225,510,682,Medulla,left
339,1630,2132,1220,497,450,Spinal vestibular nucleus,right
339,1645,3042,1229,497,640,Nucleus of the solitary tract,left
343,2265,2688,1193,641,571,Nucleus raphe obscurus,left
343,2516,2741,1185,696,584,Inferior olivary complex,left
342,1767,3475,1222,526,736,"Spinal nucleus of the trigeminal, interpolar part",left
342,2249,2690,1194,638,571,Nucleus raphe obscurus,left
342,2392,2688,1190,669,572,Nucleus raphe obscurus,left
342,2473,3174,1193,690,672,"Paragigantocellular reticular nucleus, lateral part",left
342,1260,1792,1237,431,358,Copula pyramidis,right
342,1285,1806,1235,435,363,Copula pyramidis,right
342,2333,2695,1192,657,572,Nucleus raphe obscurus,left
346,2631,2255,1168,722,483,Medulla,right
346,1587,3233,1228,482,682,Spinal vestibular nucleus,left
346,2334,2688,1190,656,572,Nucleus raphe obscurus,left
346,2429,2901,1189,678,614,Magnocellular reticular nucleus,left
346,2544,3075,1185,702,654,Medulla,left
346,2647,3130,1179,724,667,Medulla,left
346,2660,3069,1176,726,656,Inferior olivary complex,left
346,1630,2217,1219,496,469,Spinal vestibular nucleus,right
346,2578,3065,1182,709,653,Medulla,left
344,2429,2262,1180,680,486,"Paragigantocellular reticular nucleus, lateral part",right
344,1613,2510,1225,492,526,Nucleus of the solitary tract,right
344,2564,3113,1185,707,662,Medulla,left
347,2491,3069,1187,691,651,Medulla,left
347,2163,2685,1195,617,569,Gigantocellular reticular nucleus,right
347,2483,3049,1187,690,647,Gigantocellular reticular nucleus,left
347,2712,3046,1171,737,651,Medulla,left
347,2394,2685,1187,669,571,Nucleus raphe obscurus,left
347,2538,3113,1185,701,662,"Paragigantocellular reticular nucleus, lateral part",left
347,2721,3121,1172,740,666,Medulla,left
347,1650,3205,1224,496,675,Spinal vestibular nucleus,left
347,1660,2102,1214,503,444,Spinal vestibular nucleus,right
347,2483,2959,1186,689,628,Magnocellular reticular nucleus,left
347,1673,2205,1216,506,468,Spinal vestibular nucleus,right
348,2326,2716,1189,654,576,crossed tectospinal pathway,left
348,2578,3113,1182,709,663,Medulla,left
348,2722,2742,1167,740,588,pyramid,left
348,2465,2985,1187,685,633,Magnocellular reticular nucleus,left
348,2539,2668,1181,701,570,Nucleus raphe pallidus,right
348,2555,2287,1173,705,490,Medulla,right
348,2705,3157,1174,737,673,Medulla,left
348,2406,2737,1187,671,581,crossed tectospinal pathway,left
348,2529,2271,1174,700,488,Medulla,right
348,2575,2061,1167,712,444,"Paragigantocellular reticular nucleus, lateral part",right
348,2171,3024,1200,621,636,Gigantocellular reticular nucleus,left
348,2339,3267,1197,661,689,"Paragigantocellular reticular nucleus, lateral part",left
349,2342,2680,1188,657,570,Nucleus raphe obscurus,right
349,2401,2677,1187,670,569,Nucleus raphe obscurus,right
349,2532,2680,1182,699,572,Nucleus raphe pallidus,left
349,1634,2922,1228,496,616,Nucleus of the solitary tract,left
349,2381,2857,1189,667,604,Magnocellular reticular nucleus,left
349,2551,3059,1183,703,651,Medulla,left
349,1611,2458,1223,491,517,Medial vestibular nucleus,right
349,1705,2077,1211,514,438,Spinal vestibular nucleus,right
349,2398,2860,1189,671,606,Magnocellular reticular nucleus,left
349,2729,3087,1170,742,659,Medulla,left
350,2447,2681,1184,680,571,Medulla,left
350,2569,2936,1179,706,626,Inferior olivary complex,left
350,1683,3270,1222,504,690,Spinal vestibular nucleus,left
350,2369,2676,1187,663,569,Nucleus raphe obscurus,right
350,2672,3071,1173,728,656,Inferior olivary complex,left
350,1635,2900,1227,496,612,Nucleus of the solitary tract,left
350,1666,2144,1214,504,454,Spinal vestibular nucleus,right
350,1746,2637,1218,521,554,Nucleus of the solitary tract,right
350,2039,2332,1197,589,498,Intermediate reticular nucleus,right
350,2549,2674,1179,703,571,Nucleus raphe pallidus,left
345,2465,1865,1174,691,400,rubrospinal tract,right
345,2508,2674,1184,695,571,Nucleus raphe pallidus,left
345,2598,3072,1182,714,654,Medulla,left
345,2644,3045,1178,723,651,Inferior olivary complex,left
345,2659,3085,1177,727,659,Inferior olivary complex,left
345,2665,3056,1176,728,653,Inferior olivary complex,left
345,1746,3614,1222,524,766,"Spinal nucleus of the trigeminal, interpolar part",left
345,2603,3094,1182,715,660,Medulla,left
345,2704,3182,1176,739,678,Medulla,left
353,2658,3057,1173,725,653,Inferior olivary complex,left
353,1021,2136,1256,370,433,Copula pyramidis,right
353,2649,3043,1173,723,650,Inferior olivary complex,left
353,2653,3092,1174,725,659,Medulla,left
353,2683,3093,1172,731,661,Inferior olivary complex,left
353,2535,3040,1182,699,646,Medulla,left
353,2619,2807,1174,717,600,Inferior olivary complex,left
353,2635,3322,1181,725,707,ventral spinocerebellar tract,left
353,2695,3086,1171,734,659,Medulla,left
353,1659,3247,1222,498,684,Spinal vestibular nucleus,left
353,2475,1996,1170,690,430,"Paragigantocellular reticular nucleus, lateral part",right
352,2414,2666,1184,673,568,Nucleus raphe obscurus,right
352,2665,3064,1173,727,655,Inferior olivary complex,left
359,2697,3026,1166,732,647,Inferior olivary complex,left
359,2540,2671,1175,699,570,Nucleus raphe pallidus,right
359,1664,2878,1221,502,609,Nucleus of the solitary tract,left
359,1672,2861,1221,503,605,Nucleus of the solitary tract,left
359,2395,2688,1181,667,573,Nucleus raphe obscurus,left
359,2490,3092,1182,690,655,"Paragigantocellular reticular nucleus, lateral part",left
359,2663,3108,1170,726,663,Medulla,left
359,2703,3210,1169,737,684,Medulla,left
359,2667,3069,1169,726,656,Inferior olivary complex,left
359,1674,2916,1220,503,616,Nucleus of the solitary tract,left
359,1751,2782,1215,522,588,Medulla,left
359,2455,2012,1167,684,434,"Paragigantocellular reticular nucleus, lateral part",right
359,2727,3073,1164,739,657,Medulla,left
359,1666,2868,1221,502,607,Nucleus of the solitary tract,left
351,1596,3254,1225,484,687,Spinal vestibular nucleus,left
351,2324,2882,1190,654,608,Magnocellular reticular nucleus,left
354,2481,2666,1181,687,568,Medulla,right
354,1801,1931,1200,536,407,"Spinal nucleus of the trigeminal, interpolar part",right
354,1630,3205,1223,491,675,Spinal vestibular nucleus,left
354,2471,2901,1183,685,616,Magnocellular reticular nucleus,left
354,2577,3252,1182,710,690,"Paragigantocellular reticular nucleus, lateral part",left
354,2689,3181,1173,734,678,Medulla,left
354,2585,2667,1175,710,570,Nucleus raphe pallidus,right
354,2669,3037,1171,727,649,Inferior olivary complex,left
354,1088,1697,1242,399,338,Paramedian lobule,right
354,2637,3004,1173,719,642,Inferior olivary complex,left
356,2463,1999,1168,687,431,"Paragigantocellular reticular nucleus, lateral part",right
356,2444,2660,1181,679,567,Medulla,right
356,2473,2656,1180,685,566,Inferior olivary complex,right
356,1654,2536,1219,499,532,Nucleus of the solitary tract,right
356,1681,3233,1220,502,682,Spinal vestibular nucleus,left
356,2007,3477,1206,579,734,"Spinal nucleus of the trigeminal, interpolar part",left
356,2641,3112,1174,721,663,Medulla,left
356,2683,3062,1169,731,654,Medulla,left
356,2191,2761,1191,622,585,Gigantocellular reticular nucleus,left
356,2401,2318,1177,671,500,Gigantocellular reticular nucleus,right
356,2602,3066,1176,712,653,Medulla,left
355,2548,3036,1179,702,646,Medulla,left
355,2573,3003,1176,707,641,Medulla,left
355,2612,3115,1176,715,663,Medulla,left
355,2663,3046,1170,726,651,Inferior olivary complex,left
355,1647,2877,1224,498,608,Nucleus of the solitary tract,left
355,1673,3246,1220,501,684,Spinal vestibular nucleus,left
355,2695,3037,1168,733,649,Inferior olivary complex,left
355,1641,2932,1224,496,619,Nucleus of the solitary tract,left
355,1643,2894,1224,498,612,Nucleus of the solitary tract,left
355,1644,2899,1224,498,613,Nucleus of the solitary tract,left
355,2497,3241,1186,693,686,"Paragigantocellular reticular nucleus, lateral part",left
358,2632,3086,1173,718,658,Medulla,left
358,1627,2915,1225,493,616,Nucleus of the solitary tract,left
358,1649,2864,1223,499,606,Nucleus of the solitary tract,left
358,2617,3000,1172,715,641,Inferior olivary complex,left
358,1640,2889,1224,497,611,Nucleus of the solitary tract,left
358,1660,2904,1222,501,614,Nucleus of the solitary tract,left
357,2313,2786,1187,651,590,Gigantocellular reticular nucleus,left
357,2406,2963,1186,672,627,Magnocellular reticular nucleus,left
357,2590,2961,1175,710,632,Inferior olivary complex,left
357,2713,3157,1169,739,673,Medulla,left
357,1648,2503,1218,498,526,Nucleus of the solitary tract,right
357,1784,2233,1207,530,476,Nucleus of the solitary tract,right
357,2193,1667,1183,633,357,"Spinal nucleus of the trigeminal, interpolar part",right
357,2381,1791,1173,671,385,Parvicellular reticular nucleus,right
357,2562,2668,1176,704,571,Nucleus raphe pallidus,left
357,2648,3033,1171,723,648,Inferior olivary complex,left
357,2682,3070,1170,729,656,Inferior olivary complex,left
357,1664,2933,1223,501,620,Nucleus of the solitary tract,left
357,2007,1665,1189,587,354,"Spinal nucleus of the trigeminal, interpolar part",right
357,2060,2692,1197,592,570,Medulla,right
357,2456,1985,1168,685,428,"Paragigantocellular reticular nucleus, lateral part",right
357,2610,2981,1173,714,637,Inferior olivary complex,left
357,2699,3226,1172,737,688,Medulla,left
360,2659,3077,1169,725,656,Inferior olivary complex,left
360,1695,3223,1217,505,680,Spinal vestibular nucleus,left
360,1769,2201,1206,526,468,Nucleus of the solitary tract,right
360,2569,2669,1173,706,571,Nucleus raphe pallidus,left
360,2617,2998,1171,714,641,Inferior olivary complex,left
361,2409,2642,1180,670,563,crossed tectospinal pathway,right
361,1698,2878,1219,509,609,Dorsal motor nucleus of the vagus nerve,left
361,2496,3203,1184,692,679,"Paragigantocellular reticular nucleus, lateral part",left
361,2706,3140,1168,736,670,Medulla,left
361,1622,3144,1222,489,663,Spinal vestibular nucleus,left
361,1669,2882,1221,503,609,Nucleus of the solitary tract,left
361,1677,2067,1208,505,437,Spinal vestibular nucleus,right
361,2373,2756,1182,663,585,crossed tectospinal pathway,left
361,2434,1927,1167,680,415,"Paragigantocellular reticular nucleus, lateral part",right
361,2594,2955,1172,710,631,Inferior olivary complex,left
361,2600,3015,1173,711,643,Medulla,left
361,2604,2962,1172,712,632,Inferior olivary complex,left
361,2610,3152,1175,715,670,Medulla,left
361,2654,3018,1169,723,646,Inferior olivary complex,left
361,1617,3160,1222,488,666,Spinal vestibular nucleus,left
361,2625,2993,1170,717,640,Inferior olivary complex,left
361,2677,3036,1167,728,649,Inferior olivary complex,left
361,2678,3056,1167,729,653,Inferior olivary complex,left
361,2685,3024,1166,730,647,Medulla,left
364,2617,3040,1170,714,649,Medulla,left
364,2530,2085,1162,699,450,"Paragigantocellular reticular nucleus, lateral part",right
364,1635,3165,1219,492,667,Spinal vestibular nucleus,left
364,2669,3054,1166,726,653,Inferior olivary complex,left
364,1660,2839,1220,501,601,Nucleus of the solitary tract,left
364,1666,3203,1217,498,676,Spinal vestibular nucleus,left
364,2445,2684,1177,678,572,Medulla,left
364,2549,3043,1175,701,648,Medulla,left
364,2620,2984,1169,715,638,Inferior olivary complex,left
364,1650,3217,1218,495,678,Spinal vestibular nucleus,left
364,1662,2901,1220,500,613,Nucleus of the solitary tract,left
364,1924,1836,1188,564,390,"Spinal nucleus of the trigeminal, interpolar part",right
364,2503,3082,1179,692,653,"Paragigantocellular reticular nucleus, lateral part",left
364,2573,2663,1171,707,570,Nucleus raphe pallidus,right
364,2648,2995,1167,721,640,Inferior olivary complex,left
364,2129,2950,1193,609,622,Gigantocellular reticular nucleus,left
362,2622,3094,1172,716,660,Medulla,left
362,1628,3209,1220,490,677,Spinal vestibular nucleus,left
362,2325,2681,1182,651,570,Nucleus raphe obscurus,right
362,2645,3019,1168,721,645,Inferior olivary complex,left
362,2651,3028,1168,722,647,Inferior olivary complex,left
362,2686,3103,1167,730,663,Medulla,left
362,1670,3131,1218,500,659,Medial vestibular nucleus,left
362,1680,2849,1219,505,603,Nucleus of the solitary tract,left
362,1705,2873,1217,510,608,Dorsal motor nucleus of the vagus nerve,left
362,2497,3078,1180,690,653,"Paragigantocellular reticular nucleus, lateral part",left
362,2580,2941,1172,707,628,Inferior olivary complex,left
362,2732,3040,1162,740,650,Medulla,left
362,1677,2878,1219,504,609,Nucleus of the solitary tract,left
362,1689,2841,1218,508,601,Nucleus of the solitary tract,left
362,1694,3165,1217,505,667,Spinal vestibular nucleus,left
363,2528,2671,1174,697,570,Nucleus raphe pallidus,right
363,2723,3037,1162,738,649,Medulla,left
363,1630,3193,1219,490,674,Spinal vestibular nucleus,left
363,2430,2930,1180,676,621,Magnocellular reticular nucleus,left
363,2627,3038,1169,716,649,Medulla,left
363,2676,3104,1167,728,663,Medulla,left
363,948,2241,1256,350,457,Pyramus (VIII),right
363,1654,3265,1218,495,689,Spinal vestibular nucleus,left
363,1663,2890,1219,501,611,Nucleus of the solitary tract,left
363,1682,3032,1218,503,639,Nucleus of the solitary tract,left
363,2604,2662,1169,713,569,Nucleus raphe pallidus,right
363,1600,3205,1221,484,676,Spinal vestibular nucleus,left
363,2731,3036,1161,740,649,Medulla,left
365,2512,2094,1163,694,452,"Paragigantocellular reticular nucleus, lateral part",right
365,2550,3012,1174,701,641,Medulla,left
365,2611,2976,1169,713,635,Inferior olivary complex,left
365,2665,3031,1166,725,648,Inferior olivary complex,left
365,2440,2677,1177,676,570,Nucleus raphe obscurus,right
365,2525,2964,1175,695,631,Medulla,left
365,2571,2930,1172,705,625,Inferior olivary complex,left
365,2730,3105,1163,740,663,Medulla,left
365,1682,2974,1218,503,628,Nucleus of the solitary tract,left
365,1910,1716,1189,562,364,"Spinal nucleus of the trigeminal, interpolar part",right
365,2429,2653,1178,674,566,Nucleus raphe obscurus,right
365,2511,3072,1178,693,652,Medulla,left
366,2450,2269,1169,680,490,"Paragigantocellular reticular nucleus, lateral part",right
366,1686,2871,1217,506,607,Nucleus of the solitary tract,left
366,2338,3097,1187,659,652,Gigantocellular reticular nucleus,left
366,1672,2885,1218,502,610,Nucleus of the solitary tract,left
366,1714,2887,1215,512,610,Dorsal motor nucleus of the vagus nerve,left
366,2293,2789,1183,645,591,Gigantocellular reticular nucleus,left
366,2433,2285,1170,677,493,"Paragigantocellular reticular nucleus, lateral part",right
366,2598,2959,1169,711,632,Inferior olivary complex,left
366,1670,2862,1218,503,605,Nucleus of the solitary tract,left
368,2559,2663,1170,703,570,Nucleus raphe pallidus,right
368,2594,2945,1168,709,629,Inferior olivary complex,left
368,2394,3082,1183,670,650,"Paragigantocellular reticular nucleus, lateral part",left
368,1705,2888,1215,510,611,Dorsal motor nucleus of the vagus nerve,left
368,2679,2703,1162,729,580,Medulla,left
368,1667,2869,1218,501,607,Nucleus of the solitary tract,left
368,1684,2078,1204,506,441,Spinal vestibular nucleus,right
368,2451,3288,1184,682,696,"Paragigantocellular reticular nucleus, lateral part",left
367,1033,1719,1241,384,345,Paramedian lobule,right
367,2380,2677,1177,662,570,Nucleus raphe obscurus,right
367,2665,3018,1164,724,646,Inferior olivary complex,left
367,1656,2846,1218,499,602,Nucleus of the solitary tract,left
367,1681,2808,1216,505,594,Nucleus of the solitary tract,left
367,1707,3391,1214,507,717,Medulla,left
367,2721,3147,1163,738,671,Medulla,left
371,2603,2961,1166,711,632,Inferior olivary complex,left
371,2619,2967,1165,714,634,Inferior olivary complex,left
371,2641,3075,1165,719,656,Medulla,left
371,2451,2724,1173,678,580,Medulla,left
371,2541,3097,1173,698,658,"Paragigantocellular reticular nucleus, lateral part",left
371,2609,2966,1165,712,633,Inferior olivary complex,left
371,2678,3024,1161,727,647,Inferior olivary complex,left
371,2637,2981,1164,717,637,Inferior olivary complex,left
371,2640,2993,1163,718,640,Inferior olivary complex,left
371,2652,2996,1163,720,640,Inferior olivary complex,left
371,1662,2866,1216,500,606,Nucleus of the solitary tract,left
371,1681,2889,1215,504,611,Nucleus of the solitary tract,left
371,2458,3029,1176,682,642,Gigantocellular reticular nucleus,left
371,2671,3031,1162,725,648,Inferior olivary complex,left
371,1039,1722,1238,384,346,Paramedian lobule,right
371,2646,2985,1163,719,638,Inferior olivary complex,left
371,2714,3140,1161,736,670,Medulla,left
370,2520,2143,1161,695,463,"Paragigantocellular reticular nucleus, lateral part",right
370,1649,3226,1216,494,681,Spinal vestibular nucleus,left
370,2715,3015,1159,735,645,Medulla,left
370,1621,3154,1218,488,665,Spinal vestibular nucleus,left
370,1658,3169,1215,496,668,Spinal vestibular nucleus,left
370,2184,2733,1185,619,580,Gigantocellular reticular nucleus,left
370,2748,2989,1156,743,640,Medulla,left
370,1686,3248,1214,502,686,Spinal vestibular nucleus,left
370,2369,1780,1167,667,383,Parvicellular reticular nucleus,right
370,2628,2980,1165,716,637,Inferior olivary complex,left
369,2598,2933,1168,710,627,Inferior olivary complex,left
369,1634,3141,1218,492,662,Spinal vestibular nucleus,left
369,1661,1925,1201,502,406,Medulla,right
369,1686,2898,1216,505,613,Nucleus of the solitary tract,left
369,1698,3314,1214,506,701,Spinal vestibular nucleus,left
369,1714,1902,1198,515,401,Medulla,right
369,2432,2680,1176,674,571,Nucleus raphe obscurus,left
369,2433,2689,1176,675,573,Nucleus raphe obscurus,left
369,2480,2679,1174,685,572,Inferior olivary complex,left
369,2588,2989,1169,708,638,Medulla,left
369,2613,3033,1168,714,648,Medulla,left
369,2678,3064,1164,728,655,Inferior olivary complex,left
369,2706,3028,1161,733,648,Medulla,left
369,2722,3016,1160,737,645,Medulla,left
369,1682,2832,1216,505,599,Nucleus of the solitary tract,left
369,2397,3362,1187,670,710,"Nucleus ambiguus, ventral division",left
369,2431,2286,1170,676,493,"Paragigantocellular reticular nucleus, lateral part",right
369,2522,2134,1161,695,461,"Paragigantocellular reticular nucleus, lateral part",right
369,2615,2944,1167,714,629,Inferior olivary complex,left
372,2302,2682,1178,644,570,Nucleus raphe obscurus,right
372,2554,3103,1172,701,660,"Paragigantocellular reticular nucleus, lateral part",left
372,2635,3097,1166,718,660,Medulla,left
372,2388,2363,1172,666,509,Gigantocellular reticular nucleus,right
372,2516,3050,1173,693,648,Gigantocellular reticular nucleus,left
372,2617,2956,1165,713,631,Inferior olivary complex,left
372,2628,3025,1165,716,646,Medulla,left
372,1683,3256,1213,502,687,Spinal vestibular nucleus,left
372,2095,3158,1195,601,665,Intermediate reticular nucleus,left
372,2434,2284,1168,676,493,"Paragigantocellular reticular nucleus, lateral part",right
372,2443,2685,1173,676,572,Nucleus raphe obscurus,left
372,2585,2931,1167,707,626,Inferior olivary complex,left
372,2604,2233,1157,712,481,Medulla,right
372,2632,2967,1164,716,634,Inferior olivary complex,left
372,2737,3061,1158,740,654,Medulla,left
372,1670,2842,1215,503,601,Nucleus of the solitary tract,left
372,2299,3458,1189,646,730,Parvicellular reticular nucleus,left
372,2387,2984,1180,666,631,Gigantocellular reticular nucleus,left
372,2671,3014,1162,725,645,Inferior olivary complex,left
375,2660,3060,1161,722,653,Medulla,left
375,2683,3080,1160,728,658,Medulla,left
375,2386,2694,1174,662,574,crossed tectospinal pathway,left
375,1716,2020,1198,513,427,Spinal vestibular nucleus,right
373,2604,2947,1166,711,629,Inferior olivary complex,left
373,2678,3074,1162,728,657,Inferior olivary complex,left
373,1645,3195,1215,493,674,Spinal vestibular nucleus,left
373,1674,3200,1214,499,675,Spinal vestibular nucleus,left
373,2417,2926,1177,672,619,Magnocellular reticular nucleus,left
373,2719,3158,1161,738,674,Medulla,left
373,1646,3218,1215,493,680,Spinal vestibular nucleus,left
373,884,2196,1257,336,449,Copula pyramidis,right
373,1603,3190,1217,485,673,Spinal vestibular nucleus,left
374,2630,2666,1163,717,571,Nucleus raphe pallidus,left
374,2478,2660,1171,684,568,Medulla,right
374,1303,1821,1219,432,370,Copula pyramidis,right
374,2445,2650,1172,676,566,Nucleus raphe obscurus,right
374,1044,1729,1237,384,348,Paramedian lobule,right
374,1053,1737,1237,386,349,Paramedian lobule,right
374,1667,3290,1213,497,695,Spinal vestibular nucleus,left
374,2447,2267,1166,678,489,"Paragigantocellular reticular nucleus, lateral part",right
374,2470,3031,1175,684,642,Gigantocellular reticular nucleus,left
374,1714,2772,1211,513,586,Nucleus of the solitary tract,left
374,1783,2703,1206,529,571,Medulla,left
374,1799,2654,1205,532,560,Medulla,right
374,2197,2770,1183,621,587,Gigantocellular reticular nucleus,left
374,2251,1682,1173,643,362,"Spinal nucleus of the trigeminal, interpolar part",right
377,2676,3098,1161,726,662,Medulla,left
377,2629,3082,1164,716,657,Medulla,left
377,1608,3152,1216,486,665,Spinal vestibular nucleus,left
377,1619,2200,1207,488,467,Spinal vestibular nucleus,right
377,1618,3197,1215,487,674,Spinal vestibular nucleus,left
377,1630,3190,1215,489,673,Spinal vestibular nucleus,left
377,1682,3213,1212,500,678,Spinal vestibular nucleus,left
377,1898,3454,1202,553,731,"Spinal nucleus of the trigeminal, interpolar part",left
377,2388,2822,1175,665,598,Magnocellular reticular nucleus,left
377,2424,3091,1178,675,653,"Paragigantocellular reticular nucleus, lateral part",left
377,2442,2658,1171,674,568,Nucleus raphe obscurus,right
377,2453,2779,1172,679,592,Medulla,left
377,2460,3028,1174,681,642,Gigantocellular reticular nucleus,left
377,2622,3022,1163,714,645,Medulla,left
377,2636,3075,1163,717,656,Medulla,left
377,2653,2681,1160,722,574,Medulla,left
377,2668,2998,1159,724,642,Inferior olivary complex,left
377,1630,2850,1217,494,603,Nucleus of the solitary tract,left
377,2551,3164,1171,701,672,"Paragigantocellular reticular nucleus, lateral part",left
377,2619,2946,1163,714,629,Inferior olivary complex,left
382,2657,3066,1159,721,654,Medulla,left
382,2487,2245,1159,685,485,"Paragigantocellular reticular nucleus, lateral part",right
382,2718,3158,1156,737,674,Medulla,left
382,2313,2842,1176,647,601,Gigantocellular reticular nucleus,left
382,2416,2378,1166,669,513,Gigantocellular reticular nucleus,right
382,2624,3069,1161,714,655,Medulla,left
382,1232,1865,1222,415,378,Copula pyramidis,right
382,2381,1846,1161,666,398,Parvicellular reticular nucleus,right
382,2507,3138,1171,691,666,"Paragigantocellular reticular nucleus, lateral part",left
382,2578,2672,1162,705,571,Nucleus raphe pallidus,left
382,2664,2984,1157,722,638,Inferior olivary complex,left
382,1052,1730,1233,383,349,Paramedian lobule,right
382,2648,2973,1158,719,636,Inferior olivary complex,left
382,2652,2979,1158,719,637,Inferior olivary complex,left
376,1874,2029,1190,551,431,"Spinal nucleus of the trigeminal, interpolar part",right
378,2358,2931,1177,659,619,Gigantocellular reticular nucleus,left
378,1793,2654,1203,531,560,Nucleus prepositus,right
378,2496,3022,1171,688,641,Gigantocellular reticular nucleus,left
378,2628,2967,1161,715,634,Inferior olivary complex,left
378,2641,3090,1162,718,659,Medulla,left
378,2654,3020,1160,721,645,Inferior olivary complex,left
378,2664,2991,1159,723,639,Inferior olivary complex,left
378,2670,3020,1159,724,646,Inferior olivary complex,left
378,2722,3031,1155,735,648,Medulla,left
378,1634,3223,1213,490,681,Spinal vestibular nucleus,left
378,2595,2667,1163,709,570,Nucleus raphe pallidus,right
378,2620,2958,1162,713,632,Inferior olivary complex,left
378,2646,2979,1160,719,637,Inferior olivary complex,left
378,2495,2149,1158,688,465,"Paragigantocellular reticular nucleus, lateral part",right
378,2521,2277,1160,692,491,"Paragigantocellular reticular nucleus, lateral part",right
378,2731,3069,1155,738,656,Medulla,left
379,2363,2680,1172,657,571,Nucleus raphe obscurus,left
379,2605,2954,1162,710,631,Inferior olivary complex,left
379,2616,2206,1152,713,476,Medulla,right
379,2661,3089,1160,722,659,Medulla,left
379,2423,1756,1161,680,378,spinal tract of the trigeminal nerve,right
379,2580,2661,1163,705,569,Nucleus raphe pallidus,right
379,2538,3306,1173,700,702,"Paragigantocellular reticular nucleus, lateral part",left
379,2178,1762,1171,623,379,"Spinal nucleus of the trigeminal, interpolar part",right
379,2520,2276,1159,692,491,"Paragigantocellular reticular nucleus, lateral part",right
379,2597,2929,1162,708,626,Inferior olivary complex,left
380,2447,2271,1163,677,490,"Paragigantocellular reticular nucleus, lateral part",right
380,2616,2669,1161,713,571,Nucleus raphe pallidus,left
380,1059,1735,1234,386,349,Paramedian lobule,right
380,2491,2667,1167,685,569,Medulla,right
380,2396,3009,1176,667,636,Gigantocellular reticular nucleus,left
380,2513,2889,1167,691,615,Magnocellular reticular nucleus,left
380,2649,2950,1158,720,631,Inferior olivary complex,left
380,2652,2996,1159,719,640,Inferior olivary complex,left
380,2678,3084,1158,727,659,Medulla,left
380,1623,2860,1215,492,605,Medulla,left
380,1635,3232,1212,490,682,Spinal vestibular nucleus,left
380,1665,3270,1211,496,691,Spinal vestibular nucleus,left
380,1892,3497,1201,550,740,"Spinal nucleus of the trigeminal, interpolar part",left
380,2640,2970,1159,717,635,Inferior olivary complex,left
380,2656,2976,1158,721,636,Inferior olivary complex,left
380,1054,1731,1234,385,348,Paramedian lobule,right
388,2684,3049,1153,726,652,Inferior olivary complex,left
388,2621,2952,1157,712,630,Inferior olivary complex,left
388,2693,3165,1155,730,675,Medulla,left
388,2537,2662,1161,694,569,Nucleus raphe pallidus,right
388,2585,3036,1160,705,647,Medulla,left
388,2658,2948,1154,721,631,Inferior olivary complex,left
388,2668,2240,1145,724,483,Medulla,right
388,2679,3039,1153,725,650,Inferior olivary complex,left
388,1668,2187,1199,498,465,Spinal vestibular nucleus,right
388,1694,3246,1206,502,685,Spinal vestibular nucleus,left
388,1715,3303,1205,507,699,Spinal vestibular nucleus,left
388,1069,1742,1229,386,351,Paramedian lobule,right
388,1854,2657,1195,543,561,Medulla,right
383,1921,2908,1195,556,616,Intermediate reticular nucleus,left
383,2426,2896,1170,672,614,Magnocellular reticular nucleus,left
383,2687,3090,1156,727,660,Medulla,left
383,1070,1744,1231,386,352,Paramedian lobule,right
383,2451,3022,1171,678,640,Gigantocellular reticular nucleus,left
383,2476,2652,1166,681,566,Inferior olivary complex,right
383,2547,3015,1165,697,642,Medulla,left
383,2426,3351,1178,675,709,"Paragigantocellular reticular nucleus, lateral part",left
383,1705,3267,1207,505,690,Spinal vestibular nucleus,left
381,2506,2264,1160,689,489,"Paragigantocellular reticular nucleus, lateral part",right
381,2530,2658,1166,694,568,Nucleus raphe pallidus,right
381,2665,3008,1158,723,643,Inferior olivary complex,left
381,1603,3176,1215,484,670,Spinal vestibular nucleus,left
381,2644,3002,1159,718,641,Inferior olivary complex,left
381,2678,3034,1157,726,649,Inferior olivary complex,left
381,1824,2580,1200,536,544,Medulla,right
381,2407,2374,1168,668,512,Gigantocellular reticular nucleus,right
381,2601,3062,1164,709,652,Medulla,left
381,2627,2954,1160,714,632,Inferior olivary complex,left
384,2320,2554,1171,647,546,Gigantocellular reticular nucleus,right
384,1636,3163,1211,490,668,Spinal vestibular nucleus,left
384,1738,3484,1205,515,737,"Spinal nucleus of the trigeminal, interpolar part",left
385,2638,2668,1157,718,572,Nucleus raphe pallidus,left
385,1810,2711,1200,534,573,Nucleus prepositus,left
385,1964,3468,1196,567,734,"Spinal nucleus of the trigeminal, interpolar part",left
385,2444,2832,1169,676,601,Magnocellular reticular nucleus,left
385,2561,3186,1167,702,676,"Paragigantocellular reticular nucleus, lateral part",left
385,2587,3277,1168,709,696,"Paragigantocellular reticular nucleus, lateral part",left
385,2636,2956,1158,716,632,Inferior olivary complex,left
385,2642,2991,1158,717,639,Inferior olivary complex,left
385,2644,2975,1157,718,636,Inferior olivary complex,left
385,2697,3027,1154,729,647,Medulla,left
385,2727,2989,1151,736,640,Medulla,left
385,2734,3003,1151,738,643,Medulla,left
385,1628,3274,1211,488,693,Spinal vestibular nucleus,left
385,2127,2861,1184,604,605,Gigantocellular reticular nucleus,left
385,2438,2273,1162,675,491,"Paragigantocellular reticular nucleus, lateral part",right
385,2567,3350,1171,705,712,"Paragigantocellular reticular nucleus, lateral part",left
385,2673,2977,1155,724,636,Inferior olivary complex,left
385,2693,3015,1154,729,645,Medulla,left
386,2649,3075,1157,719,656,Medulla,left
386,2593,2669,1159,708,571,Nucleus raphe pallidus,left
386,2404,3347,1178,670,707,"Nucleus ambiguus, ventral division",left
386,2644,2961,1156,718,633,Inferior olivary complex,left
386,2645,3110,1158,719,663,Medulla,left
386,2680,3026,1154,725,647,Inferior olivary complex,left
386,1669,3327,1208,497,704,Spinal vestibular nucleus,left
386,1894,1851,1180,553,393,"Spinal nucleus of the trigeminal, interpolar part",right
386,2698,3017,1153,730,645,Medulla,left
386,1629,3255,1210,488,688,Spinal vestibular nucleus,left
386,2072,2023,1175,595,434,Parvicellular reticular nucleus,right
387,2559,3108,1164,701,661,"Paragigantocellular reticular nucleus, lateral part",left
387,1817,2631,1197,534,555,Nucleus prepositus,right
387,1629,3168,1210,488,669,Spinal vestibular nucleus,left
387,1644,3211,1209,491,678,Spinal vestibular nucleus,left
387,2625,3014,1157,713,644,Medulla,left
387,2645,3033,1156,718,648,Medulla,left
387,1591,3153,1213,480,667,Spinal vestibular nucleus,left
387,2643,2942,1155,717,629,Inferior olivary complex,left
387,2655,3028,1155,720,647,Medulla,left
387,2676,2995,1153,724,640,Inferior olivary complex,left
387,1583,3209,1212,479,679,Spinal vestibular nucleus,left
387,2046,2052,1176,588,439,Parvicellular reticular nucleus,right
387,2629,3083,1158,715,658,Medulla,left
387,1068,1742,1229,386,351,Paramedian lobule,right
387,1666,3263,1207,495,690,Spinal vestibular nucleus,left
389,2669,3039,1154,723,649,Inferior olivary complex,left
389,2661,2982,1154,721,637,Inferior olivary complex,left
389,1060,1735,1230,384,350,Paramedian lobule,right
389,1689,3295,1206,501,697,Spinal vestibular nucleus,left
389,2309,2375,1169,646,512,Gigantocellular reticular nucleus,right
389,2484,3123,1169,686,662,"Paragigantocellular reticular nucleus, lateral part",left
389,2651,2993,1155,718,640,Inferior olivary complex,left
389,1884,2544,1193,549,538,"Paragigantocellular reticular nucleus, dorsal part",right
389,1892,2541,1193,550,538,"Paragigantocellular reticular nucleus, dorsal part",right
389,2024,2033,1176,584,435,Parvicellular reticular nucleus,right
389,2484,3503,1176,685,743,Medulla,left
389,1632,3179,1210,488,672,Spinal vestibular nucleus,left
389,1633,3178,1210,489,672,Spinal vestibular nucleus,left
389,1686,2784,1207,505,589,Nucleus prepositus,left
389,1763,2444,1198,520,518,Dorsal motor nucleus of the vagus nerve,right
389,2289,2404,1170,642,518,Gigantocellular reticular nucleus,right
391,2655,3115,1155,720,664,Medulla,left
391,2442,2728,1164,672,582,Medulla,left
391,2608,2666,1155,710,570,Nucleus raphe pallidus,right
391,2405,2482,1163,665,533,Magnocellular reticular nucleus,right
391,2606,3041,1157,709,648,Medulla,left
391,2677,2976,1151,723,636,Inferior olivary complex,left
391,1698,2863,1205,507,607,Medulla,left
391,1699,3285,1204,503,694,Spinal vestibular nucleus,left
391,2441,2682,1164,672,572,Nucleus raphe obscurus,left
395,2687,3079,1150,726,658,Medulla,left
395,1592,3173,1209,479,672,Spinal vestibular nucleus,left
395,1618,3156,1208,485,667,Spinal vestibular nucleus,left
395,2672,2988,1150,722,639,Inferior olivary complex,left
395,2684,3057,1150,725,653,Medulla,left
395,1600,3238,1208,480,686,Spinal vestibular nucleus,left
395,1686,3224,1203,499,681,Spinal vestibular nucleus,left
395,2532,3284,1166,696,697,"Paragigantocellular reticular nucleus, lateral part",left
395,2627,2927,1152,712,625,Inferior olivary complex,left
395,2664,2940,1150,721,629,Inferior olivary complex,left
395,2691,3069,1150,727,656,Medulla,left
395,2720,3159,1149,735,674,Medulla,left
395,2726,2997,1146,734,641,Medulla,left
395,1576,3259,1209,476,691,Spinal vestibular nucleus,left
395,1664,3290,1204,494,696,Spinal vestibular nucleus,left
395,1677,3308,1204,497,701,Spinal vestibular nucleus,left
395,2681,3032,1150,724,647,Inferior olivary complex,left
392,2475,2283,1156,681,494,"Paragigantocellular reticular nucleus, lateral part",right
392,1738,2450,1198,514,519,Dorsal motor nucleus of the vagus nerve,right
392,2721,3127,1151,735,667,Medulla,left
392,2452,3010,1167,677,638,Gigantocellular reticular nucleus,left
392,2575,2087,1146,704,451,"Paragigantocellular reticular nucleus, lateral part",right
392,2612,3216,1161,712,684,"Paragigantocellular reticular nucleus, lateral part",left
392,1699,3288,1204,503,696,Spinal vestibular nucleus,left
392,2487,2308,1156,683,499,"Paragigantocellular reticular nucleus, lateral part",right
390,1604,3165,1211,483,669,Spinal vestibular nucleus,left
390,1683,3292,1206,500,696,Spinal vestibular nucleus,left
390,2472,2733,1164,679,583,Medulla,left
390,2626,2940,1155,713,628,Inferior olivary complex,left
390,1074,1746,1228,386,352,Paramedian lobule,right
390,1717,2020,1192,511,428,Spinal vestibular nucleus,right
390,2329,1918,1159,654,414,Parvicellular reticular nucleus,right
390,2637,2962,1155,715,633,Inferior olivary complex,left
390,2655,2968,1153,719,635,Inferior olivary complex,left
390,1089,1758,1227,389,355,Paramedian lobule,right
390,2615,3128,1159,712,666,"Paragigantocellular reticular nucleus, lateral part",left
394,2634,3072,1154,715,655,Medulla,left
394,2629,2670,1153,714,572,Nucleus raphe pallidus,left
394,2417,2679,1163,666,572,Nucleus raphe obscurus,left
394,1587,3239,1209,478,686,Spinal vestibular nucleus,left
394,2261,2486,1169,633,533,Gigantocellular reticular nucleus,right
394,2478,2694,1161,681,575,Inferior olivary complex,left
394,2592,3068,1158,706,654,Medulla,left
394,2598,3036,1156,707,647,Medulla,left
394,2630,3052,1154,714,651,Medulla,left
394,2661,2966,1151,720,634,Inferior olivary complex,left
394,2669,2962,1150,722,633,Inferior olivary complex,left
394,2677,3075,1152,724,656,Medulla,left
394,1627,3229,1207,486,683,Spinal vestibular nucleus,left
394,1642,3254,1206,489,689,Spinal vestibular nucleus,left
393,2477,2214,1154,681,479,"Paragigantocellular reticular nucleus, lateral part",right
393,2669,2951,1151,722,631,Inferior olivary complex,left
393,1645,3170,1208,491,670,Spinal vestibular nucleus,left
393,1659,3205,1206,494,677,Spinal vestibular nucleus,left
393,1679,3266,1205,498,690,Spinal vestibular nucleus,left
393,1701,3303,1204,503,699,Spinal vestibular nucleus,left
393,2585,2334,1151,704,503,Medulla,right
393,2642,2963,1153,716,634,Inferior olivary complex,left
393,1570,3209,1211,476,680,Spinal vestibular nucleus,left
393,1650,3150,1208,492,665,Spinal vestibular nucleus,left
393,1803,3205,1199,528,676,Nucleus of the solitary tract,left
393,2735,2974,1147,737,637,Medulla,left
398,2611,3081,1154,709,656,Medulla,left
398,1874,2082,1182,546,443,Nucleus of the solitary tract,right
398,2029,2932,1184,581,619,Gigantocellular reticular nucleus,left
398,2461,2662,1160,675,568,Nucleus raphe obscurus,right
398,2642,3029,1151,715,647,Medulla,left
398,1697,3229,1202,501,682,Spinal vestibular nucleus,left
396,2658,3058,1151,720,653,Medulla,left
396,2669,3027,1150,722,646,Inferior olivary complex,left
396,1613,3249,1207,483,688,Spinal vestibular nucleus,left
396,2649,3047,1152,718,650,Medulla,left
396,1616,3232,1207,484,683,Spinal vestibular nucleus,left
396,1720,3235,1201,507,683,Spinal vestibular nucleus,left
396,2659,2975,1150,720,636,Inferior olivary complex,left
396,2509,3181,1165,691,674,"Paragigantocellular reticular nucleus, lateral part",left
396,2744,2722,1143,738,584,Medulla,left
397,2590,3060,1156,705,652,Medulla,left
397,2728,3124,1148,737,667,Medulla,left
397,2738,3019,1145,738,646,Medulla,left
397,2526,2993,1160,692,637,Gigantocellular reticular nucleus,left
397,2599,2751,1154,707,588,Inferior olivary complex,left
397,1608,3197,1208,483,676,Spinal vestibular nucleus,left
397,1670,3254,1204,495,688,Spinal vestibular nucleus,left
397,2373,2920,1168,660,618,Gigantocellular reticular nucleus,left
397,2584,3270,1162,707,695,"Paragigantocellular reticular nucleus, lateral part",left
397,2706,3232,1152,734,689,Medulla,left
401,2617,2675,1151,710,573,Nucleus raphe pallidus,left
401,2546,2927,1156,695,623,Magnocellular reticular nucleus,left
401,1584,3252,1207,477,689,Spinal vestibular nucleus,left
401,1636,3193,1205,487,676,Spinal vestibular nucleus,left
401,2438,2667,1159,670,569,Nucleus raphe obscurus,right
401,2627,3154,1154,713,672,"Paragigantocellular reticular nucleus, lateral part",left
401,2726,3146,1147,736,671,Medulla,left
401,1666,3163,1203,494,669,Spinal vestibular nucleus,left
401,1691,3123,1202,500,660,Medial vestibular nucleus,left
401,2014,3428,1187,576,725,"Spinal nucleus of the trigeminal, interpolar part",left
401,2297,2544,1165,639,545,Gigantocellular reticular nucleus,right
401,2385,3274,1171,665,692,"Paragigantocellular reticular nucleus, lateral part",left
401,2713,3037,1145,731,649,Medulla,left
401,1711,3291,1200,504,696,Spinal vestibular nucleus,left
401,2576,2986,1154,701,636,Medulla,left
401,2629,2682,1150,713,574,Nucleus raphe pallidus,left
399,1639,3266,1204,488,691,Spinal vestibular nucleus,left
399,2453,3031,1163,677,642,"Paragigantocellular reticular nucleus, lateral part",left
399,2425,2816,1162,669,598,Magnocellular reticular nucleus,left
399,2573,3237,1160,704,687,"Paragigantocellular reticular nucleus, lateral part",left
399,2634,2886,1150,714,617,Inferior olivary complex,left
399,2576,2661,1153,701,569,Nucleus raphe pallidus,right
400,2430,2841,1162,670,603,Magnocellular reticular nucleus,left
400,2435,3011,1164,673,637,Gigantocellular reticular nucleus,left
400,1714,3162,1200,505,667,Medial vestibular nucleus,left
406,2661,3064,1147,719,654,Medulla,left
406,2637,3034,1148,713,648,Medulla,left
406,2737,2996,1141,735,641,Medulla,left
406,2488,2133,1145,683,462,"Paragigantocellular reticular nucleus, lateral part",right
406,2635,2673,1147,713,573,Nucleus raphe pallidus,left
406,2227,3157,1174,629,665,Intermediate reticular nucleus,left
406,2554,3016,1153,696,642,Medulla,left
402,2736,3036,1143,736,649,Medulla,left
402,2399,2965,1164,665,628,Gigantocellular reticular nucleus,left
402,1676,3307,1201,496,700,Spinal vestibular nucleus,left
402,2166,2678,1172,611,570,Gigantocellular reticular nucleus,right
402,2598,3034,1152,706,647,Medulla,left
402,2683,2687,1145,724,576,Medulla,left
402,1954,2581,1184,563,547,Gigantocellular reticular nucleus,right
402,2315,2674,1164,643,570,Nucleus raphe obscurus,right
402,2741,2969,1142,736,636,Medulla,left
404,1703,3261,1199,503,689,Spinal vestibular nucleus,left
404,2648,2674,1147,716,573,Nucleus raphe pallidus,left
404,2664,3036,1147,720,648,Medulla,left
404,2564,2656,1152,698,568,Nucleus raphe pallidus,right
404,2686,3044,1146,724,651,Medulla,left
404,2721,2749,1142,731,590,pyramid,left
404,1640,3224,1203,488,682,Spinal vestibular nucleus,left
404,1910,3265,1190,551,688,Parvicellular reticular nucleus,left
404,2141,1942,1162,610,417,Parvicellular reticular nucleus,right
404,1695,3242,1199,500,685,Spinal vestibular nucleus,left
404,1806,2006,1181,530,426,Nucleus of the solitary tract,right
404,2535,3159,1159,694,671,"Paragigantocellular reticular nucleus, lateral part",left
403,2700,2239,1136,729,484,Medulla,right
403,2721,3175,1146,735,677,Medulla,left
403,2473,3043,1160,681,646,"Paragigantocellular reticular nucleus, lateral part",left
403,2544,2996,1155,695,638,Medulla,left
403,2567,2672,1152,698,571,Nucleus raphe pallidus,left
403,2643,3161,1151,717,673,"Paragigantocellular reticular nucleus, lateral part",left
403,1619,3261,1203,483,690,Spinal vestibular nucleus,left
403,2682,3071,1146,724,655,Medulla,left
403,2723,3160,1145,736,674,Medulla,left
407,2675,2722,1143,721,583,Medulla,left
407,2465,3019,1158,678,640,"Paragigantocellular reticular nucleus, lateral part",left
407,1815,2624,1188,531,554,Nucleus prepositus,right
407,2461,2638,1155,673,564,Medulla,right
407,2702,3109,1144,728,664,Medulla,left
407,2687,3066,1144,724,655,Medulla,left
405,2666,3017,1147,720,644,Medulla,left
405,1649,3280,1202,490,694,Spinal vestibular nucleus,left
405,1846,2625,1189,539,555,"Paragigantocellular reticular nucleus, dorsal part",right
405,2268,2847,1168,634,603,Gigantocellular reticular nucleus,left
405,1722,3204,1198,506,677,Spinal vestibular nucleus,left
408,2683,3098,1145,725,662,Medulla,left
408,1705,3132,1198,502,661,Medial vestibular nucleus,left
408,2366,2854,1161,655,606,Magnocellular reticular nucleus,left
408,2518,2681,1152,687,573,Inferior olivary complex,left
408,1611,3180,1203,481,673,Spinal vestibular nucleus,left
408,2662,2683,1144,718,575,Nucleus raphe pallidus,left
408,2241,2805,1167,627,595,Gigantocellular reticular nucleus,left
408,2685,3069,1144,724,656,Medulla,left
412,2694,3051,1141,726,652,Medulla,left
412,1939,1974,1169,561,421,"Spinal nucleus of the trigeminal, interpolar part",right
412,1616,3169,1201,482,671,Spinal vestibular nucleus,left
412,2430,3027,1159,671,641,"Paragigantocellular reticular nucleus, lateral part",left
412,2482,2244,1146,679,486,"Paragigantocellular reticular nucleus, lateral part",right
412,2502,3025,1154,685,642,"Paragigantocellular reticular nucleus, lateral part",left
412,2561,2145,1139,697,464,"Paragigantocellular reticular nucleus, lateral part",right
412,1653,3238,1198,490,686,Spinal vestibular nucleus,left
412,1672,3173,1198,493,671,Spinal vestibular nucleus,left
409,1592,3214,1204,477,681,Spinal vestibular nucleus,left
409,1638,3184,1201,487,674,Spinal vestibular nucleus,left
409,2447,2673,1155,670,571,Nucleus raphe obscurus,left
409,1846,3603,1190,538,763,"Spinal nucleus of the trigeminal, interpolar part",left
409,2615,3025,1148,709,645,Medulla,left
409,2628,3201,1151,714,681,"Paragigantocellular reticular nucleus, lateral part",left
409,2692,3021,1143,725,646,Medulla,left
409,1671,3302,1199,494,699,Spinal vestibular nucleus,left
409,2661,2693,1144,718,577,Medulla,left
409,2684,3070,1144,724,656,Medulla,left
410,2509,2688,1152,685,575,Inferior olivary complex,left
410,1584,3217,1203,476,682,Spinal vestibular nucleus,left
410,1586,3255,1203,476,690,Spinal vestibular nucleus,left
410,1601,3195,1203,479,677,Spinal vestibular nucleus,left
410,1604,3206,1202,480,679,Spinal vestibular nucleus,left
410,1940,1769,1166,562,379,"Spinal nucleus of the trigeminal, interpolar part",right
410,2198,2749,1167,617,584,Gigantocellular reticular nucleus,left
410,2538,2972,1152,693,632,Magnocellular reticular nucleus,left
410,2702,2728,1140,726,585,pyramid,left
410,1554,3224,1205,470,684,Spinal vestibular nucleus,left
410,2401,2938,1160,663,623,Gigantocellular reticular nucleus,left
410,2436,2769,1156,669,590,Magnocellular reticular nucleus,left
410,2447,3029,1159,674,642,"Paragigantocellular reticular nucleus, lateral part",left
410,2453,2683,1154,672,573,Nucleus raphe obscurus,left
410,2737,2975,1138,734,637,Medulla,left
410,1828,3229,1190,531,681,Nucleus of the solitary tract,left
410,2364,3016,1163,657,637,Gigantocellular reticular nucleus,left
410,2502,3164,1158,687,671,"Paragigantocellular reticular nucleus, lateral part",left
411,2195,2490,1166,617,534,Gigantocellular reticular nucleus,right
411,2657,2289,1136,716,495,Medulla,right
411,2347,2878,1161,650,610,Gigantocellular reticular nucleus,left
411,2562,2777,1149,696,593,Medulla,left
411,2647,2994,1144,714,640,Medulla,left
411,2677,2285,1135,721,494,Medulla,right
411,1601,3271,1201,478,693,Spinal vestibular nucleus,left
411,2384,2851,1158,658,605,Magnocellular reticular nucleus,left
411,1578,3204,1203,475,680,Spinal vestibular nucleus,left
411,1631,3292,1199,485,697,Spinal vestibular nucleus,left
411,2455,2832,1154,673,602,Magnocellular reticular nucleus,left
413,2551,2956,1150,694,630,Magnocellular reticular nucleus,left
413,2071,2001,1163,592,429,Parvicellular reticular nucleus,right
413,2642,2673,1144,713,573,Nucleus raphe pallidus,left
413,1652,3156,1199,489,667,Spinal vestibular nucleus,left
413,1642,3201,1200,487,677,Spinal vestibular nucleus,left
414,2639,2637,1143,712,565,Nucleus raphe pallidus,right
414,2576,3212,1152,702,682,"Paragigantocellular reticular nucleus, lateral part",left
414,2545,2676,1148,692,572,Medulla,left
414,2597,2668,1146,703,572,Nucleus raphe pallidus,left
414,1659,3263,1197,491,691,Spinal vestibular nucleus,left
414,1709,3221,1195,502,681,Spinal vestibular nucleus,left
414,1758,2983,1192,515,631,Dorsal motor nucleus of the vagus nerve,left
421,2672,3023,1139,719,646,Medulla,left
421,2568,2336,1139,696,505,Magnocellular reticular nucleus,right
421,2639,2660,1140,711,570,Nucleus raphe pallidus,right
421,2652,2668,1139,713,572,Nucleus raphe pallidus,left
421,1624,3262,1197,482,691,Spinal vestibular nucleus,left
421,1645,3244,1196,487,687,Spinal vestibular nucleus,left
421,2426,3011,1155,668,638,Gigantocellular reticular nucleus,left
421,2509,3247,1155,688,688,"Paragigantocellular reticular nucleus, lateral part",left
421,1808,3210,1187,525,677,Nucleus of the solitary tract,left
416,2688,3060,1140,724,654,Medulla,left
416,2666,3031,1141,718,647,Medulla,left
416,1887,2802,1182,546,594,"Paragigantocellular reticular nucleus, dorsal part",left
416,2551,3108,1151,695,661,"Paragigantocellular reticular nucleus, lateral part",left
416,2631,2673,1142,710,573,Nucleus raphe pallidus,left
416,1789,2461,1185,523,522,Medulla,right
416,1728,3261,1193,507,689,Spinal vestibular nucleus,left
416,2492,2752,1150,680,587,Magnocellular reticular nucleus,left
416,2261,2757,1161,630,586,Gigantocellular reticular nucleus,left
415,2653,3034,1142,716,648,Medulla,left
415,1815,2557,1184,529,540,Nucleus prepositus,right
415,2344,3238,1165,654,684,Intermediate reticular nucleus,left
417,2542,2846,1148,691,607,Magnocellular reticular nucleus,left
417,2543,3057,1150,693,650,"Paragigantocellular reticular nucleus, lateral part",left
417,1562,3247,1202,470,689,Spinal vestibular nucleus,left
417,1572,3216,1201,472,682,Spinal vestibular nucleus,left
417,1617,3184,1199,481,675,Spinal vestibular nucleus,left
417,1712,3219,1194,502,681,Spinal vestibular nucleus,left
417,2725,2706,1136,730,580,Medulla,left
417,1560,3345,1201,470,711,Spinal vestibular nucleus,left
417,1680,1909,1180,501,406,Nucleus x,right
417,2544,3119,1151,694,663,"Paragigantocellular reticular nucleus, lateral part",left
418,2614,3025,1144,707,645,Medulla,left
418,1638,3192,1197,486,675,Spinal vestibular nucleus,left
418,1591,3264,1199,475,693,Spinal vestibular nucleus,left
418,1660,3241,1196,490,686,Spinal vestibular nucleus,left
418,2424,2759,1152,665,588,Magnocellular reticular nucleus,left
418,2541,2952,1148,691,628,Magnocellular reticular nucleus,left
418,2553,3150,1150,697,669,"Paragigantocellular reticular nucleus, lateral part",left
418,1724,3271,1192,506,692,Spinal vestibular nucleus,left
418,2452,2437,1149,671,525,Magnocellular reticular nucleus,right
418,2523,2951,1149,688,628,Magnocellular reticular nucleus,left
419,2485,2597,1148,677,556,Magnocellular reticular nucleus,right
419,2598,3253,1149,707,692,"Paragigantocellular reticular nucleus, lateral part",left
419,1611,3231,1198,479,685,Spinal vestibular nucleus,left
419,2682,2728,1137,720,585,Medulla,left
419,2586,2986,1144,700,637,Medulla,left
419,2355,2945,1158,652,623,Gigantocellular reticular nucleus,left
420,2607,3036,1144,705,647,Medulla,left
420,1596,3184,1199,476,675,Spinal vestibular nucleus,left
420,2558,2916,1145,695,622,Magnocellular reticular nucleus,left
420,2616,2667,1141,706,571,Nucleus raphe pallidus,left
420,2684,2993,1138,722,640,Medulla,left
420,1599,3238,1198,477,687,Spinal vestibular nucleus,left
420,2665,2675,1138,716,573,Nucleus raphe pallidus,left
420,2671,2668,1138,717,572,Nucleus raphe pallidus,left
420,1668,3211,1194,492,679,Spinal vestibular nucleus,left
420,2469,3270,1158,680,693,"Paragigantocellular reticular nucleus, lateral part",left
422,2626,2942,1140,708,628,Medulla,left
422,2750,3050,1133,737,652,Medulla,left
422,2283,2410,1156,636,520,Gigantocellular reticular nucleus,right
422,2562,2678,1144,693,573,Medulla,left
422,2653,3002,1139,715,641,Medulla,left
422,1038,1765,1217,371,359,Paramedian lobule,right
422,2528,2262,1139,688,489,"Paragigantocellular reticular nucleus, lateral part",right
422,2753,2999,1132,737,642,Medulla,left
424,2644,2673,1138,711,573,Nucleus raphe pallidus,left
424,2229,2814,1161,623,597,Gigantocellular reticular nucleus,left
424,2333,2920,1157,647,618,Gigantocellular reticular nucleus,left
424,2553,2943,1144,693,628,Magnocellular reticular nucleus,left
424,1775,2682,1184,520,567,Nucleus prepositus,right
424,1657,3198,1194,488,678,Spinal vestibular nucleus,left
423,2529,2273,1138,688,493,"Paragigantocellular reticular nucleus, lateral part",right
423,2328,2827,1155,644,600,Gigantocellular reticular nucleus,left
423,2689,2676,1134,721,574,Nucleus raphe pallidus,left
423,2541,3136,1148,693,666,"Paragigantocellular reticular nucleus, lateral part",left
425,2665,2970,1137,716,635,Medulla,left
425,1649,3290,1194,487,698,Spinal vestibular nucleus,left
425,1725,3272,1190,505,692,Spinal vestibular nucleus,left
425,2365,2850,1154,652,605,Gigantocellular reticular nucleus,left
425,1568,3175,1199,471,674,Spinal vestibular nucleus,left
425,1606,3238,1196,477,687,Spinal vestibular nucleus,left
425,1614,3176,1196,480,673,Spinal vestibular nucleus,left
425,1622,3167,1196,481,671,Spinal vestibular nucleus,left
425,1628,3266,1195,483,692,Spinal vestibular nucleus,left
425,1729,3231,1189,506,683,Spinal vestibular nucleus,left
425,2589,2948,1142,701,630,Magnocellular reticular nucleus,left
425,1081,2325,1221,367,481,arbor vitae,right
425,1116,2339,1219,375,486,arbor vitae,right
425,1569,3202,1198,471,679,Spinal vestibular nucleus,left
425,1581,3241,1197,472,688,Spinal vestibular nucleus,left
426,2616,3063,1141,707,654,Medulla,left
426,1599,3184,1196,476,676,Spinal vestibular nucleus,left
426,1634,3271,1194,484,693,Spinal vestibular nucleus,left
426,1740,3213,1188,508,680,Spinal vestibular nucleus,left
426,2100,2590,1166,593,552,Gigantocellular reticular nucleus,right
426,2547,2677,1142,689,572,Nucleus raphe obscurus,left
426,2562,3313,1151,698,704,"Paragigantocellular reticular nucleus, lateral part",left
426,2639,2989,1138,711,639,Medulla,left
426,1582,3234,1197,472,687,Spinal vestibular nucleus,left
430,2697,3030,1133,723,648,Medulla,left
430,2650,2679,1134,711,574,Nucleus raphe pallidus,left
430,2433,2672,1145,664,571,Nucleus raphe obscurus,left
430,2535,2710,1141,686,579,Medulla,left
430,2694,3005,1132,722,643,Medulla,left
430,2508,3134,1147,686,665,"Paragigantocellular reticular nucleus, lateral part",left
430,2649,2967,1135,712,634,Medulla,left
430,1689,3249,1189,495,688,Spinal vestibular nucleus,left
430,2718,3055,1131,729,653,Medulla,left
430,2334,2878,1153,646,610,Gigantocellular reticular nucleus,left
427,1641,3217,1193,484,681,Spinal vestibular nucleus,left
427,1610,3140,1195,478,666,Spinal vestibular nucleus,left
427,2447,2829,1147,668,602,Magnocellular reticular nucleus,left
427,2561,2925,1142,694,624,Magnocellular reticular nucleus,left
427,1070,2377,1221,365,493,Fastigial nucleus,right
427,1692,3209,1190,496,679,Spinal vestibular nucleus,left
427,1106,2408,1219,372,501,Fastigial nucleus,right
436,2642,2998,1133,710,641,Parapyramidal nucleus,left
436,2661,2680,1131,712,575,Nucleus raphe pallidus,left
436,1856,2916,1176,535,618,Medulla,left
436,2683,2972,1130,719,635,Medulla,left
436,2693,3015,1130,722,645,Parapyramidal nucleus,left
436,2512,2671,1139,679,571,Nucleus raphe obscurus,left
436,2564,2371,1133,693,513,Magnocellular reticular nucleus,right
436,2575,2367,1132,695,512,Magnocellular reticular nucleus,right
436,2757,2966,1125,734,635,Medulla,left
428,2751,2998,1130,735,642,Medulla,left
428,1601,3154,1196,476,669,Spinal vestibular nucleus,left
428,2682,2677,1133,718,574,Nucleus raphe pallidus,left
428,1661,3167,1192,489,670,Spinal vestibular nucleus,left
428,1858,2918,1180,537,619,Medulla,left
428,2426,3272,1156,669,692,"Paragigantocellular reticular nucleus, lateral part",left
428,1040,1763,1215,369,359,Paramedian lobule,right
429,1625,3179,1194,481,674,Spinal vestibular nucleus,left
429,2515,2934,1145,684,625,Magnocellular reticular nucleus,left
429,2662,2954,1135,715,632,Medulla,left
429,1596,3219,1195,475,683,Spinal vestibular nucleus,left
429,2401,2974,1152,661,630,Gigantocellular reticular nucleus,left
429,1677,3271,1191,492,693,Spinal vestibular nucleus,left
432,2745,3056,1129,734,653,Medulla,left
432,2662,2672,1133,713,572,Nucleus raphe pallidus,left
431,2638,2923,1135,710,625,Medulla,left
435,2616,3028,1135,705,647,Medulla,left
435,2652,2690,1131,710,577,Medulla,left
435,2681,3033,1131,719,649,Parapyramidal nucleus,left
435,2187,2895,1159,612,613,Gigantocellular reticular nucleus,left
435,1567,3189,1193,467,678,Spinal vestibular nucleus,left
434,1071,2351,1218,364,488,Fastigial nucleus,right
434,2398,3259,1155,663,690,"Paragigantocellular reticular nucleus, lateral part",left
434,2591,2895,1137,699,618,Magnocellular reticular nucleus,left
434,1546,3249,1195,464,691,Spinal vestibular nucleus,left
434,1629,3149,1191,481,668,Spinal vestibular nucleus,left
434,2197,2903,1160,615,614,Gigantocellular reticular nucleus,left
440,2681,2995,1129,717,641,Parapyramidal nucleus,left
440,2618,2690,1132,702,576,Medulla,left
440,2177,3061,1161,611,645,Intermediate reticular nucleus,left
440,2571,2856,1135,693,610,Magnocellular reticular nucleus,left
440,2661,2998,1130,713,641,Parapyramidal nucleus,left
440,1210,2039,1199,395,422,Interposed nucleus,right
440,2575,3099,1138,697,660,"Paragigantocellular reticular nucleus, lateral part",left
440,2697,2677,1126,718,574,Nucleus raphe pallidus,left
433,1106,2332,1216,372,484,Fastigial nucleus,right
433,1566,3175,1195,468,674,Spinal vestibular nucleus,left
433,1650,3190,1191,486,676,Spinal vestibular nucleus,left
433,2709,3012,1131,726,644,Medulla,left
437,1609,3199,1191,476,679,Spinal vestibular nucleus,left
437,2690,2278,1123,722,494,Parapyramidal nucleus,right
437,1644,3253,1189,484,690,Spinal vestibular nucleus,left
437,1718,3156,1185,501,667,Medial vestibular nucleus,left
437,1702,3210,1186,497,680,Spinal vestibular nucleus,left
438,2610,3067,1136,704,654,"Paragigantocellular reticular nucleus, lateral part",left
438,2570,2867,1136,693,612,Magnocellular reticular nucleus,left
439,2649,2976,1131,711,636,Parapyramidal nucleus,left
439,1697,3154,1185,495,668,Medial vestibular nucleus,left
439,2535,2304,1132,686,500,"Paragigantocellular reticular nucleus, lateral part",right
439,1655,3255,1187,486,690,Spinal vestibular nucleus,left
441,2663,3018,1130,715,645,Parapyramidal nucleus,left
441,2563,2691,1135,691,576,Medulla,left
441,1612,3128,1190,476,664,Medial vestibular nucleus,left
441,1641,3231,1188,482,685,Spinal vestibular nucleus,left
441,1706,3204,1184,497,679,Spinal vestibular nucleus,left
441,1759,3160,1181,510,668,Medial vestibular nucleus,left
441,2295,2794,1150,634,594,Gigantocellular reticular nucleus,left
441,2717,3099,1128,728,662,Medulla,left
441,2522,2302,1132,683,499,"Paragigantocellular reticular nucleus, lateral part",right
441,2676,2717,1128,714,582,Medulla,left
443,1017,1737,1209,362,354,Paramedian lobule,right
443,2444,2995,1143,668,636,Gigantocellular reticular nucleus,left
443,1207,1988,1197,395,411,Interposed nucleus,right
443,1649,3186,1186,484,675,Spinal vestibular nucleus,left
442,1607,3175,1189,474,674,Spinal vestibular nucleus,left
442,2504,2893,1138,679,617,Magnocellular reticular nucleus,left
442,2693,2314,1120,722,502,Medulla,right
442,1262,2039,1194,405,424,Interposed nucleus,right
444,2510,2909,1137,680,620,Magnocellular reticular nucleus,left
444,2634,2674,1129,705,573,Nucleus raphe magnus,left
444,2660,3150,1131,716,672,"Paragigantocellular reticular nucleus, lateral part",left
444,1636,3143,1187,480,667,Spinal vestibular nucleus,left
444,1654,3198,1185,485,679,Spinal vestibular nucleus,left
445,2610,2669,1130,699,572,Nucleus raphe magnus,left
445,2381,2548,1141,651,548,Gigantocellular reticular nucleus,right
445,2259,2581,1148,626,553,Gigantocellular reticular nucleus,right
445,2561,2845,1134,690,607,Magnocellular reticular nucleus,left
445,1758,2663,1176,513,564,Nucleus prepositus,right
445,2534,2677,1134,683,573,Nucleus raphe magnus,left
445,2554,3254,1141,694,692,"Paragigantocellular reticular nucleus, lateral part",left
446,2608,3080,1132,703,657,"Paragigantocellular reticular nucleus, lateral part",left
446,2624,2933,1129,704,627,Magnocellular reticular nucleus,left
446,2559,2716,1132,688,581,Medulla,left
446,2368,2814,1143,650,599,Gigantocellular reticular nucleus,left
447,2698,3032,1124,721,648,Parapyramidal nucleus,left
447,2143,2678,1154,601,571,Gigantocellular reticular nucleus,left
447,1222,2019,1194,396,418,Interposed nucleus,right
447,1638,3216,1184,481,682,Spinal vestibular nucleus,left
447,1858,2551,1169,535,541,"Paragigantocellular reticular nucleus, dorsal part",right
447,2604,2882,1129,699,615,Magnocellular reticular nucleus,left
447,2625,2968,1129,704,635,Magnocellular reticular nucleus,left
448,2246,2593,1148,622,556,Gigantocellular reticular nucleus,right
448,1597,3268,1186,472,695,Spinal vestibular nucleus,left
448,1668,2592,1177,491,548,Nucleus prepositus,right
448,2528,2916,1134,684,621,Magnocellular reticular nucleus,left
448,1261,2051,1192,404,426,Interposed nucleus,right
449,2574,2903,1131,693,620,Magnocellular reticular nucleus,left
449,2280,2902,1149,632,614,Gigantocellular reticular nucleus,left
449,1040,2307,1213,356,479,arbor vitae,right
449,1574,3145,1188,467,669,Spinal vestibular nucleus,left
449,1630,3359,1185,481,714,Spinal vestibular nucleus,left
449,1638,3199,1184,481,679,Spinal vestibular nucleus,left
449,1131,2224,1206,375,463,arbor vitae,right
449,2276,2890,1149,630,612,Gigantocellular reticular nucleus,left
450,2624,2953,1128,703,632,Magnocellular reticular nucleus,left
450,1684,3146,1181,491,666,Medial vestibular nucleus,left
450,1709,1906,1164,504,405,Nucleus x,right
450,1617,3145,1185,475,668,Spinal vestibular nucleus,left
450,2393,2842,1140,655,604,Gigantocellular reticular nucleus,left
450,2542,2834,1132,685,605,Magnocellular reticular nucleus,left
450,2623,2691,1126,701,576,medial lemniscus,left
450,2642,2988,1127,707,639,Parapyramidal nucleus,left
450,1205,2005,1195,393,415,Interposed nucleus,right
450,1625,3151,1185,477,669,Spinal vestibular nucleus,left
450,1673,3185,1182,488,675,Spinal vestibular nucleus,left
450,1787,2994,1175,516,634,Medial vestibular nucleus,left
450,2614,2729,1127,699,584,medial lemniscus,left
450,2636,2614,1125,703,562,medial lemniscus,right
451,2692,2971,1123,717,636,Parapyramidal nucleus,left
451,2577,2997,1130,693,639,Medulla,left
451,1040,2376,1213,356,495,Fastigial nucleus,right
451,2528,2969,1133,684,633,Medulla,left
451,2583,3099,1132,698,661,"Paragigantocellular reticular nucleus, lateral part",left
451,1614,3272,1184,475,695,Spinal vestibular nucleus,left
451,2583,2910,1129,694,621,Magnocellular reticular nucleus,left
451,2521,3342,1142,686,710,"Paragigantocellular reticular nucleus, lateral part",left
451,1578,3244,1185,468,690,Spinal vestibular nucleus,left
452,1218,2034,1193,395,422,Interposed nucleus,right
452,1062,2300,1210,360,479,Fastigial nucleus,right
452,1185,2027,1196,388,419,Interposed nucleus,right
452,1611,3247,1184,474,690,Spinal vestibular nucleus,left
454,2632,2686,1124,701,576,medial lemniscus,left
454,2583,2840,1127,693,607,Magnocellular reticular nucleus,left
454,2679,2949,1122,714,631,Parapyramidal nucleus,left
454,2685,2994,1122,716,641,Parapyramidal nucleus,left
454,2538,3050,1133,687,649,"Paragigantocellular reticular nucleus, lateral part",left
454,2584,2992,1129,695,638,Medulla,left
454,2604,2764,1126,697,592,Medulla,left
454,2611,3201,1131,705,682,"Paragigantocellular reticular nucleus, lateral part",left
454,1036,2313,1211,354,482,arbor vitae,right
454,1225,2101,1193,395,437,Interposed nucleus,right
454,1258,2039,1189,403,424,Interposed nucleus,right
454,1584,3244,1184,468,690,Spinal vestibular nucleus,left
454,1194,2026,1194,390,419,Interposed nucleus,right
453,1220,2002,1192,396,414,Interposed nucleus,right
453,2590,3021,1130,697,644,"Paragigantocellular reticular nucleus, lateral part",left
453,2681,2667,1122,713,572,Nucleus raphe pallidus,left
453,1667,3176,1181,486,673,Spinal vestibular nucleus,left
453,2661,2745,1123,709,588,Medulla,left
453,1705,3181,1179,495,674,Spinal vestibular nucleus,left
455,1647,3198,1181,480,679,Spinal vestibular nucleus,left
455,1611,3129,1183,472,665,Medial vestibular nucleus,left
460,2644,2680,1120,703,575,Medulla,left
460,1243,2111,1189,398,440,Interposed nucleus,right
460,2450,2904,1133,665,618,Gigantocellular reticular nucleus,left
460,1220,1975,1188,395,409,Interposed nucleus,right
460,1592,3153,1182,467,671,Spinal vestibular nucleus,left
460,1606,3146,1181,471,669,Spinal vestibular nucleus,left
460,1616,3150,1181,473,669,Spinal vestibular nucleus,left
460,1622,3137,1180,474,666,Medial vestibular nucleus,left
460,2602,2760,1123,694,590,Medulla,left
460,1225,2094,1190,394,436,Interposed nucleus,right
460,1040,2288,1208,355,477,Fastigial nucleus,right
456,1090,2367,1208,366,494,Fastigial nucleus,right
456,2551,3111,1132,690,662,"Paragigantocellular reticular nucleus, lateral part",left
456,1261,2009,1187,403,418,Interposed nucleus,right
456,1651,3205,1180,482,680,Spinal vestibular nucleus,left
457,2558,2661,1127,686,570,Nucleus raphe magnus,right
457,2536,2926,1130,683,624,Magnocellular reticular nucleus,left
457,2581,2892,1127,692,617,Magnocellular reticular nucleus,left
457,2655,2859,1122,708,612,Medulla,left
457,2479,2669,1131,669,572,Nucleus raphe magnus,left
457,1040,2295,1210,355,478,arbor vitae,right
457,1155,2320,1203,379,486,Fastigial nucleus,right
457,1167,2305,1202,381,483,Fastigial nucleus,right
457,1555,3176,1185,461,676,Spinal vestibular nucleus,left
457,1033,2379,1211,354,496,Fastigial nucleus,right
457,1167,2320,1202,381,486,Fastigial nucleus,right
457,1182,2307,1200,384,483,arbor vitae,right
457,2598,2713,1125,695,581,medial lemniscus,left
457,2680,2883,1121,713,618,Medulla,left
458,2662,2688,1120,707,577,Medulla,left
458,2293,2450,1141,633,530,Gigantocellular reticular nucleus,right
458,2704,3012,1119,721,644,Parapyramidal nucleus,left
458,1612,3157,1182,472,671,Spinal vestibular nucleus,left
458,1631,3156,1181,476,670,Spinal vestibular nucleus,left
458,2598,3011,1126,698,643,"Paragigantocellular reticular nucleus, lateral part",left
458,2696,3034,1120,719,649,Parapyramidal nucleus,left
458,2279,2914,1145,631,617,Gigantocellular reticular nucleus,left
458,2607,2644,1124,695,567,Nucleus raphe magnus,right
458,2631,2982,1124,704,637,Parapyramidal nucleus,left
458,2465,2666,1131,666,571,Nucleus raphe magnus,left
459,2456,2667,1131,663,571,Nucleus raphe magnus,left
459,1639,3133,1179,478,666,Medial vestibular nucleus,left
459,2613,2678,1122,697,575,Medulla,left
459,2646,3035,1123,708,649,Parapyramidal nucleus,left
459,1606,3196,1181,471,679,Spinal vestibular nucleus,left
459,2013,2689,1157,569,572,medial longitudinal fascicle,left
459,2650,3137,1124,712,669,"Paragigantocellular reticular nucleus, lateral part",left
459,1271,2042,1185,404,425,Interposed nucleus,right
459,1875,3751,1171,550,795,spinal tract of the trigeminal nerve,left
461,2670,2997,1121,712,641,Parapyramidal nucleus,left
461,1161,2368,1202,380,498,arbor vitae,right
461,2402,2677,1134,652,572,Nucleus raphe magnus,left
461,2764,3030,1115,735,649,Medulla,left
461,1695,3180,1176,492,674,Spinal vestibular nucleus,left
461,2654,2926,1121,708,626,Magnocellular reticular nucleus,left
461,1179,2011,1192,386,416,Interposed nucleus,right
461,1249,2020,1187,400,420,Interposed nucleus,right
461,1631,2103,1169,479,448,Spinal vestibular nucleus,right
462,1673,3433,1176,490,729,Spinal vestibular nucleus,left
462,2638,2890,1121,704,618,Magnocellular reticular nucleus,left
462,1227,1956,1187,397,405,Interposed nucleus,right
462,1268,2023,1184,404,421,Interposed nucleus,right
465,2617,2642,1120,696,567,Nucleus raphe magnus,right
465,2635,2738,1119,701,587,medial lemniscus,left
465,1677,3144,1176,486,667,Medial vestibular nucleus,left
465,1154,2292,1198,378,480,Fastigial nucleus,right
465,1254,1978,1184,402,411,Interposed nucleus,right
465,1686,3440,1175,493,730,Nucleus x,left
465,1105,2522,1206,367,530,arbor vitae,right
465,1248,2043,1185,399,426,Interposed nucleus,right
465,1539,3176,1182,457,677,Spinal vestibular nucleus,left
465,2003,2561,1155,566,546,Gigantocellular reticular nucleus,right
465,1216,2016,1187,393,418,Interposed nucleus,right
465,1614,3325,1179,475,707,Spinal vestibular nucleus,left
463,1281,2039,1183,406,425,Interposed nucleus,right
463,1588,3263,1180,468,695,Spinal vestibular nucleus,left
463,1292,2020,1182,408,421,Interposed nucleus,right
463,1247,2119,1187,397,443,Interposed nucleus,right
463,1312,2027,1181,412,422,Nodulus (X),right
464,2627,2583,1119,698,556,medial lemniscus,right
464,1252,2049,1185,399,427,Interposed nucleus,right
464,1260,2009,1184,402,418,Interposed nucleus,right
464,2034,2532,1154,573,541,Gigantocellular reticular nucleus,right
464,1291,2025,1182,408,422,Interposed nucleus,right
467,1054,2973,1207,357,631,Fastigial nucleus,left
467,1095,2224,1199,365,465,Fastigial nucleus,right
467,1178,2305,1195,383,484,Fastigial nucleus,right
467,1316,2041,1179,412,426,Nodulus (X),right
467,1599,3295,1178,470,702,Spinal vestibular nucleus,left
467,2663,2510,1114,708,542,Medulla,right
466,1033,2308,1206,353,482,arbor vitae,right
466,1124,2349,1201,371,493,Fastigial nucleus,right
466,1204,2001,1187,391,415,Interposed nucleus,right
466,1211,2052,1188,391,426,Interposed nucleus,right
466,2027,2563,1154,571,548,Gigantocellular reticular nucleus,right
466,2252,2987,1144,624,631,Gigantocellular reticular nucleus,left
466,2407,2758,1131,653,589,Gigantocellular reticular nucleus,left
466,1791,3040,1168,515,644,Medial vestibular nucleus,left
468,2693,2928,1115,715,627,Medulla,left
468,1646,3214,1175,479,683,Spinal vestibular nucleus,left
468,1191,2308,1195,385,485,arbor vitae,right
468,1221,2082,1186,392,433,Interposed nucleus,right
468,1572,3123,1179,462,665,Medial vestibular nucleus,left
468,1581,3279,1178,466,699,Spinal vestibular nucleus,left
468,1599,3175,1178,468,676,Spinal vestibular nucleus,left
468,1967,1765,1137,561,380,"Spinal nucleus of the trigeminal, oral part",right
469,2035,3025,1155,573,639,Intermediate reticular nucleus,left
469,2626,2681,1118,697,575,Medulla,left
469,1156,1961,1190,380,405,Interposed nucleus,right
469,1761,3291,1169,507,698,Spinal vestibular nucleus,left
469,2668,2667,1115,707,572,Nucleus raphe magnus,left
469,2353,2607,1132,642,559,crossed tectospinal pathway,right
469,1179,2004,1188,385,416,Interposed nucleus,right
469,1291,2101,1181,406,439,Cerebellum,right
469,1619,3200,1177,473,681,Spinal vestibular nucleus,left
469,1278,2113,1182,404,442,Cerebellum,right
470,1019,3209,1207,353,680,Fastigial nucleus,left
470,1230,2077,1185,394,432,Interposed nucleus,right
470,2595,2915,1120,693,623,Magnocellular reticular nucleus,left
470,1160,1937,1188,382,400,Interposed nucleus,right
470,1289,2019,1179,407,421,Interposed nucleus,right
470,1159,2357,1197,378,495,Fastigial nucleus,right
471,2347,3157,1139,646,668,Intermediate reticular nucleus,left
471,2513,2905,1124,676,619,Magnocellular reticular nucleus,left
471,1638,3160,1174,476,672,Spinal vestibular nucleus,left
471,2666,2997,1116,709,641,Parapyramidal nucleus,left
472,2592,2989,1121,693,639,"Paragigantocellular reticular nucleus, lateral part",left
472,1257,2080,1182,398,434,Interposed nucleus,right
472,2618,3202,1122,705,682,"Paragigantocellular reticular nucleus, lateral part",left
472,2660,2682,1114,704,575,Medulla,left
472,2575,2679,1119,686,574,Nucleus raphe magnus,left
473,2396,2547,1128,650,549,Gigantocellular reticular nucleus,right
473,2430,2820,1128,658,601,Magnocellular reticular nucleus,left
473,1212,1976,1184,391,410,Interposed nucleus,right
473,2458,2672,1125,662,572,Nucleus raphe magnus,left
473,1156,2359,1197,377,496,Fastigial nucleus,right
473,1574,3175,1177,462,676,Spinal vestibular nucleus,left
473,2672,3011,1116,711,644,Parapyramidal nucleus,left
473,2686,3149,1117,719,673,Medulla,left
473,2702,2673,1111,713,575,Nucleus raphe pallidus,left
474,2649,2814,1114,703,603,Medulla,left
474,1205,2124,1186,387,444,Interposed nucleus,right
474,1679,2604,1165,489,553,choroid plexus,right
474,2523,2286,1117,681,497,"Paragigantocellular reticular nucleus, lateral part",right
474,2644,2706,1114,700,580,medial lemniscus,left
474,1167,2281,1193,378,479,Fastigial nucleus,right
474,1216,2319,1190,389,488,arbor vitae,right
474,1231,2107,1183,393,440,Interposed nucleus,right
474,1267,1973,1179,403,411,Interposed nucleus,right
474,1613,3296,1174,473,702,Spinal vestibular nucleus,left
474,2650,3045,1116,707,651,Parapyramidal nucleus,left
474,1317,2053,1176,411,430,Cerebellum,right
474,1640,3456,1174,482,734,Spinal vestibular nucleus,left
476,1609,3200,1174,469,681,Spinal vestibular nucleus,left
476,2086,2961,1149,584,626,Gigantocellular reticular nucleus,left
476,1582,3186,1175,463,679,Spinal vestibular nucleus,left
476,1637,3196,1172,475,680,Spinal vestibular nucleus,left
476,2531,2360,1117,680,513,Magnocellular reticular nucleus,right
476,2074,2964,1149,582,627,Gigantocellular reticular nucleus,left
476,2311,2453,1132,634,532,Gigantocellular reticular nucleus,right
475,2645,2830,1114,701,606,Magnocellular reticular nucleus,left
475,1024,2308,1202,349,483,arbor vitae,right
475,1594,3214,1174,466,685,Spinal vestibular nucleus,left
475,2703,2971,1111,717,636,Parapyramidal nucleus,left
477,1114,2227,1194,368,466,Fastigial nucleus,right
477,2499,3191,1128,678,678,"Paragigantocellular reticular nucleus, lateral part",left
477,2666,2735,1112,705,586,medial lemniscus,left
477,2678,2665,1110,708,573,Nucleus raphe pallidus,left
477,1812,2281,1155,519,489,Medial vestibular nucleus,right
477,2417,2822,1127,655,601,Gigantocellular reticular nucleus,left
477,1248,2028,1180,398,423,Interposed nucleus,right
477,1762,3178,1165,505,674,Medial vestibular nucleus,left
477,1175,2353,1194,380,496,Fastigial nucleus,right
477,2002,3632,1154,568,770,"Spinal nucleus of the trigeminal, oral part",left
480,2593,3019,1117,694,645,"Paragigantocellular reticular nucleus, lateral part",left
480,1149,2266,1191,374,476,Fastigial nucleus,right
480,2460,3087,1127,668,656,"Paragigantocellular reticular nucleus, lateral part",left
480,2534,2837,1118,678,605,Magnocellular reticular nucleus,left
480,2619,2666,1113,693,572,Nucleus raphe magnus,left
480,2640,3076,1115,705,657,"Paragigantocellular reticular nucleus, lateral part",left
481,2687,3008,1111,713,644,Parapyramidal nucleus,left
481,2538,2662,1117,677,571,Nucleus raphe magnus,left
481,2464,3024,1126,668,643,Gigantocellular reticular nucleus,left
481,2583,3172,1121,696,676,Facial motor nucleus,left
481,1591,3264,1173,466,696,Spinal vestibular nucleus,left
481,2618,2647,1112,693,568,Nucleus raphe magnus,right
481,2626,2639,1112,694,567,Nucleus raphe magnus,right
481,2716,2951,1108,718,632,Medulla,left
481,1298,1978,1174,409,413,Interposed nucleus,right
478,1195,1969,1182,387,409,Interposed nucleus,right
478,2456,2526,1122,661,545,Magnocellular reticular nucleus,right
482,2536,2737,1117,676,585,Magnocellular reticular nucleus,left
482,1140,2186,1189,372,457,Fastigial nucleus,right
482,1207,1947,1179,390,404,Interposed nucleus,right
482,1210,2041,1180,388,425,Interposed nucleus,right
482,1559,3240,1173,459,691,Spinal vestibular nucleus,left
482,1604,3243,1171,468,691,Spinal vestibular nucleus,left
482,2351,2662,1127,639,570,Nucleus raphe magnus,right
482,1025,2309,1200,349,483,arbor vitae,right
479,2646,2658,1111,699,571,Nucleus raphe magnus,left
483,2671,2952,1110,707,632,Magnocellular reticular nucleus,left
483,1169,1975,1182,381,410,Interposed nucleus,right
483,1215,2052,1179,389,427,Interposed nucleus,right
483,1265,2129,1176,398,446,Interposed nucleus,right
483,1651,3179,1168,477,677,Spinal vestibular nucleus,left
483,2236,2684,1133,616,574,crossed tectospinal pathway,left
483,2567,2697,1114,681,578,Medulla,left
483,2624,2745,1111,694,588,Medulla,left
483,1014,2306,1199,346,482,arbor vitae,right
483,1596,3271,1171,467,697,Spinal vestibular nucleus,left
483,2678,2879,1108,708,617,Medulla,left
483,1617,3186,1170,469,678,Spinal vestibular nucleus,left
483,1143,1975,1184,375,410,arbor vitae,right
483,2435,3149,1128,663,669,Intermediate reticular nucleus,left
485,2423,3144,1128,661,668,Intermediate reticular nucleus,left
485,2573,3011,1117,689,643,"Paragigantocellular reticular nucleus, lateral part",left
485,1572,2830,1168,463,602,choroid plexus,left
485,2005,2884,1149,564,612,Gigantocellular reticular nucleus,left
484,1171,2206,1186,378,462,Fastigial nucleus,right
484,1282,2086,1174,402,436,Interposed nucleus,right
484,2591,3007,1115,692,642,"Paragigantocellular reticular nucleus, lateral part",left
484,1180,2279,1187,380,480,Fastigial nucleus,right
487,1007,2225,1197,344,465,Fastigial nucleus,right
487,2613,3031,1112,697,648,"Paragigantocellular reticular nucleus, lateral part",left
487,2530,2446,1113,676,531,Magnocellular reticular nucleus,right
487,2678,2674,1105,705,575,Medulla,left
487,1062,2357,1196,355,494,Fastigial nucleus,right
487,1228,3222,1184,394,687,arbor vitae,left
487,2115,2673,1139,589,571,Gigantocellular reticular nucleus,left
487,2326,2667,1126,634,571,Nucleus raphe magnus,left
487,2671,2785,1106,704,597,Medulla,left
486,2606,2614,1110,689,563,Medulla,right
486,2667,2698,1107,702,580,medial lemniscus,left
486,1159,1950,1182,379,404,Interposed nucleus,right
488,2474,2839,1118,665,606,Magnocellular reticular nucleus,left
488,1156,2310,1188,374,486,Fastigial nucleus,right
488,2498,2896,1118,671,617,Magnocellular reticular nucleus,left
488,2516,2450,1114,673,532,Magnocellular reticular nucleus,right
489,1217,2110,1178,387,441,Interposed nucleus,right
489,2418,2538,1120,653,549,Magnocellular reticular nucleus,right
489,1237,1995,1175,394,415,Interposed nucleus,right
489,1570,3208,1169,459,685,Spinal vestibular nucleus,left
489,1595,3205,1169,464,683,Spinal vestibular nucleus,left
489,1172,2227,1185,377,467,Fastigial nucleus,right
489,2708,3011,1106,718,645,Parapyramidal nucleus,left
494,2705,2996,1103,715,642,Parapyramidal nucleus,left
494,1219,1952,1173,391,406,Interposed nucleus,right
494,1236,1971,1172,394,410,Interposed nucleus,right
490,2708,2666,1102,712,573,Nucleus raphe pallidus,left
490,1185,2202,1182,380,462,Fastigial nucleus,right
490,2608,3093,1113,698,661,"Paragigantocellular reticular nucleus, lateral part",left
490,1282,2054,1171,402,430,Interposed nucleus,right
490,1896,2443,1149,538,523,"Paragigantocellular reticular nucleus, dorsal part",right
490,2622,2701,1108,692,579,medial lemniscus,left
490,2637,2762,1107,696,591,Medulla,left
490,2775,2951,1100,730,633,Medulla,left
491,1024,2312,1195,347,484,Fastigial nucleus,right
491,1096,2196,1188,361,460,Fastigial nucleus,right
491,1823,3462,1155,521,734,Medulla,left
491,1026,2324,1196,347,488,arbor vitae,right
491,2511,2683,1114,669,576,Nucleus raphe magnus,left
491,1205,2347,1184,384,495,Fastigial nucleus,right
493,975,2149,1196,337,449,Fastigial nucleus,right
493,1158,1943,1179,378,404,Interposed nucleus,right
493,2636,2678,1106,695,576,medial lemniscus,left
493,2113,2630,1137,588,563,Gigantocellular reticular nucleus,right
493,1192,2198,1180,381,462,Fastigial nucleus,right
492,1189,2363,1186,381,499,Fastigial nucleus,right
492,1553,3050,1167,455,650,Medial vestibular nucleus,left
492,1601,3290,1167,467,702,Spinal vestibular nucleus,left
497,2419,3105,1123,658,660,Intermediate reticular nucleus,left
497,2657,3066,1107,706,656,Parapyramidal nucleus,left
497,1169,2421,1187,376,511,arbor vitae,right
497,1188,2205,1179,380,463,Fastigial nucleus,right
497,1190,2198,1179,380,462,Fastigial nucleus,right
497,1220,2359,1181,386,498,Fastigial nucleus,right
497,2686,2691,1101,705,578,Medulla,left
497,1785,3728,1161,523,791,inferior cerebellar peduncle,left
499,1709,1857,1140,499,395,Spinal vestibular nucleus,right
499,1231,2354,1178,388,497,arbor vitae,right
499,1144,2106,1179,371,440,Cerebellum,right
499,2409,3096,1121,655,658,Intermediate reticular nucleus,left
496,2067,2809,1140,576,597,Gigantocellular reticular nucleus,left
503,2575,2577,1104,680,556,Magnocellular reticular nucleus,right
503,1141,2268,1181,369,478,Fastigial nucleus,right
503,2554,2947,1108,680,629,Magnocellular reticular nucleus,left
498,1205,2205,1177,383,464,Fastigial nucleus,right
501,1157,2346,1184,372,494,Fastigial nucleus,right
501,1019,2201,1190,345,461,Fastigial nucleus,right
501,1750,2168,1145,501,464,Medial vestibular nucleus,right
501,1577,3337,1164,463,712,Spinal vestibular nucleus,left
501,1858,3014,1149,528,639,Medial vestibular nucleus,left
500,1188,2169,1176,380,456,Fastigial nucleus,right
500,2569,2872,1108,682,613,Magnocellular reticular nucleus,left
500,2556,2670,1107,676,573,Nucleus raphe magnus,left
500,2602,2657,1105,685,571,Nucleus raphe magnus,left
504,966,2107,1191,333,439,Fastigial nucleus,right
504,2690,2663,1097,705,574,Nucleus raphe pallidus,left
504,1315,2236,1165,405,471,Nodulus (X),right
504,1877,2572,1144,531,547,"Paragigantocellular reticular nucleus, dorsal part",right
504,1893,2446,1143,536,523,"Paragigantocellular reticular nucleus, dorsal part",right
505,1840,3404,1148,522,723,Spinal vestibular nucleus,left
505,1236,2226,1172,389,469,Fastigial nucleus,right
505,1244,2223,1171,391,469,Fastigial nucleus,right
505,1331,2203,1164,408,465,Nodulus (X),right
507,2645,2661,1098,694,572,Nucleus raphe magnus,left
507,2549,2934,1107,679,627,Magnocellular reticular nucleus,left
507,2650,2704,1098,695,581,medial lemniscus,left
507,1058,2253,1185,352,474,Fastigial nucleus,right
507,1235,2274,1171,388,480,Fastigial nucleus,right
507,1266,2233,1168,394,471,Fastigial nucleus,right
507,2655,2675,1097,696,575,medial lemniscus,left
507,1226,2230,1171,386,470,Fastigial nucleus,right
507,2481,2853,1110,663,609,Magnocellular reticular nucleus,left
507,1212,2203,1172,383,464,Fastigial nucleus,right
507,1310,2238,1164,403,473,Cerebellum,right
506,2522,2712,1107,669,581,Magnocellular reticular nucleus,left
506,2383,3619,1128,652,770,"Spinal nucleus of the trigeminal, oral part",left
506,2648,2679,1099,696,576,medial lemniscus,left
508,1783,3499,1150,511,743,Nucleus x,left
508,1980,2912,1139,556,618,Gigantocellular reticular nucleus,left
508,1251,2251,1169,391,474,Fastigial nucleus,right
508,2459,2847,1111,660,607,Magnocellular reticular nucleus,left
509,2453,2860,1111,659,610,Gigantocellular reticular nucleus,left
509,1222,2184,1170,385,460,Fastigial nucleus,right
509,2044,2858,1136,570,607,Gigantocellular reticular nucleus,left
509,2294,2928,1122,628,622,Gigantocellular reticular nucleus,left
509,2688,2968,1098,709,637,Parapyramidal nucleus,left
509,1117,2375,1184,362,501,Fastigial nucleus,right
509,1167,1917,1171,378,398,Interposed nucleus,right
509,1227,2195,1170,386,462,Fastigial nucleus,right
509,1240,2217,1169,389,467,Fastigial nucleus,right
509,2460,2874,1111,660,613,Gigantocellular reticular nucleus,left
509,2605,2279,1097,693,497,"Paragigantocellular reticular nucleus, lateral part",right
510,1064,2296,1184,352,483,Fastigial nucleus,right
510,2564,2824,1103,679,604,Magnocellular reticular nucleus,left
510,2372,2832,1115,642,603,Gigantocellular reticular nucleus,left
512,1258,2049,1163,395,429,Infracerebellar nucleus,right
512,1242,2184,1167,389,460,Fastigial nucleus,right
512,1113,1833,1172,369,381,arbor vitae,right
512,1192,2206,1171,378,464,Fastigial nucleus,right
512,1273,2206,1164,396,465,Fastigial nucleus,right
513,1032,2340,1187,344,492,arbor vitae,right
513,1208,2251,1171,382,474,Fastigial nucleus,right
513,1185,2188,1171,377,461,Fastigial nucleus,right
511,1192,2185,1171,379,460,Fastigial nucleus,right
511,2495,2742,1106,664,587,Magnocellular reticular nucleus,left
514,2719,2989,1094,716,641,Parapyramidal nucleus,left
514,1318,2232,1160,405,471,arbor vitae,right
514,1570,3230,1157,457,690,Spinal vestibular nucleus,left
514,1182,2325,1175,375,491,Fastigial nucleus,right
514,2635,3020,1100,698,647,"Paragigantocellular reticular nucleus, lateral part",left
519,1194,2196,1167,379,462,Fastigial nucleus,right
519,1835,2567,1138,519,546,"Paragigantocellular reticular nucleus, dorsal part",right
519,1317,1964,1156,408,412,Cerebellum,right
515,2200,2990,1125,607,634,Gigantocellular reticular nucleus,left
515,1158,1895,1168,377,395,Interposed nucleus,right
515,1179,2387,1176,374,504,Fastigial nucleus,right
515,1249,2218,1165,390,468,Fastigial nucleus,right
515,2534,3240,1109,682,692,Facial motor nucleus,left
516,1201,2220,1169,380,468,Fastigial nucleus,right
516,1758,3347,1147,503,712,Spinal vestibular nucleus,left
516,2489,2344,1102,667,511,Gigantocellular reticular nucleus,right
516,2707,2321,1087,714,506,Medulla,right
516,2038,2474,1132,568,533,Gigantocellular reticular nucleus,right
517,1231,2257,1168,386,476,Fastigial nucleus,right
517,1228,2201,1166,386,463,Fastigial nucleus,right
517,1318,1960,1157,410,411,Cerebellum,right
517,1214,2426,1174,382,512,arbor vitae,right
517,1215,2239,1168,383,472,Fastigial nucleus,right
517,2358,2810,1113,639,599,Gigantocellular reticular nucleus,left
517,2453,2923,1109,659,624,Gigantocellular reticular nucleus,left
518,1244,2259,1166,389,477,Fastigial nucleus,right
518,1264,2393,1168,393,506,Nodulus (X),right
518,1272,2366,1166,394,499,Nodulus (X),right
518,2344,2801,1113,635,597,Gigantocellular reticular nucleus,left
518,1617,1957,1141,474,417,Spinal vestibular nucleus,right
520,1076,2310,1180,352,487,Fastigial nucleus,right
520,1469,2010,1148,440,426,Superior vestibular nucleus,right
520,2440,2453,1104,654,534,Gigantocellular reticular nucleus,right
521,1251,2267,1164,390,478,Fastigial nucleus,right
521,976,2131,1183,333,446,Fastigial nucleus,right
521,1043,2326,1182,346,490,Fastigial nucleus,right
521,1152,2360,1176,368,498,Fastigial nucleus,right
521,2641,2629,1093,691,567,Nucleus raphe magnus,right
521,1124,2422,1179,362,511,arbor vitae,right
521,1286,2356,1164,397,497,Nodulus (X),right
521,1340,2255,1156,408,477,Nodulus (X),right
521,1466,1968,1148,440,417,Superior vestibular nucleus,right
521,2189,2983,1124,604,633,Gigantocellular reticular nucleus,left
523,867,3031,1191,311,642,Lobules IV-V,left
523,1386,1730,1147,427,364,Interposed nucleus,right
523,1379,1734,1148,426,365,Interposed nucleus,right
522,1272,2328,1163,393,492,Fastigial nucleus,right
522,1966,2667,1133,548,569,Medulla,right
522,2444,2799,1105,654,598,Magnocellular reticular nucleus,left
522,2451,2847,1105,656,607,Gigantocellular reticular nucleus,left
524,983,2120,1181,335,444,Fastigial nucleus,right
524,1243,2285,1164,388,482,Fastigial nucleus,right
524,1805,3325,1140,512,708,Spinal vestibular nucleus,left
524,1198,2180,1165,379,459,Fastigial nucleus,right
524,2691,2926,1090,706,627,Medulla,left
524,1595,1785,1136,471,378,Lateral vestibular nucleus,right
527,1234,2390,1166,385,505,Fastigial nucleus,right
527,1234,3073,1166,389,657,Fastigial nucleus,left
527,2449,2905,1104,656,620,Gigantocellular reticular nucleus,left
526,1643,1966,1135,480,419,Spinal vestibular nucleus,right
526,2630,3008,1095,695,645,"Paragigantocellular reticular nucleus, lateral part",left
528,1223,2273,1163,383,480,Fastigial nucleus,right
528,2578,2644,1093,677,570,Nucleus raphe magnus,right
529,1708,2138,1133,489,458,Medial vestibular nucleus,right
529,2698,2953,1088,708,634,Parapyramidal nucleus,left
529,1829,3704,1142,527,789,inferior cerebellar peduncle,left
530,1225,2442,1167,382,515,arbor vitae,right
530,1226,2181,1160,384,460,Fastigial nucleus,right
530,1262,2386,1162,390,504,arbor vitae,right
530,1303,2230,1154,400,471,Fastigial nucleus,right
530,1375,1663,1144,426,350,Interposed nucleus,right
530,2734,2960,1085,716,636,Medulla,left
531,1315,1610,1145,417,338,Dentate nucleus,right
531,1256,1953,1154,395,410,Cerebellum,right
531,2156,2435,1118,593,528,Gigantocellular reticular nucleus,right
531,2612,2638,1089,683,569,Nucleus raphe magnus,right
531,2639,2535,1086,691,550,medial lemniscus,right
531,1213,2174,1160,382,458,Fastigial nucleus,right
531,1226,2394,1165,382,506,Fastigial nucleus,right
532,2589,2645,1091,679,570,Nucleus raphe magnus,right
532,1807,2618,1133,511,558,Nucleus prepositus,right
532,1212,2207,1161,380,465,Fastigial nucleus,right
532,1225,2395,1165,382,506,Fastigial nucleus,right
533,1237,2439,1165,384,515,arbor vitae,right
533,1220,2471,1167,380,522,arbor vitae,right
536,2686,2761,1083,700,593,Medulla,left
536,2683,2728,1083,700,587,medial lemniscus,left
536,1206,2408,1165,377,509,Fastigial nucleus,right
536,2193,2860,1115,602,608,Gigantocellular reticular nucleus,left
536,1206,2431,1166,376,513,Fastigial nucleus,right
534,1173,2346,1167,371,495,Fastigial nucleus,right
539,1282,1904,1149,400,400,Interposed nucleus,right
539,1652,1853,1126,481,396,Lateral vestibular nucleus,right
539,1886,3737,1133,539,798,inferior cerebellar peduncle,left
538,1132,2127,1163,364,446,Cerebellum,right
538,1597,3464,1147,467,740,Spinal vestibular nucleus,left
538,1096,2033,1165,358,426,Interposed nucleus,right
537,1871,3123,1131,525,664,Medial vestibular nucleus,left
537,1874,3106,1131,526,660,Medial vestibular nucleus,left
537,2637,2999,1090,695,643,Parapyramidal nucleus,left
537,2614,3000,1091,691,643,"Paragigantocellular reticular nucleus, lateral part",left
540,2092,3218,1118,576,685,Parvicellular reticular nucleus,left
540,2232,3531,1116,611,750,Parvicellular reticular nucleus,left
540,750,2683,1191,281,566,Lobules IV-V,right
540,2110,2852,1118,582,606,Gigantocellular reticular nucleus,left
540,2447,2432,1095,654,530,Gigantocellular reticular nucleus,right
543,1235,2158,1153,385,456,Fastigial nucleus,right
543,1862,2556,1126,522,545,"Paragigantocellular reticular nucleus, dorsal part",right
543,1224,1871,1150,389,392,Interposed nucleus,right
543,1967,2538,1123,546,544,"Paragigantocellular reticular nucleus, dorsal part",right
543,2574,2940,1090,679,630,Magnocellular reticular nucleus,left
541,1266,2383,1157,390,504,Fastigial nucleus,right
541,2088,3205,1118,576,681,Intermediate reticular nucleus,left
544,2350,1781,1085,637,390,Parvicellular reticular nucleus,right
544,1249,2232,1153,387,471,Fastigial nucleus,right
544,1292,2365,1152,395,499,Fastigial nucleus,right
542,1149,1926,1158,372,402,Interposed nucleus,right
542,1390,1819,1141,424,385,Cerebellum,right
542,2159,3008,1115,595,639,Gigantocellular reticular nucleus,left
542,1236,2442,1160,382,515,arbor vitae,right
547,1266,2344,1152,389,495,Fastigial nucleus,right
547,782,2846,1186,287,602,arbor vitae,left
547,2161,2417,1111,593,525,Gigantocellular reticular nucleus,right
547,1099,2086,1161,357,438,Interposed nucleus,right
547,1765,3622,1136,505,772,inferior cerebellar peduncle,left
547,1850,3469,1127,521,739,Spinal vestibular nucleus,left
547,1913,3478,1124,535,741,Medulla,left
545,1141,2926,1165,364,626,Fastigial nucleus,left
545,2580,2984,1090,682,640,"Paragigantocellular reticular nucleus, lateral part",left
545,2678,2642,1079,698,570,Nucleus raphe pallidus,right
545,810,2941,1186,295,623,arbor vitae,left
546,1206,1894,1151,384,397,Interposed nucleus,right
546,1254,2164,1150,389,457,Fastigial nucleus,right
546,1280,2163,1148,394,458,Fastigial nucleus,right
546,1231,2217,1153,383,468,Fastigial nucleus,right
549,1278,2052,1147,396,432,Infracerebellar nucleus,right
549,1355,2250,1143,409,477,Cerebellum,right
549,2320,2919,1103,629,622,Gigantocellular reticular nucleus,left
551,1187,2437,1160,370,514,Fastigial nucleus,right
550,1317,2317,1146,400,489,Fastigial nucleus,right
550,1145,2097,1157,366,440,Cerebellum,right
550,1103,2101,1160,357,441,Interposed nucleus,right
550,2048,2447,1116,566,528,Gigantocellular reticular nucleus,right
548,1761,1696,1110,507,359,Medulla,right
555,2534,2812,1085,667,602,Magnocellular reticular nucleus,left
555,1170,2318,1157,367,490,Fastigial nucleus,right
555,1655,3329,1134,476,712,Lateral vestibular nucleus,left
555,2646,2992,1081,694,642,Parapyramidal nucleus,left
555,2632,2983,1082,691,641,Parapyramidal nucleus,left
552,2596,2660,1082,677,574,Nucleus raphe magnus,left
552,1400,1896,1137,424,402,Superior vestibular nucleus,right
554,1279,1557,1137,409,326,Dentate nucleus,right
554,1199,2181,1151,376,460,Fastigial nucleus,right
554,1868,3187,1122,522,679,Medial vestibular nucleus,left
554,1741,1627,1108,502,340,inferior cerebellar peduncle,right
554,2628,2971,1082,691,638,Medulla,left
554,1314,2381,1146,400,503,arbor vitae,right
553,1206,2031,1150,381,426,Interposed nucleus,right
553,1225,2204,1151,381,466,Fastigial nucleus,right
553,1946,2572,1120,540,550,"Paragigantocellular reticular nucleus, dorsal part",right
553,2595,2988,1086,684,642,"Paragigantocellular reticular nucleus, lateral part",left
556,2631,2632,1077,684,569,Nucleus raphe magnus,right
556,1324,2375,1144,402,502,arbor vitae,right
556,1847,3270,1122,516,698,Medial vestibular nucleus,left
556,1248,2465,1153,384,521,arbor vitae,right
556,1181,2043,1151,375,430,Interposed nucleus,right
556,2615,2670,1079,681,576,Medulla,left
557,1398,1785,1134,425,378,Cerebellum,right
557,2290,3461,1105,623,739,Parvicellular reticular nucleus,left
557,2022,2668,1115,557,571,Medulla,left
560,1343,3194,1144,408,685,Vestibulocerebellar nucleus,left
560,2336,1931,1081,635,419,Intermediate reticular nucleus,right
560,1926,3479,1117,535,742,Medulla,left
559,2614,2948,1080,686,633,Magnocellular reticular nucleus,left
559,2030,2669,1113,559,571,Gigantocellular reticular nucleus,left
559,2022,2667,1113,556,570,Medulla,right
558,1316,2178,1141,400,462,Fastigial nucleus,right
558,1433,3291,1142,426,706,Superior vestibular nucleus,left
564,2393,2194,1085,647,478,Intermediate reticular nucleus,right
564,1119,2352,1158,354,496,Fastigial nucleus,right
564,2241,2843,1100,609,607,Gigantocellular reticular nucleus,left
564,1127,2114,1153,360,445,arbor vitae,right
564,1163,1976,1148,372,414,Interposed nucleus,right
564,2187,3021,1104,598,643,Gigantocellular reticular nucleus,left
561,2603,2939,1081,684,631,Magnocellular reticular nucleus,left
561,1738,3349,1127,495,716,Spinal vestibular nucleus,left
561,1287,2932,1148,394,631,arbor vitae,left
561,1432,3286,1141,425,705,Superior vestibular nucleus,left
561,1829,3423,1123,515,730,Spinal vestibular nucleus,left
561,1189,2058,1148,376,433,Interposed nucleus,right
561,2351,1899,1080,638,413,Intermediate reticular nucleus,right
561,2654,2653,1074,690,574,Medulla,left
562,1123,1808,1149,366,379,Interposed nucleus,right
562,1206,2053,1147,379,433,Cerebellum,right
562,1296,2117,1140,397,448,Vestibulocerebellar nucleus,right
562,1373,3726,1153,423,800,Interposed nucleus,left
562,2589,2914,1081,680,626,Magnocellular reticular nucleus,left
565,1371,2227,1134,411,473,Vestibulocerebellar nucleus,right
565,1886,3127,1117,525,666,Medial vestibular nucleus,left
565,2186,3018,1104,598,643,Gigantocellular reticular nucleus,left
565,2485,2720,1084,656,585,Magnocellular reticular nucleus,left
566,2656,2659,1071,689,575,medial lemniscus,left
566,1845,3125,1118,515,667,Medial vestibular nucleus,left
566,2185,3014,1103,598,642,Gigantocellular reticular nucleus,left
563,2189,3030,1104,599,645,Intermediate reticular nucleus,left
567,2479,2709,1082,654,583,Magnocellular reticular nucleus,left
567,2460,2707,1084,650,582,Magnocellular reticular nucleus,left
570,1632,3219,1128,465,690,Medial vestibular nucleus,left
570,1344,3236,1141,407,694,Vestibulocerebellar nucleus,left
570,2292,2786,1094,618,596,Gigantocellular reticular nucleus,left
570,2415,2761,1086,643,592,Gigantocellular reticular nucleus,left
570,2045,2712,1108,561,580,Gigantocellular reticular nucleus,left
569,2114,2591,1105,578,557,crossed tectospinal pathway,right
569,1492,1930,1125,442,412,Superior vestibular nucleus,right
569,1495,1879,1124,444,401,Superior vestibular nucleus,right
569,1708,3656,1132,491,782,inferior cerebellar peduncle,left
569,1841,3130,1117,514,668,Medial vestibular nucleus,left
569,2179,2994,1102,596,638,Gigantocellular reticular nucleus,left
569,2608,2933,1077,684,630,Magnocellular reticular nucleus,left
569,2634,2935,1075,689,631,Magnocellular reticular nucleus,left
568,1476,1969,1127,438,421,Superior vestibular nucleus,right
572,1429,3729,1147,433,801,Dentate nucleus,left
572,708,2472,1179,264,520,Lobules IV-V,right
572,1284,2346,1140,392,495,Fastigial nucleus,right
572,1108,1877,1147,360,393,Interposed nucleus,right
572,2630,2731,1071,683,588,Medulla,left
572,2551,2843,1078,669,610,Magnocellular reticular nucleus,left
571,2510,2777,1079,660,596,Magnocellular reticular nucleus,left
571,1887,3094,1113,524,660,Medial vestibular nucleus,left
571,2608,2932,1075,683,629,Magnocellular reticular nucleus,left
573,2441,2926,1086,650,626,Gigantocellular reticular nucleus,left
573,1378,2243,1130,412,477,Cerebellum,right
573,2367,2403,1086,635,525,Gigantocellular reticular nucleus,right
573,2397,2452,1085,640,534,Gigantocellular reticular nucleus,right
573,1174,1904,1143,374,400,Interposed nucleus,right
573,1723,3390,1123,491,725,Spinal vestibular nucleus,left
573,2426,2919,1087,647,625,Gigantocellular reticular nucleus,left
577,2385,2235,1082,643,488,Gigantocellular reticular nucleus,right
577,1333,1947,1132,408,412,Cerebellum,right
577,1888,3292,1111,524,703,Medial vestibular nucleus,left
577,2384,2226,1081,643,485,Gigantocellular reticular nucleus,right
577,2624,2984,1074,688,642,Parapyramidal nucleus,left
575,1165,1884,1142,372,396,Interposed nucleus,right
575,1235,2185,1140,382,463,Fastigial nucleus,right
575,1082,2464,1157,343,522,Lobules IV-V,right
575,1962,2566,1108,540,550,"Paragigantocellular reticular nucleus, dorsal part",right
575,1188,2096,1142,374,442,Cerebellum,right
575,1308,2553,1140,397,542,Lingula (I),right
578,1323,2189,1132,401,465,Vestibulocerebellar nucleus,right
578,1245,2009,1137,387,424,Cerebellum,right
578,1506,2057,1121,441,440,Superior vestibular nucleus,right
578,2678,2547,1063,695,554,medial lemniscus,right
576,2493,2939,1081,660,630,Gigantocellular reticular nucleus,left
574,688,2470,1180,259,520,Lobules IV-V,right
574,2126,2264,1098,583,493,Intermediate reticular nucleus,right
579,1738,3216,1117,490,689,Medial vestibular nucleus,left
579,1296,2039,1133,397,432,Infracerebellar nucleus,right
579,1890,3230,1108,524,690,Medial vestibular nucleus,left
580,1388,2196,1126,414,468,Vestibulocerebellar nucleus,right
580,1325,1967,1131,405,417,Infracerebellar nucleus,right
580,1372,3392,1138,412,728,Medulla,left
580,1403,2069,1126,419,442,Medulla,right
580,2626,2987,1072,687,642,Parapyramidal nucleus,left
580,1907,2014,1095,529,434,Parvicellular reticular nucleus,right
581,2609,2627,1068,677,569,Nucleus raphe magnus,right
581,1268,1937,1134,394,409,Cerebellum,right
584,2580,2904,1072,675,624,Magnocellular reticular nucleus,left
584,2296,2795,1088,618,598,Gigantocellular reticular nucleus,left
583,1206,2081,1138,377,439,Interposed nucleus,right
583,2290,3357,1092,621,721,Parvicellular reticular nucleus,left
582,625,2467,1179,244,519,Lobules IV-V,right
586,2513,2652,1072,658,573,Nucleus raphe magnus,left
586,1289,2115,1131,394,449,Cerebellum,right
586,1324,2208,1129,400,470,Fastigial nucleus,right
586,1125,2061,1143,359,434,Interposed nucleus,right
586,1382,2238,1125,412,476,Vestibulocerebellar nucleus,right
586,1657,3623,1127,475,777,inferior cerebellar peduncle,left
586,1888,3085,1107,523,659,Medial vestibular nucleus,left
585,1405,2071,1125,419,442,Medulla,right
585,1761,2144,1104,494,460,Medial vestibular nucleus,right
587,2313,3356,1089,626,722,Parvicellular reticular nucleus,left
587,1136,1851,1138,364,389,Interposed nucleus,right
587,1217,2084,1135,379,441,Cerebellum,right
587,2183,2251,1088,596,491,Intermediate reticular nucleus,right
587,2199,2753,1092,596,590,Gigantocellular reticular nucleus,left
588,1188,2191,1138,371,464,Cerebellum,right
588,1127,1865,1139,361,392,Interposed nucleus,right
588,1183,2307,1141,367,487,Fastigial nucleus,right
589,2236,2768,1090,604,593,Gigantocellular reticular nucleus,left
589,2469,2902,1077,653,622,Gigantocellular reticular nucleus,left
590,1246,1888,1131,388,399,Interposed nucleus,right
593,1342,2177,1125,403,463,Vestibulocerebellar nucleus,right
593,2314,3047,1086,624,653,Intermediate reticular nucleus,left
593,1781,3108,1109,496,666,Medial vestibular nucleus,left
593,1841,2057,1094,513,442,Medial vestibular nucleus,right
591,1765,3129,1110,493,671,Medial vestibular nucleus,left
591,1523,1911,1113,448,410,Superior vestibular nucleus,right
594,2675,2622,1057,690,569,Nucleus raphe pallidus,right
594,1350,1893,1123,410,402,Cerebellum,right
594,2240,2766,1087,604,592,Gigantocellular reticular nucleus,left
594,1754,2526,1103,492,540,Nucleus prepositus,right
594,2238,2781,1087,604,595,Gigantocellular reticular nucleus,left
592,1197,1859,1133,377,391,Interposed nucleus,right
595,1282,3042,1133,391,654,Fastigial nucleus,left
595,1793,1866,1090,508,402,Medial vestibular nucleus,right
595,1848,3137,1104,513,671,Medial vestibular nucleus,left
595,2533,2862,1069,664,615,Magnocellular reticular nucleus,left
595,2693,2940,1059,699,634,Medulla,left
599,1363,2236,1120,408,476,Vestibulocerebellar nucleus,right
599,2618,2637,1059,677,572,Nucleus raphe magnus,left
599,899,1999,1151,303,420,Lobules IV-V,right
599,1867,3389,1102,517,725,Medial vestibular nucleus,left
596,2470,2637,1071,649,570,Nucleus raphe magnus,right
596,2447,2777,1073,645,596,Gigantocellular reticular nucleus,left
596,1206,2014,1133,377,426,Interposed nucleus,right
596,1729,3196,1110,485,686,Medial vestibular nucleus,left
596,1216,1934,1131,380,408,Interposed nucleus,right
596,2234,2631,1085,602,567,Gigantocellular reticular nucleus,right
598,1492,3227,1121,433,693,Superior vestibular nucleus,left
598,2396,3159,1081,643,681,Intermediate reticular nucleus,left
598,1189,1879,1131,375,396,Interposed nucleus,right
598,2186,2354,1085,593,514,Gigantocellular reticular nucleus,right
598,2553,2986,1069,671,642,Gigantocellular reticular nucleus,left
600,1429,2168,1116,421,464,Vestibulocerebellar nucleus,right
600,2554,2884,1066,668,621,Magnocellular reticular nucleus,left
600,1441,1952,1116,428,417,Superior vestibular nucleus,right
600,1686,3171,1110,474,681,Medial vestibular nucleus,left
600,1845,3266,1102,512,699,Medial vestibular nucleus,left
600,2068,2860,1093,565,611,Gigantocellular reticular nucleus,left
600,2076,2799,1093,566,599,Gigantocellular reticular nucleus,left
600,2560,2892,1066,669,622,Magnocellular reticular nucleus,left
597,1264,1900,1128,392,401,Interposed nucleus,right
597,1834,3735,1112,518,803,inferior cerebellar peduncle,left
597,1868,3082,1103,517,659,Medial vestibular nucleus,left
597,2235,2643,1085,602,570,Gigantocellular reticular nucleus,right
602,1362,2197,1120,407,468,Vestibulocerebellar nucleus,right
602,1269,1874,1125,392,396,Interposed nucleus,right
602,1308,2321,1125,396,491,Fastigial nucleus,right
602,1780,3391,1106,499,726,Lateral vestibular nucleus,left
602,1822,3413,1104,508,731,Lateral vestibular nucleus,left
602,2584,2900,1064,674,624,Magnocellular reticular nucleus,left
601,1844,3084,1102,511,661,Medial vestibular nucleus,left
601,1186,2327,1137,365,492,Fastigial nucleus,right
601,1321,1904,1123,403,404,superior cerebelar peduncles,right
601,1834,3407,1104,511,729,Lateral vestibular nucleus,left
601,445,2935,1181,204,619,Lobules IV-V,left
601,1485,1931,1112,438,414,Superior vestibular nucleus,right
601,1836,3736,1111,518,803,inferior cerebellar peduncle,left
601,2567,2891,1066,670,622,Magnocellular reticular nucleus,left
606,1372,2198,1117,409,469,Vestibulocerebellar nucleus,right
606,1356,2208,1118,405,471,Vestibulocerebellar nucleus,right
606,2003,2499,1092,548,539,Gigantocellular reticular nucleus,right
606,2645,2616,1054,682,568,Nucleus raphe magnus,right
603,1849,3318,1100,513,711,Medial vestibular nucleus,left
603,2003,3037,1093,549,649,Intermediate reticular nucleus,left
603,2089,2456,1089,568,532,Gigantocellular reticular nucleus,right
603,2300,2189,1073,621,478,Intermediate reticular nucleus,right
603,1295,3053,1129,393,657,Fastigial nucleus,left
604,1222,2212,1130,376,469,Fastigial nucleus,right
604,1296,2182,1124,393,464,Fastigial nucleus,right
604,1577,3419,1118,455,735,Superior vestibular nucleus,left
604,2295,2489,1077,615,542,Gigantocellular reticular nucleus,right
604,2237,2218,1077,606,485,Intermediate reticular nucleus,right
604,2096,2336,1086,571,508,Gigantocellular reticular nucleus,right
605,2211,2246,1079,599,491,Gigantocellular reticular nucleus,right
605,2296,2499,1077,615,544,Gigantocellular reticular nucleus,right
605,1963,3036,1095,539,649,Medulla,left
608,2525,2851,1064,660,613,Magnocellular reticular nucleus,left
608,1164,1898,1129,368,400,Interposed nucleus,right
610,1494,1930,1108,440,414,Superior vestibular nucleus,right
610,1790,3351,1101,500,718,Medial vestibular nucleus,left
610,1490,1915,1108,439,411,Superior vestibular nucleus,right
610,2649,2964,1057,689,639,Parapyramidal nucleus,left
610,1824,3732,1107,514,803,inferior cerebellar peduncle,left
610,2310,3062,1079,621,658,Intermediate reticular nucleus,left
607,1780,3242,1102,497,695,Medial vestibular nucleus,left
607,2334,2757,1075,622,592,Gigantocellular reticular nucleus,left
609,436,2949,1178,200,622,Lobules IV-V,left
609,2339,2466,1073,624,538,Gigantocellular reticular nucleus,right
609,2375,2711,1072,630,584,Gigantocellular reticular nucleus,left
609,2700,2244,1046,703,492,Medulla,right
611,1926,3273,1093,528,702,Parvicellular reticular nucleus,left
611,2372,2723,1071,629,587,Gigantocellular reticular nucleus,left
611,2365,2833,1072,629,608,Gigantocellular reticular nucleus,left
612,1216,3093,1132,375,665,Fastigial nucleus,left
612,1901,3225,1094,523,692,Medial vestibular nucleus,left
612,1909,3291,1094,525,705,Medulla,left
615,2262,2648,1075,605,572,Gigantocellular reticular nucleus,left
615,1767,3368,1100,495,723,Lateral vestibular nucleus,left
613,2460,2787,1066,646,599,Gigantocellular reticular nucleus,left
613,2224,2895,1080,600,620,Gigantocellular reticular nucleus,left
613,2191,2878,1082,592,616,Gigantocellular reticular nucleus,left
618,1194,2312,1128,366,489,arbor vitae,right
618,1771,3336,1098,495,716,Medial vestibular nucleus,left
618,2245,2194,1070,606,480,Intermediate reticular nucleus,right
618,2232,2507,1075,599,544,Gigantocellular reticular nucleus,right
618,2244,2259,1071,606,494,Gigantocellular reticular nucleus,right
614,757,1974,1154,265,415,Lobules IV-V,right
614,2312,1782,1053,618,392,Parvicellular reticular nucleus,right
616,2123,2781,1083,575,596,Gigantocellular reticular nucleus,left
616,2622,2990,1057,682,645,Parapyramidal nucleus,left
619,2497,2794,1061,652,602,Magnocellular reticular nucleus,left
619,1240,2332,1124,377,493,arbor vitae,right
619,2190,2259,1073,592,494,Gigantocellular reticular nucleus,right
617,760,1970,1152,266,414,Lobules IV-V,right
617,1191,2319,1130,365,491,Fastigial nucleus,right
617,1397,3128,1117,411,673,Vestibulocerebellar nucleus,left
617,2241,2305,1073,604,504,Gigantocellular reticular nucleus,right
617,787,2053,1152,272,432,arbor vitae,right
622,1285,2193,1117,389,468,Cerebellum,right
622,2402,2828,1066,634,608,Gigantocellular reticular nucleus,left
622,2564,2643,1054,663,574,Nucleus raphe magnus,left
622,1468,1515,1093,444,316,Dentate nucleus,right
623,2377,2858,1067,630,614,Gigantocellular reticular nucleus,left
623,366,2846,1173,180,599,Lobules IV-V,left
623,2199,2367,1072,592,517,Gigantocellular reticular nucleus,right
623,2264,2549,1071,605,553,crossed tectospinal pathway,right
620,808,1947,1147,277,409,Lobules IV-V,right
620,1517,1911,1102,444,411,Superior vestibular nucleus,right
621,1797,3234,1095,499,695,Medial vestibular nucleus,left
621,1861,3263,1092,513,701,Medial vestibular nucleus,left
624,1822,2506,1088,502,538,Pontine central gray,right
625,406,2679,1171,190,565,Lobules IV-V,right
625,1239,3214,1128,380,690,Cerebellum,left
625,2054,2926,1082,558,627,Gigantocellular reticular nucleus,left
625,2180,2263,1072,589,495,Gigantocellular reticular nucleus,right
625,2315,2746,1069,616,590,Gigantocellular reticular nucleus,left
625,2605,2951,1054,677,636,Parapyramidal nucleus,left
625,2681,2730,1045,688,591,medial lemniscus,left
627,1383,2210,1107,410,472,Cerebellum,right
627,1746,2197,1085,485,472,Medial vestibular nucleus,right
627,1220,3182,1127,375,683,Cerebellum,left
627,2208,2601,1073,592,562,crossed tectospinal pathway,right
627,1927,3200,1086,527,688,Parvicellular reticular nucleus,left
627,2378,2864,1065,630,616,Gigantocellular reticular nucleus,left
627,965,2241,1139,311,474,Lobule III,right
627,2393,2573,1062,631,559,Gigantocellular reticular nucleus,right
628,1736,3377,1096,487,725,Lateral vestibular nucleus,left
628,2607,2606,1048,670,567,Nucleus raphe magnus,right
628,2049,2930,1080,557,628,Gigantocellular reticular nucleus,left
628,2176,2268,1070,587,496,Gigantocellular reticular nucleus,right
628,2663,2677,1044,683,581,medial lemniscus,left
626,1824,3388,1092,506,728,Medial vestibular nucleus,left
626,2137,2491,1076,576,540,Gigantocellular reticular nucleus,right
626,2346,3083,1070,627,665,Intermediate reticular nucleus,left
626,2451,2747,1060,642,592,Gigantocellular reticular nucleus,left
626,997,3237,1140,326,693,arbor vitae,left
629,1860,2163,1079,512,466,Medial vestibular nucleus,right
629,2266,2406,1068,606,525,Gigantocellular reticular nucleus,right
629,2580,2941,1054,671,634,Gigantocellular reticular nucleus,left
629,1767,3389,1095,494,728,Lateral vestibular nucleus,left
630,1766,3376,1094,493,725,Medial vestibular nucleus,left
630,2253,2517,1068,602,547,Gigantocellular reticular nucleus,right
630,2378,2871,1064,630,617,Gigantocellular reticular nucleus,left
632,2118,2572,1075,571,555,crossed tectospinal pathway,right
632,2290,2988,1069,612,643,Gigantocellular reticular nucleus,left
632,2051,2233,1071,557,486,Intermediate reticular nucleus,right
632,2420,2936,1062,639,632,Gigantocellular reticular nucleus,left
631,2563,2985,1054,669,644,Gigantocellular reticular nucleus,left
633,2506,2521,1052,652,550,Magnocellular reticular nucleus,right
633,2534,2959,1055,662,638,Gigantocellular reticular nucleus,left
633,1275,3104,1120,385,668,arbor vitae,left
633,1734,3032,1092,480,652,Medial vestibular nucleus,left
633,1770,3373,1093,494,725,Medial vestibular nucleus,left
633,2162,2273,1069,583,497,Gigantocellular reticular nucleus,right
633,2548,2906,1054,664,627,Gigantocellular reticular nucleus,left
634,2483,3087,1059,656,666,Intermediate reticular nucleus,left
634,2517,2840,1054,655,612,Magnocellular reticular nucleus,left
635,2522,2823,1053,656,609,Magnocellular reticular nucleus,left
636,1776,3191,1089,492,687,Medial vestibular nucleus,left
636,2234,2589,1068,597,560,crossed tectospinal pathway,right
636,2516,2532,1050,653,552,Magnocellular reticular nucleus,right
636,2566,2748,1049,663,595,Magnocellular reticular nucleus,left
636,2614,3094,1050,683,669,Facial motor nucleus,left
636,1335,3089,1113,397,666,arbor vitae,left
636,2276,2325,1062,609,509,Gigantocellular reticular nucleus,right
637,2309,2149,1057,619,470,Intermediate reticular nucleus,right
637,600,1788,1150,227,375,Simple lobule,right
637,368,2936,1168,180,618,Lobules IV-V,left
637,2126,2446,1071,572,532,Gigantocellular reticular nucleus,right
637,2670,2630,1040,683,572,Nucleus raphe magnus,left
638,1770,1747,1071,498,376,Medial vestibular nucleus,right
638,2066,2885,1075,559,619,Gigantocellular reticular nucleus,left
638,1825,3186,1086,503,686,Medial vestibular nucleus,left
638,612,1805,1149,229,378,Simple lobule,right
638,2508,2473,1049,654,542,Magnocellular reticular nucleus,right
640,2592,2614,1044,666,569,Nucleus raphe magnus,right
640,1826,3245,1085,504,699,Medial vestibular nucleus,left
640,442,2881,1163,197,607,Lobules IV-V,left
640,2509,2476,1048,654,542,Magnocellular reticular nucleus,right
639,2370,2629,1059,624,570,Nucleus raphe magnus,right
639,2509,2474,1048,654,542,Magnocellular reticular nucleus,right
641,1704,1860,1077,484,402,Medial vestibular nucleus,right
641,1762,2339,1081,486,504,Medial vestibular nucleus,right
641,2176,2570,1069,583,556,crossed tectospinal pathway,right
641,2145,2269,1065,578,496,Gigantocellular reticular nucleus,right
641,2509,2478,1048,654,543,Magnocellular reticular nucleus,right
642,2515,2487,1047,654,544,Magnocellular reticular nucleus,right
643,1755,3262,1087,488,702,Medial vestibular nucleus,left
643,1787,3078,1085,491,663,Medial vestibular nucleus,left
643,1804,3275,1085,500,705,Medial vestibular nucleus,left
643,2141,2268,1064,577,496,Gigantocellular reticular nucleus,right
643,1468,1666,1089,436,352,inferior cerebellar peduncle,right
645,2518,2429,1045,657,533,Magnocellular reticular nucleus,right
645,2225,2083,1055,598,456,Intermediate reticular nucleus,right
645,1766,3337,1087,492,718,Medial vestibular nucleus,left
644,2068,2927,1072,559,628,Gigantocellular reticular nucleus,left
644,2103,2522,1069,566,546,Gigantocellular reticular nucleus,right
644,2398,2975,1058,634,641,Gigantocellular reticular nucleus,left
646,1787,3242,1084,495,698,Medial vestibular nucleus,left
646,2449,3340,1055,647,722,Facial motor nucleus,left
646,2042,2536,1071,551,548,crossed tectospinal pathway,right
648,1823,3465,1083,504,746,Medial vestibular nucleus,left
648,2344,2851,1058,620,613,Gigantocellular reticular nucleus,left
650,361,2895,1162,175,609,Lobules IV-V,left
650,2137,2263,1061,575,495,"Pontine reticular nucleus, caudal part",right
650,2411,2868,1054,633,619,Gigantocellular reticular nucleus,left
650,1323,2097,1103,396,449,Cerebellum,right
650,2267,2468,1059,602,538,Gigantocellular reticular nucleus,right
650,2478,2145,1040,655,470,"Pontine reticular nucleus, caudal part",right
651,1517,1804,1086,443,387,Superior vestibular nucleus,right
651,1366,2091,1099,404,448,superior cerebelar peduncles,right
651,2363,2826,1055,623,609,Gigantocellular reticular nucleus,left
651,2194,2521,1062,586,547,Gigantocellular reticular nucleus,right
651,2249,2234,1055,602,490,"Pontine reticular nucleus, caudal part",right
651,2476,3038,1051,650,657,"Pontine reticular nucleus, caudal part",left
651,92,2399,1168,107,511,Lobules IV-V,right
651,1398,2179,1096,411,467,Parabrachial nucleus,right
651,2217,2906,1063,592,625,Gigantocellular reticular nucleus,left
649,1686,2428,1080,468,523,Pontine central gray,right
649,1780,3225,1084,493,695,Medial vestibular nucleus,left
649,1802,3165,1083,496,682,Medial vestibular nucleus,left
652,1851,3234,1079,508,697,Medial vestibular nucleus,left
652,1756,3291,1084,488,709,Medial vestibular nucleus,left
652,2002,2296,1065,541,499,Pons,right
652,1747,3339,1085,487,720,Medial vestibular nucleus,left
652,1840,3071,1079,503,662,Medial vestibular nucleus,left
653,416,2934,1160,189,618,Lobules IV-V,left
653,1621,1782,1077,466,383,Lateral vestibular nucleus,right
653,2490,2275,1042,654,499,"Pontine reticular nucleus, caudal part",right
653,257,2417,1160,147,515,Lobules IV-V,right
653,1825,3140,1080,501,677,Medial vestibular nucleus,left
653,2339,2565,1055,617,557,Gigantocellular reticular nucleus,right
653,1750,3340,1084,488,719,Medial vestibular nucleus,left
653,2294,2135,1050,614,468,Intermediate reticular nucleus,right
658,1325,2119,1099,395,455,Parabrachial nucleus,right
658,1548,1860,1082,449,400,Superior vestibular nucleus,right
658,1826,3187,1077,502,687,Medial vestibular nucleus,left
658,2128,2253,1057,573,493,"Pontine reticular nucleus, caudal part",right
654,1756,3345,1083,489,721,Medial vestibular nucleus,left
656,2105,2909,1065,566,626,Gigantocellular reticular nucleus,left
656,2334,3055,1057,620,660,"Pontine reticular nucleus, caudal part",left
656,2607,2628,1036,667,573,Nucleus raphe magnus,left
656,1828,2254,1069,501,487,Medulla,right
656,2063,2515,1065,556,545,crossed tectospinal pathway,right
655,1987,3841,1082,545,834,Ventral cochlear nucleus,left
657,1781,3187,1080,492,687,Medial vestibular nucleus,left
657,2406,3469,1052,634,746,Parvicellular reticular nucleus,left
657,1166,1949,1109,360,414,arbor vitae,right
660,1496,1955,1087,435,421,Superior vestibular nucleus,right
660,2532,2864,1042,656,619,"Pontine reticular nucleus, caudal part",left
660,2512,2779,1042,650,602,"Pontine reticular nucleus, caudal part",left
660,1663,1913,1073,473,414,Medial vestibular nucleus,right
660,1826,2708,1072,498,584,Nucleus incertus,left
659,1831,3278,1077,504,707,Medial vestibular nucleus,left
659,2440,2937,1048,639,634,"Pontine reticular nucleus, caudal part",left
659,1683,3053,1081,466,660,Medial vestibular nucleus,left
659,1828,2743,1073,499,592,Pontine central gray,left
659,2127,2251,1056,571,492,"Pontine reticular nucleus, caudal part",right
661,1760,3038,1078,483,656,Medial vestibular nucleus,left
661,2130,2900,1062,571,624,"Pontine reticular nucleus, caudal part",left
661,1820,3436,1078,502,740,Medial vestibular nucleus,left
664,1818,3449,1076,502,744,Medial vestibular nucleus,left
664,2023,2833,1064,546,610,Gigantocellular reticular nucleus,left
664,2251,2442,1053,598,533,"Pontine reticular nucleus, caudal part",right
664,1844,2692,1070,502,580,Nucleus incertus,left
664,248,2424,1156,143,517,Lobules IV-V,right
664,1771,2975,1075,484,642,Sublaterodorsal nucleus,left
662,2185,2532,1058,582,549,crossed tectospinal pathway,right
662,252,2426,1157,144,517,Lobules IV-V,right
663,960,3307,1128,310,708,Lobule III,left
668,1647,3478,1086,463,752,Lateral vestibular nucleus,left
668,2257,2773,1054,597,598,"Pontine reticular nucleus, caudal part",left
668,2150,2150,1049,577,470,"Pontine reticular nucleus, caudal part",right
668,2529,3230,1040,662,699,Facial motor nucleus,left
665,1860,3039,1072,507,656,Medulla,left
665,1849,3400,1074,508,733,Medial vestibular nucleus,left
665,2301,2198,1045,613,482,"Pontine reticular nucleus, caudal part",right
665,1732,2943,1076,475,636,Sublaterodorsal nucleus,left
665,2360,2789,1050,620,602,"Pontine reticular nucleus, caudal part",left
665,2555,3004,1041,664,650,"Pontine reticular nucleus, caudal part",left
669,2053,2277,1055,553,496,"Pontine reticular nucleus, caudal part",right
669,1804,3049,1073,493,659,Medial vestibular nucleus,left
669,2190,2068,1044,586,453,Pons,right
666,2582,2831,1036,665,613,"Pontine reticular nucleus, caudal part",left
666,2243,2801,1055,595,603,"Pontine reticular nucleus, caudal part",left
667,1244,1940,1099,378,414,arbor vitae,right
671,1845,3187,1070,505,688,Medial vestibular nucleus,left
671,2060,2290,1053,553,499,"Pontine reticular nucleus, caudal part",right
670,2244,2898,1054,595,625,"Pontine reticular nucleus, caudal part",left
670,2281,2768,1052,602,597,"Pontine reticular nucleus, caudal part",left
673,1800,2737,1068,490,590,Nucleus incertus,left
673,2145,3116,1058,574,674,Intermediate reticular nucleus,left
673,1562,1731,1072,452,370,uncinate fascicle,right
673,2136,3019,1057,571,652,"Pontine reticular nucleus, caudal part",left
673,2255,2784,1052,596,600,"Pontine reticular nucleus, caudal part",left
673,2289,2768,1051,603,597,"Pontine reticular nucleus, caudal part",left
674,2444,3357,1041,640,724,Intermediate reticular nucleus,left
674,322,2262,1151,157,484,Lobules IV-V,right
674,2053,2319,1053,552,505,"Pontine reticular nucleus, caudal part",right
674,2079,2229,1050,559,487,"Pontine reticular nucleus, caudal part",right
676,1608,2202,1071,452,474,Subceruleus nucleus,right
676,1742,2970,1071,476,642,Sublaterodorsal nucleus,left
676,2187,3074,1054,582,665,"Pontine reticular nucleus, caudal part",left
675,119,2625,1157,112,555,Lobules IV-V,right
675,2288,2913,1049,605,629,"Pontine reticular nucleus, caudal part",left
675,2078,2228,1049,558,487,"Pontine reticular nucleus, caudal part",right
677,2501,2373,1032,651,522,"Pontine reticular nucleus, caudal part",right
677,1770,3272,1072,489,707,Medial vestibular nucleus,left
677,443,3097,1152,192,654,Lobules IV-V,left
678,1795,3215,1070,494,695,Medial vestibular nucleus,left
678,2243,2878,1050,594,621,"Pontine reticular nucleus, caudal part",left
678,2253,2100,1038,601,460,"Pontine reticular nucleus, caudal part",right
678,2069,2448,1054,554,532,"Pontine reticular nucleus, caudal part",right
680,1592,2991,1075,443,648,Barrington's nucleus,left
680,2145,2511,1051,571,545,crossed tectospinal pathway,right
681,2106,3531,1058,563,760,Principal sensory nucleus of the trigeminal,left
681,1420,2669,1087,415,578,fourth ventricle,left
681,2390,2674,1041,622,580,"Pontine reticular nucleus, caudal part",left
682,1756,2769,1065,479,599,Nucleus incertus,left
682,2275,2794,1047,599,603,"Pontine reticular nucleus, caudal part",left
683,2050,2219,1046,550,484,"Pontine reticular nucleus, caudal part",right
683,2651,2894,1023,679,628,trapezoid body,left
683,2465,2775,1035,638,601,"Pontine reticular nucleus, caudal part",left
685,2491,2615,1033,641,570,Nucleus raphe magnus,right
684,1801,2826,1064,489,611,Nucleus incertus,left
684,2044,2218,1046,549,484,"Pontine reticular nucleus, caudal part",right
690,1577,2984,1071,438,647,Barrington's nucleus,left
690,1664,2995,1067,458,649,Sublaterodorsal nucleus,left
690,1767,2769,1062,480,599,Nucleus incertus,left
690,2348,2814,1040,614,608,"Pontine reticular nucleus, caudal part",left
690,1401,2837,1085,405,617,Lobule II,left
690,1558,3165,1076,439,684,Medial vestibular nucleus,left
690,1775,2819,1062,482,610,Nucleus incertus,left
686,1579,2952,1072,440,640,Pontine central gray,left
686,1046,2227,1110,324,473,Lobule II,right
686,1409,2801,1086,409,609,Lingula (I),left
686,1410,2786,1086,409,606,Lingula (I),left
686,1998,1671,1043,541,364,Principal sensory nucleus of the trigeminal,right
686,2496,2619,1032,642,571,Nucleus raphe magnus,left
686,1411,2768,1086,410,602,Lingula (I),left
688,2225,2570,1046,587,558,Pons,right
689,2193,2557,1047,581,555,crossed tectospinal pathway,right
689,2234,2573,1045,589,559,Pons,right
689,2529,3147,1031,658,682,"Pontine reticular nucleus, caudal part",left
689,2230,2516,1045,589,547,crossed tectospinal pathway,right
691,2539,3081,1029,659,668,"Pontine reticular nucleus, caudal part",left
691,1828,3025,1061,496,655,Pons,left
691,2430,3052,1035,635,661,"Pontine reticular nucleus, caudal part",left
691,2602,2594,1022,661,567,Nucleus raphe magnus,right
691,817,1786,1116,268,378,Lobules IV-V,right
694,134,2614,1150,112,554,Lobules IV-V,right
694,1758,2778,1060,478,602,Nucleus incertus,left
694,2005,2260,1044,538,492,"Pontine reticular nucleus, caudal part",right
694,2489,3224,1030,649,699,Pons,left
692,882,1960,1115,282,415,Lobules IV-V,right
692,1398,2853,1084,404,621,Lobule II,left
692,2346,2958,1039,615,640,"Pontine reticular nucleus, caudal part",left
692,818,1788,1115,269,379,Lobules IV-V,right
692,2075,2887,1049,554,623,"Pontine reticular nucleus, caudal part",left
695,1560,2991,1070,435,649,Barrington's nucleus,left
695,2297,2445,1036,604,535,"Pontine reticular nucleus, caudal part",right
695,2363,2539,1035,616,554,"Pontine reticular nucleus, caudal part",right
693,831,1807,1115,271,382,Lobules IV-V,right
693,1571,2234,1067,441,482,Barrington's nucleus,right
693,1563,3167,1075,440,684,Medial vestibular nucleus,left
693,1564,3166,1075,440,684,Medial vestibular nucleus,left
696,2259,2798,1042,593,605,"Pontine reticular nucleus, caudal part",left
699,1628,3014,1065,450,654,Barrington's nucleus,left
699,2320,2803,1037,606,606,"Pontine reticular nucleus, caudal part",left
699,2426,2623,1031,626,572,Nucleus raphe magnus,left
699,2458,3072,1029,640,666,"Pontine reticular nucleus, caudal part",left
699,2261,2482,1037,595,541,"Pontine reticular nucleus, caudal part",right
698,1830,2806,1056,494,607,Nucleus incertus,left
698,1524,2990,1071,427,649,Barrington's nucleus,left
698,1581,3083,1070,440,668,Locus ceruleus,left
698,2142,2140,1034,571,468,"Pontine reticular nucleus, caudal part",right
698,2283,2485,1037,600,543,"Pontine reticular nucleus, caudal part",right
700,318,2672,1140,157,565,Lobules IV-V,right
700,1562,2964,1068,434,644,Barrington's nucleus,left
700,2254,2719,1040,591,588,crossed tectospinal pathway,left
700,2264,2481,1037,596,541,"Pontine reticular nucleus, caudal part",right
697,1387,2908,1083,399,633,Lobule II,left
697,1802,2672,1057,487,578,Nucleus incertus,left
701,2294,2471,1035,603,540,"Pontine reticular nucleus, caudal part",right
701,2115,2841,1044,562,613,"Pontine reticular nucleus, caudal part",left
702,2298,3027,1037,605,655,"Pontine reticular nucleus, caudal part",left
702,1522,2930,1070,426,637,Pontine central gray,left
704,1754,2825,1056,476,612,Pontine central gray,left
703,2246,2820,1039,589,609,"Pontine reticular nucleus, caudal part",left
705,604,1884,1126,217,402,Lobules IV-V,right
705,1874,3093,1054,507,671,Pons,left
705,1365,2969,1081,392,645,Lobule II,left
705,1879,2838,1051,506,614,"Pontine reticular nucleus, caudal part",left
705,2127,3048,1043,565,661,"Pontine reticular nucleus, caudal part",left
707,1778,2804,1054,481,608,Nucleus incertus,left
707,2378,2578,1030,617,563,Pons,right
707,2131,2495,1039,564,543,crossed tectospinal pathway,right
706,1980,3052,1047,531,661,"Pontine reticular nucleus, caudal part",left
706,2078,2485,1041,553,540,crossed tectospinal pathway,right
706,2084,2796,1042,554,604,"Pontine reticular nucleus, caudal part",left
706,2310,2481,1032,605,542,"Pontine reticular nucleus, caudal part",right
708,711,2023,1121,239,431,Lobules IV-V,right
711,730,2056,1118,243,438,Lobules IV-V,right
711,1980,3156,1046,532,685,Peritrigeminal zone,left
711,715,2036,1119,240,434,Lobules IV-V,right
709,722,2043,1120,241,436,Lobules IV-V,right
714,1678,3002,1056,459,651,Sublaterodorsal nucleus,left
714,1820,2798,1049,490,607,Nucleus incertus,left
712,202,2852,1144,123,599,Lobules IV-V,left
713,1116,3118,1096,336,670,Lobule II,left
713,732,2065,1118,243,441,Lobules IV-V,right
713,1833,2793,1049,494,605,Nucleus incertus,left
716,1589,2989,1060,439,650,Barrington's nucleus,left
716,1755,2777,1051,475,602,Nucleus incertus,left
716,734,2072,1116,244,442,Lobules IV-V,right
716,735,2073,1116,244,443,Lobules IV-V,right
715,1749,2831,1051,473,614,Pontine central gray,left
715,711,2038,1117,238,435,Lobules IV-V,right
715,733,2069,1116,244,442,Lobules IV-V,right
715,735,2071,1116,244,442,Lobules IV-V,right
715,736,2073,1116,244,443,Lobules IV-V,right
720,734,2077,1114,243,443,Lobules IV-V,right
720,1652,3001,1055,452,652,Pontine central gray,left
717,1186,2152,1082,355,463,Lobule II,right
717,728,2064,1116,243,441,Lobules IV-V,right
717,735,2074,1116,244,443,Lobules IV-V,right
717,736,2075,1116,244,443,Lobules IV-V,right
717,1236,2173,1078,365,469,Lobule II,right
719,711,2044,1116,237,437,Lobules IV-V,right
719,1606,3143,1060,445,682,Pons,left
719,2138,2937,1035,565,636,"Pontine reticular nucleus, caudal part",left
719,1210,2161,1078,360,466,Lobule II,right
718,2313,2792,1029,602,604,"Pontine reticular nucleus, caudal part",left
718,2445,2801,1022,630,608,"Pontine reticular nucleus, caudal part",left
722,1802,3170,1051,491,689,Pons,left
722,1758,3120,1052,480,678,Pons,left
723,693,2007,1114,233,429,Lobules IV-V,right
723,1646,2989,1053,450,650,Pontine central gray,left
723,711,2050,1114,237,438,Lobules IV-V,right
723,1908,2209,1034,513,480,"Pontine reticular nucleus, caudal part",right
721,2352,2563,1026,610,560,Pons,right
721,2490,2884,1018,642,626,"Pontine reticular nucleus, caudal part",left
737,1674,3046,1047,457,662,Pons,left
737,1026,1900,1084,312,405,Lobules IV-V,right
724,2522,2972,1015,649,645,"Pontine reticular nucleus, caudal part",left
724,2522,2639,1015,642,577,Pons,left
728,2381,2499,1019,617,548,"Pontine reticular nucleus, caudal part",right
728,1587,3058,1056,438,665,Pons,left
728,1166,2100,1077,349,452,Lobule III,right
728,1825,2693,1042,489,585,Nucleus incertus,left
726,715,2058,1112,238,441,Lobules IV-V,right
727,722,2070,1111,239,443,Lobules IV-V,right
730,1022,1883,1087,312,401,Lobules IV-V,right
729,319,3175,1143,150,673,Lobules IV-V,left
729,1820,3057,1045,491,664,"Pontine reticular nucleus, caudal part",left
729,1464,3665,1076,419,797,arbor vitae,left
731,1619,3045,1052,445,662,Pons,left
731,2097,2951,1031,553,640,"Pontine reticular nucleus, caudal part",left
731,1786,2775,1043,480,602,Nucleus incertus,left
731,1835,2949,1041,492,641,"Pontine reticular nucleus, caudal part",left
731,695,2017,1111,232,431,Lobules IV-V,right
732,685,2008,1111,230,431,Lobules IV-V,right
732,1848,2748,1040,495,597,Pons,left
732,696,2019,1111,232,433,Lobules IV-V,right
733,643,1975,1113,221,423,Lobules IV-V,right
733,1137,2085,1077,341,448,Lobule III,right
733,1026,1896,1086,313,403,Lobules IV-V,right
736,1552,3015,1054,428,656,Pontine central gray,left
736,1887,3056,1039,505,665,"Pontine reticular nucleus, caudal part",left
736,709,2035,1108,235,436,Lobules IV-V,right
734,706,2030,1109,234,435,Lobules IV-V,right
734,717,2069,1108,237,444,Lobules IV-V,right
740,1817,3085,1041,490,671,"Pontine reticular nucleus, caudal part",left
740,643,1948,1109,220,419,Lobules IV-V,right
740,2383,3041,1014,619,660,"Pontine reticular nucleus, caudal part",left
741,1823,3014,1039,490,656,"Pontine reticular nucleus, caudal part",left
741,1799,2753,1039,482,598,Nucleus incertus,left
741,1787,2799,1039,479,608,Nucleus incertus,left
738,2396,3182,1013,621,690,"Pontine reticular nucleus, caudal part",left
738,1862,2782,1037,497,604,"Pontine reticular nucleus, caudal part",left
738,675,2001,1109,227,429,Lobules IV-V,right
742,340,2853,1127,158,602,Lobules IV-V,left
743,721,2281,1103,235,490,Lobule III,right
743,1690,3047,1043,459,663,Pons,left
744,1027,1911,1080,311,407,Lobules IV-V,right
744,620,1934,1108,214,416,Lobules IV-V,right
744,1355,3032,1065,383,657,Parabrachial nucleus,left
745,758,1797,1097,249,384,Lobules IV-V,right
745,1281,3450,1080,371,743,Lobule III,left
745,636,1963,1108,217,422,Lobules IV-V,right
745,673,2004,1106,226,431,Lobules IV-V,right
748,1091,3020,1080,326,652,Lobule II,left
748,2234,2863,1019,582,622,"Pontine reticular nucleus, caudal part",left
748,2323,2563,1016,601,561,Pons,right
748,1028,1919,1077,312,410,Lobules IV-V,right
748,629,1954,1106,215,421,Lobules IV-V,right
747,2454,2099,993,640,463,"Pontine reticular nucleus, caudal part",right
747,2137,2819,1022,559,612,"Pontine reticular nucleus, caudal part",left
749,325,2636,1125,151,560,Lobules IV-V,right
749,765,1798,1095,249,385,Lobules IV-V,right
749,2138,2805,1022,560,609,"Pontine reticular nucleus, caudal part",left
746,633,1960,1107,217,421,Lobules IV-V,right
746,817,1879,1094,260,402,Lobules IV-V,right
750,2109,2914,1022,554,633,"Pontine reticular nucleus, caudal part",left
750,720,2281,1100,234,490,Lobule III,right
750,1178,2091,1065,349,451,Lobule III,right
752,211,2965,1136,119,624,Lobules IV-V,left
752,819,3412,1104,263,732,Lobules IV-V,left
752,346,3117,1132,152,659,Lobules IV-V,left
752,218,3016,1137,121,635,Lobules IV-V,left
752,2387,2448,1007,617,539,"Pontine reticular nucleus, caudal part",right
753,239,3165,1138,125,671,Lobules IV-V,left
751,594,1893,1105,207,408,Lobules IV-V,right
759,1493,3008,1048,412,656,Pons,left
754,1113,2078,1068,332,447,Lobule III,right
754,1988,2203,1017,529,481,"Pontine reticular nucleus, caudal part",right
756,622,1940,1102,212,418,Lobules IV-V,right
756,178,2984,1137,111,628,Lobules IV-V,left
756,1111,2077,1067,331,446,Lobule III,right
756,1129,2843,1074,334,618,Lobule II,left
756,1926,2755,1025,510,599,"Pontine reticular nucleus, caudal part",left
756,726,2289,1097,234,492,Lobule III,right
755,1809,2850,1031,483,620,Pons,left
761,1693,1842,1026,468,400,Supratrigeminal nucleus,right
761,2331,2692,1011,600,586,Pons,left
761,263,3060,1133,131,647,Lobules IV-V,left
761,2326,2962,1009,603,643,"Pontine reticular nucleus, caudal part",left
761,1869,2914,1027,497,635,"Pontine reticular nucleus, caudal part",left
757,2019,2962,1023,533,644,"Pontine reticular nucleus, caudal part",left
758,2422,3348,1003,623,725,Pons,left
765,1835,3068,1029,491,669,"Pontine reticular nucleus, caudal part",left
765,1775,3150,1033,479,687,Supratrigeminal nucleus,left
762,2025,2955,1020,534,643,"Pontine reticular nucleus, caudal part",left
762,2488,3106,997,640,675,"Pontine reticular nucleus, caudal part",left
762,2567,2857,995,653,624,"Pontine reticular nucleus, caudal part",left
764,2477,3297,997,636,713,"Superior olivary complex, lateral part",left
764,1133,3070,1070,332,662,Lobule II,left
764,2377,3123,1003,614,679,"Pontine reticular nucleus, caudal part",left
764,2389,3374,1002,616,731,Pons,left
767,525,3383,1116,193,723,Lobules IV-V,left
770,1870,3075,1025,498,671,"Pontine reticular nucleus, caudal part",left
770,2450,1939,979,637,433,lateral lemniscus,right
770,1971,2723,1017,519,594,"Pontine reticular nucleus, caudal part",left
769,1781,3042,1029,477,663,"Pontine reticular nucleus, caudal part",left
769,1878,2852,1023,498,621,"Pontine reticular nucleus, caudal part",left
769,1916,2685,1020,506,585,Nucleus raphe pontis,left
766,1834,2728,1025,488,594,Pons,left
772,1772,3101,1028,476,676,Pons,left
776,1792,3001,1024,477,655,"Pontine reticular nucleus, caudal part",left
776,2222,3363,1009,580,732,Parvicellular motor 5 nucleus,left
776,2137,2655,1010,556,579,Pons,left
771,1882,2093,1014,504,457,Peritrigeminal zone,right
773,315,2818,1121,147,597,Lobules IV-V,left
773,1883,2685,1020,499,585,Nucleus raphe pontis,left
773,1880,2749,1020,498,599,"Pontine reticular nucleus, caudal part",left
780,2086,2951,1010,545,643,"Pontine reticular nucleus, caudal part",left
780,1584,2978,1032,430,651,Laterodorsal tegmental nucleus,left
780,1785,3267,1026,481,713,Supratrigeminal nucleus,left
777,2251,2498,1005,583,549,Pons,right
777,1845,3068,1023,492,670,"Pontine reticular nucleus, caudal part",left
778,2294,2733,1004,590,596,Pons,left
778,2017,2965,1013,529,646,"Pontine reticular nucleus, caudal part",left
779,1710,3092,1027,460,674,Pons,left
779,2467,3112,990,633,677,"Pontine reticular nucleus, caudal part",left
779,255,2575,1120,127,548,arbor vitae,right
781,2343,2275,991,611,503,"Pontine reticular nucleus, caudal part",right
786,1695,2993,1024,454,654,Pons,left
787,1377,1986,1033,390,432,Parabrachial nucleus,right
787,2373,3313,993,611,720,"Superior olivary complex, lateral part",left
785,1961,2739,1011,515,598,"Pontine reticular nucleus, caudal part",left
789,2167,2876,1003,561,626,"Pontine reticular nucleus, caudal part",left
789,2348,2519,996,604,554,Pons,right
788,1903,2728,1012,502,596,Superior central nucleus raphe,left
792,1385,1990,1030,392,434,Parabrachial nucleus,right
794,1785,3948,1036,485,853,Flocculus,left
794,1995,2695,1005,522,588,Superior central nucleus raphe,left
794,2178,2867,1000,564,624,"Pontine reticular nucleus, caudal part",left
794,2361,3120,990,608,679,"Pontine reticular nucleus, caudal part",left
794,2061,2188,998,542,481,"Pontine reticular nucleus, caudal part",right
794,2265,2130,986,593,472,"Pontine reticular nucleus, caudal part",right
793,1706,2992,1020,456,653,Midbrain reticular nucleus,left
793,2060,2189,998,542,481,"Pontine reticular nucleus, caudal part",right
796,2262,2116,985,591,469,"Pontine reticular nucleus, caudal part",right
796,2394,2854,989,613,623,"Pontine reticular nucleus, caudal part",left
796,2615,3261,973,668,708,"Superior olivary complex, lateral part",left
800,1755,3386,1019,472,739,Supratrigeminal nucleus,left
797,2066,2675,1002,537,584,Superior central nucleus raphe,left
801,1923,2695,1006,505,589,Superior central nucleus raphe,left
801,2038,2694,1001,531,589,Superior central nucleus raphe,left
803,1474,2962,1031,401,647,Pons,left
803,2458,3145,979,630,685,lateral lemniscus,left
802,1764,2985,1013,468,653,Pons,left
802,1843,2858,1009,486,625,Pontine reticular nucleus,left
809,1108,3241,1053,317,699,Cuneiform nucleus,left
809,2008,2162,994,529,475,Pontine reticular nucleus,right
809,2014,2679,998,525,586,Superior central nucleus raphe,left
811,2327,1994,971,606,444,Pontine reticular nucleus,right
811,1933,2847,1001,506,622,Pontine reticular nucleus,left
811,2094,2703,994,542,592,Superior central nucleus raphe,left
816,1940,3078,1001,508,673,Pontine reticular nucleus,left
816,317,2672,1107,139,570,Lobules IV-V,right
813,1119,3246,1050,318,700,Cuneiform nucleus,left
817,2059,2966,995,535,648,Pontine reticular nucleus,left
817,2086,2681,993,539,586,Superior central nucleus raphe,left
817,2489,3133,972,636,683,"Pontine reticular nucleus, caudal part",left
817,1509,2210,1015,412,482,Midbrain reticular nucleus,right
817,1869,2745,1002,491,600,Superior central nucleus raphe,left
817,2101,2163,986,550,478,Pontine reticular nucleus,right
818,2103,2196,985,551,484,Pontine reticular nucleus,right
819,2098,2698,990,542,591,Superior central nucleus raphe,left
819,2017,2420,992,524,530,crossed tectospinal pathway,right
828,2098,2181,981,549,482,Pontine reticular nucleus,right
828,1454,3284,1021,396,714,Parabrachial nucleus,left
828,2181,2993,985,562,654,Pontine reticular nucleus,left
820,2672,3013,959,673,661,Pons,left
824,2088,2185,984,546,482,Pontine reticular nucleus,right
826,1840,2864,999,482,627,Pontine reticular nucleus,left
826,2272,2525,982,582,556,Pons,right
826,1902,2762,996,497,604,Pons,left
825,1892,2746,997,495,601,Superior central nucleus raphe,left
825,2091,2704,989,539,592,Superior central nucleus raphe,left
825,2595,3128,961,659,684,"Superior olivary complex, medial part",left
825,1888,2804,997,494,614,Pontine reticular nucleus,left
825,2086,2199,984,545,485,Pontine reticular nucleus,right
827,2076,2686,988,536,588,Superior central nucleus raphe,left
829,2190,3082,985,566,671,Pontine reticular nucleus,left
834,1897,3106,995,495,679,Pontine reticular nucleus,left
834,2085,2705,985,537,593,Superior central nucleus raphe,left
834,2661,3153,953,674,690,"Superior olivary complex, periolivary region",left
834,1229,3237,1033,340,701,Cuneiform nucleus,left
834,2020,2919,988,523,639,Pontine reticular nucleus,left
834,2099,2232,979,547,492,Pontine reticular nucleus,right
834,2092,2156,979,546,477,Pontine reticular nucleus,right
833,2102,2168,979,548,480,Pontine reticular nucleus,right
833,1171,1975,1026,333,428,Cuneiform nucleus,right
833,2101,2193,980,548,485,Pontine reticular nucleus,right
833,2109,2189,979,550,484,Pontine reticular nucleus,right
835,2164,3400,987,564,741,Motor nucleus of trigeminal,left
839,1832,3071,995,478,672,Pontine reticular nucleus,left
839,2096,2242,977,545,495,Pontine reticular nucleus,right
841,2108,2181,976,550,482,Pontine reticular nucleus,right
841,2073,2694,982,534,591,Superior central nucleus raphe,left
844,2411,3273,966,616,713,lateral lemniscus,left
844,2102,2699,980,539,592,Superior central nucleus raphe,left
844,2116,2703,979,543,593,Superior central nucleus raphe,left
843,1913,2822,988,498,618,Pontine reticular nucleus,left
845,2408,2043,953,623,456,Pontine reticular nucleus,right
845,1597,2536,1005,424,555,Midbrain,right
846,1855,2251,985,486,493,Pontine reticular nucleus,right
846,2060,2707,980,530,593,Superior central nucleus raphe,left
847,1883,2823,987,490,619,Pontine reticular nucleus,left
849,1200,3344,1032,331,726,Cuneiform nucleus,left
853,1322,2739,1016,361,602,Laterodorsal tegmental nucleus,left
853,1738,3366,995,460,734,Parabrachial nucleus,left
850,2412,1977,949,623,441,Pons,right
851,1544,2283,999,413,500,superior cerebelar peduncles,right
852,2086,2684,977,535,589,Superior central nucleus raphe,left
852,2049,2705,978,527,593,Superior central nucleus raphe,left
856,2113,2799,974,542,614,Pontine reticular nucleus,left
857,2107,3012,976,541,658,Pontine reticular nucleus,left
857,2213,3075,972,568,671,Pontine reticular nucleus,left
857,1776,3005,989,462,658,Midbrain reticular nucleus,left
855,1714,3205,994,451,700,Pedunculopontine nucleus,left
855,2141,2677,973,547,587,Superior central nucleus raphe,left
859,1760,2014,980,465,445,Pons,right
859,2282,3028,966,582,662,Pontine reticular nucleus,left
859,1997,2749,977,514,603,Superior central nucleus raphe,left
865,2145,3074,972,550,671,Pontine reticular nucleus,left
865,2228,3082,968,570,672,Pontine reticular nucleus,left
865,2124,3012,972,545,658,Pontine reticular nucleus,left
865,1935,2739,978,500,601,Superior central nucleus raphe,left
858,2197,2937,970,561,642,Pontine reticular nucleus,left
861,1338,2821,1013,364,620,Laterodorsal tegmental nucleus,left
861,1797,3323,989,471,726,Parabrachial nucleus,left
860,2033,2715,975,523,596,Superior central nucleus raphe,left
862,2181,2876,969,557,630,Pontine reticular nucleus,left
866,2132,2261,965,549,500,Pontine reticular nucleus,right
866,2168,3055,969,556,667,Pontine reticular nucleus,left
866,1373,3413,1012,373,743,Midbrain,left
866,1771,2014,977,467,445,Pons,right
868,1292,3400,1018,351,740,Cuneiform nucleus,left
868,2360,3221,959,602,702,lateral lemniscus,left
868,2487,3096,951,628,677,Pontine reticular nucleus,left
867,2108,2815,969,539,618,Pontine reticular nucleus,left
867,2073,2745,970,531,603,Superior central nucleus raphe,left
870,2090,2998,971,536,656,Pontine reticular nucleus,left
870,2323,3086,960,592,673,Pontine reticular nucleus,left
870,2018,2995,973,519,655,Pontine reticular nucleus,left
869,2096,2771,969,535,608,crossed tectospinal pathway,left
871,2019,2994,972,518,655,Pontine reticular nucleus,left
874,1850,2136,972,483,471,Pontine reticular nucleus,right
874,2073,2677,968,530,588,Superior central nucleus raphe,left
874,2305,2250,953,591,500,Pontine reticular nucleus,right
876,2090,2769,966,533,608,crossed tectospinal pathway,left
876,1198,3266,1016,324,712,Cuneiform nucleus,left
872,1655,2589,991,435,569,Dorsal nucleus raphe,right
873,1909,2801,976,493,615,Pons,left
873,2023,2995,972,520,655,Pontine reticular nucleus,left
873,1657,2589,991,435,569,Dorsal nucleus raphe,right
875,1501,2840,998,399,623,Midbrain reticular nucleus,left
878,2045,3061,969,524,669,Pontine reticular nucleus,left
877,2574,3094,941,648,678,"Superior olivary complex, periolivary region",left
881,1912,3083,974,491,675,Pontine reticular nucleus,left
881,2015,2760,968,516,606,crossed tectospinal pathway,left
881,1973,2855,970,506,627,Pontine reticular nucleus,left
879,877,2853,1032,249,628,Periaqueductal gray,left
880,2218,3050,961,566,666,Pontine reticular nucleus,left
883,2074,2111,958,537,470,Pontine reticular nucleus,right
883,822,3555,1046,251,774,Midbrain,left
883,1968,2948,969,504,647,Pontine reticular nucleus,left
883,1997,2037,960,519,454,Pontine reticular nucleus,right
883,2039,3287,968,527,716,Pontine reticular nucleus,left
885,2001,2049,960,520,457,Pontine reticular nucleus,right
885,2284,2264,950,585,503,Pontine reticular nucleus,right
882,2067,2729,964,527,600,Superior central nucleus raphe,left
889,2282,2912,953,577,638,Pontine reticular nucleus,left
886,2361,3188,951,600,696,Pontine reticular nucleus,left
888,2170,2907,958,551,637,Pontine reticular nucleus,left
888,1789,3031,975,461,664,Midbrain reticular nucleus,left
892,2003,2142,958,518,476,Pontine reticular nucleus,right
890,2059,2136,956,532,475,Pontine reticular nucleus,right
891,1958,3092,967,502,675,Pontine reticular nucleus,left
891,1987,2710,964,508,596,Superior central nucleus raphe,left
893,1969,1956,956,513,437,Pontine reticular nucleus,right
893,2234,3329,955,573,725,lateral lemniscus,left
895,849,2837,1026,241,624,Periaqueductal gray,left
895,1951,2926,964,498,642,Pontine reticular nucleus,left
894,2024,2110,956,523,470,Pontine reticular nucleus,right
897,867,2880,1026,245,634,Periaqueductal gray,left
897,1781,2655,974,462,584,Midbrain,left
897,1970,1952,954,513,436,Pontine reticular nucleus,right
896,1960,3102,965,502,678,Pontine reticular nucleus,left
898,1931,2177,958,498,482,Pontine reticular nucleus,right
899,2415,3154,942,611,689,Pontine reticular nucleus,left
899,2120,2749,954,537,605,Superior central nucleus raphe,left
899,1733,2619,975,451,576,Midbrain,left
899,2014,2137,954,519,475,Pontine reticular nucleus,right
900,946,2926,1018,263,645,Periaqueductal gray,left
900,2046,2736,958,520,602,Superior central nucleus raphe,left
903,2103,2105,947,542,470,Pontine reticular nucleus,right
903,983,2885,1011,271,638,Periaqueductal gray,left
905,1927,3054,962,491,669,Pontine reticular nucleus,left
906,906,2876,1017,253,634,Periaqueductal gray,left
906,866,2849,1020,244,628,Periaqueductal gray,left
906,1240,2931,997,333,646,Periaqueductal gray,left
908,938,2755,1008,258,609,Periaqueductal gray,left
908,2225,2659,946,560,587,Superior central nucleus raphe,left
908,1845,3373,966,478,737,Pons,left
908,856,2872,1021,241,632,Periaqueductal gray,left
907,910,2903,1017,254,641,Periaqueductal gray,left
910,1927,3061,960,491,670,Pontine reticular nucleus,left
910,1814,1861,952,475,414,Pons,right
910,1961,2104,951,505,469,Pontine reticular nucleus,right
909,929,2116,1011,267,458,"Inferior colliculus, dorsal nucleus",right
909,1954,2088,952,504,466,Pontine reticular nucleus,right
911,843,2866,1020,239,631,Periaqueductal gray,left
914,1959,2096,949,505,467,Pontine reticular nucleus,right
914,1195,3077,999,319,676,Cuneiform nucleus,left
914,1745,3129,967,448,684,Pedunculopontine nucleus,left
915,910,2907,1013,253,641,Periaqueductal gray,left
915,2097,2992,951,531,655,Pontine reticular nucleus,left
915,2343,3156,940,592,689,Pontine reticular nucleus,left
913,2143,2718,948,541,599,Superior central nucleus raphe,left
913,2192,2648,946,551,585,Superior central nucleus raphe,left
916,1159,3056,999,311,672,Periaqueductal gray,left
916,1288,2957,991,344,650,Periaqueductal gray,left
917,870,2314,1011,250,502,Periaqueductal gray,right
919,918,2876,1009,254,635,Periaqueductal gray,left
921,1070,2974,1001,289,657,Periaqueductal gray,left
921,760,2668,1019,219,586,Periaqueductal gray,left
921,1862,3116,958,474,681,Pontine reticular nucleus,left
922,2144,2739,944,540,604,Superior central nucleus raphe,left
922,1933,2772,954,492,610,Superior central nucleus raphe,left
924,912,2869,1008,251,634,Periaqueductal gray,left
924,2180,2795,941,548,616,Pontine reticular nucleus,left
924,2238,2807,938,563,618,Pontine reticular nucleus,left
925,2158,2704,942,543,597,Superior central nucleus raphe,left
925,2181,2760,941,548,608,Pontine reticular nucleus,left
928,1495,2831,977,389,621,Midbrain reticular nucleus,left
926,977,2942,1004,266,649,Periaqueductal gray,left
926,966,2945,1005,264,650,Periaqueductal gray,left
927,1233,2950,988,329,650,Periaqueductal gray,left
927,2034,2709,946,514,597,Superior central nucleus raphe,left
929,994,2912,1000,270,644,Periaqueductal gray,left
929,1501,2839,977,391,623,Midbrain reticular nucleus,left
930,1355,2953,983,358,648,Periaqueductal gray,left
930,1848,1869,943,481,418,Pontine reticular nucleus,right
930,1505,2843,976,391,624,Midbrain reticular nucleus,left
931,1123,2993,993,301,661,Periaqueductal gray,left
931,1600,3335,970,415,727,Pedunculopontine nucleus,left
931,943,2923,1004,258,646,Periaqueductal gray,left
931,2070,2721,943,521,600,Superior central nucleus raphe,left
932,1065,2992,997,286,660,Periaqueductal gray,left
932,1192,2995,990,317,660,Periaqueductal gray,left
932,1137,2995,992,303,661,Periaqueductal gray,left
932,1711,3041,962,436,665,Pedunculopontine nucleus,left
935,1057,2879,991,283,638,Periaqueductal gray,left
934,1303,2944,983,345,648,Periaqueductal gray,left
937,964,2904,999,262,642,Periaqueductal gray,left
937,2027,2763,943,510,609,Superior central nucleus raphe,left
936,1192,2986,987,317,658,Periaqueductal gray,left
936,2078,2733,941,523,603,Superior central nucleus raphe,left
938,977,3058,1002,264,674,Midbrain,left
938,1931,3421,950,495,747,lateral lemniscus,left
939,1073,2976,992,288,657,Periaqueductal gray,left
939,1083,3080,994,289,679,Midbrain,left
939,1960,3076,945,496,673,Pontine reticular nucleus,left
940,1918,3283,947,490,717,Pontine reticular nucleus,left
941,1846,3346,952,473,730,Midbrain,left
941,2211,2757,933,553,608,Pontine reticular nucleus,left
942,1091,2216,982,301,482,Periaqueductal gray,right
942,773,2932,1014,220,643,"Superior colliculus, motor related, deep gray layer",left
942,1240,2883,979,328,637,Periaqueductal gray,left
943,1263,2899,978,334,640,Periaqueductal gray,left
947,1534,3336,967,397,728,Pedunculopontine nucleus,left
947,1918,2305,939,486,510,Pontine reticular nucleus,right
947,736,2973,1015,210,652,Midbrain,left
947,1280,2927,977,337,644,Periaqueductal gray,left
945,1775,3187,953,453,696,Pedunculopontine nucleus,left
945,1843,2682,950,470,591,Anterior tegmental nucleus,left
945,877,2109,999,251,458,Midbrain,right
945,1675,2168,951,430,481,Pedunculopontine nucleus,right
944,2048,2737,939,515,603,Superior central nucleus raphe,left
946,2222,2705,929,555,598,Superior central nucleus raphe,left
949,2205,2825,931,551,623,Pontine reticular nucleus,left
952,821,3034,1008,228,667,"Superior colliculus, motor related, deep gray layer",left
950,1381,2978,974,361,653,Periaqueductal gray,left
953,1377,2978,973,359,653,Periaqueductal gray,left
953,1927,3388,944,491,740,Pons,left
953,1310,2890,973,344,637,Periaqueductal gray,left
957,1222,2994,978,321,660,Periaqueductal gray,left
957,1184,2955,978,313,653,Periaqueductal gray,left
956,967,2913,991,260,645,Periaqueductal gray,left
954,2151,2834,931,537,625,Pontine reticular nucleus,left
960,960,2079,985,269,452,Midbrain,right
961,2178,2747,926,543,606,Superior central nucleus raphe,left
961,1160,3023,980,306,667,Periaqueductal gray,left
961,1296,2870,969,339,633,Periaqueductal gray,left
961,2033,3156,934,513,690,Pontine reticular nucleus,left
963,1018,3147,989,271,693,Midbrain,left
962,2216,2769,923,552,611,Pontine reticular nucleus,left
962,1253,2881,970,329,636,Periaqueductal gray,left
964,1283,2858,968,336,631,Periaqueductal gray,left
964,1310,3052,972,342,670,Midbrain reticular nucleus,left
964,2239,2744,921,557,606,Pons,left
964,2193,2801,924,546,618,Pontine reticular nucleus,left
964,1064,2055,976,293,448,Midbrain,right
967,1331,3164,970,346,695,Cuneiform nucleus,left
967,2098,2940,928,524,647,Pontine reticular nucleus,left
967,1119,2107,971,305,461,Midbrain reticular nucleus,right
966,2145,3276,925,541,716,Pons,left
966,1101,2961,978,291,654,Periaqueductal gray,left
966,1193,3021,975,314,666,Periaqueductal gray,left
968,824,3048,1000,226,671,"Superior colliculus, motor related, deep gray layer",left
969,1896,2907,936,474,639,Pontine reticular nucleus,left
969,1150,2065,969,313,453,Midbrain reticular nucleus,right
969,1308,2860,965,342,631,Periaqueductal gray,left
969,1312,2889,966,342,637,Periaqueductal gray,left
969,2168,2851,925,540,628,Pontine reticular nucleus,left
969,1340,3179,970,348,698,Cuneiform nucleus,left
969,2171,2752,923,540,607,Superior central nucleus raphe,left
971,1089,2955,976,288,654,Periaqueductal gray,left
971,1185,3021,973,311,666,Midbrain,left
971,1206,3015,972,316,665,Midbrain reticular nucleus,left
971,1297,2859,964,338,631,Periaqueductal gray,left
970,1125,2102,969,306,460,Midbrain reticular nucleus,right
972,2158,2825,923,537,623,Pontine reticular nucleus,left
972,1175,3019,974,308,666,Midbrain,left
975,761,3001,1001,211,659,"Superior colliculus, motor related, deep gray layer",left
974,1301,2862,963,338,631,Periaqueductal gray,left
976,868,3028,993,235,667,"Superior colliculus, motor related, deep gray layer",left
976,2214,2745,917,550,606,Pons,left
979,1300,3314,967,336,729,Midbrain reticular nucleus,left
979,1342,2829,959,347,624,Periaqueductal gray,left
978,724,2726,995,206,599,"Superior colliculus, motor related, deep gray layer",left
978,1845,2338,932,464,518,crossed tectospinal pathway,right
980,1302,3292,967,336,723,Midbrain reticular nucleus,left
980,1348,2883,960,349,635,Periaqueductal gray,left
980,1457,3180,959,374,697,Midbrain reticular nucleus,left
981,671,2973,1004,190,651,"Superior colliculus, motor related, intermediate white layer",left
981,1013,3004,980,269,664,"Superior colliculus, motor related, deep white layer",left
981,1303,2817,959,339,622,Periaqueductal gray,left
981,1444,2849,957,370,626,Periaqueductal gray,left
983,2035,3368,924,513,737,Pons,left
982,1449,2810,956,371,618,Periaqueductal gray,left
984,1464,3061,957,376,670,Midbrain reticular nucleus,left
984,1963,3325,927,496,727,Pons,left
984,2006,2331,921,501,518,Pontine reticular nucleus,right
985,1298,2923,961,337,644,Periaqueductal gray,left
985,1991,3249,925,501,711,rubrospinal tract,left
985,2236,2740,913,554,606,Pons,left
985,1861,2330,928,467,516,Midbrain,right
985,1898,3099,929,476,679,Pontine reticular nucleus,left
985,2210,2821,915,548,622,Pontine reticular nucleus,left
986,955,3110,984,253,686,"Superior colliculus, motor related, deep gray layer",left
990,667,2789,995,190,613,"Superior colliculus, motor related, deep gray layer",left
990,1130,2862,961,295,634,Periaqueductal gray,left
990,1308,2770,953,339,612,Periaqueductal gray,left
989,1009,3043,978,266,672,"Superior colliculus, motor related, deep gray layer",left
989,1137,3007,969,297,663,Midbrain,left
989,1315,2813,955,340,622,Periaqueductal gray,left
992,2014,2510,921,503,556,Superior central nucleus raphe,right
994,1182,3045,965,307,671,Midbrain reticular nucleus,left
994,2141,2799,915,529,618,Pontine reticular nucleus,left
994,2237,2766,909,553,611,Pontine reticular nucleus,left
993,1431,2696,950,366,594,Midbrain,left
993,1323,2838,954,342,627,Periaqueductal gray,left
993,2010,2745,921,500,606,Superior central nucleus raphe,left
995,1291,2796,951,333,618,Periaqueductal gray,left
995,1865,3182,927,468,695,Pedunculopontine nucleus,left
995,1608,3023,944,406,663,Midbrain reticular nucleus,left
996,2198,2775,910,544,613,Pontine reticular nucleus,left
998,1027,3028,972,269,669,"Superior colliculus, motor related, deep gray layer",left
998,1040,3037,971,272,670,"Superior colliculus, motor related, deep gray layer",left
998,1364,2853,951,350,629,Periaqueductal gray,left
999,655,2782,990,186,611,"Superior colliculus, motor related, intermediate white layer",left
999,1369,2788,949,351,615,Periaqueductal gray,left
999,989,3019,973,260,667,"Superior colliculus, motor related, deep gray layer",left
999,1008,3119,974,264,689,"Superior colliculus, motor related, deep gray layer",left
1001,1254,1949,951,333,431,Midbrain reticular nucleus,right
1001,1254,2966,957,325,654,Periaqueductal gray,left
1004,1264,2965,955,326,654,Periaqueductal gray,left
1004,2261,2731,902,558,604,Pons,left
1003,726,2931,987,199,644,"Superior colliculus, motor related, intermediate white layer",left
1003,2115,2025,903,528,454,Pontine reticular nucleus,right
1003,1317,2727,945,338,602,Periaqueductal gray,left
1002,933,3069,977,247,678,"Superior colliculus, motor related, deep gray layer",left
1000,1051,3034,970,275,670,"Superior colliculus, motor related, deep gray layer",left
1005,574,2606,991,174,571,"Superior colliculus, motor related, intermediate white layer",left
1005,1422,2806,947,362,617,Periaqueductal gray,left
1007,1000,3061,970,261,676,"Superior colliculus, motor related, deep gray layer",left
1007,1179,3049,959,305,673,Midbrain reticular nucleus,left
1007,1204,3162,960,310,697,Midbrain reticular nucleus,left
1007,900,3132,978,237,691,"Superior colliculus, motor related, deep gray layer",left
1007,1147,3069,962,296,677,Midbrain,left
1007,1303,2756,945,335,609,Periaqueductal gray,left
1008,1070,3043,965,278,672,"Superior colliculus, motor related, deep gray layer",left
1009,1017,3068,969,265,678,"Superior colliculus, motor related, deep gray layer",left
1009,787,2759,975,214,610,"Superior colliculus, motor related, deep gray layer",left
1009,1315,2692,943,338,595,Periaqueductal gray,left
1009,1932,2280,913,481,507,Pontine reticular nucleus,right
1009,1933,2279,913,482,508,Pontine reticular nucleus,right
1010,1261,2910,950,324,642,Periaqueductal gray,left
1010,1965,3043,915,487,669,Pontine reticular nucleus,left
1011,1367,2748,942,348,607,Periaqueductal gray,left
1011,2228,2794,902,549,617,Pontine reticular nucleus,left
1011,1730,2994,929,431,657,Midbrain reticular nucleus,left
1013,769,2754,974,210,608,"Superior colliculus, motor related, deep gray layer",left
1015,1284,2952,949,330,650,Periaqueductal gray,left
1015,1116,3095,961,288,683,Midbrain,left
1014,1367,2880,945,348,634,Periaqueductal gray,left
1014,1382,2874,945,351,633,Periaqueductal gray,left
1016,711,2714,976,198,599,"Superior colliculus, motor related, deep gray layer",left
1017,2111,2864,908,519,632,Pontine reticular nucleus,left
1017,2081,2811,908,512,621,Pontine reticular nucleus,left
1018,1375,2916,944,350,642,Periaqueductal gray,left
1018,1413,2876,942,359,633,Periaqueductal gray,left
1019,947,3077,969,246,679,"Superior colliculus, motor related, deep gray layer",left
1021,1742,2866,924,431,631,Midbrain reticular nucleus,left
1021,1321,2727,938,338,602,Periaqueductal gray,left
1020,1326,2690,937,339,595,Periaqueductal gray,left
1024,645,2739,977,182,603,"Superior colliculus, motor related, intermediate white layer",left
1024,1198,3059,952,308,675,Midbrain reticular nucleus,left
1022,902,1975,961,248,431,"Superior colliculus, motor related, deep gray layer",right
1023,1338,2714,936,342,600,Periaqueductal gray,left
1025,1346,2747,937,343,606,Periaqueductal gray,left
1025,1199,3024,951,308,667,Midbrain,left
1025,473,2942,994,137,642,"Superior colliculus, superficial gray layer",left
1025,1089,3116,959,281,688,"Superior colliculus, motor related, deep gray layer",left
1025,1093,2036,948,293,448,"Superior colliculus, motor related, deep gray layer",right
1028,1146,3159,955,293,698,Midbrain,left
1028,853,3197,971,222,706,"Superior colliculus, motor related, intermediate white layer",left
1028,1051,3031,957,271,669,"Superior colliculus, motor related, deep gray layer",left
1027,1369,2906,940,348,640,Periaqueductal gray,left
1027,1172,2923,946,301,647,Periaqueductal gray,left
1029,2101,1983,895,521,446,"Substantia nigra, reticular part",right
1029,1806,3275,920,449,716,Midbrain,left
1030,1322,2759,935,336,610,Periaqueductal gray,left
1032,2008,2080,897,498,466,Midbrain,right
1033,684,2725,970,190,601,"Superior colliculus, motor related, intermediate white layer",left
1033,940,2541,945,249,561,Periaqueductal gray,right
1033,1200,2855,940,307,632,Periaqueductal gray,left
1033,2016,2146,897,499,480,Pontine reticular nucleus,right
1034,2148,1940,889,531,437,"Substantia nigra, reticular part",right
1034,1199,2762,935,307,612,Periaqueductal gray,left
1034,915,3274,964,236,725,"Superior colliculus, motor related, intermediate white layer",left
1035,1357,2216,932,348,493,Midbrain reticular nucleus,right
1036,611,2681,972,175,590,"Superior colliculus, motor related, intermediate white layer",left
1036,516,2769,980,149,608,"Superior colliculus, motor related, intermediate gray layer",left
1036,1270,2376,930,328,524,Periaqueductal gray,right
1037,1089,3028,952,280,669,"Superior colliculus, motor related, deep gray layer",left
1037,1282,2354,931,331,520,Periaqueductal gray,right
1038,1283,2365,930,331,523,Periaqueductal gray,right
1038,1256,3009,943,320,664,Midbrain reticular nucleus,left
1038,1494,3160,935,376,695,Midbrain reticular nucleus,left
1039,1227,3033,944,312,669,Midbrain reticular nucleus,left
1039,1080,3139,954,277,694,"Superior colliculus, motor related, deep gray layer",left
1040,1163,3067,947,298,677,Midbrain,left
1041,1350,2865,934,341,632,Periaqueductal gray,left
1042,1657,2706,919,410,597,crossed tectospinal pathway,left
1042,2138,3029,895,524,668,Pontine reticular nucleus,left
1045,827,1953,955,227,427,"Superior colliculus, motor related, intermediate white layer",right
1045,1248,2979,939,318,657,Periaqueductal gray,left
1045,1117,3082,949,285,680,"Superior colliculus, motor related, deep gray layer",left
1043,1606,2987,925,399,656,Midbrain reticular nucleus,left
1047,2069,2017,888,511,452,Midbrain,right
1047,1379,2690,925,348,594,Supraoculomotor periaqueductal gray,left
1049,1329,2838,930,336,627,Periaqueductal gray,left
1049,1710,2317,909,424,515,Red nucleus,right
1054,1753,2334,904,434,519,Red nucleus,right
1054,1419,2658,922,357,588,Periaqueductal gray,left
1054,1686,2938,915,416,647,Red nucleus,left
1051,1403,2809,926,352,620,Periaqueductal gray,left
1058,1400,2893,926,351,638,Midbrain reticular nucleus,left
1056,2046,1813,892,504,411,"Substantia nigra, reticular part",right
1056,933,1980,943,252,435,"Superior colliculus, motor related, intermediate white layer",right
1057,752,3103,964,194,686,"Superior colliculus, motor related, intermediate white layer",left
1057,885,1923,945,240,422,"Superior colliculus, motor related, intermediate white layer",right
1057,1687,2295,906,417,511,Red nucleus,right
1059,1675,2309,905,414,514,Red nucleus,right
1059,827,3235,959,211,716,"Superior colliculus, motor related, intermediate white layer",left
1059,1054,3035,944,268,671,"Superior colliculus, motor related, deep gray layer",left
1059,1320,2861,926,332,632,Periaqueductal gray,left
1059,1663,2316,906,412,515,Red nucleus,right
1059,1064,3105,945,271,687,"Superior colliculus, motor related, deep gray layer",left
1060,1688,2868,911,415,632,Red nucleus,left
1060,1109,1997,933,292,441,"Superior colliculus, motor related, deep gray layer",right
1061,1269,3043,934,321,672,Midbrain reticular nucleus,left
1061,1339,2692,920,338,595,Periaqueductal gray,left
1062,810,1880,946,221,411,"Superior colliculus, motor related, intermediate gray layer",right
1063,1321,2797,922,332,618,Periaqueductal gray,left
1065,1790,2257,896,441,503,Red nucleus,right
1065,1687,2952,911,415,649,Red nucleus,left
1065,1724,3077,910,425,675,Midbrain reticular nucleus,left
1065,1728,3056,909,426,671,Midbrain reticular nucleus,left
1066,1389,2894,923,347,638,Midbrain reticular nucleus,left
1066,1546,3344,921,382,736,Midbrain reticular nucleus,left
1066,1354,2784,920,339,615,Periaqueductal gray,left
1068,918,1840,937,246,404,"Superior colliculus, motor related, intermediate white layer",right
1068,1710,2392,901,422,531,Red nucleus,right
1069,899,1843,938,241,405,"Superior colliculus, motor related, intermediate white layer",right
1067,1327,2981,927,333,657,Midbrain reticular nucleus,left
1067,1671,2789,907,409,616,Midbrain reticular nucleus,left
1067,850,2856,945,218,633,"Superior colliculus, motor related, deep gray layer",left
1072,890,1830,937,238,402,"Superior colliculus, motor related, intermediate white layer",right
1072,1422,2453,913,356,544,Supraoculomotor periaqueductal gray,right
1071,953,2645,929,246,587,Periaqueductal gray,left
1071,1401,2656,914,350,587,Supraoculomotor periaqueductal gray,left
1070,1680,2408,902,415,535,Midbrain reticular nucleus,right
1073,915,1877,936,245,412,"Superior colliculus, motor related, intermediate white layer",right
1073,1674,2406,902,413,534,Midbrain reticular nucleus,right
1076,795,2098,941,218,461,"Superior colliculus, motor related, intermediate white layer",right
1076,946,1796,932,251,396,"Superior colliculus, motor related, intermediate white layer",right
1076,951,3286,944,241,729,"Superior colliculus, motor related, intermediate white layer",left
1076,1350,2815,917,337,622,Periaqueductal gray,left
1076,1397,2378,912,350,528,Periaqueductal gray,right
1076,906,1845,934,242,406,"Superior colliculus, motor related, intermediate white layer",right
1076,1285,3028,926,322,668,Midbrain reticular nucleus,left
1075,933,1858,933,249,410,"Superior colliculus, motor related, intermediate white layer",right
1075,896,1832,935,239,403,"Superior colliculus, motor related, intermediate white layer",right
1075,929,1836,933,247,404,"Superior colliculus, motor related, intermediate white layer",right
1083,753,2732,940,198,605,"Superior colliculus, motor related, intermediate white layer",left
1083,1296,2944,920,323,650,Periaqueductal gray,left
1083,1420,2789,912,352,616,Periaqueductal gray,left
1078,965,1822,931,255,402,"Superior colliculus, motor related, intermediate white layer",right
1078,1377,2786,915,342,615,Periaqueductal gray,left
1079,1260,2860,919,315,632,Periaqueductal gray,left
1079,1326,3013,923,331,665,Midbrain reticular nucleus,left
1080,1212,3056,928,304,674,Midbrain,left
1080,1450,2876,915,359,634,Midbrain reticular nucleus,left
1081,1392,2825,915,346,624,Periaqueductal gray,left
1081,1425,2783,913,353,615,Periaqueductal gray,left
1081,892,1891,934,238,416,"Superior colliculus, motor related, intermediate white layer",right
1081,1131,3106,933,284,687,"Superior colliculus, motor related, deep gray layer",left
1081,1386,2748,913,345,608,Periaqueductal gray,left
1082,1047,3025,934,263,669,"Superior colliculus, motor related, deep gray layer",left
1082,1441,2770,911,357,612,Periaqueductal gray,left
1082,1924,3158,889,470,694,"Midbrain reticular nucleus, retrorubral area",left
1084,981,1890,928,259,418,"Superior colliculus, motor related, intermediate white layer",right
1084,968,1887,928,256,416,"Superior colliculus, motor related, intermediate white layer",right
1084,1200,1995,919,310,444,Midbrain,right
1084,1360,2969,919,339,655,Midbrain reticular nucleus,left
1085,1426,2672,909,354,590,Periaqueductal gray,left
1088,938,1861,928,249,411,"Superior colliculus, motor related, intermediate white layer",right
1089,1513,2580,903,374,571,Edinger-Westphal nucleus,left
1089,905,1911,930,241,421,"Superior colliculus, motor related, intermediate white layer",right
1089,1331,3035,920,331,669,Midbrain reticular nucleus,left
1087,970,1818,926,256,403,"Superior colliculus, motor related, intermediate white layer",right
1087,1415,2748,909,351,608,Periaqueductal gray,left
1090,1470,2698,906,363,597,Periaqueductal gray,left
1090,1356,2965,916,337,654,Midbrain reticular nucleus,left
1091,831,1931,931,223,425,"Superior colliculus, motor related, intermediate white layer",right
1091,1400,3031,915,348,668,Midbrain reticular nucleus,left
1091,981,3360,934,248,745,"Superior colliculus, motor related, intermediate white layer",left
1093,969,1823,925,255,404,"Superior colliculus, motor related, intermediate white layer",right
1093,1394,3048,916,346,672,Midbrain reticular nucleus,left
1093,881,1962,929,235,432,"Superior colliculus, motor related, intermediate white layer",right
1093,940,1866,926,248,412,"Superior colliculus, motor related, intermediate white layer",right
1092,1421,2817,909,351,622,Periaqueductal gray,left
1094,964,1843,924,254,409,"Superior colliculus, motor related, intermediate white layer",right
1094,1145,3050,925,286,674,"Superior colliculus, motor related, deep gray layer",left
1096,1012,1891,922,265,419,"Superior colliculus, motor related, intermediate white layer",right
1096,990,1834,922,260,407,"Superior colliculus, motor related, intermediate white layer",right
1095,1026,1729,920,267,384,"Superior colliculus, motor related, intermediate gray layer",right
1097,931,1907,925,246,421,"Superior colliculus, motor related, intermediate white layer",right
1097,978,1790,922,257,397,"Superior colliculus, motor related, intermediate white layer",right
1097,1393,2966,912,346,654,Midbrain reticular nucleus,left
1097,1334,2952,914,331,651,Midbrain reticular nucleus,left
1097,1430,2679,904,354,593,Periaqueductal gray,left
1097,1330,2939,914,330,649,Midbrain reticular nucleus,left
1098,965,1762,922,253,390,"Superior colliculus, motor related, intermediate gray layer",right
1099,1347,3235,917,334,715,Midbrain reticular nucleus,left
1099,1349,3040,914,335,671,Midbrain reticular nucleus,left
1101,964,3366,932,244,746,"Superior colliculus, motor related, intermediate gray layer",left
1101,927,2659,920,235,590,Periaqueductal gray,left
1101,991,1812,920,259,402,"Superior colliculus, motor related, intermediate white layer",right
1101,1215,2867,912,302,633,Periaqueductal gray,left
1101,987,1781,920,258,395,"Superior colliculus, motor related, intermediate white layer",right
1105,997,1761,918,260,391,"Superior colliculus, motor related, intermediate gray layer",right
1105,1202,1838,911,308,410,Midbrain,right
1105,1096,1717,915,283,382,"Superior colliculus, motor related, intermediate gray layer",right
1105,1539,3677,905,378,807,Midbrain,left
1102,1029,1831,918,269,407,"Superior colliculus, motor related, intermediate white layer",right
1107,1969,2252,869,479,504,Ventral tegmental area,right
1106,930,1955,920,245,433,"Superior colliculus, motor related, intermediate white layer",right
1109,942,1719,918,246,382,"Superior colliculus, motor related, intermediate gray layer",right
1109,1002,1735,916,260,386,"Superior colliculus, motor related, intermediate gray layer",right
1109,1030,1785,916,268,397,"Superior colliculus, motor related, intermediate white layer",right
1109,1064,1802,915,276,401,"Superior colliculus, motor related, intermediate white layer",right
1109,1048,1842,915,273,410,"Superior colliculus, motor related, intermediate white layer",right
1108,1051,3396,924,265,752,"Superior colliculus, motor related, intermediate gray layer",left
1108,1344,3019,910,333,666,Midbrain reticular nucleus,left
1111,1315,2831,904,324,626,Periaqueductal gray,left
1111,1447,2678,897,355,593,Periaqueductal gray,left
1111,983,1761,915,257,392,"Superior colliculus, motor related, intermediate gray layer",right
1111,1798,3002,886,436,661,Red nucleus,left
1111,1491,3673,904,365,807,Midbrain,left
1112,939,1773,916,246,395,"Superior colliculus, motor related, intermediate gray layer",right
1112,1524,2799,897,372,619,Midbrain reticular nucleus,left
1114,964,1820,915,252,405,"Superior colliculus, motor related, intermediate white layer",right
1114,941,1941,916,246,431,"Superior colliculus, motor related, intermediate white layer",right
1115,977,1922,914,254,427,"Superior colliculus, motor related, intermediate white layer",right
1115,1061,1831,911,274,408,"Superior colliculus, motor related, intermediate white layer",right
1116,1020,3391,922,257,751,"Superior colliculus, motor related, intermediate gray layer",left
1116,1434,2636,895,353,583,Periaqueductal gray,left
1116,1439,2826,899,353,624,Midbrain reticular nucleus,left
1118,1530,2529,890,374,562,Periaqueductal gray,right
1118,1581,2578,888,385,573,Edinger-Westphal nucleus,left
1119,989,1899,912,257,423,"Superior colliculus, motor related, intermediate white layer",right
1119,1819,2207,871,443,494,Red nucleus,right
1119,957,1875,913,249,417,"Superior colliculus, motor related, intermediate white layer",right
1117,1973,2257,866,479,505,Ventral tegmental area,right
1120,1043,1738,910,270,388,"Superior colliculus, motor related, intermediate gray layer",right
1120,1374,2933,902,338,648,Midbrain reticular nucleus,left
1120,1451,2621,893,355,580,Periaqueductal gray,left
1123,1599,2579,884,389,573,Edinger-Westphal nucleus,left
1123,1482,2684,891,361,595,Periaqueductal gray,left
1123,964,1888,911,251,421,"Superior colliculus, motor related, intermediate white layer",right
1123,1019,1872,909,264,417,"Superior colliculus, motor related, intermediate white layer",right
1123,1123,1830,906,288,409,"Superior colliculus, motor related, intermediate white layer",right
1123,1559,1748,880,388,393,Midbrain reticular nucleus,right
1121,1428,2067,894,357,463,Midbrain reticular nucleus,right
1122,1084,1758,908,279,393,"Superior colliculus, motor related, intermediate white layer",right
1125,1084,3382,916,272,748,"Superior colliculus, motor related, intermediate white layer",left
1125,1098,1744,906,282,390,"Superior colliculus, motor related, intermediate white layer",right
1125,1195,1825,903,304,408,"Superior colliculus, motor related, intermediate white layer",right
1124,1108,1749,906,284,391,"Superior colliculus, motor related, intermediate white layer",right
1124,1485,2697,891,362,597,Periaqueductal gray,left
1126,1012,1917,909,261,427,"Superior colliculus, motor related, intermediate white layer",right
1126,1100,1870,906,282,418,"Superior colliculus, motor related, intermediate white layer",right
1126,1347,2974,902,330,657,Midbrain reticular nucleus,left
1127,1065,1804,906,274,403,"Superior colliculus, motor related, intermediate white layer",right
1129,1055,1791,906,271,400,"Superior colliculus, motor related, intermediate white layer",right
1129,1083,1764,905,278,395,"Superior colliculus, motor related, intermediate white layer",right
1130,1087,1709,904,278,382,"Superior colliculus, motor related, intermediate gray layer",right
1130,1202,1820,900,305,407,"Superior colliculus, motor related, intermediate white layer",right
1130,1715,2955,883,414,652,Red nucleus,left
1130,1723,2951,882,417,651,Red nucleus,left
1130,1727,2961,882,417,653,Red nucleus,left
1128,1093,1734,904,280,388,"Superior colliculus, motor related, intermediate gray layer",right
1131,956,1947,908,247,433,"Superior colliculus, motor related, intermediate white layer",right
1131,956,1864,908,247,416,"Superior colliculus, motor related, intermediate white layer",right
1131,1525,2779,888,370,615,Midbrain reticular nucleus,left
1132,1045,1911,905,268,427,"Superior colliculus, motor related, intermediate white layer",right
1132,1060,1744,904,272,390,"Superior colliculus, motor related, intermediate gray layer",right
1132,891,1742,909,231,388,"Superior colliculus, motor related, intermediate gray layer",right
1132,1435,2879,893,350,636,Midbrain reticular nucleus,left
1133,1122,1727,902,286,386,"Superior colliculus, motor related, intermediate gray layer",right
1133,1102,1885,903,281,422,"Superior colliculus, motor related, intermediate white layer",right
1133,1146,1873,902,292,419,"Superior colliculus, motor related, intermediate white layer",right
1134,1310,3439,903,322,759,Midbrain reticular nucleus,left
1137,989,1775,905,255,397,"Superior colliculus, motor related, intermediate gray layer",right
1137,1162,1749,899,295,392,"Superior colliculus, motor related, intermediate white layer",right
1137,987,1905,905,254,425,"Superior colliculus, motor related, intermediate white layer",right
1137,995,1785,904,256,399,"Superior colliculus, motor related, intermediate gray layer",right
1137,1305,3031,900,320,669,Midbrain reticular nucleus,left
1137,1440,2814,890,350,623,Midbrain reticular nucleus,left
1137,1637,3436,888,395,759,Midbrain reticular nucleus,left
1137,1647,3457,888,397,763,Midbrain reticular nucleus,left
1136,1524,2795,886,369,618,Midbrain reticular nucleus,left
1136,1955,2186,857,473,490,Red nucleus,right
1138,1040,1839,903,267,412,"Superior colliculus, motor related, intermediate white layer",right
1138,886,3321,919,222,737,"Superior colliculus, motor related, intermediate gray layer",left
1138,1111,1919,900,282,430,"Superior colliculus, motor related, intermediate white layer",right
1139,1118,1800,899,285,403,"Superior colliculus, motor related, intermediate white layer",right
1139,1021,1936,902,261,432,"Superior colliculus, motor related, intermediate white layer",right
1139,1387,3336,898,339,738,Midbrain reticular nucleus,left
1139,1018,1786,902,262,399,"Superior colliculus, motor related, intermediate white layer",right
1139,1447,3121,894,353,689,Midbrain reticular nucleus,left
1139,1108,1792,899,283,401,"Superior colliculus, motor related, intermediate white layer",right
1139,1545,2765,883,373,612,Midbrain reticular nucleus,left
1140,1959,2194,855,474,492,Red nucleus,right
1140,1000,1834,903,257,410,"Superior colliculus, motor related, intermediate white layer",right
1140,1133,1759,898,289,394,"Superior colliculus, motor related, intermediate white layer",right
1140,1081,1733,900,275,388,"Superior colliculus, motor related, intermediate gray layer",right
1141,1973,2244,855,477,503,Red nucleus,right
1141,1093,1765,899,279,395,"Superior colliculus, motor related, intermediate white layer",right
1141,1240,1815,893,313,406,"Superior colliculus, motor related, intermediate white layer",right
1141,1431,1657,880,357,371,Midbrain reticular nucleus,right
1141,1827,3290,874,438,726,Midbrain reticular nucleus,left
1144,978,3180,913,241,707,"Superior colliculus, motor related, intermediate white layer",left
1144,1018,1820,901,261,407,"Superior colliculus, motor related, intermediate white layer",right
1144,1241,1887,892,312,422,"Superior colliculus, motor related, intermediate white layer",right
1143,999,3191,912,246,709,"Superior colliculus, motor related, intermediate white layer",left
1143,1122,3162,907,275,700,"Superior colliculus, motor related, intermediate white layer",left
1142,1128,1804,898,287,404,"Superior colliculus, motor related, intermediate white layer",right
1146,1700,2439,869,410,544,Midbrain reticular nucleus,right
1146,1524,2753,881,368,610,Midbrain reticular nucleus,left
1146,1682,2963,878,405,655,Red nucleus,left
1149,1665,3062,879,402,676,Midbrain reticular nucleus,left
1149,1123,1717,894,285,384,"Superior colliculus, motor related, intermediate gray layer",right
1149,1174,1918,893,296,430,"Superior colliculus, motor related, intermediate white layer",right
1149,945,1744,900,243,390,"Superior colliculus, motor related, intermediate gray layer",right
1148,1717,2954,875,413,653,Red nucleus,left
1148,1091,1811,896,277,406,"Superior colliculus, motor related, intermediate white layer",right
1148,1597,2637,875,384,585,Periaqueductal gray,left
1148,1711,2712,870,410,601,Midbrain reticular nucleus,left
1150,1198,1919,891,302,430,"Superior colliculus, motor related, intermediate white layer",right
1150,1167,1745,892,294,391,"Superior colliculus, motor related, intermediate white layer",right
1151,1119,3057,901,273,676,"Superior colliculus, motor related, deep gray layer",left
1151,1411,2940,887,342,650,Midbrain reticular nucleus,left
1152,1190,1817,890,300,407,"Superior colliculus, motor related, intermediate white layer",right
1152,1330,3502,895,324,772,Nucleus of the brachium of the inferior colliculus,left
1153,1633,3140,879,395,694,Midbrain reticular nucleus,left
1153,1514,3536,888,366,780,Midbrain,left
1153,1710,2700,869,410,599,Midbrain reticular nucleus,left
1153,1738,2714,867,417,603,Midbrain reticular nucleus,left
1154,1067,1765,894,270,396,"Superior colliculus, motor related, intermediate gray layer",right
1154,1085,1809,894,275,406,"Superior colliculus, motor related, intermediate white layer",right
1154,1125,1718,892,284,385,"Superior colliculus, motor related, intermediate gray layer",right
1155,1095,1819,893,277,408,"Superior colliculus, motor related, intermediate white layer",right
1155,1207,1763,887,303,395,"Superior colliculus, motor related, intermediate white layer",right
1156,1169,1743,889,295,391,"Superior colliculus, motor related, intermediate white layer",right
1156,1075,1763,893,273,396,"Superior colliculus, motor related, intermediate white layer",right
1156,1083,1822,893,275,408,"Superior colliculus, motor related, intermediate white layer",right
1156,1747,2713,865,418,603,Midbrain reticular nucleus,left
1158,1857,3527,871,444,777,Midbrain,left
1158,1409,2683,879,341,595,Periaqueductal gray,left
1157,1246,2855,888,302,631,Periaqueductal gray,left
1157,1034,2363,892,258,526,Periaqueductal gray,right
1157,1070,1928,894,271,432,"Superior colliculus, motor related, intermediate white layer",right
1157,1411,2752,881,341,609,Periaqueductal gray,left
1157,1518,1819,868,376,408,Midbrain reticular nucleus,right
1162,1638,2535,866,393,564,Edinger-Westphal nucleus,right
1162,1108,1776,889,280,398,"Superior colliculus, motor related, intermediate white layer",right
1162,1580,3439,879,380,761,Midbrain reticular nucleus,left
1159,1207,1856,886,303,416,"Superior colliculus, motor related, intermediate white layer",right
1159,1223,1957,886,306,439,"Superior colliculus, motor related, intermediate white layer",right
1161,1478,3519,886,357,777,Midbrain,left
1161,1627,3348,877,391,741,Midbrain reticular nucleus,left
1161,1767,2646,862,423,588,Midbrain reticular nucleus,left
1161,1992,2841,853,476,630,Red nucleus,left
1161,1621,2548,868,389,567,Edinger-Westphal nucleus,right
1163,1496,3513,883,360,776,Posterior limiting nucleus of the thalamus,left
1164,1151,1815,887,289,407,"Superior colliculus, motor related, intermediate white layer",right
1164,1207,1819,884,302,408,"Superior colliculus, motor related, intermediate white layer",right
1165,1210,1828,884,304,410,"Superior colliculus, motor related, intermediate white layer",right
1168,1230,1834,881,308,412,"Superior colliculus, motor related, intermediate white layer",right
1170,1167,1932,884,291,433,"Superior colliculus, motor related, intermediate white layer",right
1170,1554,1914,862,383,430,Midbrain reticular nucleus,right
1170,1315,3617,887,318,794,root,left
1170,1707,2635,860,407,586,medial longitudinal fascicle,left
1170,1309,1870,876,326,419,"Superior colliculus, motor related, intermediate white layer",right
1169,1188,1708,882,298,383,"Superior colliculus, motor related, intermediate gray layer",right
1169,2007,2864,849,479,635,Ventral tegmental area,left
1169,1319,3175,888,321,702,"Superior colliculus, motor related, intermediate white layer",left
1169,1705,3383,870,408,749,Midbrain reticular nucleus,left
1169,1863,2681,854,446,596,Midbrain,left
1172,1500,2609,869,360,580,Nucleus of Darkschewitsch,left
1171,1245,1844,879,311,414,"Superior colliculus, motor related, intermediate white layer",right
1171,1681,2623,861,401,584,Medial accesory oculomotor nucleus,left
1171,1404,2744,874,338,608,Periaqueductal gray,left
1175,1140,1841,882,286,413,"Superior colliculus, motor related, intermediate white layer",right
1175,1712,2597,857,408,578,Medial accesory oculomotor nucleus,left
1174,1751,3267,864,418,722,Midbrain reticular nucleus,left
1174,1610,2633,863,385,586,Nucleus of Darkschewitsch,left
1174,1795,2655,854,429,590,Midbrain reticular nucleus,left
1178,1040,1976,885,260,443,"Superior colliculus, motor related, intermediate white layer",right
1176,1099,1919,884,275,431,"Superior colliculus, motor related, intermediate white layer",right
1176,1701,2615,858,406,582,Medial accesory oculomotor nucleus,left
1177,1297,1869,874,322,419,"Superior colliculus, motor related, intermediate white layer",right
1177,1410,2820,874,339,624,Midbrain reticular nucleus,left
1177,1567,3376,873,376,748,Midbrain reticular nucleus,left
1177,1608,2630,862,384,585,Nucleus of Darkschewitsch,left
1177,1789,2651,854,427,589,Midbrain reticular nucleus,left
1177,1664,2618,860,397,583,Medial accesory oculomotor nucleus,left
1177,1765,1899,846,428,428,Midbrain reticular nucleus,right
1179,1657,2623,858,395,584,Midbrain,left
1179,1041,1782,884,261,400,"Superior colliculus, motor related, intermediate gray layer",right
1179,1677,2625,857,399,584,Medial accesory oculomotor nucleus,left
1179,1966,3116,849,468,689,Midbrain reticular nucleus,left
1179,1032,1978,885,257,444,"Superior colliculus, motor related, intermediate white layer",right
1179,1476,3323,876,355,737,Midbrain reticular nucleus,left
1180,1178,3205,890,287,709,"Superior colliculus, motor related, intermediate white layer",left
1180,1943,1944,835,466,439,Midbrain reticular nucleus,right
1180,1983,2312,838,476,517,Ventral tegmental area,right
1180,1048,1983,884,262,445,"Superior colliculus, motor related, intermediate white layer",right
1181,1208,1811,877,302,406,"Superior colliculus, motor related, intermediate white layer",right
1181,1620,3211,868,389,711,Midbrain reticular nucleus,left
1181,2087,3093,843,497,685,Medial terminal nucleus of the accessory optic tract,left
1181,1977,2033,834,474,458,medial lemniscus,right
1183,1161,1821,877,290,409,"Superior colliculus, motor related, intermediate white layer",right
1183,1651,2607,857,393,580,Periaqueductal gray,left
1183,1677,2607,856,399,580,Periaqueductal gray,left
1182,1414,2707,869,339,600,Periaqueductal gray,left
1182,1897,2734,847,452,608,Midbrain reticular nucleus,left
1184,1281,2359,874,311,525,Periaqueductal gray,right
1185,1333,3518,882,321,775,Dorsal terminal nucleus of the accessory optic tract,left
1185,1996,3130,846,474,693,Midbrain reticular nucleus,left
1185,1449,2778,868,347,616,Midbrain reticular nucleus,left
1185,1530,3392,872,367,751,Midbrain reticular nucleus,left
1186,1700,2622,854,405,583,Medial accesory oculomotor nucleus,left
1186,1242,1869,873,308,420,"Superior colliculus, motor related, intermediate white layer",right
1186,1581,3418,868,378,757,Midbrain reticular nucleus,left
1186,1671,2626,855,397,584,Nucleus of Darkschewitsch,left
1186,1613,3281,866,387,727,Midbrain reticular nucleus,left
1186,1700,2611,853,405,581,Medial accesory oculomotor nucleus,left
1187,1898,2638,843,453,588,Midbrain,left
1187,1431,2753,867,342,611,Periaqueductal gray,left
1187,1693,2609,853,403,581,Medial accesory oculomotor nucleus,left
1187,1308,1793,867,325,402,"Superior colliculus, motor related, intermediate white layer",right
1188,1425,2734,867,341,606,Periaqueductal gray,left
1188,1159,1904,876,288,428,"Superior colliculus, motor related, intermediate white layer",right
1189,1111,1985,879,275,446,"Superior colliculus, motor related, intermediate white layer",right
1189,1205,1843,874,300,415,"Superior colliculus, motor related, intermediate white layer",right
1189,1559,3453,869,373,764,Posterior limiting nucleus of the thalamus,left
1190,1703,2611,852,406,581,Medial accesory oculomotor nucleus,left
1190,1425,2744,866,341,608,Periaqueductal gray,left
1190,1886,2685,843,449,598,Midbrain,left
1190,1924,2752,842,458,611,Midbrain reticular nucleus,left
1190,1177,1854,874,292,417,"Superior colliculus, motor related, intermediate white layer",right
1191,1397,1860,861,344,417,Midbrain,right
1191,1725,2624,850,410,584,Medial accesory oculomotor nucleus,left
1191,1460,2791,864,348,618,Midbrain reticular nucleus,left
1193,1214,1886,872,301,424,"Superior colliculus, motor related, intermediate white layer",right
1193,1211,1905,872,300,428,"Superior colliculus, motor related, intermediate white layer",right
1193,985,2661,881,237,590,"Superior colliculus, motor related, deep gray layer",left
1193,1283,1855,868,318,416,"Superior colliculus, motor related, intermediate white layer",right
1193,1544,2780,861,368,617,Interstitial nucleus of Cajal,left
1193,1713,2607,850,408,580,Medial accesory oculomotor nucleus,left
1193,1900,2669,841,453,594,Midbrain,left
1192,1769,2944,853,421,652,Red nucleus,left
1195,1730,2607,848,411,580,Medial accesory oculomotor nucleus,left
1195,1177,1861,872,291,418,"Superior colliculus, motor related, intermediate white layer",right
1195,1188,1757,870,295,395,"Superior colliculus, motor related, intermediate gray layer",right
1195,1216,1803,869,302,406,"Superior colliculus, motor related, intermediate white layer",right
1195,1725,2616,848,410,582,Medial accesory oculomotor nucleus,left
1195,1582,3485,865,378,770,Posterior limiting nucleus of the thalamus,left
1195,1747,2600,847,415,579,Medial accesory oculomotor nucleus,left
1195,1490,3463,869,356,766,Posterior limiting nucleus of the thalamus,left
1195,1843,3221,850,438,713,Midbrain reticular nucleus,left
1194,1223,1936,871,303,435,"Superior colliculus, motor related, intermediate white layer",right
1194,1539,3428,867,368,759,Posterior limiting nucleus of the thalamus,left
1194,2074,3038,837,493,674,medial lemniscus,left
1194,1433,3434,872,344,760,Midbrain reticular nucleus,left
1196,1428,2734,863,341,606,Periaqueductal gray,left
1196,1541,3485,867,368,770,Posterior limiting nucleus of the thalamus,left
1196,1659,2618,851,394,583,Nucleus of Darkschewitsch,left
1196,1254,1924,869,310,433,"Superior colliculus, motor related, intermediate white layer",right
1196,1351,3292,875,326,728,"Superior colliculus, motor related, intermediate white layer",left
1196,1435,3415,871,344,756,Midbrain reticular nucleus,left
1196,1463,2009,858,359,452,Midbrain reticular nucleus,right
1196,1615,3403,862,385,754,Posterior limiting nucleus of the thalamus,left
1198,1433,2128,861,349,478,Midbrain reticular nucleus,right
1198,1373,1895,860,339,425,Midbrain,right
1198,1783,2621,844,424,584,Medial accesory oculomotor nucleus,left
1197,1522,3469,867,363,767,Posterior limiting nucleus of the thalamus,left
1197,1562,3160,864,374,700,Midbrain reticular nucleus,left
1197,1718,2623,848,409,584,Medial accesory oculomotor nucleus,left
1201,1874,2581,839,446,576,mammillotegmental tract,left
1201,1793,2660,843,426,592,Midbrain reticular nucleus,left
1201,1883,2587,838,449,577,mammillotegmental tract,left
1200,1711,2618,847,406,583,Midbrain,left
1200,1674,3237,857,399,717,Midbrain reticular nucleus,left
1200,1950,2686,835,464,598,Midbrain,left
1199,2233,3022,826,530,670,Medial terminal nucleus of the accessory optic tract,left
1199,1892,2665,838,449,594,Midbrain,left
1202,1578,2758,855,375,613,Interstitial nucleus of Cajal,left
1202,1636,3427,859,390,758,Posterior limiting nucleus of the thalamus,left
1202,1720,2608,846,408,581,Medial accesory oculomotor nucleus,left
1202,1745,2616,845,414,582,Medial accesory oculomotor nucleus,left
1202,1863,2689,839,443,599,Midbrain reticular nucleus,left
1202,1914,2662,836,455,593,Midbrain,left
1202,1937,2692,835,460,599,Midbrain,left
1202,1363,2944,867,326,651,Midbrain,left
1202,1598,3163,859,382,701,Midbrain reticular nucleus,left
1202,1649,2913,855,392,646,Midbrain reticular nucleus,left
1202,1751,2626,844,415,585,Midbrain,left
1203,1766,2608,843,419,582,Medial accesory oculomotor nucleus,left
1203,1798,2601,841,428,580,Medial accesory oculomotor nucleus,left
1203,1913,2385,833,457,534,Midbrain,right
1203,1340,3267,872,323,722,"Superior colliculus, motor related, intermediate white layer",left
1203,1518,3270,862,364,725,Midbrain reticular nucleus,left
1203,1794,2615,841,426,583,Medial accesory oculomotor nucleus,left
1203,1441,2715,859,343,602,Periaqueductal gray,left
1203,1631,3401,858,388,753,Posterior limiting nucleus of the thalamus,left
1203,1671,3337,856,397,739,Midbrain reticular nucleus,left
1204,1580,3223,860,377,715,Midbrain reticular nucleus,left
1205,1353,3269,871,326,724,"Superior colliculus, motor related, intermediate white layer",left
1205,1437,2992,864,343,662,Midbrain reticular nucleus,left
1205,1731,2603,844,410,580,Medial accesory oculomotor nucleus,left
1206,1746,2605,843,414,580,Medial accesory oculomotor nucleus,left
1206,1189,1898,867,293,428,"Superior colliculus, motor related, intermediate white layer",right
1207,1877,2664,836,445,594,Midbrain,left
1207,1368,3346,869,329,740,"Superior colliculus, motor related, intermediate white layer",left
1207,1622,3078,856,386,683,Midbrain reticular nucleus,left
1207,1579,3430,859,376,759,Posterior limiting nucleus of the thalamus,left
1209,1453,3232,864,349,716,Midbrain,left
1209,1552,3234,859,370,717,Midbrain reticular nucleus,left
1209,1812,2603,839,430,581,Medial accesory oculomotor nucleus,left
1209,1999,2683,829,474,599,Midbrain,left
1209,1730,2601,843,410,579,Periaqueductal gray,left
1209,1965,2701,831,466,602,Midbrain,left
1209,1822,3236,846,431,717,Midbrain reticular nucleus,left
1209,2045,2914,830,485,648,Midbrain,left
1208,1853,3141,844,440,696,Midbrain reticular nucleus,left
1208,1120,2033,870,273,457,"Superior colliculus, motor related, intermediate white layer",right
1208,1381,3367,869,331,745,Midbrain,left
1208,1857,2632,837,440,586,Midbrain,left
1208,1443,3279,865,346,727,Midbrain,left
1208,1574,3431,859,375,759,Posterior limiting nucleus of the thalamus,left
1211,1512,3252,859,361,721,Midbrain,left
1211,1438,3316,863,344,735,Midbrain,left
1211,1772,2617,839,419,583,Medial accesory oculomotor nucleus,left
1211,1118,1937,868,275,435,"Superior colliculus, motor related, intermediate white layer",right
1211,1764,2607,839,418,581,Medial accesory oculomotor nucleus,left
1211,1951,2661,830,463,593,Midbrain,left
1211,2001,2665,827,474,595,Midbrain,left
1210,1624,3404,856,387,754,Posterior limiting nucleus of the thalamus,left
1210,1762,2631,841,417,586,Midbrain,left
1210,1477,3350,863,352,743,Midbrain,left
1212,1516,3170,859,362,703,Midbrain,left
1212,1849,3132,842,438,694,Midbrain reticular nucleus,left
1212,2178,2567,816,513,574,Interfascicular nucleus raphe,left
1212,1199,3277,876,289,723,"Superior colliculus, motor related, intermediate white layer",left
1212,1754,2605,840,416,581,Medial accesory oculomotor nucleus,left
1212,1858,2734,836,441,608,Midbrain reticular nucleus,left
1212,1509,3263,859,361,724,Midbrain,left
1212,1624,3162,854,387,701,Anterior pretectal nucleus,left
1213,1956,3449,840,461,762,Midbrain,left
1213,1803,2595,837,428,579,Medial accesory oculomotor nucleus,left
1213,1903,2669,833,452,595,Midbrain,left
1213,2042,2810,827,483,626,Ventral tegmental area,left
1213,1446,2989,860,345,662,Midbrain reticular nucleus,left
1213,1563,3168,857,373,703,Midbrain reticular nucleus,left
1213,1994,2699,828,473,602,Midbrain,left
1214,1386,3213,865,332,712,"Superior colliculus, motor related, intermediate white layer",left
1214,1783,2603,837,423,581,Medial accesory oculomotor nucleus,left
1214,1783,2638,838,423,588,Midbrain,left
1214,1874,2552,832,445,569,Edinger-Westphal nucleus,right
1215,1270,3262,871,305,720,"Superior colliculus, motor related, intermediate white layer",left
1215,1560,3437,856,371,760,Posterior limiting nucleus of the thalamus,left
1215,1868,2674,833,443,596,Midbrain reticular nucleus,left
1216,1941,2213,824,463,497,Red nucleus,right
1216,1316,3339,869,316,738,"Superior colliculus, motor related, intermediate white layer",left
1216,1435,3231,861,343,716,Midbrain,left
1216,1873,2552,832,445,570,Edinger-Westphal nucleus,right
1217,1431,3251,862,342,720,Midbrain,left
1217,1500,3435,859,357,760,Posterior limiting nucleus of the thalamus,left
1217,1574,3429,855,375,759,Posterior limiting nucleus of the thalamus,left
1217,1985,2737,827,470,609,Midbrain,left
1217,2132,2939,822,503,654,medial lemniscus,left
1217,1665,2902,847,394,643,Midbrain reticular nucleus,left
1218,1277,2229,860,307,498,Midbrain,right
1218,1829,2589,833,434,578,Medial accesory oculomotor nucleus,left
1218,1564,2936,852,371,651,Midbrain reticular nucleus,left
1218,1812,2619,835,429,584,Medial accesory oculomotor nucleus,left
1218,1325,3251,867,318,719,"Superior colliculus, motor related, intermediate white layer",left
1218,1766,3217,845,418,713,Midbrain reticular nucleus,left
1218,1822,2639,834,431,588,Midbrain,left
1218,1987,2766,827,470,616,Midbrain,left
1220,1603,2786,846,379,619,Midbrain reticular nucleus,left
1220,1507,3453,857,358,764,Posterior limiting nucleus of the thalamus,left
1220,1194,3297,873,288,727,"Superior colliculus, motor related, intermediate white layer",left
1220,1498,3460,858,357,765,Posterior limiting nucleus of the thalamus,left
1220,1643,2745,844,388,610,Interstitial nucleus of Cajal,left
1220,1980,1982,817,471,446,medial lemniscus,right
1219,1787,2621,835,422,584,Medial accesory oculomotor nucleus,left
1219,1315,3318,867,315,734,"Superior colliculus, motor related, intermediate white layer",left
1219,1872,2552,830,444,570,Edinger-Westphal nucleus,right
1221,1400,3275,862,335,725,Midbrain,left
1221,1957,2712,827,463,604,Midbrain,left
1223,1808,2630,832,428,586,Midbrain,left
1223,1930,2696,826,457,601,Midbrain,left
1222,1447,2713,851,342,603,Periaqueductal gray,left
1222,1742,2601,836,411,580,Nucleus of Darkschewitsch,left
1224,1952,2682,825,462,598,Midbrain,left
1224,1965,2702,824,465,602,Midbrain,left
1224,1975,2729,824,467,608,Midbrain,left
1224,1278,3344,868,307,738,"Superior colliculus, motor related, intermediate white layer",left
1225,1742,2624,836,411,585,Nucleus of Darkschewitsch,left
1225,1355,3274,863,324,725,"Superior colliculus, motor related, intermediate white layer",left
1225,1831,2629,831,433,586,Midbrain,left
1225,1443,2709,850,342,602,Periaqueductal gray,left
1225,1969,2716,824,466,605,Midbrain,left
1225,2473,3020,806,582,670,cerebal peduncle,left
1226,1295,3503,866,309,770,Dorsal terminal nucleus of the accessory optic tract,left
1226,1957,2981,829,462,662,Red nucleus,left
1226,2068,3173,825,489,704,Midbrain,left
1227,1298,3305,865,311,730,"Superior colliculus, motor related, intermediate white layer",left
1227,1364,3241,860,326,717,"Superior colliculus, motor related, intermediate white layer",left
1227,1482,3449,855,352,763,Posterior limiting nucleus of the thalamus,left
1227,1772,2593,832,418,579,Periaqueductal gray,left
1227,1980,2806,823,468,624,Midbrain reticular nucleus,left
1227,1333,3302,862,319,730,"Superior colliculus, motor related, intermediate white layer",left
1227,2019,2789,821,477,622,Midbrain,left
1228,1615,3391,848,383,751,Posterior limiting nucleus of the thalamus,left
1228,1761,2610,833,416,582,Periaqueductal gray,left
1228,1493,2676,846,353,595,Periaqueductal gray,left
1228,2511,2138,789,591,485,Supramammillary nucleus,right
1228,1834,2594,829,434,579,Medial accesory oculomotor nucleus,left
1229,1668,3363,846,395,746,Posterior limiting nucleus of the thalamus,left
1229,1839,2620,829,435,584,Medial accesory oculomotor nucleus,left
1229,1895,2620,826,449,585,Midbrain,left
1229,1396,3384,859,332,749,"Superior colliculus, motor related, intermediate gray layer",left
1232,1820,2622,828,430,584,Medial accesory oculomotor nucleus,left
1232,1994,2742,820,471,611,Midbrain,left
1232,1289,3304,863,308,730,"Superior colliculus, motor related, intermediate white layer",left
1237,1536,3431,849,364,759,Posterior limiting nucleus of the thalamus,left
1237,1833,2609,826,433,583,Medial accesory oculomotor nucleus,left
1237,1973,2784,820,466,620,Midbrain reticular nucleus,left
1234,1346,3147,857,320,696,"Superior colliculus, motor related, intermediate white layer",left
1234,1747,3288,839,412,730,Posterior limiting nucleus of the thalamus,left
1234,1770,2593,830,418,579,Periaqueductal gray,left
1234,1982,2725,820,467,607,Midbrain,left
1234,1815,3123,835,429,694,Midbrain reticular nucleus,left
1236,1210,2196,855,289,491,"Superior colliculus, motor related, intermediate white layer",right
1236,1398,3272,855,333,724,Midbrain,left
1236,1956,2725,820,461,607,Midbrain,left
1236,1428,3157,852,340,699,Midbrain,left
1236,1938,2662,820,458,593,Midbrain,left
1236,2011,2899,820,474,645,Midbrain reticular nucleus,left
1236,1410,3242,854,336,718,Midbrain,left
1236,1663,3376,842,394,748,Posterior limiting nucleus of the thalamus,left
1236,1778,2591,829,420,578,Periaqueductal gray,left
1236,2022,2990,821,476,664,Midbrain reticular nucleus,left
1236,2023,2813,817,478,627,Midbrain,left
1235,1844,2606,825,436,581,Medial accesory oculomotor nucleus,left
1235,2469,3019,801,580,670,Midbrain,left
1235,1265,3299,863,302,728,"Superior colliculus, motor related, intermediate white layer",left
1235,1746,2581,830,412,576,Periaqueductal gray,left
1235,1820,2641,827,430,589,Midbrain,left
1235,1977,2739,819,466,611,Midbrain,left
1235,2025,2775,817,478,619,Midbrain,left
1233,1903,3165,831,450,703,Midbrain reticular nucleus,left
1233,1902,2629,824,449,587,Midbrain,left
1238,1819,2597,826,430,579,Medial accesory oculomotor nucleus,left
1238,2033,2844,817,480,633,Midbrain,left
1238,1970,2770,819,465,617,Midbrain reticular nucleus,left
1240,1817,3110,832,429,690,Midbrain reticular nucleus,left
1240,2465,3024,799,579,671,Midbrain,left
1239,1565,3056,844,371,678,Midbrain reticular nucleus,left
1242,1828,2604,824,432,582,Medial accesory oculomotor nucleus,left
1242,1678,1990,825,405,448,Anterior pretectal nucleus,right
1242,1286,3208,858,306,709,"Superior colliculus, motor related, intermediate white layer",left
1242,2461,3029,799,578,672,Midbrain,left
1242,1631,3365,841,385,746,Posterior limiting nucleus of the thalamus,left
1242,2036,2756,813,479,615,Midbrain,left
1242,2102,2885,812,494,643,Midbrain,left
1242,1992,2706,815,469,603,Midbrain,left
1243,1532,2386,837,362,532,Midbrain reticular nucleus,right
1243,1410,3280,851,335,727,Midbrain,left
1243,1292,3229,857,307,714,"Superior colliculus, motor related, intermediate white layer",left
1243,1959,2762,817,462,615,Midbrain reticular nucleus,left
1243,2084,2865,812,491,638,Midbrain,left
1243,2091,2860,811,492,637,Midbrain,left
1243,1814,2602,823,428,581,Medial accesory oculomotor nucleus,left
1241,1845,2649,824,435,591,Midbrain reticular nucleus,left
1241,1863,2606,822,441,582,Medial accesory oculomotor nucleus,left
1241,1973,2705,817,466,603,Midbrain,left
1244,1495,3029,845,354,672,Midbrain reticular nucleus,left
1244,1824,2637,823,430,588,Midbrain,left
1244,1906,2615,819,450,584,Midbrain,left
1244,1890,2613,819,446,584,Medial accesory oculomotor nucleus,left
1244,1763,2597,826,416,579,Nucleus of Darkschewitsch,left
1246,1533,2667,837,361,593,Periaqueductal gray,left
1246,1261,3208,858,299,709,"Superior colliculus, motor related, intermediate white layer",left
1246,1798,2606,823,424,582,Periaqueductal gray,left
1246,1822,2608,822,429,583,Periaqueductal gray,left
1246,1868,2627,820,441,586,Midbrain,left
1246,1920,2676,817,453,597,Midbrain,left
1246,1839,2606,821,434,582,Medial accesory oculomotor nucleus,left
1246,1964,2698,815,463,602,Midbrain,left
1246,2004,2752,813,472,613,Midbrain,left
1247,1866,2609,819,440,583,Medial accesory oculomotor nucleus,left
1247,1465,3168,846,347,703,Anterior pretectal nucleus,left
1247,1835,2592,821,433,579,Medial accesory oculomotor nucleus,left
1247,1861,2593,819,439,580,Medial accesory oculomotor nucleus,left
1248,2458,3034,796,577,673,Midbrain,left
1249,904,2943,868,211,655,"Superior colliculus, motor related, intermediate gray layer",left
1249,1985,2686,813,468,599,Midbrain,left
1249,1598,3388,840,378,751,Posterior limiting nucleus of the thalamus,left
1249,1845,2588,820,435,579,Medial accesory oculomotor nucleus,left
1249,1923,2679,816,454,598,Midbrain,left
1249,1885,2638,818,444,589,Midbrain,left
1250,1836,2628,820,432,587,Midbrain,left
1250,1934,2643,815,456,590,Midbrain,left
1250,2100,3073,812,494,683,Midbrain,left
1250,1975,2687,813,465,599,Midbrain,left
1250,2449,3035,796,575,673,Midbrain,left
1251,1331,2892,846,313,639,Midbrain,left
1251,1617,3359,838,381,745,Posterior limiting nucleus of the thalamus,left
1251,2102,2992,810,494,665,medial lemniscus,left
1255,1934,2668,812,456,596,Midbrain,left
1255,1917,2619,813,451,585,Midbrain,left
1255,2084,3100,811,490,689,Midbrain,left
1252,2130,2959,808,500,659,Midbrain,left
1252,1980,2727,812,466,608,Midbrain,left
1252,2039,2608,808,480,584,Midbrain,left
1252,1915,2645,815,451,590,Midbrain,left
1252,1990,2749,812,468,613,Midbrain,left
1254,1863,2618,817,439,585,Midbrain,left
1254,2033,2805,809,478,625,Midbrain,left
1254,1998,2774,811,470,619,Midbrain,left
1253,1636,3346,837,386,742,Posterior limiting nucleus of the thalamus,left
1257,2003,3373,817,471,748,Zona incerta,left
1257,2061,3250,814,485,721,Midbrain,left
1257,1889,2603,814,445,582,Midbrain,left
1257,2158,2919,804,507,650,Ventral tegmental area,left
1257,1932,2676,813,454,597,Midbrain,left
1257,1942,2718,812,456,607,Midbrain,left
1257,1942,3193,819,456,710,Midbrain reticular nucleus,left
1257,2116,2967,807,497,660,medial lemniscus,left
1257,1879,2656,815,443,593,Midbrain,left
1257,1894,3244,822,445,721,Midbrain reticular nucleus,left
1257,1923,2698,813,453,602,Midbrain,left
1256,2151,2915,804,505,649,Ventral tegmental area,left
1256,1620,3081,835,382,684,Anterior pretectal nucleus,left
1258,1798,3226,826,424,716,Thalamus,left
1258,1973,2727,810,464,608,Midbrain,left
1258,1976,2689,809,465,600,Midbrain,left
1258,2040,2636,805,480,589,Midbrain,left
1258,1923,2697,812,453,601,Midbrain,left
1258,2057,3256,813,483,722,Midbrain,left
1265,1491,3300,838,351,732,Anterior pretectal nucleus,left
1265,1900,2602,810,447,581,Midbrain,left
1265,1983,2650,806,467,592,Midbrain,left
1265,1974,2756,807,464,614,Midbrain,left
1265,2109,2954,803,495,658,medial lemniscus,left
1265,1963,2758,808,461,615,Midbrain,left
1259,1991,2668,808,468,596,Midbrain,left
1259,1515,3408,839,357,755,Posterior limiting nucleus of the thalamus,left
1259,1883,2611,813,444,583,Midbrain,left
1259,2026,2613,805,476,585,Midbrain,left
1259,2055,2649,804,483,593,Midbrain,left
1259,2109,3154,808,496,700,Midbrain,left
1259,2142,2889,803,502,644,Ventral tegmental area,left
1259,1930,2680,811,454,598,Midbrain,left
1260,2139,2935,803,502,654,Midbrain,left
1260,1565,3030,835,369,672,Midbrain reticular nucleus,left
1260,1905,2599,812,449,581,Midbrain,left
1260,1820,2991,822,429,665,Midbrain reticular nucleus,left
1261,1921,2706,812,451,603,Midbrain reticular nucleus,left
1261,1429,3035,841,337,672,Midbrain,left
1261,1819,2990,822,429,665,Midbrain reticular nucleus,left
1261,1932,2671,811,454,596,Midbrain,left
1264,1971,2640,807,463,590,Midbrain,left
1264,1924,2617,809,453,584,Midbrain,left
1264,1961,2726,808,460,608,Midbrain,left
1266,1479,3414,838,349,755,Posterior limiting nucleus of the thalamus,left
1266,2024,3336,812,475,740,Zona incerta,left
1266,2102,2857,802,492,637,Midbrain,left
1266,2007,2618,804,471,586,Midbrain,left
1266,2081,2968,804,488,661,medial lemniscus,left
1266,1962,3424,815,459,759,Zona incerta,left
1266,2003,2651,804,471,592,Midbrain,left
1267,1627,3349,830,382,743,Posterior limiting nucleus of the thalamus,left
1267,1968,3414,814,462,757,Zona incerta,left
1267,1997,2619,804,469,586,Midbrain,left
1267,2112,2812,800,494,627,Midbrain,left
1273,1968,2609,803,463,584,Midbrain,left
1273,1928,2638,806,453,590,Midbrain,left
1273,1947,2608,805,457,584,Midbrain,left
1273,1363,3422,842,322,754,Posterior limiting nucleus of the thalamus,left
1273,1859,2594,809,437,580,Periaqueductal gray,left
1273,2002,2627,802,470,587,Midbrain,left
1273,2020,2641,801,474,590,Midbrain,left
1273,2035,2664,800,477,596,fasciculus retroflexus,left
1273,2108,2950,800,494,657,Midbrain,left
1273,2125,2926,799,498,652,Midbrain,left
1273,1904,2680,807,447,598,Midbrain,left
1270,2167,2934,798,507,654,Midbrain,left
1270,2124,2901,799,498,646,Midbrain,left
1270,1870,2627,810,439,587,Periaqueductal gray,left
1270,1920,2817,809,450,627,Midbrain reticular nucleus,left
1268,1938,2625,807,456,587,Midbrain,left
1268,1635,3343,830,384,742,Posterior limiting nucleus of the thalamus,left
1268,1666,3324,828,391,738,Posterior limiting nucleus of the thalamus,left
1268,1925,2602,807,453,581,Midbrain,left
1268,1914,3332,816,449,739,Midbrain,left
1268,1990,2668,804,467,596,Midbrain,left
1269,1941,2631,807,456,588,Midbrain,left
1269,1843,2704,812,433,603,Midbrain reticular nucleus,left
1271,1976,2606,803,464,583,Midbrain,left
1271,1800,2594,813,423,580,Periaqueductal gray,left
1271,2099,2923,800,492,652,Midbrain,left
1271,1935,2646,805,455,591,Midbrain,left
1271,1930,2815,807,452,627,Midbrain reticular nucleus,left
1272,1068,2719,846,248,601,"Superior colliculus, motor related, intermediate white layer",left
1272,1929,2756,806,453,614,Midbrain,left
1275,1933,2587,803,455,578,Periaqueductal gray,left
1275,1973,2620,801,464,586,Midbrain,left
1275,1865,2585,807,438,578,Periaqueductal gray,left
1275,1949,2823,805,457,629,Midbrain reticular nucleus,left
1275,2153,2887,795,504,644,Midbrain,left
1275,1869,2590,807,439,579,Periaqueductal gray,left
1275,2165,2945,795,507,656,Midbrain,left
1274,1250,3422,847,295,752,Midbrain,left
1274,1868,2873,810,438,640,Midbrain reticular nucleus,left
1274,2114,2766,797,495,618,Midbrain,left
1274,1729,3112,822,407,691,Anterior pretectal nucleus,left
1274,1810,2600,811,425,581,Periaqueductal gray,left
1274,1899,2872,809,445,639,Midbrain reticular nucleus,left
1274,1942,2614,804,456,585,Midbrain,left
1274,1952,2767,805,457,617,Midbrain,left
1276,1785,3119,818,420,693,Midbrain reticular nucleus,left
1276,2176,2904,794,509,648,Midbrain,left
1276,1727,2788,816,404,622,Midbrain reticular nucleus,left
1276,1907,2783,806,446,621,Midbrain reticular nucleus,left
1276,1929,2579,804,454,577,Periaqueductal gray,left
1276,1961,2627,802,460,587,Midbrain,left
1276,2070,3015,801,485,671,medial lemniscus,left
1276,2006,3241,808,470,720,Midbrain,left
1279,1937,2623,802,454,587,Midbrain,left
1279,1991,2671,799,467,597,Midbrain,left
1279,1613,3347,825,379,742,Posterior limiting nucleus of the thalamus,left
1279,1927,2782,804,451,620,Midbrain reticular nucleus,left
1279,2169,2888,793,507,645,Midbrain,left
1279,1936,2612,802,454,584,Periaqueductal gray,left
1277,2170,2877,794,508,641,Midbrain,left
1277,1920,2775,805,450,619,Midbrain reticular nucleus,left
1277,2005,3243,808,470,721,Hypothalamus,left
1278,1905,2642,804,447,590,Midbrain,left
1278,1942,2607,802,456,583,Midbrain,left
1278,2152,1790,781,509,407,Zona incerta,right
1278,1790,2596,811,420,580,Periaqueductal gray,left
1278,1938,2644,803,455,591,Midbrain,left
1280,1881,2604,805,441,583,Periaqueductal gray,left
1280,2232,3100,793,523,689,Midbrain,left
1280,1974,2601,800,464,582,Midbrain,left
1280,1980,2587,799,465,579,Midbrain,left
1280,1813,2580,808,426,577,Periaqueductal gray,left
1280,1958,2631,801,460,588,Midbrain,left
1281,2002,2638,799,469,590,Midbrain,left
1281,1991,2627,799,467,587,Midbrain,left
1281,1905,2778,805,446,620,Midbrain reticular nucleus,left
1281,1926,2812,804,450,626,Midbrain reticular nucleus,left
1281,1958,2624,801,460,587,Midbrain,left
1281,2051,3084,802,480,686,Fields of Forel,left
1282,1889,2821,805,442,628,Midbrain reticular nucleus,left
1282,1907,2810,804,446,626,Midbrain reticular nucleus,left
1282,2017,3483,805,471,772,Zona incerta,left
1282,2140,2882,793,500,643,Midbrain,left
1282,2164,3004,793,506,669,Midbrain,left
1283,2155,3011,793,504,670,Fields of Forel,left
1283,1875,2598,803,440,582,Periaqueductal gray,left
1283,1876,2636,804,439,589,Periaqueductal gray,left
1283,1976,2652,798,463,592,Midbrain,left
1283,1872,2609,804,438,584,Periaqueductal gray,left
1283,1982,2643,798,464,591,Midbrain,left
1283,1939,2681,800,454,599,Midbrain,left
1285,1837,3127,812,431,695,Midbrain reticular nucleus,left
1285,2223,2901,789,520,647,Midbrain,left
1285,1681,3309,820,394,735,Posterior limiting nucleus of the thalamus,left
1285,1947,2899,803,455,646,Midbrain reticular nucleus,left
1284,1978,2628,798,464,588,Midbrain,left
1284,1842,2920,809,431,650,Midbrain reticular nucleus,left
1284,1882,2814,805,440,627,Midbrain reticular nucleus,left
1287,2033,2639,794,476,591,Midbrain,left
1287,2000,2619,795,469,586,Midbrain,left
1286,1464,3390,830,344,750,Posterior limiting nucleus of the thalamus,left
1286,1881,2845,804,440,634,Midbrain reticular nucleus,left
1286,1881,2597,802,441,581,Periaqueductal gray,left
1286,1965,2662,798,460,595,Midbrain,left
1286,2167,3014,792,506,671,Fields of Forel,left
1289,1816,2869,807,424,639,Midbrain reticular nucleus,left
1289,1916,2818,801,447,629,Midbrain reticular nucleus,left
1289,2084,2795,793,487,624,Midbrain,left
1289,1854,2947,806,434,656,Midbrain reticular nucleus,left
1289,1389,3405,833,326,752,Posterior limiting nucleus of the thalamus,left
1289,1892,2793,802,442,623,Midbrain reticular nucleus,left
1289,1952,2897,801,456,645,Midbrain reticular nucleus,left
1289,2037,2956,797,475,658,Midbrain,left
1289,2066,2931,795,482,653,Midbrain,left
1289,2097,2818,793,489,630,Midbrain,left
1289,2136,2909,791,498,649,Midbrain,left
1289,1679,3282,818,393,728,Midbrain,left
1289,1822,2855,807,425,636,Midbrain reticular nucleus,left
1289,1958,2598,797,460,582,Periaqueductal gray,left
1290,2011,2840,796,469,633,Midbrain,left
1290,1830,2669,804,428,597,Periaqueductal gray,left
1290,1840,2877,805,430,641,Midbrain reticular nucleus,left
1290,1946,2626,797,456,587,Periaqueductal gray,left
1290,1968,3405,804,460,755,Zona incerta,left
1290,2073,2924,794,484,652,Midbrain,left
1290,2096,2894,792,489,646,Midbrain,left
1290,1388,2332,823,327,519,Nucleus of the posterior commissure,right
1290,1757,2590,807,411,580,Periaqueductal gray,left
1290,1903,2625,799,446,587,Periaqueductal gray,left
1290,1911,2633,799,447,589,Periaqueductal gray,left
1290,1912,2649,799,447,592,Midbrain,left
1290,2048,2707,793,479,605,fasciculus retroflexus,left
1291,2044,2673,792,478,599,Midbrain,left
1291,1960,2658,796,459,595,Midbrain,left
1291,1801,2915,807,421,649,Midbrain reticular nucleus,left
1291,1823,2681,803,427,599,Midbrain,left
1291,1874,2799,801,438,625,Midbrain reticular nucleus,left
1291,1993,2610,794,467,584,Midbrain,left
1291,2016,3206,800,471,713,Fields of Forel,left
1291,1761,2163,801,415,486,Midbrain reticular nucleus,right
1291,1839,2950,806,431,657,Midbrain reticular nucleus,left
1291,2150,2947,789,502,656,Midbrain,left
1291,2190,2854,787,511,638,Midbrain,left
1292,1885,2806,801,440,626,Midbrain reticular nucleus,left
1292,1911,2751,799,446,614,Midbrain,left
1292,1982,2595,794,464,581,Periaqueductal gray,left
1292,2048,2656,791,479,594,Midbrain,left
1292,2116,2872,790,493,641,Midbrain,left
1292,1965,2596,795,460,581,Periaqueductal gray,left
1292,1996,2825,796,466,630,Midbrain,left
1292,2166,2876,788,505,642,Midbrain,left
1292,1970,2589,795,462,580,Periaqueductal gray,left
1292,1907,2723,799,445,608,Midbrain,left
1294,1967,2622,794,460,586,Periaqueductal gray,left
1294,1279,2846,830,297,630,Midbrain,left
1294,2054,2245,785,481,505,Midbrain,right
1294,1854,2893,803,433,645,Midbrain reticular nucleus,left
1294,1901,2732,799,444,610,Midbrain,left
1294,2090,2914,791,487,650,Midbrain,left
1294,2167,2998,788,505,668,Fields of Forel,left
1293,2062,2784,792,481,622,Midbrain,left
1293,2106,2939,791,491,655,Midbrain,left
1293,1757,2575,806,410,576,Periaqueductal gray,left
1293,1847,2884,804,431,643,Midbrain reticular nucleus,left
1293,1653,3308,818,387,734,Posterior limiting nucleus of the thalamus,left
1293,1988,2593,794,466,581,Midbrain,left
1293,2063,2661,791,483,596,Midbrain,left
1296,1193,3314,840,279,731,"Superior colliculus, motor related, intermediate gray layer",left
1296,2157,2848,787,502,637,Midbrain,left
1296,1558,2977,819,365,661,Midbrain reticular nucleus,left
1296,1663,2711,810,388,605,Midbrain,left
1296,1279,3183,835,298,704,"Superior colliculus, motor related, intermediate gray layer",left
1295,1933,2607,795,453,583,Periaqueductal gray,left
1295,1956,2627,794,457,587,Periaqueductal gray,left
1295,2013,2824,793,470,630,Midbrain,left
1297,2225,3019,785,519,672,Midbrain,left
1297,1850,2928,803,432,653,Midbrain reticular nucleus,left
1297,1855,2845,801,433,634,Midbrain reticular nucleus,left
1297,1891,2851,800,441,635,Midbrain reticular nucleus,left
1297,1898,2603,797,445,583,Periaqueductal gray,left
1297,1902,2769,798,443,618,Midbrain reticular nucleus,left
1297,1983,2607,792,465,583,Periaqueductal gray,left
1297,2030,2626,790,475,588,Midbrain,left
1297,2037,2626,790,476,588,Midbrain,left
1297,2075,2809,790,484,628,Midbrain,left
1297,2079,2669,789,486,598,Midbrain,left
1297,2111,2938,790,492,655,Midbrain,left
1297,2117,2785,788,493,623,Midbrain,left
1297,1932,3046,801,451,678,Midbrain reticular nucleus,left
1297,1953,2629,794,457,588,Periaqueductal gray,left
1298,1749,2590,804,409,580,Periaqueductal gray,left
1298,1809,2889,804,423,644,Midbrain reticular nucleus,left
1298,1877,2641,798,438,591,Periaqueductal gray,left
1298,2049,2798,790,478,625,Midbrain,left
1298,2060,2947,791,480,656,Midbrain,left
1298,2074,2778,789,484,621,Midbrain,left
1298,1816,2673,801,424,598,Periaqueductal gray,left
1298,1869,2811,799,436,627,Midbrain reticular nucleus,left
1299,1902,2668,796,444,597,Midbrain,left
1299,1940,2590,793,454,580,Periaqueductal gray,left
1299,2055,2660,788,480,596,Midbrain,left
1299,1147,3379,839,269,745,brachium of the superior colliculus,left
1299,2067,2656,788,482,595,Midbrain,left
1299,2173,2891,784,507,645,Midbrain,left
1299,1170,3329,838,274,734,Nucleus of the optic tract,left
1299,1507,3153,821,352,700,Anterior pretectal nucleus,left
1299,1930,2870,796,450,640,Midbrain reticular nucleus,left
1299,1933,3623,800,451,803,Zona incerta,left
1299,2075,2955,790,484,659,Midbrain,left
1300,2066,3409,794,483,756,Zona incerta,left
1300,1926,3603,801,449,798,Zona incerta,left
1300,2044,2676,789,477,599,Midbrain,left
1300,1818,2631,800,425,589,Periaqueductal gray,left
1300,1880,2846,798,438,634,Midbrain reticular nucleus,left
1300,2065,3470,794,482,769,Zona incerta,left
1300,1190,3189,837,276,705,"Superior colliculus, motor related, intermediate gray layer",left
1300,2107,2740,787,491,613,Midbrain,left
1301,2042,2626,788,477,588,Posterior hypothalamic nucleus,left
1301,1155,3322,839,270,733,Nucleus of the optic tract,left
1301,1861,2742,798,434,612,Midbrain,left
1301,1894,3042,801,443,677,Midbrain reticular nucleus,left
1301,1965,2628,792,459,589,Periaqueductal gray,left
1301,1995,2613,790,467,586,Midbrain,left
1301,2083,2781,788,486,621,Midbrain,left
1302,1979,2622,790,463,587,Periaqueductal gray,left
1302,1799,2946,803,421,656,Midbrain reticular nucleus,left
1302,2116,2688,785,493,603,Midbrain,left
1303,1957,2632,791,457,589,Periaqueductal gray,left
1303,1871,2744,796,436,613,Midbrain,left
1303,2066,3332,792,483,739,Zona incerta,left
1303,1658,2691,807,386,601,Periaqueductal gray,left
1303,1768,2909,803,413,649,Midbrain reticular nucleus,left
1304,2008,2611,788,470,585,Midbrain,left
1304,1950,2624,791,456,588,Periaqueductal gray,left
1304,1631,2998,812,381,667,Midbrain reticular nucleus,left
1304,1849,2809,798,431,627,Midbrain reticular nucleus,left
1304,2050,2747,787,478,614,Midbrain,left
1305,1222,3088,834,281,684,"Superior colliculus, motor related, intermediate gray layer",left
1305,2108,2765,785,491,618,Midbrain,left
1305,1897,2665,794,442,596,Midbrain,left
1305,1984,2636,789,464,590,Midbrain,left
1305,2109,2747,785,492,614,Midbrain,left
1305,2081,2734,786,485,612,Midbrain,left
1305,1629,2993,812,381,666,Midbrain reticular nucleus,left
1305,2029,3446,794,474,764,Zona incerta,left
1306,1740,3181,807,407,707,Midbrain,left
1306,1765,2909,803,412,649,Midbrain reticular nucleus,left
1306,1846,2918,799,431,651,Midbrain reticular nucleus,left
1306,1858,2915,798,434,650,Midbrain reticular nucleus,left
1306,1964,3589,795,457,795,Zona incerta,left
1306,1833,2957,800,429,658,Midbrain reticular nucleus,left
1306,1854,2721,796,432,608,Midbrain,left
1306,1916,3023,797,447,674,"Subparafascicular nucleus, parvicellular part",left
1306,1905,2671,793,444,597,Midbrain,left
1307,2064,2718,785,481,609,Midbrain,left
1307,1593,2723,808,371,609,Midbrain,left
1307,1860,2849,796,433,636,Midbrain reticular nucleus,left
1307,1926,2629,791,449,589,Periaqueductal gray,left
1307,2098,2724,784,489,610,Midbrain,left
1307,2119,2947,784,493,657,Midbrain,left
1307,1806,2699,798,420,604,Midbrain,left
1307,1867,2746,795,434,613,Midbrain,left
1307,1906,2671,792,444,597,Midbrain,left
1310,1879,2809,794,438,627,Midbrain reticular nucleus,left
1310,1734,2601,800,404,582,Periaqueductal gray,left
1310,1893,2623,791,442,588,Periaqueductal gray,left
1310,1957,2636,788,456,590,Periaqueductal gray,left
1308,2025,2652,786,472,593,Midbrain,left
1308,2056,2631,785,479,589,Posterior hypothalamic nucleus,left
1308,1180,3284,835,274,725,Posterior pretectal nucleus,left
1308,1864,2771,795,434,619,Midbrain reticular nucleus,left
1308,1868,2801,795,435,625,Midbrain reticular nucleus,left
1308,1967,2630,789,459,589,Periaqueductal gray,left
1308,2051,3388,791,479,752,Zona incerta,left
1308,1706,3216,808,398,714,Midbrain,left
1308,1810,2948,800,423,657,Midbrain reticular nucleus,left
1308,1874,2821,795,437,629,Midbrain reticular nucleus,left
1308,1921,2992,795,448,666,Midbrain reticular nucleus,left
1309,2063,2662,784,481,596,Posterior hypothalamic nucleus,left
1309,1960,2595,789,458,581,Periaqueductal gray,left
1309,1804,2789,798,420,623,Midbrain reticular nucleus,left
1309,1832,2635,796,427,590,Periaqueductal gray,left
1309,2093,2748,784,488,615,Midbrain,left
1309,2155,2880,782,501,643,Midbrain,left
1311,2029,2665,784,473,597,Midbrain,left
1311,1652,3121,809,385,693,Anterior pretectal nucleus,left
1311,1816,2805,796,422,626,Midbrain reticular nucleus,left
1311,1919,2674,790,447,598,Midbrain,left
1312,1941,2644,788,452,592,Periaqueductal gray,left
1312,1922,2656,790,448,594,Midbrain,left
1312,2101,2735,782,489,612,Midbrain,left
1313,2079,2766,783,484,618,Midbrain,left
1313,1106,3328,834,258,736,root,left
1313,1786,2890,799,416,645,Midbrain reticular nucleus,left
1313,1896,2646,791,442,592,Periaqueductal gray,left
1313,1958,3073,792,457,685,Midbrain,left
1313,1976,2628,787,461,589,Periaqueductal gray,left
1313,2009,2651,785,469,593,Midbrain,left
1313,1824,2805,796,425,626,Midbrain reticular nucleus,left
1314,1169,3377,832,273,743,brachium of the superior colliculus,left
1314,2076,2726,782,483,610,Midbrain,left
1314,2108,2697,780,491,604,Posterior hypothalamic nucleus,left
1314,1780,2946,799,415,656,Midbrain reticular nucleus,left
1314,2000,2994,788,465,668,Midbrain,left
1315,1185,3285,831,274,725,Posterior pretectal nucleus,left
1315,1305,2163,816,306,485,Midbrain,right
1315,1391,3378,820,323,746,Posterior limiting nucleus of the thalamus,left
1315,2096,2687,780,487,602,Posterior hypothalamic nucleus,left
1315,1704,2804,800,396,627,Midbrain reticular nucleus,left
1315,1844,2793,793,429,624,Midbrain reticular nucleus,left
1315,2052,2669,782,477,598,Midbrain,left
1316,1194,3319,830,277,732,Nucleus of the optic tract,left
1316,2067,2733,782,480,612,Midbrain,left
1316,2077,2679,781,483,600,Posterior hypothalamic nucleus,left
1316,1816,2826,795,422,631,Midbrain reticular nucleus,left
1316,1916,3070,793,446,684,"Subparafascicular nucleus, parvicellular part",left
1316,1189,3348,830,277,738,Midbrain,left
1316,1984,2624,784,463,588,Periaqueductal gray,left
1316,2051,2711,782,477,607,Midbrain,left
1316,2062,2675,782,480,599,Midbrain,left
1316,2067,3413,786,481,757,Zona incerta,left
1316,2636,2842,756,610,636,Dorsal premammillary nucleus,left
1316,1901,2625,789,443,588,Periaqueductal gray,left
1317,1191,3235,831,275,715,Posterior pretectal nucleus,left
1319,1112,3304,831,258,731,Nucleus of the optic tract,left
1319,1801,2745,793,418,614,Midbrain,left
1319,1966,2620,784,458,587,Periaqueductal gray,left
1319,2102,2722,779,488,609,Midbrain,left
1319,1822,2705,792,423,605,Midbrain,left
1319,2101,2699,779,488,605,Posterior hypothalamic nucleus,left
1318,1992,2667,784,463,597,Midbrain,left
1318,1967,3556,790,457,788,Zona incerta,left
1318,1820,2772,793,423,619,Midbrain reticular nucleus,left
1322,1997,3002,785,464,669,Midbrain,left
1322,1704,3124,801,398,695,Midbrain reticular nucleus,left
1322,1978,2695,783,460,603,fasciculus retroflexus,left
1322,2062,2712,779,479,607,Midbrain,left
1322,1913,2912,788,445,649,Midbrain reticular nucleus,left
1322,1986,2696,783,462,603,fasciculus retroflexus,left
1322,1997,2686,782,464,601,Midbrain,left
1322,2020,2695,781,470,603,Midbrain,left
1320,2034,2694,781,473,603,Midbrain,left
1320,2098,2689,778,488,603,Posterior hypothalamic nucleus,left
1320,1210,3025,826,276,670,"Superior colliculus, motor related, intermediate gray layer",left
1323,2087,2691,777,484,603,Posterior hypothalamic nucleus,left
1323,1907,3695,790,443,818,Zona incerta,left
1323,2321,2994,768,539,668,Hypothalamus,left
1323,994,3162,832,230,705,Nucleus of the optic tract,left
1323,1111,3262,829,257,722,Nucleus of the optic tract,left
1323,1389,3371,817,323,744,Posterior limiting nucleus of the thalamus,left
1323,2034,2660,779,473,596,Midbrain,left
1323,2142,2780,776,497,622,Midbrain,left
1321,1916,2658,786,446,596,Midbrain,left
1321,2002,2815,784,464,629,Midbrain,left
1321,2021,2791,783,469,624,Midbrain,left
1321,2003,2689,782,467,602,Midbrain,left
1324,1949,2650,783,454,594,Midbrain,left
1324,1814,2743,791,421,614,Midbrain,left
1324,1921,2914,787,446,650,Midbrain reticular nucleus,left
1324,2197,3198,775,512,711,Zona incerta,left
1325,1196,3305,827,276,729,Nucleus of the optic tract,left
1325,1794,2834,792,417,633,Midbrain reticular nucleus,left
1326,2048,2710,778,476,607,Midbrain,left
1326,1893,2603,784,441,584,Periaqueductal gray,left
1327,2081,2683,776,483,602,Posterior hypothalamic nucleus,left
1327,2185,3238,774,509,720,Zona incerta,left
1327,1884,2615,784,438,586,Periaqueductal gray,left
1328,2015,2658,778,468,596,Midbrain,left
1328,1045,3220,829,242,716,Nucleus of the optic tract,left
1328,2083,2704,776,484,606,Midbrain,left
1328,2035,2799,779,472,626,Midbrain,left
1329,2004,2641,779,466,592,Midbrain,left
1329,1838,2630,787,428,590,Periaqueductal gray,left
1329,1934,2906,784,449,648,Midbrain,left
1329,1784,2759,791,414,617,Midbrain reticular nucleus,left
1329,1949,2893,783,452,646,Midbrain,left
1329,1116,3327,827,258,735,root,left
1329,1503,2679,804,347,599,Periaqueductal gray,left
1330,2097,2805,775,486,627,Midbrain,left
1330,1695,2804,795,393,627,Midbrain reticular nucleus,left
1330,1775,2720,790,412,609,Midbrain,left
1330,1801,2632,788,418,590,Periaqueductal gray,left
1330,1950,3102,785,453,691,Thalamus,left
1330,1960,2623,780,456,588,Periaqueductal gray,left
1330,2057,2664,776,477,597,Posterior hypothalamic nucleus,left
1330,1842,2651,786,427,594,Periaqueductal gray,left
1330,1952,2651,780,453,594,Midbrain,left
1331,1927,2888,783,446,645,Midbrain,left
1331,2024,2681,777,470,600,Midbrain,left
1331,2047,2720,776,474,609,Midbrain,left
1331,1780,2743,789,412,614,Midbrain,left
1332,1760,2757,790,408,617,Midbrain,left
1332,2043,2658,775,475,596,Posterior hypothalamic nucleus,left
1332,1686,2806,794,390,627,Retroparafascicular nucleus,left
1332,1878,2897,785,436,646,Midbrain reticular nucleus,left
1333,1905,2891,784,442,645,Midbrain reticular nucleus,left
1333,1883,2885,785,437,644,Midbrain reticular nucleus,left
1333,2021,2738,777,469,613,Midbrain,left
1333,2027,2715,777,470,608,Midbrain,left
1333,1693,2770,794,393,620,Midbrain,left
1333,2024,2726,777,470,610,Midbrain,left
1333,2231,3293,770,520,731,Hypothalamus,left
1333,1771,2755,790,410,617,Midbrain,left
1333,2020,2706,777,469,606,Midbrain,left
1335,1152,3289,823,265,727,Nucleus of the optic tract,left
1335,1933,2869,781,448,641,Midbrain,left
1335,1955,2671,778,454,598,Midbrain,left
1335,2007,2650,775,466,594,Midbrain,left
1335,2029,2675,775,471,600,Midbrain,left
1335,2085,2734,773,483,613,Midbrain,left
1336,2122,2729,771,491,612,Midbrain,left
1336,1753,2752,789,406,616,Midbrain,left
1336,1891,2637,781,439,591,Periaqueductal gray,left
1336,1788,2772,787,414,620,Midbrain reticular nucleus,left
1334,2067,2677,774,479,600,Posterior hypothalamic nucleus,left
1334,2005,2665,776,466,597,Midbrain,left
1334,2008,2764,777,466,619,Midbrain,left
1339,1788,2688,784,414,603,Periaqueductal gray,left
1339,1802,2670,784,417,599,Periaqueductal gray,left
1339,2007,2695,774,465,604,Midbrain,left
1339,1867,2861,782,432,639,Midbrain reticular nucleus,left
1339,2031,2705,773,470,606,Midbrain,left
1339,1757,2804,787,406,627,Midbrain reticular nucleus,left
1339,2132,2655,769,494,596,Posterior hypothalamic nucleus,left
1337,2009,3479,779,466,772,Zona incerta,left
1337,2146,3298,773,499,733,Zona incerta,left
1337,1117,2988,822,253,665,Posterior pretectal nucleus,left
1337,2019,2708,775,468,607,Midbrain,left
1337,2079,2682,773,482,601,Posterior hypothalamic nucleus,left
1337,1713,2939,793,398,656,Midbrain reticular nucleus,left
1337,1968,3173,782,457,707,medial lemniscus,left
1338,2050,2679,773,475,601,Midbrain,left
1338,2076,2710,772,481,607,Midbrain,left
1338,1780,2702,786,412,605,Midbrain,left
1338,1720,2861,791,399,639,Midbrain reticular nucleus,left
1338,1777,2779,787,411,622,Midbrain reticular nucleus,left
1338,2016,3474,777,467,771,Zona incerta,left
1338,2034,2671,774,472,599,Midbrain,left
1338,2040,2679,773,473,601,Midbrain,left
1338,1747,2768,788,404,620,Midbrain,left
1338,1965,2713,777,456,608,fasciculus retroflexus,left
1338,2032,2663,774,471,597,Midbrain,left
1338,2078,2734,772,482,613,Midbrain,left
1340,1989,2701,775,461,605,Midbrain,left
1340,2001,2728,775,463,611,Midbrain,left
1340,2037,2693,773,472,604,Midbrain,left
1340,2020,2855,775,467,638,Midbrain,left
1340,2022,2663,773,469,597,Midbrain,left
1340,2140,2795,769,495,626,Midbrain,left
1340,2067,2689,772,479,603,Midbrain,left
1340,1727,2856,789,400,638,Midbrain reticular nucleus,left
1342,2066,2733,771,478,613,Midbrain,left
1342,1754,2698,785,406,605,Midbrain,left
1342,2010,2701,773,466,605,Midbrain,left
1342,1958,2854,777,453,638,Midbrain,left
1341,2092,2676,770,484,600,Posterior hypothalamic nucleus,left
1341,2140,2658,768,496,597,Posterior hypothalamic nucleus,left
1341,2078,2764,772,482,619,Midbrain,left
1341,1695,2789,790,392,624,Midbrain,left
1341,1720,2839,789,398,635,Midbrain reticular nucleus,left
1341,1802,2721,784,417,609,Midbrain,left
1341,1803,2698,784,418,605,Midbrain,left
1341,1943,3062,780,451,682,"Subparafascicular nucleus, parvicellular part",left
1341,2085,2691,771,483,603,Posterior hypothalamic nucleus,left
1341,1802,2595,783,417,582,Periaqueductal gray,left
1344,2038,2722,771,472,609,Midbrain,left
1344,2074,3121,772,481,695,Fields of Forel,left
1344,2026,3424,774,470,760,Zona incerta,left
1344,2105,2674,768,487,600,Posterior hypothalamic nucleus,left
1344,1139,3286,819,262,727,Nucleus of the optic tract,left
1344,1835,2669,780,425,599,Periaqueductal gray,left
1345,2116,2675,768,490,600,Posterior hypothalamic nucleus,left
1345,1987,2767,774,459,619,Midbrain,left
1345,2120,2684,768,491,602,Posterior hypothalamic nucleus,left
1345,1835,2630,780,425,590,Periaqueductal gray,left
1345,1903,2860,779,441,639,Midbrain,left
1345,1951,2933,777,451,656,Midbrain,left
1345,1944,2832,776,450,633,Midbrain,left
1345,2069,3134,772,479,698,Fields of Forel,left
1343,1399,3340,807,323,738,Posterior limiting nucleus of the thalamus,left
1343,2051,2717,771,475,608,Midbrain,left
1343,2022,2721,772,468,609,Midbrain,left
1343,2056,2695,770,476,604,Midbrain,left
1343,1738,2743,786,402,615,Midbrain,left
1346,2007,2719,772,464,609,Midbrain,left
1346,1927,2802,776,445,626,Midbrain,left
1346,2011,2727,772,465,610,Midbrain,left
1346,1721,2819,787,398,631,Midbrain reticular nucleus,left
1346,1746,2690,784,403,603,Periaqueductal gray,left
1346,1927,2635,775,446,591,Periaqueductal gray,left
1346,1978,2724,773,458,610,Midbrain,left
1346,1980,2819,774,458,631,Midbrain,left
1346,2037,2710,771,471,607,Midbrain,left
1346,2038,2678,770,472,601,Midbrain,left
1346,1657,2771,790,382,620,Retroparafascicular nucleus,left
1346,1977,2920,775,457,652,Midbrain,left
1347,2026,2701,770,469,605,Midbrain,left
1347,2037,2733,770,471,613,Midbrain,left
1347,2098,2741,767,486,614,Midbrain,left
1347,1960,2776,774,453,621,Midbrain,left
1347,1923,2822,776,445,631,Midbrain,left
1347,1946,2799,775,450,626,Midbrain,left
1347,2129,2677,765,493,600,Posterior hypothalamic nucleus,left
1348,2076,3106,770,480,692,Fields of Forel,left
1348,1780,2644,781,412,593,Periaqueductal gray,left
1348,2006,2742,771,464,614,Midbrain,left
1348,1348,3344,808,311,739,Posterior limiting nucleus of the thalamus,left
1348,1764,2630,782,408,590,Periaqueductal gray,left
1348,1970,2913,774,456,651,Midbrain,left
1348,2120,2652,765,491,595,Posterior hypothalamic nucleus,left
1349,2115,2686,766,489,602,Posterior hypothalamic nucleus,left
1349,1975,2754,773,457,617,Midbrain,left
1349,1883,2843,778,436,636,Midbrain reticular nucleus,left
1349,1952,2788,774,451,624,Midbrain,left
1349,2034,2703,770,471,606,Midbrain,left
1351,1524,2996,796,352,665,Anterior pretectal nucleus,left
1351,1108,3233,816,254,718,Nucleus of the optic tract,left
1350,2144,3273,766,498,728,Zona incerta,left
1350,1709,2637,784,395,591,Periaqueductal gray,left
1350,1717,2806,785,396,628,Midbrain reticular nucleus,left
1350,1849,2652,777,428,595,Periaqueductal gray,left
1350,1943,2834,774,449,634,Midbrain,left
1350,1981,2736,772,458,613,Midbrain,left
1350,2040,2717,769,472,609,Midbrain,left
1350,2045,2702,768,473,605,"Subparafascicular nucleus, magnocellular part",left
1352,1971,2735,771,455,613,Midbrain,left
1352,2034,2748,768,470,616,Midbrain,left
1357,2058,2695,765,476,605,"Subparafascicular nucleus, magnocellular part",left
1357,1718,2705,781,397,607,Midbrain,left
1357,1896,3669,775,439,814,Zona incerta,left
1357,2048,2735,766,474,613,"Subparafascicular nucleus, magnocellular part",left
1353,1668,2785,786,385,623,Midbrain,left
1353,1698,2815,785,392,630,Midbrain,left
1353,1986,2745,771,459,615,Midbrain,left
1353,2076,2711,766,480,608,Midbrain,left
1354,1986,2947,771,459,658,Midbrain,left
1354,1995,2796,770,461,626,Midbrain,left
1354,2003,2775,769,463,621,Midbrain,left
1354,1639,2650,786,378,595,Periaqueductal gray,left
1354,1973,2775,771,456,621,Midbrain,left
1354,2027,2710,768,468,608,"Subparafascicular nucleus, magnocellular part",left
1354,1114,3243,815,255,720,Nucleus of the optic tract,left
1355,1119,3075,813,254,684,Nucleus of the optic tract,left
1355,2058,2686,765,476,602,"Subparafascicular nucleus, magnocellular part",left
1355,1454,3294,799,335,729,Anterior pretectal nucleus,left
1355,1514,3003,795,349,667,Anterior pretectal nucleus,left
1356,1969,2754,770,455,617,Midbrain,left
1356,2007,2731,768,463,612,"Subparafascicular nucleus, magnocellular part",left
1356,2014,2787,768,465,624,Midbrain,left
1356,2019,2755,767,467,617,"Subparafascicular nucleus, magnocellular part",left
1356,2039,2716,766,471,609,"Subparafascicular nucleus, magnocellular part",left
1356,2124,2659,762,491,597,Posterior hypothalamic nucleus,left
1356,2073,2667,764,480,598,"Subparafascicular nucleus, magnocellular part",left
1356,2108,2681,763,488,602,Posterior hypothalamic nucleus,left
1359,1664,2777,783,383,621,Midbrain,left
1359,2109,2642,761,487,593,Posterior hypothalamic nucleus,left
1370,2089,2687,758,482,603,"Subparafascicular nucleus, magnocellular part",left
1370,2015,2795,762,464,626,Thalamus,left
1370,2007,2763,762,462,620,"Subparafascicular nucleus, magnocellular part",left
1370,1060,3140,809,241,700,Nucleus of the optic tract,left
1361,2039,2641,764,472,593,"Subparafascicular nucleus, magnocellular part",left
1361,2101,2639,761,485,593,"Subparafascicular nucleus, magnocellular part",left
1361,2003,2714,766,463,609,"Subparafascicular nucleus, magnocellular part",left
1361,2053,2741,764,474,614,"Subparafascicular nucleus, magnocellular part",left
1361,2219,3146,756,514,701,Zona incerta,left
1362,1990,2859,767,459,640,Midbrain,left
1362,1585,3155,789,365,700,Anterior pretectal nucleus,left
1369,2046,2740,761,472,614,"Subparafascicular nucleus, magnocellular part",left
1369,2007,2814,763,462,630,Midbrain,left
1369,1054,3132,810,240,698,Nucleus of the optic tract,left
1369,2096,2621,757,484,589,"Subparafascicular nucleus, magnocellular part",left
1363,2095,2617,759,484,588,"Subparafascicular nucleus, magnocellular part",left
1365,1686,2720,779,388,610,Midbrain,left
1365,2043,2724,763,472,611,"Subparafascicular nucleus, magnocellular part",left
1365,1103,3094,810,250,689,Nucleus of the optic tract,left
1365,2000,2813,765,461,630,Midbrain,left
1365,2053,2718,762,474,610,"Subparafascicular nucleus, magnocellular part",left
1364,2062,2711,762,475,608,"Subparafascicular nucleus, magnocellular part",left
1364,2055,2726,762,474,611,"Subparafascicular nucleus, magnocellular part",left
1368,2099,2676,758,484,601,"Subparafascicular nucleus, magnocellular part",left
1368,2086,2669,759,481,600,"Subparafascicular nucleus, magnocellular part",left
1368,2003,2835,764,462,635,Midbrain,left
1368,2139,2645,756,494,595,Posterior hypothalamic nucleus,left
1367,2044,2623,760,472,590,"Subparafascicular nucleus, magnocellular part",left
1371,1983,2880,763,457,645,Midbrain,left
1371,2005,2753,761,462,618,"Subparafascicular nucleus, magnocellular part",left
1371,2071,2696,758,477,605,"Subparafascicular nucleus, magnocellular part",left
1371,2016,2819,761,464,632,Midbrain,left
1372,1959,2844,764,451,637,Thalamus,left
1372,1980,2778,763,456,623,Thalamus,left
1372,1999,2838,762,461,636,Midbrain,left
1372,2161,2715,754,497,609,Hypothalamus,left
1372,1078,3101,807,245,691,Nucleus of the optic tract,left
1373,2015,2814,761,464,631,Midbrain,left
1373,2044,2770,760,471,621,"Subparafascicular nucleus, magnocellular part",left
1374,2052,2727,758,472,611,"Subparafascicular nucleus, magnocellular part",left
1374,2054,2764,758,473,620,"Subparafascicular nucleus, magnocellular part",left
1377,1720,3794,772,399,837,Ventral part of the lateral geniculate complex,left
1377,1456,3221,790,333,713,Anterior pretectal nucleus,left
1376,1648,2739,776,378,614,Midbrain,left
1379,1073,3020,802,243,675,Nucleus of the optic tract,left
1379,2141,2634,750,493,593,"Subparafascicular nucleus, magnocellular part",left
1378,1028,3105,806,235,694,Nucleus of the optic tract,left
1381,1884,3691,763,436,818,Zona incerta,left
1382,2035,2766,756,468,620,"Subparafascicular nucleus, magnocellular part",left
1386,1540,2856,778,352,637,Midbrain,left
1387,2098,3221,751,484,717,Zona incerta,left
1387,2170,2787,747,499,625,Midbrain,left
1388,2133,2688,747,491,605,"Subparafascicular nucleus, magnocellular part",left
1388,2257,2977,743,518,666,Midbrain,left
1391,2634,3162,718,610,705,Lateral hypothalamic area,left
1390,1782,404,719,413,132,"Temporal association areas, layer 5",right
1390,2075,2778,750,477,624,Thalamus,left
1389,2031,2853,754,467,640,Thalamus,left
1395,1794,403,716,416,132,"Temporal association areas, layer 5",right
1393,2072,2780,750,476,624,Thalamus,left
1397,2251,2942,739,516,659,Ventral medial nucleus of the thalamus,left
1397,1993,2744,751,458,616,"Ventral posteromedial nucleus of the thalamus, parvicellular part",left
1402,2259,2934,736,518,658,Ventral medial nucleus of the thalamus,left
1402,2094,2876,744,481,645,Thalamus,left
1405,3142,2284,681,715,521,Arcuate hypothalamic nucleus,right
1412,2536,2656,714,580,599,Posterior hypothalamic nucleus,left
1425,2259,2972,726,517,666,Ventral medial nucleus of the thalamus,left
1426,2516,2616,708,574,590,Posterior hypothalamic nucleus,left
1429,2470,2450,708,564,554,Posterior hypothalamic nucleus,right
1436,2284,3045,719,522,683,Zona incerta,left
1436,2298,3052,718,526,684,Zona incerta,left
1436,2275,2922,719,519,656,Ventral medial nucleus of the thalamus,left
1439,2230,3049,720,510,684,Ventral medial nucleus of the thalamus,left
1439,2282,3019,718,520,678,Ventral medial nucleus of the thalamus,left
1440,2260,3029,719,516,680,Ventral medial nucleus of the thalamus,left
1440,2295,3002,717,523,673,Ventral medial nucleus of the thalamus,left
1441,2247,3016,720,513,677,Ventral medial nucleus of the thalamus,left
1443,3113,2764,667,701,622,Ventromedial hypothalamic nucleus,left
1443,2268,3083,716,519,692,Zona incerta,left
1445,2241,3028,718,511,680,Ventral medial nucleus of the thalamus,left
1445,2287,3125,715,523,701,Zona incerta,left
1447,2796,2989,685,636,669,columns of the fornix,left
1446,2263,2966,715,516,666,Ventral medial nucleus of the thalamus,left
1448,2453,3044,703,560,684,Lateral hypothalamic area,left
1450,2224,3039,716,508,682,Ventral medial nucleus of the thalamus,left
1456,1671,4622,731,373,1010,"Ventral auditory area, layer 5",left
1460,2252,3080,710,513,691,Ventral medial nucleus of the thalamus,left
1458,2313,3044,707,527,684,Zona incerta,left
1463,2698,2572,679,615,581,Dorsomedial nucleus of the hypothalamus,left
1466,3130,2558,655,703,579,Arcuate hypothalamic nucleus,left
1467,2223,3093,708,507,695,Ventral medial nucleus of the thalamus,left
1476,2776,2918,673,628,655,Hypothalamus,left
1480,2274,3094,699,517,695,Ventral medial nucleus of the thalamus,left
1480,2638,3278,676,598,732,Lateral hypothalamic area,left
1482,2564,3004,681,582,675,Lateral hypothalamic area,left
1491,2476,3470,678,558,772,"Globus pallidus, internal segment",left
1519,1531,496,676,348,152,"Supplemental somatosensory area, layer 5",right
1520,2050,428,655,463,143,"Visceral area, layer 5",right
1538,2442,3060,661,547,688,Zona incerta,left
1544,2679,3079,645,600,693,Lateral hypothalamic area,left
1558,2186,4519,664,480,990,"Agranular insular area, posterior part, layer 5",left
1565,2739,2905,632,612,655,columns of the fornix,left
1574,2686,3691,631,598,818,"Central amygdalar nucleus, medial part",left
1601,2887,3227,609,637,723,Lateral hypothalamic area,left
1607,441,3239,707,98,725,"Anterior area, layer 5",left
1609,428,3239,707,96,725,"Anterior area, layer 5",left
1616,517,3289,701,115,732,"Anterior area, layer 6a",left
1617,505,3290,701,113,732,"Anterior area, layer 6a",left
1619,2621,2657,612,582,605,Anterior hypothalamic nucleus,left
1625,736,3909,692,173,853,"Primary somatosensory area, barrel field, layer 6a",left
1621,476,3293,701,107,734,"Anterior area, layer 5",left
1632,461,3181,694,103,712,"Anterior area, layer 5",left
1636,1372,4448,664,291,971,"Supplemental somatosensory area, layer 5",left
1636,1363,4478,665,290,977,"Supplemental somatosensory area, layer 5",left
1636,1364,4477,665,290,976,"Supplemental somatosensory area, layer 5",left
1635,1382,4454,664,293,972,"Supplemental somatosensory area, layer 5",left
1635,1378,4470,664,293,975,"Supplemental somatosensory area, layer 5",left
1637,1370,4460,664,291,973,"Supplemental somatosensory area, layer 5",left
1637,1366,4510,665,291,983,"Supplemental somatosensory area, layer 5",left
1639,2909,1904,582,645,450,Lateral hypothalamic area,right
1641,1988,4527,636,428,993,"Visceral area, layer 5",left
1641,1348,4557,664,288,993,"Supplemental somatosensory area, layer 4",left
1650,1696,500,622,375,157,"Supplemental somatosensory area, layer 5",right
1649,1689,467,623,374,150,"Supplemental somatosensory area, layer 5",right
1649,1688,474,623,374,152,"Supplemental somatosensory area, layer 5",right
1652,2614,2602,598,577,594,Hypothalamus,left
1663,450,1902,669,100,453,"Retrosplenial area, lateral agranular part, layer 5",right
1671,572,3458,673,130,764,"Primary somatosensory area, trunk, layer 5",left
1672,563,3463,674,129,765,"Primary somatosensory area, trunk, layer 5",left
1674,1987,3489,625,435,776,internal capsule,left
1689,2002,4507,614,426,991,"Supplemental somatosensory area, layer 5",left
1690,642,3718,665,148,815,"Primary somatosensory area, unassigned, layer 5",left
1690,575,3530,666,131,778,"Primary somatosensory area, upper limb, layer 5",left
1701,558,3360,660,127,745,"Primary somatosensory area, trunk, layer 5",left
1701,628,3458,657,143,763,"Primary somatosensory area, lower limb, layer 6a",left
1701,637,3668,660,146,805,"Primary somatosensory area, unassigned, layer 5",left
1698,2135,4477,603,457,986,"Visceral area, layer 5",left
1705,489,3192,660,110,713,"Primary somatosensory area, trunk, layer 5",left
1705,2015,4496,606,428,990,"Supplemental somatosensory area, layer 5",left
1714,566,3456,654,127,764,"Primary somatosensory area, lower limb, layer 5",left
1713,1414,4398,631,294,960,"Supplemental somatosensory area, layer 5",left
1715,2167,4454,593,462,983,"Visceral area, layer 5",left
1718,670,3581,649,153,787,"Primary somatosensory area, upper limb, layer 6a",left
1722,663,3605,648,152,792,"Primary somatosensory area, upper limb, layer 5",left
1716,2171,4462,593,464,984,"Visceral area, layer 5",left
1719,661,3584,648,151,788,"Primary somatosensory area, upper limb, layer 5",left
1720,660,3583,648,151,788,"Primary somatosensory area, upper limb, layer 5",left
1732,511,3130,645,113,701,"Primary somatosensory area, trunk, layer 5",left
1723,504,3470,653,112,769,"Primary somatosensory area, lower limb, layer 5",left
1727,628,3540,646,142,780,"Primary somatosensory area, upper limb, layer 5",left
1733,591,3114,642,131,697,"Primary somatosensory area, trunk, layer 6a",left
1739,846,3844,636,188,839,"Primary somatosensory area, barrel field, layer 6a",left
1735,493,3132,644,109,702,"Primary somatosensory area, trunk, layer 5",left
1736,485,3132,644,107,702,"Primary somatosensory area, trunk, layer 5",left
1737,3067,3318,543,674,746,Magnocellular nucleus,left
1746,711,3609,635,161,792,"Primary somatosensory area, upper limb, layer 6a",left
1744,1778,536,587,387,161,"Supplemental somatosensory area, layer 5",right
1748,515,3197,639,113,714,"Primary somatosensory area, lower limb, layer 5",left
1748,808,3870,635,179,844,"Primary somatosensory area, barrel field, layer 5",left
1745,823,3860,636,183,842,"Primary somatosensory area, barrel field, layer 5",left
1747,703,3612,635,160,792,"Primary somatosensory area, upper limb, layer 6a",left
1750,503,3198,638,111,715,"Primary somatosensory area, lower limb, layer 5",left
1751,495,3199,637,108,716,"Primary somatosensory area, lower limb, layer 5",left
1753,478,3201,638,105,716,"Primary somatosensory area, trunk, layer 5",left
1753,642,3364,634,143,745,"Primary somatosensory area, lower limb, layer 6a",left
1758,639,3369,631,143,746,"Primary somatosensory area, lower limb, layer 5",left
1754,469,3203,637,102,717,"Primary somatosensory area, trunk, layer 5",left
1760,587,3312,632,129,736,"Primary somatosensory area, lower limb, layer 5",left
1760,629,3368,631,140,747,"Primary somatosensory area, lower limb, layer 5",left
1764,728,3645,628,164,799,"Primary somatosensory area, upper limb, layer 5",left
1764,570,3316,631,125,737,"Primary somatosensory area, lower limb, layer 5",left
1764,605,3372,630,133,747,"Primary somatosensory area, lower limb, layer 5",left
1765,752,3652,627,169,800,"Primary somatosensory area, upper limb, layer 6a",left
1763,490,1956,624,105,466,"Primary motor area, Layer 5",right
1766,594,3374,630,131,748,"Primary somatosensory area, lower limb, layer 5",left
1770,697,3458,624,156,763,"Primary somatosensory area, lower limb, layer 6a",left
1769,1780,3290,588,382,737,stria terminalis,left
1777,728,3601,622,164,790,"Primary somatosensory area, upper limb, layer 5",left
1772,1793,3273,585,385,735,Pallidum,left
1771,683,3460,624,153,763,"Primary somatosensory area, lower limb, layer 5",left
1775,582,3054,622,124,687,"Primary somatosensory area, lower limb, layer 5",left
1780,623,3394,623,137,752,"Primary somatosensory area, lower limb, layer 5",left
1781,781,3614,618,175,793,"Primary somatosensory area, upper limb, layer 6a",left
1782,707,3610,621,157,793,"Primary somatosensory area, upper limb, layer 5",left
1782,3079,3301,521,674,744,Magnocellular nucleus,left
1782,3080,3307,521,673,745,Magnocellular nucleus,left
1783,625,3250,620,136,724,"Primary somatosensory area, lower limb, layer 5",left
1783,609,3395,622,133,752,"Primary somatosensory area, lower limb, layer 5",left
1787,3085,3293,518,674,743,Magnocellular nucleus,left
1787,680,3623,621,150,796,"Primary somatosensory area, upper limb, layer 5",left
1790,833,1450,598,179,355,"Primary somatosensory area, upper limb, layer 6a",right
1789,658,3473,619,145,767,"Primary somatosensory area, lower limb, layer 5",left
1793,557,3403,621,118,756,"Primary somatosensory area, lower limb, layer 5",left
1799,795,3626,610,176,795,"Primary somatosensory area, upper limb, layer 6a",left
1794,1645,3393,581,349,753,Caudoputamen,left
1798,632,3220,613,136,718,"Primary somatosensory area, lower limb, layer 5",left
1803,831,3694,607,182,809,"Primary somatosensory area, upper limb, layer 6a",left
1805,767,3639,610,169,798,"Primary somatosensory area, upper limb, layer 5",left
1810,661,3246,607,142,723,"Primary somatosensory area, lower limb, layer 5",left
1806,758,3643,610,167,799,"Primary somatosensory area, upper limb, layer 5",left
1811,711,3274,604,155,728,"Primary somatosensory area, lower limb, layer 6a",left
1811,766,3579,606,169,787,"Primary somatosensory area, upper limb, layer 5",left
1808,817,3703,607,178,811,"Primary somatosensory area, upper limb, layer 5",left
1816,811,3612,602,179,792,"Primary somatosensory area, upper limb, layer 6a",left
1816,697,3277,603,151,729,"Primary somatosensory area, lower limb, layer 5",left
1814,758,3583,605,167,788,"Primary somatosensory area, upper limb, layer 5",left
1826,664,3242,600,142,723,"Primary somatosensory area, lower limb, layer 5",left
1826,603,3098,600,126,697,"Primary somatosensory area, lower limb, layer 5",left
1825,702,3411,602,152,755,"Primary somatosensory area, lower limb, layer 5",left
1821,675,3282,603,145,730,"Primary somatosensory area, lower limb, layer 5",left
1827,685,3414,601,148,756,"Primary somatosensory area, lower limb, layer 5",left
1831,881,3671,593,191,804,"Primary somatosensory area, upper limb, layer 6a",left
1834,647,3247,598,136,724,"Primary somatosensory area, lower limb, layer 5",left
1839,3019,2649,491,657,611,Medial preoptic area,left
1843,653,3166,592,137,709,"Primary somatosensory area, lower limb, layer 5",left
1849,625,3167,592,129,709,"Primary somatosensory area, lower limb, layer 5",left
1849,650,3159,591,135,708,"Primary somatosensory area, lower limb, layer 5",left
1850,644,3211,591,134,718,"Primary somatosensory area, lower limb, layer 5",left
1850,535,3267,596,108,729,"Primary somatosensory area, lower limb, layer 4",left
1850,1491,3358,556,313,747,Caudoputamen,left
1852,772,3430,588,167,758,"Primary somatosensory area, lower limb, layer 5",left
1853,1477,3356,555,310,746,Caudoputamen,left
1859,770,3397,584,166,752,"Primary somatosensory area, lower limb, layer 5",left
1855,1467,3356,552,307,746,Caudoputamen,left
1857,1462,3354,552,306,746,Caudoputamen,left
1862,588,3221,589,120,720,"Primary somatosensory area, lower limb, layer 5",left
1864,795,3390,581,171,750,"Primary somatosensory area, lower limb, layer 6a",left
1865,762,3042,577,155,687,"Primary motor area, Layer 6a",left
1868,695,3277,583,146,730,"Primary somatosensory area, lower limb, layer 5",left
1866,1430,3339,547,300,744,Caudoputamen,left
1866,1432,3340,547,300,744,Caudoputamen,left
1867,1425,3336,546,299,744,Caudoputamen,left
1875,957,3701,573,201,810,"Primary somatosensory area, upper limb, layer 6a",left
1875,768,3376,578,164,748,"Primary somatosensory area, lower limb, layer 5",left
1875,1401,3326,541,293,743,Caudoputamen,left
1873,700,3420,584,147,757,"Primary somatosensory area, lower limb, layer 5",left
1879,859,3432,571,185,758,"Primary somatosensory area, upper limb, layer 6a",left
1879,1395,3325,539,291,743,Caudoputamen,left
1880,842,3489,574,180,769,"Primary somatosensory area, upper limb, layer 6a",left
1881,742,3326,577,156,739,"Primary somatosensory area, lower limb, layer 5",left
1881,947,3707,572,198,811,"Primary somatosensory area, upper limb, layer 6a",left
1881,1391,3326,539,290,743,Caudoputamen,left
1878,674,3427,583,141,759,"Primary somatosensory area, lower limb, layer 5",left
1878,1397,3325,540,292,743,Caudoputamen,left
1884,757,3305,574,159,735,"Primary somatosensory area, lower limb, layer 5",left
1884,1384,3327,537,289,743,Caudoputamen,left
1884,936,3715,571,195,813,"Primary somatosensory area, upper limb, layer 5",left
1885,721,3205,575,149,717,"Primary somatosensory area, lower limb, layer 5",left
1885,1378,3328,537,288,744,Caudoputamen,left
1888,775,3337,572,164,740,"Primary somatosensory area, lower limb, layer 5",left
1891,796,3268,568,167,728,"Primary somatosensory area, lower limb, layer 5",left
1886,728,3330,576,153,740,"Primary somatosensory area, lower limb, layer 5",left
1892,643,3023,573,128,684,"Primary motor area, Layer 5",left
1895,712,3202,571,146,716,"Primary motor area, Layer 5",left
1893,751,3344,573,157,742,"Primary somatosensory area, lower limb, layer 5",left
1899,2392,4025,495,502,892,external capsule,left
1899,1308,3317,530,272,743,Caudoputamen,left
1900,739,3258,569,153,727,"Primary somatosensory area, lower limb, layer 5",left
1897,779,3272,568,163,728,"Primary somatosensory area, lower limb, layer 5",left
1898,944,3283,554,199,732,"Primary motor area, Layer 6a",left
1904,804,3294,564,168,733,"Primary somatosensory area, lower limb, layer 5",left
1904,1294,3310,528,269,742,Caudoputamen,left
1901,1302,3315,530,270,743,Caudoputamen,left
1901,756,3275,568,157,729,"Primary somatosensory area, lower limb, layer 5",left
1903,758,3342,568,158,741,"Primary somatosensory area, lower limb, layer 5",left
1905,894,3487,561,190,768,"Primary somatosensory area, upper limb, layer 6a",left
1905,743,3276,567,154,729,"Primary somatosensory area, lower limb, layer 5",left
1909,729,3278,567,150,730,"Primary somatosensory area, lower limb, layer 5",left
1906,661,3211,570,133,718,"Primary somatosensory area, lower limb, layer 5",left
1907,739,3277,566,153,729,"Primary somatosensory area, lower limb, layer 5",left
1907,788,3297,563,164,733,"Primary somatosensory area, lower limb, layer 5",left
1910,767,3291,564,158,732,"Primary somatosensory area, lower limb, layer 5",left
1910,675,3277,569,137,730,"Primary somatosensory area, lower limb, layer 5",left
1908,734,3277,567,151,729,"Primary somatosensory area, lower limb, layer 5",left
1912,2294,4071,493,476,903,Claustrum,left
1913,771,3303,563,159,735,"Primary somatosensory area, lower limb, layer 5",left
1916,877,3472,558,183,766,"Primary somatosensory area, upper limb, layer 5",left
1916,761,3307,563,157,735,"Primary somatosensory area, lower limb, layer 5",left
1918,1033,3696,552,212,809,"Primary somatosensory area, upper limb, layer 6a",left
1914,768,3303,563,159,735,"Primary somatosensory area, lower limb, layer 5",left
1923,886,3530,556,184,777,"Primary somatosensory area, upper limb, layer 5",left
1923,875,3396,553,183,751,"Primary somatosensory area, lower limb, layer 6a",left
1923,942,3454,550,197,763,"Primary somatosensory area, upper limb, layer 6a",left
1923,1014,3706,551,207,811,"Primary somatosensory area, upper limb, layer 6a",left
1923,1016,3705,551,207,811,"Primary somatosensory area, upper limb, layer 6a",left
1922,1183,3936,548,230,858,"Primary somatosensory area, unassigned, layer 5",left
1922,1019,3703,552,208,811,"Primary somatosensory area, upper limb, layer 6a",left
1925,2295,4211,492,472,934,"Gustatory areas, layer 6a",left
1926,959,3479,548,201,768,"Primary somatosensory area, upper limb, layer 6a",left
1926,741,3192,559,149,714,"Primary motor area, Layer 5",left
1924,1177,3944,548,228,860,"Primary somatosensory area, unassigned, layer 5",left
1930,949,3508,549,198,773,"Primary somatosensory area, upper limb, layer 6a",left
1929,750,3191,557,151,714,"Primary motor area, Layer 5",left
1934,899,3348,547,187,743,"Primary somatosensory area, lower limb, layer 6a",left
1934,1044,3725,546,211,815,"Primary somatosensory area, upper limb, layer 6a",left
1933,856,3542,555,175,779,"Primary somatosensory area, upper limb, layer 5",left
1936,917,3133,540,185,705,"Primary motor area, Layer 6a",left
1936,849,3544,554,173,780,"Primary somatosensory area, upper limb, layer 5",left
1940,877,3298,546,180,734,"Primary motor area, Layer 6a",left
1942,996,3497,540,206,770,"Primary somatosensory area, upper limb, layer 6a",left
1942,866,3300,546,177,734,"Primary motor area, Layer 5",left
1943,944,3309,538,195,736,"Primary motor area, Layer 6a",left
1943,822,3559,553,164,784,"Primary somatosensory area, upper limb, layer 5",left
1944,861,3302,545,176,734,"Primary motor area, Layer 5",left
1945,815,3564,554,163,785,"Primary somatosensory area, upper limb, layer 5",left
1945,985,3502,541,204,771,"Primary somatosensory area, upper limb, layer 6a",left
1947,965,3571,543,197,784,"Primary somatosensory area, upper limb, layer 5",left
1946,854,3303,545,175,735,"Primary motor area, Layer 5",left
1950,896,3409,543,184,754,"Primary somatosensory area, lower limb, layer 5",left
1950,788,3577,553,156,787,"Primary somatosensory area, upper limb, layer 4",left
1950,790,3576,553,156,787,"Primary somatosensory area, upper limb, layer 4",left
1949,795,3574,554,157,787,"Primary somatosensory area, upper limb, layer 4",left
1953,970,3401,536,200,753,"Primary somatosensory area, lower limb, layer 6a",left
1955,975,3530,538,199,777,"Primary somatosensory area, upper limb, layer 6a",left
1951,955,3512,540,196,773,"Primary somatosensory area, upper limb, layer 6a",left
1951,955,3576,542,195,785,"Primary somatosensory area, upper limb, layer 5",left
1956,1853,717,510,387,187,"Supplemental somatosensory area, layer 5",right
1954,850,3363,544,173,746,"Primary somatosensory area, lower limb, layer 5",left
1957,924,3481,540,189,767,"Primary somatosensory area, upper limb, layer 5",left
1962,1849,685,511,387,180,"Supplemental somatosensory area, layer 5",right
1962,775,3322,546,154,737,"Primary motor area, Layer 5",left
1969,823,3239,539,164,722,"Primary motor area, Layer 5",left
1970,1029,3555,530,209,781,"Primary somatosensory area, upper limb, layer 6a",left
1965,939,3538,538,190,779,"Primary somatosensory area, upper limb, layer 5",left
1971,811,3243,539,160,723,"Primary motor area, Layer 5",left
1973,1012,3561,530,204,782,"Primary somatosensory area, upper limb, layer 6a",left
1978,1001,3566,529,201,783,"Primary somatosensory area, upper limb, layer 5",left
1979,952,3463,530,191,764,"Primary somatosensory area, upper limb, layer 5",left
1981,836,3518,539,163,776,"Primary somatosensory area, upper limb, layer 5",left
1987,992,3523,525,198,775,"Primary somatosensory area, upper limb, layer 5",left
1985,978,3576,529,195,785,"Primary somatosensory area, upper limb, layer 5",left
1994,970,3533,525,192,777,"Primary somatosensory area, upper limb, layer 5",left
2001,1008,3468,518,202,765,"Primary motor area, Layer 5",left
2004,1040,3549,517,206,780,"Primary somatosensory area, upper limb, layer 5",left
2004,1003,3470,517,200,765,"Primary motor area, Layer 5",left
2003,993,3525,519,196,775,"Primary somatosensory area, upper limb, layer 5",left
2009,964,3378,517,191,748,"Primary motor area, Layer 5",left
2009,986,3477,517,194,766,"Primary motor area, Layer 5",left
2006,968,3404,518,192,753,"Primary motor area, Layer 5",left
2005,998,3473,518,199,766,"Primary motor area, Layer 5",left
2011,978,3480,517,193,767,"Primary somatosensory area, upper limb, layer 5",left
2012,1016,3561,516,199,782,"Primary somatosensory area, upper limb, layer 5",left
2014,940,3386,517,184,749,"Primary motor area, Layer 5",left
2022,920,3326,515,179,738,"Primary motor area, Layer 5",left
2016,1004,3568,515,195,784,"Primary somatosensory area, upper limb, layer 5",left
2015,966,3486,516,188,768,"Primary motor area, Layer 5",left
2017,958,3489,517,187,769,"Primary somatosensory area, upper limb, layer 5",left
2018,1021,1414,506,197,354,"Primary somatosensory area, upper limb, layer 5",right
2020,949,3493,516,184,770,"Primary somatosensory area, upper limb, layer 5",left
2023,1084,3496,504,214,769,"Primary motor area, Layer 6a",left
2030,941,3340,511,182,740,"Primary motor area, Layer 5",left
2025,1055,3484,506,207,767,"Primary motor area, Layer 5",left
2026,955,3312,510,186,735,"Primary motor area, Layer 5",left
2031,924,3190,509,178,713,"Primary motor area, Layer 5",left
2032,1296,3896,497,241,849,"Primary somatosensory area, mouth, layer 5",left
2029,894,3334,515,172,739,"Primary motor area, Layer 5",left
2033,872,3344,516,165,741,"Primary motor area, Layer 5",left
2036,1094,3579,502,212,785,"Primary somatosensory area, upper limb, layer 5",left
2036,1149,3588,498,223,787,"Primary somatosensory area, upper limb, layer 6a",left
2035,1101,3575,501,213,784,"Primary somatosensory area, upper limb, layer 5",left
2038,1089,3584,501,210,786,"Primary somatosensory area, upper limb, layer 5",left
2038,1090,3583,501,210,786,"Primary somatosensory area, upper limb, layer 5",left
2038,1139,3591,498,221,787,"Primary somatosensory area, upper limb, layer 6a",left
2038,1284,3909,496,238,853,"Primary somatosensory area, mouth, layer 5",left
2041,1082,3590,501,207,787,"Primary somatosensory area, upper limb, layer 5",left
2044,1076,3560,500,206,781,"Primary motor area, Layer 5",left
2044,871,3198,510,163,715,"Primary motor area, Layer 5",left
2042,890,3352,511,168,742,"Primary motor area, Layer 5",left
2042,1080,3592,501,207,787,"Primary somatosensory area, upper limb, layer 5",left
2045,1076,3504,498,208,771,"Primary motor area, Layer 5",left
2045,874,3360,512,164,744,"Primary motor area, Layer 5",left
2045,870,3199,510,163,715,"Primary motor area, Layer 5",left
2043,882,3357,511,165,743,"Primary motor area, Layer 5",left
2046,868,3363,511,162,745,"Primary motor area, Layer 5",left
2053,994,3397,500,191,750,"Primary motor area, Layer 5",left
2047,860,3202,510,160,715,"Primary motor area, Layer 5",left
2047,866,3364,511,161,745,"Primary motor area, Layer 5",left
2049,857,3203,510,159,715,"Primary motor area, Layer 5",left
2049,1070,3508,497,206,772,"Primary motor area, Layer 5",left
2050,851,3369,512,157,746,"Primary motor area, Layer 5",left
2051,847,3371,511,155,746,"Primary motor area, Layer 2/3",left
2064,1011,3215,491,193,718,"Primary motor area, Layer 5",left
2063,958,3413,499,180,754,"Primary motor area, Layer 5",left
2068,936,3419,499,173,755,"Primary motor area, Layer 5",left
2068,990,3221,492,187,718,"Primary motor area, Layer 5",left
2066,999,3217,491,190,718,"Primary motor area, Layer 5",left
2067,993,3220,491,189,718,"Primary motor area, Layer 5",left
2076,970,3564,496,176,783,"Primary motor area, Layer 2/3",left
2076,904,3429,499,164,757,"Primary motor area, Layer 2/3",left
2074,909,3436,499,166,758,"Primary motor area, Layer 2/3",left
2082,1125,3423,479,215,755,"Primary motor area, Layer 6a",left
2083,1191,3649,478,222,799,"Primary motor area, Layer 5",left
2085,1113,3428,479,212,756,"Primary motor area, Layer 5",left
2085,1183,3654,479,220,800,"Primary motor area, Layer 5",left
2143,1238,1375,440,233,347,"Primary motor area, Layer 5",right
2146,1227,1368,441,229,346,"Primary motor area, Layer 5",right
2162,1872,3917,404,354,866,"Primary motor area, Layer 6a",left
2166,1870,3930,403,354,870,"Primary motor area, Layer 5",left
2185,2250,2949,361,453,673,Olfactory areas,left
2236,2205,2838,339,440,653,"Orbital area, ventrolateral part, layer 5",left
2241,2214,2833,337,442,653,"Orbital area, ventrolateral part, layer 5",left
2244,2217,2829,335,442,652,"Orbital area, ventrolateral part, layer 2/3",left
2251,1290,3413,400,228,754,"Primary motor area, Layer 5",left
2257,1269,3426,400,222,756,"Primary motor area, Layer 5",left
2261,1262,3429,400,219,757,"Primary motor area, Layer 5",left
2264,1255,3436,399,218,758,"Primary motor area, Layer 5",left
2270,1242,3447,398,213,760,"Primary motor area, Layer 5",left
2269,1246,3444,398,215,760,"Primary motor area, Layer 5",left
2323,1541,1334,343,299,338,"Primary motor area, Layer 5",right
2330,1433,3375,352,254,751,"Secondary motor area, layer 5",left
2329,1523,1315,344,295,333,"Primary motor area, Layer 5",right
2333,1514,1304,344,293,330,"Primary motor area, Layer 5",right
2333,1531,1320,342,296,334,"Primary motor area, Layer 5",right
2334,1531,1319,341,296,334,"Primary motor area, Layer 5",right
2346,1407,3396,348,245,755,"Secondary motor area, layer 5",left
2346,1408,3395,348,246,755,"Secondary motor area, layer 5",left
2349,1403,3398,348,244,756,"Secondary motor area, layer 5",left
2359,1855,3026,298,343,691,"Orbital area, ventrolateral part, layer 5",left
2359,1202,2825,355,195,649,"Secondary motor area, layer 5",left
2352,1398,3405,346,243,758,"Secondary motor area, layer 5",left
2357,1466,3023,331,262,687,"Secondary motor area, layer 6a",left
2354,1395,3407,346,241,758,"Secondary motor area, layer 5",left
2380,1328,3018,335,227,685,"Secondary motor area, layer 5",left
2379,1168,2811,350,184,645,"Secondary motor area, layer 5",left
2388,1317,3020,333,222,685,"Secondary motor area, layer 5",left
2389,1341,2954,329,229,674,"Secondary motor area, layer 5",left
2390,1314,3020,332,222,685,"Secondary motor area, layer 5",left
2395,1303,3020,331,219,685,"Secondary motor area, layer 5",left
2405,1592,3322,303,283,746,"Secondary motor area, layer 5",left
2403,1767,3046,283,320,695,"Orbital area, lateral part, layer 6a",left
2408,1276,3016,329,210,684,"Secondary motor area, layer 5",left
2418,1774,3046,276,320,696,"Orbital area, lateral part, layer 5",left
2428,1385,3150,309,235,711,"Secondary motor area, layer 5",left
2428,1786,3038,270,321,695,"Orbital area, lateral part, layer 5",left
2432,1454,3103,299,252,704,"Secondary motor area, layer 5",left
2432,1783,3046,268,321,696,"Orbital area, lateral part, layer 5",left
2429,1580,3343,293,278,753,"Secondary motor area, layer 5",left
2434,1784,3046,267,320,696,"Orbital area, lateral part, layer 5",left
2436,1575,3350,290,276,754,"Secondary motor area, layer 5",left
2442,1357,3158,306,226,713,"Secondary motor area, layer 5",left
2442,1794,3038,262,322,695,"Orbital area, lateral part, layer 5",left
2442,1573,3358,288,275,757,"Secondary motor area, layer 5",left
2445,1797,3037,261,321,694,"Orbital area, lateral part, layer 5",left
2446,1798,3037,260,322,695,"Orbital area, lateral part, layer 5",left
2452,1802,3038,256,321,696,"Orbital area, lateral part, layer 5",left
2464,1817,3036,249,323,695,"Orbital area, lateral part, layer 5",left
2469,1824,3033,246,325,695,"Orbital area, lateral part, layer 5",left
2538,1977,1650,198,383,403,"lateral olfactory tract, body",right
