coordinate_raw_axis_0,coordinate_raw_axis_1,coordinate_raw_axis_2,coordinate_atlas_axis_0,coordinate_atlas_axis_1,coordinate_atlas_axis_2,structure_name,hemisphere
10,2371,2745,1311,550,515,Cuneate nucleus,right
10,2861,3312,1303,682,663,"Medullary reticular nucleus, ventral part",left
12,2839,3326,1301,677,666,"Medullary reticular nucleus, ventral part",left
12,2454,2517,1298,571,459,"Medullary reticular nucleus, dorsal part",right
13,2371,2774,1311,550,523,Cuneate nucleus,right
13,2385,2821,1311,553,535,Cuneate nucleus,right
13,2335,2747,1312,542,515,Cuneate nucleus,right
13,2386,2853,1311,553,545,Nucleus of the solitary tract,right
13,2392,2747,1309,555,514,Cuneate nucleus,right
13,2439,2695,1305,567,501,"Medullary reticular nucleus, dorsal part",right
13,2448,2451,1296,570,444,"Spinal nucleus of the trigeminal, caudal part",right
14,2579,2578,1294,603,472,"Medullary reticular nucleus, dorsal part",right
16,2383,2760,1308,553,519,Cuneate nucleus,right
16,2369,2642,1305,550,488,Medulla,right
16,2410,2623,1302,560,484,"Medullary reticular nucleus, dorsal part",right
17,2884,2617,1297,682,475,"Medullary reticular nucleus, ventral part",right
17,2361,2724,1308,547,510,Cuneate nucleus,right
17,2373,2627,1304,551,485,Medulla,right
18,2387,2591,1302,554,477,"Medullary reticular nucleus, dorsal part",right
18,2379,2684,1305,552,499,Cuneate nucleus,right
20,2429,2707,1302,564,504,"Medullary reticular nucleus, dorsal part",right
20,2730,2752,1293,639,509,"Medullary reticular nucleus, ventral part",right
20,2832,3368,1297,676,676,"Medullary reticular nucleus, ventral part",left
20,2225,2818,1311,516,539,Gracile nucleus,right
20,2726,2762,1293,638,511,"Medullary reticular nucleus, ventral part",right
19,2864,3317,1299,683,664,"Medullary reticular nucleus, ventral part",left
21,2842,2795,1297,668,518,"Medullary reticular nucleus, ventral part",right
22,2408,2748,1304,559,516,Medulla,right
22,2386,2798,1307,553,530,Cuneate nucleus,right
22,2402,2475,1295,558,450,"Spinal nucleus of the trigeminal, caudal part",right
24,2364,2794,1307,548,529,Cuneate nucleus,right
27,2327,2752,1306,539,518,Cuneate nucleus,right
27,2641,2881,1292,615,547,"Medullary reticular nucleus, ventral part",right
27,2472,2845,1300,573,541,Medulla,right
25,2342,2628,1303,542,487,Cuneate nucleus,right
25,2375,2829,1307,551,538,Nucleus of the solitary tract,right
25,2303,2679,1306,534,500,Cuneate nucleus,right
25,2323,2717,1307,539,508,Cuneate nucleus,right
25,2497,2553,1292,581,468,"Medullary reticular nucleus, dorsal part",right
26,2383,2867,1306,553,549,Nucleus of the solitary tract,right
26,2404,2537,1295,559,464,"Medullary reticular nucleus, dorsal part",right
26,2808,2634,1290,662,481,"Medullary reticular nucleus, ventral part",right
26,2387,2518,1296,554,461,"Medullary reticular nucleus, dorsal part",right
26,2310,2656,1305,535,493,Cuneate nucleus,right
28,2385,2462,1294,554,447,"Spinal nucleus of the trigeminal, caudal part",right
28,2391,2390,1293,555,432,"Spinal nucleus of the trigeminal, caudal part",right
28,2333,2772,1306,541,523,Cuneate nucleus,right
28,2422,2812,1303,561,532,Nucleus of the solitary tract,right
29,2380,2630,1299,552,487,Medulla,right
29,2405,2804,1303,558,531,Nucleus of the solitary tract,right
29,2231,2665,1307,516,497,Medulla,right
29,2405,2578,1296,559,475,"Medullary reticular nucleus, dorsal part",right
29,2855,2649,1291,673,483,"Medullary reticular nucleus, ventral part",right
29,2458,2494,1290,572,455,"Medullary reticular nucleus, dorsal part",right
30,2775,2805,1290,650,522,"Medullary reticular nucleus, ventral part",right
31,2438,2424,1288,567,440,"Spinal nucleus of the trigeminal, caudal part",right
31,2462,2659,1294,572,493,"Medullary reticular nucleus, dorsal part",right
31,2413,2513,1291,561,460,"Medullary reticular nucleus, dorsal part",right
31,2326,2766,1305,539,522,Cuneate nucleus,right
34,2348,2777,1304,545,524,Cuneate nucleus,right
34,2315,2732,1304,536,513,Cuneate nucleus,right
34,2437,2565,1291,566,472,"Medullary reticular nucleus, dorsal part",right
34,2443,2575,1291,569,474,"Medullary reticular nucleus, dorsal part",right
34,2518,2598,1288,587,479,"Medullary reticular nucleus, dorsal part",right
35,2393,2559,1293,556,471,"Medullary reticular nucleus, dorsal part",right
35,2383,2571,1294,554,474,"Medullary reticular nucleus, dorsal part",right
35,2339,2607,1298,542,482,Cuneate nucleus,right
36,2223,2652,1304,515,494,Cuneate nucleus,right
36,2413,2645,1295,561,491,"Medullary reticular nucleus, dorsal part",right
36,2240,2720,1305,519,512,Cuneate nucleus,right
38,3024,3080,1299,723,597,Medulla,left
37,2339,2639,1299,542,490,Cuneate nucleus,right
37,2344,2513,1295,544,461,"Spinal nucleus of the trigeminal, caudal part",right
39,2396,2151,1297,557,384,"Spinal nucleus of the trigeminal, caudal part",right
39,2355,2468,1292,546,451,"Spinal nucleus of the trigeminal, caudal part",right
39,2618,2652,1284,613,489,Intermediate reticular nucleus,right
41,2431,2627,1292,565,486,"Medullary reticular nucleus, dorsal part",right
41,2366,2421,1290,549,440,"Spinal nucleus of the trigeminal, caudal part",right
41,2860,3094,1290,675,609,Medulla,left
41,3012,3083,1298,719,599,Medulla,left
42,2762,3388,1284,656,681,Intermediate reticular nucleus,left
42,2560,2589,1283,598,477,"Medullary reticular nucleus, dorsal part",right
42,2332,2749,1301,540,519,Cuneate nucleus,right
40,2285,2284,1300,531,411,"Spinal nucleus of the trigeminal, caudal part",right
45,2386,2643,1294,554,492,Medulla,right
45,2354,2576,1293,546,476,Medulla,right
45,2657,2384,1278,619,434,"Medullary reticular nucleus, dorsal part",right
45,2849,3197,1288,674,637,"Medullary reticular nucleus, ventral part",left
45,2422,2522,1287,563,463,"Medullary reticular nucleus, dorsal part",right
43,2336,2598,1296,541,482,Cuneate nucleus,right
43,2380,2571,1291,553,475,"Medullary reticular nucleus, dorsal part",right
43,2508,2563,1284,585,472,"Medullary reticular nucleus, dorsal part",right
43,2535,2552,1282,591,469,"Medullary reticular nucleus, dorsal part",right
43,2856,3094,1289,674,609,Medulla,left
43,2947,2725,1291,695,501,Medulla,right
44,2245,2770,1303,521,526,Cuneate nucleus,right
44,2345,2632,1296,544,489,Cuneate nucleus,right
44,2372,2551,1291,550,470,Medulla,right
44,2660,2377,1278,620,432,"Medullary reticular nucleus, dorsal part",right
50,2306,2722,1299,534,512,Cuneate nucleus,right
50,2383,2511,1287,554,462,"Medullary reticular nucleus, dorsal part",right
50,2423,2424,1283,564,442,"Spinal nucleus of the trigeminal, caudal part",right
48,2346,2615,1294,544,486,Medulla,right
48,2337,2744,1299,542,518,Cuneate nucleus,right
48,2348,2586,1293,545,479,Medulla,right
46,2319,2800,1301,538,533,Nucleus of the solitary tract,right
46,2342,2669,1297,542,499,Cuneate nucleus,right
46,2377,2422,1288,552,441,"Spinal nucleus of the trigeminal, caudal part",right
46,2387,2747,1297,554,517,Nucleus of the solitary tract,right
46,2400,2348,1287,558,425,"Spinal nucleus of the trigeminal, caudal part",right
46,2913,2469,1284,687,448,Intermediate reticular nucleus,right
47,2296,2745,1301,532,519,Cuneate nucleus,right
49,2277,2354,1297,527,427,"Spinal nucleus of the trigeminal, caudal part",right
49,2833,3095,1286,668,610,Medulla,left
52,2397,2619,1290,557,487,"Medullary reticular nucleus, dorsal part",right
52,2667,2389,1275,621,436,"Medullary reticular nucleus, dorsal part",right
52,2379,2749,1296,553,519,Nucleus of the solitary tract,right
52,2434,2591,1286,567,480,"Medullary reticular nucleus, dorsal part",right
52,2476,2528,1282,577,466,"Medullary reticular nucleus, dorsal part",right
52,2963,3073,1292,706,598,Medulla,left
51,2868,3328,1288,684,666,"Medullary reticular nucleus, ventral part",left
51,2386,2437,1285,554,445,"Spinal nucleus of the trigeminal, caudal part",right
53,2305,2739,1299,535,518,Cuneate nucleus,right
53,2376,2680,1294,552,501,Medulla,right
53,2421,2445,1283,563,447,"Medullary reticular nucleus, dorsal part",right
53,2661,2375,1275,620,433,"Medullary reticular nucleus, dorsal part",right
54,2406,2470,1284,559,453,"Medullary reticular nucleus, dorsal part",right
54,2377,2479,1286,552,455,"Medullary reticular nucleus, dorsal part",right
54,2429,2404,1281,565,439,"Spinal nucleus of the trigeminal, caudal part",right
54,2687,3130,1280,629,622,"Medullary reticular nucleus, ventral part",left
54,2888,2695,1284,681,495,"Medullary reticular nucleus, ventral part",right
56,2878,3317,1288,687,662,"Medullary reticular nucleus, ventral part",left
56,2286,2257,1296,530,408,"Spinal nucleus of the trigeminal, caudal part",right
55,2379,2720,1294,553,512,Nucleus of the solitary tract,right
57,2272,2694,1298,526,507,Cuneate nucleus,right
57,2333,2606,1292,542,485,Cuneate nucleus,right
57,2370,2377,1286,551,432,"Spinal nucleus of the trigeminal, caudal part",right
57,2400,2624,1289,558,489,"Medullary reticular nucleus, dorsal part",right
57,2684,3135,1280,629,623,"Medullary reticular nucleus, ventral part",left
59,2310,2555,1291,535,474,Cuneate nucleus,right
59,2306,2320,1292,535,422,"Spinal nucleus of the trigeminal, caudal part",right
59,2366,2341,1286,549,426,"Spinal nucleus of the trigeminal, caudal part",right
59,2384,2602,1288,555,484,"Medullary reticular nucleus, dorsal part",right
59,2393,2715,1291,557,510,Medulla,right
59,2480,2505,1278,578,461,"Medullary reticular nucleus, dorsal part",right
59,2329,2265,1291,541,411,"Spinal nucleus of the trigeminal, caudal part",right
59,2402,2393,1282,558,437,"Spinal nucleus of the trigeminal, caudal part",right
59,2852,3201,1283,674,637,"Medullary reticular nucleus, ventral part",left
58,2509,2568,1280,586,475,"Medullary reticular nucleus, dorsal part",right
58,2318,2560,1291,538,475,Medulla,right
60,2258,2628,1296,523,492,Cuneate nucleus,right
60,2347,2582,1290,544,479,Medulla,right
60,2404,2672,1289,560,500,"Medullary reticular nucleus, dorsal part",right
60,2757,2747,1279,645,509,"Medullary reticular nucleus, ventral part",right
60,2342,2556,1289,543,474,Medulla,right
60,2357,2411,1285,547,441,"Spinal nucleus of the trigeminal, caudal part",right
61,2306,2648,1294,534,496,Cuneate nucleus,right
61,2401,2633,1288,559,492,"Medullary reticular nucleus, dorsal part",right
61,2339,2602,1291,543,484,Medulla,right
61,2298,2555,1292,533,474,Cuneate nucleus,right
61,2318,2655,1294,538,497,Cuneate nucleus,right
62,2791,3336,1280,663,668,"Medullary reticular nucleus, ventral part",left
62,2285,2732,1296,530,517,Cuneate nucleus,right
62,2795,3354,1281,665,672,"Medullary reticular nucleus, ventral part",left
62,2883,2664,1280,679,489,"Medullary reticular nucleus, ventral part",right
63,2766,2757,1278,648,512,"Medullary reticular nucleus, ventral part",right
63,2664,3453,1275,630,694,"Medullary reticular nucleus, dorsal part",left
65,2768,2797,1279,648,522,"Medullary reticular nucleus, ventral part",right
65,2265,2618,1294,524,490,Cuneate nucleus,right
65,2334,2599,1290,542,485,Cuneate nucleus,right
65,2369,2421,1283,551,444,"Spinal nucleus of the trigeminal, caudal part",right
65,2396,2635,1287,558,492,"Medullary reticular nucleus, dorsal part",right
65,2312,2652,1293,536,497,Cuneate nucleus,right
68,2302,2647,1292,533,497,Cuneate nucleus,right
68,2479,2391,1275,577,438,"Medullary reticular nucleus, dorsal part",right
68,2571,2491,1272,600,459,"Medullary reticular nucleus, dorsal part",right
68,2419,2582,1282,564,480,"Medullary reticular nucleus, dorsal part",right
66,2290,2548,1291,530,474,Cuneate nucleus,right
66,2366,2636,1288,550,493,Medulla,right
66,2887,2660,1279,679,489,"Medullary reticular nucleus, ventral part",right
66,2382,2388,1282,553,437,"Spinal nucleus of the trigeminal, caudal part",right
66,2499,2508,1276,583,463,"Medullary reticular nucleus, dorsal part",right
66,2905,3075,1285,688,601,Medulla,left
66,2284,2541,1291,529,472,Cuneate nucleus,right
66,3119,2595,1285,740,468,Medulla,right
67,2401,2623,1285,559,490,"Medullary reticular nucleus, dorsal part",right
67,2448,2496,1278,571,461,"Medullary reticular nucleus, dorsal part",right
67,2326,2594,1289,540,485,Cuneate nucleus,right
67,2357,2550,1286,547,474,Medulla,right
67,2447,2473,1278,570,456,"Medullary reticular nucleus, dorsal part",right
67,2720,2728,1276,637,507,"Medullary reticular nucleus, ventral part",right
67,2322,2486,1287,538,459,"Spinal nucleus of the trigeminal, caudal part",right
74,2342,2614,1287,544,490,Medulla,right
74,2349,2641,1287,547,496,Medulla,right
74,2395,2285,1282,556,417,"Spinal nucleus of the trigeminal, caudal part",right
74,2767,3105,1277,650,613,"Medullary reticular nucleus, ventral part",left
69,2899,3294,1286,691,657,"Medullary reticular nucleus, ventral part",left
69,2366,2605,1287,550,486,Medulla,right
69,2472,2532,1278,577,468,"Medullary reticular nucleus, dorsal part",right
71,2581,2240,1273,596,409,"Spinal nucleus of the trigeminal, caudal part",right
70,2606,2453,1271,608,452,"Medullary reticular nucleus, dorsal part",right
70,2832,3280,1280,672,655,"Medullary reticular nucleus, ventral part",left
73,2743,2746,1275,643,511,"Medullary reticular nucleus, ventral part",right
73,2753,2759,1275,645,514,"Medullary reticular nucleus, ventral part",right
73,2393,2522,1281,558,467,"Medullary reticular nucleus, dorsal part",right
73,2602,2458,1270,607,454,"Medullary reticular nucleus, dorsal part",right
73,2883,2786,1280,679,519,Medulla,right
72,2283,2162,1292,532,394,"Spinal nucleus of the trigeminal, caudal part",right
75,2326,2678,1290,541,506,Cuneate nucleus,right
75,2336,3309,1285,544,667,Medulla,left
75,2392,2613,1283,557,490,"Medullary reticular nucleus, dorsal part",right
75,2325,2589,1287,540,485,Cuneate nucleus,right
75,2817,2613,1272,663,482,"Medullary reticular nucleus, ventral part",right
75,2818,2614,1273,664,482,"Medullary reticular nucleus, ventral part",right
77,2825,2619,1273,665,483,"Medullary reticular nucleus, ventral part",right
77,2315,2510,1286,537,466,Medulla,right
77,2774,2396,1267,650,440,"Medullary reticular nucleus, dorsal part",right
78,2346,2411,1282,545,444,"Spinal nucleus of the trigeminal, caudal part",right
78,2881,2537,1272,678,466,"Medullary reticular nucleus, ventral part",right
78,2594,2505,1270,607,464,"Medullary reticular nucleus, dorsal part",right
79,2587,3005,1277,604,586,Hypoglossal nucleus,left
79,2369,2143,1285,550,393,"Spinal nucleus of the trigeminal, caudal part",right
80,2571,2841,1278,601,540,Nucleus of Roller,right
80,2616,2791,1275,612,526,"Medullary reticular nucleus, ventral part",right
80,2366,2143,1285,549,393,"Spinal nucleus of the trigeminal, caudal part",right
83,2386,2250,1281,553,413,"Spinal nucleus of the trigeminal, caudal part",right
83,2551,2714,1275,597,510,Intermediate reticular nucleus,right
83,2325,2545,1284,541,476,Medulla,right
83,2353,2564,1282,549,480,Medulla,right
83,2404,2501,1277,561,465,"Medullary reticular nucleus, dorsal part",right
83,2370,2657,1284,553,500,Medulla,right
83,2458,2491,1273,575,462,"Medullary reticular nucleus, dorsal part",right
83,2605,2870,1276,609,548,"Medullary reticular nucleus, ventral part",right
83,2367,2419,1279,550,447,"Spinal nucleus of the trigeminal, caudal part",right
83,2618,2512,1268,613,465,"Medullary reticular nucleus, dorsal part",right
83,2507,2455,1270,584,454,"Medullary reticular nucleus, dorsal part",right
82,2760,2678,1271,648,497,"Medullary reticular nucleus, ventral part",right
82,2422,2510,1277,565,466,"Medullary reticular nucleus, dorsal part",right
82,2422,2280,1278,562,418,"Spinal nucleus of the trigeminal, caudal part",right
82,2591,2498,1269,605,463,"Medullary reticular nucleus, dorsal part",right
82,2760,3100,1275,649,612,"Medullary reticular nucleus, ventral part",left
81,2365,2311,1282,549,424,"Spinal nucleus of the trigeminal, caudal part",right
81,2365,3145,1287,550,626,Nucleus of the solitary tract,left
81,2374,2381,1280,552,438,"Spinal nucleus of the trigeminal, caudal part",right
81,2390,3197,1284,557,638,Medulla,left
84,2260,2677,1290,525,507,Cuneate nucleus,right
84,2382,2518,1279,555,469,"Medullary reticular nucleus, dorsal part",right
84,2872,3513,1284,687,702,Intermediate reticular nucleus,left
85,2774,2390,1265,649,441,"Medullary reticular nucleus, dorsal part",right
85,2337,2408,1282,543,445,"Spinal nucleus of the trigeminal, caudal part",right
86,2735,2806,1272,641,528,"Medullary reticular nucleus, ventral part",right
86,2341,2218,1284,543,408,"Spinal nucleus of the trigeminal, caudal part",right
86,2371,2306,1280,550,424,"Spinal nucleus of the trigeminal, caudal part",right
87,2249,2634,1289,522,498,Cuneate nucleus,right
87,2396,2381,1276,558,439,"Spinal nucleus of the trigeminal, caudal part",right
87,2363,2393,1278,550,443,"Spinal nucleus of the trigeminal, caudal part",right
92,2839,3383,1278,679,674,"Medullary reticular nucleus, ventral part",left
92,2306,2525,1283,536,473,Medulla,right
92,2397,2465,1275,559,458,"Medullary reticular nucleus, dorsal part",right
92,2879,2112,1264,665,373,"Spinal nucleus of the trigeminal, caudal part",right
92,2337,2680,1285,545,508,Nucleus of the solitary tract,right
92,2341,2385,1280,544,442,"Spinal nucleus of the trigeminal, caudal part",right
89,2298,2648,1287,535,501,Cuneate nucleus,right
89,2327,2540,1283,541,475,Medulla,right
89,2403,2557,1277,562,478,"Medullary reticular nucleus, dorsal part",right
89,2749,3108,1273,647,614,"Medullary reticular nucleus, ventral part",left
90,2314,2661,1286,539,503,Cuneate nucleus,right
90,2329,2572,1283,542,483,Medulla,right
90,2330,2529,1282,542,473,Medulla,right
90,2354,2392,1279,548,442,"Spinal nucleus of the trigeminal, caudal part",right
90,2388,2381,1276,556,440,"Spinal nucleus of the trigeminal, caudal part",right
90,2308,2506,1283,537,468,Medulla,right
90,2809,2827,1273,659,532,Medulla,right
90,2838,3361,1278,678,669,"Medullary reticular nucleus, ventral part",left
90,2838,3369,1278,678,671,"Medullary reticular nucleus, ventral part",left
90,2943,3343,1284,705,665,Medulla,left
90,2717,3127,1272,638,618,"Medullary reticular nucleus, ventral part",left
88,2345,2217,1283,544,407,"Spinal nucleus of the trigeminal, caudal part",right
91,2377,2642,1281,555,498,Medulla,right
91,2730,3121,1272,642,617,"Medullary reticular nucleus, ventral part",left
91,2353,2515,1279,549,470,"Medullary reticular nucleus, dorsal part",right
91,2364,2349,1278,550,434,"Spinal nucleus of the trigeminal, caudal part",right
91,2399,2598,1278,561,489,"Medullary reticular nucleus, dorsal part",right
91,2506,2455,1269,585,456,"Medullary reticular nucleus, dorsal part",right
91,2358,2301,1280,548,424,"Spinal nucleus of the trigeminal, caudal part",right
91,2381,2085,1281,552,385,"Spinal nucleus of the trigeminal, caudal part",right
93,2861,3308,1278,682,659,"Medullary reticular nucleus, ventral part",left
93,2347,2506,1280,546,468,Medulla,right
93,2407,2556,1276,562,478,"Medullary reticular nucleus, dorsal part",right
93,2435,2610,1276,570,490,"Medullary reticular nucleus, dorsal part",right
93,2666,2765,1271,625,520,"Medullary reticular nucleus, ventral part",right
93,2346,2678,1284,547,508,Nucleus of the solitary tract,right
93,2612,2789,1273,612,528,"Medullary reticular nucleus, ventral part",right
93,2272,3242,1286,529,650,Cuneate nucleus,left
93,2522,2464,1268,588,458,"Medullary reticular nucleus, dorsal part",right
95,2566,3278,1269,604,654,Intermediate reticular nucleus,left
95,2392,2212,1278,554,408,"Spinal nucleus of the trigeminal, caudal part",right
95,2570,2228,1267,592,412,"Spinal nucleus of the trigeminal, caudal part",right
94,2691,2828,1271,630,536,"Medullary reticular nucleus, ventral part",right
94,2770,3348,1273,659,668,"Medullary reticular nucleus, ventral part",left
94,2258,2574,1286,524,486,Cuneate nucleus,right
94,2311,2487,1281,537,464,Medulla,right
94,2712,3133,1271,638,621,"Medullary reticular nucleus, ventral part",left
94,2458,2529,1272,576,473,"Medullary reticular nucleus, dorsal part",right
96,2845,2734,1270,669,510,"Medullary reticular nucleus, ventral part",right
97,2670,2375,1262,621,440,"Medullary reticular nucleus, dorsal part",right
97,2341,2678,1283,546,508,Nucleus of the solitary tract,right
97,2389,2212,1278,554,408,"Spinal nucleus of the trigeminal, caudal part",right
97,2403,2551,1275,562,478,"Medullary reticular nucleus, dorsal part",right
97,2452,2524,1272,573,472,"Medullary reticular nucleus, dorsal part",right
97,2787,2359,1261,650,436,"Medullary reticular nucleus, dorsal part",right
100,2266,2673,1286,527,509,Cuneate nucleus,right
100,2309,2522,1280,537,473,Medulla,right
100,2416,2265,1275,560,419,"Spinal nucleus of the trigeminal, caudal part",right
100,2531,2345,1266,587,435,"Medullary reticular nucleus, dorsal part",right
100,2669,2432,1261,623,452,"Medullary reticular nucleus, dorsal part",right
100,2875,2625,1267,676,487,"Medullary reticular nucleus, ventral part",right
100,2351,2359,1277,546,438,"Spinal nucleus of the trigeminal, caudal part",right
100,2375,3387,1275,559,680,"Medullary reticular nucleus, dorsal part",left
98,2302,2479,1281,534,464,Medulla,right
98,2362,2575,1279,551,485,Medulla,right
98,2363,2381,1276,550,442,"Spinal nucleus of the trigeminal, caudal part",right
98,2712,3129,1270,638,619,"Medullary reticular nucleus, ventral part",left
98,2312,3311,1281,541,664,Medulla,left
98,2359,2244,1279,547,415,"Spinal nucleus of the trigeminal, caudal part",right
98,2407,2247,1276,558,415,"Spinal nucleus of the trigeminal, caudal part",right
98,2452,2512,1271,573,469,"Medullary reticular nucleus, dorsal part",right
98,2745,3099,1271,646,611,"Medullary reticular nucleus, ventral part",left
99,2335,2610,1281,545,493,Medulla,right
99,2349,2564,1279,548,483,Medulla,right
99,2256,2538,1284,523,479,Cuneate nucleus,right
99,2511,2460,1267,586,458,"Medullary reticular nucleus, dorsal part",right
99,2345,2576,1279,547,485,Medulla,right
99,2839,2757,1269,667,516,"Medullary reticular nucleus, ventral part",right
101,2690,2663,1266,632,498,"Medullary reticular nucleus, ventral part",right
101,2313,2598,1282,539,491,Cuneate nucleus,right
101,2351,2630,1280,549,498,Nucleus of the solitary tract,right
101,2790,2818,1270,655,532,"Medullary reticular nucleus, ventral part",right
101,2357,2333,1277,547,433,"Spinal nucleus of the trigeminal, caudal part",right
101,2609,2775,1270,612,525,"Medullary reticular nucleus, ventral part",right
104,2323,2582,1280,542,487,Medulla,right
102,2328,2650,1281,544,503,Nucleus of the solitary tract,right
102,2530,2478,1266,591,463,"Medullary reticular nucleus, dorsal part",right
102,2764,2332,1259,643,431,"Medullary reticular nucleus, dorsal part",right
102,2378,2356,1275,554,437,"Spinal nucleus of the trigeminal, caudal part",right
102,2834,2304,1260,660,424,"Medullary reticular nucleus, dorsal part",right
103,2702,2380,1259,629,443,"Medullary reticular nucleus, dorsal part",right
103,2808,3412,1274,672,678,"Medullary reticular nucleus, ventral part",left
103,2654,2760,1268,623,521,"Medullary reticular nucleus, ventral part",right
105,2630,2386,1261,611,444,"Medullary reticular nucleus, dorsal part",right
105,2218,2510,1284,514,473,Cuneate nucleus,right
105,2268,2459,1282,527,461,Medulla,right
105,2293,2661,1283,535,506,Nucleus of the solitary tract,right
105,2311,2467,1279,537,462,Medulla,right
105,2328,2611,1280,543,494,Medulla,right
105,2333,2650,1281,545,503,Nucleus of the solitary tract,right
105,2341,2498,1277,545,469,Medulla,right
105,2343,2328,1277,545,433,"Spinal nucleus of the trigeminal, caudal part",right
105,2388,2582,1275,559,486,"Medullary reticular nucleus, dorsal part",right
105,2388,2088,1276,553,388,"Spinal nucleus of the trigeminal, caudal part",right
105,2770,2329,1258,645,432,"Medullary reticular nucleus, dorsal part",right
105,2805,2794,1268,659,526,"Medullary reticular nucleus, ventral part",right
105,2213,2482,1285,513,467,Cuneate nucleus,right
105,2844,3075,1273,672,602,Medulla,left
108,2636,3428,1267,624,683,"Medullary reticular nucleus, dorsal part",left
108,2896,3283,1276,690,651,"Medullary reticular nucleus, ventral part",left
108,2229,3060,1285,522,606,Nucleus of the solitary tract,left
108,2336,2570,1278,545,486,Medulla,right
108,2433,2466,1269,569,461,"Medullary reticular nucleus, dorsal part",right
108,2525,2384,1264,587,444,"Medullary reticular nucleus, dorsal part",right
108,2551,2450,1263,595,457,"Medullary reticular nucleus, dorsal part",right
108,2584,2411,1262,602,449,"Medullary reticular nucleus, dorsal part",right
108,2344,2341,1276,545,436,"Spinal nucleus of the trigeminal, caudal part",right
108,2358,3274,1276,555,654,"Medullary reticular nucleus, dorsal part",left
106,2283,3337,1280,537,669,Medulla,left
106,2306,2531,1279,536,477,Cuneate nucleus,right
106,2355,2322,1276,547,431,"Spinal nucleus of the trigeminal, caudal part",right
106,2386,2068,1276,552,385,"Spinal nucleus of the trigeminal, caudal part",right
106,2389,2475,1273,558,463,"Medullary reticular nucleus, dorsal part",right
106,2384,2517,1274,557,472,"Medullary reticular nucleus, dorsal part",right
107,2310,2645,1281,539,503,Nucleus of the solitary tract,right
107,2322,2650,1280,541,504,Nucleus of the solitary tract,right
107,2367,2353,1274,550,439,"Spinal nucleus of the trigeminal, caudal part",right
107,2392,2464,1272,558,461,"Medullary reticular nucleus, dorsal part",right
107,2906,3329,1277,694,660,"Medullary reticular nucleus, ventral part",left
107,2295,2629,1281,534,500,Cuneate nucleus,right
109,2584,2246,1262,596,418,"Medullary reticular nucleus, dorsal part",right
109,2338,2635,1279,547,500,Nucleus of the solitary tract,right
109,2394,2381,1272,558,443,"Medullary reticular nucleus, dorsal part",right
109,2407,2232,1274,557,415,"Spinal nucleus of the trigeminal, caudal part",right
109,2840,3137,1271,672,618,Medulla,left
109,2633,2401,1260,613,447,"Medullary reticular nucleus, dorsal part",right
110,2654,2834,1268,623,540,"Medullary reticular nucleus, ventral part",right
110,2427,2313,1270,563,431,"Spinal nucleus of the trigeminal, caudal part",right
110,2480,2328,1267,575,434,"Medullary reticular nucleus, dorsal part",right
110,2499,1973,1269,574,366,"Spinal nucleus of the trigeminal, caudal part",right
110,2316,2385,1277,538,446,"Spinal nucleus of the trigeminal, caudal part",right
110,2325,3276,1277,546,654,Medulla,left
110,2346,2492,1275,547,468,"Medullary reticular nucleus, dorsal part",right
110,2425,2199,1272,561,410,"Spinal nucleus of the trigeminal, caudal part",right
112,2677,2651,1263,629,498,"Medullary reticular nucleus, ventral part",right
112,2370,2297,1274,550,428,"Spinal nucleus of the trigeminal, caudal part",right
111,2694,3006,1268,633,585,Medulla,left
115,2578,3428,1265,610,683,"Medullary reticular nucleus, dorsal part",left
115,2281,2443,1278,529,460,Medulla,right
115,2386,2310,1272,554,431,"Spinal nucleus of the trigeminal, caudal part",right
115,2642,2419,1258,615,453,"Medullary reticular nucleus, dorsal part",right
115,2696,3301,1266,639,656,"Medullary reticular nucleus, ventral part",left
115,2646,3200,1265,625,634,"Medullary reticular nucleus, ventral part",left
115,2669,3140,1266,629,620,"Medullary reticular nucleus, ventral part",left
113,2298,2662,1281,536,507,Nucleus of the solitary tract,right
113,2320,3276,1277,545,654,Medulla,left
113,2330,2563,1277,543,485,Medulla,right
113,2389,3317,1273,563,662,"Medullary reticular nucleus, dorsal part",left
113,2407,2194,1273,556,409,"Spinal nucleus of the trigeminal, caudal part",right
113,2432,2218,1271,562,414,"Spinal nucleus of the trigeminal, caudal part",right
113,2726,3027,1268,640,590,Medulla,left
113,2438,2319,1269,566,432,"Medullary reticular nucleus, dorsal part",right
114,2328,2388,1275,542,448,"Spinal nucleus of the trigeminal, caudal part",right
114,2339,2484,1275,545,468,Medulla,right
114,2352,2496,1274,548,470,"Medullary reticular nucleus, dorsal part",right
114,2399,2135,1273,554,399,"Spinal nucleus of the trigeminal, caudal part",right
114,2468,2363,1266,574,441,"Medullary reticular nucleus, dorsal part",right
114,2499,2399,1264,582,448,"Medullary reticular nucleus, dorsal part",right
114,2509,2440,1264,585,456,"Medullary reticular nucleus, dorsal part",right
114,2438,2231,1270,564,416,"Spinal nucleus of the trigeminal, caudal part",right
114,2656,2532,1260,622,474,Intermediate reticular nucleus,right
114,2737,3093,1267,644,609,"Medullary reticular nucleus, ventral part",left
114,2846,3103,1270,673,610,Medulla,left
114,2850,2301,1256,663,424,"Medullary reticular nucleus, dorsal part",right
114,2670,3140,1266,629,620,"Medullary reticular nucleus, ventral part",left
116,2303,2483,1276,536,469,Medulla,right
116,2304,2582,1278,537,490,Cuneate nucleus,right
116,2294,2458,1277,533,463,Medulla,right
116,2318,2593,1277,541,493,Medulla,right
116,2332,2440,1275,542,458,Medulla,right
116,2428,2458,1268,568,461,"Medullary reticular nucleus, dorsal part",right
116,2477,2427,1265,577,454,"Medullary reticular nucleus, dorsal part",right
116,2554,2408,1261,594,451,"Medullary reticular nucleus, dorsal part",right
116,2648,2370,1257,615,443,"Medullary reticular nucleus, dorsal part",right
116,2385,2518,1271,558,475,"Medullary reticular nucleus, dorsal part",right
116,2645,3199,1265,625,634,"Medullary reticular nucleus, ventral part",left
117,2402,2508,1270,561,473,"Medullary reticular nucleus, dorsal part",right
117,2459,2311,1267,570,431,"Medullary reticular nucleus, dorsal part",right
117,2312,2507,1276,538,473,Medulla,right
117,2332,2475,1275,543,466,Medulla,right
117,2369,2712,1277,555,517,Medulla,right
117,2374,2368,1272,552,443,"Medullary reticular nucleus, dorsal part",right
117,2447,2407,1267,570,450,"Medullary reticular nucleus, dorsal part",right
117,2770,2230,1254,639,413,"Medullary reticular nucleus, dorsal part",right
117,2186,2479,1282,505,470,Cuneate nucleus,right
117,2300,2581,1278,536,490,Cuneate nucleus,right
117,2670,2555,1260,627,479,Intermediate reticular nucleus,right
117,2881,2239,1255,667,409,"Medullary reticular nucleus, dorsal part",right
117,2258,3431,1280,534,689,"Spinal nucleus of the trigeminal, caudal part",left
120,2448,2317,1266,568,433,"Medullary reticular nucleus, dorsal part",right
120,2394,2221,1271,554,415,"Spinal nucleus of the trigeminal, caudal part",right
120,2543,3392,1264,602,675,"Medullary reticular nucleus, dorsal part",left
120,2611,2780,1265,613,529,"Medullary reticular nucleus, ventral part",right
118,2755,2826,1264,647,536,"Medullary reticular nucleus, ventral part",right
118,2443,2227,1268,565,416,"Spinal nucleus of the trigeminal, caudal part",right
118,2522,2331,1262,584,435,"Medullary reticular nucleus, dorsal part",right
118,2409,2185,1271,557,409,"Spinal nucleus of the trigeminal, caudal part",right
118,2581,2588,1262,606,488,Intermediate reticular nucleus,right
119,2570,2404,1259,598,450,"Medullary reticular nucleus, dorsal part",right
121,1209,2629,1298,280,524,Folium-tuber vermis (VII),right
121,2275,2548,1278,529,484,Cuneate nucleus,right
121,2328,2467,1274,543,465,Medulla,right
121,2415,2428,1268,563,456,"Medullary reticular nucleus, dorsal part",right
121,2447,2305,1267,567,431,"Medullary reticular nucleus, dorsal part",right
121,2623,3283,1264,621,652,Intermediate reticular nucleus,left
121,2826,2777,1263,664,523,"Medullary reticular nucleus, ventral part",right
121,2251,3175,1279,528,631,Nucleus of the solitary tract,left
121,2504,2339,1263,581,438,"Medullary reticular nucleus, dorsal part",right
121,2820,3066,1267,666,599,Medulla,left
122,2296,2470,1275,533,467,Medulla,right
122,2416,2158,1269,557,405,"Spinal nucleus of the trigeminal, caudal part",right
122,2434,2311,1267,565,432,"Medullary reticular nucleus, dorsal part",right
122,2438,2407,1266,568,451,"Medullary reticular nucleus, dorsal part",right
122,2567,2403,1259,596,451,"Medullary reticular nucleus, dorsal part",right
122,2780,2804,1263,653,531,"Medullary reticular nucleus, ventral part",right
122,2289,2448,1276,532,463,Medulla,right
122,2426,2178,1269,560,409,"Spinal nucleus of the trigeminal, caudal part",right
123,2414,2397,1267,562,449,"Medullary reticular nucleus, dorsal part",right
123,2512,2328,1262,581,436,"Medullary reticular nucleus, dorsal part",right
123,2523,2474,1261,590,465,"Medullary reticular nucleus, dorsal part",right
123,2627,3374,1263,622,670,Intermediate reticular nucleus,left
123,2841,2274,1253,659,421,"Medullary reticular nucleus, dorsal part",right
123,1794,2526,1279,416,486,Uvula (IX),right
123,2423,2100,1268,559,394,"Spinal nucleus of the trigeminal, caudal part",right
123,2817,3062,1266,664,598,Medulla,left
124,3092,2986,1271,731,570,Medulla,right
124,2318,2598,1275,541,495,Nucleus of the solitary tract,right
124,2506,2447,1262,584,459,"Medullary reticular nucleus, dorsal part",right
124,2855,3272,1269,679,647,"Medullary reticular nucleus, ventral part",left
124,2448,2079,1267,564,391,"Spinal nucleus of the trigeminal, caudal part",right
124,2967,2589,1260,696,482,"Medullary reticular nucleus, ventral part",right
124,3086,2943,1271,729,560,Medulla,right
124,3090,2997,1271,731,572,Medulla,left
124,2577,2821,1266,605,539,"Medullary reticular nucleus, ventral part",right
124,2501,2455,1262,583,461,"Medullary reticular nucleus, dorsal part",right
125,2579,2227,1258,593,417,"Medullary reticular nucleus, dorsal part",right
125,2116,3221,1279,498,645,Cuneate nucleus,left
125,2372,2492,1270,553,470,"Medullary reticular nucleus, dorsal part",right
125,2591,2801,1265,608,534,"Medullary reticular nucleus, ventral part",right
125,2862,3283,1269,681,650,"Medullary reticular nucleus, ventral part",left
125,2908,2261,1254,676,413,"Medullary reticular nucleus, dorsal part",right
125,3084,2985,1271,730,570,Medulla,right
129,2321,2440,1272,540,461,Medulla,right
129,2331,2511,1272,543,476,Medulla,right
129,2342,2465,1271,545,466,Medulla,right
129,2350,2517,1270,548,477,Medulla,right
129,2408,2343,1267,560,440,"Medullary reticular nucleus, dorsal part",right
129,1437,2547,1286,332,499,Pyramus (VIII),right
129,2321,3465,1274,549,693,"Medullary reticular nucleus, dorsal part",left
129,2715,2921,1263,637,562,Medulla,right
126,2349,2471,1271,548,466,"Medullary reticular nucleus, dorsal part",right
126,2355,2520,1271,550,477,"Medullary reticular nucleus, dorsal part",right
126,2448,2470,1264,572,465,"Medullary reticular nucleus, dorsal part",right
126,2327,2479,1272,541,469,Medulla,right
126,2432,2292,1266,563,429,"Spinal nucleus of the trigeminal, caudal part",right
126,2592,2766,1264,609,527,"Medullary reticular nucleus, ventral part",right
126,1772,2559,1280,409,495,Uvula (IX),right
126,2370,2502,1269,553,473,"Medullary reticular nucleus, dorsal part",right
126,2458,2198,1265,567,413,"Spinal nucleus of the trigeminal, caudal part",right
126,2643,2781,1263,621,529,"Medullary reticular nucleus, ventral part",right
127,2585,2180,1257,593,409,"Spinal nucleus of the trigeminal, caudal part",right
127,2800,2293,1251,650,427,"Medullary reticular nucleus, dorsal part",right
131,3098,3002,1268,732,573,Medulla,left
131,2303,2512,1272,536,477,Cuneate nucleus,right
131,2350,3491,1271,557,697,"Medullary reticular nucleus, dorsal part",left
131,2363,2497,1268,552,473,"Medullary reticular nucleus, dorsal part",right
131,2311,2530,1272,538,481,Medulla,right
131,2327,3338,1271,549,665,"Medullary reticular nucleus, dorsal part",left
131,2508,2337,1260,581,439,"Medullary reticular nucleus, dorsal part",right
131,2795,2823,1260,656,537,Medulla,right
131,2565,2376,1257,595,446,"Medullary reticular nucleus, dorsal part",right
130,2296,2500,1273,534,475,Cuneate nucleus,right
130,2319,2471,1272,540,468,Medulla,right
130,3106,2999,1269,734,573,Medulla,left
130,3107,2986,1269,733,570,Medulla,right
130,2723,3081,1263,642,604,"Medullary reticular nucleus, ventral part",left
132,2312,2459,1272,537,466,Medulla,right
132,2470,2425,1262,575,457,"Medullary reticular nucleus, dorsal part",right
132,2555,2386,1257,593,448,"Medullary reticular nucleus, dorsal part",right
132,2285,2458,1273,531,467,Medulla,right
132,2412,2499,1265,563,473,"Medullary reticular nucleus, dorsal part",right
132,2609,2831,1263,613,542,"Medullary reticular nucleus, ventral part",right
132,2743,2331,1251,637,436,"Medullary reticular nucleus, dorsal part",right
132,2574,2554,1258,604,483,Intermediate reticular nucleus,right
132,2700,1964,1252,618,364,"Spinal nucleus of the trigeminal, caudal part",right
133,2492,3462,1264,589,688,"Medullary reticular nucleus, dorsal part",left
133,2341,2589,1271,547,494,Nucleus of the solitary tract,right
133,2428,2268,1265,562,427,"Spinal nucleus of the trigeminal, caudal part",right
133,2529,2391,1258,587,449,"Medullary reticular nucleus, dorsal part",right
133,2443,2198,1264,564,414,"Spinal nucleus of the trigeminal, caudal part",right
133,2500,2337,1260,579,439,"Medullary reticular nucleus, dorsal part",right
134,2313,2507,1271,539,476,Medulla,right
134,2418,2408,1264,563,454,"Medullary reticular nucleus, dorsal part",right
134,2304,3385,1272,545,675,Medulla,left
134,2655,3123,1261,626,615,"Medullary reticular nucleus, ventral part",left
134,1786,2708,1280,411,530,Uvula (IX),right
134,2289,2500,1272,532,476,Cuneate nucleus,right
134,2660,3118,1261,627,614,"Medullary reticular nucleus, ventral part",left
136,2576,2317,1255,594,436,"Medullary reticular nucleus, dorsal part",right
136,2611,2350,1254,604,442,"Medullary reticular nucleus, dorsal part",right
136,2426,3474,1266,575,692,"Medullary reticular nucleus, dorsal part",left
135,2647,2335,1252,612,439,"Medullary reticular nucleus, dorsal part",right
135,2295,3333,1271,542,664,Medulla,left
135,2622,2260,1253,603,425,"Medullary reticular nucleus, dorsal part",right
135,2684,2111,1250,614,395,"Spinal nucleus of the trigeminal, caudal part",right
138,2519,2633,1260,592,501,Intermediate reticular nucleus,right
138,2668,3115,1260,629,612,"Medullary reticular nucleus, ventral part",left
138,2719,2923,1260,639,564,Medulla,right
138,2796,2746,1256,656,519,"Medullary reticular nucleus, ventral part",right
138,2310,2449,1270,537,465,Medulla,right
138,2315,2479,1270,538,471,Medulla,right
138,2590,2212,1254,594,417,"Medullary reticular nucleus, dorsal part",right
138,2242,3360,1274,529,670,Cuneate nucleus,left
138,2287,2430,1271,530,461,Medulla,right
138,2476,2159,1261,569,408,"Spinal nucleus of the trigeminal, caudal part",right
138,2604,2807,1261,612,537,"Medullary reticular nucleus, ventral part",right
138,2834,2208,1247,654,409,"Medullary reticular nucleus, dorsal part",right
138,3103,2988,1265,732,571,Nucleus raphe pallidus,left
137,2604,2189,1253,597,413,"Medullary reticular nucleus, dorsal part",right
137,2824,2725,1256,663,514,"Medullary reticular nucleus, ventral part",right
137,2434,2183,1264,561,412,"Spinal nucleus of the trigeminal, caudal part",right
137,2712,3079,1261,638,604,"Medullary reticular nucleus, ventral part",left
137,2816,3046,1262,664,594,Medulla,left
139,3016,3209,1267,715,629,Inferior olivary complex,left
139,1791,2507,1274,414,483,Uvula (IX),right
139,2296,2554,1271,534,488,Cuneate nucleus,right
139,2419,2341,1263,561,441,"Medullary reticular nucleus, dorsal part",right
139,2809,3083,1261,664,604,Medulla,left
139,1798,2682,1278,416,523,Uvula (IX),right
139,2305,3287,1270,544,652,Medulla,left
139,2382,3389,1266,564,674,"Medullary reticular nucleus, dorsal part",left
139,2464,2311,1260,570,436,"Medullary reticular nucleus, dorsal part",right
139,2575,2823,1262,604,542,"Medullary reticular nucleus, ventral part",right
140,2327,2438,1268,540,463,Medulla,right
140,2423,2488,1262,567,472,"Medullary reticular nucleus, dorsal part",right
140,2722,2100,1247,622,393,"Spinal nucleus of the trigeminal, caudal part",right
140,2508,2374,1257,582,448,"Medullary reticular nucleus, dorsal part",right
140,2566,3498,1261,607,694,"Medullary reticular nucleus, dorsal part",left
141,2289,2462,1270,532,468,Medulla,right
141,2605,2363,1253,603,446,"Medullary reticular nucleus, dorsal part",right
141,1223,2675,1290,283,537,Folium-tuber vermis (VII),right
141,2308,3490,1272,548,697,"Spinal nucleus of the trigeminal, caudal part",left
141,2311,3347,1270,546,665,Medulla,left
141,3116,2989,1264,734,571,Medulla,left
142,3075,3006,1264,725,575,Nucleus raphe pallidus,left
142,2316,2402,1268,537,455,Medulla,right
142,2880,2775,1256,676,525,Medulla,right
142,1422,2611,1282,328,516,Pyramus (VIII),right
142,2375,2422,1265,552,458,"Medullary reticular nucleus, dorsal part",right
143,2322,2502,1267,540,477,Medulla,right
143,2377,2487,1264,554,472,"Medullary reticular nucleus, dorsal part",right
143,2408,2484,1262,563,472,"Medullary reticular nucleus, dorsal part",right
144,2549,2162,1254,584,409,"Spinal nucleus of the trigeminal, caudal part",right
144,2701,2298,1248,624,433,"Medullary reticular nucleus, dorsal part",right
145,2219,3465,1275,526,692,"Spinal nucleus of the trigeminal, caudal part",left
145,2532,2269,1255,582,429,"Medullary reticular nucleus, dorsal part",right
145,2706,2163,1247,620,407,"Medullary reticular nucleus, dorsal part",right
145,2882,2777,1255,676,525,Medulla,right
145,2930,2586,1252,686,484,"Medullary reticular nucleus, ventral part",right
145,3116,2978,1262,733,568,Nucleus raphe pallidus,right
145,2811,3101,1259,664,608,Medulla,left
145,3105,2996,1263,731,572,Nucleus raphe pallidus,left
146,2306,2445,1268,535,465,Medulla,right
146,2306,2572,1268,537,492,Nucleus of the solitary tract,right
146,2492,2176,1257,571,412,"Spinal nucleus of the trigeminal, caudal part",right
146,2565,2287,1253,590,432,"Medullary reticular nucleus, dorsal part",right
146,3093,2970,1262,728,566,Nucleus raphe pallidus,right
146,2287,3290,1269,539,652,Medulla,left
146,2600,2842,1259,610,546,"Medullary reticular nucleus, ventral part",right
146,2604,2804,1259,611,538,"Medullary reticular nucleus, ventral part",right
146,2726,3057,1258,642,597,Medulla,left
146,3147,2571,1250,739,471,Medulla,right
148,2289,2434,1268,531,464,Medulla,right
148,2851,2748,1252,668,520,"Medullary reticular nucleus, ventral part",right
148,3104,3227,1263,737,630,Medulla,left
148,2793,3794,1268,661,757,"Spinal nucleus of the trigeminal, caudal part",left
148,2286,2380,1268,529,453,Medulla,right
148,2269,3366,1269,537,669,Medulla,left
147,2431,2254,1260,560,427,"Spinal nucleus of the trigeminal, caudal part",right
147,2810,3046,1258,663,593,Medulla,left
147,3115,2991,1261,732,571,Nucleus raphe pallidus,left
147,2261,3239,1269,532,641,Nucleus of the solitary tract,left
147,2322,2376,1266,537,451,Medulla,right
147,3068,3015,1262,723,578,Medulla,left
147,3075,2979,1261,723,569,Nucleus raphe pallidus,right
147,2807,3101,1258,663,607,Medulla,left
150,3028,2982,1261,713,570,Nucleus raphe pallidus,right
150,2319,2453,1266,539,468,Medulla,right
150,2268,3440,1270,538,685,Medulla,left
150,2272,3282,1268,536,649,Cuneate nucleus,left
150,2318,3390,1267,550,673,"Medullary reticular nucleus, dorsal part",left
150,2443,2178,1259,561,413,"Spinal nucleus of the trigeminal, caudal part",right
150,2626,2185,1248,601,414,"Medullary reticular nucleus, dorsal part",right
150,2896,2633,1250,678,496,"Medullary reticular nucleus, ventral part",right
149,2539,3211,1259,601,633,"Medullary reticular nucleus, ventral part",left
149,2299,2359,1267,532,448,Medulla,right
149,2300,3308,1268,543,656,Medulla,left
149,2319,2512,1266,540,479,Medulla,right
149,2386,3553,1266,566,707,"Medullary reticular nucleus, dorsal part",left
149,2290,3353,1268,542,666,Medulla,left
151,3117,2969,1259,731,566,Nucleus raphe pallidus,right
151,3056,2970,1260,718,568,Nucleus raphe pallidus,right
151,2279,3365,1268,539,668,Medulla,left
151,2793,2248,1244,645,421,"Medullary reticular nucleus, dorsal part",right
151,2881,2239,1244,666,414,"Medullary reticular nucleus, dorsal part",right
151,2676,3857,1268,631,766,"Spinal nucleus of the trigeminal, caudal part",left
153,2607,3572,1260,616,705,"Medullary reticular nucleus, dorsal part",left
153,3121,3300,1262,742,648,Medulla,left
153,2454,2495,1257,573,474,"Medullary reticular nucleus, dorsal part",right
153,3083,3344,1265,734,659,Medulla,left
153,2298,3331,1267,544,660,Medulla,left
153,2302,2428,1266,533,463,Medulla,right
153,2526,2139,1253,578,406,"Spinal nucleus of the trigeminal, caudal part",right
153,2600,2207,1249,595,418,"Medullary reticular nucleus, dorsal part",right
153,3114,2988,1259,731,571,Nucleus raphe pallidus,left
153,2263,3425,1270,536,681,Medulla,left
153,2809,3042,1256,663,592,Medulla,left
156,2305,3348,1265,545,664,Medulla,left
156,2724,3205,1255,646,632,"Medullary reticular nucleus, ventral part",left
156,3104,2987,1257,728,570,Nucleus raphe pallidus,right
156,2411,3577,1263,572,709,"Medullary reticular nucleus, dorsal part",left
156,3072,3002,1258,721,574,Nucleus raphe pallidus,left
156,2273,3358,1267,538,666,Medulla,left
156,2488,3607,1261,589,713,"Medullary reticular nucleus, dorsal part",left
156,3053,2990,1258,718,572,Nucleus raphe pallidus,left
156,3053,2979,1258,718,570,Nucleus raphe pallidus,right
154,2763,2180,1242,635,408,"Medullary reticular nucleus, dorsal part",right
154,3051,3012,1259,717,577,Medulla,left
154,3075,2996,1259,722,573,Nucleus raphe pallidus,left
154,3102,3006,1259,728,575,Nucleus raphe pallidus,left
154,2378,3552,1265,565,705,"Medullary reticular nucleus, dorsal part",left
154,2494,2163,1254,572,411,"Spinal nucleus of the trigeminal, caudal part",right
154,2720,3223,1255,645,636,"Medullary reticular nucleus, ventral part",left
154,3112,2975,1258,730,568,Nucleus raphe pallidus,right
154,2796,3105,1255,660,609,Medulla,left
155,2515,2252,1253,578,427,"Medullary reticular nucleus, dorsal part",right
155,2643,3555,1259,627,701,"Medullary reticular nucleus, dorsal part",left
155,2786,3073,1255,657,601,Medulla,left
155,2980,3114,1259,704,606,Medulla,left
155,2393,3450,1262,568,685,"Medullary reticular nucleus, dorsal part",left
161,3044,2990,1257,715,573,Nucleus raphe pallidus,left
161,2274,3342,1265,538,661,Medulla,left
161,2759,2175,1240,633,408,Parvicellular reticular nucleus,right
161,3037,2981,1256,713,571,Nucleus raphe pallidus,left
161,2963,3128,1257,700,610,Medulla,left
161,3058,3014,1257,718,578,Medulla,left
157,3011,2966,1258,708,568,Nucleus raphe pallidus,right
157,3085,2983,1258,724,570,Nucleus raphe pallidus,right
157,2816,2421,1245,658,456,Intermediate reticular nucleus,right
157,3082,2991,1258,723,572,Nucleus raphe pallidus,left
157,2303,2575,1265,536,494,Nucleus of the solitary tract,right
157,2353,2532,1262,549,484,Medulla,right
157,2729,2106,1242,624,395,"Spinal nucleus of the trigeminal, caudal part",right
157,2824,2200,1241,650,409,"Medullary reticular nucleus, dorsal part",right
157,3068,3022,1259,721,579,Medulla,left
157,3095,2967,1257,726,566,Nucleus raphe pallidus,right
160,3041,2975,1256,714,569,Nucleus raphe pallidus,right
160,2975,3131,1257,702,609,Medulla,left
160,2848,2570,1245,667,485,"Medullary reticular nucleus, ventral part",right
160,3060,2998,1257,718,575,Medulla,left
160,2730,3193,1253,647,629,"Medullary reticular nucleus, ventral part",left
160,3110,3012,1256,729,576,Medulla,left
160,2461,2168,1254,564,413,"Spinal nucleus of the trigeminal, caudal part",right
160,2557,2839,1257,599,547,Medulla,right
160,2593,2586,1250,608,493,Intermediate reticular nucleus,right
158,966,2971,1305,213,617,Declive (VI),left
158,2450,2181,1256,562,414,"Spinal nucleus of the trigeminal, caudal part",right
158,2579,2799,1256,605,538,"Medullary reticular nucleus, ventral part",right
158,2767,2201,1241,635,413,"Medullary reticular nucleus, dorsal part",right
158,2790,3814,1265,660,760,"Spinal nucleus of the trigeminal, caudal part",left
158,1232,2614,1285,282,523,Folium-tuber vermis (VII),right
158,2276,3419,1267,539,679,Medulla,left
158,2917,2456,1246,682,460,"Medullary reticular nucleus, ventral part",right
159,2316,2498,1263,538,479,Medulla,right
159,2383,2459,1259,555,469,"Medullary reticular nucleus, dorsal part",right
159,2501,2334,1253,577,443,"Medullary reticular nucleus, dorsal part",right
159,2778,2823,1250,652,540,Medulla,right
159,2408,2403,1257,559,458,"Medullary reticular nucleus, dorsal part",right
159,2500,3484,1257,592,689,"Medullary reticular nucleus, dorsal part",left
163,3061,2984,1255,717,571,Nucleus raphe pallidus,left
163,2987,3127,1255,704,608,Inferior olivary complex,left
163,3097,3325,1258,735,654,Medulla,left
163,2281,2432,1263,527,466,Medulla,right
163,2428,2298,1255,560,438,"Medullary reticular nucleus, dorsal part",right
163,2722,2228,1241,625,421,"Medullary reticular nucleus, dorsal part",right
163,2990,3159,1255,706,616,Inferior olivary complex,left
163,2254,3442,1267,534,683,Medulla,left
162,3069,3231,1257,726,632,Inferior olivary complex,left
162,3104,3347,1259,738,659,Medulla,left
162,3048,3031,1256,716,582,Medulla,left
162,3166,2569,1242,743,472,Medulla,right
162,3071,3014,1256,720,578,Medulla,left
165,2938,2529,1244,687,475,"Lateral reticular nucleus, magnocellular part",right
165,3094,2979,1254,724,569,Nucleus raphe pallidus,right
165,2983,3096,1255,703,600,Inferior olivary complex,left
165,3058,3017,1255,718,578,Medulla,left
165,2289,2520,1263,531,484,Cuneate nucleus,right
165,2962,3158,1255,699,617,Medulla,left
165,3010,3172,1256,710,618,Inferior olivary complex,left
165,3076,3002,1255,721,575,Nucleus raphe pallidus,left
166,2999,3116,1255,707,605,Inferior olivary complex,left
166,2998,3160,1255,708,616,Inferior olivary complex,left
166,3078,3188,1254,727,622,Medulla,left
166,2285,3418,1264,541,678,Medulla,left
166,3045,2960,1253,713,566,Nucleus raphe pallidus,right
166,3112,3257,1255,736,637,Medulla,left
166,3060,2968,1253,717,568,Nucleus raphe pallidus,right
164,3061,3007,1255,718,576,Medulla,left
164,3083,3010,1255,723,577,Medulla,left
164,2612,2836,1253,611,546,"Medullary reticular nucleus, ventral part",right
164,2253,3443,1267,534,684,Medulla,left
168,948,2962,1300,208,615,Declive (VI),left
168,3031,2968,1253,710,568,Nucleus raphe pallidus,right
168,3047,3017,1253,714,579,Inferior olivary complex,left
168,3109,2647,1242,727,493,Inferior olivary complex,right
168,2334,2488,1259,542,478,Medulla,right
168,2985,3138,1254,704,611,Inferior olivary complex,left
168,3075,2962,1252,719,565,Nucleus raphe pallidus,right
168,3098,3293,1255,734,647,Inferior olivary complex,left
168,3109,3275,1255,736,642,Medulla,left
168,2349,3328,1260,556,658,"Medullary reticular nucleus, dorsal part",left
168,2452,2175,1252,561,414,"Spinal nucleus of the trigeminal, caudal part",right
168,3000,2391,1242,700,443,"Lateral reticular nucleus, magnocellular part",right
168,2323,2361,1260,537,451,Medulla,right
168,2571,2795,1253,602,538,"Medullary reticular nucleus, ventral part",right
172,2962,3151,1252,698,614,Medulla,left
172,3024,3174,1252,713,619,Inferior olivary complex,left
172,2915,3138,1251,688,613,Medulla,left
172,2991,3150,1252,705,614,Inferior olivary complex,left
172,3075,3326,1255,728,653,Medulla,left
172,3132,2663,1240,732,497,Inferior olivary complex,right
172,3138,2686,1240,734,501,Inferior olivary complex,right
172,3026,2570,1240,706,481,Medulla,right
172,3090,2974,1250,722,568,Nucleus raphe pallidus,right
172,2249,3305,1262,531,652,Cuneate nucleus,left
169,3071,2999,1253,719,575,Medulla,left
169,2946,3087,1253,694,599,Inferior olivary complex,left
169,2947,3101,1253,694,603,Medulla,left
169,3032,2984,1253,710,572,Nucleus raphe pallidus,left
169,2479,2400,1251,574,457,"Medullary reticular nucleus, dorsal part",right
169,2895,3055,1252,682,593,crossed tectospinal pathway,left
169,2922,2634,1243,682,498,"Medullary reticular nucleus, ventral part",right
169,2947,3129,1253,695,610,Medulla,left
169,3066,2979,1253,717,570,Nucleus raphe pallidus,right
169,3075,3310,1257,729,650,Inferior olivary complex,left
169,3082,3362,1258,731,662,Medulla,left
169,3120,3283,1255,739,644,Medulla,left
169,2479,3618,1258,587,715,"Medullary reticular nucleus, dorsal part",left
169,2558,3608,1256,605,711,"Medullary reticular nucleus, dorsal part",left
169,2630,3378,1253,625,666,Intermediate reticular nucleus,left
167,3013,3195,1254,712,624,Inferior olivary complex,left
167,2962,3112,1253,698,605,Inferior olivary complex,left
167,976,3115,1299,221,651,Declive (VI),left
167,2568,2808,1253,602,541,"Medullary reticular nucleus, ventral part",right
173,2957,3169,1252,697,619,Medulla,left
173,964,3113,1298,217,651,Declive (VI),left
173,2957,3087,1251,696,599,Inferior olivary complex,left
173,2993,3193,1252,707,624,Medulla,left
173,3007,3098,1252,707,601,Inferior olivary complex,left
173,2752,2118,1236,629,399,Parvicellular reticular nucleus,right
173,2928,3110,1251,691,605,Medulla,left
173,3029,3129,1252,713,608,Medulla,left
173,3070,2973,1250,718,569,Nucleus raphe pallidus,right
173,3080,2966,1250,719,566,Nucleus raphe pallidus,right
173,2623,2792,1249,614,536,"Medullary reticular nucleus, ventral part",right
173,2974,3096,1252,700,600,Inferior olivary complex,left
170,2998,3151,1253,707,613,Inferior olivary complex,left
170,2837,2754,1244,663,524,"Medullary reticular nucleus, ventral part",right
170,2976,3200,1253,703,626,Medulla,left
170,3075,3335,1256,729,656,Medulla,left
170,2290,2446,1260,530,469,Medulla,right
170,2966,3071,1252,698,595,Inferior olivary complex,left
170,3140,3297,1253,744,647,Medulla,left
170,2260,2514,1262,523,485,Cuneate nucleus,right
170,2287,2461,1261,529,473,Cuneate nucleus,right
170,2296,2499,1260,532,481,Medulla,right
170,3024,3165,1253,713,617,Inferior olivary complex,left
170,3058,2987,1252,716,571,Nucleus raphe pallidus,left
170,3011,2609,1242,703,490,Medulla,right
174,931,2956,1297,202,614,Declive (VI),left
174,2960,3127,1251,697,608,Medulla,left
174,3078,3013,1250,720,578,Medulla,left
174,3052,2976,1250,713,569,Nucleus raphe pallidus,right
174,3056,2994,1250,714,574,Medulla,left
174,3084,2982,1249,720,570,Nucleus raphe pallidus,right
174,3041,2976,1250,711,569,Nucleus raphe pallidus,right
174,3047,3041,1251,713,585,Inferior olivary complex,left
174,3057,3023,1251,715,581,Inferior olivary complex,left
174,3116,3303,1252,738,649,Medulla,left
174,2905,3085,1249,685,600,Medulla,left
171,3097,2989,1250,723,572,Nucleus raphe pallidus,left
171,2969,3169,1252,701,619,Medulla,left
171,2971,3107,1252,699,603,Inferior olivary complex,left
171,2978,3147,1252,702,613,Inferior olivary complex,left
171,3006,3128,1252,707,608,Inferior olivary complex,left
171,3099,3010,1251,725,577,Medulla,left
171,2293,3399,1261,543,673,"Medullary reticular nucleus, dorsal part",left
171,2734,1876,1238,626,349,"Spinal nucleus of the trigeminal, interpolar part",right
171,3088,2967,1250,722,566,Nucleus raphe pallidus,right
175,2994,3123,1250,705,607,Inferior olivary complex,left
175,3060,3367,1255,725,662,Medulla,left
175,2949,3144,1250,695,613,Medulla,left
175,3071,2962,1248,717,565,Nucleus raphe pallidus,right
175,2475,2186,1248,566,417,"Spinal nucleus of the trigeminal, caudal part",right
175,2663,2245,1239,611,427,Parvicellular reticular nucleus,right
176,3055,3011,1249,714,578,Inferior olivary complex,left
176,2982,3105,1250,701,603,Inferior olivary complex,left
176,2997,3138,1250,705,611,Inferior olivary complex,left
176,3067,2990,1249,716,573,Nucleus raphe pallidus,left
176,3148,2679,1238,737,500,Medulla,right
176,2283,3431,1261,541,679,"Medullary reticular nucleus, dorsal part",left
176,2293,3573,1263,544,710,"Spinal nucleus of the trigeminal, caudal part",left
176,2641,3356,1251,627,661,Intermediate reticular nucleus,left
176,2909,3099,1249,686,603,Medulla,left
176,3044,2971,1249,712,568,Nucleus raphe pallidus,right
176,2687,3395,1252,639,668,Intermediate reticular nucleus,left
177,3032,2996,1249,709,575,Inferior olivary complex,left
177,2924,3097,1249,689,602,Medulla,left
177,2978,3171,1250,702,618,Medulla,left
177,3072,3302,1253,726,647,Inferior olivary complex,left
177,3128,2705,1239,731,506,Inferior olivary complex,right
177,2510,3663,1256,594,722,"Medullary reticular nucleus, dorsal part",left
177,2243,3321,1260,530,655,Nucleus of the solitary tract,left
178,2960,3114,1249,697,606,Inferior olivary complex,left
178,2926,3064,1248,688,594,Medulla,left
178,2965,3104,1249,698,603,Inferior olivary complex,left
178,2973,3148,1249,701,614,Medulla,left
178,3002,3167,1249,706,617,Inferior olivary complex,left
178,3046,2960,1248,711,566,Medulla,right
178,3092,2994,1248,721,573,Nucleus raphe pallidus,left
178,3092,3298,1251,731,647,Inferior olivary complex,left
178,2932,2585,1239,684,488,"Medullary reticular nucleus, ventral part",right
178,2319,2335,1256,534,447,Medulla,right
178,2426,3637,1257,575,718,"Spinal nucleus of the trigeminal, caudal part",left
178,2568,2780,1249,602,535,"Medullary reticular nucleus, ventral part",right
180,2941,3080,1247,691,598,Medulla,left
180,2427,3663,1257,575,724,"Spinal nucleus of the trigeminal, caudal part",left
180,2947,3544,1258,702,700,"Lateral reticular nucleus, magnocellular part",left
180,2988,3139,1248,703,611,Inferior olivary complex,left
180,3032,3182,1248,713,620,Inferior olivary complex,left
180,2713,3308,1249,646,651,"Medullary reticular nucleus, ventral part",left
180,2970,3344,1254,703,657,Medulla,left
180,2992,3043,1248,701,588,Inferior olivary complex,left
180,3019,2978,1247,706,571,Nucleus raphe pallidus,left
180,3038,2967,1247,710,567,Nucleus raphe pallidus,right
180,3061,3016,1248,715,579,Inferior olivary complex,left
180,2384,1956,1249,541,366,"Spinal nucleus of the trigeminal, interpolar part",right
180,2544,3683,1255,601,725,"Medullary reticular nucleus, dorsal part",left
180,2574,2381,1243,594,454,"Medullary reticular nucleus, dorsal part",right
180,2855,2528,1238,667,479,"Medullary reticular nucleus, ventral part",right
180,2967,3096,1248,697,601,Inferior olivary complex,left
180,3094,3017,1247,722,578,Medulla,left
179,2965,3081,1248,697,597,Inferior olivary complex,left
179,2048,2229,1252,466,427,root,right
179,2937,3119,1247,691,607,Medulla,left
179,3021,3146,1248,710,612,Inferior olivary complex,left
179,3042,3010,1248,711,578,Inferior olivary complex,left
179,3073,2993,1247,717,574,Nucleus raphe pallidus,left
179,3094,3315,1251,732,651,Inferior olivary complex,left
179,3103,3293,1250,734,646,Inferior olivary complex,left
182,3104,3251,1247,732,636,Inferior olivary complex,left
182,3098,3266,1248,732,639,Inferior olivary complex,left
182,3015,3127,1247,708,607,Inferior olivary complex,left
182,3083,2988,1246,719,572,Nucleus raphe pallidus,left
182,2473,2138,1245,564,409,"Spinal nucleus of the trigeminal, caudal part",right
182,2552,3485,1250,604,686,"Medullary reticular nucleus, dorsal part",left
182,2611,3293,1248,619,648,Intermediate reticular nucleus,left
182,3000,3138,1247,705,611,Inferior olivary complex,left
182,3044,3000,1247,711,576,Inferior olivary complex,left
182,3116,3293,1248,736,646,Medulla,left
182,2347,2073,1251,533,394,"Spinal nucleus of the trigeminal, caudal part",right
185,2952,3112,1246,694,605,Medulla,left
185,2975,3101,1246,699,601,Inferior olivary complex,left
185,2778,2949,1242,652,571,Nucleus raphe obscurus,left
185,3002,3159,1246,706,615,Inferior olivary complex,left
185,3039,2996,1246,710,574,Inferior olivary complex,left
185,3063,2968,1245,714,568,Nucleus raphe pallidus,right
185,3067,3293,1249,724,646,Medulla,left
185,2244,3362,1258,530,663,Medulla,left
185,2995,3616,1256,714,719,"Lateral reticular nucleus, magnocellular part",left
185,2278,3515,1260,540,697,"Medullary reticular nucleus, dorsal part",left
181,2597,2351,1242,598,448,"Medullary reticular nucleus, dorsal part",right
181,3053,2987,1247,713,572,Nucleus raphe pallidus,left
181,3126,3296,1249,739,646,Medulla,left
181,2292,2428,1257,529,468,Medulla,right
181,2889,3344,1253,687,657,"Medullary reticular nucleus, ventral part",left
181,3010,3082,1248,706,596,Inferior olivary complex,left
181,2205,2496,1260,509,483,Cuneate nucleus,right
181,2254,3336,1259,533,658,Nucleus of the solitary tract,left
181,2539,3338,1250,602,658,Intermediate reticular nucleus,left
181,2699,2089,1234,616,397,Parvicellular reticular nucleus,right
181,3032,3123,1248,712,607,Inferior olivary complex,left
183,2947,3129,1246,693,609,Medulla,left
183,3024,3166,1246,711,616,Inferior olivary complex,left
183,2674,2943,1245,625,571,Medulla,left
183,2970,2727,1237,692,517,Medulla,right
183,3006,2991,1246,702,574,Inferior olivary complex,left
183,3027,3200,1247,712,625,Inferior olivary complex,left
183,3052,2999,1246,712,575,Inferior olivary complex,left
183,2313,3194,1255,545,628,Medulla,left
183,2814,3409,1253,671,670,"Medullary reticular nucleus, ventral part",left
183,2900,3382,1253,689,664,"Medullary reticular nucleus, ventral part",left
183,3084,2609,1234,720,488,Medulla,right
183,2425,2260,1249,556,432,"Medullary reticular nucleus, dorsal part",right
183,2524,3441,1250,598,678,"Medullary reticular nucleus, dorsal part",left
183,2576,2807,1247,602,541,"Medullary reticular nucleus, ventral part",right
184,2524,3050,1250,592,596,Nucleus of Roller,left
184,3100,3284,1248,732,644,Inferior olivary complex,left
184,2267,2323,1256,520,447,Medulla,right
184,2553,2180,1241,582,417,"Medullary reticular nucleus, dorsal part",right
186,2931,3127,1245,690,609,Medulla,left
186,2970,3116,1245,698,605,Inferior olivary complex,left
186,2902,3079,1244,682,599,Medulla,left
186,3033,3102,1245,711,600,Inferior olivary complex,left
186,3020,3004,1245,705,577,Inferior olivary complex,left
186,3044,2961,1244,710,566,Medulla,right
186,3130,3306,1246,740,648,Medulla,left
186,2304,3207,1255,543,630,Medulla,left
186,2440,2383,1247,563,457,"Medullary reticular nucleus, dorsal part",right
186,3038,3551,1254,724,705,"Lateral reticular nucleus, magnocellular part",left
186,971,2964,1291,214,616,Declive (VI),left
187,2992,3153,1244,703,614,Inferior olivary complex,left
187,3019,3113,1244,708,604,Inferior olivary complex,left
187,2964,3098,1244,696,602,Inferior olivary complex,left
187,3052,3285,1247,719,643,Medulla,left
187,2933,3119,1244,690,607,Medulla,left
187,2970,3142,1244,698,611,Medulla,left
187,3024,2997,1244,706,575,Inferior olivary complex,left
187,3125,3300,1245,738,647,Medulla,left
187,2261,3383,1257,534,668,Medulla,left
189,3017,3140,1244,708,610,Inferior olivary complex,left
189,2961,3121,1244,696,607,Medulla,left
189,2654,3436,1248,631,675,Intermediate reticular nucleus,left
189,3064,2985,1243,714,572,Nucleus raphe pallidus,left
189,3116,3241,1244,734,633,Medulla,left
189,2242,3335,1256,529,657,Nucleus of the solitary tract,left
189,2308,2069,1249,524,393,"Spinal nucleus of the trigeminal, interpolar part",right
189,2617,2100,1235,595,402,"Spinal nucleus of the trigeminal, interpolar part",right
189,2228,3348,1257,526,661,Medulla,left
188,3066,3252,1245,722,636,Inferior olivary complex,left
188,2920,3067,1243,686,594,Medulla,left
188,2957,2743,1236,689,521,Medulla,right
188,3008,3169,1244,708,618,Inferior olivary complex,left
188,3054,3010,1244,712,578,Inferior olivary complex,left
188,3097,3262,1245,729,638,Inferior olivary complex,left
188,3110,3297,1246,734,646,Inferior olivary complex,left
188,2679,2820,1241,626,543,"Medullary reticular nucleus, ventral part",right
188,3006,3136,1244,705,609,Inferior olivary complex,left
188,3029,3110,1244,710,603,Inferior olivary complex,left
188,3048,3206,1245,717,625,Inferior olivary complex,left
188,3073,3288,1246,725,645,Inferior olivary complex,left
188,3074,3008,1243,716,578,Medulla,left
188,3087,3219,1244,726,629,Inferior olivary complex,left
188,3134,3281,1244,740,643,Medulla,left
188,1010,2856,1288,224,589,Declive (VI),left
188,2223,3338,1257,525,658,Medulla,left
188,3102,3294,1246,732,646,Inferior olivary complex,left
192,3029,2978,1242,706,571,Nucleus raphe pallidus,left
192,3050,2994,1242,710,575,Inferior olivary complex,left
192,3016,2993,1242,703,575,Inferior olivary complex,left
192,2945,3088,1242,691,600,Medulla,left
192,3027,3007,1242,706,577,Inferior olivary complex,left
192,3126,3293,1243,737,646,Medulla,left
192,3141,2398,1228,735,437,Medulla,right
192,2655,2102,1232,604,401,Parvicellular reticular nucleus,right
192,3083,3285,1244,727,643,Inferior olivary complex,left
192,3094,2416,1230,722,444,"Lateral reticular nucleus, magnocellular part",right
192,3096,3237,1242,728,632,Inferior olivary complex,left
192,3119,3299,1243,736,647,Medulla,left
192,2595,2793,1243,606,539,"Medullary reticular nucleus, ventral part",right
192,2720,3608,1251,646,709,"Medullary reticular nucleus, dorsal part",left
192,3062,2981,1241,712,571,Nucleus raphe pallidus,left
191,3075,3239,1243,724,633,Inferior olivary complex,left
191,2783,3159,1241,658,619,"Medullary reticular nucleus, ventral part",left
191,2375,2144,1247,540,410,"Spinal nucleus of the trigeminal, interpolar part",right
191,2470,3726,1253,585,734,"Spinal nucleus of the trigeminal, caudal part",left
191,2592,2133,1235,589,409,"Spinal nucleus of the trigeminal, interpolar part",right
190,3038,3121,1243,712,605,Inferior olivary complex,left
190,3034,3010,1243,708,578,Inferior olivary complex,left
190,3063,2995,1242,714,574,Medulla,left
190,3041,3015,1243,709,579,Inferior olivary complex,left
190,3042,3108,1243,712,603,Inferior olivary complex,left
190,2295,3389,1255,543,669,"Medullary reticular nucleus, dorsal part",left
190,2515,2255,1242,575,432,"Medullary reticular nucleus, dorsal part",right
200,3092,3267,1239,727,639,Inferior olivary complex,left
200,3014,3106,1238,705,602,Inferior olivary complex,left
200,3037,3169,1238,712,617,Inferior olivary complex,left
200,3072,3265,1240,722,639,Inferior olivary complex,left
200,3116,2443,1226,727,450,Medulla,right
200,3126,3287,1239,736,643,Medulla,left
200,2927,3440,1249,694,675,"Lateral reticular nucleus, magnocellular part",left
200,3025,2998,1238,704,576,Inferior olivary complex,left
200,3034,3007,1238,706,577,Inferior olivary complex,left
200,3048,2781,1231,709,527,Inferior olivary complex,right
200,3139,3284,1238,740,643,Medulla,left
200,2542,2778,1242,593,537,Nucleus of Roller,right
200,2646,2854,1239,616,552,Medulla,right
200,2647,2853,1239,616,552,Medulla,right
200,2940,3177,1239,692,620,Medulla,left
195,2970,3127,1240,697,608,Medulla,left
195,3061,3277,1242,721,641,Medulla,left
195,3066,3193,1240,720,623,Inferior olivary complex,left
195,2995,3116,1240,702,605,Inferior olivary complex,left
195,3113,3251,1240,733,636,Inferior olivary complex,left
195,2943,3167,1241,693,617,Medulla,left
195,2983,3111,1240,700,604,Inferior olivary complex,left
195,3029,3131,1240,710,608,Inferior olivary complex,left
195,3032,3146,1240,710,611,Inferior olivary complex,left
195,3077,3293,1243,725,645,Inferior olivary complex,left
195,3086,3342,1244,728,655,Medulla,left
197,3056,3026,1240,711,582,Inferior olivary complex,left
197,2929,3148,1240,689,614,Medulla,left
197,1000,3106,1286,227,647,Declive (VI),left
197,3065,3234,1241,721,632,Inferior olivary complex,left
197,3088,3354,1244,730,659,Medulla,left
197,3101,3242,1240,729,633,Inferior olivary complex,left
197,2927,3162,1240,689,617,Medulla,left
197,2948,3174,1241,694,620,Medulla,left
197,2182,2477,1253,502,480,Cuneate nucleus,right
197,2196,3332,1254,517,656,Parasolitary nucleus,left
197,2215,2336,1252,507,451,Cuneate nucleus,right
197,2293,3416,1253,543,674,"Medullary reticular nucleus, dorsal part",left
193,3061,3018,1242,713,580,Inferior olivary complex,left
193,2697,3092,1242,634,605,"Medullary reticular nucleus, ventral part",left
193,2772,2752,1236,647,526,"Medullary reticular nucleus, ventral part",right
193,3031,2993,1242,706,575,Inferior olivary complex,left
193,3048,3234,1243,718,632,Inferior olivary complex,left
193,3073,3214,1242,723,628,Inferior olivary complex,left
193,3090,3299,1244,729,647,Inferior olivary complex,left
193,3142,3298,1243,741,647,Medulla,left
193,3142,3281,1242,741,642,Medulla,left
193,2288,3401,1255,541,671,Medulla,left
193,2887,3142,1242,680,613,Medulla,left
193,2896,3148,1242,682,615,Medulla,left
193,2975,3120,1242,698,606,Inferior olivary complex,left
193,3028,3121,1242,710,605,Inferior olivary complex,left
193,3040,3085,1242,711,597,Inferior olivary complex,left
193,3088,3334,1246,730,655,Medulla,left
193,3113,3319,1244,736,651,Medulla,left
193,2740,3035,1241,644,592,Medulla,left
193,3127,3469,1247,743,688,Medulla,left
194,3084,3230,1242,726,631,Inferior olivary complex,left
194,2278,2442,1252,525,472,Medulla,right
194,2688,3913,1255,634,774,"Spinal nucleus of the trigeminal, caudal part",left
194,3036,3044,1241,708,587,Inferior olivary complex,left
194,3039,3101,1241,711,600,Inferior olivary complex,left
194,3047,2972,1240,709,569,Nucleus raphe pallidus,right
194,3086,3210,1241,725,626,Inferior olivary complex,left
194,3091,3252,1242,727,636,Inferior olivary complex,left
194,2711,3416,1247,645,671,Intermediate reticular nucleus,left
196,3009,3083,1240,704,597,Inferior olivary complex,left
196,2246,3407,1255,530,672,Medulla,left
196,2751,3625,1250,654,713,"Medullary reticular nucleus, dorsal part",left
196,2918,3172,1240,688,619,Medulla,left
196,3002,3155,1241,704,614,Inferior olivary complex,left
196,3017,3121,1240,706,606,Inferior olivary complex,left
196,3058,3007,1240,712,577,Inferior olivary complex,left
196,3090,3218,1240,726,629,Inferior olivary complex,left
196,3100,3250,1241,729,635,Inferior olivary complex,left
196,3100,3223,1240,729,630,Inferior olivary complex,left
196,3126,3271,1240,736,640,Medulla,left
196,2234,2512,1253,515,487,Parasolitary nucleus,right
196,2302,2395,1250,529,462,Medulla,right
199,3025,3102,1238,707,601,Inferior olivary complex,left
199,2933,2963,1237,685,570,Medulla,right
199,3045,3113,1238,712,604,Inferior olivary complex,left
199,3053,3182,1238,716,620,Inferior olivary complex,left
199,3058,3015,1238,712,579,Inferior olivary complex,left
199,3074,3182,1238,721,619,Medulla,left
199,2601,2768,1240,606,535,"Medullary reticular nucleus, ventral part",right
199,2808,3645,1250,669,718,"Medullary reticular nucleus, dorsal part",left
199,2990,2759,1231,696,524,Medulla,right
199,3018,3086,1238,706,597,Inferior olivary complex,left
199,3027,3076,1238,706,595,Inferior olivary complex,left
201,3063,3009,1238,713,578,Inferior olivary complex,left
201,3098,3232,1238,728,631,Inferior olivary complex,left
201,2795,2937,1235,654,567,Nucleus raphe obscurus,right
201,3077,3248,1239,723,635,Inferior olivary complex,left
201,2240,2387,1251,514,462,Cuneate nucleus,right
201,2264,3523,1255,535,698,Medulla,left
201,2614,2555,1236,610,491,Intermediate reticular nucleus,right
201,2628,3751,1250,620,737,"Spinal nucleus of the trigeminal, caudal part",left
201,2200,3330,1252,518,656,Parasolitary nucleus,left
202,3123,3259,1237,735,638,Inferior olivary complex,left
202,3035,3126,1237,710,607,Inferior olivary complex,left
202,2924,2962,1236,683,570,Medulla,right
202,3032,3108,1237,708,603,Inferior olivary complex,left
202,2918,3155,1237,687,615,Medulla,left
202,3069,2733,1228,714,517,Inferior olivary complex,right
202,2211,3405,1253,521,672,Medulla,left
202,2941,3153,1238,691,615,Medulla,left
202,2970,2794,1231,691,532,Medulla,right
202,2228,3380,1252,526,666,Medulla,left
202,2568,3637,1246,607,713,"Medullary reticular nucleus, dorsal part",left
202,2586,3627,1246,611,711,"Medullary reticular nucleus, dorsal part",left
202,2851,3319,1243,676,651,"Medullary reticular nucleus, ventral part",left
203,3004,3015,1236,700,580,Inferior olivary complex,left
203,3059,2994,1236,711,575,Inferior olivary complex,left
203,2914,3146,1236,685,613,Medulla,left
203,3044,3098,1236,711,600,Inferior olivary complex,left
203,3085,3028,1236,717,583,Medulla,left
203,3015,2978,1236,701,572,Inferior olivary complex,left
203,3050,3007,1236,709,577,Inferior olivary complex,left
203,3124,3271,1236,735,640,Inferior olivary complex,left
203,2221,3359,1251,523,662,Nucleus of the solitary tract,left
203,2388,2269,1243,546,436,"Spinal nucleus of the trigeminal, interpolar part",right
203,2862,2220,1225,658,415,Parvicellular reticular nucleus,right
203,3042,3081,1236,709,596,Inferior olivary complex,left
203,3134,3263,1236,738,639,Medulla,left
198,3014,3010,1239,703,579,Inferior olivary complex,left
198,2294,2401,1250,527,464,Medulla,right
198,2913,3562,1251,694,702,"Lateral reticular nucleus, magnocellular part",left
198,2627,3702,1249,620,727,"Medullary reticular nucleus, dorsal part",left
198,2958,3165,1240,696,617,Medulla,left
198,3035,2898,1236,705,553,Inferior olivary complex,right
198,3100,3315,1242,731,650,Inferior olivary complex,left
198,2206,2455,1252,507,476,Cuneate nucleus,right
198,2576,3566,1246,609,700,"Medullary reticular nucleus, dorsal part",left
206,3036,3015,1235,706,580,Inferior olivary complex,left
206,2924,3164,1236,688,618,Medulla,left
206,3013,3004,1235,702,578,Inferior olivary complex,left
206,2934,3001,1235,685,579,Inferior olivary complex,left
206,2984,3005,1235,696,579,Inferior olivary complex,left
206,3046,3227,1236,715,630,Inferior olivary complex,left
206,3087,3270,1237,725,640,Inferior olivary complex,left
206,3046,3059,1235,709,591,Inferior olivary complex,left
206,1829,3000,1258,425,598,Uvula (IX),left
206,2208,3387,1251,521,668,Parasolitary nucleus,left
204,2928,3110,1236,688,605,Medulla,left
204,2958,2510,1228,689,474,"Lateral reticular nucleus, magnocellular part",right
204,3013,2994,1236,702,576,Inferior olivary complex,left
204,3093,2758,1227,719,521,Inferior olivary complex,right
204,3184,2508,1221,746,461,Medulla,right
204,2578,2153,1232,586,414,"Spinal nucleus of the trigeminal, interpolar part",right
204,2970,2763,1229,691,526,Medulla,right
204,3042,3197,1237,713,623,Inferior olivary complex,left
204,3079,3195,1236,722,623,Inferior olivary complex,left
204,3080,2972,1235,715,569,Nucleus raphe pallidus,right
204,3111,3290,1237,732,644,Inferior olivary complex,left
204,2802,3863,1249,662,765,"Spinal nucleus of the trigeminal, caudal part",left
204,3120,3249,1236,734,635,Medulla,left
211,2966,3168,1233,696,618,Medulla,left
211,3066,3195,1232,718,623,Inferior olivary complex,left
211,2235,2269,1244,508,438,Medulla,right
211,2913,3151,1233,685,614,Medulla,left
211,2915,3008,1232,681,582,Inferior olivary complex,left
211,2953,3145,1233,693,612,Medulla,left
211,2962,3147,1233,694,612,Medulla,left
211,2969,2964,1232,691,570,Nucleus raphe pallidus,right
211,2992,3040,1233,697,587,Inferior olivary complex,left
211,3060,3028,1232,711,584,Inferior olivary complex,left
211,3066,3012,1232,711,579,Inferior olivary complex,left
211,3079,3033,1232,715,585,Medulla,left
211,2583,2711,1235,602,523,"Medullary reticular nucleus, ventral part",right
211,2672,2178,1225,608,417,Parvicellular reticular nucleus,right
211,2877,2286,1223,664,428,Intermediate reticular nucleus,right
211,3073,2666,1222,715,502,Medulla,right
211,3127,3267,1232,734,639,Inferior olivary complex,left
211,2465,2003,1232,556,382,"Spinal nucleus of the trigeminal, interpolar part",right
211,2943,3148,1233,691,614,Medulla,left
205,2543,3686,1247,601,724,"Medullary reticular nucleus, dorsal part",left
205,2923,3135,1236,687,611,Medulla,left
205,2947,3146,1237,692,613,Medulla,left
205,2963,3186,1237,697,621,Medulla,left
205,3005,3138,1237,704,610,Inferior olivary complex,left
205,3035,3215,1237,713,628,Medulla,left
205,3063,3017,1236,712,580,Inferior olivary complex,left
205,3065,3029,1236,713,583,Inferior olivary complex,left
205,3141,3242,1235,738,633,pyramid,left
205,2206,2248,1247,501,433,Medulla,right
205,2331,2354,1246,534,454,Medulla,right
205,3028,3028,1236,705,584,Inferior olivary complex,left
205,3034,3054,1236,707,590,Inferior olivary complex,left
207,3039,3026,1234,707,582,Inferior olivary complex,left
207,2043,3536,1254,481,708,External cuneate nucleus,left
207,2750,2944,1233,642,571,Nucleus raphe obscurus,left
207,3096,3247,1235,727,634,Inferior olivary complex,left
207,2541,3364,1241,601,661,Intermediate reticular nucleus,left
207,3011,3103,1235,703,602,Inferior olivary complex,left
207,3076,2813,1228,714,534,Inferior olivary complex,right
207,3104,3264,1235,730,639,Inferior olivary complex,left
207,2591,3472,1241,613,681,"Medullary reticular nucleus, dorsal part",left
207,2644,2221,1229,603,425,Parvicellular reticular nucleus,right
207,2991,3291,1238,704,644,Medulla,left
207,2157,3298,1249,506,650,Parasolitary nucleus,left
210,2920,2985,1232,682,576,Inferior olivary complex,left
210,2974,2565,1224,692,485,"Lateral reticular nucleus, magnocellular part",right
210,3020,3078,1234,704,596,Inferior olivary complex,left
210,2988,3185,1234,702,621,Medulla,left
210,2459,2323,1237,563,447,Parvicellular reticular nucleus,right
210,2664,3733,1246,629,734,"Medullary reticular nucleus, dorsal part",left
210,2968,3153,1234,696,614,Medulla,left
210,3146,3239,1232,739,633,pyramid,left
210,3038,3085,1233,709,597,Inferior olivary complex,left
218,2942,2974,1229,685,573,Inferior olivary complex,left
218,2921,2999,1229,681,579,Inferior olivary complex,left
218,3041,2846,1225,705,542,Inferior olivary complex,right
218,3043,3081,1229,709,596,Inferior olivary complex,left
218,3054,3317,1233,718,649,Medulla,left
218,2555,3305,1236,603,649,Intermediate reticular nucleus,left
218,2622,2484,1229,608,478,Intermediate reticular nucleus,right
218,2919,3126,1230,684,608,Medulla,left
218,2952,3126,1230,691,608,Medulla,left
218,2979,3210,1231,699,627,Medulla,left
218,3007,3296,1233,706,644,Medulla,left
218,3009,3252,1232,707,635,Medulla,left
218,3035,3108,1229,708,603,Inferior olivary complex,left
218,3048,3300,1233,717,646,Medulla,left
218,3058,2996,1229,709,575,Medulla,left
218,2244,3405,1246,529,671,Nucleus of the solitary tract,left
218,2629,3764,1244,619,739,"Spinal nucleus of the trigeminal, caudal part",left
218,2744,1966,1218,626,371,"Spinal nucleus of the trigeminal, interpolar part",right
218,3066,3047,1229,712,587,Inferior olivary complex,left
218,3081,2360,1218,716,434,Medulla,right
209,3001,3033,1235,699,585,Inferior olivary complex,left
209,3047,3032,1234,708,584,Inferior olivary complex,left
209,2959,2778,1228,688,530,Medulla,right
209,3018,2502,1225,702,469,"Lateral reticular nucleus, magnocellular part",right
209,3112,3234,1234,730,632,Inferior olivary complex,left
209,2877,3390,1243,682,665,"Lateral reticular nucleus, magnocellular part",left
209,3054,3136,1234,714,609,Inferior olivary complex,left
209,3053,3254,1236,718,636,Medulla,left
209,2859,2953,1232,668,570,Medulla,right
209,3037,3364,1241,715,660,Medulla,left
209,2218,3393,1250,524,670,Medulla,left
209,3074,3058,1234,715,591,Medulla,left
208,3096,3271,1235,728,640,Inferior olivary complex,left
208,2526,3519,1242,597,692,"Medullary reticular nucleus, dorsal part",left
208,2432,3431,1244,574,676,"Medullary reticular nucleus, dorsal part",left
208,2599,2233,1231,593,429,Parvicellular reticular nucleus,right
208,2755,2243,1226,632,425,Parvicellular reticular nucleus,right
220,2933,3177,1229,689,619,Medulla,left
220,3049,3108,1228,711,603,Inferior olivary complex,left
220,3045,3022,1228,706,582,Inferior olivary complex,left
220,3051,3191,1228,714,622,Inferior olivary complex,left
220,3009,3033,1229,700,586,Inferior olivary complex,left
220,2932,2998,1228,683,579,Inferior olivary complex,left
220,2964,2984,1228,690,575,Inferior olivary complex,left
220,3060,2854,1224,709,544,Inferior olivary complex,right
220,2986,3184,1229,700,621,Medulla,left
220,3017,3074,1229,702,595,Inferior olivary complex,left
220,3041,3124,1228,709,607,Inferior olivary complex,left
220,3046,3179,1228,712,620,Inferior olivary complex,left
220,3058,3166,1228,715,616,Inferior olivary complex,left
220,3065,3132,1228,715,608,Inferior olivary complex,left
220,1105,3147,1270,256,651,Folium-tuber vermis (VII),left
220,2202,3373,1245,518,665,Parasolitary nucleus,left
220,2297,2367,1241,524,458,Medulla,right
220,2784,3805,1243,658,750,"Spinal nucleus of the trigeminal, caudal part",left
220,2870,2126,1216,657,395,Parvicellular reticular nucleus,right
212,3030,2970,1232,703,570,Nucleus raphe pallidus,right
212,2945,2478,1225,685,468,"Lateral reticular nucleus, magnocellular part",right
212,3083,3212,1232,723,626,Inferior olivary complex,left
212,2713,3736,1246,642,734,"Medullary reticular nucleus, dorsal part",left
212,3028,3035,1232,705,585,Inferior olivary complex,left
212,3083,3240,1233,724,633,Inferior olivary complex,left
212,3035,3073,1232,707,595,Inferior olivary complex,left
212,3047,3326,1237,716,651,Medulla,left
212,3087,3224,1232,724,630,Inferior olivary complex,left
212,2689,3813,1247,634,750,"Spinal nucleus of the trigeminal, caudal part",left
212,2914,3140,1233,684,612,Medulla,left
212,3064,3205,1232,718,625,Inferior olivary complex,left
212,3071,3189,1232,719,622,Inferior olivary complex,left
212,2325,3386,1245,549,667,"Medullary reticular nucleus, dorsal part",left
212,3026,3020,1232,703,582,Inferior olivary complex,left
215,2928,2970,1229,683,572,Inferior olivary complex,left
215,2958,3207,1232,695,626,Medulla,left
215,3128,3235,1229,735,632,Medulla,left
215,2723,2571,1227,635,493,Intermediate reticular nucleus,right
215,3068,3217,1230,720,627,Inferior olivary complex,left
215,2432,3207,1240,572,630,Intermediate reticular nucleus,left
215,2904,2701,1223,675,515,Gigantocellular reticular nucleus,right
215,3039,3166,1230,711,616,Inferior olivary complex,left
215,2551,2780,1236,593,538,"Medullary reticular nucleus, ventral part",right
219,3043,3004,1228,706,578,Inferior olivary complex,left
219,3053,3157,1228,714,614,Inferior olivary complex,left
219,2937,3015,1228,684,583,Inferior olivary complex,left
219,2733,2942,1228,638,571,Nucleus raphe obscurus,left
219,2846,2957,1227,664,571,Medulla,left
219,2904,2984,1228,677,576,Inferior olivary complex,left
219,2937,3187,1229,689,621,Medulla,left
219,3014,2581,1219,700,487,Medulla,right
219,3025,3036,1228,703,585,Inferior olivary complex,left
219,3082,3182,1228,720,620,Inferior olivary complex,left
219,2674,2828,1229,621,548,Gigantocellular reticular nucleus,right
219,2937,2962,1227,683,570,Medulla,right
219,2947,3193,1230,692,624,Medulla,left
219,2946,3108,1229,689,604,Medulla,left
219,3004,3283,1232,706,642,Medulla,left
219,3029,3134,1228,708,609,Inferior olivary complex,left
219,3052,2798,1222,707,532,Inferior olivary complex,right
219,3099,3232,1228,727,631,Inferior olivary complex,left
219,2156,3323,1244,506,655,Parasolitary nucleus,left
213,2920,2973,1231,681,574,Inferior olivary complex,left
213,2994,3052,1233,698,589,Inferior olivary complex,left
213,3052,2465,1222,709,460,"Lateral reticular nucleus, magnocellular part",right
213,3057,2848,1227,708,542,Inferior olivary complex,right
213,2904,3271,1236,686,640,Medulla,left
213,2974,2783,1226,691,531,Medulla,right
213,2983,3221,1234,701,629,Medulla,left
213,2993,3226,1234,703,630,Medulla,left
213,3067,3237,1233,719,632,Inferior olivary complex,left
213,3114,3243,1232,731,634,Inferior olivary complex,left
213,3118,3265,1232,733,639,Inferior olivary complex,left
213,2796,2948,1230,653,571,Nucleus raphe obscurus,left
213,3051,3202,1233,715,624,Inferior olivary complex,left
214,3010,3266,1234,707,638,Medulla,left
214,2948,2994,1231,687,577,Inferior olivary complex,left
214,3042,2772,1224,706,526,Inferior olivary complex,right
214,3052,2760,1224,708,523,Inferior olivary complex,right
214,2681,2427,1228,621,464,Intermediate reticular nucleus,right
214,2957,2534,1223,687,480,"Lateral reticular nucleus, magnocellular part",right
214,3033,3023,1231,705,583,Inferior olivary complex,left
214,3040,3111,1231,709,603,Inferior olivary complex,left
214,3065,3076,1231,713,594,Inferior olivary complex,left
214,3045,3162,1231,712,615,Inferior olivary complex,left
217,3059,3198,1230,717,624,Inferior olivary complex,left
217,2945,3141,1231,690,611,Medulla,left
217,3042,3139,1230,710,610,Inferior olivary complex,left
217,3012,2970,1230,699,570,Nucleus raphe pallidus,right
217,3017,3060,1231,702,591,Inferior olivary complex,left
217,3079,3380,1235,725,663,Medulla,left
217,2753,2124,1220,628,402,Parvicellular reticular nucleus,right
217,3080,3224,1230,722,630,Inferior olivary complex,left
217,2490,3297,1238,587,648,Intermediate reticular nucleus,left
217,2877,3756,1244,683,744,"Medullary reticular nucleus, dorsal part",left
217,2919,3148,1231,685,614,Medulla,left
217,2966,3143,1231,695,612,Medulla,left
217,2965,3194,1231,696,623,Medulla,left
217,3035,3087,1230,707,597,Inferior olivary complex,left
217,3045,3038,1230,707,586,Inferior olivary complex,left
217,3076,3236,1231,721,632,Inferior olivary complex,left
216,2950,2966,1230,687,571,Inferior olivary complex,left
216,2985,3045,1231,695,588,Inferior olivary complex,left
216,3027,3280,1233,711,641,Medulla,left
216,3060,3066,1230,711,592,Inferior olivary complex,left
216,3078,3333,1234,724,653,Medulla,left
216,3046,3014,1230,707,580,Inferior olivary complex,left
216,3066,3078,1230,713,596,Inferior olivary complex,left
222,3175,2597,1213,741,482,Medulla,right
222,2979,3041,1228,694,587,Inferior olivary complex,left
222,2998,3033,1228,698,586,Inferior olivary complex,left
222,2934,2979,1227,683,575,Inferior olivary complex,left
222,2989,3020,1228,695,583,Inferior olivary complex,left
222,2931,3150,1228,687,614,Medulla,left
222,3011,2399,1219,698,448,"Lateral reticular nucleus, magnocellular part",right
222,3020,3325,1232,710,650,Medulla,left
222,3032,3313,1232,712,648,Medulla,left
222,2243,2416,1242,514,470,Parasolitary nucleus,right
222,2338,2479,1238,538,481,Nucleus of the solitary tract,right
222,2767,2486,1223,644,475,Intermediate reticular nucleus,right
222,2980,3215,1229,699,628,Medulla,left
222,2568,2686,1231,598,519,Intermediate reticular nucleus,right
222,2816,3847,1242,665,760,"Spinal nucleus of the trigeminal, interpolar part",left
222,3038,3077,1227,707,595,Inferior olivary complex,left
222,3055,3146,1227,713,612,Inferior olivary complex,left
237,2933,3019,1221,683,584,Inferior olivary complex,left
237,2912,2991,1220,677,578,Inferior olivary complex,left
237,2179,3394,1238,512,670,Parasolitary nucleus,left
237,2193,3403,1238,516,672,Parasolitary nucleus,left
237,2678,3649,1234,633,716,Parvicellular reticular nucleus,left
237,2869,2958,1219,668,572,Medulla,left
237,3011,3100,1220,701,601,Inferior olivary complex,left
237,3020,3082,1220,702,597,Inferior olivary complex,left
237,3028,3033,1220,702,586,Inferior olivary complex,left
237,3034,3062,1220,704,592,Inferior olivary complex,left
237,3046,3232,1221,713,631,Medulla,left
237,2112,3203,1236,491,633,Medulla,left
237,2301,2417,1234,525,470,Nucleus of the solitary tract,right
237,2538,3692,1234,598,724,Parvicellular reticular nucleus,left
237,2984,3226,1222,699,629,Medulla,left
237,1101,2640,1256,241,541,arbor vitae,right
237,2185,3391,1238,513,669,Parasolitary nucleus,left
221,2940,3008,1228,685,581,Inferior olivary complex,left
221,2948,3156,1229,691,615,Medulla,left
221,2939,2984,1228,684,576,Inferior olivary complex,left
221,2961,3011,1228,689,581,Inferior olivary complex,left
221,3005,3020,1229,698,582,Inferior olivary complex,left
221,3026,3094,1228,705,600,Inferior olivary complex,left
221,3036,3059,1228,706,591,Inferior olivary complex,left
221,3108,3231,1228,729,631,Inferior olivary complex,left
221,3115,3239,1228,731,633,Inferior olivary complex,left
221,2189,3357,1244,515,661,Parasolitary nucleus,left
221,2632,3474,1237,623,682,Intermediate reticular nucleus,left
221,2922,3142,1229,685,612,Medulla,left
221,3025,3281,1231,710,641,Medulla,left
223,3030,3024,1226,703,583,Inferior olivary complex,left
223,2909,2960,1225,677,571,Medulla,left
223,2755,2941,1226,642,570,Nucleus raphe obscurus,right
223,2942,3132,1227,688,609,Medulla,left
223,2972,3151,1227,695,613,Medulla,left
223,2994,3300,1231,704,645,Medulla,left
223,3032,3014,1226,703,581,Inferior olivary complex,left
223,3045,3286,1229,715,642,Medulla,left
223,3014,3271,1229,708,639,Medulla,left
223,3033,3238,1228,712,633,Medulla,left
224,2981,3009,1227,693,580,Inferior olivary complex,left
224,2940,2992,1226,684,577,Inferior olivary complex,left
224,2994,3203,1227,702,625,Medulla,left
224,3023,3058,1226,703,592,Inferior olivary complex,left
224,2231,3427,1244,525,676,Nucleus of the solitary tract,left
224,2249,2364,1240,513,459,Cuneate nucleus,right
224,2588,3342,1233,612,656,Intermediate reticular nucleus,left
224,2716,3829,1242,639,753,"Spinal nucleus of the trigeminal, caudal part",left
224,3040,3092,1226,708,599,Inferior olivary complex,left
224,3058,3092,1226,712,598,Inferior olivary complex,left
227,3062,3339,1229,719,654,Medulla,left
227,2944,3002,1224,685,579,Inferior olivary complex,left
227,2892,2985,1224,673,577,Inferior olivary complex,left
227,2950,2966,1224,685,571,Inferior olivary complex,left
227,3007,3001,1224,697,578,Inferior olivary complex,left
227,3009,2983,1224,698,574,Inferior olivary complex,left
227,3036,2989,1224,703,575,Inferior olivary complex,left
227,3049,2819,1219,706,537,Inferior olivary complex,right
227,2584,3786,1240,608,743,"Spinal nucleus of the trigeminal, caudal part",left
227,2911,3025,1224,678,586,Inferior olivary complex,left
227,2942,3166,1225,689,617,Medulla,left
227,2964,3177,1225,694,619,Medulla,left
227,2979,3227,1226,699,630,Medulla,left
227,2135,3261,1240,499,642,Parasolitary nucleus,left
227,2747,3788,1240,647,745,Parvicellular reticular nucleus,left
227,2853,1929,1213,654,359,"Spinal nucleus of the trigeminal, interpolar part",right
227,2994,3191,1225,701,622,Medulla,left
227,2275,2388,1238,519,465,Parasolitary nucleus,right
225,2854,2952,1225,666,570,Medulla,right
225,2961,2975,1226,688,573,Inferior olivary complex,left
225,2971,2970,1226,690,572,Inferior olivary complex,left
225,2153,3307,1242,505,651,Parasolitary nucleus,left
225,2994,3264,1229,703,638,Medulla,left
225,3065,2894,1223,709,553,Inferior olivary complex,right
225,3109,3202,1225,728,624,Medulla,left
225,2151,3296,1242,504,649,Parasolitary nucleus,left
225,2172,3361,1243,510,663,Parasolitary nucleus,left
225,2480,3325,1235,584,654,Intermediate reticular nucleus,left
225,2690,2003,1217,611,382,"Spinal nucleus of the trigeminal, interpolar part",right
225,2960,3195,1228,694,623,Medulla,left
225,2966,3135,1227,694,610,Medulla,left
225,3029,2421,1217,703,452,"Lateral reticular nucleus, magnocellular part",right
225,2170,3391,1243,510,669,Parasolitary nucleus,left
225,2765,3698,1241,655,728,"Medullary reticular nucleus, dorsal part",left
225,2939,3140,1227,689,611,Medulla,left
225,3151,3338,1227,742,655,Medulla,left
226,3040,3100,1225,708,601,Inferior olivary complex,left
226,3023,3067,1225,703,593,Inferior olivary complex,left
226,3035,3121,1225,708,606,Inferior olivary complex,left
226,2600,1977,1219,589,377,"Spinal nucleus of the trigeminal, interpolar part",right
226,2926,3140,1226,685,612,Medulla,left
226,2932,3159,1226,687,616,Medulla,left
226,2962,2967,1225,688,571,Inferior olivary complex,left
226,2975,3133,1226,695,610,Medulla,left
226,2989,3036,1226,695,586,Inferior olivary complex,left
226,3028,3266,1228,711,638,Medulla,left
226,2245,3675,1247,529,731,"Spinal nucleus of the trigeminal, interpolar part",left
226,2574,2811,1231,598,545,Gigantocellular reticular nucleus,right
226,2617,2810,1229,607,544,Gigantocellular reticular nucleus,right
226,3071,3218,1225,719,629,Inferior olivary complex,left
226,2150,3310,1241,504,652,Parasolitary nucleus,left
226,2426,2292,1232,552,442,"Spinal nucleus of the trigeminal, interpolar part",right
231,2922,2982,1222,679,575,Inferior olivary complex,left
231,3088,3269,1223,724,639,Inferior olivary complex,left
231,2988,2996,1222,693,577,Inferior olivary complex,left
231,2928,3041,1223,682,589,Inferior olivary complex,left
231,3006,3257,1225,705,636,Medulla,left
231,3037,3085,1222,706,598,Inferior olivary complex,left
231,2258,3501,1241,532,692,Medulla,left
231,2171,3388,1240,510,669,Parasolitary nucleus,left
231,3060,3078,1222,711,596,Inferior olivary complex,left
228,3048,3042,1224,707,587,Inferior olivary complex,left
228,3003,2990,1224,697,576,Inferior olivary complex,left
228,3019,3314,1229,709,648,Medulla,left
228,3020,3089,1224,703,599,Inferior olivary complex,left
228,3056,3098,1224,711,601,Inferior olivary complex,left
228,2943,2675,1217,684,510,Gigantocellular reticular nucleus,right
228,2977,2986,1224,691,575,Inferior olivary complex,left
228,3052,3327,1228,716,650,Medulla,left
228,3075,3382,1229,723,662,Medulla,left
228,2951,3169,1225,691,618,Medulla,left
228,2994,3222,1226,702,628,Medulla,left
228,3057,2974,1223,707,571,Nucleus raphe pallidus,left
228,3067,3085,1224,712,597,Inferior olivary complex,left
228,2200,2513,1240,504,490,Parasolitary nucleus,right
228,3045,3054,1224,707,590,Inferior olivary complex,left
228,3069,3028,1224,711,584,Inferior olivary complex,left
229,2823,2958,1223,659,573,Medulla,left
229,2994,3023,1225,696,584,Inferior olivary complex,left
229,3015,3252,1226,707,635,Medulla,left
229,3056,3071,1224,710,594,Inferior olivary complex,left
229,2190,2363,1239,499,460,Cuneate nucleus,right
229,2960,3011,1225,688,581,Inferior olivary complex,left
229,3064,2830,1219,710,539,Inferior olivary complex,right
229,2113,3256,1240,494,642,Parasolitary nucleus,left
229,2123,3245,1240,497,640,Parasolitary nucleus,left
229,2848,2945,1223,664,569,Medulla,right
229,2956,3191,1226,693,622,Medulla,left
229,2969,2995,1224,690,577,Inferior olivary complex,left
229,3031,3044,1224,703,588,Inferior olivary complex,left
229,3038,3133,1224,709,609,Inferior olivary complex,left
229,3041,3071,1224,706,594,Inferior olivary complex,left
229,3155,3386,1226,744,665,Medulla,left
229,2244,2386,1239,512,464,Parasolitary nucleus,right
229,2531,3746,1239,596,736,Parvicellular reticular nucleus,left
229,2564,2800,1231,595,543,Gigantocellular reticular nucleus,right
233,2944,2989,1222,684,577,Inferior olivary complex,left
233,2802,2047,1211,638,385,"Spinal nucleus of the trigeminal, interpolar part",right
233,3000,3049,1223,697,590,Inferior olivary complex,left
233,2121,3219,1238,495,635,Medulla,left
233,2203,3397,1240,519,669,Parasolitary nucleus,left
233,2307,3541,1240,544,700,"Spinal nucleus of the trigeminal, interpolar part",left
233,2333,3575,1239,551,707,"Spinal nucleus of the trigeminal, interpolar part",left
233,3074,3249,1223,720,635,Medulla,left
233,2884,2956,1221,671,571,Medulla,left
233,3045,2963,1221,704,569,Nucleus raphe pallidus,right
233,3117,3556,1229,740,707,Medulla,left
233,3177,3279,1220,746,642,Medulla,left
233,3185,2516,1207,744,464,Medulla,right
230,2562,2192,1223,581,422,"Spinal nucleus of the trigeminal, interpolar part",right
230,3043,2594,1213,707,489,Medulla,right
230,3072,2811,1217,711,534,Inferior olivary complex,right
230,2136,3270,1239,499,645,Parasolitary nucleus,left
230,2611,3674,1237,615,721,Parvicellular reticular nucleus,left
230,2732,1792,1220,629,328,"Spinal nucleus of the trigeminal, interpolar part",right
230,2768,2940,1223,645,570,Nucleus raphe obscurus,right
230,3051,3034,1223,707,586,Inferior olivary complex,left
230,3085,3260,1224,723,637,Inferior olivary complex,left
230,2259,2386,1238,516,464,Parasolitary nucleus,right
230,2287,2378,1237,521,462,Nucleus of the solitary tract,right
230,2965,3034,1224,690,587,Inferior olivary complex,left
232,2950,3150,1223,690,613,Medulla,left
232,2140,3278,1238,501,646,Parasolitary nucleus,left
232,2996,3256,1225,702,636,Medulla,left
232,2126,3236,1238,496,638,Parasolitary nucleus,left
232,2231,2271,1235,505,439,Cuneate nucleus,right
232,2750,2051,1212,625,389,"Spinal nucleus of the trigeminal, interpolar part",right
232,2890,2603,1216,671,497,"Lateral reticular nucleus, magnocellular part",right
232,2981,3146,1223,696,612,Medulla,left
232,3015,3073,1223,701,595,Inferior olivary complex,left
232,3040,3119,1222,708,606,Inferior olivary complex,left
232,3073,3240,1223,720,633,Medulla,left
232,2122,3278,1238,496,647,Parasolitary nucleus,left
232,2244,2392,1237,512,465,Parasolitary nucleus,right
232,2875,2952,1221,669,570,Medulla,right
232,2957,3348,1230,695,655,"Lateral reticular nucleus, magnocellular part",left
232,3046,2987,1222,705,574,Inferior olivary complex,left
232,2962,3186,1224,693,621,Medulla,left
232,3055,3045,1222,708,588,Inferior olivary complex,left
239,2951,3028,1219,685,586,Inferior olivary complex,left
239,2763,3475,1231,656,682,Intermediate reticular nucleus,left
239,2137,3272,1234,499,645,Parasolitary nucleus,left
239,2876,3378,1228,679,662,"Lateral reticular nucleus, magnocellular part",left
239,3023,3067,1218,702,593,Inferior olivary complex,left
239,3029,2552,1209,702,481,Medulla,right
239,3100,3436,1224,730,675,Medulla,left
239,2218,3410,1236,522,673,Nucleus of the solitary tract,left
239,2402,3699,1235,567,731,"Spinal nucleus of the trigeminal, interpolar part",left
239,3011,3244,1220,705,634,Medulla,left
239,2148,3321,1235,503,655,Parasolitary nucleus,left
234,2829,2953,1220,659,572,Nucleus raphe obscurus,left
234,2207,2363,1236,502,460,Cuneate nucleus,right
234,2939,2362,1214,680,443,"Paragigantocellular reticular nucleus, lateral part",right
234,3042,3103,1221,707,602,Inferior olivary complex,left
234,3047,3029,1221,705,585,Inferior olivary complex,left
234,3058,3370,1227,719,660,Medulla,left
234,2168,3376,1238,510,666,Parasolitary nucleus,left
234,2636,3292,1228,622,645,Intermediate reticular nucleus,left
234,2786,3375,1231,660,661,Intermediate reticular nucleus,left
234,2941,3021,1222,684,584,Inferior olivary complex,left
234,2996,3237,1223,702,632,Medulla,left
234,3000,3209,1222,702,626,Medulla,left
234,3059,3092,1221,711,599,Inferior olivary complex,left
234,3059,3304,1224,718,646,Medulla,left
234,2252,2365,1236,512,460,Parasolitary nucleus,right
234,3001,3065,1222,697,593,Inferior olivary complex,left
236,3012,3062,1221,699,592,Inferior olivary complex,left
236,2908,3039,1221,678,589,Inferior olivary complex,left
236,2655,3541,1232,628,695,Parvicellular reticular nucleus,left
236,3008,3033,1221,698,586,Inferior olivary complex,left
236,3013,3042,1221,699,587,Inferior olivary complex,left
236,3033,3093,1220,706,600,Inferior olivary complex,left
236,3053,3308,1223,716,647,Medulla,left
236,3064,3010,1220,709,580,Inferior olivary complex,left
236,2931,2963,1220,680,572,Inferior olivary complex,left
236,3016,3272,1223,707,639,Medulla,left
236,3064,3315,1223,719,648,Medulla,left
236,2162,3380,1238,507,667,Parasolitary nucleus,left
236,2185,2370,1235,497,462,Cuneate nucleus,right
236,2609,2130,1217,591,410,Parvicellular reticular nucleus,right
236,3056,3018,1220,707,582,Inferior olivary complex,left
236,2151,3404,1238,505,674,Cuneate nucleus,left
236,2172,3387,1238,510,668,Parasolitary nucleus,left
236,2266,2373,1235,516,462,Parasolitary nucleus,right
236,3141,3033,1217,727,586,Medulla,left
238,2952,3012,1220,685,582,Inferior olivary complex,left
238,2131,3247,1235,497,640,Parasolitary nucleus,left
238,2173,3403,1237,511,673,Parasolitary nucleus,left
238,2830,2937,1218,658,568,Nucleus raphe obscurus,right
238,3065,3136,1218,714,610,Inferior olivary complex,left
238,3032,2962,1219,701,569,Nucleus raphe pallidus,right
238,3069,3271,1220,719,639,Medulla,left
238,2129,3337,1236,499,659,Parasolitary nucleus,left
238,2158,3340,1236,506,659,Parasolitary nucleus,left
238,3064,2983,1218,708,574,Nucleus raphe pallidus,left
238,3074,3250,1220,720,635,Medulla,left
235,2940,3051,1221,684,591,Inferior olivary complex,left
235,2966,3029,1221,689,586,Inferior olivary complex,left
235,3153,2593,1206,735,484,Medulla,right
235,2891,3473,1234,684,682,"Lateral reticular nucleus, magnocellular part",left
235,3034,3025,1220,703,584,Inferior olivary complex,left
235,3052,3083,1220,708,598,Inferior olivary complex,left
235,3060,3326,1224,718,650,Medulla,left
235,3067,3027,1220,709,583,Inferior olivary complex,left
235,3077,2478,1210,713,463,Medulla,right
235,2116,3239,1236,493,639,Parasolitary nucleus,left
235,2539,3609,1233,599,709,Parvicellular reticular nucleus,left
235,2974,3050,1221,692,590,Inferior olivary complex,left
235,3061,3216,1220,716,627,Medulla,left
235,3158,3403,1222,745,670,Medulla,left
235,2126,3223,1236,496,636,Nucleus of the solitary tract,left
235,2148,3351,1237,504,661,Parasolitary nucleus,left
235,2151,3317,1237,504,653,Parasolitary nucleus,left
235,2798,2281,1214,644,431,Parvicellular reticular nucleus,right
235,3017,3114,1220,702,605,Inferior olivary complex,left
235,3034,3554,1232,719,703,"Lateral reticular nucleus, magnocellular part",left
242,3019,3053,1217,700,591,Inferior olivary complex,left
242,827,3111,1264,169,652,Declive (VI),left
242,2836,2955,1217,659,572,Nucleus raphe obscurus,left
242,2106,3189,1233,489,630,Medulla,left
242,2438,1940,1218,548,368,"Spinal nucleus of the trigeminal, interpolar part",right
242,2554,2191,1219,579,422,"Spinal nucleus of the trigeminal, interpolar part",right
242,2948,3120,1218,688,607,Medulla,left
242,2982,3217,1219,698,627,Medulla,left
242,3039,3201,1217,711,624,Inferior olivary complex,left
242,3049,3212,1217,713,626,Inferior olivary complex,left
242,2149,3344,1234,504,660,Parasolitary nucleus,left
240,2921,3007,1218,679,581,Inferior olivary complex,left
240,2938,2997,1218,682,578,Inferior olivary complex,left
240,2940,3018,1219,683,584,Inferior olivary complex,left
240,3030,3318,1223,711,649,Medulla,left
240,3037,3086,1218,705,598,Inferior olivary complex,left
240,2240,2401,1234,510,468,Parasolitary nucleus,right
240,2974,2971,1218,689,572,Inferior olivary complex,left
240,2143,3351,1235,503,661,Parasolitary nucleus,left
240,2170,3391,1236,509,669,Parasolitary nucleus,left
240,2170,3380,1236,509,667,Parasolitary nucleus,left
240,2983,2978,1218,691,574,Inferior olivary complex,left
240,3029,3398,1226,712,666,Medulla,left
240,2170,3419,1237,510,676,Parasolitary nucleus,left
240,3000,3066,1219,697,594,Inferior olivary complex,left
241,3011,3279,1222,706,641,Medulla,left
241,3089,3190,1217,722,622,Inferior olivary complex,left
241,2125,3210,1234,495,633,Nucleus of the solitary tract,left
241,2127,3234,1234,495,638,Parasolitary nucleus,left
241,3000,3079,1219,697,597,Inferior olivary complex,left
241,3041,3068,1218,705,594,Inferior olivary complex,left
241,3042,3218,1219,711,628,Inferior olivary complex,left
241,2117,3300,1234,494,652,Parasolitary nucleus,left
241,2128,3223,1234,496,636,Nucleus of the solitary tract,left
241,2141,3342,1235,501,659,Parasolitary nucleus,left
241,2235,3646,1240,526,725,"Spinal nucleus of the trigeminal, interpolar part",left
241,2567,3768,1235,603,740,Parvicellular reticular nucleus,left
241,3020,3195,1219,706,623,Medulla,left
241,3040,3225,1219,711,629,Medulla,left
241,2164,2540,1235,495,496,Parasolitary nucleus,right
241,2170,3402,1236,510,672,Parasolitary nucleus,left
241,2175,3415,1237,511,675,Parasolitary nucleus,left
241,2182,3417,1237,512,675,Parasolitary nucleus,left
241,3019,3017,1218,699,582,Inferior olivary complex,left
241,3032,3019,1218,702,583,Inferior olivary complex,left
241,3047,3075,1218,707,596,Inferior olivary complex,left
241,3059,3032,1218,708,585,Inferior olivary complex,left
241,3060,3033,1218,708,586,Inferior olivary complex,left
243,3033,3210,1217,710,626,Inferior olivary complex,left
243,3030,3335,1221,710,652,Medulla,left
243,2997,3063,1217,695,594,Inferior olivary complex,left
243,3015,3010,1216,698,581,Inferior olivary complex,left
243,3018,2961,1216,698,569,Nucleus raphe pallidus,right
243,3049,3058,1216,707,592,Inferior olivary complex,left
243,3074,3240,1216,719,633,Inferior olivary complex,left
243,2104,3252,1232,490,642,Medulla,left
243,2226,3441,1235,523,680,Nucleus of the solitary tract,left
243,2979,3188,1217,697,622,Medulla,left
243,3027,3215,1217,707,627,Inferior olivary complex,left
243,3032,3230,1217,709,630,Inferior olivary complex,left
243,3107,2534,1204,721,474,Medulla,right
243,2118,3285,1232,495,648,Parasolitary nucleus,left
243,3004,3246,1218,704,633,Medulla,left
243,3014,3031,1216,698,585,Inferior olivary complex,left
243,3025,3094,1216,703,600,Inferior olivary complex,left
243,3070,3015,1215,710,582,Inferior olivary complex,left
243,2995,2999,1217,693,579,Inferior olivary complex,left
245,2905,3005,1216,675,582,Inferior olivary complex,left
245,2887,3023,1217,671,587,crossed tectospinal pathway,left
245,2939,2974,1216,682,574,Inferior olivary complex,left
245,2947,2576,1210,682,490,"Lateral reticular nucleus, magnocellular part",right
245,3002,3046,1217,696,589,Inferior olivary complex,left
245,3019,3173,1216,705,619,Inferior olivary complex,left
245,3030,3045,1216,702,589,Inferior olivary complex,left
245,3039,2990,1216,703,576,Inferior olivary complex,left
245,3064,3033,1215,709,586,Inferior olivary complex,left
245,2127,3215,1233,495,634,Nucleus of the solitary tract,left
245,2131,3325,1233,498,657,Parasolitary nucleus,left
245,2230,2436,1232,508,475,Parasolitary nucleus,right
245,2493,3710,1232,588,730,"Spinal nucleus of the trigeminal, interpolar part",left
245,2523,2781,1225,585,539,Gigantocellular reticular nucleus,right
245,2772,3387,1227,656,663,Intermediate reticular nucleus,left
245,2994,3175,1217,700,619,Inferior olivary complex,left
245,3004,2987,1216,695,575,Inferior olivary complex,left
245,3036,3042,1216,703,588,Inferior olivary complex,left
245,2180,3442,1235,512,681,Cuneate nucleus,left
246,2951,3005,1216,684,581,Inferior olivary complex,left
246,3037,3028,1215,702,585,Inferior olivary complex,left
246,2167,3419,1234,508,677,Parasolitary nucleus,left
246,2977,2979,1215,689,575,Inferior olivary complex,left
246,3071,3119,1214,714,606,Inferior olivary complex,left
246,2507,2806,1226,580,544,Nucleus of Roller,right
246,3031,3062,1215,702,592,Inferior olivary complex,left
246,3100,3017,1213,716,582,Medulla,left
246,845,3117,1262,175,653,Declive (VI),left
246,2109,3188,1232,490,630,Medulla,left
246,2154,2552,1232,492,498,Parasolitary nucleus,right
246,2188,3412,1234,514,673,Parasolitary nucleus,left
246,2340,2047,1222,525,392,"Spinal nucleus of the trigeminal, interpolar part",right
246,2784,2944,1215,647,572,Nucleus raphe obscurus,left
244,2997,3142,1217,698,611,Inferior olivary complex,left
244,3047,3007,1216,704,579,Inferior olivary complex,left
244,2157,3338,1233,505,659,Parasolitary nucleus,left
244,2180,3410,1235,512,674,Parasolitary nucleus,left
244,2237,3729,1239,526,743,"Spinal nucleus of the trigeminal, interpolar part",left
244,2759,2943,1217,641,572,Nucleus raphe obscurus,left
244,2993,2989,1216,693,576,Inferior olivary complex,left
244,3002,3177,1217,701,619,Inferior olivary complex,left
244,3009,3019,1216,697,583,Inferior olivary complex,left
244,3028,3308,1220,710,647,Medulla,left
244,3031,3069,1216,703,595,Inferior olivary complex,left
244,3047,3225,1217,712,629,Inferior olivary complex,left
244,3089,3034,1215,715,586,Medulla,left
244,2169,3382,1234,509,667,Parasolitary nucleus,left
244,2482,1969,1216,558,376,"Spinal nucleus of the trigeminal, interpolar part",right
244,2900,3308,1223,682,647,"Lateral reticular nucleus, magnocellular part",left
244,3009,3323,1221,706,650,Medulla,left
244,3022,2247,1205,696,412,rubrospinal tract,right
244,3069,3006,1215,709,579,Inferior olivary complex,left
244,2235,3463,1235,526,685,Nucleus of the solitary tract,left
244,3051,3193,1216,713,623,Inferior olivary complex,left
249,3021,3035,1214,699,587,Inferior olivary complex,left
249,2992,3163,1215,698,616,Inferior olivary complex,left
249,3013,3167,1214,703,616,Inferior olivary complex,left
249,2366,3554,1230,557,702,"Spinal nucleus of the trigeminal, interpolar part",left
249,2989,2533,1207,692,480,"Lateral reticular nucleus, magnocellular part",right
249,2115,3237,1231,492,639,Parasolitary nucleus,left
249,2992,3173,1215,698,619,Medulla,left
249,3001,3004,1214,694,580,Inferior olivary complex,left
249,3044,3197,1214,711,623,Inferior olivary complex,left
249,1152,3065,1251,261,632,arbor vitae,left
249,2263,2330,1229,514,453,Medulla,right
249,3047,3029,1214,704,585,Inferior olivary complex,left
249,3092,3030,1213,714,585,Medulla,left
249,3116,3045,1212,721,589,Medulla,left
248,3005,3038,1215,696,588,Inferior olivary complex,left
248,2988,3149,1215,697,613,Inferior olivary complex,left
248,2974,3329,1221,698,651,Medulla,left
248,3038,2574,1205,704,486,Medulla,right
248,2766,3353,1224,654,657,Intermediate reticular nucleus,left
248,2958,2969,1214,685,573,Inferior olivary complex,left
248,2987,3010,1215,691,581,Inferior olivary complex,left
248,3053,3242,1215,715,633,Inferior olivary complex,left
248,3085,3044,1213,714,589,Inferior olivary complex,left
248,891,2842,1258,183,590,Declive (VI),left
248,1480,2591,1239,329,519,arbor vitae,right
248,2449,2112,1219,552,406,"Spinal nucleus of the trigeminal, interpolar part",right
248,2945,3260,1218,691,637,Medulla,left
248,3052,3012,1214,705,581,Inferior olivary complex,left
248,2132,3245,1231,496,640,Parasolitary nucleus,left
248,3061,3037,1214,708,587,Inferior olivary complex,left
247,2913,2289,1207,670,428,Medulla,right
247,2597,2028,1211,586,390,"Spinal nucleus of the trigeminal, interpolar part",right
247,3016,3022,1214,698,583,Inferior olivary complex,left
247,3025,3015,1214,700,582,Inferior olivary complex,left
247,3043,3000,1214,704,578,Inferior olivary complex,left
247,3083,3004,1213,712,579,Medulla,left
247,3074,2986,1213,710,575,Nucleus raphe pallidus,left
250,3001,3125,1213,698,608,Inferior olivary complex,left
250,3024,3196,1214,707,623,Inferior olivary complex,left
250,3073,3021,1212,711,583,Inferior olivary complex,left
250,3006,3208,1214,703,626,Medulla,left
250,3158,3366,1213,743,660,Medulla,left
250,2092,3253,1229,486,644,Medulla,left
250,2993,3022,1214,693,584,Inferior olivary complex,left
250,3057,3014,1213,706,582,Inferior olivary complex,left
250,3141,2470,1199,730,458,Medulla,right
250,2112,3420,1231,494,679,Cuneate nucleus,left
250,2125,3208,1230,494,634,Medulla,left
250,2386,2028,1218,535,389,"Spinal nucleus of the trigeminal, interpolar part",right
250,3037,3177,1213,708,619,Inferior olivary complex,left
250,3056,3000,1212,706,578,Inferior olivary complex,left
250,2166,3419,1232,508,677,Parasolitary nucleus,left
250,2982,3132,1214,694,609,Inferior olivary complex,left
250,3025,2422,1205,699,453,"Paragigantocellular reticular nucleus, lateral part",right
258,2979,3153,1210,695,614,Inferior olivary complex,left
258,3013,3061,1209,698,593,Inferior olivary complex,left
258,3040,3051,1209,703,591,Inferior olivary complex,left
258,3016,3049,1209,698,591,Inferior olivary complex,left
258,2513,1947,1208,566,370,"Spinal nucleus of the trigeminal, interpolar part",right
258,2825,2853,1208,654,552,Gigantocellular reticular nucleus,right
258,2908,2943,1209,674,569,Medulla,right
258,3068,3599,1219,728,715,Medulla,left
258,3163,3387,1209,744,664,Medulla,left
258,2106,3152,1226,487,623,Medial vestibular nucleus,left
258,2215,2398,1225,502,469,Spinal vestibular nucleus,right
258,2807,2939,1209,650,570,Nucleus raphe obscurus,right
258,2998,2993,1209,693,578,Inferior olivary complex,left
258,3009,3204,1210,703,625,Inferior olivary complex,left
258,3030,3039,1209,701,588,Inferior olivary complex,left
258,3049,3014,1209,704,582,Inferior olivary complex,left
258,2936,2095,1198,670,387,Parvicellular reticular nucleus,right
258,3005,3014,1209,695,583,Inferior olivary complex,left
258,3061,3013,1208,707,582,Inferior olivary complex,left
251,3037,3335,1217,711,652,Medulla,left
251,2913,3022,1213,677,585,Inferior olivary complex,left
251,2945,2974,1212,682,574,Inferior olivary complex,left
251,2973,2971,1212,688,573,Inferior olivary complex,left
251,2851,2930,1212,661,567,Nucleus raphe obscurus,right
251,3058,3027,1211,707,584,Inferior olivary complex,left
251,3078,3035,1211,712,587,Inferior olivary complex,left
251,2157,2624,1229,493,512,Nucleus of the solitary tract,right
251,2587,2078,1211,583,400,"Spinal nucleus of the trigeminal, interpolar part",right
251,2876,3678,1229,681,727,"Lateral reticular nucleus, magnocellular part",left
251,3011,2952,1212,695,568,Nucleus raphe pallidus,right
251,2134,3281,1229,498,647,Parasolitary nucleus,left
252,3009,3185,1213,703,621,Inferior olivary complex,left
252,3011,3072,1212,698,595,Inferior olivary complex,left
252,3072,2409,1202,710,448,"Paragigantocellular reticular nucleus, lateral part",right
252,2933,2976,1212,680,575,Inferior olivary complex,left
252,2963,3031,1213,687,586,Inferior olivary complex,left
252,2963,2982,1212,686,575,Inferior olivary complex,left
252,2995,3248,1215,701,634,Medulla,left
252,3029,3086,1212,703,598,Inferior olivary complex,left
252,2131,3191,1229,495,630,Nucleus of the solitary tract,left
252,2212,2413,1228,502,472,Spinal vestibular nucleus,right
252,2307,2210,1224,520,427,"Spinal nucleus of the trigeminal, interpolar part",right
252,2526,2014,1212,568,387,"Spinal nucleus of the trigeminal, interpolar part",right
252,2814,2086,1203,640,392,Parvicellular reticular nucleus,right
252,2920,3240,1216,685,633,Gigantocellular reticular nucleus,left
252,3155,3385,1213,742,664,Medulla,left
252,2116,3175,1229,491,627,Medulla,left
252,2944,2962,1212,682,571,Medulla,left
252,2115,3285,1229,493,649,Medulla,left
252,2869,2818,1210,665,543,Gigantocellular reticular nucleus,right
252,3075,3004,1211,710,580,Inferior olivary complex,left
256,3003,3162,1211,701,615,Inferior olivary complex,left
256,2866,2950,1210,664,571,Nucleus raphe obscurus,left
256,2964,2966,1210,686,572,Inferior olivary complex,left
256,2975,3085,1211,691,599,Medulla,left
256,3157,3245,1207,739,634,Inferior olivary complex,left
256,3018,3029,1210,698,586,Inferior olivary complex,left
256,3038,2999,1210,702,579,Inferior olivary complex,left
253,2296,2160,1223,516,416,"Spinal nucleus of the trigeminal, interpolar part",right
253,2957,2995,1213,684,579,Inferior olivary complex,left
253,2956,3016,1213,685,583,Inferior olivary complex,left
253,2995,3043,1213,694,589,Inferior olivary complex,left
253,3015,3150,1212,703,613,Inferior olivary complex,left
253,3031,3070,1212,702,595,Inferior olivary complex,left
253,3054,2950,1211,705,567,Nucleus raphe pallidus,right
253,2709,2008,1205,615,382,"Spinal nucleus of the trigeminal, interpolar part",right
253,3015,2993,1212,697,578,Inferior olivary complex,left
253,3034,3207,1212,709,625,Inferior olivary complex,left
253,3039,3038,1212,703,588,Inferior olivary complex,left
253,3040,3229,1213,711,630,Inferior olivary complex,left
253,3087,3087,1211,715,598,Inferior olivary complex,left
253,2137,3307,1229,498,652,Parasolitary nucleus,left
253,2477,3714,1229,583,732,"Spinal nucleus of the trigeminal, interpolar part",left
253,2987,2966,1212,690,571,Inferior olivary complex,left
253,2994,3178,1213,699,620,Inferior olivary complex,left
253,3039,2971,1211,702,572,Nucleus raphe pallidus,left
253,3049,3030,1212,705,586,Inferior olivary complex,left
253,3064,3013,1211,708,582,Inferior olivary complex,left
253,1070,2627,1248,231,540,Declive (VI),right
253,2130,3178,1229,495,628,Nucleus of the solitary tract,left
253,2633,3588,1226,621,705,Parvicellular reticular nucleus,left
253,3087,3013,1211,713,582,Medulla,left
255,3023,3166,1210,705,617,Inferior olivary complex,left
255,3019,3178,1210,705,620,Inferior olivary complex,left
255,3025,2991,1210,699,577,Inferior olivary complex,left
255,2531,3672,1226,595,722,Parvicellular reticular nucleus,left
255,2916,2973,1210,675,575,Inferior olivary complex,left
255,3021,3211,1211,705,626,Inferior olivary complex,left
255,2255,2332,1225,510,453,Medulla,right
259,3029,3189,1208,707,622,Inferior olivary complex,left
259,2985,2974,1208,690,574,Inferior olivary complex,left
259,3051,3049,1207,705,591,Inferior olivary complex,left
259,2526,2756,1218,583,534,Gigantocellular reticular nucleus,right
259,2934,2966,1208,679,573,Inferior olivary complex,left
259,3038,2989,1208,701,577,Inferior olivary complex,left
259,1148,2373,1242,244,482,Declive (VI),right
259,2390,3790,1228,564,751,"Spinal nucleus of the trigeminal, interpolar part",left
259,3002,3053,1208,695,592,Inferior olivary complex,left
259,3015,3341,1214,706,652,Medulla,left
259,2232,2208,1221,502,427,Medulla,right
254,2983,2952,1211,690,568,Inferior olivary complex,right
254,2774,3119,1214,649,609,Gigantocellular reticular nucleus,left
254,3016,3008,1211,697,581,Inferior olivary complex,left
254,3048,3047,1211,706,589,Inferior olivary complex,left
254,1026,2642,1249,219,545,Declive (VI),right
254,3042,3183,1211,709,621,Inferior olivary complex,left
254,3049,3062,1211,706,593,Inferior olivary complex,left
254,3054,2447,1201,706,457,"Paragigantocellular reticular nucleus, lateral part",right
254,3060,3034,1210,707,587,Inferior olivary complex,left
254,3060,3003,1210,707,580,Inferior olivary complex,left
254,3067,2991,1210,707,576,Inferior olivary complex,left
254,3108,3203,1209,726,626,Inferior olivary complex,left
254,830,3117,1258,169,653,Declive (VI),left
254,1050,2622,1248,225,540,Declive (VI),right
254,2453,3420,1224,576,673,Parvicellular reticular nucleus,left
254,3026,3018,1211,699,584,Inferior olivary complex,left
254,3039,3191,1211,710,622,Inferior olivary complex,left
254,3059,3049,1210,708,590,Inferior olivary complex,left
257,2983,3171,1211,696,618,Medulla,left
257,2903,2549,1205,673,487,"Lateral reticular nucleus, magnocellular part",right
257,2961,2973,1210,685,574,Inferior olivary complex,left
257,3038,3030,1210,703,586,Inferior olivary complex,left
257,3089,3011,1208,713,581,Medulla,left
257,2447,3620,1225,576,714,"Spinal nucleus of the trigeminal, interpolar part",left
257,2638,2117,1208,597,406,Parvicellular reticular nucleus,right
257,2972,2976,1210,687,574,Inferior olivary complex,left
257,3020,3225,1211,706,629,Inferior olivary complex,left
257,3029,3059,1210,702,593,Inferior olivary complex,left
257,3067,3053,1209,709,592,Inferior olivary complex,left
257,3074,2204,1197,710,400,"Lateral reticular nucleus, parvicellular part",right
257,2976,3119,1211,692,607,Inferior olivary complex,left
257,3046,2978,1209,703,574,Inferior olivary complex,left
264,2992,2973,1206,690,574,Inferior olivary complex,left
264,3029,3015,1206,700,583,Inferior olivary complex,left
264,3042,3009,1206,702,582,Inferior olivary complex,left
264,2891,2971,1206,669,575,Inferior olivary complex,left
264,3002,3593,1220,709,711,"Paragigantocellular reticular nucleus, lateral part",left
264,2168,3451,1226,508,684,Medulla,left
264,2663,2042,1202,603,390,"Spinal nucleus of the trigeminal, interpolar part",right
264,2204,3461,1226,517,685,Medulla,left
264,2237,2182,1219,502,421,Medulla,right
264,2931,3595,1222,692,709,"Paragigantocellular reticular nucleus, lateral part",left
264,1200,2331,1238,255,470,Declive (VI),right
264,2385,2383,1217,542,464,Nucleus of the solitary tract,right
262,3013,3191,1208,703,622,Inferior olivary complex,left
262,2995,3154,1208,698,614,Inferior olivary complex,left
262,3007,3125,1207,699,608,Inferior olivary complex,left
262,3000,3188,1208,700,622,Inferior olivary complex,left
262,3024,3152,1207,704,613,Inferior olivary complex,left
262,1179,2362,1240,251,477,Declive (VI),right
262,2131,3265,1224,495,645,Medial vestibular nucleus,left
262,2490,2807,1219,575,544,Nucleus of Roller,right
262,2715,3247,1214,638,635,Gigantocellular reticular nucleus,left
262,1039,2950,1247,226,611,Declive (VI),left
262,1040,2885,1246,225,597,Declive (VI),left
262,3048,2975,1206,703,573,Nucleus raphe pallidus,left
260,2069,3617,1232,484,726,External cuneate nucleus,left
260,2992,3181,1209,698,620,Inferior olivary complex,left
260,3003,3133,1208,699,610,Inferior olivary complex,left
260,2183,2392,1224,494,467,Spinal vestibular nucleus,right
260,2940,2982,1209,680,576,Inferior olivary complex,left
260,2976,3109,1209,692,605,Inferior olivary complex,left
260,3066,3020,1207,708,584,Inferior olivary complex,left
260,2121,3189,1225,492,630,Medial vestibular nucleus,left
260,2660,3285,1217,626,644,Intermediate reticular nucleus,left
260,2997,2980,1208,692,575,Inferior olivary complex,left
260,3033,3203,1208,709,625,Inferior olivary complex,left
260,3066,2996,1207,707,578,Inferior olivary complex,left
260,2075,3352,1225,483,665,Spinal vestibular nucleus,left
260,2769,3672,1226,654,722,Parvicellular reticular nucleus,left
260,3029,3024,1208,700,585,Inferior olivary complex,left
260,3045,3026,1208,703,585,Inferior olivary complex,left
260,3080,3016,1207,711,582,Inferior olivary complex,left
260,3165,3253,1205,741,636,Inferior olivary complex,left
265,2987,3142,1207,695,611,Inferior olivary complex,left
265,3048,3226,1206,712,629,Inferior olivary complex,left
265,2974,2959,1206,687,571,Inferior olivary complex,left
265,2133,3133,1224,494,620,Nucleus of the solitary tract,left
265,2769,2930,1207,641,569,Nucleus raphe obscurus,right
265,2865,2941,1206,663,569,Nucleus raphe obscurus,right
265,2927,2982,1207,677,576,Inferior olivary complex,left
265,2933,3629,1222,694,717,"Paragigantocellular reticular nucleus, lateral part",left
265,3043,3035,1206,704,587,Inferior olivary complex,left
265,2217,3479,1227,520,690,Medulla,left
265,3038,3228,1207,710,630,Inferior olivary complex,left
265,3066,3011,1205,707,582,Inferior olivary complex,left
265,3093,3035,1204,715,587,Inferior olivary complex,left
265,2165,3471,1227,507,689,Cuneate nucleus,left
265,2687,2166,1204,609,414,Parvicellular reticular nucleus,right
265,3027,3541,1218,713,698,"Lateral reticular nucleus, magnocellular part",left
265,3054,3045,1205,706,590,Inferior olivary complex,left
265,3079,3407,1211,722,667,Medulla,left
268,3006,3149,1204,699,613,Inferior olivary complex,left
268,3020,3206,1205,705,625,Inferior olivary complex,left
268,2976,3140,1205,692,611,Inferior olivary complex,left
268,2921,2970,1205,675,574,Inferior olivary complex,left
268,3010,3115,1204,699,606,Inferior olivary complex,left
268,2984,2947,1204,689,568,Inferior olivary complex,right
268,3014,3166,1204,702,617,Inferior olivary complex,left
268,3033,3174,1204,707,619,Inferior olivary complex,left
268,2473,3650,1220,582,720,"Spinal nucleus of the trigeminal, interpolar part",left
268,3037,3220,1205,708,628,Inferior olivary complex,left
261,3009,2973,1208,695,574,Inferior olivary complex,left
261,1179,2389,1241,252,484,Declive (VI),right
261,2990,3167,1209,697,617,Inferior olivary complex,left
261,3036,2457,1199,701,461,"Paragigantocellular reticular nucleus, lateral part",right
261,3096,3020,1206,715,584,Medulla,left
261,3168,3283,1205,743,642,Inferior olivary complex,left
261,1054,2445,1245,222,502,Declive (VI),right
261,2174,3437,1228,510,680,Parasolitary nucleus,left
261,2811,2932,1208,651,568,Nucleus raphe obscurus,right
261,3039,3189,1208,709,622,Inferior olivary complex,left
261,3040,3217,1208,710,627,Inferior olivary complex,left
261,1006,2860,1248,215,593,Declive (VI),left
261,1107,2508,1243,237,514,Declive (VI),right
261,2126,3136,1225,492,620,Nucleus of the solitary tract,left
261,2176,3460,1228,510,686,Cuneate nucleus,left
261,2605,3555,1222,614,698,Parvicellular reticular nucleus,left
261,2761,1905,1202,630,356,"Spinal nucleus of the trigeminal, interpolar part",right
261,3014,3037,1208,697,587,Inferior olivary complex,left
261,3039,3041,1208,703,588,Inferior olivary complex,left
266,3017,3158,1205,702,616,Inferior olivary complex,left
266,2945,3007,1206,681,582,Inferior olivary complex,left
266,2121,3415,1224,495,678,Spinal vestibular nucleus,left
266,2189,2374,1221,494,464,Spinal vestibular nucleus,right
266,2593,3590,1220,611,706,Parvicellular reticular nucleus,left
266,3008,3233,1207,703,631,Medulla,left
266,2794,2955,1206,647,574,crossed tectospinal pathway,left
266,2885,3577,1222,681,704,"Paragigantocellular reticular nucleus, lateral part",left
266,3022,3051,1205,698,591,Inferior olivary complex,left
266,3043,3029,1204,703,586,Inferior olivary complex,left
263,2901,2453,1202,670,467,"Lateral reticular nucleus, magnocellular part",right
263,2953,2960,1206,683,571,Medulla,left
263,2118,3141,1223,490,621,Medial vestibular nucleus,left
263,2421,2144,1213,544,414,"Spinal nucleus of the trigeminal, interpolar part",right
263,3023,3044,1206,700,590,Inferior olivary complex,left
263,3058,3022,1205,706,584,Inferior olivary complex,left
263,2796,2940,1207,647,571,Nucleus raphe obscurus,left
263,2916,2977,1207,674,575,Inferior olivary complex,left
263,2134,3393,1224,499,673,Spinal vestibular nucleus,left
263,2955,3247,1210,691,633,Gigantocellular reticular nucleus,left
263,2921,3417,1218,686,668,"Lateral reticular nucleus, magnocellular part",left
267,804,3043,1251,159,637,Declive (VI),left
267,2984,2997,1204,689,579,Inferior olivary complex,left
267,2984,3196,1205,696,623,Medulla,left
267,2996,3121,1204,696,607,Inferior olivary complex,left
267,3045,2984,1203,702,576,Inferior olivary complex,left
267,2706,3191,1211,633,624,Gigantocellular reticular nucleus,left
267,2910,2979,1205,673,577,Inferior olivary complex,left
267,2977,2973,1204,687,575,Inferior olivary complex,left
267,3051,3304,1207,713,645,Medulla,left
267,3094,3497,1211,729,688,Medulla,left
267,2638,2214,1205,599,425,Parvicellular reticular nucleus,right
267,2785,2781,1203,643,538,Gigantocellular reticular nucleus,right
267,2865,2930,1204,663,567,Nucleus raphe obscurus,right
272,2988,3129,1203,695,609,Inferior olivary complex,left
272,2998,3165,1203,699,617,Inferior olivary complex,left
272,2987,3179,1203,696,620,Medulla,left
272,2930,2941,1202,676,568,Medulla,right
272,2950,2974,1203,681,575,Inferior olivary complex,left
272,3001,3102,1202,696,603,Inferior olivary complex,left
272,2144,3119,1220,495,618,Nucleus of the solitary tract,left
272,2147,3093,1220,495,613,Nucleus of the solitary tract,left
272,2724,2027,1197,617,384,"Spinal nucleus of the trigeminal, interpolar part",right
272,2948,2960,1202,681,572,Inferior olivary complex,left
272,2955,2948,1202,682,570,Medulla,right
272,3037,3079,1202,703,598,Inferior olivary complex,left
272,3040,3167,1202,708,617,Inferior olivary complex,left
272,2154,3077,1220,497,609,Nucleus of the solitary tract,left
272,2799,2943,1203,648,572,Nucleus raphe obscurus,left
272,2979,3089,1203,691,600,Inferior olivary complex,left
272,3152,3385,1202,739,663,Medulla,left
269,3031,3213,1205,707,627,Inferior olivary complex,left
269,2590,2712,1210,598,526,Gigantocellular reticular nucleus,right
269,2633,2049,1202,595,393,"Spinal nucleus of the trigeminal, interpolar part",right
269,2992,2964,1204,690,572,Inferior olivary complex,left
269,3024,3151,1204,704,613,Inferior olivary complex,left
269,3032,2992,1204,699,577,Inferior olivary complex,left
269,2111,3482,1225,493,694,Spinal vestibular nucleus,left
269,2143,3145,1222,496,622,Nucleus of the solitary tract,left
269,2471,2048,1207,554,394,"Spinal nucleus of the trigeminal, interpolar part",right
269,2903,3561,1220,685,701,"Paragigantocellular reticular nucleus, lateral part",left
269,2910,2958,1204,673,572,Medulla,left
269,2975,3124,1205,692,608,Inferior olivary complex,left
269,3009,3304,1208,704,645,Medulla,left
269,3105,3373,1207,727,660,Inferior olivary complex,left
269,1149,2301,1238,242,466,Declive (VI),right
269,1154,2303,1238,243,467,Declive (VI),right
269,2746,3502,1219,648,688,Intermediate reticular nucleus,left
270,2995,3179,1204,698,620,Inferior olivary complex,left
270,2996,3199,1204,699,624,Medulla,left
270,3015,3180,1203,703,620,Inferior olivary complex,left
270,2965,2982,1203,684,576,Inferior olivary complex,left
270,2976,2993,1204,687,579,Inferior olivary complex,left
270,3017,3225,1204,704,629,Inferior olivary complex,left
270,2144,3110,1221,496,616,Nucleus of the solitary tract,left
270,3077,3278,1204,718,641,Inferior olivary complex,left
270,825,3041,1250,164,636,Declive (VI),left
270,964,2663,1242,200,553,Declive (VI),right
271,2959,2988,1203,683,578,Inferior olivary complex,left
271,2984,3110,1203,693,605,Inferior olivary complex,left
271,3014,3195,1203,703,623,Inferior olivary complex,left
271,3026,3231,1203,706,630,Inferior olivary complex,left
271,3167,3403,1202,743,668,Medulla,left
271,2191,2318,1217,493,452,Spinal vestibular nucleus,right
271,2192,2341,1217,493,456,Spinal vestibular nucleus,right
273,2722,3103,1207,634,607,Gigantocellular reticular nucleus,left
273,2964,2967,1202,684,573,Inferior olivary complex,left
273,3000,3141,1202,698,611,Inferior olivary complex,left
273,2603,3805,1222,611,748,"Spinal nucleus of the trigeminal, interpolar part",left
273,3009,2952,1202,694,569,Nucleus raphe pallidus,right
273,1149,2314,1236,241,470,Declive (VI),right
273,2139,3083,1220,494,611,Nucleus of the solitary tract,left
273,2159,2365,1217,486,461,Spinal vestibular nucleus,right
273,2638,2160,1202,597,414,Parvicellular reticular nucleus,right
273,2997,2949,1202,690,569,Medulla,right
273,3017,3171,1202,702,618,Inferior olivary complex,left
273,3018,2574,1194,697,489,Medulla,right
273,1072,2305,1239,220,472,Declive (VI),right
273,2158,3479,1223,505,692,Spinal vestibular nucleus,left
273,2162,2725,1219,493,531,Nucleus of the solitary tract,right
273,2880,3528,1218,679,694,"Paragigantocellular reticular nucleus, lateral part",left
273,2975,2964,1202,686,573,Inferior olivary complex,left
278,2988,2960,1199,689,572,Inferior olivary complex,left
278,2995,3115,1199,695,606,Inferior olivary complex,left
278,3024,3179,1199,704,620,Inferior olivary complex,left
278,2875,2950,1199,664,572,Nucleus raphe obscurus,left
278,2973,2964,1199,686,573,Inferior olivary complex,left
278,2109,2407,1213,474,469,Spinal vestibular nucleus,right
278,2898,3571,1216,683,703,"Paragigantocellular reticular nucleus, lateral part",left
278,3006,3165,1200,699,617,Inferior olivary complex,left
278,3084,3053,1197,713,593,Inferior olivary complex,left
278,838,3042,1246,168,636,Declive (VI),left
278,1183,2240,1232,248,453,Declive (VI),right
278,2179,2715,1216,496,529,Nucleus of the solitary tract,right
275,2984,3084,1201,692,599,Inferior olivary complex,left
275,3026,3247,1202,706,633,Medulla,left
275,2860,3041,1202,663,591,Gigantocellular reticular nucleus,left
275,3009,3202,1201,702,624,Inferior olivary complex,left
275,3008,2566,1192,695,487,Medulla,right
275,3032,3241,1201,707,632,Inferior olivary complex,left
275,2147,3463,1221,501,689,Spinal vestibular nucleus,left
275,2514,2029,1201,565,390,"Spinal nucleus of the trigeminal, interpolar part",right
275,2989,2530,1193,689,481,"Paragigantocellular reticular nucleus, lateral part",right
275,2996,3012,1200,691,583,Inferior olivary complex,left
275,3003,3214,1201,701,627,Medulla,left
275,3136,3526,1205,741,697,Medulla,left
274,3004,3086,1201,696,599,Medulla,left
274,2983,2993,1201,689,579,Inferior olivary complex,left
274,3113,2591,1189,721,487,Inferior olivary complex,right
274,2116,2584,1217,480,506,Medial vestibular nucleus,right
274,2448,3703,1219,577,732,"Spinal nucleus of the trigeminal, interpolar part",left
274,2904,2744,1198,671,528,Magnocellular reticular nucleus,right
274,2933,2787,1199,678,535,Gigantocellular reticular nucleus,right
274,2995,3185,1202,698,621,Inferior olivary complex,left
274,3012,3213,1202,702,627,Inferior olivary complex,left
274,3037,3176,1201,707,619,Inferior olivary complex,left
274,2124,3221,1218,492,636,Medial vestibular nucleus,left
274,2464,3603,1217,579,711,Parvicellular reticular nucleus,left
274,3024,3188,1201,705,622,Inferior olivary complex,left
274,3082,2953,1199,709,569,Nucleus raphe pallidus,right
277,3026,3162,1200,704,616,Inferior olivary complex,left
277,2874,2928,1200,664,567,Nucleus raphe obscurus,right
277,2982,3118,1201,692,607,Inferior olivary complex,left
277,2987,2975,1200,688,575,Inferior olivary complex,left
277,3030,3198,1200,706,624,Inferior olivary complex,left
277,2535,2585,1207,584,502,Intermediate reticular nucleus,right
277,2718,3027,1204,631,591,Gigantocellular reticular nucleus,left
277,2953,2970,1200,682,574,Inferior olivary complex,left
277,2955,2958,1200,682,572,Inferior olivary complex,left
277,3001,3187,1201,699,621,Inferior olivary complex,left
277,3014,3107,1200,699,604,Inferior olivary complex,left
277,3023,3221,1201,706,628,Inferior olivary complex,left
277,3141,2532,1186,728,473,Inferior olivary complex,right
277,2807,3085,1203,652,601,Gigantocellular reticular nucleus,left
277,3003,3175,1201,700,619,Inferior olivary complex,left
277,3005,3129,1200,698,609,Inferior olivary complex,left
279,2998,2970,1198,691,574,Inferior olivary complex,left
279,2143,3065,1216,494,608,Nucleus of the solitary tract,left
279,2975,2946,1198,685,569,Medulla,right
279,2995,3083,1198,693,599,Inferior olivary complex,left
279,3170,3411,1198,744,669,Medulla,left
279,2131,3387,1216,496,671,Spinal vestibular nucleus,left
279,2174,3616,1223,509,722,"Spinal nucleus of the trigeminal, interpolar part",left
279,2414,2037,1203,540,391,"Spinal nucleus of the trigeminal, interpolar part",right
279,2732,2140,1195,618,407,Parvicellular reticular nucleus,right
279,1174,2263,1232,246,459,Declive (VI),right
279,2989,3188,1199,697,622,Medulla,left
279,3015,3198,1199,703,624,Inferior olivary complex,left
283,3014,3189,1197,702,622,Inferior olivary complex,left
283,822,3040,1244,161,636,Declive (VI),left
283,3006,3081,1196,695,599,Inferior olivary complex,left
283,2906,2924,1196,670,566,Medulla,right
283,2697,2044,1193,609,390,"Spinal nucleus of the trigeminal, interpolar part",right
283,2956,3197,1198,689,623,Gigantocellular reticular nucleus,left
283,2976,3150,1197,691,614,Medulla,left
283,2975,2942,1196,685,568,Inferior olivary complex,right
283,3014,3220,1197,703,628,Inferior olivary complex,left
283,1082,3204,1237,242,664,Declive (VI),left
283,2202,3500,1218,515,695,Medulla,left
276,2683,2831,1204,618,551,Gigantocellular reticular nucleus,right
276,3008,3117,1200,698,606,Inferior olivary complex,left
276,2813,2100,1194,639,395,Parvicellular reticular nucleus,right
276,2820,2943,1201,652,572,Nucleus raphe obscurus,left
276,2833,3163,1204,661,617,Gigantocellular reticular nucleus,left
276,2858,2950,1200,661,572,Nucleus raphe obscurus,left
276,2942,2974,1201,679,576,Inferior olivary complex,left
276,2974,3158,1201,692,616,Medulla,left
276,3143,3225,1197,735,630,Inferior olivary complex,left
276,998,2526,1238,207,523,Declive (VI),right
276,2256,2286,1215,508,444,Spinal vestibular nucleus,right
276,2606,2210,1203,589,425,Parvicellular reticular nucleus,right
276,2770,3679,1219,652,725,Parvicellular reticular nucleus,left
276,2976,3401,1209,696,664,"Lateral reticular nucleus, magnocellular part",left
276,2983,2950,1200,688,569,Medulla,right
276,2990,2184,1190,684,402,"Paragigantocellular reticular nucleus, lateral part",right
276,1034,2983,1241,224,619,Declive (VI),left
276,2192,3037,1218,505,601,Nucleus of the solitary tract,left
285,2992,3173,1197,696,619,Inferior olivary complex,left
285,2991,3151,1197,695,614,Inferior olivary complex,left
285,2457,3722,1215,577,735,"Spinal nucleus of the trigeminal, interpolar part",left
285,2976,3073,1197,688,597,Inferior olivary complex,left
285,3026,3221,1197,705,628,Inferior olivary complex,left
285,3028,3243,1197,707,633,Inferior olivary complex,left
285,3064,2968,1194,705,574,Inferior olivary complex,left
285,1089,2310,1232,224,474,Declive (VI),right
285,1132,2261,1231,233,461,Declive (VI),right
285,2170,2672,1213,492,521,Medial vestibular nucleus,right
285,2861,3294,1204,669,644,"Lateral reticular nucleus, magnocellular part",left
285,3020,2946,1195,695,568,Nucleus raphe pallidus,right
285,1065,2296,1233,217,472,Declive (VI),right
285,2171,2719,1213,493,530,Medial vestibular nucleus,right
285,3048,2378,1186,701,445,"Paragigantocellular reticular nucleus, lateral part",right
280,2772,2932,1199,640,570,Nucleus raphe obscurus,right
280,2857,2931,1198,659,568,Nucleus raphe obscurus,right
280,3013,3137,1198,700,610,Inferior olivary complex,left
280,3025,3230,1199,706,630,Inferior olivary complex,left
280,2918,2202,1191,666,409,Linear nucleus of the medulla,right
280,2935,2997,1199,677,580,Inferior olivary complex,left
280,2972,3116,1199,689,606,Inferior olivary complex,left
280,3010,3303,1202,703,645,Medulla,left
280,3025,2951,1197,696,569,Nucleus raphe pallidus,right
280,3167,3387,1197,742,663,Medulla,left
280,2132,3441,1218,497,684,Spinal vestibular nucleus,left
280,2487,2824,1211,572,549,Gigantocellular reticular nucleus,right
280,2990,3189,1199,697,622,Medulla,left
280,2998,3188,1199,699,622,Inferior olivary complex,left
281,2155,3084,1216,497,612,Nucleus of the solitary tract,left
281,2937,2989,1199,677,579,Inferior olivary complex,left
281,2974,3096,1199,689,602,Inferior olivary complex,left
281,2983,3097,1199,692,602,Inferior olivary complex,left
281,3014,3123,1198,700,608,Inferior olivary complex,left
281,2094,2287,1209,468,443,Spinal vestibular nucleus,right
281,2999,3142,1198,697,611,Inferior olivary complex,left
281,2199,2357,1214,495,460,Spinal vestibular nucleus,right
281,2935,3005,1199,678,582,Inferior olivary complex,left
281,2973,3125,1199,691,608,Inferior olivary complex,left
281,3008,2955,1198,693,570,Medulla,right
281,3015,3147,1198,701,613,Inferior olivary complex,left
284,3008,3150,1196,699,614,Inferior olivary complex,left
284,2986,3136,1197,693,610,Inferior olivary complex,left
284,3007,3102,1196,696,603,Inferior olivary complex,left
284,3005,3127,1196,697,608,Inferior olivary complex,left
284,2487,2043,1199,557,393,"Spinal nucleus of the trigeminal, interpolar part",right
284,2820,2934,1197,651,570,Nucleus raphe obscurus,right
284,2963,2949,1196,683,570,Medulla,right
284,3019,3178,1196,703,620,Inferior olivary complex,left
284,2363,2111,1205,529,407,"Spinal nucleus of the trigeminal, interpolar part",right
284,2764,3261,1204,647,637,Gigantocellular reticular nucleus,left
284,2915,3480,1210,684,683,"Lateral reticular nucleus, magnocellular part",left
284,2918,3167,1199,680,617,Gigantocellular reticular nucleus,left
284,2951,2977,1196,680,576,Inferior olivary complex,left
284,2999,3160,1197,698,616,Inferior olivary complex,left
284,1000,2359,1235,201,488,Declive (VI),right
284,2168,3078,1214,500,610,Nucleus of the solitary tract,left
284,2181,2751,1213,496,536,Nucleus of the solitary tract,right
284,2981,3113,1197,691,606,Inferior olivary complex,left
284,2997,3192,1197,697,622,Inferior olivary complex,left
284,3054,3364,1200,713,657,Medulla,left
284,2172,3097,1214,500,613,Nucleus of the solitary tract,left
284,3115,2983,1192,717,577,Medulla,left
282,2171,2349,1212,487,458,Spinal vestibular nucleus,right
282,2340,3696,1218,550,733,"Spinal nucleus of the trigeminal, interpolar part",left
282,2501,2116,1202,561,408,"Spinal nucleus of the trigeminal, interpolar part",right
282,3025,3134,1197,702,611,Inferior olivary complex,left
282,3062,2580,1187,706,488,Medulla,right
282,2268,2302,1212,511,448,Spinal vestibular nucleus,right
282,3002,2947,1197,691,568,Medulla,right
282,3018,3169,1197,703,618,Inferior olivary complex,left
287,3016,3202,1195,702,624,Inferior olivary complex,left
287,2974,3321,1200,694,648,Medulla,left
287,2483,2775,1206,572,539,Gigantocellular reticular nucleus,right
287,2612,3123,1203,607,613,Gigantocellular reticular nucleus,left
287,2892,2945,1195,666,571,Nucleus raphe obscurus,left
287,2918,2942,1194,673,569,Nucleus raphe obscurus,right
287,2928,2944,1194,675,570,Medulla,right
287,2518,2099,1198,566,405,"Spinal nucleus of the trigeminal, interpolar part",right
287,2558,3806,1215,600,750,"Spinal nucleus of the trigeminal, interpolar part",left
287,2958,2954,1194,682,571,Medulla,left
287,2570,2765,1203,591,538,Gigantocellular reticular nucleus,right
288,2986,2950,1194,687,570,Medulla,right
288,2789,2937,1195,643,571,Nucleus raphe obscurus,left
288,2977,2961,1194,685,572,Inferior olivary complex,left
288,3036,3417,1201,709,668,Medulla,left
288,3112,3073,1191,719,598,Inferior olivary complex,left
288,2910,2946,1194,670,570,Nucleus raphe obscurus,right
288,2947,3011,1195,679,584,crossed tectospinal pathway,left
288,3079,3117,1192,714,607,Inferior olivary complex,left
288,2981,3079,1195,689,599,Inferior olivary complex,left
288,3021,3157,1194,702,615,Inferior olivary complex,left
288,3052,3279,1196,711,640,Medulla,left
288,1083,3160,1234,241,654,Declive (VI),left
286,3006,3170,1196,699,618,Inferior olivary complex,left
286,2227,2537,1212,503,496,Medial vestibular nucleus,right
286,2729,3826,1216,639,752,"Spinal nucleus of the trigeminal, interpolar part",left
286,3028,3140,1195,703,612,Inferior olivary complex,left
286,2034,3302,1212,469,657,Spinal vestibular nucleus,left
286,2190,3502,1217,512,696,Medulla,left
286,3007,3136,1195,698,611,Inferior olivary complex,left
286,2208,3502,1217,517,695,Medulla,left
286,2998,2963,1195,691,573,Inferior olivary complex,left
286,3012,3162,1195,700,616,Inferior olivary complex,left
293,2989,3087,1192,691,600,Inferior olivary complex,left
293,3003,3191,1193,699,622,Inferior olivary complex,left
293,816,3036,1240,159,635,Declive (VI),left
293,2118,3446,1212,494,686,Spinal vestibular nucleus,left
293,2390,2149,1201,535,415,"Spinal nucleus of the trigeminal, interpolar part",right
293,2459,3701,1211,578,732,"Spinal nucleus of the trigeminal, interpolar part",left
293,2602,3773,1213,609,743,Parvicellular reticular nucleus,left
293,3010,2420,1184,691,456,"Paragigantocellular reticular nucleus, lateral part",right
293,977,3795,1246,222,794,Crus 2,left
293,2141,3463,1213,499,689,Spinal vestibular nucleus,left
293,2142,2400,1206,479,469,Spinal vestibular nucleus,right
293,2168,3239,1210,502,640,Medial vestibular nucleus,left
293,3072,2983,1190,706,578,Inferior olivary complex,left
293,3106,3373,1194,725,660,Inferior olivary complex,left
293,2228,3620,1216,522,721,"Spinal nucleus of the trigeminal, interpolar part",left
289,2987,3115,1195,692,606,Inferior olivary complex,left
289,3002,3072,1194,693,596,Inferior olivary complex,left
289,2993,3162,1195,696,616,Inferior olivary complex,left
289,3018,2957,1193,695,571,Nucleus raphe pallidus,left
289,3014,3222,1195,703,628,Inferior olivary complex,left
289,3022,2486,1185,695,470,"Paragigantocellular reticular nucleus, lateral part",right
289,2687,2048,1192,606,391,"Spinal nucleus of the trigeminal, interpolar part",right
289,2694,1987,1191,610,377,"Spinal nucleus of the trigeminal, interpolar part",right
289,2994,3062,1194,692,594,Medulla,left
289,3034,3210,1194,707,626,Inferior olivary complex,left
289,2188,2286,1208,491,444,Spinal vestibular nucleus,right
289,2435,3840,1216,573,763,"Spinal nucleus of the trigeminal, interpolar part",left
289,3167,3373,1193,741,661,Medulla,left
290,832,3036,1241,163,635,Declive (VI),left
290,3118,3065,1189,721,596,Inferior olivary complex,left
290,2119,3432,1212,494,682,Spinal vestibular nucleus,left
290,2847,3699,1212,670,731,Parvicellular reticular nucleus,left
290,2274,3216,1211,527,633,Nucleus of the solitary tract,left
290,2517,1949,1193,565,372,"Spinal nucleus of the trigeminal, interpolar part",right
290,2973,3105,1194,689,604,Inferior olivary complex,left
290,3025,2949,1192,696,570,Nucleus raphe pallidus,right
290,3088,2946,1190,711,568,Nucleus raphe pallidus,right
290,3088,2969,1190,711,574,Nucleus raphe pallidus,left
291,3005,3112,1192,696,605,Inferior olivary complex,left
291,2145,3117,1210,493,618,Medial vestibular nucleus,left
291,2869,2951,1193,661,572,Nucleus raphe obscurus,left
291,3031,3188,1192,705,622,Inferior olivary complex,left
291,2919,2958,1193,672,573,Medulla,left
291,2968,3086,1193,687,600,Medulla,left
291,2979,3086,1193,689,600,Inferior olivary complex,left
291,2988,3072,1192,691,597,Inferior olivary complex,left
291,3014,3128,1192,699,610,Inferior olivary complex,left
291,3016,3140,1192,700,612,Inferior olivary complex,left
291,3026,3128,1192,701,610,Inferior olivary complex,left
291,2423,2151,1200,543,415,"Spinal nucleus of the trigeminal, interpolar part",right
291,2757,3647,1211,648,719,Parvicellular reticular nucleus,left
291,3006,3202,1193,700,624,Inferior olivary complex,left
291,3033,3232,1193,707,630,Inferior olivary complex,left
291,2128,3447,1212,496,685,Spinal vestibular nucleus,left
291,3038,3200,1192,708,624,Medulla,left
291,3056,3221,1192,712,628,Inferior olivary complex,left
291,1222,2213,1224,255,447,Declive (VI),right
291,2290,2247,1206,514,436,Spinal vestibular nucleus,right
291,3085,2974,1189,710,575,Inferior olivary complex,left
295,3006,2965,1189,691,574,Inferior olivary complex,left
295,3009,3160,1190,699,616,Inferior olivary complex,left
295,3033,3164,1190,705,617,Inferior olivary complex,left
295,2834,2094,1185,643,393,Parvicellular reticular nucleus,right
295,935,2648,1230,189,553,Declive (VI),right
295,2524,2230,1197,569,431,"Spinal nucleus of the trigeminal, interpolar part",right
295,2530,1985,1191,568,380,"Spinal nucleus of the trigeminal, interpolar part",right
295,3022,3197,1191,703,623,Inferior olivary complex,left
295,3038,3217,1190,708,627,Inferior olivary complex,left
295,3120,3008,1186,719,584,Medulla,left
292,2283,3652,1214,535,726,"Spinal nucleus of the trigeminal, interpolar part",left
292,2951,2985,1193,679,578,Inferior olivary complex,left
292,1660,2460,1212,368,489,Fastigial nucleus,right
292,2441,3453,1207,569,681,Parvicellular reticular nucleus,left
292,2980,3101,1193,690,603,Inferior olivary complex,left
292,3003,3082,1192,695,599,Inferior olivary complex,left
292,3018,2972,1191,695,574,Inferior olivary complex,left
292,1087,3174,1233,241,657,Declive (VI),left
292,1099,3203,1233,246,663,Declive (VI),left
292,1193,2215,1225,248,448,Declive (VI),right
292,2777,2233,1190,632,423,Linear nucleus of the medulla,right
292,2956,2949,1192,680,571,Medulla,left
292,3009,3034,1192,694,589,Inferior olivary complex,left
292,1204,2214,1225,251,448,Declive (VI),right
292,2974,2961,1192,685,573,Inferior olivary complex,left
294,3004,3124,1191,697,609,Inferior olivary complex,left
294,3035,3242,1192,707,632,Inferior olivary complex,left
294,2159,3491,1213,504,695,Spinal vestibular nucleus,left
294,2221,2192,1205,497,424,Medulla,right
294,2256,2986,1210,518,590,Medulla,left
294,2821,3095,1194,654,603,Magnocellular reticular nucleus,left
294,2940,2941,1191,677,569,Medulla,right
294,808,3216,1243,159,676,Declive (VI),left
294,881,3748,1249,194,787,Crus 1,left
294,2145,3447,1211,500,685,Spinal vestibular nucleus,left
294,2972,2962,1191,683,573,Inferior olivary complex,left
294,803,3035,1239,156,635,Declive (VI),left
294,910,3744,1248,202,785,Crus 1,left
294,971,3006,1234,204,625,Declive (VI),left
294,986,3791,1245,225,793,Crus 2,left
294,1024,2322,1229,205,480,Declive (VI),right
294,2087,3450,1211,484,689,Spinal vestibular nucleus,left
298,2994,3155,1190,695,615,Inferior olivary complex,left
298,3010,3176,1190,699,619,Inferior olivary complex,left
298,2989,3138,1190,693,612,Inferior olivary complex,left
298,2883,2921,1189,664,566,Nucleus raphe obscurus,right
298,3094,2990,1186,712,579,Inferior olivary complex,left
298,965,2956,1232,201,615,Declive (VI),left
298,1563,3062,1223,354,621,arbor vitae,left
298,3020,3069,1189,697,597,Inferior olivary complex,left
298,3023,3131,1189,701,610,Inferior olivary complex,left
298,3067,3257,1189,714,635,Inferior olivary complex,left
298,3119,2990,1185,718,579,Medulla,left
298,2462,3714,1209,578,735,"Spinal nucleus of the trigeminal, interpolar part",left
298,966,3791,1244,219,794,Crus 1,left
296,3026,3213,1191,704,627,Inferior olivary complex,left
296,3031,3347,1195,706,653,Medulla,left
296,3035,3179,1190,706,620,Medulla,left
296,3054,3251,1191,712,634,Inferior olivary complex,left
296,2116,3480,1211,492,694,Spinal vestibular nucleus,left
296,2777,3111,1195,644,607,Gigantocellular reticular nucleus,left
296,2791,2914,1191,642,567,Nucleus raphe obscurus,right
296,3043,3189,1190,708,622,Inferior olivary complex,left
296,3089,2966,1187,710,573,Nucleus raphe pallidus,left
296,2177,3487,1212,508,693,Spinal vestibular nucleus,left
296,2239,3023,1209,515,599,Medulla,left
308,3026,3158,1184,702,616,Inferior olivary complex,left
308,3014,3155,1184,699,615,Inferior olivary complex,left
308,2972,2947,1184,682,570,Medulla,right
308,2226,3072,1203,510,608,Medulla,left
308,3039,3208,1184,707,626,Inferior olivary complex,left
308,1638,2341,1205,357,462,Fastigial nucleus,right
308,2957,2954,1184,679,572,Inferior olivary complex,left
308,933,3782,1241,209,792,Crus 1,left
308,2792,3854,1206,653,761,"Spinal nucleus of the trigeminal, interpolar part",left
308,3019,3057,1183,696,594,Inferior olivary complex,left
308,3023,2967,1183,695,574,Medulla,left
308,865,3210,1235,173,673,Declive (VI),left
308,1224,2174,1217,253,439,Declive (VI),right
308,2166,3257,1202,499,643,Medial vestibular nucleus,left
308,2451,3009,1199,565,593,Gigantocellular reticular nucleus,left
308,2521,2125,1189,565,409,"Spinal nucleus of the trigeminal, interpolar part",right
308,2681,2659,1188,616,518,Gigantocellular reticular nucleus,right
308,2912,3756,1202,686,745,Medulla,left
308,2674,3244,1194,624,635,Gigantocellular reticular nucleus,left
297,3026,3081,1189,699,599,Inferior olivary complex,left
297,2906,3342,1199,678,652,"Lateral reticular nucleus, magnocellular part",left
297,2932,2709,1187,675,521,Magnocellular reticular nucleus,right
297,2950,3359,1198,688,656,"Lateral reticular nucleus, magnocellular part",left
297,3012,3199,1191,700,624,Inferior olivary complex,left
297,2992,3111,1191,692,605,Inferior olivary complex,left
297,3001,3145,1191,696,613,Inferior olivary complex,left
297,3069,3291,1191,715,642,Inferior olivary complex,left
297,2282,2188,1203,510,424,Medulla,right
297,2991,3173,1191,695,619,Inferior olivary complex,left
297,3016,3172,1190,701,618,Inferior olivary complex,left
297,3040,3202,1190,707,624,Inferior olivary complex,left
297,3080,3519,1198,724,694,Medulla,left
297,1239,2161,1222,258,433,Declive (VI),right
297,3034,2950,1189,698,570,Nucleus raphe pallidus,right
300,2989,3062,1188,690,595,Inferior olivary complex,left
300,2122,3462,1208,493,689,Spinal vestibular nucleus,left
300,2427,3693,1208,569,732,"Spinal nucleus of the trigeminal, interpolar part",left
300,2999,3136,1188,695,611,Inferior olivary complex,left
300,3011,3186,1189,700,621,Inferior olivary complex,left
300,2184,2427,1203,489,475,Spinal vestibular nucleus,right
300,2975,2957,1188,684,572,Inferior olivary complex,left
300,3106,3007,1184,715,583,Inferior olivary complex,left
300,2842,2932,1189,654,569,Nucleus raphe obscurus,right
300,3068,2517,1177,707,475,"Paragigantocellular reticular nucleus, lateral part",right
305,2998,3106,1186,694,605,Inferior olivary complex,left
305,940,3767,1243,210,789,Crus 1,left
305,1061,3333,1231,237,693,Declive (VI),left
305,2513,3775,1207,590,747,"Spinal nucleus of the trigeminal, interpolar part",left
305,3023,3109,1186,700,606,Inferior olivary complex,left
305,3029,3192,1186,704,622,Inferior olivary complex,left
305,2132,3541,1210,496,707,Spinal vestibular nucleus,left
305,2397,3750,1208,563,745,"Spinal nucleus of the trigeminal, interpolar part",left
305,2615,3130,1195,607,614,Gigantocellular reticular nucleus,left
305,2746,3623,1204,645,715,Linear nucleus of the medulla,left
305,2989,3085,1186,691,600,Inferior olivary complex,left
305,3002,3178,1187,697,620,Inferior olivary complex,left
305,3010,3377,1193,701,659,Medulla,left
305,3034,3135,1185,703,611,Inferior olivary complex,left
305,3036,3175,1186,705,619,Medulla,left
305,3038,2958,1184,698,573,Nucleus raphe pallidus,left
305,3104,3003,1182,714,583,Inferior olivary complex,left
305,3107,3478,1191,727,684,Medulla,left
304,3013,3101,1186,697,604,Inferior olivary complex,left
304,3045,3246,1187,709,633,Inferior olivary complex,left
304,2999,2958,1185,689,573,Inferior olivary complex,left
304,916,3731,1243,202,782,Crus 1,left
304,1611,2317,1208,349,456,Fastigial nucleus,right
304,2564,3095,1197,594,608,Gigantocellular reticular nucleus,left
304,2824,2941,1187,650,572,Nucleus raphe obscurus,left
304,982,2952,1228,204,614,Declive (VI),left
299,2907,2934,1188,668,569,Nucleus raphe obscurus,right
299,2997,3066,1188,691,596,Inferior olivary complex,left
299,3028,2973,1187,696,576,Inferior olivary complex,left
299,2071,3133,1206,473,624,Medial vestibular nucleus,left
299,2166,3143,1206,497,623,Medial vestibular nucleus,left
299,2843,3194,1194,662,623,Magnocellular reticular nucleus,left
299,3002,3182,1189,697,620,Inferior olivary complex,left
299,2271,2869,1207,519,561,Medulla,right
299,3051,3240,1188,710,632,Inferior olivary complex,left
299,1077,3168,1229,237,657,Declive (VI),left
299,2480,3570,1205,581,705,Parvicellular reticular nucleus,left
303,3026,3205,1187,703,625,Inferior olivary complex,left
303,1586,2234,1209,340,438,Fastigial nucleus,right
303,2738,3122,1192,635,609,Gigantocellular reticular nucleus,left
303,2788,3107,1191,646,606,Gigantocellular reticular nucleus,left
303,2146,3397,1205,498,673,Spinal vestibular nucleus,left
303,2290,2227,1199,513,431,Spinal vestibular nucleus,right
303,3040,3216,1186,707,627,Inferior olivary complex,left
303,889,3733,1244,196,784,Crus 1,left
303,981,2952,1228,204,614,Declive (VI),left
303,1204,2175,1219,248,440,Declive (VI),right
303,2153,3147,1204,494,623,Medial vestibular nucleus,left
301,2779,2778,1189,639,540,Gigantocellular reticular nucleus,right
301,3100,3019,1185,714,586,Inferior olivary complex,left
301,1088,3170,1229,241,656,Declive (VI),left
301,1649,2300,1208,359,451,Fastigial nucleus,right
301,2850,2929,1189,656,569,Nucleus raphe obscurus,right
301,2870,3079,1191,664,600,Magnocellular reticular nucleus,left
301,1653,2230,1208,358,435,arbor vitae,right
301,2955,3502,1201,692,687,"Paragigantocellular reticular nucleus, lateral part",left
301,971,2952,1230,202,614,Declive (VI),left
301,1090,3324,1232,246,689,Declive (VI),left
301,2408,2850,1204,554,555,Medulla,right
301,3017,3209,1189,702,626,Inferior olivary complex,left
302,3039,3225,1188,707,629,Inferior olivary complex,left
302,2157,3132,1205,494,620,Medial vestibular nucleus,left
302,2221,3085,1206,510,611,Dorsal motor nucleus of the vagus nerve,left
302,1098,3207,1228,244,663,Declive (VI),left
302,1653,2511,1210,367,501,Fastigial nucleus,right
302,2128,3428,1207,495,682,Spinal vestibular nucleus,left
302,2849,2941,1188,656,571,Nucleus raphe obscurus,left
302,3024,3175,1187,703,619,Inferior olivary complex,left
302,3047,3312,1190,709,646,Medulla,left
302,3156,3476,1188,741,684,Medulla,left
302,2114,3414,1206,491,679,Spinal vestibular nucleus,left
302,2665,3464,1202,626,681,Intermediate reticular nucleus,left
302,1081,2255,1223,217,465,Declive (VI),right
306,3004,3151,1186,697,614,Inferior olivary complex,left
306,3037,3196,1185,705,623,Inferior olivary complex,left
306,2397,3854,1209,564,769,"Spinal nucleus of the trigeminal, interpolar part",left
306,1116,3145,1225,246,650,Declive (VI),left
306,2836,2939,1186,652,571,Nucleus raphe obscurus,left
306,3021,3500,1195,707,687,"Paragigantocellular reticular nucleus, lateral part",left
306,3038,2965,1183,698,574,Medulla,left
306,3102,3374,1187,722,660,Medulla,left
306,2126,3477,1206,494,693,Spinal vestibular nucleus,left
306,2140,3508,1208,499,700,Spinal vestibular nucleus,left
306,2214,3076,1204,508,609,Medulla,left
306,2592,3713,1205,607,733,Parvicellular reticular nucleus,left
306,2416,1999,1189,539,384,"Spinal nucleus of the trigeminal, interpolar part",right
306,2583,2157,1189,582,415,"Spinal nucleus of the trigeminal, interpolar part",right
306,3025,3152,1185,701,614,Inferior olivary complex,left
310,3019,3191,1184,701,622,Inferior olivary complex,left
310,3007,3169,1184,697,618,Inferior olivary complex,left
310,2794,2777,1184,642,539,Gigantocellular reticular nucleus,right
310,3015,3071,1183,695,597,Inferior olivary complex,left
310,3106,3406,1186,724,666,Medulla,left
310,2506,3720,1203,588,736,"Spinal nucleus of the trigeminal, interpolar part",left
310,3042,3156,1182,705,615,Inferior olivary complex,left
310,977,2948,1225,202,614,Declive (VI),left
310,987,3193,1228,209,665,Declive (VI),left
310,1044,3239,1227,229,673,Declive (VI),left
310,1247,2179,1215,258,440,Declive (VI),right
310,1613,2431,1206,353,484,arbor vitae,right
310,2176,3500,1205,507,697,Spinal vestibular nucleus,left
310,2284,2658,1200,518,519,Dorsal motor nucleus of the vagus nerve,right
310,2596,3305,1195,606,648,Intermediate reticular nucleus,left
310,3115,3017,1179,717,586,Inferior olivary complex,left
310,1332,2161,1214,279,430,Declive (VI),right
307,2433,3258,1199,564,641,Intermediate reticular nucleus,left
307,2680,3398,1198,629,667,Linear nucleus of the medulla,left
307,2849,3173,1189,662,619,Magnocellular reticular nucleus,left
307,3019,3146,1184,700,613,Inferior olivary complex,left
307,3023,3045,1183,697,592,Inferior olivary complex,left
307,3028,3120,1183,701,608,Inferior olivary complex,left
307,3082,3018,1181,709,587,Inferior olivary complex,left
307,3107,2548,1171,716,482,Medulla,right
307,3122,2536,1170,720,478,Medulla,right
307,982,2951,1226,204,614,Declive (VI),left
307,2165,3452,1205,504,685,Spinal vestibular nucleus,left
307,3046,3190,1184,707,622,Medulla,left
307,1205,2182,1217,248,442,Declive (VI),right
307,2113,3429,1203,491,683,Spinal vestibular nucleus,left
307,2304,3638,1206,539,724,"Spinal nucleus of the trigeminal, interpolar part",left
309,3022,3176,1184,701,619,Inferior olivary complex,left
309,2517,3123,1196,583,615,Gigantocellular reticular nucleus,left
309,2908,3221,1189,677,628,Magnocellular reticular nucleus,left
309,1602,3113,1218,362,632,Fastigial nucleus,left
309,2152,2344,1197,479,457,Spinal vestibular nucleus,right
309,2507,3121,1197,580,614,Gigantocellular reticular nucleus,left
309,2105,3378,1202,487,672,Spinal vestibular nucleus,left
312,3007,3092,1182,694,602,Inferior olivary complex,left
312,1603,2216,1205,343,433,Fastigial nucleus,right
312,1618,3155,1216,367,641,Fastigial nucleus,left
312,2028,3193,1200,462,637,fourth ventricle,left
312,2896,2958,1183,665,575,crossed tectospinal pathway,left
312,2942,2952,1182,675,572,Medulla,left
312,3108,3172,1179,722,619,Inferior olivary complex,left
312,1091,3250,1224,242,673,Declive (VI),left
312,3015,3461,1191,703,678,"Paragigantocellular reticular nucleus, lateral part",left
312,3032,2911,1180,695,562,Inferior olivary complex,right
312,3039,3171,1182,705,618,Inferior olivary complex,left
312,1074,3237,1225,237,670,Declive (VI),left
312,2105,3453,1202,489,689,Spinal vestibular nucleus,left
312,2543,3898,1207,598,775,"Spinal nucleus of the trigeminal, interpolar part",left
312,2760,3033,1186,637,592,Gigantocellular reticular nucleus,left
311,1651,2293,1203,357,451,Fastigial nucleus,right
311,2085,3360,1200,481,669,Spinal vestibular nucleus,left
311,2115,3484,1204,492,696,Spinal vestibular nucleus,left
311,2496,2357,1191,564,458,Parvicellular reticular nucleus,right
311,3127,3020,1177,720,587,Inferior olivary complex,left
311,2735,3290,1193,638,643,Gigantocellular reticular nucleus,left
311,3104,3012,1178,714,585,Inferior olivary complex,left
311,1210,2150,1215,248,435,Declive (VI),right
314,2994,3074,1181,691,598,Inferior olivary complex,left
314,3003,3067,1181,692,596,Inferior olivary complex,left
314,1043,3228,1225,228,670,Declive (VI),left
314,1569,2251,1205,336,442,Fastigial nucleus,right
314,2606,2100,1184,586,403,"Spinal nucleus of the trigeminal, interpolar part",right
314,3111,2579,1168,716,489,Medulla,right
314,2503,2676,1191,575,521,Gigantocellular reticular nucleus,right
314,2898,3767,1200,683,747,Parvicellular reticular nucleus,left
314,3009,3136,1181,697,611,Inferior olivary complex,left
314,3048,3176,1180,708,620,Inferior olivary complex,left
314,1177,2162,1215,239,439,Declive (VI),right
314,2697,2996,1186,621,586,Gigantocellular reticular nucleus,left
314,3098,2941,1177,712,569,Nucleus raphe pallidus,right
313,1064,3206,1224,233,664,Declive (VI),left
313,1643,2248,1203,355,441,Fastigial nucleus,right
313,3019,3130,1182,699,610,Inferior olivary complex,left
313,1584,3058,1217,357,621,arbor vitae,left
313,2097,3448,1202,486,689,Spinal vestibular nucleus,left
313,2967,3495,1195,693,686,"Paragigantocellular reticular nucleus, lateral part",left
313,3011,3182,1183,699,620,Inferior olivary complex,left
313,3020,3119,1182,699,608,Inferior olivary complex,left
313,3040,3181,1182,706,620,Inferior olivary complex,left
313,3100,3001,1178,713,582,Inferior olivary complex,left
313,2174,3489,1204,507,694,Spinal vestibular nucleus,left
313,2614,1983,1182,589,379,"Spinal nucleus of the trigeminal, interpolar part",right
313,2669,3695,1201,626,729,Parvicellular reticular nucleus,left
313,2880,3459,1196,673,678,"Lateral reticular nucleus, magnocellular part",left
313,3019,3365,1188,703,657,Medulla,left
313,3034,2431,1172,695,459,"Paragigantocellular reticular nucleus, lateral part",right
313,3051,3230,1182,709,630,Inferior olivary complex,left
313,2983,2106,1174,680,388,Parvicellular reticular nucleus,right
313,3037,3063,1181,700,596,Inferior olivary complex,left
315,2999,3087,1180,692,601,Inferior olivary complex,left
315,2673,3416,1194,627,670,Linear nucleus of the medulla,left
315,3000,3125,1181,694,609,Inferior olivary complex,left
315,2097,3482,1201,486,696,Spinal vestibular nucleus,left
315,2455,2215,1189,550,428,"Spinal nucleus of the trigeminal, interpolar part",right
315,3010,3063,1180,693,596,Inferior olivary complex,left
315,2858,2053,1176,648,385,"Spinal nucleus of the trigeminal, interpolar part",right
315,2863,2938,1181,658,571,Nucleus raphe obscurus,left
315,3042,2943,1178,697,570,Nucleus raphe pallidus,right
315,906,3770,1239,199,791,Crus 1,left
315,1107,3202,1221,244,662,Declive (VI),left
315,1154,3147,1220,255,649,Declive (VI),left
315,2641,3038,1188,610,596,Gigantocellular reticular nucleus,left
315,3068,3249,1180,714,634,Inferior olivary complex,left
315,3127,3017,1175,719,586,Inferior olivary complex,left
315,2782,2143,1178,629,406,Parvicellular reticular nucleus,right
319,3010,3113,1178,695,607,Inferior olivary complex,left
319,2974,2935,1178,682,568,Medulla,right
319,1640,2301,1200,354,453,Fastigial nucleus,right
319,2133,2359,1190,473,460,Spinal vestibular nucleus,right
319,2880,2921,1179,661,567,Nucleus raphe obscurus,right
319,3028,3175,1178,703,619,Inferior olivary complex,left
319,3039,3151,1177,704,614,Inferior olivary complex,left
319,3052,3219,1178,708,628,Inferior olivary complex,left
319,2904,2701,1176,667,522,Magnocellular reticular nucleus,right
319,3030,2942,1176,695,569,Nucleus raphe pallidus,right
316,1105,3133,1221,241,648,Declive (VI),left
316,2937,3553,1195,688,700,"Paragigantocellular reticular nucleus, lateral part",left
316,3004,3143,1181,696,613,Inferior olivary complex,left
316,2576,3199,1192,598,627,Gigantocellular reticular nucleus,left
316,3025,3151,1180,701,614,Inferior olivary complex,left
316,3030,3120,1179,701,608,Inferior olivary complex,left
316,3048,3166,1179,707,618,Inferior olivary complex,left
316,1025,3180,1224,220,661,Declive (VI),left
316,2150,3461,1201,500,688,Spinal vestibular nucleus,left
316,1245,2128,1213,256,428,Declive (VI),right
316,3086,3008,1177,709,585,Inferior olivary complex,left
318,2241,3011,1198,512,596,Nucleus prepositus,left
318,2992,3095,1180,690,603,Inferior olivary complex,left
318,3123,3324,1178,727,650,Medulla,left
318,999,2946,1221,208,612,Declive (VI),left
318,1121,3176,1220,247,656,Declive (VI),left
318,1672,2466,1202,368,491,Fastigial nucleus,right
318,2161,2421,1192,480,473,Spinal vestibular nucleus,right
318,2330,3636,1201,545,723,"Spinal nucleus of the trigeminal, interpolar part",left
318,3018,3177,1180,700,619,Inferior olivary complex,left
318,3037,3180,1179,704,620,Inferior olivary complex,left
318,3042,3121,1178,703,608,Inferior olivary complex,left
318,1041,3278,1224,227,681,Declive (VI),left
318,1171,2382,1214,242,488,Lobules IV-V,right
318,2396,3662,1200,561,727,"Spinal nucleus of the trigeminal, interpolar part",left
317,3076,3409,1184,716,667,Medulla,left
317,1789,2125,1194,390,410,Interposed nucleus,right
317,3008,3102,1180,695,604,Inferior olivary complex,left
317,3090,3023,1177,711,588,Inferior olivary complex,left
317,1014,3198,1224,218,665,Declive (VI),left
317,1119,3137,1220,246,648,Declive (VI),left
317,2867,2591,1178,659,500,Gigantocellular reticular nucleus,right
317,1292,2156,1211,268,432,Declive (VI),right
320,3020,3051,1177,695,593,Inferior olivary complex,left
320,1129,3152,1219,248,651,Declive (VI),left
320,3020,3090,1178,697,602,Inferior olivary complex,left
320,1066,3239,1221,233,672,Declive (VI),left
320,1838,2115,1190,402,407,Interposed nucleus,right
320,2186,3194,1196,501,632,Medial vestibular nucleus,left
320,2229,2245,1192,498,436,Spinal vestibular nucleus,right
320,3086,2536,1166,709,481,Medulla,right
320,1773,2189,1194,386,425,arbor vitae,right
320,2496,2995,1191,575,589,Gigantocellular reticular nucleus,left
320,2862,3165,1183,662,617,Magnocellular reticular nucleus,left
320,2185,3206,1196,501,634,Medial vestibular nucleus,left
320,2400,3659,1199,562,727,"Spinal nucleus of the trigeminal, interpolar part",left
320,2661,3035,1185,614,594,Gigantocellular reticular nucleus,left
320,2802,2105,1176,633,398,Parvicellular reticular nucleus,right
322,3035,3169,1177,704,618,Inferior olivary complex,left
322,3001,2951,1176,688,572,Inferior olivary complex,left
322,2636,2043,1178,593,392,"Spinal nucleus of the trigeminal, interpolar part",right
322,2991,2944,1176,685,571,Medulla,left
322,1117,3210,1219,246,664,Declive (VI),left
322,1552,1897,1195,323,359,Crus 1,right
322,1710,2304,1197,372,453,Fastigial nucleus,right
322,2154,3438,1197,501,684,Spinal vestibular nucleus,left
322,2967,3188,1180,688,622,Magnocellular reticular nucleus,left
322,3026,3137,1177,700,611,Inferior olivary complex,left
322,3035,3138,1177,702,612,Inferior olivary complex,left
322,3088,3458,1182,721,679,Medulla,left
322,3184,3240,1171,742,633,Medulla,left
322,1117,3134,1218,243,648,Declive (VI),left
322,1807,2100,1190,393,404,Interposed nucleus,right
322,2195,3578,1202,511,714,Medulla,left
322,2725,3683,1197,639,728,Parvicellular reticular nucleus,left
322,880,3204,1228,175,671,Declive (VI),left
321,1131,3136,1218,248,648,Declive (VI),left
321,1572,3151,1214,355,641,Fastigial nucleus,left
321,2286,2292,1192,510,446,Spinal vestibular nucleus,right
321,2360,3642,1199,552,723,"Spinal nucleus of the trigeminal, interpolar part",left
321,1646,3175,1212,373,645,Fastigial nucleus,left
321,2892,2719,1177,664,526,Magnocellular reticular nucleus,right
321,2886,3730,1197,678,739,Parvicellular reticular nucleus,left
321,3119,2938,1173,716,569,Nucleus raphe pallidus,right
323,1619,3177,1211,367,646,Fastigial nucleus,left
323,1654,2383,1198,361,474,Fastigial nucleus,right
323,3038,3188,1176,705,622,Inferior olivary complex,left
323,2145,3522,1199,499,702,Spinal vestibular nucleus,left
323,2662,1987,1176,600,378,"Spinal nucleus of the trigeminal, interpolar part",right
323,3011,3061,1176,693,596,Inferior olivary complex,left
323,3103,3013,1172,714,586,Inferior olivary complex,left
323,3124,3040,1171,720,592,Inferior olivary complex,left
323,2831,3339,1187,659,653,Gigantocellular reticular nucleus,left
323,3021,3156,1176,699,615,Inferior olivary complex,left
324,3175,3364,1173,740,659,Medulla,left
324,2006,3301,1194,456,661,fourth ventricle,left
324,2274,3097,1194,522,612,Medulla,left
324,2976,2947,1176,682,571,Medulla,left
324,3010,3083,1176,694,601,Inferior olivary complex,left
324,3013,3171,1177,699,618,Inferior olivary complex,left
324,3062,3223,1176,711,629,Inferior olivary complex,left
324,3001,3353,1182,697,655,Medulla,left
324,3075,3543,1184,721,700,Medulla,left
324,3112,2970,1171,714,576,Inferior olivary complex,left
324,1689,2446,1199,372,486,Fastigial nucleus,right
324,2519,3438,1191,588,677,Intermediate reticular nucleus,left
324,2966,3219,1180,688,628,Magnocellular reticular nucleus,left
324,944,3126,1223,193,652,Declive (VI),left
324,960,3223,1223,200,672,Declive (VI),left
324,1142,3132,1217,250,646,Lobules IV-V,left
324,1590,3342,1211,362,681,Fastigial nucleus,left
324,2611,2267,1182,590,436,Parvicellular reticular nucleus,right
324,2817,2689,1177,646,523,Gigantocellular reticular nucleus,right
330,3026,3079,1172,697,600,Inferior olivary complex,left
330,1678,2375,1195,366,471,Fastigial nucleus,right
330,2073,3312,1190,475,660,Medial vestibular nucleus,left
330,2260,3073,1192,517,609,Nucleus prepositus,left
330,3055,3167,1172,707,618,Inferior olivary complex,left
330,1624,2424,1197,354,484,Fastigial nucleus,right
330,2253,3667,1197,526,730,"Spinal nucleus of the trigeminal, interpolar part",left
330,2482,2032,1177,554,390,"Spinal nucleus of the trigeminal, interpolar part",right
330,2533,2048,1177,568,394,"Spinal nucleus of the trigeminal, interpolar part",right
330,947,3150,1220,193,657,Declive (VI),left
330,1114,3128,1215,242,647,Lobules IV-V,left
330,2115,3587,1199,491,718,Spinal vestibular nucleus,left
330,2497,3071,1186,576,604,Gigantocellular reticular nucleus,left
330,3099,3030,1169,713,590,Inferior olivary complex,left
330,841,3181,1226,161,667,Declive (VI),left
330,1123,3176,1215,246,656,Lobules IV-V,left
330,1642,3220,1207,372,655,Fastigial nucleus,left
330,2136,3504,1196,496,700,Spinal vestibular nucleus,left
330,2148,3486,1195,499,694,Spinal vestibular nucleus,left
330,3040,3183,1173,705,622,Inferior olivary complex,left
325,3116,3403,1178,725,666,Medulla,left
325,2361,3744,1198,553,745,"Spinal nucleus of the trigeminal, interpolar part",left
325,1574,3216,1212,357,654,Fastigial nucleus,left
325,2631,3024,1184,607,593,Gigantocellular reticular nucleus,left
325,2965,2949,1176,680,572,Medulla,left
325,3009,3072,1176,693,598,Inferior olivary complex,left
325,3018,3044,1175,694,592,Medulla,left
325,3111,3044,1172,716,593,Inferior olivary complex,left
325,1104,3144,1217,241,650,Declive (VI),left
325,1109,3181,1218,243,658,Declive (VI),left
325,1602,3179,1211,362,647,Fastigial nucleus,left
325,3029,3151,1176,701,614,Inferior olivary complex,left
325,3098,2550,1163,713,484,Medulla,right
325,3122,3313,1175,725,647,Medulla,left
325,1585,2295,1200,340,454,Fastigial nucleus,right
325,2145,3490,1198,499,696,Spinal vestibular nucleus,left
325,2177,3468,1197,506,690,Spinal vestibular nucleus,left
325,2853,2940,1178,655,572,Nucleus raphe obscurus,left
325,3019,3080,1176,696,600,Inferior olivary complex,left
325,3026,2950,1174,693,572,Nucleus raphe pallidus,left
327,2998,3084,1174,691,601,Inferior olivary complex,left
327,855,3147,1225,166,659,Declive (VI),left
327,1124,3140,1215,245,649,Lobules IV-V,left
327,1793,2250,1190,392,439,Interposed nucleus,right
327,3031,3097,1173,699,603,Inferior olivary complex,left
327,3045,3163,1174,705,618,Inferior olivary complex,left
327,3089,3348,1176,718,654,Medulla,left
327,948,3216,1222,196,671,Declive (VI),left
327,1578,3159,1210,357,643,Fastigial nucleus,left
327,1682,2385,1196,367,473,Fastigial nucleus,right
327,2083,3450,1194,482,690,Spinal vestibular nucleus,left
328,2586,3133,1185,599,615,Gigantocellular reticular nucleus,left
328,3051,3188,1174,707,623,Inferior olivary complex,left
328,1123,3152,1215,246,651,Lobules IV-V,left
328,1127,3165,1215,246,654,Lobules IV-V,left
328,1826,2160,1188,398,418,Interposed nucleus,right
328,2170,3311,1192,500,655,Medial vestibular nucleus,left
328,3038,3201,1174,705,624,Inferior olivary complex,left
328,1254,3136,1214,279,644,Lobules IV-V,left
328,1763,2181,1191,383,423,arbor vitae,right
328,3063,2931,1171,702,567,Nucleus raphe pallidus,right
328,2374,3536,1194,553,701,"Spinal nucleus of the trigeminal, interpolar part",left
328,2589,2173,1180,583,418,Parvicellular reticular nucleus,right
328,2753,3666,1193,646,724,Linear nucleus of the medulla,left
329,3037,3151,1174,702,614,Inferior olivary complex,left
329,2200,3089,1193,502,613,Medial vestibular nucleus,left
329,1631,2383,1197,354,475,Fastigial nucleus,right
329,1828,2232,1188,400,433,Interposed nucleus,right
329,2581,3910,1199,605,778,"Spinal nucleus of the trigeminal, interpolar part",left
329,1568,3143,1210,355,640,Fastigial nucleus,left
329,1597,3105,1210,360,632,Fastigial nucleus,left
329,1654,3159,1208,374,642,Fastigial nucleus,left
329,1773,2203,1191,386,429,Interposed nucleus,right
329,2142,3463,1195,497,690,Spinal vestibular nucleus,left
329,2688,3182,1184,624,621,Gigantocellular reticular nucleus,left
329,2793,3365,1187,652,658,Intermediate reticular nucleus,left
329,3030,3070,1173,698,598,Inferior olivary complex,left
329,3056,3591,1184,718,710,rubrospinal tract,left
329,3059,3152,1173,708,615,Inferior olivary complex,left
329,3124,3010,1169,718,585,Inferior olivary complex,left
329,1749,2296,1193,382,450,arbor vitae,right
329,2094,3388,1192,483,676,Spinal vestibular nucleus,left
329,2346,3048,1192,539,603,"Paragigantocellular reticular nucleus, dorsal part",left
329,2514,2067,1178,563,397,"Spinal nucleus of the trigeminal, interpolar part",right
329,2597,3141,1185,601,615,Gigantocellular reticular nucleus,left
329,3026,3055,1173,696,595,Inferior olivary complex,left
326,1776,2124,1190,386,410,Interposed nucleus,right
326,1779,2113,1190,387,408,Interposed nucleus,right
326,2893,2926,1176,663,568,Nucleus raphe obscurus,right
326,1024,3229,1220,220,671,Declive (VI),left
326,2044,3468,1196,472,696,Spinal vestibular nucleus,left
326,2169,2343,1188,482,458,Spinal vestibular nucleus,right
326,2430,1984,1179,542,380,"Spinal nucleus of the trigeminal, interpolar part",right
326,2756,3660,1194,646,723,Linear nucleus of the medulla,left
326,3117,2942,1170,715,569,Nucleus raphe pallidus,right
326,899,3801,1235,197,798,Crus 1,left
326,1010,2941,1217,209,611,Declive (VI),left
326,1027,2942,1217,214,611,Declive (VI),left
326,2204,3102,1194,504,614,Medial vestibular nucleus,left
326,2387,2985,1192,548,588,"Paragigantocellular reticular nucleus, dorsal part",left
333,1829,2217,1186,399,430,Interposed nucleus,right
333,3033,3161,1172,702,617,Inferior olivary complex,left
333,3011,3071,1172,693,598,Inferior olivary complex,left
333,1847,2214,1186,402,430,Interposed nucleus,right
333,3012,3084,1172,693,601,Inferior olivary complex,left
333,886,3688,1232,190,774,Crus 1,left
333,1061,3149,1215,227,653,Declive (VI),left
333,1081,3216,1215,235,666,Declive (VI),left
333,1820,2173,1186,396,421,Interposed nucleus,right
333,2133,3536,1196,496,706,Spinal vestibular nucleus,left
333,2142,3362,1190,494,667,Medial vestibular nucleus,left
333,2378,3674,1194,557,731,"Spinal nucleus of the trigeminal, interpolar part",left
333,2676,3079,1180,618,603,Gigantocellular reticular nucleus,left
333,3043,3180,1172,705,621,Inferior olivary complex,left
333,3064,2627,1163,703,501,Medulla,right
333,3124,3026,1167,719,589,Inferior olivary complex,left
333,1091,3172,1215,236,656,Declive (VI),left
333,1103,3224,1215,242,667,Declive (VI),left
333,2157,3322,1190,496,658,Medial vestibular nucleus,left
333,2673,2129,1175,603,408,Parvicellular reticular nucleus,right
333,3039,3123,1171,702,610,Inferior olivary complex,left
332,1791,2207,1188,389,429,Interposed nucleus,right
332,2963,2952,1172,679,572,Medulla,left
332,1654,2309,1195,358,456,Fastigial nucleus,right
332,2963,2930,1172,679,568,Nucleus raphe obscurus,right
332,3015,3109,1172,696,606,Inferior olivary complex,left
332,3027,3174,1173,701,619,Inferior olivary complex,left
332,3088,2561,1160,709,487,Medulla,right
332,3161,2552,1155,729,481,Medulla,right
332,1069,3169,1215,230,657,Declive (VI),left
332,1656,2294,1195,357,453,Fastigial nucleus,right
332,2480,3707,1193,581,735,"Spinal nucleus of the trigeminal, interpolar part",left
332,3026,3147,1172,700,613,Inferior olivary complex,left
332,1113,3141,1214,242,649,Lobules IV-V,left
332,1119,3228,1214,247,668,Declive (VI),left
332,1807,2152,1187,392,416,Interposed nucleus,right
332,3014,3099,1172,695,604,Inferior olivary complex,left
332,3038,3097,1171,701,603,Inferior olivary complex,left
332,3055,3158,1171,707,617,Inferior olivary complex,left
332,3003,3529,1183,702,694,"Paragigantocellular reticular nucleus, lateral part",left
331,1110,3177,1214,242,657,Lobules IV-V,left
331,2285,3140,1190,524,620,Medulla,left
331,3025,3093,1172,697,603,Inferior olivary complex,left
331,3057,3212,1172,709,627,Inferior olivary complex,left
331,2932,2923,1172,671,567,Nucleus raphe obscurus,right
331,3042,3040,1171,698,592,Inferior olivary complex,left
331,1581,3256,1208,359,663,Fastigial nucleus,left
331,2202,2818,1190,497,553,choroid plexus,right
331,2241,2361,1186,498,462,Spinal vestibular nucleus,right
331,2364,2081,1181,527,401,Medulla,right
331,3076,3333,1174,714,651,Medulla,left
331,1012,2939,1214,209,611,Lobules IV-V,left
331,2092,3435,1192,483,686,Spinal vestibular nucleus,left
331,2175,3468,1194,505,690,Spinal vestibular nucleus,left
331,2471,3044,1186,569,600,Gigantocellular reticular nucleus,left
338,1244,3137,1210,276,645,Lobules IV-V,left
338,1666,3196,1203,376,650,Fastigial nucleus,left
338,2136,3486,1191,495,695,Spinal vestibular nucleus,left
338,1111,3211,1212,242,664,Lobules IV-V,left
338,2132,3427,1189,493,682,Spinal vestibular nucleus,left
338,2158,3355,1188,498,665,Medial vestibular nucleus,left
334,1074,3162,1214,231,655,Declive (VI),left
334,3038,3046,1170,698,593,Inferior olivary complex,left
334,1678,2477,1195,369,494,Fastigial nucleus,right
334,2159,2427,1183,478,475,Medial vestibular nucleus,right
334,1110,3162,1213,241,654,Lobules IV-V,left
334,1172,3163,1212,258,653,Lobules IV-V,left
334,1843,2172,1184,402,420,Interposed nucleus,right
334,1083,3113,1214,233,645,Lobules IV-V,left
334,1148,3152,1213,252,650,Lobules IV-V,left
334,1175,3149,1212,258,650,Lobules IV-V,left
334,1720,2326,1192,374,458,Fastigial nucleus,right
334,1832,2145,1185,398,414,Interposed nucleus,right
334,1130,2377,1207,230,491,Lobules IV-V,right
334,2734,3825,1194,639,757,"Spinal nucleus of the trigeminal, interpolar part",left
335,3012,2948,1169,689,572,Inferior olivary complex,left
335,1599,2278,1195,343,451,Fastigial nucleus,right
335,1604,3254,1205,364,663,Fastigial nucleus,left
335,3010,3288,1174,698,642,Medulla,left
335,3029,3125,1170,700,609,Inferior olivary complex,left
335,3034,3105,1169,700,605,Inferior olivary complex,left
335,2112,3398,1189,487,677,Spinal vestibular nucleus,left
335,2794,3101,1176,644,604,Gigantocellular reticular nucleus,left
336,1689,2295,1192,366,452,Fastigial nucleus,right
336,1014,3178,1215,214,661,Declive (VI),left
336,1154,3153,1212,253,651,Lobules IV-V,left
336,2054,3439,1190,473,689,Spinal vestibular nucleus,left
336,1093,3217,1213,239,665,Declive (VI),left
336,1131,3233,1213,249,668,Declive (VI),left
336,1754,2116,1186,380,409,Interposed nucleus,right
336,1779,2117,1185,386,408,Interposed nucleus,right
336,3084,2156,1158,710,395,Medulla,right
336,1110,3185,1213,242,659,Lobules IV-V,left
336,1830,2146,1184,398,414,Interposed nucleus,right
336,2555,3324,1184,594,652,Intermediate reticular nucleus,left
336,2941,2950,1171,673,573,Nucleus raphe obscurus,left
336,3072,3142,1168,710,613,Inferior olivary complex,left
340,1193,3157,1210,263,650,Lobules IV-V,left
340,3113,3345,1168,723,654,Medulla,left
340,3050,3133,1167,704,612,Inferior olivary complex,left
340,1565,3201,1205,354,652,Fastigial nucleus,left
340,2984,2941,1167,683,570,Medulla,right
340,3021,3105,1168,696,605,Inferior olivary complex,left
340,3026,3060,1167,695,596,Inferior olivary complex,left
340,3042,2938,1166,696,570,Nucleus raphe pallidus,right
340,3079,3224,1167,714,630,Inferior olivary complex,left
340,1009,3185,1214,212,662,Declive (VI),left
340,1618,3203,1203,366,653,Fastigial nucleus,left
340,1665,3240,1202,377,659,Fastigial nucleus,left
340,1835,2199,1182,399,427,Interposed nucleus,right
340,3040,3190,1169,704,623,Inferior olivary complex,left
340,1075,3237,1212,233,670,Declive (VI),left
340,1157,3143,1210,252,649,Lobules IV-V,left
340,1624,3122,1203,366,635,Fastigial nucleus,left
340,1675,2337,1191,363,462,Fastigial nucleus,right
340,2087,3462,1189,481,692,Spinal vestibular nucleus,left
340,3081,2944,1164,705,571,Nucleus raphe pallidus,left
340,3095,3251,1167,718,635,Inferior olivary complex,left
340,3037,3115,1168,700,608,Inferior olivary complex,left
337,2145,2272,1182,475,441,Spinal vestibular nucleus,right
337,3044,3197,1170,706,624,Inferior olivary complex,left
337,1056,3169,1214,225,657,Declive (VI),left
337,1582,3187,1206,357,649,Fastigial nucleus,left
337,1605,3155,1206,363,642,Fastigial nucleus,left
337,1631,3227,1205,369,656,Fastigial nucleus,left
337,1722,2378,1192,376,471,Fastigial nucleus,right
337,2122,3049,1188,480,607,Medial vestibular nucleus,left
337,2631,2734,1177,602,535,Gigantocellular reticular nucleus,right
337,3047,3115,1169,703,608,Inferior olivary complex,left
337,3047,3172,1170,705,619,Inferior olivary complex,left
337,3055,2940,1167,700,570,Nucleus raphe pallidus,right
337,3056,3113,1169,705,608,Inferior olivary complex,left
337,3064,3228,1170,711,630,Inferior olivary complex,left
337,1713,2431,1192,376,482,Fastigial nucleus,right
337,2028,3451,1190,467,693,Spinal vestibular nucleus,left
337,2049,3433,1190,472,688,Spinal vestibular nucleus,left
337,2126,3446,1191,492,687,Spinal vestibular nucleus,left
337,2160,3486,1192,502,694,Spinal vestibular nucleus,left
337,2163,3332,1188,499,660,Medial vestibular nucleus,left
337,3031,3099,1170,698,604,Inferior olivary complex,left
337,3079,3200,1169,714,625,Inferior olivary complex,left
337,1069,3168,1213,230,657,Lobules IV-V,left
337,1706,2342,1191,371,462,Fastigial nucleus,right
337,1780,2190,1187,386,426,Interposed nucleus,right
337,3033,3130,1170,701,611,Inferior olivary complex,left
339,3050,3180,1168,706,621,Inferior olivary complex,left
339,1089,3228,1212,237,669,Declive (VI),left
339,1141,3166,1210,249,654,Lobules IV-V,left
339,1637,3312,1202,371,674,Fastigial nucleus,left
339,1790,2170,1184,388,421,Interposed nucleus,right
339,2925,2945,1169,669,572,Nucleus raphe obscurus,left
339,3033,3073,1167,698,599,Inferior olivary complex,left
339,3052,3337,1171,707,651,Medulla,left
339,814,3180,1222,153,668,Declive (VI),left
339,1639,3163,1203,370,644,Fastigial nucleus,left
339,1645,3222,1202,372,655,Fastigial nucleus,left
339,2923,3344,1177,678,653,"Paragigantocellular reticular nucleus, lateral part",left
339,2949,3676,1184,692,728,rubrospinal tract,left
339,3060,3216,1168,709,628,Inferior olivary complex,left
339,3211,2666,1152,741,505,Medulla,right
339,984,3163,1214,204,659,Declive (VI),left
339,2138,3436,1188,495,684,Spinal vestibular nucleus,left
339,3044,3105,1167,702,606,Inferior olivary complex,left
339,2654,3148,1179,614,616,Gigantocellular reticular nucleus,left
343,3034,3091,1165,699,602,Inferior olivary complex,left
343,1651,3242,1200,373,660,Fastigial nucleus,left
343,3050,3149,1166,705,615,Inferior olivary complex,left
343,1826,2198,1181,396,427,Interposed nucleus,right
343,1124,3161,1209,244,653,Lobules IV-V,left
343,1695,2279,1188,366,449,Fastigial nucleus,right
343,2986,3386,1174,692,661,"Paragigantocellular reticular nucleus, lateral part",left
343,2175,3330,1185,501,659,Medial vestibular nucleus,left
343,2305,2895,1184,525,569,Nucleus prepositus,right
343,2731,3434,1181,638,674,Intermediate reticular nucleus,left
343,2929,3152,1170,676,614,Magnocellular reticular nucleus,left
343,1813,2326,1183,397,456,arbor vitae,right
341,1041,3184,1213,221,661,Declive (VI),left
341,967,3187,1215,198,664,Declive (VI),left
341,1079,3148,1211,232,653,Lobules IV-V,left
341,1671,2514,1194,367,503,Fastigial nucleus,right
341,1677,2367,1191,364,469,Fastigial nucleus,right
341,2082,3304,1186,475,659,Medial vestibular nucleus,left
341,3048,3123,1167,704,610,Inferior olivary complex,left
341,3052,2932,1165,698,568,Nucleus raphe pallidus,right
341,3208,2733,1154,740,521,pyramid,right
341,1063,3232,1212,230,669,Declive (VI),left
341,1068,3214,1212,231,666,Declive (VI),left
341,1106,3229,1211,241,668,Lobules IV-V,left
341,1118,3153,1211,243,652,Lobules IV-V,left
341,1158,2391,1205,237,493,Lobules IV-V,right
341,1192,2675,1204,251,553,Lobules IV-V,right
341,1573,3365,1203,358,687,Fastigial nucleus,left
341,1709,2353,1190,372,466,Fastigial nucleus,right
341,1794,2161,1184,389,419,Interposed nucleus,right
341,1869,2141,1180,407,413,Interposed nucleus,right
341,2947,3091,1170,678,602,Magnocellular reticular nucleus,left
341,2996,2938,1167,685,570,Medulla,right
341,3075,3157,1166,711,616,Inferior olivary complex,left
341,3090,3164,1166,715,618,Inferior olivary complex,left
341,1141,3451,1214,257,713,Declive (VI),left
341,2096,3340,1186,480,665,Medial vestibular nucleus,left
341,2183,3407,1188,506,675,Medial vestibular nucleus,left
341,2713,3187,1178,629,622,Gigantocellular reticular nucleus,left
341,3054,3139,1167,706,613,Inferior olivary complex,left
342,2198,3172,1185,502,628,Medial vestibular nucleus,left
342,3080,3185,1166,713,622,Inferior olivary complex,left
342,955,3177,1215,195,662,Declive (VI),left
342,1075,3217,1211,232,666,Declive (VI),left
342,1128,3250,1210,249,671,Lobules IV-V,left
342,2543,3166,1180,589,621,Gigantocellular reticular nucleus,left
342,2803,2931,1170,642,571,Nucleus raphe obscurus,left
342,881,3704,1228,188,778,Crus 1,left
342,1036,3442,1216,227,714,Simple lobule,left
342,1167,2396,1204,238,494,Lobules IV-V,right
342,1795,2217,1184,390,431,Interposed nucleus,right
342,1910,2083,1178,415,400,Interposed nucleus,right
342,3025,3086,1167,696,601,Inferior olivary complex,left
344,3035,3129,1166,700,611,Inferior olivary complex,left
344,2474,3601,1185,578,714,Parvicellular reticular nucleus,left
344,3037,3102,1166,699,604,Inferior olivary complex,left
344,1583,3124,1202,357,637,Fastigial nucleus,left
344,2072,3473,1188,477,696,Spinal vestibular nucleus,left
344,2804,3231,1176,649,630,Gigantocellular reticular nucleus,left
344,3044,3170,1166,704,619,Inferior olivary complex,left
344,1027,3180,1211,216,661,Declive (VI),left
344,1814,2325,1183,397,456,arbor vitae,right
344,2667,2075,1169,599,397,Parvicellular reticular nucleus,right
344,3067,3131,1165,708,611,Inferior olivary complex,left
344,3081,3212,1165,713,627,Inferior olivary complex,left
344,3085,3194,1165,714,624,Inferior olivary complex,left
344,1653,3229,1200,374,657,Fastigial nucleus,left
344,1817,2086,1180,394,401,Interposed nucleus,right
346,3063,3175,1164,709,620,Inferior olivary complex,left
346,2715,3825,1188,634,758,"Spinal nucleus of the trigeminal, interpolar part",left
346,3007,2934,1164,687,569,Medulla,right
346,1601,3104,1201,360,633,Fastigial nucleus,left
346,1763,2162,1182,381,419,arbor vitae,right
346,2047,3494,1188,471,702,Spinal vestibular nucleus,left
346,2094,3538,1190,485,709,Spinal vestibular nucleus,left
346,2165,3518,1189,502,702,Spinal vestibular nucleus,left
346,3033,3119,1165,700,609,Inferior olivary complex,left
346,3063,3191,1165,709,623,Inferior olivary complex,left
346,3065,2954,1162,701,574,Nucleus raphe pallidus,left
346,3093,3161,1163,716,617,Inferior olivary complex,left
346,1022,3183,1211,214,662,Declive (VI),left
346,2050,3402,1184,470,681,Spinal vestibular nucleus,left
346,2219,2159,1179,493,419,Spinal vestibular nucleus,right
346,2624,2186,1171,591,420,Parvicellular reticular nucleus,right
346,3085,3101,1162,711,605,Inferior olivary complex,left
346,3099,3005,1161,711,585,Inferior olivary complex,left
346,880,3135,1216,171,656,Declive (VI),left
346,1084,3232,1209,235,669,Lobules IV-V,left
346,1193,3156,1208,263,651,Lobules IV-V,left
346,1211,2709,1202,256,559,Lobules IV-V,right
345,1598,3122,1202,360,636,Fastigial nucleus,left
345,3078,3152,1164,712,615,Inferior olivary complex,left
345,1159,3134,1208,253,647,Lobules IV-V,left
345,1624,3108,1201,366,633,Fastigial nucleus,left
345,1703,2325,1188,370,459,Fastigial nucleus,right
345,1081,3155,1210,231,654,Lobules IV-V,left
345,1195,2687,1203,252,555,Lobules IV-V,right
345,1754,2251,1185,380,440,Interposed nucleus,right
345,1842,2159,1180,400,418,Interposed nucleus,right
345,2054,3476,1188,473,697,Spinal vestibular nucleus,left
345,2847,3033,1170,653,591,Magnocellular reticular nucleus,left
345,2991,3355,1173,693,655,"Paragigantocellular reticular nucleus, lateral part",left
345,3073,3350,1168,713,654,Medulla,left
345,1080,3191,1210,232,661,Lobules IV-V,left
345,1118,3464,1214,251,717,Simple lobule,left
345,1194,3157,1208,263,650,Lobules IV-V,left
345,1301,2834,1202,283,583,Lobules IV-V,left
345,1666,3328,1199,377,679,Fastigial nucleus,left
348,1776,2280,1183,386,447,Interposed nucleus,right
348,2970,2937,1164,679,570,Nucleus raphe obscurus,right
348,3119,2938,1159,715,570,Nucleus raphe pallidus,right
348,1012,3175,1210,211,660,Declive (VI),left
348,1686,2323,1187,365,460,Fastigial nucleus,right
348,2200,3428,1185,510,680,Spinal vestibular nucleus,left
348,3133,2994,1158,719,583,Inferior olivary complex,left
348,1139,2855,1204,240,591,Lobules IV-V,left
348,1592,3242,1200,360,661,Fastigial nucleus,left
348,1825,2207,1179,396,429,Interposed nucleus,right
348,3007,2948,1163,687,573,Inferior olivary complex,left
348,3047,3458,1171,707,678,"Paragigantocellular reticular nucleus, lateral part",left
348,3050,3104,1163,703,606,Inferior olivary complex,left
348,3054,2944,1161,699,572,Nucleus raphe pallidus,left
348,3090,3189,1162,715,623,Inferior olivary complex,left
348,741,3125,1219,132,657,Declive (VI),left
348,1210,2614,1201,254,539,Lobules IV-V,right
348,1655,3318,1197,375,677,Fastigial nucleus,left
348,2145,3450,1185,496,687,Spinal vestibular nucleus,left
347,2191,3335,1183,505,660,Medial vestibular nucleus,left
347,2458,3626,1184,574,720,"Spinal nucleus of the trigeminal, interpolar part",left
347,1069,3230,1209,230,669,Declive (VI),left
347,2077,3507,1187,479,702,Spinal vestibular nucleus,left
347,1824,2189,1179,396,425,Interposed nucleus,right
347,1837,2196,1179,398,426,Interposed nucleus,right
347,1091,3248,1208,237,673,Lobules IV-V,left
347,1203,2614,1201,253,539,Lobules IV-V,right
347,2328,2946,1182,532,580,Nucleus prepositus,left
352,3062,3129,1161,706,611,Inferior olivary complex,left
352,2097,3472,1184,483,694,Spinal vestibular nucleus,left
352,2228,2541,1177,496,499,Medial vestibular nucleus,right
352,1635,3233,1197,369,659,Fastigial nucleus,left
352,1708,2293,1184,370,452,Fastigial nucleus,right
352,1844,2186,1176,400,424,Interposed nucleus,right
352,2016,3172,1181,452,635,Nodulus (X),left
352,2645,1980,1163,595,378,"Spinal nucleus of the trigeminal, interpolar part",right
352,1599,3201,1198,361,652,Fastigial nucleus,left
352,2755,2285,1164,627,437,Intermediate reticular nucleus,right
352,2816,2947,1166,644,574,crossed tectospinal pathway,left
352,1057,3191,1207,224,662,Lobules IV-V,left
352,2070,3241,1180,468,647,Medial vestibular nucleus,left
352,2136,3492,1185,494,697,Spinal vestibular nucleus,left
352,3065,3136,1161,707,612,Inferior olivary complex,left
352,1299,3140,1205,288,646,Lobules IV-V,left
352,2108,3449,1183,487,689,Spinal vestibular nucleus,left
352,3102,3217,1160,718,628,Inferior olivary complex,left
350,1721,2341,1185,374,462,Fastigial nucleus,right
350,2960,2958,1164,677,575,Medulla,left
350,3086,3164,1161,713,618,Inferior olivary complex,left
350,876,3147,1214,169,659,arbor vitae,left
350,1625,2418,1188,352,484,Fastigial nucleus,right
350,1679,3207,1197,379,652,Fastigial nucleus,left
350,1716,2385,1185,374,473,Fastigial nucleus,right
350,2092,3402,1182,480,679,Spinal vestibular nucleus,left
350,2219,3161,1182,506,625,Medial vestibular nucleus,left
350,3043,3432,1169,706,671,"Paragigantocellular reticular nucleus, lateral part",left
350,3065,3317,1165,710,647,Medulla,left
350,1064,3144,1208,226,652,Lobules IV-V,left
350,1084,3256,1208,235,674,Declive (VI),left
350,1099,3249,1207,239,672,Lobules IV-V,left
350,1199,2622,1200,252,541,Lobules IV-V,right
350,1298,3142,1205,288,646,Lobules IV-V,left
350,1725,2492,1187,379,495,Fastigial nucleus,right
350,2102,3415,1183,484,682,Spinal vestibular nucleus,left
350,2196,3230,1181,502,639,Medial vestibular nucleus,left
350,2832,3081,1169,650,600,Gigantocellular reticular nucleus,left
350,3098,3218,1161,718,629,Inferior olivary complex,left
350,973,3163,1210,200,659,Declive (VI),left
350,1174,2902,1203,249,600,Lobules IV-V,left
350,1180,2763,1201,249,572,Lobules IV-V,left
350,1184,2652,1200,248,548,Lobules IV-V,right
350,1198,2667,1200,252,550,Lobules IV-V,right
350,1236,3157,1206,273,650,Lobules IV-V,left
350,2076,3477,1185,478,696,Spinal vestibular nucleus,left
350,3111,3325,1163,721,650,Medulla,left
349,2109,3359,1182,484,669,Spinal vestibular nucleus,left
349,875,3706,1226,187,778,Crus 1,left
349,940,3245,1214,191,677,Declive (VI),left
349,1125,3156,1207,243,652,Lobules IV-V,left
349,1177,2399,1201,241,494,Lobules IV-V,right
349,3028,3228,1166,702,630,Medulla,left
349,1053,3180,1209,224,660,Lobules IV-V,left
349,1078,3144,1208,230,652,Lobules IV-V,left
349,1119,3150,1207,242,651,Lobules IV-V,left
349,1191,3156,1207,261,651,Lobules IV-V,left
349,1212,3441,1209,274,710,Declive (VI),left
349,2095,3445,1185,483,688,Spinal vestibular nucleus,left
349,2807,2017,1164,633,381,"Spinal nucleus of the trigeminal, interpolar part",right
349,2945,2455,1159,672,471,"Paragigantocellular reticular nucleus, lateral part",right
349,3073,3300,1165,712,644,Medulla,left
349,2114,3346,1182,485,666,Medial vestibular nucleus,left
349,3052,3580,1173,714,708,rubrospinal tract,left
351,2186,3257,1180,500,644,Medial vestibular nucleus,left
351,1203,3132,1205,264,645,Lobules IV-V,left
351,1149,3144,1205,249,650,Lobules IV-V,left
351,1628,3221,1197,368,656,Fastigial nucleus,left
351,2112,3454,1183,487,690,Spinal vestibular nucleus,left
351,2286,2116,1175,508,409,Nucleus x,right
351,2327,2780,1179,527,543,Nucleus prepositus,right
351,2578,3955,1190,608,792,"Spinal nucleus of the trigeminal, interpolar part",left
351,3051,3155,1162,704,616,Inferior olivary complex,left
351,1212,2678,1199,255,553,Lobules IV-V,right
351,2020,3334,1180,459,669,Spinal vestibular nucleus,left
351,2171,3540,1186,503,706,Spinal vestibular nucleus,left
351,2192,3276,1180,502,648,Medial vestibular nucleus,left
351,2427,3790,1185,568,756,"Spinal nucleus of the trigeminal, interpolar part",left
351,1169,2933,1203,248,607,Lobules IV-V,left
351,1188,2880,1202,253,595,Lobules IV-V,left
353,3126,2986,1157,716,581,Inferior olivary complex,left
353,2962,3362,1171,685,656,"Paragigantocellular reticular nucleus, lateral part",left
353,1036,3179,1208,218,660,Lobules IV-V,left
353,980,3162,1209,201,658,Declive (VI),left
353,1167,2854,1202,246,591,Lobules IV-V,left
353,1824,2176,1177,396,422,Interposed nucleus,right
353,2296,2741,1179,519,536,Nucleus prepositus,right
353,3190,2902,1153,733,560,Medulla,right
353,1019,3154,1208,213,656,Declive (VI),left
353,1238,3155,1205,274,650,Lobules IV-V,left
353,1795,2153,1178,388,418,Interposed nucleus,right
354,3080,3180,1160,712,621,Inferior olivary complex,left
354,1810,2069,1175,392,398,Interposed nucleus,right
354,3052,3081,1160,701,601,Inferior olivary complex,left
354,2099,3327,1179,480,663,Medial vestibular nucleus,left
354,2165,3386,1181,500,672,Medial vestibular nucleus,left
354,2333,3666,1184,544,730,"Spinal nucleus of the trigeminal, interpolar part",left
354,1751,2369,1182,382,468,Fastigial nucleus,right
354,2137,3659,1188,495,731,Nucleus x,left
354,2141,3498,1184,495,699,Spinal vestibular nucleus,left
354,2866,2946,1164,655,573,crossed tectospinal pathway,left
354,3013,2945,1160,689,572,Medulla,left
354,3051,3539,1169,711,698,"Paragigantocellular reticular nucleus, lateral part",left
354,3091,3226,1160,715,630,Inferior olivary complex,left
354,828,3163,1215,156,664,Declive (VI),left
358,944,3159,1208,190,659,Declive (VI),left
358,1163,3155,1203,253,652,Lobules IV-V,left
358,914,3145,1209,180,657,Declive (VI),left
358,1724,2365,1181,375,468,Fastigial nucleus,right
358,2177,3270,1177,497,648,Medial vestibular nucleus,left
358,1046,3240,1205,222,672,Lobules IV-V,left
358,1224,3155,1202,269,650,Lobules IV-V,left
358,1688,3175,1193,380,646,Fastigial nucleus,left
358,2109,3355,1178,484,668,Medial vestibular nucleus,left
358,2996,2940,1159,684,571,Nucleus raphe obscurus,left
358,3135,3377,1158,727,660,Medulla,left
356,2993,2929,1160,684,569,Nucleus raphe obscurus,right
356,1611,3189,1196,363,650,Fastigial nucleus,left
356,3088,2941,1156,707,571,Nucleus raphe pallidus,left
356,1184,3153,1204,259,651,Lobules IV-V,left
356,2134,3458,1182,493,690,Spinal vestibular nucleus,left
356,838,3135,1213,158,658,Declive (VI),left
356,3029,2479,1151,691,474,"Paragigantocellular reticular nucleus, lateral part",right
356,3031,2930,1158,692,568,Nucleus raphe pallidus,right
356,3108,3030,1156,714,590,Inferior olivary complex,left
356,886,3140,1211,171,657,Declive (VI),left
356,1020,3180,1206,213,661,Lobules IV-V,left
356,1747,2087,1177,376,403,Interposed nucleus,right
356,1756,2019,1175,378,387,Interposed nucleus,right
356,2104,3453,1182,485,690,Spinal vestibular nucleus,left
356,2324,2712,1177,527,530,Nucleus prepositus,right
356,2337,2782,1177,530,543,"Paragigantocellular reticular nucleus, dorsal part",right
356,3117,3319,1159,721,649,Medulla,left
356,870,3144,1212,167,659,arbor vitae,left
356,1096,3139,1205,234,650,Lobules IV-V,left
356,1148,3133,1204,249,648,Lobules IV-V,left
356,2181,3278,1179,499,649,Medial vestibular nucleus,left
356,2332,2773,1177,528,542,Nucleus prepositus,right
356,2824,3291,1172,654,642,Gigantocellular reticular nucleus,left
355,1060,3222,1205,226,668,Lobules IV-V,left
355,1142,3140,1204,246,649,Lobules IV-V,left
355,1774,2220,1178,384,433,Interposed nucleus,right
355,2833,2933,1163,648,572,Nucleus raphe obscurus,left
355,3017,3248,1164,698,634,Medulla,left
355,3097,3287,1160,716,641,Medulla,left
355,1597,3230,1196,360,659,Fastigial nucleus,left
355,2045,3465,1182,470,696,Spinal vestibular nucleus,left
355,2327,2616,1175,525,513,Medial vestibular nucleus,right
355,2506,3046,1173,577,599,Gigantocellular reticular nucleus,left
355,962,3145,1208,194,656,Declive (VI),left
355,1127,3140,1204,242,650,Lobules IV-V,left
355,2147,3536,1184,497,706,Spinal vestibular nucleus,left
355,3068,3170,1159,709,619,Inferior olivary complex,left
355,3096,3175,1158,715,620,Inferior olivary complex,left
355,1113,3147,1204,239,651,Lobules IV-V,left
355,2732,2908,1165,624,569,Gigantocellular reticular nucleus,right
357,3102,3198,1158,717,625,Inferior olivary complex,left
357,2013,3253,1178,454,653,Medial vestibular nucleus,left
357,2497,3052,1174,574,600,Gigantocellular reticular nucleus,left
357,1234,3155,1203,272,650,Lobules IV-V,left
357,2028,3298,1178,460,661,Medial vestibular nucleus,left
357,963,3168,1208,196,661,Declive (VI),left
357,1228,2738,1197,261,565,Lobules IV-V,right
357,1591,3237,1196,359,660,Fastigial nucleus,left
357,1682,3166,1194,378,644,Fastigial nucleus,left
357,3087,2952,1156,706,573,Nucleus raphe pallidus,left
357,879,3763,1222,189,791,Crus 1,left
357,1029,3464,1210,224,720,Simple lobule,left
357,1594,3147,1196,359,641,Fastigial nucleus,left
357,1762,2184,1178,380,426,Interposed nucleus,right
357,2087,3356,1179,477,670,Spinal vestibular nucleus,left
357,2182,3496,1183,505,696,Spinal vestibular nucleus,left
357,2203,3510,1183,511,699,Spinal vestibular nucleus,left
357,2340,2770,1177,531,541,"Paragigantocellular reticular nucleus, dorsal part",right
357,2737,2902,1165,625,567,Gigantocellular reticular nucleus,right
357,3017,2940,1159,689,571,Medulla,left
357,2096,2283,1171,461,445,Spinal vestibular nucleus,right
359,1178,3154,1202,257,651,Lobules IV-V,left
359,1172,3137,1202,254,648,Lobules IV-V,left
359,3085,3326,1159,714,649,Medulla,left
359,2125,3354,1177,487,668,Medial vestibular nucleus,left
359,2154,3550,1183,499,709,Spinal vestibular nucleus,left
359,2526,2995,1170,580,589,Gigantocellular reticular nucleus,left
359,2739,3269,1171,635,638,Gigantocellular reticular nucleus,left
359,2994,3566,1170,698,703,"Paragigantocellular reticular nucleus, lateral part",left
359,3023,3535,1167,704,696,"Paragigantocellular reticular nucleus, lateral part",left
359,1149,3137,1202,248,648,Lobules IV-V,left
359,1187,2888,1199,251,597,Lobules IV-V,left
359,1254,2336,1194,259,477,Lobules IV-V,right
359,2393,3733,1180,560,744,"Spinal nucleus of the trigeminal, interpolar part",left
359,2530,2319,1167,569,450,Parvicellular reticular nucleus,right
359,3097,3056,1155,711,596,Inferior olivary complex,left
359,1810,2260,1175,393,442,Interposed nucleus,right
360,2236,3700,1183,519,737,Medulla,left
360,3085,3155,1157,712,616,Inferior olivary complex,left
360,949,3147,1207,191,656,Declive (VI),left
360,1108,3151,1203,238,652,Lobules IV-V,left
360,3130,2943,1152,716,572,Nucleus raphe pallidus,left
360,803,3119,1212,148,655,Declive (VI),left
360,2065,3509,1182,476,704,Spinal vestibular nucleus,left
360,2128,3307,1176,487,657,Medial vestibular nucleus,left
360,2643,3035,1168,608,594,Gigantocellular reticular nucleus,left
360,3087,2929,1154,705,568,Nucleus raphe pallidus,right
360,3087,3044,1155,708,594,Inferior olivary complex,left
360,790,3157,1213,144,663,Declive (VI),left
360,1012,3174,1205,209,660,Declive (VI),left
360,1897,2124,1171,411,410,Interposed nucleus,right
360,2099,3455,1180,484,691,Spinal vestibular nucleus,left
360,2139,3459,1180,494,690,Spinal vestibular nucleus,left
361,891,3180,1210,173,666,Declive (VI),left
361,941,3152,1207,188,658,Declive (VI),left
361,3008,3546,1168,701,698,"Paragigantocellular reticular nucleus, lateral part",left
361,3016,3340,1164,697,652,Medulla,left
361,832,3190,1213,155,670,Declive (VI),left
361,2795,3227,1169,646,629,Gigantocellular reticular nucleus,left
361,1544,3222,1196,348,657,Fastigial nucleus,left
361,1777,2408,1179,389,476,Fastigial nucleus,right
361,2057,3427,1179,471,686,Spinal vestibular nucleus,left
361,2194,3449,1180,508,685,Spinal vestibular nucleus,left
361,2208,3159,1177,503,626,Medial vestibular nucleus,left
361,3139,3421,1157,729,671,Medulla,left
361,1277,2667,1195,272,548,Lobules IV-V,right
361,2701,2181,1162,609,417,Parvicellular reticular nucleus,right
362,3139,3391,1156,728,664,Medulla,left
362,1189,2858,1197,252,591,Lobules IV-V,left
362,1202,2627,1195,251,542,Lobules IV-V,right
362,1209,3154,1201,265,651,Lobules IV-V,left
362,1646,3210,1192,371,654,Fastigial nucleus,left
362,2537,3122,1171,585,612,Gigantocellular reticular nucleus,left
362,2938,3388,1167,680,663,"Paragigantocellular reticular nucleus, lateral part",left
362,2962,3248,1163,684,634,Magnocellular reticular nucleus,left
362,3043,2943,1155,696,572,Nucleus raphe pallidus,left
362,1170,2858,1198,247,592,Lobules IV-V,left
362,1206,3091,1201,261,638,Lobules IV-V,left
362,1760,2360,1178,383,466,Fastigial nucleus,right
362,2107,3429,1178,484,685,Spinal vestibular nucleus,left
362,2158,3382,1177,498,671,Medial vestibular nucleus,left
362,2183,3535,1181,506,705,Spinal vestibular nucleus,left
362,2275,2553,1172,509,502,Medial vestibular nucleus,right
362,2516,3003,1170,578,591,Gigantocellular reticular nucleus,left
362,2593,3669,1176,607,728,Parvicellular reticular nucleus,left
362,2021,3417,1177,461,686,Spinal vestibular nucleus,left
362,2516,3086,1171,579,606,Gigantocellular reticular nucleus,left
365,1119,3139,1201,240,650,Lobules IV-V,left
365,2809,3703,1175,657,734,Parvicellular reticular nucleus,left
365,1137,3127,1201,244,646,Lobules IV-V,left
365,1272,3136,1200,280,646,Lobules IV-V,left
365,2136,3396,1176,491,676,Spinal vestibular nucleus,left
365,3068,3323,1158,710,649,Medulla,left
365,3143,3344,1154,729,654,Inferior olivary complex,left
365,877,3126,1207,168,654,Declive (VI),left
365,1186,2890,1197,251,598,Lobules IV-V,left
365,1706,3160,1189,383,643,Fastigial nucleus,left
365,1738,2157,1175,374,419,Interposed nucleus,right
365,1867,2192,1170,404,425,Cerebellum,right
365,2008,3441,1178,459,692,Spinal vestibular nucleus,left
365,2103,3421,1177,484,683,Spinal vestibular nucleus,left
363,1653,2280,1180,355,451,Fastigial nucleus,right
363,3098,3099,1153,713,605,Inferior olivary complex,left
363,865,3136,1208,165,657,Declive (VI),left
363,1156,3131,1201,249,647,Lobules IV-V,left
363,1630,2289,1181,349,454,Fastigial nucleus,right
363,1808,2094,1171,391,405,Interposed nucleus,right
363,2090,3350,1175,477,669,Spinal vestibular nucleus,left
363,2118,3407,1176,488,679,Spinal vestibular nucleus,left
363,2233,2191,1170,496,425,Spinal vestibular nucleus,right
363,2525,3098,1170,582,609,Gigantocellular reticular nucleus,left
363,3103,2943,1152,710,572,Nucleus raphe pallidus,left
363,3151,3391,1154,731,664,Medulla,left
363,2515,3086,1170,579,606,Gigantocellular reticular nucleus,left
363,2796,3709,1175,653,735,Parvicellular reticular nucleus,left
364,846,3126,1209,159,655,Declive (VI),left
364,1146,3126,1201,246,646,Lobules IV-V,left
364,1617,3173,1192,364,647,Fastigial nucleus,left
364,1689,2324,1179,365,460,Fastigial nucleus,right
364,915,3177,1207,180,664,Declive (VI),left
364,1270,3126,1200,279,644,Lobules IV-V,left
364,3083,3149,1155,711,615,Inferior olivary complex,left
364,3086,3366,1158,714,658,Medulla,left
364,3084,3525,1161,719,695,Medulla,left
364,795,3154,1211,145,663,Declive (VI),left
364,1141,3134,1201,245,648,Lobules IV-V,left
364,2103,3547,1181,486,710,Spinal vestibular nucleus,left
364,2782,2169,1157,627,413,Parvicellular reticular nucleus,right
364,1176,2656,1194,245,549,Lobules IV-V,right
368,743,3136,1210,131,660,Declive (VI),left
368,1740,2213,1174,375,433,Interposed nucleus,right
368,3102,3139,1152,714,613,Inferior olivary complex,left
368,1137,3146,1199,244,651,Lobules IV-V,left
368,1746,2357,1175,379,465,Fastigial nucleus,right
368,2071,3474,1177,476,696,Spinal vestibular nucleus,left
368,2103,3414,1175,484,682,Spinal vestibular nucleus,left
368,3066,2637,1147,699,506,Magnocellular reticular nucleus,right
368,3217,3210,1147,745,627,Medulla,left
368,1738,2370,1176,379,469,Fastigial nucleus,right
368,1766,2400,1175,386,475,Fastigial nucleus,right
368,2116,3338,1173,484,665,Medial vestibular nucleus,left
368,1915,2151,1167,415,416,Cerebellum,right
367,1194,3155,1199,261,651,Lobules IV-V,left
367,2150,3434,1175,496,684,Spinal vestibular nucleus,left
367,2173,3555,1179,504,710,Spinal vestibular nucleus,left
367,2127,3372,1174,488,671,Spinal vestibular nucleus,left
367,2938,2071,1152,664,387,Parvicellular reticular nucleus,right
366,3042,3343,1159,703,653,Medulla,left
366,2020,3305,1174,456,663,Medial vestibular nucleus,left
366,2768,3361,1170,643,657,Intermediate reticular nucleus,left
366,2990,3203,1159,691,625,Magnocellular reticular nucleus,left
366,3009,2503,1148,685,481,"Paragigantocellular reticular nucleus, lateral part",right
366,3081,3160,1154,710,617,Inferior olivary complex,left
366,755,3116,1210,134,655,Declive (VI),left
366,804,3125,1209,148,656,Declive (VI),left
366,1184,2729,1193,249,565,Lobules IV-V,right
366,2090,3324,1174,476,663,Medial vestibular nucleus,left
366,2108,3357,1174,483,669,Medial vestibular nucleus,left
366,2338,2702,1171,530,528,"Paragigantocellular reticular nucleus, dorsal part",right
366,2791,3408,1170,649,668,Intermediate reticular nucleus,left
366,1200,3510,1203,269,725,Simple lobule,left
366,2914,2073,1154,658,389,Parvicellular reticular nucleus,right
370,1109,3138,1199,237,650,Lobules IV-V,left
370,1697,2385,1176,368,474,Fastigial nucleus,right
370,3128,2947,1148,716,572,Nucleus raphe pallidus,left
370,1830,2156,1168,396,418,Interposed nucleus,right
370,2780,3647,1171,650,722,Parvicellular reticular nucleus,left
370,2084,3368,1173,476,673,Spinal vestibular nucleus,left
370,2146,3276,1172,489,651,Medial vestibular nucleus,left
370,2483,2349,1163,558,458,Parvicellular reticular nucleus,right
370,3020,3371,1159,698,659,"Paragigantocellular reticular nucleus, lateral part",left
370,893,3138,1204,173,657,Declive (VI),left
370,1183,2718,1192,248,563,Lobules IV-V,right
370,1201,2787,1192,253,576,Lobules IV-V,left
370,1767,2331,1173,383,459,Fastigial nucleus,right
370,1815,2111,1168,392,408,Interposed nucleus,right
370,2129,3313,1172,487,659,Medial vestibular nucleus,left
370,2157,3262,1172,491,647,Medial vestibular nucleus,left
370,2171,3431,1174,501,682,Spinal vestibular nucleus,left
370,2847,3580,1170,664,707,Medulla,left
370,2990,3386,1161,691,662,"Paragigantocellular reticular nucleus, lateral part",left
370,755,3135,1209,134,659,Declive (VI),left
370,1147,2833,1194,239,587,Lobules IV-V,left
371,763,3133,1208,136,659,Declive (VI),left
371,3004,2937,1152,685,570,Nucleus raphe obscurus,right
371,1545,2503,1182,335,504,arbor vitae,right
371,2956,2931,1154,674,569,Nucleus raphe obscurus,right
371,3076,3505,1157,715,690,"Paragigantocellular reticular nucleus, lateral part",left
371,3108,3104,1149,715,606,Inferior olivary complex,left
371,777,3137,1208,139,659,Declive (VI),left
371,2143,3370,1172,493,670,Medial vestibular nucleus,left
371,2621,2970,1162,600,582,Gigantocellular reticular nucleus,left
371,3021,2129,1145,687,395,rubrospinal tract,right
371,1174,2638,1191,244,546,Lobules IV-V,right
371,1778,2205,1170,384,430,Interposed nucleus,right
371,2082,3330,1171,473,665,Medial vestibular nucleus,left
371,2514,3391,1169,582,666,Intermediate reticular nucleus,left
371,2919,3354,1163,675,655,"Paragigantocellular reticular nucleus, lateral part",left
371,1167,3515,1201,260,727,Simple lobule,left
371,1770,2244,1171,382,440,Interposed nucleus,right
369,2965,3101,1157,681,604,Magnocellular reticular nucleus,left
369,868,3111,1205,166,651,Declive (VI),left
369,2066,3332,1173,469,666,Medial vestibular nucleus,left
369,2068,3481,1177,476,698,Spinal vestibular nucleus,left
369,2139,3408,1175,493,679,Spinal vestibular nucleus,left
369,3014,3163,1156,695,617,Magnocellular reticular nucleus,left
369,3030,3507,1162,704,689,"Paragigantocellular reticular nucleus, lateral part",left
369,1147,3074,1199,244,636,Lobules IV-V,left
369,2403,3111,1171,552,613,"Paragigantocellular reticular nucleus, dorsal part",left
369,2940,2076,1152,664,388,Parvicellular reticular nucleus,right
372,3065,2938,1150,700,571,Nucleus raphe pallidus,left
372,2024,3360,1172,460,675,Spinal vestibular nucleus,left
372,2093,3411,1173,480,681,Spinal vestibular nucleus,left
372,821,3174,1207,152,667,Declive (VI),left
372,1299,3157,1196,287,650,Lobules IV-V,left
372,1310,2280,1186,271,462,Lobules IV-V,right
372,1627,3194,1187,366,651,Fastigial nucleus,left
372,1640,2440,1178,356,488,Fastigial nucleus,right
372,1891,2165,1166,409,420,Cerebellum,right
372,2042,3466,1175,467,696,Spinal vestibular nucleus,left
372,2188,3427,1173,506,680,Spinal vestibular nucleus,left
372,1210,3550,1201,271,734,Simple lobule,left
372,1625,3161,1187,365,644,Fastigial nucleus,left
372,1665,3185,1186,374,648,Fastigial nucleus,left
372,1756,2365,1173,382,467,Fastigial nucleus,right
372,2150,3466,1175,496,691,Spinal vestibular nucleus,left
372,2645,3019,1162,607,591,Gigantocellular reticular nucleus,left
373,884,3159,1204,170,662,Declive (VI),left
373,2685,2931,1160,614,574,Gigantocellular reticular nucleus,left
373,2877,3356,1164,665,656,"Paragigantocellular reticular nucleus, lateral part",left
373,2970,2928,1153,677,569,Nucleus raphe obscurus,right
373,893,3144,1204,173,658,Declive (VI),left
373,1771,2324,1172,384,458,Fastigial nucleus,right
373,2193,3455,1174,507,687,Spinal vestibular nucleus,left
373,2298,2969,1171,523,587,Nucleus prepositus,left
373,2383,3125,1170,547,616,"Paragigantocellular reticular nucleus, dorsal part",left
373,3005,2889,1152,685,561,Inferior olivary complex,right
373,3163,2974,1146,725,578,Medulla,left
373,3193,3225,1146,740,630,Medulla,left
373,1259,2343,1189,260,479,Lobules IV-V,right
373,2102,3366,1172,480,671,Spinal vestibular nucleus,left
373,3043,2940,1151,695,571,Nucleus raphe pallidus,left
374,1640,3190,1186,369,650,Fastigial nucleus,left
374,1711,3554,1183,389,727,Interposed nucleus,left
374,2046,3347,1170,464,670,Spinal vestibular nucleus,left
374,2067,3361,1171,470,672,Spinal vestibular nucleus,left
374,2074,3322,1170,471,663,Medial vestibular nucleus,left
374,2101,3379,1171,481,675,Spinal vestibular nucleus,left
374,2142,3507,1175,494,700,Spinal vestibular nucleus,left
374,2923,3101,1156,672,604,Magnocellular reticular nucleus,left
374,2994,3325,1158,692,649,"Paragigantocellular reticular nucleus, lateral part",left
374,1076,3498,1202,235,726,Simple lobule,left
374,1172,2924,1194,247,605,Lobules IV-V,left
374,1245,2504,1190,260,514,Lobules IV-V,right
374,1732,1971,1167,369,377,Interposed nucleus,right
374,1743,1932,1166,371,367,Interposed nucleus,right
374,1766,2359,1172,384,466,Fastigial nucleus,right
374,1904,2048,1163,411,394,Interposed nucleus,right
374,2054,3325,1170,466,666,Medial vestibular nucleus,left
374,2132,3410,1172,490,680,Spinal vestibular nucleus,left
374,2635,2225,1157,593,428,Parvicellular reticular nucleus,right
375,1737,2403,1172,378,477,Fastigial nucleus,right
375,914,3160,1201,179,661,Declive (VI),left
375,2212,3417,1171,510,677,Medial vestibular nucleus,left
375,2064,3429,1172,473,687,Spinal vestibular nucleus,left
375,3002,3240,1155,693,632,Magnocellular reticular nucleus,left
375,2084,3379,1170,476,676,Spinal vestibular nucleus,left
377,1746,2372,1171,380,469,Fastigial nucleus,right
377,2169,3303,1169,497,656,Medial vestibular nucleus,left
377,3122,3311,1149,721,647,Medulla,left
377,1690,2559,1177,372,510,Fastigial nucleus,right
377,1769,2176,1168,381,424,Interposed nucleus,right
377,2220,3129,1169,505,620,Medial vestibular nucleus,left
377,2855,2167,1150,644,410,Parvicellular reticular nucleus,right
377,2984,3241,1156,689,632,Magnocellular reticular nucleus,left
377,1731,2246,1171,373,441,Interposed nucleus,right
377,1740,2065,1168,373,399,Interposed nucleus,right
377,2169,3257,1169,495,646,Medial vestibular nucleus,left
377,2966,3436,1160,686,673,"Paragigantocellular reticular nucleus, lateral part",left
377,1184,2931,1193,251,606,Lobules IV-V,left
377,1749,2043,1167,376,394,Interposed nucleus,right
377,1857,2169,1165,401,422,Cerebellum,right
377,2005,3357,1170,454,675,Spinal vestibular nucleus,left
377,3040,3255,1153,702,635,Medulla,left
377,3143,2921,1144,719,566,Nucleus raphe pallidus,right
377,1150,3079,1196,245,637,Lobules IV-V,left
378,2960,2942,1151,675,572,Nucleus raphe obscurus,left
378,3159,3429,1146,734,674,Medulla,left
378,2060,3319,1168,467,664,Medial vestibular nucleus,left
378,2702,3785,1170,630,751,Parvicellular reticular nucleus,left
378,2806,2572,1154,641,501,Gigantocellular reticular nucleus,right
378,721,3125,1206,124,658,Declive (VI),left
378,1145,3149,1195,246,652,Lobules IV-V,left
378,1695,3557,1182,385,728,Interposed nucleus,left
378,1945,1994,1160,418,382,Interposed nucleus,right
378,2082,3389,1170,475,678,Spinal vestibular nucleus,left
378,2706,2997,1158,619,586,Gigantocellular reticular nucleus,left
378,1159,3162,1195,251,654,Lobules IV-V,left
378,2033,3393,1170,463,681,Spinal vestibular nucleus,left
378,2713,3082,1160,623,601,Gigantocellular reticular nucleus,left
378,3108,3432,1150,720,673,Medulla,left
376,1172,2976,1194,248,615,Lobules IV-V,left
376,2152,3443,1172,496,686,Spinal vestibular nucleus,left
376,2279,3198,1169,521,632,Medial vestibular nucleus,left
376,1773,1971,1164,380,377,Interposed nucleus,right
376,1145,3118,1196,245,646,Lobules IV-V,left
379,929,3334,1200,189,695,Declive (VI),left
379,2834,2179,1149,639,414,Parvicellular reticular nucleus,right
379,2825,3101,1157,648,604,Gigantocellular reticular nucleus,left
379,1751,2094,1166,376,406,Interposed nucleus,right
379,1792,1961,1162,383,375,Interposed nucleus,right
379,2071,3418,1170,473,685,Spinal vestibular nucleus,left
379,1720,2074,1167,368,402,Interposed nucleus,right
379,3013,3266,1153,696,637,Medulla,left
381,2157,3316,1168,493,658,Medial vestibular nucleus,left
381,1614,2304,1174,346,458,Fastigial nucleus,right
381,1683,2345,1171,364,465,Fastigial nucleus,right
381,761,3136,1204,135,660,Declive (VI),left
381,895,3134,1200,173,656,Declive (VI),left
381,1834,2111,1163,396,408,Interposed nucleus,right
381,2269,2626,1165,509,515,Medial vestibular nucleus,right
381,2506,3244,1166,577,636,Intermediate reticular nucleus,left
381,2762,3304,1163,639,645,Gigantocellular reticular nucleus,left
381,2849,2926,1153,650,570,Nucleus raphe obscurus,right
381,3020,3310,1153,697,646,Medulla,left
381,3142,2948,1143,718,573,Nucleus raphe pallidus,left
381,1181,2958,1192,250,612,Lobules IV-V,left
381,2920,3056,1153,668,595,Magnocellular reticular nucleus,left
381,1828,2186,1164,395,425,Interposed nucleus,right
381,2519,3248,1166,581,636,Intermediate reticular nucleus,left
380,2951,3098,1153,677,604,Magnocellular reticular nucleus,left
380,3015,3321,1154,696,648,Medulla,left
380,851,3054,1199,160,640,Declive (VI),left
380,2297,2712,1166,517,531,Nucleus prepositus,right
380,2097,3224,1166,473,643,Medial vestibular nucleus,left
380,901,3126,1200,174,654,Declive (VI),left
380,1216,2488,1187,251,512,Lobules IV-V,right
380,2467,3016,1164,565,594,Gigantocellular reticular nucleus,left
380,3117,3309,1147,719,647,Medulla,left
380,3118,3310,1147,721,647,Medulla,left
383,1794,2351,1165,391,463,Fastigial nucleus,right
383,1838,1952,1158,394,373,Interposed nucleus,right
383,2064,3572,1173,475,717,Spinal vestibular nucleus,left
383,2154,3523,1171,497,704,Spinal vestibular nucleus,left
383,2209,2194,1161,490,427,Spinal vestibular nucleus,right
383,886,3161,1199,170,662,Declive (VI),left
383,2408,1989,1151,536,382,Medulla,right
383,869,3050,1197,166,638,Declive (VI),left
383,902,3128,1198,174,655,Declive (VI),left
383,1186,3166,1192,257,654,Lobules IV-V,left
383,1608,2324,1172,345,463,Fastigial nucleus,right
383,1754,2113,1164,377,411,Interposed nucleus,right
383,2108,2377,1158,461,465,Spinal vestibular nucleus,right
383,2360,2740,1164,534,536,"Paragigantocellular reticular nucleus, dorsal part",right
383,3072,2938,1144,700,571,Nucleus raphe pallidus,left
384,877,3158,1199,167,662,Declive (VI),left
384,3090,3295,1147,713,644,Medulla,left
384,2430,3434,1165,559,678,Parvicellular reticular nucleus,left
384,2828,3229,1158,652,630,Gigantocellular reticular nucleus,left
384,1136,3122,1193,242,646,Lobules IV-V,left
384,1155,3692,1199,257,767,Crus 1,left
384,2124,3277,1165,483,652,Medial vestibular nucleus,left
384,3066,2939,1144,699,571,Nucleus raphe pallidus,left
382,1105,3151,1194,235,653,Lobules IV-V,left
382,1851,1785,1158,391,336,Interposed nucleus,right
382,2065,3424,1169,472,686,Spinal vestibular nucleus,left
382,2629,2963,1158,602,581,Gigantocellular reticular nucleus,left
382,3089,3336,1148,713,652,Medulla,left
382,896,3213,1200,174,673,Declive (VI),left
382,2022,3487,1171,461,701,Spinal vestibular nucleus,left
382,2079,3470,1170,477,695,Spinal vestibular nucleus,left
382,2265,3195,1166,517,631,Medial vestibular nucleus,left
382,2506,3106,1163,576,610,Gigantocellular reticular nucleus,left
382,2827,2172,1148,637,412,Parvicellular reticular nucleus,right
382,1122,3137,1194,238,649,Lobules IV-V,left
382,2222,2197,1161,492,427,Spinal vestibular nucleus,right
385,920,3151,1198,180,659,Declive (VI),left
385,932,3147,1197,183,657,Declive (VI),left
385,799,3332,1202,153,698,Declive (VI),left
385,1047,3798,1204,229,795,Crus 1,left
385,1127,3713,1201,250,773,Crus 1,left
385,1744,2082,1164,375,403,Interposed nucleus,right
385,2231,3669,1171,517,733,Medulla,left
385,2416,3016,1164,552,594,Gigantocellular reticular nucleus,left
385,2959,3163,1152,681,617,Magnocellular reticular nucleus,left
385,3062,3361,1149,706,657,Medulla,left
385,1128,3122,1193,241,646,Lobules IV-V,left
385,1155,3693,1199,257,768,Crus 1,left
385,2109,3300,1165,480,658,Medial vestibular nucleus,left
385,2380,3110,1165,545,613,"Paragigantocellular reticular nucleus, dorsal part",left
386,2137,3063,1162,481,610,Medial vestibular nucleus,left
386,897,3156,1198,173,661,Declive (VI),left
386,2683,1977,1147,602,378,"Spinal nucleus of the trigeminal, oral part",right
386,2847,3240,1157,656,632,Gigantocellular reticular nucleus,left
386,3136,3298,1143,724,645,Medulla,left
386,2399,3117,1164,550,614,"Paragigantocellular reticular nucleus, dorsal part",left
386,2379,3109,1164,545,613,"Paragigantocellular reticular nucleus, dorsal part",left
386,2693,1986,1147,604,380,"Spinal nucleus of the trigeminal, oral part",right
390,907,3156,1196,175,660,Declive (VI),left
390,1164,3152,1190,251,652,Lobules IV-V,left
390,3000,2947,1145,683,573,Nucleus raphe obscurus,left
390,3027,3519,1151,701,693,"Paragigantocellular reticular nucleus, lateral part",left
390,3084,2907,1141,703,563,Nucleus raphe pallidus,right
390,1700,2096,1164,363,407,Interposed nucleus,right
390,1885,1829,1154,400,347,Interposed nucleus,right
390,2484,3669,1163,579,731,"Spinal nucleus of the trigeminal, interpolar part",left
390,869,3041,1194,166,636,Declive (VI),left
390,2063,3469,1167,473,696,Spinal vestibular nucleus,left
390,2173,3344,1164,499,664,Medial vestibular nucleus,left
390,2396,3788,1165,560,757,"Spinal nucleus of the trigeminal, interpolar part",left
390,2450,3042,1161,561,599,Gigantocellular reticular nucleus,left
390,2604,3128,1159,599,612,Gigantocellular reticular nucleus,left
390,2894,3242,1154,667,632,Gigantocellular reticular nucleus,left
390,2894,2482,1144,659,480,Intermediate reticular nucleus,right
390,670,2918,1200,110,612,Declive (VI),left
390,939,3147,1194,186,657,Declive (VI),left
390,2885,2486,1145,657,481,Intermediate reticular nucleus,right
387,2091,2379,1155,456,466,Spinal vestibular nucleus,right
387,3017,3450,1151,697,677,"Paragigantocellular reticular nucleus, lateral part",left
387,1395,3207,1186,311,659,Lobules IV-V,left
387,1593,2324,1171,342,463,Fastigial nucleus,right
387,2626,3693,1163,613,734,Parvicellular reticular nucleus,left
387,2733,2613,1153,623,512,Gigantocellular reticular nucleus,right
387,1155,2969,1190,243,615,Lobules IV-V,left
387,863,3043,1195,165,637,Declive (VI),left
387,1133,3140,1191,242,650,Lobules IV-V,left
387,1134,3537,1195,249,733,Simple lobule,left
387,1850,2179,1160,400,424,Infracerebellar nucleus,right
388,887,3046,1194,170,637,Declive (VI),left
388,1762,2456,1166,385,486,Fastigial nucleus,right
388,2051,3530,1170,470,709,Spinal vestibular nucleus,left
388,2059,3443,1167,471,691,Spinal vestibular nucleus,left
388,2974,3173,1150,685,619,Magnocellular reticular nucleus,left
388,1162,3019,1190,246,625,Lobules IV-V,left
388,1816,2054,1159,391,397,Interposed nucleus,right
388,2088,3379,1165,477,675,Spinal vestibular nucleus,left
388,800,3197,1200,146,672,Declive (VI),left
388,1185,3175,1190,257,656,Lobules IV-V,left
388,1812,2145,1161,390,417,Interposed nucleus,right
388,2580,1997,1146,577,383,"Spinal nucleus of the trigeminal, oral part",right
388,2933,3160,1151,675,616,Magnocellular reticular nucleus,left
388,1182,3210,1190,257,664,Lobules IV-V,left
389,1816,2382,1162,396,469,Fastigial nucleus,right
389,851,3049,1195,160,639,Declive (VI),left
389,2858,3299,1157,660,644,Gigantocellular reticular nucleus,left
389,1210,3564,1194,269,738,Simple lobule,left
389,2958,3100,1149,679,604,Magnocellular reticular nucleus,left
389,3018,3474,1152,699,682,"Paragigantocellular reticular nucleus, lateral part",left
389,3099,3226,1144,714,630,Medulla,left
389,2033,3441,1167,464,691,Spinal vestibular nucleus,left
389,2475,3670,1164,576,731,"Spinal nucleus of the trigeminal, interpolar part",left
389,2780,3161,1157,639,616,Gigantocellular reticular nucleus,left
389,1143,3125,1191,245,647,Lobules IV-V,left
389,1848,1971,1157,397,378,Interposed nucleus,right
391,1734,2382,1164,377,472,Fastigial nucleus,right
391,3107,3355,1142,716,657,Medulla,left
391,2060,3354,1163,468,672,Spinal vestibular nucleus,left
391,2066,3428,1165,471,687,Spinal vestibular nucleus,left
391,2241,2619,1159,500,515,Medial vestibular nucleus,right
391,3081,2440,1130,700,465,"Paragigantocellular reticular nucleus, lateral part",right
391,3110,2645,1134,708,507,Medulla,right
391,2368,3051,1161,541,602,"Paragigantocellular reticular nucleus, dorsal part",left
392,2069,1785,1152,444,341,Interposed nucleus,right
392,2058,3401,1164,469,681,Spinal vestibular nucleus,left
392,2695,3605,1159,630,714,Parvicellular reticular nucleus,left
392,3011,2967,1144,686,577,Medulla,left
392,2638,3549,1159,616,703,Parvicellular reticular nucleus,left
392,2276,3186,1162,519,629,Medial vestibular nucleus,left
392,2339,2749,1160,529,539,"Paragigantocellular reticular nucleus, dorsal part",right
392,875,3040,1193,167,636,Declive (VI),left
393,3126,2746,1136,711,528,Inferior olivary complex,right
393,2719,3582,1159,636,708,Parvicellular reticular nucleus,left
393,1801,1863,1156,382,354,Interposed nucleus,right
393,2061,3347,1163,467,670,Spinal vestibular nucleus,left
393,2293,3072,1162,523,607,Nucleus prepositus,left
393,2008,3514,1168,459,707,Spinal vestibular nucleus,left
393,3132,3460,1141,726,681,Medulla,left
393,1210,3175,1188,264,656,Lobules IV-V,left
393,2403,3078,1161,550,607,"Paragigantocellular reticular nucleus, dorsal part",left
394,3044,3297,1145,702,644,Medulla,left
394,2176,3663,1167,503,733,Nucleus x,left
394,3133,3043,1138,718,593,Medulla,left
394,2062,3480,1165,471,698,Spinal vestibular nucleus,left
394,2088,1741,1151,448,333,arbor vitae,right
394,2103,3728,1170,485,747,Medulla,left
394,2484,3676,1161,579,733,"Spinal nucleus of the trigeminal, oral part",left
394,2648,2920,1152,605,572,Gigantocellular reticular nucleus,left
394,2020,3439,1165,459,691,Spinal vestibular nucleus,left
394,2355,3029,1160,537,598,"Paragigantocellular reticular nucleus, dorsal part",left
394,2754,2173,1145,620,416,Parvicellular reticular nucleus,right
394,2924,3139,1149,672,612,Magnocellular reticular nucleus,left
394,1756,2109,1160,377,410,Interposed nucleus,right
394,2553,2307,1150,573,447,Parvicellular reticular nucleus,right
395,3076,3290,1142,708,643,Medulla,left
395,3102,2931,1138,706,569,Nucleus raphe pallidus,right
395,3128,3100,1138,718,604,Medulla,left
395,2192,2291,1155,483,447,Spinal vestibular nucleus,right
395,944,3114,1191,187,651,Lobules IV-V,left
395,1172,3203,1187,253,663,Lobules IV-V,left
395,1546,3215,1177,346,656,Fastigial nucleus,left
395,2836,3206,1153,653,625,Gigantocellular reticular nucleus,left
395,3068,2827,1138,698,546,Medulla,right
395,682,2917,1197,112,611,Declive (VI),left
395,2069,3397,1162,471,680,Spinal vestibular nucleus,left
399,705,2911,1194,119,610,Declive (VI),left
399,3070,3274,1140,707,640,Medulla,left
399,1736,2068,1157,371,402,Interposed nucleus,right
399,1763,2096,1156,379,407,Interposed nucleus,right
399,2982,3416,1147,687,669,"Paragigantocellular reticular nucleus, lateral part",left
399,3062,2935,1138,696,570,Nucleus raphe obscurus,right
399,1199,3564,1189,264,738,Simple lobule,left
397,2031,3548,1167,465,714,Spinal vestibular nucleus,left
397,3108,2968,1137,709,577,Medulla,left
397,2092,1749,1150,448,335,Interposed nucleus,right
397,2952,2942,1144,672,572,Nucleus raphe obscurus,left
397,3054,3490,1145,707,687,"Paragigantocellular reticular nucleus, lateral part",left
397,3076,3124,1141,706,609,Inferior olivary complex,left
397,3140,3277,1138,724,640,Medulla,left
397,1824,2039,1155,392,394,Interposed nucleus,right
397,1885,1921,1152,402,367,Interposed nucleus,right
397,2073,1773,1150,445,340,Interposed nucleus,right
397,2234,3865,1166,521,774,Medulla,left
397,2918,3349,1151,674,655,"Paragigantocellular reticular nucleus, lateral part",left
397,2397,3077,1159,548,606,"Paragigantocellular reticular nucleus, dorsal part",left
397,2994,3443,1148,691,676,"Paragigantocellular reticular nucleus, lateral part",left
396,2089,1761,1150,448,337,Interposed nucleus,right
396,2630,3066,1154,603,599,Gigantocellular reticular nucleus,left
396,3066,3293,1143,706,644,Medulla,left
396,1820,1998,1154,391,385,Interposed nucleus,right
396,2066,1764,1150,442,337,Dentate nucleus,right
396,2743,3036,1151,628,592,Gigantocellular reticular nucleus,left
396,2307,3081,1160,525,609,"Paragigantocellular reticular nucleus, dorsal part",left
396,1183,3576,1191,261,740,Simple lobule,left
396,1770,2144,1159,381,418,Interposed nucleus,right
396,1863,2053,1154,401,397,Interposed nucleus,right
396,2652,2199,1146,595,424,Parvicellular reticular nucleus,right
396,2924,3140,1148,672,612,Magnocellular reticular nucleus,left
396,3052,3545,1146,708,699,"Paragigantocellular reticular nucleus, lateral part",left
398,1835,1781,1152,387,336,Interposed nucleus,right
398,2070,3403,1162,472,682,Spinal vestibular nucleus,left
398,2105,1725,1149,451,330,arbor vitae,right
398,931,3123,1191,183,653,Declive (VI),left
398,936,3097,1190,184,647,Lobules IV-V,left
398,1082,3817,1196,238,797,Crus 1,left
398,1998,3505,1165,456,706,Spinal vestibular nucleus,left
398,2800,3172,1152,644,618,Gigantocellular reticular nucleus,left
398,666,2917,1197,108,611,Declive (VI),left
398,903,3041,1190,176,635,Lobules IV-V,left
401,888,3033,1189,171,634,Declive (VI),left
401,2084,1754,1148,446,336,Dentate nucleus,right
401,3064,3476,1142,709,683,"Paragigantocellular reticular nucleus, lateral part",left
401,2613,3041,1153,599,595,Gigantocellular reticular nucleus,left
401,2061,3458,1162,470,694,Spinal vestibular nucleus,left
401,2271,2995,1158,515,593,Nucleus prepositus,left
401,2638,2937,1150,602,575,Gigantocellular reticular nucleus,left
401,2104,1740,1149,451,333,arbor vitae,right
401,2114,1725,1148,453,330,arbor vitae,right
402,1804,1983,1152,386,382,Interposed nucleus,right
402,3062,3344,1140,704,654,"Paragigantocellular reticular nucleus, lateral part",left
402,3212,3180,1131,739,620,Medulla,left
402,2039,3506,1163,466,704,Spinal vestibular nucleus,left
402,3025,2919,1138,688,567,Nucleus raphe obscurus,right
402,1148,3538,1188,251,734,Simple lobule,left
402,1155,3187,1185,248,660,Lobules IV-V,left
402,1183,3279,1184,259,679,Lobules IV-V,left
402,1404,3279,1179,313,675,arbor vitae,left
402,2574,3013,1152,589,591,Gigantocellular reticular nucleus,left
402,675,2914,1195,111,611,Declive (VI),left
400,2204,2249,1153,487,439,Spinal vestibular nucleus,right
400,2910,2948,1144,663,574,Medulla,left
400,1159,3155,1185,249,653,Lobules IV-V,left
403,2016,3441,1160,457,692,Spinal vestibular nucleus,left
403,1755,2323,1157,381,459,Fastigial nucleus,right
403,3192,3333,1131,737,653,Medulla,left
403,2590,2032,1139,578,392,"Spinal nucleus of the trigeminal, oral part",right
403,1792,2040,1152,384,395,Interposed nucleus,right
404,2166,3360,1158,496,668,Medial vestibular nucleus,left
404,1841,2231,1154,398,437,Infracerebellar nucleus,right
404,3032,3398,1142,698,666,"Paragigantocellular reticular nucleus, lateral part",left
404,1785,2432,1156,390,481,Fastigial nucleus,right
404,2111,1699,1146,451,325,arbor vitae,right
404,3057,2978,1137,696,580,Medulla,left
404,1223,3595,1187,270,744,Simple lobule,left
404,2076,3360,1158,471,672,Spinal vestibular nucleus,left
404,2783,3077,1148,638,599,Gigantocellular reticular nucleus,left
404,3167,2964,1131,723,576,Medulla,left
406,3139,2952,1132,716,573,Nucleus raphe pallidus,left
406,871,3039,1187,166,636,Declive (VI),left
406,1820,2544,1154,399,502,Nodulus (X),right
406,2847,3194,1148,654,623,Gigantocellular reticular nucleus,left
406,3047,3188,1139,700,622,Magnocellular reticular nucleus,left
406,1279,3216,1180,282,664,Lobules IV-V,left
406,2047,3491,1160,467,701,Spinal vestibular nucleus,left
406,2322,2836,1155,524,557,Medulla,right
406,3031,3123,1139,694,609,Magnocellular reticular nucleus,left
406,705,3065,1193,119,644,Declive (VI),left
405,1686,2378,1159,365,473,Fastigial nucleus,right
405,1841,1722,1149,387,323,Interposed nucleus,right
405,2272,2628,1154,508,517,Medial vestibular nucleus,right
405,1251,3205,1181,274,662,Lobules IV-V,left
405,3010,2521,1132,683,486,"Paragigantocellular reticular nucleus, lateral part",right
407,1825,1784,1148,384,337,Interposed nucleus,right
407,2702,3587,1151,631,710,Parvicellular reticular nucleus,left
407,2821,3127,1147,647,609,Gigantocellular reticular nucleus,left
407,3090,3352,1135,711,656,Medulla,left
407,1153,3252,1182,249,673,Lobules IV-V,left
407,1164,3593,1186,254,746,Simple lobule,left
407,1359,3250,1177,302,670,Lobules IV-V,left
407,1850,2057,1149,397,398,Interposed nucleus,right
407,3027,3346,1140,696,654,"Paragigantocellular reticular nucleus, lateral part",left
409,3086,3015,1134,703,587,Medulla,left
409,3112,3312,1134,716,647,Medulla,left
409,1826,1753,1148,384,330,Interposed nucleus,right
409,2938,3080,1141,672,600,Magnocellular reticular nucleus,left
409,2980,2935,1138,677,571,Nucleus raphe obscurus,left
409,1184,3267,1182,258,676,Lobules IV-V,left
409,3126,3289,1133,719,643,Medulla,left
410,3123,3367,1132,720,660,Medulla,left
410,2803,3247,1149,646,633,Gigantocellular reticular nucleus,left
410,2904,3311,1145,669,646,"Paragigantocellular reticular nucleus, lateral part",left
410,1884,1737,1146,398,328,Dentate nucleus,right
410,2693,3512,1150,628,693,Intermediate reticular nucleus,left
410,2180,3337,1155,498,663,Medial vestibular nucleus,left
410,1767,2008,1150,377,388,Interposed nucleus,right
410,2036,3564,1160,465,717,Spinal vestibular nucleus,left
410,2824,3358,1149,653,657,Intermediate reticular nucleus,left
408,2419,2689,1152,548,528,"Paragigantocellular reticular nucleus, dorsal part",right
408,2629,2257,1142,591,436,Parvicellular reticular nucleus,right
408,2987,2728,1136,677,529,Magnocellular reticular nucleus,right
408,1184,3305,1182,258,684,Lobules IV-V,left
408,3109,3472,1134,720,683,Medulla,left
411,3102,2930,1131,705,569,Nucleus raphe magnus,right
411,3068,3142,1134,703,612,Magnocellular reticular nucleus,left
411,1797,1839,1147,379,349,Interposed nucleus,right
411,1998,3467,1158,454,697,Spinal vestibular nucleus,left
411,3028,3194,1137,696,623,Magnocellular reticular nucleus,left
411,2779,3559,1148,648,704,Intermediate reticular nucleus,left
411,2849,2456,1136,649,475,Intermediate reticular nucleus,right
411,2675,3045,1147,612,595,Gigantocellular reticular nucleus,left
411,3040,3127,1136,696,609,Magnocellular reticular nucleus,left
411,719,3124,1191,123,658,Declive (VI),left
412,1829,2383,1150,399,471,Fastigial nucleus,right
412,1888,2069,1148,406,401,Interposed nucleus,right
412,3065,3349,1135,705,656,"Paragigantocellular reticular nucleus, lateral part",left
412,3129,3231,1131,719,631,Medulla,left
412,693,2910,1189,116,610,Declive (VI),left
412,3117,3276,1132,716,640,Parapyramidal nucleus,left
412,2024,3386,1156,458,680,Spinal vestibular nucleus,left
412,2023,3396,1156,458,682,Spinal vestibular nucleus,left
412,2145,3455,1156,492,690,Spinal vestibular nucleus,left
412,2268,3008,1152,515,596,Nucleus prepositus,left
412,2610,3513,1149,607,695,Intermediate reticular nucleus,left
412,2622,3511,1149,610,694,Intermediate reticular nucleus,left
413,2206,3397,1155,506,675,Medial vestibular nucleus,left
413,2083,3363,1155,474,673,Spinal vestibular nucleus,left
413,1145,3591,1185,248,745,Simple lobule,left
413,2718,3650,1149,635,724,Parvicellular reticular nucleus,left
414,2238,2364,1146,494,464,Medial vestibular nucleus,right
414,3143,2956,1128,716,574,Nucleus raphe pallidus,left
414,2527,3235,1152,580,633,Intermediate reticular nucleus,left
414,3120,3294,1131,717,644,Parapyramidal nucleus,left
414,1269,3627,1182,280,751,Simple lobule,left
414,2797,3151,1146,641,614,Gigantocellular reticular nucleus,left
414,1174,3271,1179,255,677,Lobules IV-V,left
415,2615,2915,1145,595,572,Gigantocellular reticular nucleus,left
415,2851,2711,1138,647,529,Gigantocellular reticular nucleus,right
415,1195,3278,1178,260,679,Lobules IV-V,left
415,1232,3312,1178,270,685,Lobules IV-V,left
415,1403,2338,1163,296,470,Lobules IV-V,right
415,3000,3077,1135,685,599,Magnocellular reticular nucleus,left
416,2051,3379,1153,464,678,Spinal vestibular nucleus,left
416,2743,3584,1147,641,710,Intermediate reticular nucleus,left
416,2838,3209,1145,653,626,Gigantocellular reticular nucleus,left
416,3027,3245,1136,695,633,Magnocellular reticular nucleus,left
416,2064,3397,1154,469,680,Spinal vestibular nucleus,left
416,2203,3350,1152,505,665,Medial vestibular nucleus,left
417,3095,3169,1131,709,618,Medulla,left
417,1727,2572,1153,378,509,Fastigial nucleus,right
417,2351,2667,1149,530,523,"Paragigantocellular reticular nucleus, dorsal part",right
417,3039,3492,1136,702,687,"Paragigantocellular reticular nucleus, lateral part",left
417,1759,2059,1148,377,400,Interposed nucleus,right
417,3121,3413,1129,720,671,Medulla,left
417,3219,3202,1124,741,625,Medulla,left
417,1863,2074,1146,401,403,Interposed nucleus,right
417,3010,3079,1135,688,600,Magnocellular reticular nucleus,left
418,1832,1746,1144,384,329,Interposed nucleus,right
418,2136,3760,1157,492,754,Medulla,left
418,1644,2503,1154,359,499,Fastigial nucleus,right
418,1725,3493,1162,388,713,Interposed nucleus,left
418,2077,1764,1140,443,339,Dentate nucleus,right
418,2208,2026,1142,487,393,Spinal vestibular nucleus,right
418,2871,2916,1138,652,568,Nucleus raphe obscurus,right
418,3077,2828,1129,697,548,Medulla,right
419,1827,1790,1143,384,339,Interposed nucleus,right
419,1924,1844,1140,408,353,Interposed nucleus,right
419,2588,3064,1146,593,600,Gigantocellular reticular nucleus,left
419,3107,2897,1127,705,561,Medulla,right
419,1199,3650,1181,262,757,Simple lobule,left
419,2287,3269,1150,522,646,Medial vestibular nucleus,left
421,2123,3356,1151,484,669,Medial vestibular nucleus,left
421,2206,3342,1150,504,663,Medial vestibular nucleus,left
421,2216,3415,1151,508,679,Medial vestibular nucleus,left
421,2950,3334,1139,678,652,"Paragigantocellular reticular nucleus, lateral part",left
421,1193,3635,1181,261,754,Simple lobule,left
421,3055,3279,1132,701,641,Medulla,left
421,3128,2776,1124,710,534,Medulla,right
421,2084,1746,1139,445,335,Dentate nucleus,right
421,2700,3053,1144,617,596,Gigantocellular reticular nucleus,left
421,1203,3337,1177,263,691,Lobules IV-V,left
420,2990,3556,1138,692,701,"Paragigantocellular reticular nucleus, lateral part",left
420,1865,1764,1142,393,334,Interposed nucleus,right
420,3081,3222,1131,706,629,Magnocellular reticular nucleus,left
422,1807,1701,1143,377,318,arbor vitae,right
422,3010,2972,1131,684,578,Medulla,left
422,3006,3376,1134,691,661,"Paragigantocellular reticular nucleus, lateral part",left
423,3096,3281,1128,710,641,Parapyramidal nucleus,left
423,2645,2184,1133,592,422,Parvicellular reticular nucleus,right
423,1200,3654,1179,262,758,Simple lobule,left
426,2506,3274,1147,574,641,Intermediate reticular nucleus,left
426,2331,2734,1146,525,537,"Paragigantocellular reticular nucleus, dorsal part",right
426,2278,2550,1143,508,502,Medial vestibular nucleus,right
424,1648,3844,1164,379,793,Interposed nucleus,left
424,3116,3272,1126,715,639,Parapyramidal nucleus,left
424,2102,3360,1149,477,672,Medial vestibular nucleus,left
424,3082,2652,1123,697,509,Magnocellular reticular nucleus,right
424,2606,2425,1138,587,474,Intermediate reticular nucleus,right
424,2741,3548,1142,639,702,Intermediate reticular nucleus,left
424,2877,2741,1134,652,535,Gigantocellular reticular nucleus,right
424,3024,3145,1132,692,613,Magnocellular reticular nucleus,left
424,1295,3689,1178,286,765,Simple lobule,left
424,2037,2313,1142,442,455,Medulla,right
424,2125,3342,1149,483,666,Medial vestibular nucleus,left
425,1905,1844,1139,404,353,Interposed nucleus,right
425,2953,3145,1135,677,613,Magnocellular reticular nucleus,left
425,3075,3102,1128,702,604,Medulla,left
425,1710,2410,1149,371,479,Fastigial nucleus,right
425,2118,3426,1151,484,685,Spinal vestibular nucleus,left
425,2967,2922,1132,673,568,Nucleus raphe magnus,right
425,2702,3546,1142,630,702,Intermediate reticular nucleus,left
425,2859,3417,1141,661,670,Intermediate reticular nucleus,left
425,2440,2960,1147,554,582,Gigantocellular reticular nucleus,left
427,2077,3196,1142,466,640,Medial vestibular nucleus,left
427,3120,3302,1124,716,646,Parapyramidal nucleus,left
427,1659,2477,1148,361,493,Fastigial nucleus,right
427,1839,1734,1139,386,327,Interposed nucleus,right
427,2183,3591,1150,503,720,Spinal vestibular nucleus,left
427,2621,2909,1140,596,571,Gigantocellular reticular nucleus,left
427,3066,3082,1127,699,600,Medulla,left
428,1849,1771,1139,389,335,Interposed nucleus,right
428,1808,1801,1140,381,341,Interposed nucleus,right
428,3011,2958,1129,683,576,Medulla,left
428,3085,2955,1125,700,574,Nucleus raphe magnus,left
428,1876,1808,1138,396,345,Interposed nucleus,right
428,2048,3283,1145,461,658,Medial vestibular nucleus,left
428,1262,3697,1177,277,767,Simple lobule,left
428,2275,2562,1143,507,504,Medial vestibular nucleus,right
429,2113,3349,1147,480,669,Medial vestibular nucleus,left
429,2713,2574,1137,616,505,Gigantocellular reticular nucleus,right
429,2799,2566,1134,636,500,Gigantocellular reticular nucleus,right
429,3097,3060,1125,705,596,Medulla,left
429,2455,3451,1145,563,682,Parvicellular reticular nucleus,left
429,3094,3339,1125,710,654,Parapyramidal nucleus,left
429,1243,3370,1173,272,698,Lobules IV-V,left
429,2274,2571,1143,507,505,Medial vestibular nucleus,right
430,3087,3241,1126,707,633,Magnocellular reticular nucleus,left
430,1234,3680,1176,270,764,Simple lobule,left
430,2306,3273,1146,526,646,Medial vestibular nucleus,left
430,2723,2571,1136,618,503,Gigantocellular reticular nucleus,right
430,2738,2564,1136,622,502,Gigantocellular reticular nucleus,right
431,1810,2567,1142,396,507,Fastigial nucleus,right
431,1889,1868,1137,400,359,Interposed nucleus,right
431,2876,2382,1125,652,459,Intermediate reticular nucleus,right
431,2705,2580,1136,613,506,Gigantocellular reticular nucleus,right
432,1943,1682,1135,409,319,Dentate nucleus,right
432,2256,3322,1145,515,658,Medial vestibular nucleus,left
432,2704,2582,1136,613,506,Gigantocellular reticular nucleus,right
433,2760,3003,1137,629,587,Gigantocellular reticular nucleus,left
433,2863,2910,1132,650,568,Nucleus raphe magnus,right
433,3050,3233,1127,699,632,Magnocellular reticular nucleus,left
433,3122,2946,1122,708,571,Nucleus raphe magnus,left
433,2034,3463,1149,462,696,Spinal vestibular nucleus,left
433,2766,3017,1137,630,588,Gigantocellular reticular nucleus,left
433,2323,2639,1142,522,519,Medulla,right
433,2596,2989,1140,591,586,Gigantocellular reticular nucleus,left
433,2681,2977,1138,611,582,Gigantocellular reticular nucleus,left
433,2700,2587,1136,612,507,Gigantocellular reticular nucleus,right
433,3027,3287,1129,694,642,"Paragigantocellular reticular nucleus, lateral part",left
434,3127,3237,1121,715,632,Parapyramidal nucleus,left
434,2686,3175,1141,616,619,Gigantocellular reticular nucleus,left
434,1677,2484,1144,364,494,Fastigial nucleus,right
434,3042,3096,1126,693,603,Magnocellular reticular nucleus,left
434,1647,2475,1145,357,493,Fastigial nucleus,right
434,1856,1819,1137,391,347,Interposed nucleus,right
434,2983,2962,1128,677,576,Medulla,left
435,3147,2954,1119,715,573,Nucleus raphe pallidus,left
435,2118,3613,1147,486,726,Spinal vestibular nucleus,left
435,3149,3217,1119,721,628,Medulla,left
435,3155,3246,1118,723,634,Medulla,left
435,3095,3159,1122,707,616,Medulla,left
435,3124,3217,1121,715,628,Medulla,left
435,2167,3650,1146,498,732,Spinal vestibular nucleus,left
435,2972,3384,1130,682,664,"Paragigantocellular reticular nucleus, lateral part",left
436,1842,1711,1136,385,322,arbor vitae,right
436,3124,2929,1120,709,568,Nucleus raphe magnus,right
436,2170,2299,1137,477,451,Spinal vestibular nucleus,right
436,2296,3395,1144,525,673,Nucleus of the solitary tract,left
436,3096,2889,1121,701,560,medial lemniscus,right
436,2997,3295,1129,687,644,"Paragigantocellular reticular nucleus, lateral part",left
436,3013,3325,1127,691,651,"Paragigantocellular reticular nucleus, lateral part",left
437,1774,2507,1141,387,496,Fastigial nucleus,right
437,1812,1836,1137,381,349,Interposed nucleus,right
437,2036,3437,1146,461,690,Spinal vestibular nucleus,left
437,2161,2340,1136,473,460,Medial vestibular nucleus,right
437,2734,2523,1133,621,493,Intermediate reticular nucleus,right
437,1668,2536,1143,364,504,Fastigial nucleus,right
437,2968,3277,1130,681,640,"Paragigantocellular reticular nucleus, lateral part",left
437,2977,3285,1130,682,642,"Paragigantocellular reticular nucleus, lateral part",left
437,3071,3190,1124,702,622,Magnocellular reticular nucleus,left
437,1305,3712,1173,287,770,Simple lobule,left
437,3080,3146,1123,703,613,Magnocellular reticular nucleus,left
437,1336,3707,1172,295,769,Simple lobule,left
440,1657,2469,1142,358,492,Fastigial nucleus,right
440,2263,2605,1138,505,512,Medial vestibular nucleus,right
438,1946,1818,1133,411,349,Dentate nucleus,right
438,1251,3376,1168,272,700,Lobules IV-V,left
438,1865,1847,1135,394,353,Interposed nucleus,right
438,2988,3492,1128,688,687,Facial motor nucleus,left
438,1859,1799,1135,392,343,Interposed nucleus,right
439,2685,3505,1135,625,693,Intermediate reticular nucleus,left
439,2271,2601,1138,506,512,Medial vestibular nucleus,right
439,2084,3355,1142,472,671,Medial vestibular nucleus,left
441,2169,3359,1142,494,670,Medial vestibular nucleus,left
441,2380,2711,1139,536,532,"Paragigantocellular reticular nucleus, dorsal part",right
441,1835,1713,1135,384,323,arbor vitae,right
441,2175,2306,1135,478,452,Spinal vestibular nucleus,right
441,2897,3173,1132,663,619,Gigantocellular reticular nucleus,left
441,2976,3274,1128,682,640,"Paragigantocellular reticular nucleus, lateral part",left
441,2978,3486,1128,686,686,Facial motor nucleus,left
441,2978,3262,1128,683,637,"Paragigantocellular reticular nucleus, lateral part",left
441,3027,3306,1125,693,647,"Paragigantocellular reticular nucleus, lateral part",left
441,1859,1844,1134,393,353,Interposed nucleus,right
441,2300,3394,1142,525,673,Nucleus of the solitary tract,left
441,2964,3290,1129,680,643,"Paragigantocellular reticular nucleus, lateral part",left
441,2981,3263,1128,683,638,"Paragigantocellular reticular nucleus, lateral part",left
442,1827,1822,1134,384,346,Interposed nucleus,right
442,1808,2011,1136,386,390,Interposed nucleus,right
442,1854,1801,1133,391,343,Interposed nucleus,right
442,2741,3115,1136,627,607,Gigantocellular reticular nucleus,left
442,1251,3411,1167,272,707,Lobules IV-V,left
442,2363,2369,1131,525,465,Medial vestibular nucleus,right
442,2898,3015,1129,659,587,Magnocellular reticular nucleus,left
442,3104,3041,1119,706,591,Medulla,left
443,2083,3350,1140,471,671,Medial vestibular nucleus,left
443,3000,3288,1125,687,643,"Paragigantocellular reticular nucleus, lateral part",left
443,1822,1754,1133,381,331,Interposed nucleus,right
443,2612,2658,1134,590,524,Gigantocellular reticular nucleus,right
443,2939,3314,1128,674,649,"Paragigantocellular reticular nucleus, lateral part",left
443,2945,3315,1128,675,649,"Paragigantocellular reticular nucleus, lateral part",left
443,2348,2493,1133,525,491,Medial vestibular nucleus,right
446,2150,3568,1142,493,717,Spinal vestibular nucleus,left
446,1974,3554,1144,448,717,Superior vestibular nucleus,left
446,1891,1786,1131,398,340,Dentate nucleus,right
446,1300,3720,1168,285,773,Simple lobule,left
446,1304,3711,1168,286,770,Simple lobule,left
446,1338,3399,1162,294,704,Lobules IV-V,left
444,1852,1758,1133,388,333,Interposed nucleus,right
444,2041,3712,1146,466,748,Medulla,left
444,2122,3488,1142,484,700,Spinal vestibular nucleus,left
444,3003,3263,1124,688,638,"Paragigantocellular reticular nucleus, lateral part",left
444,3076,3302,1120,704,646,Parapyramidal nucleus,left
444,3149,3244,1115,721,635,Medulla,left
444,2174,3395,1141,496,677,Medial vestibular nucleus,left
444,3116,3255,1117,712,637,Parapyramidal nucleus,left
444,2360,2791,1138,531,548,"Paragigantocellular reticular nucleus, dorsal part",right
444,2881,3014,1128,655,587,Magnocellular reticular nucleus,left
445,1842,1734,1133,385,328,Interposed nucleus,right
445,2231,3376,1140,509,671,Medial vestibular nucleus,left
445,1824,1952,1134,388,377,Interposed nucleus,right
445,2681,2915,1133,608,571,Gigantocellular reticular nucleus,left
445,2911,2775,1125,658,541,Magnocellular reticular nucleus,right
445,2981,3242,1126,682,633,"Paragigantocellular reticular nucleus, lateral part",left
445,2969,3294,1127,681,644,"Paragigantocellular reticular nucleus, lateral part",left
447,2111,3497,1141,481,701,Spinal vestibular nucleus,left
447,1900,1815,1130,401,347,Interposed nucleus,right
447,2395,3365,1138,546,664,Intermediate reticular nucleus,left
447,3057,3128,1120,696,610,Magnocellular reticular nucleus,left
447,3101,2956,1116,702,573,Nucleus raphe magnus,left
447,2803,2927,1128,636,571,Nucleus raphe magnus,left
447,1285,3396,1163,280,704,Lobules IV-V,left
448,2130,3581,1141,488,719,Spinal vestibular nucleus,left
448,3124,2938,1115,708,570,Nucleus raphe magnus,right
448,1824,2480,1134,398,491,Fastigial nucleus,right
448,2906,3341,1128,667,654,"Paragigantocellular reticular nucleus, lateral part",left
449,2167,2215,1131,477,434,Lateral vestibular nucleus,right
449,1824,1729,1132,382,326,Interposed nucleus,right
449,2068,2225,1133,451,437,Lateral vestibular nucleus,right
449,3017,3279,1122,690,641,"Paragigantocellular reticular nucleus, lateral part",left
449,2049,3360,1139,462,674,Medial vestibular nucleus,left
449,2829,3140,1131,647,612,Gigantocellular reticular nucleus,left
449,2924,3204,1127,670,625,Gigantocellular reticular nucleus,left
449,1766,2882,1144,384,583,arbor vitae,left
451,1810,1765,1131,379,334,Interposed nucleus,right
451,3072,3287,1116,701,643,Parapyramidal nucleus,left
451,2343,2845,1135,528,560,Medulla,right
451,2871,2985,1125,651,582,Gigantocellular reticular nucleus,left
451,3075,3369,1115,704,662,"Paragigantocellular reticular nucleus, lateral part",left
451,3093,2939,1115,700,570,Nucleus raphe magnus,right
451,2551,3062,1134,581,599,Gigantocellular reticular nucleus,left
451,1338,3414,1160,293,707,Lobules IV-V,left
450,1860,1787,1130,391,340,Interposed nucleus,right
450,2186,3569,1139,501,716,Spinal vestibular nucleus,left
450,3060,3168,1119,698,618,Magnocellular reticular nucleus,left
450,1808,1840,1132,381,351,Interposed nucleus,right
452,1679,2404,1136,362,479,Fastigial nucleus,right
452,1714,2408,1136,371,479,Fastigial nucleus,right
452,1829,2035,1132,391,396,Interposed nucleus,right
452,2060,3409,1139,466,684,Spinal vestibular nucleus,left
452,2508,3277,1136,574,642,Intermediate reticular nucleus,left
452,3080,2950,1116,697,573,Nucleus raphe magnus,left
452,1792,3405,1145,402,691,Vestibulocerebellar nucleus,left
452,2318,3333,1136,528,660,Medial vestibular nucleus,left
453,3024,3224,1120,691,630,Magnocellular reticular nucleus,left
453,2153,3582,1139,494,719,Spinal vestibular nucleus,left
453,2279,2555,1132,507,503,Medial vestibular nucleus,right
453,2687,2949,1130,610,577,crossed tectospinal pathway,left
453,1791,1814,1131,375,345,Interposed nucleus,right
453,1827,1819,1130,384,347,Interposed nucleus,right
453,1308,3709,1165,286,770,Simple lobule,left
457,1815,1705,1128,378,320,arbor vitae,right
457,1867,1784,1128,392,340,Interposed nucleus,right
457,1761,2542,1132,382,504,Fastigial nucleus,right
457,1810,1757,1129,378,331,Interposed nucleus,right
457,1853,1955,1129,394,379,Interposed nucleus,right
454,2085,3484,1138,474,700,Spinal vestibular nucleus,left
454,2119,3644,1139,486,733,Spinal vestibular nucleus,left
454,2724,2907,1128,618,569,Gigantocellular reticular nucleus,right
454,2981,2907,1119,673,565,Nucleus raphe magnus,right
454,3009,3317,1119,688,649,"Paragigantocellular reticular nucleus, lateral part",left
454,1391,3465,1159,305,717,Lobules IV-V,left
454,2963,2991,1121,671,582,Magnocellular reticular nucleus,left
454,1271,3727,1166,276,774,Simple lobule,left
456,2111,3640,1138,483,732,Spinal vestibular nucleus,left
456,1867,1812,1128,392,345,Interposed nucleus,right
456,1814,1799,1129,381,342,Interposed nucleus,right
456,2239,3459,1135,512,691,Medial vestibular nucleus,left
458,1720,3858,1147,393,793,Interposed nucleus,left
458,3127,2936,1110,707,569,Nucleus raphe pallidus,right
458,2055,3513,1137,467,707,Lateral vestibular nucleus,left
458,2170,2329,1126,476,459,Medial vestibular nucleus,right
458,2363,3076,1134,536,607,"Paragigantocellular reticular nucleus, dorsal part",left
458,1780,2069,1131,380,405,Interposed nucleus,right
458,2178,3848,1137,503,776,inferior cerebellar peduncle,left
458,2517,2659,1130,567,524,Gigantocellular reticular nucleus,right
458,2998,3177,1119,684,619,Magnocellular reticular nucleus,left
459,3147,3303,1107,719,649,Parapyramidal nucleus,left
459,2100,3640,1136,480,732,Spinal vestibular nucleus,left
459,2348,2740,1131,528,539,"Paragigantocellular reticular nucleus, dorsal part",right
459,2024,3766,1139,461,760,dorsal acoustic stria,left
459,2446,2750,1131,550,540,"Paragigantocellular reticular nucleus, dorsal part",right
459,2540,2914,1130,575,572,Gigantocellular reticular nucleus,left
455,2105,3653,1138,482,735,Spinal vestibular nucleus,left
455,1289,3725,1164,281,774,Simple lobule,left
460,2013,3466,1136,455,697,Medulla,left
460,1795,2276,1132,389,449,Cerebellum,right
460,2059,3374,1134,465,677,Medial vestibular nucleus,left
460,2314,2394,1124,513,471,Medial vestibular nucleus,right
460,2404,3696,1129,555,740,"Spinal nucleus of the trigeminal, oral part",left
460,2348,2749,1131,528,541,"Paragigantocellular reticular nucleus, dorsal part",right
460,3003,3334,1117,687,654,"Paragigantocellular reticular nucleus, lateral part",left
460,2061,3497,1136,468,702,Spinal vestibular nucleus,left
461,2080,3364,1134,470,674,Medial vestibular nucleus,left
461,2915,2929,1120,659,571,Nucleus raphe magnus,left
461,1749,2315,1132,378,459,Cerebellum,right
461,1279,3447,1158,277,714,Lobules IV-V,left
461,1320,3749,1162,289,779,Simple lobule,left
461,2149,3447,1134,490,690,Spinal vestibular nucleus,left
463,2143,3379,1132,487,676,Medial vestibular nucleus,left
463,2892,2926,1119,653,570,Nucleus raphe magnus,right
463,2835,2978,1122,643,581,Gigantocellular reticular nucleus,left
462,2626,3037,1128,597,594,Gigantocellular reticular nucleus,left
462,2900,2674,1118,655,521,Gigantocellular reticular nucleus,right
462,1322,3414,1156,287,708,Lobules IV-V,left
462,2478,2497,1124,556,491,Intermediate reticular nucleus,right
462,2077,3335,1132,467,668,Medial vestibular nucleus,left
466,2127,3494,1132,484,702,Spinal vestibular nucleus,left
466,2073,3329,1130,467,667,Medial vestibular nucleus,left
466,2169,3461,1131,495,693,Spinal vestibular nucleus,left
466,2262,2245,1120,499,440,Spinal vestibular nucleus,right
466,2601,3527,1123,602,700,Parvicellular reticular nucleus,left
466,3143,2947,1106,712,570,Nucleus raphe pallidus,right
466,2700,3759,1125,625,747,Parvicellular reticular nucleus,left
466,1247,3748,1161,269,780,Simple lobule,left
465,2222,3369,1131,505,672,Medial vestibular nucleus,left
465,2367,3010,1130,534,594,"Paragigantocellular reticular nucleus, dorsal part",left
465,2946,3342,1119,674,655,"Paragigantocellular reticular nucleus, lateral part",left
465,1314,3475,1156,285,720,Lobules IV-V,left
464,1812,1817,1126,380,346,Interposed nucleus,right
468,1680,3976,1146,387,819,arbor vitae,left
468,1749,3485,1140,394,710,Infracerebellar nucleus,left
468,2132,3477,1131,485,697,Spinal vestibular nucleus,left
468,2919,2681,1115,658,522,Gigantocellular reticular nucleus,right
468,3097,3161,1108,704,617,Magnocellular reticular nucleus,left
468,2416,3511,1126,552,700,Parvicellular reticular nucleus,left
468,1379,3498,1153,301,725,Lobules IV-V,left
467,1693,2526,1127,364,503,arbor vitae,right
467,1855,1799,1124,389,343,Interposed nucleus,right
467,2006,1783,1120,423,344,Dentate nucleus,right
469,1814,1811,1124,380,345,Interposed nucleus,right
469,2126,3604,1132,486,725,Spinal vestibular nucleus,left
469,2327,3401,1129,529,675,Medial vestibular nucleus,left
469,2337,2332,1118,517,457,Medial vestibular nucleus,right
469,2116,3512,1132,482,705,Spinal vestibular nucleus,left
469,2486,3356,1128,567,661,Intermediate reticular nucleus,left
469,1306,3433,1154,283,712,Lobules IV-V,left
469,2986,2998,1114,674,584,Magnocellular reticular nucleus,left
469,3059,2750,1108,689,532,Magnocellular reticular nucleus,right
469,3078,3209,1109,701,627,Magnocellular reticular nucleus,left
469,1346,3467,1153,293,718,Lobules IV-V,left
470,2243,3432,1128,512,685,Medial vestibular nucleus,left
470,2652,2998,1124,602,587,Gigantocellular reticular nucleus,left
470,2777,1989,1107,612,384,"Spinal nucleus of the trigeminal, oral part",right
470,1302,3428,1153,282,711,Lobules IV-V,left
470,1340,3445,1152,291,714,Lobules IV-V,left
471,2133,2311,1120,467,456,Medial vestibular nucleus,right
471,1643,3721,1143,372,766,Interposed nucleus,left
471,3010,3329,1111,687,653,"Paragigantocellular reticular nucleus, lateral part",left
471,3086,3246,1107,702,635,Magnocellular reticular nucleus,left
471,1328,3469,1152,288,719,Lobules IV-V,left
471,2181,3465,1129,497,694,Spinal vestibular nucleus,left
474,2134,3462,1128,486,694,Spinal vestibular nucleus,left
474,2152,3527,1129,491,708,Spinal vestibular nucleus,left
474,2104,3517,1129,479,706,Lateral vestibular nucleus,left
474,2066,3433,1129,467,690,Lateral vestibular nucleus,left
474,2222,3499,1127,507,701,Spinal vestibular nucleus,left
474,2637,3455,1121,609,683,Intermediate reticular nucleus,left
472,2232,2556,1123,493,504,Medial vestibular nucleus,right
472,2821,2918,1118,638,570,Nucleus raphe magnus,right
472,2126,3503,1130,484,704,Spinal vestibular nucleus,left
473,2809,3216,1122,643,628,Gigantocellular reticular nucleus,left
473,1713,3176,1135,380,646,Fastigial nucleus,left
473,2176,3333,1127,493,666,Medial vestibular nucleus,left
473,2306,3358,1127,524,667,Medial vestibular nucleus,left
473,2222,3501,1128,507,701,Spinal vestibular nucleus,left
473,2334,2345,1117,517,460,Medial vestibular nucleus,right
473,2636,3454,1122,609,683,Intermediate reticular nucleus,left
475,2642,3470,1119,611,687,Intermediate reticular nucleus,left
475,2636,3408,1121,607,672,Intermediate reticular nucleus,left
475,2708,2549,1118,613,500,Gigantocellular reticular nucleus,right
478,2041,2284,1118,443,452,Medial vestibular nucleus,right
478,2172,3618,1127,497,728,Spinal vestibular nucleus,left
478,2226,3484,1125,508,698,Spinal vestibular nucleus,left
478,2997,3155,1110,680,616,Magnocellular reticular nucleus,left
478,2110,3464,1127,479,696,Lateral vestibular nucleus,left
478,2813,2987,1117,637,582,Gigantocellular reticular nucleus,left
478,2501,3504,1120,573,697,Parvicellular reticular nucleus,left
478,2045,1744,1114,431,337,Dentate nucleus,right
476,2104,3449,1128,477,692,Spinal vestibular nucleus,left
476,2160,3333,1125,488,666,Medial vestibular nucleus,left
476,2326,2730,1124,520,538,"Paragigantocellular reticular nucleus, dorsal part",right
476,1842,3295,1131,412,667,Vestibulocerebellar nucleus,left
476,1972,1759,1117,414,338,Dentate nucleus,right
476,2242,3310,1125,507,658,Medial vestibular nucleus,left
476,2697,2556,1118,609,502,Gigantocellular reticular nucleus,right
477,2682,2167,1108,596,419,Parvicellular reticular nucleus,right
477,1781,3238,1133,397,658,Fastigial nucleus,left
477,2110,3400,1127,477,682,Medial vestibular nucleus,left
477,2152,3455,1127,489,693,Spinal vestibular nucleus,left
479,2997,3271,1109,682,640,"Paragigantocellular reticular nucleus, lateral part",left
479,2044,3353,1125,459,674,Medial vestibular nucleus,left
479,2646,3015,1120,600,590,Gigantocellular reticular nucleus,left
479,2111,3508,1126,480,706,Lateral vestibular nucleus,left
481,1682,3904,1140,384,804,Interposed nucleus,left
481,2156,2627,1119,477,518,Medial vestibular nucleus,right
481,2230,2264,1114,492,445,Medial vestibular nucleus,right
481,2111,3504,1126,480,704,Lateral vestibular nucleus,left
481,2130,3778,1127,488,761,Spinal vestibular nucleus,left
481,1370,3487,1147,298,722,Lobules IV-V,left
481,2154,3520,1126,492,707,Spinal vestibular nucleus,left
481,2235,3487,1124,510,698,Medial vestibular nucleus,left
481,3010,3151,1109,683,615,Magnocellular reticular nucleus,left
480,2136,3336,1123,482,667,Medial vestibular nucleus,left
482,2246,3286,1123,507,653,Medial vestibular nucleus,left
482,1720,3073,1129,377,627,arbor vitae,left
482,1854,2200,1122,400,434,Cerebellum,right
482,2568,3186,1123,586,624,Gigantocellular reticular nucleus,left
482,2731,3063,1119,621,598,Gigantocellular reticular nucleus,left
482,1299,3765,1153,282,783,Simple lobule,left
482,1332,3791,1152,290,788,Simple lobule,left
482,2653,3442,1117,613,680,Intermediate reticular nucleus,left
483,2272,3448,1122,517,690,Medial vestibular nucleus,left
483,1308,3763,1152,284,783,Simple lobule,left
483,2320,2801,1121,520,552,"Paragigantocellular reticular nucleus, dorsal part",right
483,2722,2938,1116,615,575,crossed tectospinal pathway,left
486,2087,3373,1122,470,677,Medial vestibular nucleus,left
486,2116,3260,1119,474,652,Medial vestibular nucleus,left
486,2848,2929,1112,643,572,Nucleus raphe magnus,left
486,2048,2266,1115,446,448,Medial vestibular nucleus,right
486,2743,3861,1117,634,765,"Spinal nucleus of the trigeminal, oral part",left
486,1317,3763,1151,285,783,Simple lobule,left
486,3013,2744,1103,677,532,Magnocellular reticular nucleus,right
484,2175,3418,1123,494,685,Medial vestibular nucleus,left
484,2317,2814,1121,519,555,Medulla,right
484,2686,2172,1105,596,420,Parvicellular reticular nucleus,right
484,3096,3266,1100,704,640,Parapyramidal nucleus,left
485,3025,2742,1103,679,531,Magnocellular reticular nucleus,right
485,2174,3393,1122,493,680,Medial vestibular nucleus,left
485,2747,2944,1116,621,576,crossed tectospinal pathway,left
489,1773,2506,1119,382,498,arbor vitae,right
489,1431,3542,1143,313,732,Lobules IV-V,left
487,1394,3535,1144,303,732,Lobules IV-V,left
488,1806,1930,1118,381,374,Interposed nucleus,right
491,2101,3352,1118,472,672,Medial vestibular nucleus,left
491,2294,3582,1118,524,718,Medial vestibular nucleus,left
491,3038,2912,1101,682,565,Nucleus raphe magnus,right
491,2060,3360,1119,463,675,Medial vestibular nucleus,left
491,2256,3412,1118,512,681,Medial vestibular nucleus,left
490,2128,3754,1122,488,756,Lateral vestibular nucleus,left
493,2907,3101,1109,658,605,Magnocellular reticular nucleus,left
493,1691,3913,1135,386,806,Interposed nucleus,left
493,2180,3345,1118,492,669,Medial vestibular nucleus,left
493,2556,2876,1116,575,565,Gigantocellular reticular nucleus,right
493,3160,2941,1093,714,568,Nucleus raphe pallidus,right
493,1424,3534,1141,311,731,Lobules IV-V,left
493,2186,2114,1107,480,415,Lateral vestibular nucleus,right
492,2039,3308,1118,457,665,Medial vestibular nucleus,left
492,2123,3374,1119,479,677,Medial vestibular nucleus,left
492,2594,2919,1115,586,573,crossed tectospinal pathway,left
492,2729,3442,1112,631,680,Intermediate reticular nucleus,left
494,2474,3638,1112,569,728,"Spinal nucleus of the trigeminal, oral part",left
494,2180,2117,1107,478,415,Lateral vestibular nucleus,right
495,1690,3846,1133,384,791,Interposed nucleus,left
495,3059,2936,1098,687,570,Nucleus raphe magnus,right
495,2060,1710,1105,434,330,Dentate nucleus,right
495,2083,1701,1104,440,329,Dentate nucleus,right
495,2107,3292,1115,472,659,Medial vestibular nucleus,left
498,2219,3426,1116,504,686,Medial vestibular nucleus,left
498,2260,3537,1116,515,709,Medial vestibular nucleus,left
498,1803,3808,1128,408,779,Interposed nucleus,left
498,2526,3856,1112,585,769,"Spinal nucleus of the trigeminal, oral part",left
496,2650,3277,1115,607,643,Gigantocellular reticular nucleus,left
496,1418,3554,1140,309,736,Lobules IV-V,left
496,1999,1725,1107,420,332,Dentate nucleus,right
497,3050,2689,1095,684,519,Magnocellular reticular nucleus,right
497,2104,2215,1109,460,437,Lateral vestibular nucleus,right
497,3106,3211,1094,704,629,Magnocellular reticular nucleus,left
497,2182,2121,1106,478,416,Lateral vestibular nucleus,right
497,2219,2434,1110,488,481,Medial vestibular nucleus,right
497,3014,3186,1101,683,623,Magnocellular reticular nucleus,left
497,3062,3127,1098,692,610,Magnocellular reticular nucleus,left
497,2192,2119,1105,481,416,Lateral vestibular nucleus,right
497,2526,3060,1116,571,601,Gigantocellular reticular nucleus,left
497,2208,3411,1117,501,683,Medial vestibular nucleus,left
499,2948,3174,1103,669,620,Magnocellular reticular nucleus,left
499,3130,2935,1092,705,568,Nucleus raphe pallidus,right
499,1691,3257,1126,374,663,Fastigial nucleus,left
499,2925,3001,1104,658,585,Magnocellular reticular nucleus,left
499,2709,2511,1107,612,492,Intermediate reticular nucleus,right
499,2960,3178,1103,671,622,Magnocellular reticular nucleus,left
500,2243,2590,1111,496,512,Medial vestibular nucleus,right
500,2747,2906,1109,619,568,Gigantocellular reticular nucleus,right
500,3135,2922,1091,706,565,Nucleus raphe pallidus,right
500,2722,2502,1106,614,489,Intermediate reticular nucleus,right
501,1660,3880,1133,378,800,Interposed nucleus,left
501,1714,3907,1131,390,803,Interposed nucleus,left
501,2322,3426,1114,526,684,Medial vestibular nucleus,left
501,2714,2343,1101,610,456,Intermediate reticular nucleus,right
501,2081,1980,1106,448,388,Superior vestibular nucleus,right
501,2255,3397,1114,511,679,Medial vestibular nucleus,left
501,2237,3424,1115,507,686,Medial vestibular nucleus,left
501,2954,3168,1103,670,619,Magnocellular reticular nucleus,left
502,1907,3705,1122,430,752,Superior vestibular nucleus,left
502,2217,2469,1108,487,488,Medial vestibular nucleus,right
502,1351,3512,1139,290,727,Lobules IV-V,left
502,2674,2795,1109,602,549,Gigantocellular reticular nucleus,right
504,2103,3273,1111,471,656,Medial vestibular nucleus,left
504,2284,3538,1113,521,710,Medial vestibular nucleus,left
504,2230,3570,1114,509,717,Lateral vestibular nucleus,left
504,2152,3349,1113,484,671,Medial vestibular nucleus,left
503,2328,2251,1100,514,441,Medial vestibular nucleus,right
503,3099,2939,1092,696,570,Nucleus raphe magnus,right
503,2502,1990,1090,550,387,"Spinal nucleus of the trigeminal, oral part",right
505,1933,2198,1110,418,436,Superior vestibular nucleus,right
505,2090,3334,1113,469,669,Medial vestibular nucleus,left
505,2389,2755,1112,534,543,"Paragigantocellular reticular nucleus, dorsal part",right
505,2715,2931,1108,613,574,crossed tectospinal pathway,left
505,2461,1924,1089,541,372,"Spinal nucleus of the trigeminal, oral part",right
506,2610,3788,1106,603,754,"Spinal nucleus of the trigeminal, oral part",left
506,2065,2324,1105,449,462,Medial vestibular nucleus,right
506,2232,3612,1113,510,725,Lateral vestibular nucleus,left
506,2006,3780,1118,455,765,Nucleus y,left
506,2276,3341,1112,514,666,Medial vestibular nucleus,left
506,2694,2755,1107,606,541,Gigantocellular reticular nucleus,right
506,2788,3163,1108,635,619,Gigantocellular reticular nucleus,left
507,2087,3402,1112,469,684,Medial vestibular nucleus,left
509,2496,2001,1089,549,390,"Spinal nucleus of the trigeminal, oral part",right
509,1730,3843,1126,392,790,Interposed nucleus,left
509,2665,3176,1110,607,622,Gigantocellular reticular nucleus,left
509,2133,3654,1114,487,735,Lateral vestibular nucleus,left
509,2922,3071,1101,658,599,Magnocellular reticular nucleus,left
509,2082,3390,1112,468,681,Medial vestibular nucleus,left
509,2490,2020,1090,548,394,"Spinal nucleus of the trigeminal, oral part",right
508,2563,2887,1108,577,567,crossed tectospinal pathway,right
508,3054,3136,1093,690,612,Magnocellular reticular nucleus,left
508,1719,3260,1121,381,664,arbor vitae,left
508,2091,3339,1111,469,671,Medial vestibular nucleus,left
508,2779,2898,1104,626,567,Gigantocellular reticular nucleus,right
510,2132,3296,1109,477,660,Medial vestibular nucleus,left
510,2255,3550,1111,514,713,Medial vestibular nucleus,left
510,2853,2981,1102,642,582,Gigantocellular reticular nucleus,left
510,3119,2920,1088,700,565,medial lemniscus,right
510,2294,3538,1110,522,710,Medial vestibular nucleus,left
510,3137,2876,1086,704,555,Medulla,right
511,2165,3334,1109,487,668,Medial vestibular nucleus,left
511,2192,3400,1109,495,682,Medial vestibular nucleus,left
513,2502,2767,1107,560,545,Gigantocellular reticular nucleus,right
513,2138,3641,1112,488,732,Lateral vestibular nucleus,left
513,2659,2541,1103,599,500,Gigantocellular reticular nucleus,right
513,2850,2981,1101,641,582,Gigantocellular reticular nucleus,left
512,2092,3383,1110,470,680,Medial vestibular nucleus,left
512,1451,3596,1133,317,744,Lobules IV-V,left
514,2289,3473,1108,520,696,Medial vestibular nucleus,left
514,2086,3873,1112,477,786,inferior cerebellar peduncle,left
514,2782,2831,1101,625,554,Gigantocellular reticular nucleus,right
514,2904,3096,1099,656,604,Magnocellular reticular nucleus,left
514,2762,3189,1105,629,625,Gigantocellular reticular nucleus,left
514,2849,2981,1100,641,582,Gigantocellular reticular nucleus,left
515,3142,2933,1084,705,568,Nucleus raphe pallidus,right
515,2760,2750,1101,620,539,Gigantocellular reticular nucleus,right
515,3053,2682,1085,683,517,Magnocellular reticular nucleus,right
515,2848,2982,1099,641,582,Gigantocellular reticular nucleus,left
517,3044,2703,1087,681,523,Magnocellular reticular nucleus,right
517,2731,2754,1102,614,541,Gigantocellular reticular nucleus,right
517,2872,2727,1097,644,532,Gigantocellular reticular nucleus,right
517,1708,3823,1124,386,787,Interposed nucleus,left
517,2093,3301,1106,468,663,Medial vestibular nucleus,left
517,2669,3038,1104,604,596,Gigantocellular reticular nucleus,left
517,727,3426,1145,135,728,Simple lobule,left
516,2307,3324,1107,519,663,Medial vestibular nucleus,left
516,2359,3313,1107,532,659,Medulla,left
516,3048,2690,1086,682,519,Magnocellular reticular nucleus,right
519,2090,2315,1098,455,459,Medial vestibular nucleus,right
519,2790,2888,1099,627,565,Gigantocellular reticular nucleus,right
519,2275,3500,1105,517,702,Medial vestibular nucleus,left
519,2666,2881,1101,599,565,crossed tectospinal pathway,right
518,2551,3614,1100,587,722,Parvicellular reticular nucleus,left
518,2111,3295,1105,472,661,Medial vestibular nucleus,left
518,3094,3277,1084,701,644,Parapyramidal nucleus,left
520,2108,3312,1105,472,665,Medial vestibular nucleus,left
521,2681,2879,1101,603,565,crossed tectospinal pathway,right
521,3068,2937,1086,686,569,Nucleus raphe magnus,right
521,2390,2627,1102,531,519,"Paragigantocellular reticular nucleus, dorsal part",right
521,2280,3502,1105,518,702,Medial vestibular nucleus,left
522,2138,2295,1096,468,454,Medial vestibular nucleus,right
522,2603,3289,1104,594,648,Intermediate reticular nucleus,left
522,2825,2172,1083,625,419,Parvicellular reticular nucleus,right
522,2116,3308,1104,473,665,Medial vestibular nucleus,left
522,2250,2429,1097,494,480,Medial vestibular nucleus,right
522,2281,3502,1104,518,702,Medial vestibular nucleus,left
522,2697,2881,1100,606,565,crossed tectospinal pathway,right
523,2101,2318,1096,458,460,Medial vestibular nucleus,right
523,2119,3626,1107,483,730,Lateral vestibular nucleus,left
523,2241,3633,1104,511,730,Lateral vestibular nucleus,left
524,2236,3485,1104,507,700,Medial vestibular nucleus,left
524,2289,3505,1103,520,703,Medial vestibular nucleus,left
524,2117,3443,1105,477,694,Medial vestibular nucleus,left
524,2180,3218,1103,486,644,Medial vestibular nucleus,left
524,2750,2728,1098,618,535,Gigantocellular reticular nucleus,right
524,3143,3205,1078,712,629,Medulla,left
524,2554,2501,1096,571,493,Intermediate reticular nucleus,right
524,2746,2791,1098,616,547,Gigantocellular reticular nucleus,right
524,2788,3123,1099,633,612,Gigantocellular reticular nucleus,left
524,2733,3035,1100,618,594,Gigantocellular reticular nucleus,left
525,2242,2422,1096,491,478,Medial vestibular nucleus,right
525,2789,2786,1097,626,545,Gigantocellular reticular nucleus,right
525,2942,2981,1092,657,581,Magnocellular reticular nucleus,left
525,2125,3454,1105,480,696,Medial vestibular nucleus,left
525,2425,3027,1103,544,597,"Paragigantocellular reticular nucleus, dorsal part",left
525,2762,2712,1097,620,531,Gigantocellular reticular nucleus,right
526,2283,3395,1102,516,680,Medial vestibular nucleus,left
526,2767,2755,1096,620,540,Gigantocellular reticular nucleus,right
526,2825,2754,1094,633,539,Gigantocellular reticular nucleus,right
526,2955,2990,1091,660,583,Magnocellular reticular nucleus,left
528,2946,3248,1090,667,638,Gigantocellular reticular nucleus,left
527,3016,3048,1086,675,595,Magnocellular reticular nucleus,left
527,2092,3347,1102,468,673,Medial vestibular nucleus,left
529,1753,3873,1117,397,796,Interposed nucleus,left
529,2751,2510,1093,620,491,Gigantocellular reticular nucleus,right
529,2710,2466,1093,610,482,Intermediate reticular nucleus,right
529,2552,2451,1093,568,482,Intermediate reticular nucleus,right
529,3069,3282,1081,695,646,Parapyramidal nucleus,left
529,2142,3525,1104,485,710,Lateral vestibular nucleus,left
529,2288,3498,1101,519,702,Medial vestibular nucleus,left
529,2291,3510,1101,520,704,Medial vestibular nucleus,left
530,2234,2423,1093,490,479,Medial vestibular nucleus,right
530,2859,2482,1087,645,482,Gigantocellular reticular nucleus,right
530,2526,2991,1099,567,589,Gigantocellular reticular nucleus,left
530,2773,2752,1094,622,539,Gigantocellular reticular nucleus,right
530,2140,3525,1103,485,710,Medial vestibular nucleus,left
530,2447,2416,1091,541,474,Intermediate reticular nucleus,right
532,2280,3525,1100,518,708,Medial vestibular nucleus,left
532,2299,3703,1098,526,743,Lateral vestibular nucleus,left
532,2602,3595,1094,599,718,Parvicellular reticular nucleus,left
532,2835,2781,1091,634,544,Gigantocellular reticular nucleus,right
532,2227,3478,1100,504,700,Medial vestibular nucleus,left
532,2232,2426,1092,488,479,Medial vestibular nucleus,right
531,2591,2499,1093,579,492,Intermediate reticular nucleus,right
531,2467,2511,1093,547,495,Intermediate reticular nucleus,right
534,2105,3330,1099,470,670,Medial vestibular nucleus,left
534,2278,2445,1091,500,483,Medial vestibular nucleus,right
537,2210,3494,1099,501,703,Medial vestibular nucleus,left
537,2113,3440,1100,476,693,Medial vestibular nucleus,left
537,2133,3601,1101,485,725,Lateral vestibular nucleus,left
537,2694,2728,1093,604,537,Gigantocellular reticular nucleus,right
537,2586,2411,1089,576,472,Intermediate reticular nucleus,right
537,2146,2227,1089,469,439,Medial vestibular nucleus,right
537,2336,3392,1097,527,678,Medulla,left
537,3070,2679,1075,685,516,Magnocellular reticular nucleus,right
533,2831,3000,1093,636,587,Gigantocellular reticular nucleus,left
538,2166,2067,1085,472,406,Lateral vestibular nucleus,right
538,3061,2660,1074,683,513,Magnocellular reticular nucleus,right
538,2629,2602,1092,589,513,Gigantocellular reticular nucleus,right
538,2683,2744,1092,602,540,Gigantocellular reticular nucleus,right
538,2086,3369,1098,467,679,Medial vestibular nucleus,left
539,2149,2211,1086,470,436,Medial vestibular nucleus,right
539,2116,2356,1088,460,467,Medial vestibular nucleus,right
539,2568,2502,1089,573,493,Intermediate reticular nucleus,right
539,2801,2709,1089,627,531,Gigantocellular reticular nucleus,right
539,2760,2809,1090,618,551,Gigantocellular reticular nucleus,right
539,2907,3144,1086,655,616,Gigantocellular reticular nucleus,left
542,3063,2673,1072,683,515,Magnocellular reticular nucleus,right
542,2241,3518,1096,508,708,Medial vestibular nucleus,left
542,2789,3233,1091,634,637,Gigantocellular reticular nucleus,left
542,3077,2676,1071,686,515,Magnocellular reticular nucleus,right
542,2982,2844,1080,662,554,Magnocellular reticular nucleus,right
544,2087,3373,1095,467,680,Medial vestibular nucleus,left
544,2549,3105,1093,575,612,Gigantocellular reticular nucleus,left
544,2763,2351,1080,620,457,Intermediate reticular nucleus,right
541,2665,2515,1089,598,494,Gigantocellular reticular nucleus,right
541,2765,3040,1091,623,596,Gigantocellular reticular nucleus,left
541,1973,1662,1087,413,317,Dentate nucleus,right
541,2198,3488,1097,498,702,Medial vestibular nucleus,left
540,2714,2763,1091,608,543,Gigantocellular reticular nucleus,right
543,2915,3144,1084,657,616,Gigantocellular reticular nucleus,left
543,2518,2624,1089,562,519,Gigantocellular reticular nucleus,right
543,2820,2742,1086,631,536,Gigantocellular reticular nucleus,right
545,2334,2278,1081,513,446,Medial vestibular nucleus,right
545,2137,3245,1093,474,652,Medial vestibular nucleus,left
545,2919,3073,1084,655,602,Magnocellular reticular nucleus,left
545,2827,2662,1086,633,520,Gigantocellular reticular nucleus,right
545,2456,2370,1083,542,464,Intermediate reticular nucleus,right
547,2976,2825,1077,660,550,Magnocellular reticular nucleus,right
547,2100,3773,1095,478,762,Lateral vestibular nucleus,left
547,2780,2606,1085,624,510,Gigantocellular reticular nucleus,right
547,2202,2130,1080,481,418,Medial vestibular nucleus,right
547,2372,2805,1090,527,555,Medulla,right
546,2304,2811,1090,511,557,Pons,right
546,2948,3159,1081,664,619,Gigantocellular reticular nucleus,left
546,2656,1896,1071,580,368,"Spinal nucleus of the trigeminal, oral part",right
546,2927,3071,1082,655,601,Magnocellular reticular nucleus,left
548,2659,1883,1070,581,366,"Spinal nucleus of the trigeminal, oral part",right
548,3070,2660,1068,684,512,Magnocellular reticular nucleus,right
548,2369,2359,1081,520,463,Medulla,right
548,2798,3206,1088,635,631,Gigantocellular reticular nucleus,left
548,2491,3666,1088,570,732,"Spinal nucleus of the trigeminal, oral part",left
548,2579,2418,1083,574,475,Intermediate reticular nucleus,right
548,2494,3663,1088,571,732,"Spinal nucleus of the trigeminal, oral part",left
549,3019,2934,1076,671,571,Nucleus raphe magnus,left
549,2834,3250,1086,644,640,Gigantocellular reticular nucleus,left
549,2378,2367,1081,523,464,Medulla,right
549,2977,2813,1077,660,548,Magnocellular reticular nucleus,right
550,2122,3518,1094,479,710,Medial vestibular nucleus,left
550,2764,2549,1084,621,499,Gigantocellular reticular nucleus,right
550,2615,2437,1082,584,478,Intermediate reticular nucleus,right
550,2443,2222,1076,538,433,Parvicellular reticular nucleus,right
550,2595,2223,1077,573,433,Parvicellular reticular nucleus,right
550,2604,2200,1076,575,429,Parvicellular reticular nucleus,right
550,2603,2205,1076,575,429,Parvicellular reticular nucleus,right
552,2105,3574,1094,476,721,Lateral vestibular nucleus,left
552,2501,3656,1086,572,730,Parvicellular reticular nucleus,left
552,2884,2434,1074,648,472,Intermediate reticular nucleus,right
551,2874,3159,1082,649,620,Gigantocellular reticular nucleus,left
551,2451,3584,1087,557,717,Parvicellular reticular nucleus,left
551,2482,1890,1068,542,366,"Spinal nucleus of the trigeminal, oral part",right
551,2618,2546,1084,586,501,Gigantocellular reticular nucleus,right
551,2876,2730,1080,641,533,Gigantocellular reticular nucleus,right
551,2617,2576,1084,584,508,Gigantocellular reticular nucleus,right
553,2608,2221,1075,577,432,Parvicellular reticular nucleus,right
553,2917,3015,1080,650,590,Magnocellular reticular nucleus,left
553,2671,3288,1089,608,651,Intermediate reticular nucleus,left
554,2022,3409,1092,452,689,Medial vestibular nucleus,left
554,2546,2537,1082,566,500,Gigantocellular reticular nucleus,right
554,2650,2426,1080,592,475,Intermediate reticular nucleus,right
554,2398,2250,1075,528,439,Parvicellular reticular nucleus,right
554,2609,2495,1082,583,491,Intermediate reticular nucleus,right
554,2130,3513,1092,481,709,Medial vestibular nucleus,left
554,2620,2226,1074,579,433,Parvicellular reticular nucleus,right
554,2788,2763,1082,623,542,Gigantocellular reticular nucleus,right
556,2143,3529,1091,485,712,Medial vestibular nucleus,left
556,2178,3405,1089,490,686,Medial vestibular nucleus,left
556,2352,3300,1088,527,659,Medulla,left
556,2547,2421,1079,564,475,Intermediate reticular nucleus,right
556,2698,2530,1081,606,496,Gigantocellular reticular nucleus,right
556,2710,2489,1080,608,488,Intermediate reticular nucleus,right
555,2766,2723,1082,618,535,Gigantocellular reticular nucleus,right
555,2617,3049,1086,588,601,Gigantocellular reticular nucleus,left
555,1892,3946,1098,429,809,arbor vitae,left
555,2386,2259,1075,524,441,Parvicellular reticular nucleus,right
558,2088,3246,1087,463,653,Medial vestibular nucleus,left
558,3058,2895,1068,678,562,Medulla,right
558,2595,3552,1084,594,709,Parvicellular reticular nucleus,left
558,2643,3339,1086,602,663,Intermediate reticular nucleus,left
558,2396,2292,1074,526,447,Parvicellular reticular nucleus,right
558,3088,2878,1066,685,558,medial lemniscus,right
557,2188,3260,1088,487,655,Medial vestibular nucleus,left
557,2713,2520,1081,609,494,Gigantocellular reticular nucleus,right
557,2595,2403,1079,577,471,Intermediate reticular nucleus,right
560,3116,3284,1061,704,649,Parapyramidal nucleus,left
560,2667,2457,1078,596,481,Intermediate reticular nucleus,right
560,2783,2731,1080,622,535,Gigantocellular reticular nucleus,right
560,2608,2522,1079,582,496,Gigantocellular reticular nucleus,right
560,2837,2738,1078,632,536,Gigantocellular reticular nucleus,right
562,2217,3392,1086,497,683,Medial vestibular nucleus,left
562,2323,4021,1088,531,816,Ventral cochlear nucleus,left
562,2154,3816,1087,491,771,Lateral vestibular nucleus,left
562,2345,2301,1073,514,450,Medulla,right
562,2608,2385,1075,581,467,Intermediate reticular nucleus,right
559,2636,2463,1078,588,484,Intermediate reticular nucleus,right
561,2355,2303,1074,516,451,Medulla,right
561,2391,1907,1065,522,370,"Spinal nucleus of the trigeminal, oral part",right
561,2393,1899,1065,523,369,"Spinal nucleus of the trigeminal, oral part",right
561,2518,3187,1086,568,631,Gigantocellular reticular nucleus,left
561,2588,2641,1081,578,522,Gigantocellular reticular nucleus,right
561,2897,2619,1074,647,510,Gigantocellular reticular nucleus,right
561,2340,2306,1074,513,451,Medial vestibular nucleus,right
561,2359,2284,1073,518,447,Parvicellular reticular nucleus,right
561,2367,3304,1086,531,661,Medulla,left
561,2573,2215,1071,568,432,Parvicellular reticular nucleus,right
563,2091,3524,1088,471,712,Medial vestibular nucleus,left
563,2170,3295,1085,483,663,Medial vestibular nucleus,left
563,2540,2085,1066,557,407,Parvicellular reticular nucleus,right
564,2632,3119,1083,593,616,Gigantocellular reticular nucleus,left
564,2121,3456,1087,477,698,Medial vestibular nucleus,left
564,2620,2405,1075,583,471,Intermediate reticular nucleus,right
564,2533,2089,1066,556,408,Parvicellular reticular nucleus,right
565,2612,2426,1075,581,476,Intermediate reticular nucleus,right
565,2618,2417,1075,584,473,Intermediate reticular nucleus,right
565,2228,3379,1085,501,681,Medial vestibular nucleus,left
565,2317,3294,1084,518,660,Medulla,left
565,2538,2791,1081,566,551,Gigantocellular reticular nucleus,right
565,2214,3379,1085,497,681,Medial vestibular nucleus,left
567,2247,2067,1068,491,404,Medial vestibular nucleus,right
567,2520,2095,1064,553,409,Parvicellular reticular nucleus,right
567,2344,3365,1082,527,675,Medulla,left
567,2905,2008,1054,641,387,Parvicellular reticular nucleus,right
569,2136,3249,1082,473,654,Medial vestibular nucleus,left
569,2916,2964,1071,647,580,Gigantocellular reticular nucleus,left
569,2169,3382,1083,486,682,Medial vestibular nucleus,left
569,2214,3302,1083,494,664,Medial vestibular nucleus,left
566,2814,2777,1075,627,544,Gigantocellular reticular nucleus,right
566,2996,2765,1066,663,537,Magnocellular reticular nucleus,right
566,2242,2080,1069,490,408,Medial vestibular nucleus,right
566,2252,2086,1069,492,408,Medial vestibular nucleus,right
568,1777,3707,1098,398,759,arbor vitae,left
568,2575,2742,1079,574,542,Gigantocellular reticular nucleus,right
570,2284,3332,1081,511,669,Medial vestibular nucleus,left
570,3007,2771,1063,665,538,Magnocellular reticular nucleus,right
570,2671,2589,1076,597,510,Gigantocellular reticular nucleus,right
570,1855,3756,1094,417,767,arbor vitae,left
570,2242,3458,1082,505,697,Medial vestibular nucleus,left
570,2371,3381,1081,533,678,Parvicellular reticular nucleus,left
570,2700,3537,1077,619,706,Intermediate reticular nucleus,left
570,2228,3495,1083,504,704,Medial vestibular nucleus,left
573,2257,3676,1081,513,738,Medial vestibular nucleus,left
573,2680,3115,1078,603,615,Gigantocellular reticular nucleus,left
573,2522,2840,1078,561,562,Gigantocellular reticular nucleus,right
573,2650,2762,1076,591,545,Gigantocellular reticular nucleus,right
573,2868,3009,1072,640,590,Gigantocellular reticular nucleus,left
573,2266,2455,1071,493,485,Medial vestibular nucleus,right
573,2245,3687,1081,510,740,Medial vestibular nucleus,left
573,2529,1870,1060,551,363,Principal sensory nucleus of the trigeminal,right
572,2196,3385,1081,492,683,Medial vestibular nucleus,left
572,2542,2715,1076,565,537,Gigantocellular reticular nucleus,right
571,2238,3359,1081,502,677,Medial vestibular nucleus,left
571,2695,2572,1074,603,505,Gigantocellular reticular nucleus,right
571,2794,2734,1073,623,536,Gigantocellular reticular nucleus,right
571,2393,1823,1059,521,353,Principal sensory nucleus of the trigeminal,right
571,2229,3492,1082,503,703,Medial vestibular nucleus,left
571,2362,3392,1080,531,681,Parvicellular reticular nucleus,left
574,2341,3638,1078,531,730,"Spinal nucleus of the trigeminal, oral part",left
574,2601,2726,1075,579,539,Gigantocellular reticular nucleus,right
574,1703,3084,1088,364,627,Lobule II,left
574,2520,2788,1076,561,552,crossed tectospinal pathway,right
574,2831,2303,1060,632,448,Intermediate reticular nucleus,right
575,2655,3125,1076,598,618,Gigantocellular reticular nucleus,left
576,2697,2430,1069,603,476,Intermediate reticular nucleus,right
579,2116,3384,1078,473,684,Medial vestibular nucleus,left
579,2516,2778,1073,559,551,crossed tectospinal pathway,right
579,2602,2353,1065,576,461,Intermediate reticular nucleus,right
579,2534,2782,1073,564,550,crossed tectospinal pathway,right
579,2739,2439,1066,614,477,Intermediate reticular nucleus,right
579,2253,3440,1077,507,694,Medial vestibular nucleus,left
579,2670,2434,1067,596,477,Intermediate reticular nucleus,right
578,2623,2477,1069,585,486,Intermediate reticular nucleus,right
578,2788,3032,1072,624,596,Gigantocellular reticular nucleus,left
578,1389,3902,1104,302,812,Simple lobule,left
578,2393,3435,1077,540,690,Parvicellular reticular nucleus,left
578,2562,2700,1073,569,534,Gigantocellular reticular nucleus,right
578,2585,2722,1073,575,538,Gigantocellular reticular nucleus,right
578,2734,3402,1074,622,677,Intermediate reticular nucleus,left
577,2665,3120,1076,600,617,Gigantocellular reticular nucleus,left
577,2247,3457,1079,506,697,Medial vestibular nucleus,left
577,2249,3437,1079,506,693,Medial vestibular nucleus,left
580,2870,3236,1067,648,639,Gigantocellular reticular nucleus,left
580,1975,2404,1073,425,480,Pons,right
580,2557,2828,1073,569,560,Gigantocellular reticular nucleus,right
580,2086,3407,1079,466,689,Medial vestibular nucleus,left
580,2684,2428,1067,600,476,Intermediate reticular nucleus,right
580,2701,2732,1071,602,538,Gigantocellular reticular nucleus,right
581,2520,2718,1072,560,539,Gigantocellular reticular nucleus,right
581,2746,2787,1071,611,548,Gigantocellular reticular nucleus,right
581,2256,3290,1076,502,662,Medial vestibular nucleus,left
582,2549,2777,1072,567,549,crossed tectospinal pathway,right
582,2596,3437,1075,590,686,Intermediate reticular nucleus,left
582,2655,2524,1068,592,496,Gigantocellular reticular nucleus,right
582,2731,3021,1071,611,595,Gigantocellular reticular nucleus,left
582,2279,3426,1076,513,691,Medial vestibular nucleus,left
583,2654,2397,1064,591,469,Intermediate reticular nucleus,right
583,2437,3756,1073,554,750,"Spinal nucleus of the trigeminal, oral part",left
583,1609,1940,1084,328,382,Lobules IV-V,right
584,2786,2374,1060,623,463,Intermediate reticular nucleus,right
584,2570,2776,1071,572,549,crossed tectospinal pathway,right
584,2784,2711,1067,620,532,Gigantocellular reticular nucleus,right
584,2610,3443,1074,593,688,Intermediate reticular nucleus,left
584,2803,2375,1059,628,463,Intermediate reticular nucleus,right
586,2185,3662,1076,495,737,Medial vestibular nucleus,left
586,2115,3372,1075,472,682,Medial vestibular nucleus,left
586,2521,2837,1070,560,561,Gigantocellular reticular nucleus,right
586,2707,2621,1068,604,515,Gigantocellular reticular nucleus,right
586,2269,3339,1074,507,673,Medial vestibular nucleus,left
587,2221,3479,1074,500,702,Medial vestibular nucleus,left
587,2206,3222,1072,488,648,Sublaterodorsal nucleus,left
587,2614,2534,1065,582,499,Gigantocellular reticular nucleus,right
587,2616,2674,1067,581,529,Gigantocellular reticular nucleus,right
587,2736,2379,1060,611,465,Intermediate reticular nucleus,right
587,2763,2750,1066,615,541,Gigantocellular reticular nucleus,right
587,2106,3359,1074,469,680,Medial vestibular nucleus,left
587,2679,2757,1068,596,544,Gigantocellular reticular nucleus,right
585,3088,3292,1051,697,651,Parapyramidal nucleus,left
585,2561,2771,1071,569,548,Gigantocellular reticular nucleus,right
585,2311,3370,1074,518,679,Medulla,left
588,2142,3728,1076,485,753,Medial vestibular nucleus,left
588,2681,2299,1058,595,449,Intermediate reticular nucleus,right
588,2989,3296,1055,674,652,Gigantocellular reticular nucleus,left
588,1632,1938,1081,332,381,Lobules IV-V,right
588,2516,2609,1066,556,517,Gigantocellular reticular nucleus,right
589,2799,3459,1065,637,691,Intermediate reticular nucleus,left
589,2562,2800,1069,569,554,crossed tectospinal pathway,right
589,2732,2726,1067,608,536,Gigantocellular reticular nucleus,right
589,2758,3111,1068,620,614,Gigantocellular reticular nucleus,left
589,2648,2465,1064,590,484,Intermediate reticular nucleus,right
589,2656,2757,1068,591,544,Gigantocellular reticular nucleus,right
589,2798,2736,1065,622,537,Gigantocellular reticular nucleus,right
590,2238,3278,1071,498,661,Medial vestibular nucleus,left
590,2552,2373,1060,563,465,Intermediate reticular nucleus,right
590,2254,3421,1072,506,690,Medial vestibular nucleus,left
590,2539,2595,1065,562,513,Gigantocellular reticular nucleus,right
591,2530,3258,1070,569,650,Intermediate reticular nucleus,left
591,2350,3436,1071,528,692,Parvicellular reticular nucleus,left
593,2146,3312,1071,477,669,Medial vestibular nucleus,left
593,2782,2397,1057,622,467,Intermediate reticular nucleus,right
593,2202,3390,1072,493,685,Medial vestibular nucleus,left
593,2457,2450,1060,539,482,"Pontine reticular nucleus, caudal part",right
593,2506,2454,1061,552,483,"Pontine reticular nucleus, caudal part",right
593,2826,3368,1062,639,671,Intermediate reticular nucleus,left
592,2829,2305,1051,631,449,Intermediate reticular nucleus,right
592,2438,1960,1051,533,383,Principal sensory nucleus of the trigeminal,right
592,2605,3122,1068,584,619,Gigantocellular reticular nucleus,left
592,2691,2750,1065,598,543,Gigantocellular reticular nucleus,right
594,2468,3048,1066,550,605,Gigantocellular reticular nucleus,left
594,2633,2444,1060,586,480,"Pontine reticular nucleus, caudal part",right
594,2278,3532,1071,514,711,Parvicellular reticular nucleus,left
594,2637,3533,1068,600,707,Parvicellular reticular nucleus,left
595,2208,3435,1070,496,694,Medial vestibular nucleus,left
595,2553,2797,1065,567,554,crossed tectospinal pathway,right
595,2651,3530,1067,603,706,Parvicellular reticular nucleus,left
595,2589,2753,1064,575,546,Gigantocellular reticular nucleus,right
595,2647,2372,1056,587,464,Intermediate reticular nucleus,right
595,2656,3256,1067,599,648,Gigantocellular reticular nucleus,left
595,2792,3044,1062,623,601,Gigantocellular reticular nucleus,left
596,2593,3149,1066,582,626,Gigantocellular reticular nucleus,left
599,2650,3830,1067,600,760,"Spinal nucleus of the trigeminal, oral part",left
599,3063,2635,1041,679,509,"Pontine reticular nucleus, caudal part",right
599,2535,3045,1063,565,604,Gigantocellular reticular nucleus,left
599,2550,2863,1063,567,568,Gigantocellular reticular nucleus,right
599,2666,2475,1057,594,486,"Pontine reticular nucleus, caudal part",right
599,2709,2359,1053,604,462,Intermediate reticular nucleus,right
599,2715,2344,1052,605,459,Intermediate reticular nucleus,right
597,2662,2533,1061,592,498,"Pontine reticular nucleus, caudal part",right
597,2709,2625,1062,604,516,Gigantocellular reticular nucleus,right
597,2759,2329,1052,615,455,Intermediate reticular nucleus,right
597,2579,2718,1064,573,539,Gigantocellular reticular nucleus,right
597,2835,2644,1059,631,517,Gigantocellular reticular nucleus,right
597,2848,3405,1058,645,678,Intermediate reticular nucleus,left
600,2907,3026,1055,645,595,Gigantocellular reticular nucleus,left
600,2203,3745,1068,500,755,Medial vestibular nucleus,left
600,2668,2357,1053,593,461,Intermediate reticular nucleus,right
600,2813,2531,1055,629,494,"Pontine reticular nucleus, caudal part",right
602,2988,3280,1047,673,649,"Pontine reticular nucleus, caudal part",left
602,2957,3303,1049,666,655,"Pontine reticular nucleus, caudal part",left
602,2486,3024,1062,553,601,"Pontine reticular nucleus, caudal part",left
602,2594,2762,1061,576,547,Gigantocellular reticular nucleus,right
598,2561,2749,1063,568,545,Gigantocellular reticular nucleus,right
598,2707,2790,1062,601,551,crossed tectospinal pathway,right
598,2895,3019,1057,643,594,Gigantocellular reticular nucleus,left
598,2994,3297,1049,675,652,Gigantocellular reticular nucleus,left
601,2706,3355,1064,612,669,Intermediate reticular nucleus,left
601,2710,2781,1061,602,549,crossed tectospinal pathway,right
601,2295,3349,1066,513,676,Medulla,left
601,2649,3057,1063,592,605,Gigantocellular reticular nucleus,left
603,2627,2760,1060,583,546,Gigantocellular reticular nucleus,right
603,2660,2657,1059,591,524,"Pontine reticular nucleus, caudal part",right
604,2564,2527,1056,567,498,"Pontine reticular nucleus, caudal part",right
604,2573,2781,1060,571,551,crossed tectospinal pathway,right
604,2635,2373,1052,585,465,Intermediate reticular nucleus,right
604,2477,3588,1064,560,719,Parvicellular reticular nucleus,left
605,2970,3375,1047,670,670,Facial motor nucleus,left
605,2466,2728,1059,545,542,crossed tectospinal pathway,right
605,2619,2809,1060,582,557,crossed tectospinal pathway,right
605,2657,3143,1062,595,625,Gigantocellular reticular nucleus,left
605,2679,2357,1051,596,461,Intermediate reticular nucleus,right
605,2696,2351,1050,599,460,Intermediate reticular nucleus,right
605,2899,2944,1053,641,578,Gigantocellular reticular nucleus,left
605,2534,2583,1057,560,512,"Pontine reticular nucleus, caudal part",right
605,2678,2747,1059,595,542,Gigantocellular reticular nucleus,right
605,2830,2557,1053,631,499,"Pontine reticular nucleus, caudal part",right
606,2149,3757,1067,487,759,Medial vestibular nucleus,left
606,2433,3021,1060,541,600,"Pontine reticular nucleus, caudal part",left
606,2641,2481,1054,587,487,"Pontine reticular nucleus, caudal part",right
606,2744,2775,1057,609,547,Gigantocellular reticular nucleus,right
606,2502,2505,1054,550,494,"Pontine reticular nucleus, caudal part",right
606,2909,2741,1050,642,535,Gigantocellular reticular nucleus,right
607,2497,2810,1059,553,558,Gigantocellular reticular nucleus,right
607,2688,2710,1057,597,535,Gigantocellular reticular nucleus,right
608,2601,2845,1059,577,564,Gigantocellular reticular nucleus,right
608,2648,2842,1058,588,562,Gigantocellular reticular nucleus,right
608,2737,3124,1058,613,620,"Pontine reticular nucleus, caudal part",left
610,2906,2768,1048,640,542,Gigantocellular reticular nucleus,right
610,2473,2773,1057,547,551,"Pontine reticular nucleus, caudal part",right
610,2642,3185,1059,592,634,"Pontine reticular nucleus, caudal part",left
609,2406,3113,1059,534,621,"Pontine reticular nucleus, caudal part",left
609,2679,2666,1057,595,526,"Pontine reticular nucleus, caudal part",right
609,2564,2636,1056,568,522,"Pontine reticular nucleus, caudal part",right
609,2687,2657,1056,597,523,"Pontine reticular nucleus, caudal part",right
609,2880,2781,1051,635,545,Gigantocellular reticular nucleus,right
609,2677,2807,1058,594,555,crossed tectospinal pathway,right
611,2981,3337,1042,671,662,"Pontine reticular nucleus, caudal part",left
611,2535,2502,1051,559,493,"Pontine reticular nucleus, caudal part",right
611,2669,2789,1055,592,552,crossed tectospinal pathway,right
611,2833,2741,1051,627,538,Gigantocellular reticular nucleus,right
611,2506,2683,1054,553,533,"Pontine reticular nucleus, caudal part",right
611,2600,2013,1043,567,393,Parvicellular reticular nucleus,right
611,2457,2507,1050,538,495,"Pontine reticular nucleus, caudal part",right
611,2689,2666,1054,597,525,"Pontine reticular nucleus, caudal part",right
612,2684,2784,1055,596,551,crossed tectospinal pathway,right
612,2909,2965,1048,643,583,Gigantocellular reticular nucleus,left
612,2645,2886,1056,587,572,Gigantocellular reticular nucleus,left
612,2465,2500,1050,541,494,"Pontine reticular nucleus, caudal part",right
612,2749,2815,1054,610,556,crossed tectospinal pathway,right
612,2742,2778,1054,608,549,crossed tectospinal pathway,right
612,2798,2802,1052,620,551,Gigantocellular reticular nucleus,right
613,2727,3098,1056,609,615,"Pontine reticular nucleus, caudal part",left
613,2513,2693,1055,556,535,"Pontine reticular nucleus, caudal part",right
613,2602,2517,1052,576,496,"Pontine reticular nucleus, caudal part",right
613,2984,3354,1041,672,666,"Pontine reticular nucleus, caudal part",left
614,2571,2636,1053,569,522,"Pontine reticular nucleus, caudal part",right
614,2651,2499,1050,589,492,"Pontine reticular nucleus, caudal part",right
614,2657,3058,1056,592,608,"Pontine reticular nucleus, caudal part",left
614,2504,2796,1055,555,555,"Pontine reticular nucleus, caudal part",right
614,2549,3160,1057,570,630,"Pontine reticular nucleus, caudal part",left
614,2562,2694,1054,567,534,"Pontine reticular nucleus, caudal part",right
616,2926,3343,1043,659,665,"Pontine reticular nucleus, caudal part",left
616,2940,3220,1043,659,637,"Pontine reticular nucleus, caudal part",left
616,2683,3159,1055,602,629,"Pontine reticular nucleus, caudal part",left
616,2705,2701,1052,600,533,"Pontine reticular nucleus, caudal part",right
616,2987,3089,1042,663,608,Gigantocellular reticular nucleus,left
616,2707,2444,1047,603,479,"Pontine reticular nucleus, caudal part",right
616,2178,3049,1057,479,613,Nucleus incertus,left
615,2124,3277,1060,470,663,Subceruleus nucleus,left
618,2588,3403,1058,584,682,Intermediate reticular nucleus,left
618,2344,3173,1054,519,637,"Pontine reticular nucleus, caudal part",left
618,2426,3155,1054,538,631,"Pontine reticular nucleus, caudal part",left
617,2598,3329,1058,585,667,Intermediate reticular nucleus,left
617,2544,2766,1054,564,549,crossed tectospinal pathway,right
617,2708,2467,1047,604,483,"Pontine reticular nucleus, caudal part",right
617,2412,3056,1054,534,609,"Pontine reticular nucleus, caudal part",left
617,2621,3060,1055,584,608,"Pontine reticular nucleus, caudal part",left
617,2643,2566,1051,587,505,"Pontine reticular nucleus, caudal part",right
617,2661,2500,1049,591,491,"Pontine reticular nucleus, caudal part",right
617,2687,2797,1053,595,553,crossed tectospinal pathway,right
619,2036,3268,1059,449,662,Pons,left
619,2427,3066,1052,537,611,"Pontine reticular nucleus, caudal part",left
619,2567,3097,1053,571,616,"Pontine reticular nucleus, caudal part",left
619,2777,3755,1053,628,747,Parvicellular reticular nucleus,left
620,2458,3081,1052,546,614,"Pontine reticular nucleus, caudal part",left
620,2840,2725,1046,628,535,"Pontine reticular nucleus, caudal part",right
620,2638,3094,1053,589,616,"Pontine reticular nucleus, caudal part",left
620,1694,1903,1064,348,372,Lobules IV-V,right
621,2502,3144,1053,557,628,"Pontine reticular nucleus, caudal part",left
621,2584,3162,1054,578,630,"Pontine reticular nucleus, caudal part",left
621,2668,2464,1046,594,484,"Pontine reticular nucleus, caudal part",right
621,2691,2801,1051,596,554,crossed tectospinal pathway,right
626,2828,2896,1044,625,571,Nucleus raphe magnus,left
626,2408,3186,1050,535,638,"Pontine reticular nucleus, caudal part",left
626,2486,2754,1048,549,548,crossed tectospinal pathway,right
626,2458,2808,1049,543,559,Pons,right
626,2486,2738,1048,548,545,crossed tectospinal pathway,right
626,2487,3272,1052,555,656,"Pontine reticular nucleus, caudal part",left
626,2493,2780,1049,551,553,"Pontine reticular nucleus, caudal part",right
623,2902,3301,1041,652,656,"Pontine reticular nucleus, caudal part",left
623,2581,2501,1045,570,493,"Pontine reticular nucleus, caudal part",right
623,1395,3925,1082,302,818,Simple lobule,left
624,2592,3238,1053,580,648,"Pontine reticular nucleus, caudal part",left
624,2501,2598,1046,550,515,"Pontine reticular nucleus, caudal part",right
625,2711,3664,1052,613,732,Parvicellular reticular nucleus,left
625,2664,3071,1050,594,610,"Pontine reticular nucleus, caudal part",left
625,2596,2768,1050,575,550,crossed tectospinal pathway,right
627,2134,2215,1045,462,436,Pons,right
627,2532,2784,1048,560,553,"Pontine reticular nucleus, caudal part",right
628,2564,3297,1052,575,661,"Pontine reticular nucleus, caudal part",left
628,2614,3018,1048,581,601,"Pontine reticular nucleus, caudal part",left
628,2704,3107,1048,604,618,"Pontine reticular nucleus, caudal part",left
628,2842,2890,1042,627,570,Nucleus raphe magnus,right
630,2722,2949,1045,603,585,"Pontine reticular nucleus, caudal part",left
630,2750,3214,1046,617,641,"Pontine reticular nucleus, caudal part",left
630,2614,2745,1046,579,544,crossed tectospinal pathway,right
630,1878,3288,1059,411,668,Parabrachial nucleus,left
629,2953,2357,1026,657,458,"Pontine reticular nucleus, caudal part",right
629,2239,3028,1050,492,608,Nucleus incertus,left
631,3038,3277,1028,682,650,Pons,left
633,2466,3261,1048,549,655,"Pontine reticular nucleus, caudal part",left
633,2623,3099,1046,585,618,"Pontine reticular nucleus, caudal part",left
633,2633,1968,1034,573,384,Pons,right
633,2156,2211,1042,467,435,Pons,right
632,2295,1917,1037,499,374,Principal sensory nucleus of the trigeminal,right
634,2900,3356,1034,652,668,"Pontine reticular nucleus, caudal part",left
635,2941,3348,1031,661,667,"Pontine reticular nucleus, caudal part",left
635,2583,3142,1045,576,627,"Pontine reticular nucleus, caudal part",left
640,2870,2272,1020,637,443,"Pontine reticular nucleus, caudal part",right
640,2742,2959,1039,607,587,"Pontine reticular nucleus, caudal part",left
636,2175,3320,1049,483,673,Pons,left
636,2420,3189,1044,536,640,"Pontine reticular nucleus, caudal part",left
636,2631,3095,1044,585,617,"Pontine reticular nucleus, caudal part",left
636,2610,2710,1043,577,537,"Pontine reticular nucleus, caudal part",right
638,2195,2675,1043,477,532,Nucleus incertus,right
638,2592,3123,1044,576,624,"Pontine reticular nucleus, caudal part",left
638,2007,2166,1044,430,429,Parabrachial nucleus,right
639,2282,2372,1035,494,467,"Pontine reticular nucleus, caudal part",right
639,2464,3369,1046,552,679,Pons,left
639,2684,3129,1042,599,624,"Pontine reticular nucleus, caudal part",left
643,2508,3610,1046,565,723,Parvicellular reticular nucleus,left
643,2047,3625,1052,458,737,Parabrachial nucleus,left
643,2474,3083,1040,547,617,"Pontine reticular nucleus, caudal part",left
643,2589,3092,1040,575,617,"Pontine reticular nucleus, caudal part",left
641,2285,3373,1046,510,683,Peritrigeminal zone,left
641,2416,3120,1042,534,625,"Pontine reticular nucleus, caudal part",left
641,2817,3613,1037,636,724,Pons,left
642,2402,3161,1041,531,634,"Pontine reticular nucleus, caudal part",left
642,2492,2704,1039,548,538,crossed tectospinal pathway,right
642,2572,3123,1041,571,625,"Pontine reticular nucleus, caudal part",left
642,2646,2731,1040,585,541,"Pontine reticular nucleus, caudal part",right
642,2875,2283,1019,638,446,"Pontine reticular nucleus, caudal part",right
647,2481,3163,1038,550,635,"Pontine reticular nucleus, caudal part",left
647,2753,3132,1035,614,624,"Pontine reticular nucleus, caudal part",left
648,2021,3259,1047,444,661,Pons,left
645,2628,3195,1041,587,639,"Pontine reticular nucleus, caudal part",left
646,2687,3105,1038,598,619,"Pontine reticular nucleus, caudal part",left
646,2981,3267,1024,667,648,"Pontine reticular nucleus, caudal part",left
646,2211,2991,1042,484,601,Nucleus incertus,left
651,2540,3437,1041,570,690,Pons,left
651,2717,3063,1034,603,611,"Pontine reticular nucleus, caudal part",left
651,2470,3235,1037,549,651,"Pontine reticular nucleus, caudal part",left
651,2706,2959,1034,599,589,"Pontine reticular nucleus, caudal part",left
651,2445,3167,1036,541,636,"Pontine reticular nucleus, caudal part",left
651,2491,3174,1036,552,637,"Pontine reticular nucleus, caudal part",left
651,2497,3080,1036,551,616,"Pontine reticular nucleus, caudal part",left
650,2757,3152,1034,615,628,"Pontine reticular nucleus, caudal part",left
650,2319,1944,1029,505,381,Intertrigeminal nucleus,right
650,2544,2711,1036,561,538,crossed tectospinal pathway,right
649,2536,3456,1043,570,694,Pons,left
652,2603,2629,1033,575,521,"Pontine reticular nucleus, caudal part",right
656,2759,3075,1030,613,612,"Pontine reticular nucleus, caudal part",left
653,2115,2024,1034,456,397,Parabrachial nucleus,right
654,2712,2548,1028,601,502,"Pontine reticular nucleus, caudal part",right
654,2753,2791,1031,608,552,"Pontine reticular nucleus, caudal part",right
655,2729,3061,1031,606,610,"Pontine reticular nucleus, caudal part",left
657,2429,3097,1033,536,620,"Pontine reticular nucleus, caudal part",left
657,2807,2786,1028,618,550,"Pontine reticular nucleus, caudal part",right
657,2395,1939,1025,522,380,Intertrigeminal nucleus,right
657,2446,3161,1034,540,635,"Pontine reticular nucleus, caudal part",left
657,2542,3414,1038,570,686,Pons,left
657,2681,1994,1022,582,388,Pons,right
660,2074,3280,1039,458,665,Pons,left
660,2435,3206,1032,539,645,"Pontine reticular nucleus, caudal part",left
660,2535,3091,1032,561,619,"Pontine reticular nucleus, caudal part",left
660,2581,3159,1032,573,634,"Pontine reticular nucleus, caudal part",left
661,2354,2388,1025,512,471,"Pontine reticular nucleus, caudal part",right
661,2450,3153,1032,541,634,"Pontine reticular nucleus, caudal part",left
661,2879,3346,1021,646,667,"Pontine reticular nucleus, caudal part",left
661,2530,3760,1041,566,750,Pons,left
658,2280,2844,1035,499,568,Nucleus raphe pontis,right
658,2318,1939,1026,504,380,Intertrigeminal nucleus,right
658,2777,3151,1029,618,628,"Pontine reticular nucleus, caudal part",left
659,2563,3435,1036,576,690,Pons,left
663,1944,3058,1043,420,619,Laterodorsal tegmental nucleus,left
663,2651,3119,1029,588,624,"Pontine reticular nucleus, caudal part",left
664,2023,3255,1039,445,660,Pons,left
664,2731,3042,1027,605,606,"Pontine reticular nucleus, caudal part",left
664,2858,3108,1022,635,618,"Pontine reticular nucleus, caudal part",left
664,1509,3798,1066,327,786,Lobules IV-V,left
662,2644,3391,1033,593,680,"Pontine reticular nucleus, caudal part",left
662,2870,3394,1020,644,678,"Pontine reticular nucleus, caudal part",left
662,2878,3402,1019,647,679,"Pontine reticular nucleus, caudal part",left
665,2542,2536,1024,558,501,"Pontine reticular nucleus, caudal part",right
665,1937,2371,1034,412,473,Pons,right
667,2982,2729,1014,652,531,"Pontine reticular nucleus, caudal part",right
667,2541,3193,1028,563,642,"Pontine reticular nucleus, caudal part",left
667,2810,2759,1022,618,544,"Pontine reticular nucleus, caudal part",right
667,2890,3345,1016,648,667,"Pontine reticular nucleus, caudal part",left
667,2536,3369,1031,567,678,"Pontine reticular nucleus, caudal part",left
667,2317,3089,1029,508,622,"Pontine reticular nucleus, caudal part",left
668,2738,2796,1024,604,554,Pons,right
668,2555,3209,1029,567,645,"Pontine reticular nucleus, caudal part",left
668,2805,2345,1009,624,460,"Pontine reticular nucleus, caudal part",right
666,2660,2871,1027,587,571,Pons,left
669,1868,2166,1031,394,431,Parabrachial nucleus,right
669,2208,3699,1037,496,749,Supratrigeminal nucleus,left
669,2870,3059,1020,636,607,"Pontine reticular nucleus, caudal part",left
669,2758,3164,1024,615,632,"Pontine reticular nucleus, caudal part",left
669,2865,3477,1016,644,695,"Pontine reticular nucleus, caudal part",left
669,2219,3436,1035,496,696,Peritrigeminal zone,left
671,2044,3375,1035,453,685,Parabrachial nucleus,left
671,2814,2336,1006,626,458,lateral lemniscus,right
671,2180,1964,1023,470,384,Koelliker-Fuse subnucleus,right
670,2228,3430,1034,498,695,Peritrigeminal zone,left
675,2057,3421,1034,456,695,Parabrachial nucleus,left
675,2492,3084,1024,549,619,"Pontine reticular nucleus, caudal part",left
675,2197,1952,1021,474,381,Koelliker-Fuse subnucleus,right
673,2806,2726,1019,618,537,"Pontine reticular nucleus, caudal part",right
673,2481,3135,1026,547,630,"Pontine reticular nucleus, caudal part",left
673,2673,3036,1024,592,606,"Pontine reticular nucleus, caudal part",left
676,2787,2310,1004,618,454,lateral lemniscus,right
676,2908,3244,1012,650,646,"Pontine reticular nucleus, caudal part",left
676,2756,3449,1020,617,691,"Pontine reticular nucleus, caudal part",left
674,2504,3143,1025,553,632,"Pontine reticular nucleus, caudal part",left
674,2869,3373,1013,643,674,"Pontine reticular nucleus, caudal part",left
674,2885,2979,1016,636,590,"Pontine reticular nucleus, caudal part",left
677,2026,3250,1033,444,659,Pons,left
677,2919,3063,1014,646,608,"Pontine reticular nucleus, caudal part",left
680,2182,1988,1019,470,390,Koelliker-Fuse subnucleus,right
680,2515,3175,1022,556,638,"Pontine reticular nucleus, caudal part",left
684,2488,3045,1020,548,610,"Pontine reticular nucleus, caudal part",left
684,2281,1892,1015,494,370,Principal sensory nucleus of the trigeminal,right
684,2797,3275,1014,624,654,"Pontine reticular nucleus, caudal part",left
684,2736,2778,1016,602,551,Pons,right
684,2824,2192,997,623,430,lateral lemniscus,right
682,2658,3027,1019,588,604,"Pontine reticular nucleus, caudal part",left
682,2500,3074,1021,551,617,"Pontine reticular nucleus, caudal part",left
682,2515,3380,1025,562,680,Pons,left
682,2800,2288,1000,621,450,lateral lemniscus,right
682,2224,2024,1017,481,397,Supratrigeminal nucleus,right
682,2366,3311,1024,525,669,"Pontine reticular nucleus, caudal part",left
686,1734,3442,1038,377,701,Parabrachial nucleus,left
686,2528,3167,1019,559,636,"Pontine reticular nucleus, caudal part",left
686,2704,3067,1016,599,612,"Pontine reticular nucleus, caudal part",left
686,2224,2021,1015,480,396,Supratrigeminal nucleus,right
685,2805,3264,1013,626,652,"Pontine reticular nucleus, caudal part",left
685,2190,3130,1024,480,633,"Pontine reticular nucleus, caudal part",left
685,2616,2804,1019,576,558,Pons,right
685,2833,2194,996,625,431,lateral lemniscus,right
685,2889,3368,1006,648,672,"Pontine reticular nucleus, caudal part",left
689,2761,2799,1013,608,555,Pons,right
689,2683,2753,1015,592,547,"Pontine reticular nucleus, caudal part",right
689,2858,2416,998,637,473,"Pontine reticular nucleus, caudal part",right
689,2300,3117,1019,505,629,"Pontine reticular nucleus, caudal part",left
689,2708,3141,1015,602,628,"Pontine reticular nucleus, caudal part",left
689,2717,3079,1014,602,615,"Pontine reticular nucleus, caudal part",left
689,2770,3548,1014,621,711,Pons,left
690,2778,2792,1011,612,552,Pons,right
690,2689,3145,1015,597,630,"Pontine reticular nucleus, caudal part",left
690,2238,1886,1013,484,369,Koelliker-Fuse subnucleus,right
690,2428,1739,1007,528,340,Principal sensory nucleus of the trigeminal,right
690,2516,3195,1018,556,643,"Pontine reticular nucleus, caudal part",left
690,2870,2977,1008,633,590,"Pontine reticular nucleus, caudal part",left
687,2817,3259,1011,628,651,"Pontine reticular nucleus, caudal part",left
691,2855,3380,1004,639,675,"Pontine reticular nucleus, caudal part",left
691,2490,2930,1016,547,585,Pons,left
691,2641,2823,1015,582,562,Pons,right
691,2869,2976,1007,633,590,"Pontine reticular nucleus, caudal part",left
692,2455,2362,1008,536,466,"Pontine reticular nucleus, caudal part",right
692,2228,2021,1012,481,397,Supratrigeminal nucleus,right
692,2234,3109,1019,490,629,"Pontine reticular nucleus, caudal part",left
692,2764,3560,1012,620,713,Pons,left
693,2774,3554,1011,622,712,Pons,left
693,2322,1917,1010,503,376,Pons,right
693,2572,3102,1016,567,622,"Pontine reticular nucleus, caudal part",left
693,2867,2975,1007,632,590,"Pontine reticular nucleus, caudal part",left
694,2003,3530,1027,444,718,Parabrachial nucleus,left
694,2367,1921,1008,514,378,Intertrigeminal nucleus,right
698,2493,3222,1014,552,649,"Pontine reticular nucleus, caudal part",left
698,2769,3100,1007,615,619,"Pontine reticular nucleus, caudal part",left
698,2233,2014,1009,482,396,Supratrigeminal nucleus,right
698,2527,2676,1011,554,531,"Pontine reticular nucleus, caudal part",right
698,2684,2789,1010,591,554,Pons,right
698,2783,3551,1007,625,711,Pons,left
696,2543,2641,1011,558,524,"Pontine reticular nucleus, caudal part",right
697,2155,1991,1012,463,391,Parabrachial nucleus,right
695,2296,1916,1009,497,376,Pons,right
705,2575,3114,1010,568,625,"Pontine reticular nucleus, caudal part",left
705,2642,3163,1009,585,635,"Pontine reticular nucleus, caudal part",left
705,1771,3446,1027,384,702,Parabrachial nucleus,left
705,2259,1903,1006,489,374,Koelliker-Fuse subnucleus,right
705,2678,3142,1008,594,629,"Pontine reticular nucleus, caudal part",left
705,2641,3114,1009,584,624,"Pontine reticular nucleus, caudal part",left
699,2539,3149,1012,561,633,"Pontine reticular nucleus, caudal part",left
699,2496,3206,1013,551,646,"Pontine reticular nucleus, caudal part",left
699,2859,2971,1003,631,589,"Pontine reticular nucleus, caudal part",left
700,2748,1947,998,598,379,Principal sensory nucleus of the trigeminal,right
700,2728,2603,1004,603,514,"Pontine reticular nucleus, caudal part",right
701,2712,2411,997,602,474,"Pontine reticular nucleus, caudal part",right
701,2309,3012,1014,505,605,"Pontine reticular nucleus, caudal part",left
701,2856,2971,1003,630,589,"Pontine reticular nucleus, caudal part",left
701,2246,2018,1008,484,397,Supratrigeminal nucleus,right
704,2572,2723,1009,565,541,"Pontine reticular nucleus, caudal part",right
707,2201,2031,1005,473,400,Parabrachial nucleus,right
707,2746,3354,1003,613,671,"Pontine reticular nucleus, caudal part",left
707,2315,3009,1010,506,606,"Pontine reticular nucleus, caudal part",left
706,2207,1997,1006,474,392,Parabrachial nucleus,right
706,2219,3058,1013,485,618,Pontine reticular nucleus,left
706,2426,2958,1010,531,593,Superior central nucleus raphe,left
706,2244,3030,1012,491,611,Pontine reticular nucleus,left
710,2622,3095,1006,579,621,"Pontine reticular nucleus, caudal part",left
710,2544,3163,1008,562,637,"Pontine reticular nucleus, caudal part",left
710,2663,3063,1005,589,613,"Pontine reticular nucleus, caudal part",left
710,2712,2768,1003,596,549,Pons,right
710,2223,3410,1016,494,691,Peritrigeminal zone,left
710,1598,4073,1033,358,849,Simple lobule,left
710,2430,1751,997,529,342,Principal sensory nucleus of the trigeminal,right
709,2617,2800,1007,575,557,Pons,right
709,2243,2716,1008,487,541,Superior central nucleus raphe,right
709,2573,3161,1008,569,635,"Pontine reticular nucleus, caudal part",left
709,2330,1884,1002,506,370,Pons,right
709,2753,3590,1005,617,718,"Superior olivary complex, lateral part",left
708,2323,3176,1010,511,642,"Pontine reticular nucleus, caudal part",left
711,2607,3133,1006,576,629,"Pontine reticular nucleus, caudal part",left
711,2748,2753,1001,605,545,Pons,right
712,2634,3113,1005,583,625,"Pontine reticular nucleus, caudal part",left
712,2667,2646,1001,587,523,"Pontine reticular nucleus, caudal part",right
712,2633,2712,1003,579,537,"Pontine reticular nucleus, caudal part",right
713,2175,3616,1018,485,734,Supratrigeminal nucleus,left
713,2823,3251,997,630,649,"Pontine reticular nucleus, caudal part",left
714,2634,2800,1004,579,557,Pons,right
714,2650,3081,1003,586,617,"Pontine reticular nucleus, caudal part",left
714,2366,1918,998,514,378,Pons,right
714,2790,2396,986,622,471,"Pontine reticular nucleus, caudal part",right
714,2917,3099,994,647,617,"Pontine reticular nucleus, caudal part",left
716,2585,2812,1004,568,559,Pons,right
716,2826,3238,995,629,647,"Pontine reticular nucleus, caudal part",left
716,2083,3608,1017,463,734,Parabrachial nucleus,left
716,1959,2561,1013,416,512,Midbrain reticular nucleus,right
716,2818,3232,996,628,645,"Pontine reticular nucleus, caudal part",left
715,2564,1772,994,557,346,Principal sensory nucleus of the trigeminal,right
715,2656,3112,1002,587,623,"Pontine reticular nucleus, caudal part",left
715,2636,3109,1003,583,624,"Pontine reticular nucleus, caudal part",left
721,2453,2473,997,536,490,Pontine reticular nucleus,right
721,1837,3036,1018,390,614,Laterodorsal tegmental nucleus,left
721,2100,3577,1015,466,727,Parabrachial nucleus,left
721,2641,2927,1001,581,583,Pons,left
721,2183,3436,1013,484,696,Supratrigeminal nucleus,left
721,2357,3605,1014,525,728,Motor nucleus of trigeminal,left
721,2833,3241,993,632,647,"Pontine reticular nucleus, caudal part",left
717,2772,3571,999,621,713,Pons,left
717,2735,2697,998,602,532,"Pontine reticular nucleus, caudal part",right
717,2761,4172,1018,647,835,vestibular nerve,left
719,2423,3131,1004,532,631,"Pontine reticular nucleus, caudal part",left
719,2716,3081,998,601,616,"Pontine reticular nucleus, caudal part",left
719,2659,3078,1000,588,617,"Pontine reticular nucleus, caudal part",left
720,2641,3044,1000,582,609,"Pontine reticular nucleus, caudal part",left
720,1264,3000,1037,247,614,Periaqueductal gray,left
723,1976,3142,1011,425,636,Midbrain reticular nucleus,left
723,2806,3398,990,628,678,"Pontine reticular nucleus, caudal part",left
723,2296,2636,999,496,524,Pontine reticular nucleus,right
723,2591,3155,1000,572,634,"Pontine reticular nucleus, caudal part",left
723,2650,2855,999,583,568,Pons,right
724,2382,2689,999,517,535,Pontine reticular nucleus,right
724,2467,3712,1012,548,747,Parvicellular motor 5 nucleus,left
724,2013,2075,1000,428,411,Parabrachial nucleus,right
724,2825,3571,990,636,712,"Superior olivary complex, lateral part",left
724,2359,3600,1012,526,727,Motor nucleus of trigeminal,left
728,2225,3398,1008,493,688,Supratrigeminal nucleus,left
725,2560,2806,1000,561,558,Pons,right
725,2468,1910,992,538,376,Pons,right
725,2563,2613,996,563,518,"Pontine reticular nucleus, caudal part",right
722,2833,3240,992,632,647,"Pontine reticular nucleus, caudal part",left
726,2581,3152,1000,570,633,"Pontine reticular nucleus, caudal part",left
726,2656,3010,997,585,601,Pons,left
726,2558,3508,1004,571,703,Peritrigeminal zone,left
727,2674,3124,995,592,626,"Pontine reticular nucleus, caudal part",left
727,2873,2167,970,637,427,lateral lemniscus,right
727,2272,2720,998,492,542,Superior central nucleus raphe,right
727,2561,3697,1008,570,741,Parvicellular motor 5 nucleus,left
729,2343,2260,993,508,449,Pontine reticular nucleus,right
729,1920,3105,1012,411,629,Midbrain reticular nucleus,left
729,2016,2908,1010,434,587,Midbrain,left
730,2529,2084,987,552,412,Motor nucleus of trigeminal,right
730,2499,3184,1000,551,642,"Pontine reticular nucleus, caudal part",left
732,2648,2735,993,582,542,Pons,right
732,2566,3084,997,565,619,"Pontine reticular nucleus, caudal part",left
732,2251,2691,996,486,536,Pons,right
732,2361,3579,1008,525,723,Motor nucleus of trigeminal,left
732,2614,2601,991,575,514,"Pontine reticular nucleus, caudal part",right
734,2505,3167,998,552,637,"Pontine reticular nucleus, caudal part",left
734,2368,3580,1007,528,723,Motor nucleus of trigeminal,left
734,2229,2412,993,478,479,Pontine reticular nucleus,right
731,2786,2732,989,612,538,"Pontine reticular nucleus, caudal part",right
731,2628,2703,993,578,536,Pons,right
731,2236,3403,1007,495,689,Peritrigeminal zone,left
731,2503,3179,999,552,640,"Pontine reticular nucleus, caudal part",left
733,2815,2592,983,622,509,"Pontine reticular nucleus, caudal part",right
733,2600,3139,996,574,631,"Pontine reticular nucleus, caudal part",left
733,2749,3121,990,610,624,"Pontine reticular nucleus, caudal part",left
733,2825,2975,988,624,591,"Pontine reticular nucleus, caudal part",left
735,2622,2594,988,576,513,"Pontine reticular nucleus, caudal part",right
738,2633,2713,990,578,538,Pons,right
738,2270,2424,990,488,482,Pontine reticular nucleus,right
738,2634,2730,991,578,541,Pons,right
737,2212,3132,999,483,634,Pontine reticular nucleus,left
737,2250,3098,998,492,627,Pontine reticular nucleus,left
737,2366,3569,1006,526,721,Motor nucleus of trigeminal,left
737,2427,2853,996,529,570,Pons,right
741,2228,2408,990,478,479,Pontine reticular nucleus,right
741,2678,2724,988,589,539,Tegmental reticular nucleus,right
741,2809,3435,981,630,684,lateral lemniscus,left
740,2833,2731,983,623,536,"Pontine reticular nucleus, caudal part",right
739,2609,3037,992,575,608,"Pontine reticular nucleus, caudal part",left
739,2750,3119,986,610,624,"Pontine reticular nucleus, caudal part",left
742,2670,2742,988,586,542,Pons,right
743,2541,3454,996,567,692,"Pontine reticular nucleus, caudal part",left
746,2816,3443,977,632,686,lateral lemniscus,left
746,2750,3304,982,614,660,"Pontine reticular nucleus, caudal part",left
747,1312,3052,1022,258,625,Periaqueductal gray,left
747,2406,3533,1000,535,712,Peritrigeminal zone,left
747,2234,3074,993,487,622,Pontine reticular nucleus,left
744,2681,2734,986,588,541,Tegmental reticular nucleus,right
754,1863,2209,991,390,439,Pedunculopontine nucleus,right
754,1611,2052,1003,324,401,Midbrain,right
754,1635,2036,1001,331,398,lateral lemniscus,right
754,1853,2218,991,387,441,Pedunculopontine nucleus,right
745,2678,2742,986,588,542,Tegmental reticular nucleus,right
748,2590,3109,989,571,624,"Pontine reticular nucleus, caudal part",left
749,2419,3564,1000,539,718,Motor nucleus of trigeminal,left
749,1575,3542,1019,331,726,Cuneiform nucleus,left
749,2219,3693,1003,493,750,Supratrigeminal nucleus,left
749,2182,3136,994,475,635,Pontine reticular nucleus,left
750,2484,2620,985,542,519,Pontine reticular nucleus,right
750,2810,2965,980,621,589,"Pontine reticular nucleus, caudal part",left
751,2483,3045,989,544,612,Pontine reticular nucleus,left
751,2678,2456,973,595,484,Pontine reticular nucleus,right
751,2588,3657,993,577,732,Peritrigeminal zone,left
752,2666,3101,984,590,621,"Pontine reticular nucleus, caudal part",left
756,2711,2612,975,598,514,Pontine reticular nucleus,right
756,2699,2679,978,594,529,Tegmental reticular nucleus,right
756,1611,2037,1002,324,398,Midbrain,right
756,2372,3008,989,517,606,Pons,left
756,1623,2024,1001,328,395,Midbrain,right
755,2781,2439,966,621,479,Pontine reticular nucleus,right
755,2826,3568,972,639,711,lateral lemniscus,left
757,2471,3364,991,549,676,Pontine reticular nucleus,left
761,2491,2807,984,543,558,Superior central nucleus raphe,right
761,1138,2817,1020,213,576,Periaqueductal gray,left
761,1225,2428,1015,228,492,"Superior colliculus, motor related, deep white layer",right
761,1869,2201,988,391,436,Pedunculopontine nucleus,right
761,2416,2949,986,526,592,Superior central nucleus raphe,left
761,2641,2699,978,579,534,Pons,right
759,2639,2690,978,579,532,Pons,right
758,2798,2963,976,619,589,"Pontine reticular nucleus, caudal part",left
758,2682,2460,970,595,485,Pontine reticular nucleus,right
763,2632,2671,976,577,528,Pontine reticular nucleus,right
763,2192,2266,980,467,452,Pons,right
762,1923,2921,997,410,590,Midbrain,left
762,1873,2196,986,392,435,Pedunculopontine nucleus,right
762,2340,2946,986,509,592,Superior central nucleus raphe,left
762,2607,3298,982,580,661,Pontine reticular nucleus,left
762,2630,2684,977,577,531,Pontine reticular nucleus,right
764,2304,3207,988,505,648,Pontine reticular nucleus,left
764,2508,2594,977,548,514,Pontine reticular nucleus,right
765,2604,2671,977,571,528,Pontine reticular nucleus,right
765,2211,2359,980,472,471,Pontine reticular nucleus,right
765,2509,2593,977,548,514,Pontine reticular nucleus,right
765,2543,3000,982,558,601,Pontine reticular nucleus,left
767,2512,2579,975,548,511,Pontine reticular nucleus,right
767,2219,2717,981,479,542,Superior central nucleus raphe,right
769,2605,3292,979,579,660,Pontine reticular nucleus,left
770,2462,3055,982,538,614,Pontine reticular nucleus,left
770,2420,3946,997,539,799,Principal sensory nucleus of the trigeminal,left
771,2677,2601,967,590,512,Pontine reticular nucleus,right
771,2365,3075,983,516,620,Pontine reticular nucleus,left
771,2378,3253,985,524,656,Pontine reticular nucleus,left
772,1870,2218,983,390,440,Pedunculopontine nucleus,right
773,2257,2473,976,482,493,Pontine reticular nucleus,right
773,2798,3402,965,630,677,"Pontine reticular nucleus, caudal part",left
773,2676,3422,973,599,682,Pontine reticular nucleus,left
773,2769,2970,971,612,590,Tegmental reticular nucleus,left
773,1849,2325,986,386,463,Pedunculopontine nucleus,right
776,2657,2710,970,582,535,Tegmental reticular nucleus,right
776,2553,2401,965,562,475,Pontine reticular nucleus,right
776,2282,2434,974,488,485,Pontine reticular nucleus,right
774,1223,3162,1016,240,651,Midbrain,left
774,2702,2668,968,594,526,Tegmental reticular nucleus,right
774,1856,2324,985,387,463,Pedunculopontine nucleus,right
774,2382,3259,984,524,657,Pontine reticular nucleus,left
775,2383,3261,983,525,657,Pontine reticular nucleus,left
778,2250,3105,981,490,628,Pontine reticular nucleus,left
778,1875,2220,980,391,440,Pedunculopontine nucleus,right
778,2792,3399,963,628,678,Pontine reticular nucleus,left
779,2291,2329,972,491,465,Pontine reticular nucleus,right
779,2385,3264,982,525,658,Pontine reticular nucleus,left
779,1914,2322,980,401,463,Pedunculopontine nucleus,right
779,2559,2395,963,564,474,Pontine reticular nucleus,right
780,2703,2674,964,595,527,Tegmental reticular nucleus,right
780,1776,3039,992,374,616,Periaqueductal gray,left
780,2760,2973,967,610,591,Tegmental reticular nucleus,left
780,2487,2273,966,543,454,Pontine reticular nucleus,right
777,2791,3400,964,628,678,Pontine reticular nucleus,left
782,2587,3552,975,578,709,Pons,left
782,1925,2324,979,403,464,Pedunculopontine nucleus,right
781,2221,3503,987,489,709,Supratrigeminal nucleus,left
781,1880,2221,979,392,440,Pedunculopontine nucleus,right
785,2262,3346,983,496,675,Pontine reticular nucleus,left
787,1943,2329,975,407,465,Pedunculopontine nucleus,right
787,2425,3732,981,538,753,Pons,left
787,2487,2263,963,543,452,Pontine reticular nucleus,right
787,1888,2223,975,394,442,Pedunculopontine nucleus,right
787,2707,2681,960,595,527,Tegmental reticular nucleus,right
786,1764,2331,982,365,464,Cuneiform nucleus,right
786,1633,2138,986,331,420,lateral lemniscus,right
788,2748,2971,964,608,590,Tegmental reticular nucleus,left
788,1633,2144,985,331,421,Midbrain,right
792,2495,3057,971,546,614,Pontine reticular nucleus,left
792,2332,2925,973,506,588,Superior central nucleus raphe,left
789,2512,2937,972,547,587,Superior central nucleus raphe,left
789,1759,2329,981,364,464,Cuneiform nucleus,right
789,2671,2748,965,584,542,Tegmental reticular nucleus,right
790,1392,2319,996,267,464,Midbrain,right
790,2473,3162,974,544,636,Pontine reticular nucleus,left
794,2633,3073,965,581,616,Tegmental reticular nucleus,left
794,2730,3555,958,617,709,lateral lemniscus,left
794,2774,3526,955,629,703,"Superior olivary complex, periolivary region",left
794,2671,3487,962,600,695,Pontine reticular nucleus,left
794,1749,2328,979,361,464,Cuneiform nucleus,right
794,2478,2216,960,542,443,Pontine reticular nucleus,right
793,2678,2621,956,591,516,Tegmental reticular nucleus,right
793,1763,3179,988,372,645,Periaqueductal gray,left
793,2760,3582,957,626,713,lateral lemniscus,left
793,2369,3035,974,516,611,crossed tectospinal pathway,left
793,2396,2968,973,521,596,Superior central nucleus raphe,left
793,2435,3000,972,531,602,Superior central nucleus raphe,left
795,1433,2298,991,278,459,Midbrain,right
795,2256,2511,966,481,500,Pontine reticular nucleus,right
795,2472,2203,959,539,441,Pontine reticular nucleus,right
795,1636,2168,981,331,427,Midbrain,right
798,1638,1966,981,331,377,Midbrain,right
798,2651,2727,959,580,537,Tegmental reticular nucleus,right
798,1871,3148,982,395,638,Midbrain reticular nucleus,left
798,2777,3314,955,624,662,Pontine reticular nucleus,left
796,2604,3570,966,584,712,lateral lemniscus,left
796,2285,3135,974,498,634,Pontine reticular nucleus,left
803,2278,2536,963,487,505,Pontine reticular nucleus,right
803,2818,2631,947,626,514,Tegmental reticular nucleus,right
803,2221,3371,975,485,681,Pontine reticular nucleus,left
797,2677,3481,961,602,694,Pontine reticular nucleus,left
797,1738,2328,978,358,464,Cuneiform nucleus,right
797,2350,3089,973,512,623,Pontine reticular nucleus,left
797,1785,3132,986,376,634,Periaqueductal gray,left
797,2444,3168,972,537,638,Pontine reticular nucleus,left
801,1514,3259,993,313,667,Periaqueductal gray,left
801,2234,2436,964,476,486,Pontine reticular nucleus,right
801,1647,1960,980,333,376,Midbrain,right
800,1637,2177,980,331,428,Midbrain,right
802,2209,2130,961,472,424,Pons,right
802,2814,2662,949,623,520,Tegmental reticular nucleus,right
805,2599,2827,961,566,559,Superior central nucleus raphe,right
805,1440,3169,991,293,649,Periaqueductal gray,left
805,2777,3416,951,627,682,Pontine reticular nucleus,left
805,2371,3032,969,516,610,crossed tectospinal pathway,left
804,2433,2575,960,527,511,Pontine reticular nucleus,right
804,2702,2990,958,595,595,Tegmental reticular nucleus,left
806,2652,3064,958,585,613,Tegmental reticular nucleus,left
807,1435,2285,986,278,456,Midbrain,right
808,2702,2944,957,593,584,Tegmental reticular nucleus,left
808,2456,2185,953,536,437,Pontine reticular nucleus,right
810,2401,3133,967,524,632,Pontine reticular nucleus,left
810,1426,2268,985,275,453,Midbrain,right
810,1638,2219,975,332,439,Midbrain reticular nucleus,right
810,1628,2171,975,329,426,Midbrain reticular nucleus,right
811,2820,2602,941,628,508,Tegmental reticular nucleus,right
811,2534,2626,953,553,519,Pontine reticular nucleus,right
811,2732,2927,954,600,579,Tegmental reticular nucleus,left
811,2744,3558,947,624,710,Pons,left
811,1364,2261,987,259,452,"Superior colliculus, motor related, deep gray layer",right
813,1532,3288,987,317,674,Cuneiform nucleus,left
813,1618,3475,986,340,714,Cuneiform nucleus,left
813,2729,2900,954,599,573,Pons,left
813,2730,3145,951,609,629,Tegmental reticular nucleus,left
812,2348,3106,967,512,626,Pontine reticular nucleus,left
812,1396,2250,986,267,449,Midbrain,right
812,1658,2255,973,338,447,Cuneiform nucleus,right
812,2822,2618,942,627,512,Tegmental reticular nucleus,right
816,1304,3182,991,260,653,Periaqueductal gray,left
816,1782,3065,977,374,621,Periaqueductal gray,left
816,2350,3113,965,512,628,Pontine reticular nucleus,left
819,2488,2556,950,541,506,Pontine reticular nucleus,right
819,1687,2132,968,343,416,Midbrain reticular nucleus,right
821,2548,2499,945,559,494,Pontine reticular nucleus,right
821,1405,2248,982,269,449,Midbrain,right
821,2631,3004,953,577,600,Tegmental reticular nucleus,left
818,2132,3327,968,461,674,Midbrain reticular nucleus,left
818,2352,3116,964,511,628,Pontine reticular nucleus,left
817,1747,2298,969,359,458,Cuneiform nucleus,right
817,2351,3115,965,512,628,Pontine reticular nucleus,left
817,2406,3075,964,524,619,Pontine reticular nucleus,left
817,2300,3184,967,501,643,Pontine reticular nucleus,left
825,1536,3117,976,316,636,Periaqueductal gray,left
825,2636,2702,945,576,532,Tegmental reticular nucleus,right
825,1096,2327,988,187,482,"Superior colliculus, motor related, intermediate white layer",right
825,2308,3029,961,501,611,crossed tectospinal pathway,left
825,1695,2110,965,345,411,Midbrain reticular nucleus,right
822,2546,2488,944,557,492,Pontine reticular nucleus,right
822,1406,3198,985,284,656,Periaqueductal gray,left
820,1668,2161,969,339,423,Midbrain reticular nucleus,right
823,1695,2124,965,345,415,Midbrain reticular nucleus,right
823,2452,3172,959,536,638,Pontine reticular nucleus,left
826,1675,2158,966,340,423,Midbrain reticular nucleus,right
830,2468,2117,940,540,421,Pontine reticular nucleus,right
830,2544,3616,952,569,723,lateral lemniscus,left
830,1629,3455,977,342,710,Cuneiform nucleus,left
830,1768,2327,962,364,464,Midbrain reticular nucleus,right
830,2297,2110,946,494,420,Pontine reticular nucleus,right
828,2641,3625,947,595,724,Nucleus of the lateral lemniscus,left
828,2568,2971,952,561,593,Superior central nucleus raphe,left
827,2745,2888,946,602,570,Pons,right
829,1165,2158,989,199,444,"Superior colliculus, motor related, intermediate white layer",right
829,2662,3554,946,600,709,lateral lemniscus,left
832,2092,3467,964,453,704,Pedunculopontine nucleus,left
831,1446,2477,968,282,498,Periaqueductal gray,right
831,1772,2327,961,364,464,Midbrain reticular nucleus,right
835,2423,2558,946,522,509,Pontine reticular nucleus,right
835,2305,2655,950,493,530,Superior central nucleus raphe,right
833,2550,2970,951,556,593,Superior central nucleus raphe,left
834,1834,3097,968,385,627,Midbrain reticular nucleus,left
838,2300,2106,942,495,418,rubrospinal tract,right
838,1802,2330,958,371,465,Midbrain reticular nucleus,right
836,1394,2232,975,265,444,"Superior colliculus, motor related, deep gray layer",right
836,1437,2234,973,276,444,Midbrain,right
836,2564,3033,948,561,608,Pontine reticular nucleus,left
837,2405,2439,945,518,485,Pontine reticular nucleus,right
839,1798,2991,966,376,606,Periaqueductal gray,left
843,1210,2841,971,230,580,Periaqueductal gray,left
843,1519,3225,971,314,660,Periaqueductal gray,left
843,2235,3225,955,482,653,Pontine reticular nucleus,left
843,1298,3305,981,259,681,"Superior colliculus, motor related, deep gray layer",left
842,2651,3107,941,585,622,Tegmental reticular nucleus,left
842,2464,2117,935,538,421,Pons,right
841,1693,2246,959,345,444,Midbrain reticular nucleus,right
841,1389,2206,974,263,438,"Superior colliculus, motor related, deep gray layer",right
844,2432,2430,940,524,483,Pontine reticular nucleus,right
844,2543,2515,935,556,497,Pontine reticular nucleus,right
844,1239,2721,967,234,554,Periaqueductal gray,right
846,2250,3325,955,488,672,Pontine reticular nucleus,left
846,1860,2341,953,385,468,Midbrain reticular nucleus,right
847,2760,3130,934,616,626,Tegmental reticular nucleus,left
847,2575,2451,930,565,483,Pontine reticular nucleus,right
849,1228,2722,966,231,554,Periaqueductal gray,right
849,1711,1883,961,349,357,Midbrain,right
849,1698,2177,955,345,426,Midbrain reticular nucleus,right
850,2420,2457,938,520,488,Pontine reticular nucleus,right
850,1127,2253,977,190,467,"Superior colliculus, motor related, intermediate white layer",right
845,1843,2338,954,381,468,Midbrain reticular nucleus,right
848,2367,2695,944,508,538,Superior central nucleus raphe,right
851,1196,2137,979,203,436,"Superior colliculus, motor related, intermediate white layer",right
851,1908,2370,950,396,475,Midbrain reticular nucleus,right
852,2756,3180,932,616,637,Tegmental reticular nucleus,left
852,1418,2219,967,271,441,"Superior colliculus, motor related, deep gray layer",right
852,1700,2169,954,345,425,Midbrain reticular nucleus,right
852,1672,3135,963,348,638,Periaqueductal gray,left
853,2806,3294,931,634,660,Tegmental reticular nucleus,left
855,2700,2561,921,597,502,Tegmental reticular nucleus,right
855,1355,3270,972,273,672,"Superior colliculus, motor related, deep gray layer",left
855,1188,2107,978,200,431,"Superior colliculus, motor related, intermediate white layer",right
855,1770,3055,960,369,620,Periaqueductal gray,left
854,1195,2147,978,203,439,"Superior colliculus, motor related, intermediate white layer",right
854,1232,2118,977,212,430,"Superior colliculus, motor related, intermediate white layer",right
858,1182,2149,977,199,441,"Superior colliculus, motor related, intermediate white layer",right
858,1190,2138,977,201,438,"Superior colliculus, motor related, intermediate white layer",right
858,2057,2193,942,430,436,Pedunculopontine nucleus,right
856,2061,2107,942,432,415,Pedunculopontine nucleus,right
859,1168,2166,976,196,445,"Superior colliculus, motor related, intermediate white layer",right
859,1915,3308,955,406,674,Pedunculopontine nucleus,left
859,2464,3086,942,536,619,Pontine reticular nucleus,left
860,2402,2429,934,514,483,Pontine reticular nucleus,right
861,1150,2193,975,192,453,"Superior colliculus, motor related, intermediate white layer",right
861,1173,2155,976,197,443,"Superior colliculus, motor related, intermediate white layer",right
865,1238,2332,965,222,475,"Superior colliculus, motor related, deep gray layer",right
865,2398,2435,933,514,484,Pontine reticular nucleus,right
865,1212,2101,974,204,428,"Superior colliculus, motor related, intermediate white layer",right
865,1276,2118,971,224,426,"Superior colliculus, motor related, intermediate white layer",right
865,2336,3563,943,513,721,rubrospinal tract,left
862,1224,2325,967,218,475,"Superior colliculus, motor related, deep gray layer",right
862,2563,2537,926,559,501,Pontine reticular nucleus,right
862,2026,2049,941,423,401,Pedunculopontine nucleus,right
867,1267,2751,954,240,560,Periaqueductal gray,right
867,1698,3550,959,358,732,Midbrain reticular nucleus,left
867,2038,2056,938,426,403,Pedunculopontine nucleus,right
867,2534,3042,935,552,609,Pontine reticular nucleus,left
867,1280,2751,953,243,560,Periaqueductal gray,right
867,1333,3305,968,268,680,"Superior colliculus, motor related, deep gray layer",left
867,2551,3022,934,555,604,Pons,left
863,1651,2992,954,341,608,Periaqueductal gray,left
863,1214,2319,966,215,474,"Superior colliculus, motor related, intermediate white layer",right
863,1219,2322,966,216,474,"Superior colliculus, motor related, intermediate white layer",right
863,2028,2050,940,424,401,Pedunculopontine nucleus,right
864,1214,2087,975,205,424,"Superior colliculus, motor related, intermediate white layer",right
868,2629,3495,932,589,700,Pons,left
868,1654,2201,949,332,432,Midbrain reticular nucleus,right
866,2551,3010,935,555,602,Pons,left
866,1659,2211,950,334,435,Midbrain reticular nucleus,right
869,1223,2316,964,217,473,"Superior colliculus, motor related, intermediate white layer",right
869,2195,3479,945,475,706,Pontine reticular nucleus,left
869,1339,3190,965,268,654,Periaqueductal gray,left
869,1344,3295,968,270,678,"Superior colliculus, motor related, deep gray layer",left
869,1406,3288,965,285,676,Midbrain,left
872,2344,3560,939,515,720,rubrospinal tract,left
872,2555,3594,933,569,721,Nucleus of the lateral lemniscus,left
874,1188,2862,958,225,584,Periaqueductal gray,left
874,1627,2452,945,326,493,Periaqueductal gray,right
874,2628,3491,929,588,700,Pons,left
875,1563,3229,955,324,660,Midbrain reticular nucleus,left
875,2200,2288,930,464,457,Midbrain,right
875,1586,2464,944,315,496,Periaqueductal gray,right
875,1235,2838,953,235,580,Periaqueductal gray,left
873,2632,3546,930,589,710,Nucleus of the lateral lemniscus,left
876,1226,2831,954,233,578,Periaqueductal gray,left
876,2446,3000,934,529,602,Superior central nucleus raphe,left
876,2512,2419,921,543,479,Pontine reticular nucleus,right
876,1202,2172,968,203,443,"Superior colliculus, motor related, intermediate white layer",right
876,1224,2147,967,209,436,"Superior colliculus, motor related, intermediate white layer",right
876,1236,3346,968,243,691,"Superior colliculus, motor related, deep gray layer",left
876,1284,3370,967,256,696,"Superior colliculus, motor related, deep gray layer",left
876,1167,2172,969,193,447,"Superior colliculus, motor related, intermediate gray layer",right
876,1241,2051,969,210,415,"Superior colliculus, motor related, intermediate gray layer",right
885,1644,2193,943,328,431,Midbrain reticular nucleus,right
885,2696,3164,920,596,635,Tegmental reticular nucleus,left
885,1145,2403,956,197,495,"Superior colliculus, motor related, intermediate white layer",right
885,1430,2234,952,271,445,"Superior colliculus, motor related, deep gray layer",right
885,1256,2179,961,218,441,"Superior colliculus, motor related, intermediate white layer",right
885,1328,2156,958,239,430,"Superior colliculus, motor related, intermediate white layer",right
885,2690,3149,920,594,632,Tegmental reticular nucleus,left
877,1480,3145,954,301,643,Periaqueductal gray,left
877,2187,3704,945,475,755,Nucleus of the lateral lemniscus,left
877,2485,3099,934,539,622,Pontine reticular nucleus,left
877,2630,3493,929,588,701,Nucleus of the lateral lemniscus,left
878,1387,3324,962,280,684,"Superior colliculus, motor related, deep gray layer",left
878,1731,2923,948,358,593,Periaqueductal gray,left
878,1255,2119,966,217,428,"Superior colliculus, motor related, intermediate white layer",right
879,2137,2454,931,447,492,Midbrain reticular nucleus,right
881,1519,3066,948,310,627,Periaqueductal gray,left
881,1127,3458,971,220,718,"Superior colliculus, motor related, intermediate white layer",left
884,1683,2295,941,339,456,Midbrain reticular nucleus,right
884,1291,2198,959,229,443,"Superior colliculus, motor related, intermediate white layer",right
883,1103,3400,969,213,705,"Superior colliculus, motor related, intermediate white layer",left
883,1233,2092,965,209,423,"Superior colliculus, motor related, intermediate white layer",right
883,1679,2284,941,338,454,Midbrain reticular nucleus,right
882,1293,2098,962,227,420,"Superior colliculus, motor related, intermediate white layer",right
882,1445,3296,958,294,676,Midbrain,left
882,1217,2159,965,206,440,"Superior colliculus, motor related, intermediate white layer",right
886,1522,2214,947,295,437,Midbrain,right
886,1258,2059,964,215,415,"Superior colliculus, motor related, intermediate gray layer",right
888,1510,2198,947,292,434,Midbrain,right
888,2381,3097,932,512,623,Pontine reticular nucleus,left
888,1237,2074,964,208,420,"Superior colliculus, motor related, intermediate gray layer",right
889,1202,2189,962,202,447,"Superior colliculus, motor related, intermediate white layer",right
889,1034,3360,967,195,697,"Superior colliculus, motor related, intermediate gray layer",left
889,1646,2181,941,328,427,Midbrain reticular nucleus,right
889,1198,2206,961,203,451,"Superior colliculus, motor related, intermediate white layer",right
889,1656,2197,941,330,430,Midbrain reticular nucleus,right
891,1255,2125,960,215,429,"Superior colliculus, motor related, intermediate white layer",right
891,1091,3453,966,211,718,"Superior colliculus, motor related, intermediate white layer",left
891,1083,3392,965,208,703,"Superior colliculus, motor related, intermediate white layer",left
891,1223,2166,960,208,440,"Superior colliculus, motor related, intermediate white layer",right
891,1308,2045,958,229,408,"Superior colliculus, motor related, intermediate white layer",right
887,1287,2063,961,222,414,"Superior colliculus, motor related, intermediate white layer",right
890,2534,2381,913,549,471,Pontine reticular nucleus,right
890,1192,2192,961,199,448,"Superior colliculus, motor related, intermediate white layer",right
890,2467,3052,928,533,612,Pontine reticular nucleus,left
890,2939,2887,916,654,570,Pons,right
892,1177,2293,956,199,471,"Superior colliculus, motor related, intermediate white layer",right
892,1226,2115,962,206,430,"Superior colliculus, motor related, intermediate white layer",right
892,2130,3734,939,461,763,lateral lemniscus,left
892,1364,3287,956,274,675,"Superior colliculus, motor related, deep gray layer",left
892,1273,2130,958,221,429,"Superior colliculus, motor related, intermediate white layer",right
894,1495,3382,953,307,696,Midbrain reticular nucleus,left
894,1085,3409,964,209,708,"Superior colliculus, motor related, intermediate white layer",left
894,2720,3112,915,599,623,Tegmental reticular nucleus,left
894,2504,3054,924,542,613,Pontine reticular nucleus,left
893,2887,2661,908,638,518,Pontine gray,right
896,1588,3238,946,329,663,Midbrain reticular nucleus,left
896,1113,3419,963,216,709,"Superior colliculus, motor related, intermediate white layer",left
895,1273,2155,956,222,434,"Superior colliculus, motor related, intermediate white layer",right
897,1711,2271,936,344,450,Midbrain reticular nucleus,right
897,1080,3416,963,207,709,"Superior colliculus, motor related, intermediate white layer",left
897,1081,3409,963,207,708,"Superior colliculus, motor related, intermediate white layer",left
899,1304,2085,954,228,417,"Superior colliculus, motor related, intermediate white layer",right
899,1481,3235,947,301,662,Midbrain,left
899,1193,2209,956,200,452,"Superior colliculus, motor related, intermediate white layer",right
899,1257,2060,958,212,416,"Superior colliculus, motor related, intermediate gray layer",right
899,1292,2053,956,223,412,"Superior colliculus, motor related, intermediate white layer",right
898,1309,3503,959,265,726,Midbrain,left
900,1154,3454,961,227,716,"Superior colliculus, motor related, intermediate white layer",left
900,2748,2765,909,597,542,medial lemniscus,right
901,1110,3403,961,214,706,"Superior colliculus, motor related, intermediate white layer",left
901,1100,3424,961,212,711,"Superior colliculus, motor related, intermediate white layer",left
904,1755,2118,931,353,411,Midbrain reticular nucleus,right
904,2520,2637,912,542,524,Pontine reticular nucleus,right
904,1355,3345,952,272,689,"Superior colliculus, motor related, deep gray layer",left
905,1116,3438,959,216,714,"Superior colliculus, motor related, intermediate white layer",left
905,1102,3427,959,212,710,"Superior colliculus, motor related, intermediate white layer",left
902,1745,2113,932,350,409,Midbrain reticular nucleus,right
907,1529,3059,936,310,626,Periaqueductal gray,left
907,2307,2589,917,487,517,Pontine reticular nucleus,right
907,1124,3441,957,219,713,"Superior colliculus, motor related, intermediate white layer",left
907,1221,2846,940,231,581,Periaqueductal gray,left
908,1239,2849,939,236,582,Periaqueductal gray,left
908,1358,3413,951,274,705,"Superior colliculus, motor related, deep gray layer",left
913,1266,2714,934,238,553,Periaqueductal gray,right
913,2334,2384,911,493,475,Pontine reticular nucleus,right
913,2300,2574,915,485,514,Pontine reticular nucleus,right
909,1322,2838,933,254,580,Periaqueductal gray,left
909,1164,3487,957,230,723,"Superior colliculus, motor related, intermediate white layer",left
909,1774,3449,939,374,709,Midbrain reticular nucleus,left
911,1187,3382,953,231,699,"Superior colliculus, motor related, intermediate white layer",left
910,1188,3519,956,237,730,"Superior colliculus, motor related, intermediate white layer",left
910,1113,3444,956,216,715,"Superior colliculus, motor related, intermediate white layer",left
910,2908,2370,892,650,466,Pontine gray,right
910,1307,2003,951,226,402,"Superior colliculus, motor related, intermediate gray layer",right
914,1170,3534,955,232,734,"Superior colliculus, motor related, intermediate white layer",left
914,1224,2142,951,204,435,"Superior colliculus, motor related, intermediate gray layer",right
914,1227,2149,951,204,437,"Superior colliculus, motor related, intermediate white layer",right
914,2172,2893,920,459,586,Midbrain,left
916,1259,2856,934,240,583,Periaqueductal gray,left
916,1147,3454,953,223,717,"Superior colliculus, motor related, intermediate white layer",left
916,1200,2264,946,201,463,"Superior colliculus, motor related, intermediate white layer",right
915,2677,2687,901,579,529,medial lemniscus,right
915,1226,2221,947,207,452,"Superior colliculus, motor related, intermediate white layer",right
915,1247,2095,951,208,424,"Superior colliculus, motor related, intermediate gray layer",right
917,1128,3456,953,220,717,"Superior colliculus, motor related, intermediate white layer",left
917,1334,1959,947,234,392,"Superior colliculus, motor related, intermediate gray layer",right
919,1182,3555,952,235,738,"Superior colliculus, motor related, intermediate white layer",left
918,1548,3123,934,316,639,Periaqueductal gray,left
921,1330,3169,940,262,649,Periaqueductal gray,left
921,2549,2267,898,550,448,Midbrain,right
923,1169,3494,950,230,725,"Superior colliculus, motor related, intermediate white layer",left
923,1315,1982,945,228,397,"Superior colliculus, motor related, intermediate gray layer",right
922,1582,2232,929,308,440,Midbrain reticular nucleus,right
924,1124,3445,949,218,714,"Superior colliculus, motor related, intermediate white layer",left
924,1220,2248,942,205,458,"Superior colliculus, motor related, intermediate white layer",right
924,1548,2211,930,299,436,"Superior colliculus, motor related, deep gray layer",right
924,1156,3493,950,227,725,"Superior colliculus, motor related, intermediate white layer",left
924,1135,3129,944,213,642,"Superior colliculus, motor related, deep gray layer",left
925,1620,3226,933,333,659,Midbrain reticular nucleus,left
925,2422,3164,916,518,638,Pontine reticular nucleus,left
925,1622,3235,933,333,661,Midbrain reticular nucleus,left
926,1814,2800,924,372,567,Midbrain,right
928,2166,3417,918,462,695,Midbrain,left
928,1966,2499,917,405,506,Midbrain reticular nucleus,right
930,1360,1942,939,241,387,"Superior colliculus, motor related, intermediate gray layer",right
930,1972,2499,916,406,506,Red nucleus,right
927,1966,2498,917,405,506,Midbrain reticular nucleus,right
929,2427,3167,914,519,638,Pontine reticular nucleus,left
929,1968,2499,917,406,505,Red nucleus,right
931,1556,3095,926,315,632,Periaqueductal gray,left
931,1430,1965,935,262,387,"Superior colliculus, motor related, intermediate white layer",right
934,1791,2662,919,363,539,Periaqueductal gray,right
934,1482,2981,922,295,609,Periaqueductal gray,left
934,2044,3136,917,428,637,Red nucleus,left
933,1236,3519,945,246,731,"Superior colliculus, motor related, intermediate white layer",left
933,1540,3407,935,316,702,Midbrain reticular nucleus,left
936,1206,3541,944,239,735,"Superior colliculus, motor related, intermediate white layer",left
936,1608,3227,928,330,659,Midbrain reticular nucleus,left
936,1739,2882,920,355,584,Periaqueductal gray,left
938,1264,3574,942,254,743,"Superior colliculus, motor related, intermediate white layer",left
938,1195,3535,943,237,734,"Superior colliculus, motor related, intermediate white layer",left
938,1235,3511,942,245,729,"Superior colliculus, motor related, intermediate white layer",left
938,1338,2094,935,235,418,"Superior colliculus, motor related, intermediate white layer",right
938,1593,2249,922,310,446,Midbrain reticular nucleus,right
940,1377,2208,930,248,442,"Superior colliculus, motor related, intermediate white layer",right
940,1330,1976,936,232,396,"Superior colliculus, motor related, intermediate gray layer",right
940,1223,3565,942,245,741,"Superior colliculus, motor related, intermediate white layer",left
937,2052,3140,916,429,638,Red nucleus,left
939,1660,3089,922,339,630,Periaqueductal gray,left
939,1879,3064,919,388,622,Midbrain reticular nucleus,left
939,1440,1900,930,265,376,"Superior colliculus, motor related, intermediate gray layer",right
941,1350,2107,934,238,420,"Superior colliculus, motor related, intermediate white layer",right
941,1340,1887,935,235,380,"Superior colliculus, motor related, intermediate gray layer",right
941,1350,2117,934,238,422,"Superior colliculus, motor related, intermediate white layer",right
941,2105,3123,913,442,634,Midbrain reticular nucleus,left
943,1464,3281,929,295,673,"Superior colliculus, motor related, deep gray layer",left
942,1434,1968,930,263,388,"Superior colliculus, motor related, intermediate gray layer",right
942,1343,2002,935,236,399,"Superior colliculus, motor related, intermediate gray layer",right
942,1436,1993,930,263,393,"Superior colliculus, motor related, intermediate white layer",right
942,1442,1974,930,264,389,"Superior colliculus, motor related, intermediate white layer",right
945,1253,3539,939,251,735,"Superior colliculus, motor related, intermediate white layer",left
945,1575,3065,920,318,626,Periaqueductal gray,left
945,1374,2214,928,248,443,"Superior colliculus, motor related, intermediate white layer",right
945,1427,1975,930,260,390,"Superior colliculus, motor related, intermediate white layer",right
946,1311,2154,932,227,433,"Superior colliculus, motor related, intermediate white layer",right
946,1610,3057,919,326,624,Periaqueductal gray,left
946,2110,3119,910,442,633,Red nucleus,left
946,1428,2002,928,261,394,"Superior colliculus, motor related, intermediate white layer",right
948,1357,2050,931,239,408,"Superior colliculus, motor related, intermediate white layer",right
948,1598,2232,918,311,441,Midbrain reticular nucleus,right
948,1271,2243,929,217,454,"Superior colliculus, motor related, intermediate white layer",right
947,1707,3008,917,347,612,Periaqueductal gray,left
947,1382,2166,927,248,432,"Superior colliculus, motor related, intermediate white layer",right
947,1397,1970,929,251,391,"Superior colliculus, motor related, intermediate gray layer",right
947,1371,2054,930,243,409,"Superior colliculus, motor related, intermediate white layer",right
947,1374,2135,928,246,425,"Superior colliculus, motor related, intermediate white layer",right
949,1358,2062,931,240,410,"Superior colliculus, motor related, intermediate white layer",right
949,1276,3378,934,250,698,"Superior colliculus, motor related, intermediate white layer",left
949,1387,1974,930,248,393,"Superior colliculus, motor related, intermediate gray layer",right
949,1418,3336,930,284,686,"Superior colliculus, motor related, deep gray layer",left
949,1372,1977,930,243,393,"Superior colliculus, motor related, intermediate gray layer",right
952,1369,2045,928,243,407,"Superior colliculus, motor related, intermediate white layer",right
950,1533,3256,924,311,667,Midbrain,left
950,1711,3037,917,348,618,Periaqueductal gray,left
951,1750,2964,914,356,602,Supraoculomotor periaqueductal gray,left
951,1591,3041,916,321,621,Periaqueductal gray,left
953,1223,3562,936,244,740,"Superior colliculus, motor related, intermediate white layer",left
953,1346,2204,926,238,442,"Superior colliculus, motor related, intermediate white layer",right
953,1430,1961,926,261,387,"Superior colliculus, motor related, intermediate gray layer",right
953,1467,1934,924,271,381,"Superior colliculus, motor related, intermediate gray layer",right
953,2283,3177,905,482,643,Pontine reticular nucleus,left
954,1527,3368,925,310,694,Midbrain reticular nucleus,left
954,1209,3548,935,239,738,"Superior colliculus, motor related, intermediate white layer",left
954,1381,1948,927,246,389,"Superior colliculus, motor related, intermediate gray layer",right
956,1430,1954,924,260,387,"Superior colliculus, motor related, intermediate gray layer",right
956,1431,1925,923,261,382,"Superior colliculus, motor related, intermediate gray layer",right
956,1469,1926,922,272,379,"Superior colliculus, motor related, intermediate gray layer",right
956,1486,3342,924,300,687,"Superior colliculus, motor related, deep gray layer",left
956,1612,2992,912,325,610,Periaqueductal gray,left
955,1273,3546,933,255,737,"Superior colliculus, motor related, intermediate white layer",left
955,1731,3010,913,352,612,Periaqueductal gray,left
955,1532,2014,920,289,393,Midbrain,right
957,1435,1986,924,262,392,"Superior colliculus, motor related, intermediate white layer",right
957,1141,3386,933,217,700,"Superior colliculus, motor related, intermediate white layer",left
957,1280,2231,926,219,451,"Superior colliculus, motor related, intermediate white layer",right
957,1353,2108,926,239,421,"Superior colliculus, motor related, intermediate white layer",right
957,1608,3014,913,325,615,Periaqueductal gray,left
957,1704,2156,912,337,421,Midbrain reticular nucleus,right
957,1379,2073,926,246,413,"Superior colliculus, motor related, intermediate white layer",right
959,1606,3023,912,323,617,Periaqueductal gray,left
959,1428,1965,922,260,389,"Superior colliculus, motor related, intermediate gray layer",right
958,1373,2016,926,244,401,"Superior colliculus, motor related, intermediate white layer",right
958,1399,1915,923,252,382,"Superior colliculus, motor related, intermediate gray layer",right
958,1454,1909,921,268,377,"Superior colliculus, motor related, intermediate gray layer",right
958,1420,2061,923,257,408,"Superior colliculus, motor related, intermediate white layer",right
960,1269,3556,932,254,739,"Superior colliculus, motor related, intermediate white layer",left
960,1410,2038,923,254,404,"Superior colliculus, motor related, intermediate white layer",right
960,1429,2059,922,260,407,"Superior colliculus, motor related, intermediate white layer",right
962,1734,3471,916,361,716,Midbrain reticular nucleus,left
962,1212,3575,932,240,744,"Superior colliculus, motor related, intermediate gray layer",left
962,1346,2087,925,235,417,"Superior colliculus, motor related, intermediate white layer",right
962,1384,2067,923,247,411,"Superior colliculus, motor related, intermediate white layer",right
962,1468,1937,919,271,381,"Superior colliculus, motor related, intermediate gray layer",right
962,1736,3279,915,359,671,Midbrain reticular nucleus,left
962,1816,2360,906,366,475,Midbrain reticular nucleus,right
963,1357,2093,923,238,418,"Superior colliculus, motor related, intermediate white layer",right
963,1418,2031,921,257,402,"Superior colliculus, motor related, intermediate white layer",right
961,1430,1899,921,260,377,"Superior colliculus, motor related, intermediate gray layer",right
964,1443,3315,921,289,681,"Superior colliculus, motor related, deep gray layer",left
964,1411,2034,921,254,404,"Superior colliculus, motor related, intermediate white layer",right
964,1625,3227,915,331,660,Midbrain reticular nucleus,left
964,1338,2129,923,234,426,"Superior colliculus, motor related, intermediate white layer",right
965,1376,1998,923,244,399,"Superior colliculus, motor related, intermediate gray layer",right
965,1410,1916,920,254,381,"Superior colliculus, motor related, intermediate gray layer",right
965,1392,1936,922,248,386,"Superior colliculus, motor related, intermediate gray layer",right
965,1418,1916,920,257,381,"Superior colliculus, motor related, intermediate gray layer",right
966,1711,3003,909,347,612,Periaqueductal gray,left
966,1738,3039,909,354,618,Periaqueductal gray,left
966,1409,2074,920,254,412,"Superior colliculus, motor related, intermediate white layer",right
966,1412,3455,924,283,715,"Superior colliculus, motor related, deep gray layer",left
966,1381,2051,922,245,408,"Superior colliculus, motor related, intermediate white layer",right
966,1452,2132,917,266,422,"Superior colliculus, motor related, intermediate white layer",right
969,1163,3196,924,217,656,"Superior colliculus, motor related, intermediate white layer",left
969,1434,2145,917,261,426,"Superior colliculus, motor related, intermediate white layer",right
969,1768,2915,907,359,592,Periaqueductal gray,left
969,1396,1932,919,249,385,"Superior colliculus, motor related, intermediate gray layer",right
969,1435,1934,918,261,383,"Superior colliculus, motor related, intermediate gray layer",right
967,1281,3591,928,257,747,"Superior colliculus, motor related, intermediate white layer",left
968,1321,2877,910,253,587,Periaqueductal gray,left
968,1349,2144,920,236,429,"Superior colliculus, motor related, intermediate white layer",right
968,1662,3288,914,340,674,Midbrain reticular nucleus,left
970,1692,3377,914,349,694,Midbrain reticular nucleus,left
970,1384,2021,920,246,402,"Superior colliculus, motor related, intermediate white layer",right
970,1470,2003,916,271,395,"Superior colliculus, motor related, intermediate white layer",right
970,1503,1909,914,281,375,"Superior colliculus, motor related, intermediate gray layer",right
970,1718,3015,907,349,614,Periaqueductal gray,left
970,1749,3027,907,356,615,Periaqueductal gray,left
971,1887,3612,907,395,746,Midbrain reticular nucleus,left
971,1377,1995,919,243,398,"Superior colliculus, motor related, intermediate gray layer",right
971,1493,1935,914,278,380,"Superior colliculus, motor related, intermediate gray layer",right
971,1363,2011,920,240,401,"Superior colliculus, motor related, intermediate gray layer",right
971,1373,2043,919,243,408,"Superior colliculus, motor related, intermediate white layer",right
971,1387,2073,918,246,413,"Superior colliculus, motor related, intermediate white layer",right
971,1450,1912,915,265,378,"Superior colliculus, motor related, intermediate gray layer",right
971,1478,1906,913,273,376,"Superior colliculus, motor related, intermediate gray layer",right
972,1471,1953,915,271,385,"Superior colliculus, motor related, intermediate gray layer",right
972,1809,2802,904,367,567,Edinger-Westphal nucleus,right
972,1961,1959,901,400,376,Midbrain,right
972,1435,2135,915,261,424,"Superior colliculus, motor related, intermediate white layer",right
972,1345,2100,920,234,420,"Superior colliculus, motor related, intermediate white layer",right
972,1390,2028,919,247,404,"Superior colliculus, motor related, intermediate white layer",right
973,1461,3296,917,291,677,"Superior colliculus, motor related, deep gray layer",left
973,1412,1978,918,253,393,"Superior colliculus, motor related, intermediate gray layer",right
973,1479,2117,914,274,418,"Superior colliculus, motor related, intermediate white layer",right
973,1481,1938,914,273,382,"Superior colliculus, motor related, intermediate gray layer",right
973,1517,3079,910,302,630,Periaqueductal gray,left
973,1705,3120,908,347,636,Midbrain reticular nucleus,left
973,1713,3023,906,348,616,Periaqueductal gray,left
973,1401,1961,918,250,390,"Superior colliculus, motor related, intermediate gray layer",right
973,1454,2092,915,267,413,"Superior colliculus, motor related, intermediate white layer",right
973,1456,2029,916,266,401,"Superior colliculus, motor related, intermediate white layer",right
975,1414,1996,916,254,396,"Superior colliculus, motor related, intermediate white layer",right
977,1637,3240,910,333,663,Midbrain reticular nucleus,left
977,1843,3534,907,385,730,Midbrain reticular nucleus,left
977,2791,2545,871,602,503,Pontine gray,right
977,1439,2090,914,262,414,"Superior colliculus, motor related, intermediate white layer",right
977,1514,1930,911,283,379,"Superior colliculus, motor related, intermediate gray layer",right
977,1507,2018,912,280,397,"Superior colliculus, motor related, intermediate white layer",right
977,1633,3248,910,333,665,Midbrain reticular nucleus,left
974,1358,1988,919,238,398,"Superior colliculus, motor related, intermediate gray layer",right
974,1464,1884,912,269,373,"Superior colliculus, motor related, intermediate gray layer",right
974,1768,3006,905,360,611,Periaqueductal gray,left
976,1959,3924,906,419,809,root,left
980,1420,1938,913,256,386,"Superior colliculus, motor related, intermediate gray layer",right
980,1741,2990,902,352,608,Periaqueductal gray,left
980,1217,3500,922,237,727,"Superior colliculus, motor related, intermediate white layer",left
980,1434,1910,912,260,379,"Superior colliculus, motor related, intermediate gray layer",right
980,1448,2046,913,264,405,"Superior colliculus, motor related, intermediate white layer",right
980,1462,1936,911,267,383,"Superior colliculus, motor related, intermediate gray layer",right
979,1350,2171,914,236,435,"Superior colliculus, motor related, intermediate white layer",right
979,1420,1967,913,256,391,"Superior colliculus, motor related, intermediate gray layer",right
979,1718,2970,902,347,604,Periaqueductal gray,left
979,1415,1911,912,254,380,"Superior colliculus, motor related, intermediate gray layer",right
979,1526,1913,908,285,375,"Superior colliculus, motor related, intermediate gray layer",right
978,1454,1964,913,266,389,"Superior colliculus, motor related, intermediate gray layer",right
978,1445,1888,911,263,375,"Superior colliculus, motor related, intermediate gray layer",right
978,1477,2058,912,272,407,"Superior colliculus, motor related, intermediate white layer",right
981,1289,3546,922,257,737,"Superior colliculus, motor related, intermediate white layer",left
981,1981,1978,896,405,381,Midbrain,right
981,1506,2052,910,280,403,"Superior colliculus, motor related, intermediate white layer",right
982,1667,2975,901,335,606,Periaqueductal gray,left
982,1423,1973,913,257,392,"Superior colliculus, motor related, intermediate gray layer",right
982,1594,3255,909,323,667,Midbrain reticular nucleus,left
983,1131,2630,910,199,538,"Superior colliculus, motor related, intermediate white layer",right
983,1438,2208,908,262,441,"Superior colliculus, motor related, intermediate white layer",right
983,1718,2997,901,347,610,Periaqueductal gray,left
983,1470,1920,909,269,380,"Superior colliculus, motor related, intermediate gray layer",right
985,1791,2999,900,364,610,Periaqueductal gray,left
985,1803,2998,900,367,609,Periaqueductal gray,left
986,1482,1981,909,272,391,"Superior colliculus, motor related, intermediate white layer",right
986,1468,1889,907,269,374,"Superior colliculus, motor related, intermediate gray layer",right
988,1679,3087,901,340,629,Midbrain reticular nucleus,left
988,1312,3628,918,263,756,"Superior colliculus, motor related, intermediate gray layer",left
988,1773,2169,896,353,426,Midbrain reticular nucleus,right
988,1745,3072,900,354,625,Midbrain reticular nucleus,left
987,1713,3028,899,347,617,Periaqueductal gray,left
987,1594,3009,900,318,614,Periaqueductal gray,left
987,1834,2128,894,368,416,Midbrain reticular nucleus,right
987,1415,2049,910,253,408,"Superior colliculus, motor related, intermediate white layer",right
990,1437,2026,909,259,402,"Superior colliculus, motor related, intermediate white layer",right
990,1382,1968,911,243,394,"Superior colliculus, motor related, intermediate gray layer",right
990,1790,3021,898,364,614,Midbrain reticular nucleus,left
990,1689,2142,898,331,419,Midbrain reticular nucleus,right
989,1471,1983,908,269,393,"Superior colliculus, motor related, intermediate white layer",right
989,2017,3414,898,424,698,Midbrain reticular nucleus,left
989,1421,2099,909,255,418,"Superior colliculus, motor related, intermediate white layer",right
991,1896,2823,895,386,572,Edinger-Westphal nucleus,left
991,2118,3399,892,446,693,Midbrain reticular nucleus,left
991,1603,3579,907,330,743,Midbrain reticular nucleus,left
991,1375,2142,908,241,429,"Superior colliculus, motor related, intermediate white layer",right
992,1463,1901,905,267,376,"Superior colliculus, motor related, intermediate gray layer",right
994,1710,3278,901,351,672,Midbrain reticular nucleus,left
994,1396,2149,906,247,430,"Superior colliculus, motor related, intermediate white layer",right
994,2003,2962,892,414,600,Midbrain reticular nucleus,left
994,1395,2131,907,247,426,"Superior colliculus, motor related, intermediate white layer",right
995,2018,2954,891,417,598,Midbrain reticular nucleus,left
995,1405,2165,905,250,433,"Superior colliculus, motor related, intermediate white layer",right
995,1565,2222,898,296,441,"Superior colliculus, motor related, deep gray layer",right
996,1257,2790,901,234,570,"Superior colliculus, motor related, deep gray layer",right
996,1403,3501,912,282,725,"Superior colliculus, motor related, intermediate white layer",left
996,1429,2046,906,257,407,"Superior colliculus, motor related, intermediate white layer",right
993,1392,1965,909,246,393,"Superior colliculus, motor related, intermediate gray layer",right
993,1910,2824,894,390,572,Rostral linear nucleus raphe,left
997,1827,2848,894,369,578,Periaqueductal gray,left
997,1353,3550,913,272,738,"Superior colliculus, motor related, intermediate white layer",left
997,1745,2977,895,352,605,Periaqueductal gray,left
997,1811,2969,895,367,603,Periaqueductal gray,left
997,1459,2083,905,266,414,"Superior colliculus, motor related, intermediate white layer",right
998,1440,2101,904,260,418,"Superior colliculus, motor related, intermediate white layer",right
999,1935,3514,894,405,723,Midbrain reticular nucleus,left
1002,1369,3646,910,277,758,"Superior colliculus, motor related, intermediate gray layer",left
1002,1408,2047,904,250,409,"Superior colliculus, motor related, intermediate white layer",right
1002,1476,2017,902,269,400,"Superior colliculus, motor related, intermediate white layer",right
1003,1513,3089,896,299,631,Periaqueductal gray,left
1003,1463,1943,901,266,386,"Superior colliculus, motor related, intermediate gray layer",right
1001,1600,3239,900,323,663,Midbrain reticular nucleus,left
1001,1312,2075,909,221,418,"Superior colliculus, motor related, intermediate gray layer",right
1001,1442,2109,903,259,421,"Superior colliculus, motor related, intermediate white layer",right
1001,1445,1908,902,261,380,"Superior colliculus, motor related, intermediate gray layer",right
1004,1937,3211,892,402,653,Red nucleus,left
1004,2020,2691,885,415,544,Midbrain reticular nucleus,right
1004,1997,3127,889,414,634,Red nucleus,left
1006,1361,3617,909,274,752,"Superior colliculus, motor related, intermediate gray layer",left
1006,1708,3013,891,344,614,Periaqueductal gray,left
1006,1461,1982,900,265,394,"Superior colliculus, motor related, intermediate gray layer",right
1006,1497,1940,898,274,384,"Superior colliculus, motor related, intermediate gray layer",right
1006,1475,2060,900,269,410,"Superior colliculus, motor related, intermediate white layer",right
1006,1518,2004,898,282,396,"Superior colliculus, motor related, intermediate white layer",right
1006,1537,1911,896,285,376,"Superior colliculus, motor related, intermediate gray layer",right
1005,1444,1961,902,260,390,"Superior colliculus, motor related, intermediate gray layer",right
1005,1551,2013,898,291,397,"Superior colliculus, motor related, intermediate white layer",right
1005,1581,2088,897,299,412,"Superior colliculus, motor related, intermediate white layer",right
1007,1340,3617,908,269,752,"Superior colliculus, motor related, intermediate gray layer",left
1008,1588,2065,895,302,407,"Superior colliculus, motor related, intermediate white layer",right
1008,1496,2072,898,275,411,"Superior colliculus, motor related, intermediate white layer",right
1009,1359,2136,902,236,429,"Superior colliculus, motor related, intermediate white layer",right
1009,1595,1962,894,303,384,"Superior colliculus, motor related, intermediate gray layer",right
1009,1539,1996,897,287,394,"Superior colliculus, motor related, intermediate white layer",right
1010,1742,2968,889,350,605,Periaqueductal gray,left
1010,1965,3604,888,411,744,Midbrain reticular nucleus,left
1010,1444,3562,905,293,739,"Superior colliculus, motor related, intermediate white layer",left
1010,1462,1908,897,264,380,"Superior colliculus, motor related, intermediate gray layer",right
1010,1543,1932,894,288,380,"Superior colliculus, motor related, intermediate gray layer",right
1010,1616,2020,893,309,396,"Superior colliculus, motor related, intermediate white layer",right
1011,1472,2046,898,267,407,"Superior colliculus, motor related, intermediate white layer",right
1011,1583,1940,892,299,381,"Superior colliculus, motor related, intermediate gray layer",right
1011,1582,1966,893,298,386,"Superior colliculus, motor related, intermediate gray layer",right
1011,1585,2081,893,300,411,"Superior colliculus, motor related, intermediate white layer",right
1011,1550,2037,894,290,402,"Superior colliculus, motor related, intermediate white layer",right
1011,1574,1970,893,297,388,"Superior colliculus, motor related, intermediate gray layer",right
1012,1546,1915,893,288,378,"Superior colliculus, motor related, intermediate gray layer",right
1012,1560,1918,893,292,378,"Superior colliculus, motor related, intermediate gray layer",right
1012,1665,2018,890,322,395,Midbrain,right
1013,1399,3579,905,283,744,"Superior colliculus, motor related, intermediate white layer",left
1013,1447,2015,899,260,402,"Superior colliculus, motor related, intermediate white layer",right
1013,1588,1913,892,300,376,"Superior colliculus, motor related, intermediate gray layer",right
1013,1484,2078,897,271,414,"Superior colliculus, motor related, intermediate white layer",right
1014,1553,1922,892,290,378,"Superior colliculus, motor related, intermediate gray layer",right
1014,1524,1999,894,283,396,"Superior colliculus, motor related, intermediate white layer",right
1017,1996,3423,886,418,701,Midbrain reticular nucleus,left
1017,1422,2114,896,252,424,"Superior colliculus, motor related, intermediate white layer",right
1017,1541,1946,892,286,384,"Superior colliculus, motor related, intermediate gray layer",right
1017,1539,1976,893,287,391,"Superior colliculus, motor related, intermediate white layer",right
1015,1562,2008,892,293,397,"Superior colliculus, motor related, intermediate white layer",right
1018,1798,3354,890,372,688,Midbrain reticular nucleus,left
1018,1484,2031,894,271,404,"Superior colliculus, motor related, intermediate white layer",right
1018,1566,1910,890,293,377,"Superior colliculus, motor related, intermediate gray layer",right
1018,1587,1932,889,299,380,"Superior colliculus, motor related, intermediate gray layer",right
1018,1987,3622,884,416,747,Midbrain reticular nucleus,left
1018,1419,2045,897,252,410,"Superior colliculus, motor related, intermediate gray layer",right
1019,1510,1995,892,278,397,"Superior colliculus, motor related, intermediate white layer",right
1019,1514,1978,892,279,393,"Superior colliculus, motor related, intermediate white layer",right
1019,1423,1991,896,253,399,"Superior colliculus, motor related, intermediate gray layer",right
1019,1557,1908,889,290,377,"Superior colliculus, motor related, intermediate gray layer",right
1019,1571,2084,889,295,413,"Superior colliculus, motor related, intermediate white layer",right
1019,1588,2001,889,301,394,"Superior colliculus, motor related, intermediate white layer",right
1020,1532,1976,891,283,392,"Superior colliculus, motor related, intermediate white layer",right
1020,1550,1928,890,289,382,"Superior colliculus, motor related, intermediate gray layer",right
1020,1170,2673,894,208,547,"Superior colliculus, motor related, intermediate white layer",right
1020,1468,2000,894,266,399,"Superior colliculus, motor related, intermediate gray layer",right
1020,1589,1919,888,300,378,"Superior colliculus, motor related, intermediate gray layer",right
1023,1493,2025,891,273,404,"Superior colliculus, motor related, intermediate white layer",right
1023,1372,3638,901,276,757,"Superior colliculus, motor related, intermediate gray layer",left
1023,1659,2053,884,320,404,"Superior colliculus, motor related, intermediate white layer",right
1023,1665,2105,884,322,415,"Superior colliculus, motor related, intermediate white layer",right
1023,1583,1925,887,298,380,"Superior colliculus, motor related, intermediate gray layer",right
1021,1492,3401,897,298,701,"Superior colliculus, motor related, deep gray layer",left
1022,1401,2047,896,245,411,"Superior colliculus, motor related, intermediate gray layer",right
1022,1621,1976,887,309,388,"Superior colliculus, motor related, intermediate gray layer",right
1022,1589,1985,888,300,392,"Superior colliculus, motor related, intermediate white layer",right
1022,1465,1939,892,264,387,"Superior colliculus, motor related, intermediate gray layer",right
1025,1388,3601,900,280,748,"Superior colliculus, motor related, intermediate white layer",left
1025,2028,3577,880,425,736,Midbrain reticular nucleus,left
1024,1471,2078,892,266,416,"Superior colliculus, motor related, intermediate white layer",right
1027,1631,2419,881,315,490,Midbrain,right
1027,1470,2017,890,265,403,"Superior colliculus, motor related, intermediate gray layer",right
1027,1511,1927,888,276,383,"Superior colliculus, motor related, intermediate gray layer",right
1027,1614,1939,884,306,382,"Superior colliculus, motor related, intermediate gray layer",right
1027,1691,1955,881,327,382,Midbrain,right
1027,1438,2199,888,257,442,"Superior colliculus, motor related, intermediate white layer",right
1027,1614,2012,884,307,397,"Superior colliculus, motor related, intermediate white layer",right
1026,1584,1922,886,298,379,"Superior colliculus, motor related, intermediate gray layer",right
1026,2261,2633,868,471,531,Midbrain,right
1028,2072,2366,870,426,477,Red nucleus,right
1028,1560,1892,885,290,374,"Superior colliculus, motor related, intermediate gray layer",right
1028,1563,1978,886,293,393,"Superior colliculus, motor related, intermediate white layer",right
1028,1616,1986,884,307,392,"Superior colliculus, motor related, intermediate white layer",right
1028,1625,1964,883,310,387,"Superior colliculus, motor related, intermediate gray layer",right
1029,1493,2011,889,272,401,"Superior colliculus, motor related, intermediate white layer",right
1029,1501,2042,889,274,407,"Superior colliculus, motor related, intermediate white layer",right
1029,1505,2061,889,275,411,"Superior colliculus, motor related, intermediate white layer",right
1029,1598,1932,884,302,381,"Superior colliculus, motor related, intermediate gray layer",right
1029,1620,2070,884,309,410,"Superior colliculus, motor related, intermediate white layer",right
1029,1535,2079,887,284,414,"Superior colliculus, motor related, intermediate white layer",right
1030,1534,1877,885,282,372,"Superior colliculus, motor related, intermediate gray layer",right
1030,1591,2078,884,300,413,"Superior colliculus, motor related, intermediate white layer",right
1030,1491,1972,888,271,393,"Superior colliculus, motor related, intermediate gray layer",right
1030,1552,1907,885,287,378,"Superior colliculus, motor related, intermediate gray layer",right
1032,1617,1968,882,307,389,"Superior colliculus, motor related, intermediate gray layer",right
1031,2068,2683,871,425,544,Midbrain reticular nucleus,right
1031,1503,2049,887,275,410,"Superior colliculus, motor related, intermediate white layer",right
1033,1399,2856,884,267,583,Periaqueductal gray,left
1033,1634,2106,881,313,417,"Superior colliculus, motor related, intermediate white layer",right
1033,2022,3563,877,423,734,Midbrain reticular nucleus,left
1033,1576,1969,884,295,391,"Superior colliculus, motor related, intermediate white layer",right
1034,1558,2183,882,291,437,"Superior colliculus, motor related, intermediate white layer",right
1034,1504,1985,886,275,397,"Superior colliculus, motor related, intermediate gray layer",right
1034,1551,1894,883,287,376,"Superior colliculus, motor related, intermediate gray layer",right
1034,1562,1905,883,290,378,"Superior colliculus, motor related, intermediate gray layer",right
1034,1594,1930,882,300,382,"Superior colliculus, motor related, intermediate gray layer",right
1034,1623,2021,881,310,400,"Superior colliculus, motor related, intermediate white layer",right
1034,1869,3359,882,388,689,Midbrain reticular nucleus,left
1034,1597,1945,882,300,385,"Superior colliculus, motor related, intermediate gray layer",right
1034,1600,1922,881,301,380,"Superior colliculus, motor related, intermediate gray layer",right
1035,1520,2201,882,279,441,"Superior colliculus, motor related, intermediate white layer",right
1035,1562,1895,882,289,376,"Superior colliculus, motor related, intermediate gray layer",right
1036,1281,3333,894,243,688,"Superior colliculus, motor related, intermediate white layer",left
1036,1574,1940,882,294,385,"Superior colliculus, motor related, intermediate gray layer",right
1036,1629,2004,879,311,397,"Superior colliculus, motor related, intermediate white layer",right
1036,1395,2027,889,242,408,"Superior colliculus, motor related, intermediate gray layer",right
1036,1517,1956,884,277,390,"Superior colliculus, motor related, intermediate gray layer",right
1037,1523,1948,884,280,389,"Superior colliculus, motor related, intermediate gray layer",right
1037,1526,2138,883,281,428,"Superior colliculus, motor related, intermediate white layer",right
1037,1571,1955,882,293,388,"Superior colliculus, motor related, intermediate gray layer",right
1037,1607,1995,881,304,395,"Superior colliculus, motor related, intermediate white layer",right
1037,1561,1949,882,290,388,"Superior colliculus, motor related, intermediate gray layer",right
1037,1571,2007,882,294,399,"Superior colliculus, motor related, intermediate white layer",right
1037,1669,3436,886,342,709,Midbrain reticular nucleus,left
1037,1558,3792,889,318,787,brachium of the inferior colliculus,left
1038,1443,3603,893,293,749,"Superior colliculus, motor related, intermediate white layer",left
1038,1592,1960,880,299,389,"Superior colliculus, motor related, intermediate gray layer",right
1038,1452,1945,886,258,390,"Superior colliculus, motor related, intermediate gray layer",right
1038,1559,2052,882,291,409,"Superior colliculus, motor related, intermediate white layer",right
1038,1645,1971,878,315,389,"Superior colliculus, motor related, intermediate gray layer",right
1038,1556,3791,889,316,787,brachium of the inferior colliculus,left
1040,1593,1997,879,301,396,"Superior colliculus, motor related, intermediate white layer",right
1040,1619,2044,878,308,406,"Superior colliculus, motor related, intermediate white layer",right
1039,1365,2251,884,236,456,"Superior colliculus, motor related, intermediate white layer",right
1039,1428,2121,885,252,426,"Superior colliculus, motor related, intermediate white layer",right
1041,1582,1941,880,296,386,"Superior colliculus, motor related, intermediate gray layer",right
1041,1574,1951,880,294,388,"Superior colliculus, motor related, intermediate gray layer",right
1041,1902,2874,873,386,584,Periaqueductal gray,left
1043,1733,2111,871,339,418,Midbrain,right
1043,1919,3403,877,400,699,Midbrain reticular nucleus,left
1042,1849,2101,868,369,413,Midbrain reticular nucleus,right
1042,1518,1939,881,278,388,"Superior colliculus, motor related, intermediate gray layer",right
1042,1616,1936,877,305,384,"Superior colliculus, motor related, intermediate gray layer",right
1044,1623,1946,876,308,386,"Superior colliculus, motor related, intermediate gray layer",right
1045,1497,2057,881,271,412,"Superior colliculus, motor related, intermediate white layer",right
1045,1949,2862,870,397,580,Midbrain,left
1046,1507,2131,879,274,428,"Superior colliculus, motor related, intermediate white layer",right
1046,1512,1984,880,275,398,"Superior colliculus, motor related, intermediate gray layer",right
1046,1542,2093,878,284,420,"Superior colliculus, motor related, intermediate white layer",right
1048,1852,2177,866,369,432,Midbrain reticular nucleus,right
1048,2092,3495,868,438,717,Midbrain reticular nucleus,left
1048,1353,3624,890,271,754,"Superior colliculus, motor related, intermediate gray layer",left
1048,1416,3646,890,285,758,"Superior colliculus, motor related, intermediate gray layer",left
1050,1433,3636,888,290,756,"Superior colliculus, motor related, intermediate gray layer",left
1050,1739,2077,868,340,410,Midbrain,right
1050,1504,2020,879,273,406,"Superior colliculus, motor related, intermediate gray layer",right
1050,1891,2948,869,385,599,Interstitial nucleus of Cajal,left
1049,1593,2003,875,300,400,"Superior colliculus, motor related, intermediate white layer",right
1049,1918,2884,869,390,586,Periaqueductal gray,left
1049,1947,2999,870,399,609,Midbrain reticular nucleus,left
1051,1972,2932,867,403,594,Midbrain reticular nucleus,left
1051,2214,3141,861,463,637,Red nucleus,left
1051,1505,3583,885,306,744,"Superior colliculus, motor related, intermediate white layer",left
1051,1566,3789,883,318,788,brachium of the inferior colliculus,left
1051,1868,3420,875,388,704,Midbrain reticular nucleus,left
1051,1468,3648,886,298,759,"Superior colliculus, motor related, intermediate gray layer",left
1052,1545,2001,876,285,401,"Superior colliculus, motor related, intermediate gray layer",right
1052,1835,1976,864,364,386,Midbrain reticular nucleus,right
1052,1904,3018,869,390,614,Midbrain reticular nucleus,left
1054,1499,3610,884,305,750,"Superior colliculus, motor related, intermediate white layer",left
1054,1944,2928,866,397,595,Midbrain reticular nucleus,left
1054,1768,3695,877,366,768,Posterior limiting nucleus of the thalamus,left
1054,2007,2847,864,409,577,Midbrain,left
1054,1916,2997,867,391,608,Interstitial nucleus of Cajal,left
1053,2022,2717,864,412,550,Midbrain reticular nucleus,right
1053,2008,2923,866,412,593,Midbrain reticular nucleus,left
1055,1402,3472,886,277,718,"Superior colliculus, motor related, intermediate white layer",left
1055,1470,3592,884,298,745,"Superior colliculus, motor related, intermediate white layer",left
1057,1962,1978,859,395,386,Posterior limiting nucleus of the thalamus,right
1059,1613,2113,868,305,424,"Superior colliculus, motor related, intermediate white layer",right
1059,1995,2823,861,406,573,Edinger-Westphal nucleus,left
1059,1537,2149,871,281,433,"Superior colliculus, motor related, intermediate white layer",right
1059,1531,2052,872,280,413,"Superior colliculus, motor related, intermediate white layer",right
1058,1919,2941,865,391,597,Interstitial nucleus of Cajal,left
1058,1523,2059,873,278,414,"Superior colliculus, motor related, intermediate white layer",right
1060,1811,2940,866,365,599,Nucleus of Darkschewitsch,left
1060,1555,3761,881,316,782,brachium of the inferior colliculus,left
1060,1880,3556,870,390,735,Midbrain reticular nucleus,left
1060,2199,2592,855,456,523,Red nucleus,right
1062,1883,2330,860,378,470,Midbrain reticular nucleus,right
1062,1546,2093,870,284,422,"Superior colliculus, motor related, intermediate white layer",right
1061,2238,2186,849,467,434,Midbrain reticular nucleus,right
1064,1581,2104,867,294,423,"Superior colliculus, motor related, intermediate white layer",right
1064,1679,3522,873,344,730,Midbrain,left
1064,1714,2182,862,333,437,"Superior colliculus, motor related, intermediate white layer",right
1063,1526,2149,869,278,433,"Superior colliculus, motor related, intermediate white layer",right
1067,1753,2061,858,343,409,Midbrain,right
1067,2031,2920,858,416,592,Midbrain reticular nucleus,left
1067,1961,2860,859,398,581,Medial accesory oculomotor nucleus,left
1065,1756,2169,861,343,434,Midbrain,right
1065,1554,3595,878,317,747,"Superior colliculus, motor related, intermediate gray layer",left
1068,1676,2327,862,322,470,"Superior colliculus, motor related, intermediate white layer",right
1068,2251,3047,852,470,616,Ventral tegmental area,left
1068,1548,2113,867,285,426,"Superior colliculus, motor related, intermediate white layer",right
1068,1590,3572,874,325,742,"Superior colliculus, motor related, intermediate white layer",left
1068,1849,2991,862,376,609,Interstitial nucleus of Cajal,left
1068,1967,2903,859,400,590,medial longitudinal fascicle,left
1066,1449,3633,881,292,756,"Superior colliculus, motor related, intermediate gray layer",left
1066,2035,3005,859,419,609,Midbrain reticular nucleus,left
1072,1754,2160,857,343,432,Midbrain,right
1072,1870,3647,866,388,756,Midbrain reticular nucleus,left
1072,1539,2070,866,281,418,"Superior colliculus, motor related, intermediate white layer",right
1072,1838,3683,867,381,766,Posterior limiting nucleus of the thalamus,left
1069,2003,2842,858,408,576,Medial accesory oculomotor nucleus,left
1069,1851,3660,868,384,760,Posterior limiting nucleus of the thalamus,left
1071,1732,3664,869,356,762,Posterior limiting nucleus of the thalamus,left
1071,1792,3657,868,369,760,Posterior limiting nucleus of the thalamus,left
1071,2034,2846,855,415,577,Medial accesory oculomotor nucleus,left
1071,1893,3510,865,393,725,Midbrain reticular nucleus,left
1070,1872,2278,857,374,459,Midbrain reticular nucleus,right
1070,1969,2857,858,400,580,Medial accesory oculomotor nucleus,left
1070,1787,3677,869,368,764,Posterior limiting nucleus of the thalamus,left
1070,1865,2996,861,379,610,Interstitial nucleus of Cajal,left
1070,1451,3652,880,292,759,"Superior colliculus, motor related, intermediate gray layer",left
1074,1973,2887,856,402,586,Midbrain,left
1074,1801,2262,856,355,455,Midbrain reticular nucleus,right
1074,1841,3663,866,381,761,Posterior limiting nucleus of the thalamus,left
1073,1943,2871,857,395,583,Midbrain,left
1073,2261,3387,851,475,691,Midbrain reticular nucleus,left
1073,2324,3213,849,490,656,Ventral tegmental area,left
1075,2361,2638,842,493,531,Ventral tegmental area,right
1075,1503,2288,862,273,464,"Superior colliculus, motor related, intermediate white layer",right
1076,1596,3547,871,325,737,"Superior colliculus, motor related, intermediate white layer",left
1076,1993,2851,854,406,578,Medial accesory oculomotor nucleus,left
1076,1699,2211,857,327,445,"Superior colliculus, motor related, intermediate white layer",right
1076,1806,3669,866,373,763,Posterior limiting nucleus of the thalamus,left
1076,1780,3654,866,367,760,Posterior limiting nucleus of the thalamus,left
1076,1833,3631,865,380,754,Midbrain reticular nucleus,left
1077,1668,3476,868,341,720,Midbrain,left
1077,1790,2250,855,352,453,Midbrain,right
1077,1767,3596,866,363,747,Midbrain reticular nucleus,left
1077,1770,3684,867,365,767,Posterior limiting nucleus of the thalamus,left
1077,1846,3650,865,382,758,Posterior limiting nucleus of the thalamus,left
1077,2006,2856,854,408,579,Medial accesory oculomotor nucleus,left
1077,2285,3368,849,481,688,medial lemniscus,left
1080,2081,2804,850,425,569,Edinger-Westphal nucleus,right
1081,1304,2549,865,231,522,"Superior colliculus, motor related, intermediate white layer",right
1081,1758,3645,865,362,758,Posterior limiting nucleus of the thalamus,left
1081,2066,2985,852,425,605,Midbrain reticular nucleus,left
1081,2110,2930,850,434,593,Midbrain reticular nucleus,left
1081,2175,3038,849,452,616,Red nucleus,left
1083,2003,2862,851,408,581,Medial accesory oculomotor nucleus,left
1083,2071,2915,850,424,591,Midbrain reticular nucleus,left
1083,1777,3484,863,365,722,Midbrain reticular nucleus,left
1083,1823,3650,862,377,759,Posterior limiting nucleus of the thalamus,left
1083,1879,3642,861,390,755,Posterior limiting nucleus of the thalamus,left
1083,2126,2949,848,438,597,Midbrain reticular nucleus,left
1083,2128,2957,848,439,598,Midbrain reticular nucleus,left
1079,2082,2768,850,425,562,Midbrain,right
1084,1622,3522,866,329,731,"Superior colliculus, motor related, intermediate white layer",left
1084,1907,3458,860,395,713,Midbrain reticular nucleus,left
1084,2018,2860,850,411,580,Medial accesory oculomotor nucleus,left
1084,2147,2930,847,442,593,Midbrain,left
1084,2114,2899,848,435,587,Midbrain,left
1084,2296,3138,844,481,639,Ventral tegmental area,left
1086,2029,2878,849,414,584,Medial accesory oculomotor nucleus,left
1086,1595,3503,866,323,728,"Superior colliculus, motor related, intermediate white layer",left
1086,1680,3486,864,342,723,Midbrain,left
1086,2241,3100,844,468,629,Red nucleus,left
1086,1596,3546,866,324,737,"Superior colliculus, motor related, intermediate white layer",left
1086,1738,3492,863,356,723,Midbrain,left
1086,1775,3632,862,365,755,Midbrain reticular nucleus,left
1086,1832,3436,861,377,709,Midbrain reticular nucleus,left
1086,1747,3653,863,358,761,Posterior limiting nucleus of the thalamus,left
1082,2096,2900,850,430,588,Midbrain,left
1082,2263,3385,846,476,692,Midbrain reticular nucleus,left
1082,1646,3364,865,332,694,"Superior colliculus, motor related, intermediate white layer",left
1082,2026,2866,851,413,581,Medial accesory oculomotor nucleus,left
1082,2116,2914,849,435,590,Midbrain,left
1082,2198,2976,847,457,602,Midbrain,left
1085,1751,2055,850,340,410,Midbrain,right
1085,1996,2843,851,405,578,Medial accesory oculomotor nucleus,left
1085,1567,3574,869,318,743,"Superior colliculus, motor related, intermediate white layer",left
1085,1611,3500,866,327,727,"Superior colliculus, motor related, intermediate white layer",left
1085,1788,3442,863,368,711,Midbrain reticular nucleus,left
1085,1811,3440,862,373,710,Midbrain reticular nucleus,left
1085,2047,3058,852,422,621,Red nucleus,left
1085,1424,3341,870,276,689,"Superior colliculus, motor related, intermediate white layer",left
1085,1887,3618,861,391,751,Posterior limiting nucleus of the thalamus,left
1085,2141,2976,848,442,602,Midbrain reticular nucleus,left
1087,1683,3502,863,344,726,Midbrain,left
1087,2056,2857,848,419,579,Medial accesory oculomotor nucleus,left
1088,2083,2871,847,427,582,Midbrain,left
1088,1707,3496,862,348,725,Midbrain,left
1088,2302,3405,843,485,696,Medial terminal nucleus of the accessory optic tract,left
1090,1724,3483,861,353,722,Midbrain,left
1090,1732,3432,861,353,709,Midbrain,left
1090,2347,2620,836,489,527,Ventral tegmental area,right
1090,1610,3552,864,327,738,"Superior colliculus, motor related, intermediate gray layer",left
1090,1640,3440,863,332,712,"Superior colliculus, motor related, intermediate white layer",left
1090,1742,2228,850,337,450,Midbrain,right
1090,1990,2850,848,404,579,Periaqueductal gray,left
1090,1816,3428,859,374,708,Midbrain reticular nucleus,left
1090,1820,3444,859,375,711,Midbrain reticular nucleus,left
1089,1457,3497,870,289,725,"Superior colliculus, motor related, intermediate white layer",left
1089,1836,3425,860,378,706,Midbrain reticular nucleus,left
1089,1680,3395,862,341,701,Midbrain,left
1089,2114,2908,846,435,589,Midbrain,left
1089,2191,2953,844,453,598,Midbrain,left
1089,1580,3571,866,321,743,"Superior colliculus, motor related, intermediate gray layer",left
1089,1887,3414,858,390,703,Midbrain reticular nucleus,left
1089,2253,3040,843,470,616,Midbrain,left
1089,2052,2864,848,418,581,Medial accesory oculomotor nucleus,left
1091,2260,3115,841,473,633,Red nucleus,left
1091,1852,3416,858,382,704,Midbrain reticular nucleus,left
1091,2103,2902,845,432,588,Midbrain,left
1091,2149,2926,844,443,592,Midbrain,left
1091,2068,2860,846,423,580,Medial accesory oculomotor nucleus,left
1092,1695,3458,861,345,717,Midbrain,left
1092,1981,2286,844,400,460,Midbrain reticular nucleus,right
1092,1611,2997,854,314,612,Periaqueductal gray,left
1092,1633,3475,862,331,721,"Superior colliculus, motor related, intermediate white layer",left
1092,1897,3559,857,393,737,Midbrain reticular nucleus,left
1092,1521,3460,866,303,717,"Superior colliculus, motor related, intermediate white layer",left
1092,1629,3524,863,331,733,"Superior colliculus, motor related, intermediate white layer",left
1093,2323,2686,836,484,541,Midbrain,right
1093,1648,3437,861,334,711,"Superior colliculus, motor related, intermediate white layer",left
1093,1887,3580,857,390,742,Midbrain reticular nucleus,left
1093,2059,2848,846,420,578,Medial accesory oculomotor nucleus,left
1093,1698,3470,861,347,719,Midbrain,left
1094,1667,3472,861,338,720,Midbrain,left
1094,1621,3473,862,328,721,"Superior colliculus, motor related, intermediate white layer",left
1094,1751,3643,859,359,759,Posterior limiting nucleus of the thalamus,left
1094,2289,3418,840,482,699,Midbrain,left
1094,2078,3510,848,435,722,Midbrain reticular nucleus,left
1095,1312,2883,862,241,590,"Superior colliculus, motor related, deep gray layer",left
1095,1728,3417,858,353,706,Midbrain,left
1095,1707,3469,859,347,719,Midbrain,left
1096,1787,2390,847,350,484,Midbrain reticular nucleus,right
1096,1526,3458,864,304,717,"Superior colliculus, motor related, intermediate white layer",left
1096,1688,2219,848,323,449,Midbrain,right
1097,1580,3535,862,319,735,"Superior colliculus, motor related, intermediate gray layer",left
1097,2221,2931,839,460,593,Midbrain,left
1097,1736,3391,858,354,700,Midbrain,left
1097,1810,3643,857,373,758,Posterior limiting nucleus of the thalamus,left
1097,1841,3238,854,378,663,Midbrain reticular nucleus,left
1097,1906,3577,855,395,740,Midbrain reticular nucleus,left
1097,2061,3476,848,430,714,Midbrain reticular nucleus,left
1097,2377,3325,837,502,679,Medial terminal nucleus of the accessory optic tract,left
1097,1589,3430,861,319,711,"Superior colliculus, motor related, intermediate white layer",left
1097,1919,3413,854,398,703,Midbrain reticular nucleus,left
1098,1671,3210,854,335,657,Midbrain,left
1098,1800,3377,856,369,695,Midbrain reticular nucleus,left
1098,1805,3395,856,371,700,Midbrain reticular nucleus,left
1098,1824,3435,856,376,709,Anterior pretectal nucleus,left
1098,2352,3314,837,496,677,Midbrain,left
1098,2357,3341,837,497,683,Medial terminal nucleus of the accessory optic tract,left
1098,1846,3187,852,378,650,Midbrain reticular nucleus,left
1098,2283,3065,837,477,622,Ventral tegmental area,left
1098,2354,3153,836,495,643,medial lemniscus,left
1099,1775,3385,856,363,698,Midbrain,left
1099,2322,3362,837,489,687,Midbrain,left
1099,2345,3379,836,495,691,Midbrain,left
1099,2440,3311,832,517,676,Medial terminal nucleus of the accessory optic tract,left
1099,1571,3464,860,315,719,"Superior colliculus, motor related, intermediate white layer",left
1101,1836,3625,855,378,753,Posterior limiting nucleus of the thalamus,left
1101,1767,3412,856,361,704,Midbrain,left
1101,2183,2664,838,451,539,Midbrain,right
1101,1503,3507,863,300,728,"Superior colliculus, motor related, intermediate gray layer",left
1101,1839,3408,854,379,703,Anterior pretectal nucleus,left
1101,1540,3458,861,307,718,"Superior colliculus, motor related, intermediate white layer",left
1101,1793,2326,845,352,471,Midbrain reticular nucleus,right
1101,1855,3231,851,381,660,Midbrain reticular nucleus,left
1101,1978,2465,842,401,499,Midbrain reticular nucleus,right
1101,2380,3303,835,503,675,Midbrain,left
1101,1687,3636,859,344,757,Midbrain,left
1101,2142,3036,841,443,616,Midbrain reticular nucleus,left
1100,2257,2701,836,467,546,Midbrain,right
1100,1820,2318,844,358,469,Midbrain reticular nucleus,right
1100,1704,3473,857,347,721,Midbrain,left
1100,1772,3301,854,361,678,Midbrain reticular nucleus,left
1100,2062,2893,843,421,587,Midbrain,left
1100,2220,2987,838,461,604,Midbrain,left
1100,1616,3570,860,328,743,"Superior colliculus, motor related, intermediate gray layer",left
1100,1729,3602,857,354,749,Midbrain,left
1100,1782,3370,855,364,694,Midbrain reticular nucleus,left
1100,1816,3392,855,373,699,Anterior pretectal nucleus,left
1100,2246,2976,837,466,602,Midbrain,left
1103,1829,2357,842,361,477,Midbrain reticular nucleus,right
1103,2024,2878,842,412,585,Midbrain,left
1103,1570,3590,860,317,748,"Superior colliculus, motor related, intermediate gray layer",left
1103,1915,3376,850,396,694,Anterior pretectal nucleus,left
1103,2096,2893,840,429,587,Midbrain,left
1103,1925,3581,851,399,741,Midbrain reticular nucleus,left
1104,1947,3535,850,404,731,Midbrain reticular nucleus,left
1104,1530,3456,860,304,717,"Superior colliculus, motor related, intermediate white layer",left
1104,1780,3093,848,360,632,Midbrain reticular nucleus,left
1104,1773,3633,854,364,756,Posterior limiting nucleus of the thalamus,left
1104,2035,2881,842,414,585,Midbrain,left
1104,2170,2966,838,448,601,Midbrain reticular nucleus,left
1104,1831,2317,842,361,468,Midbrain reticular nucleus,right
1104,2016,3510,847,420,723,Midbrain reticular nucleus,left
1102,2033,2841,842,414,577,Medial accesory oculomotor nucleus,left
1102,1618,3506,858,327,728,"Superior colliculus, motor related, intermediate gray layer",left
1108,1863,2855,843,374,581,Nucleus of Darkschewitsch,left
1108,2182,2678,835,449,542,Midbrain,right
1108,1530,3464,858,304,719,"Superior colliculus, motor related, intermediate white layer",left
1108,1578,3510,857,317,730,"Superior colliculus, motor related, intermediate gray layer",left
1108,1828,3622,851,376,752,Posterior limiting nucleus of the thalamus,left
1108,1602,3535,857,323,736,"Superior colliculus, motor related, intermediate gray layer",left
1108,1604,3508,856,323,730,"Superior colliculus, motor related, intermediate gray layer",left
1105,2120,2725,839,434,552,Midbrain,right
1105,1539,3554,861,309,740,"Superior colliculus, motor related, intermediate gray layer",left
1105,1732,3278,852,351,673,Midbrain reticular nucleus,left
1105,2212,2742,836,456,555,Midbrain,right
1105,2279,3054,835,476,620,Midbrain,left
1105,1669,3427,856,338,709,Midbrain,left
1105,2098,2965,840,432,601,Midbrain reticular nucleus,left
1114,2059,2860,837,420,581,Medial accesory oculomotor nucleus,left
1114,2115,2865,835,433,581,Medial accesory oculomotor nucleus,left
1114,1694,3422,851,343,708,Midbrain,left
1114,2050,2876,837,417,584,Midbrain,left
1114,1606,3496,853,322,727,"Superior colliculus, motor related, intermediate gray layer",left
1114,1668,3459,852,338,718,Midbrain,left
1114,1671,3371,850,336,696,Midbrain,left
1114,1780,3023,842,357,618,Midbrain reticular nucleus,left
1114,2190,3085,833,455,627,Red nucleus,left
1114,2312,3057,829,482,621,Ventral tegmental area,left
1114,1746,3389,850,355,700,Anterior pretectal nucleus,left
1114,1751,3472,850,357,719,Anterior pretectal nucleus,left
1106,2367,3378,833,499,691,Midbrain,left
1106,2150,2698,837,442,547,Midbrain,right
1106,1647,3496,856,333,726,Midbrain,left
1106,1748,3477,854,357,720,Anterior pretectal nucleus,left
1106,2081,2927,840,426,593,Midbrain reticular nucleus,left
1106,2133,2950,838,439,598,Midbrain reticular nucleus,left
1106,2266,3046,834,472,618,Midbrain,left
1106,2248,2969,834,467,602,Midbrain,left
1109,2057,2883,839,419,586,Midbrain,left
1109,1742,3437,853,355,711,Anterior pretectal nucleus,left
1109,2054,2851,839,418,579,Medial accesory oculomotor nucleus,left
1107,1744,3496,853,356,725,Anterior pretectal nucleus,left
1107,1761,3426,853,359,708,Anterior pretectal nucleus,left
1107,1512,3458,859,299,718,"Superior colliculus, motor related, intermediate white layer",left
1110,1559,3419,855,310,709,"Superior colliculus, motor related, intermediate white layer",left
1110,2203,2645,833,455,535,Midbrain,right
1110,2054,2868,838,419,583,Medial accesory oculomotor nucleus,left
1112,2096,2863,836,428,581,Medial accesory oculomotor nucleus,left
1112,2359,3035,828,494,617,Ventral tegmental area,left
1112,1720,3354,850,349,692,Midbrain,left
1112,1512,3584,859,301,747,"Superior colliculus, motor related, intermediate gray layer",left
1111,1491,3428,857,293,711,"Superior colliculus, motor related, intermediate white layer",left
1113,1604,3458,854,322,718,"Superior colliculus, motor related, intermediate gray layer",left
1113,2115,2930,836,434,594,Midbrain reticular nucleus,left
1113,1669,3475,853,338,721,Midbrain,left
1113,1698,3346,850,344,690,Midbrain,left
1113,1705,3601,853,347,750,Midbrain,left
1113,1713,3647,853,350,759,Posterior limiting nucleus of the thalamus,left
1113,1870,3368,848,385,693,Anterior pretectal nucleus,left
1113,2131,2904,836,437,589,Midbrain,left
1113,2321,3344,831,488,684,Midbrain,left
1113,2098,2893,836,430,587,Midbrain,left
1115,2363,3278,828,498,671,Midbrain,left
1115,1725,3345,848,350,690,Midbrain,left
1115,1667,3422,850,336,708,Midbrain,left
1115,2043,2857,836,416,580,Periaqueductal gray,left
1116,2026,3482,840,422,717,Midbrain reticular nucleus,left
1116,2097,2849,835,428,578,Medial accesory oculomotor nucleus,left
1116,2138,2892,833,439,586,Midbrain,left
1116,2256,3002,830,468,609,Midbrain,left
1116,1806,3638,849,370,757,Posterior limiting nucleus of the thalamus,left
1116,1573,3488,853,315,726,"Superior colliculus, motor related, intermediate gray layer",left
1116,1658,3482,851,335,723,Midbrain,left
1116,1658,3381,850,334,699,Midbrain,left
1117,2035,2845,836,413,578,Periaqueductal gray,left
1117,1991,3471,842,414,715,Midbrain reticular nucleus,left
1117,2113,2853,834,433,579,Medial accesory oculomotor nucleus,left
1117,2136,2861,833,437,580,Medial accesory oculomotor nucleus,left
1119,2075,2873,834,423,584,Medial accesory oculomotor nucleus,left
1119,2226,2661,828,460,537,Midbrain,right
1119,1671,3292,846,335,677,Midbrain,left
1119,1974,2277,831,397,459,Midbrain reticular nucleus,right
1119,2654,3260,812,566,664,"Substantia nigra, reticular part",left
1120,1955,3537,842,405,731,Midbrain,left
1120,1568,3475,851,313,722,"Superior colliculus, motor related, intermediate gray layer",left
1118,1511,3436,854,297,713,"Superior colliculus, motor related, intermediate gray layer",left
1118,1692,3371,848,341,696,Midbrain,left
1118,1783,2510,837,350,509,Midbrain reticular nucleus,right
1121,2104,2855,833,430,579,Medial accesory oculomotor nucleus,left
1121,2154,2933,831,443,595,Midbrain reticular nucleus,left
1121,1563,3519,852,313,733,"Superior colliculus, motor related, intermediate gray layer",left
1121,2114,2863,832,433,581,Medial accesory oculomotor nucleus,left
1121,1771,2511,837,346,509,Midbrain reticular nucleus,right
1122,2136,2874,831,437,583,Medial accesory oculomotor nucleus,left
1122,1583,3404,849,315,706,"Superior colliculus, motor related, intermediate gray layer",left
1123,1559,3465,850,310,720,"Superior colliculus, motor related, intermediate gray layer",left
1123,1732,3252,843,349,667,Midbrain reticular nucleus,left
1123,2212,2940,828,456,596,Midbrain,left
1123,1487,3475,853,291,723,"Superior colliculus, motor related, intermediate gray layer",left
1123,1585,3533,850,317,736,"Superior colliculus, motor related, intermediate gray layer",left
1123,2164,2873,829,445,583,Medial accesory oculomotor nucleus,left
1124,2111,2855,831,431,579,Medial accesory oculomotor nucleus,left
1124,2661,3270,811,568,666,"Substantia nigra, reticular part",left
1124,1664,3323,845,334,686,Midbrain,left
1124,2326,3361,825,489,688,Midbrain,left
1124,1754,2527,835,342,512,Midbrain reticular nucleus,right
1124,2157,2940,830,443,596,Midbrain reticular nucleus,left
1130,2089,2874,829,426,584,Medial accesory oculomotor nucleus,left
1130,2239,2993,824,464,608,Midbrain,left
1130,2314,3174,822,485,649,Midbrain,left
1130,2146,2862,827,439,580,Medial accesory oculomotor nucleus,left
1130,2174,2877,826,447,583,Medial accesory oculomotor nucleus,left
1125,1702,3245,843,341,666,Midbrain,left
1125,2125,2849,830,435,578,Medial accesory oculomotor nucleus,left
1125,1732,3328,844,350,686,Midbrain,left
1125,1748,2547,835,341,516,Midbrain reticular nucleus,right
1125,1780,3621,846,364,753,Posterior limiting nucleus of the thalamus,left
1127,1745,3354,843,354,692,Anterior pretectal nucleus,left
1127,2135,2904,829,438,590,Midbrain,left
1128,2079,2833,830,424,576,Medial accesory oculomotor nucleus,left
1128,2184,2889,827,449,586,Midbrain,left
1129,1672,3261,842,334,670,Midbrain,left
1129,2023,3475,835,421,716,Midbrain reticular nucleus,left
1129,2040,2871,831,414,583,Nucleus of Darkschewitsch,left
1129,1821,3608,843,373,751,Posterior limiting nucleus of the thalamus,left
1129,1931,3438,839,399,709,Anterior pretectal nucleus,left
1129,2264,3154,824,473,644,Midbrain reticular nucleus,left
1129,2269,2975,824,471,604,Midbrain,left
1131,2123,2891,827,435,587,Midbrain,left
1131,1565,3347,844,308,692,Midbrain,left
1131,2138,2875,826,438,583,Medial accesory oculomotor nucleus,left
1131,1328,3323,852,247,690,"Superior colliculus, motor related, intermediate gray layer",left
1134,2098,2853,827,428,580,Medial accesory oculomotor nucleus,left
1134,2007,3471,833,416,715,Midbrain reticular nucleus,left
1134,2255,3040,822,468,618,Midbrain reticular nucleus,left
1134,1650,3338,841,329,690,Midbrain,left
1134,1775,3350,840,361,691,Anterior pretectal nucleus,left
1134,2343,3274,819,493,671,medial lemniscus,left
1132,1680,3387,842,338,700,Anterior pretectal nucleus,left
1132,2241,3004,823,464,610,Midbrain,left
1135,2095,2882,826,427,585,Midbrain,left
1135,2118,3014,826,436,613,Midbrain reticular nucleus,left
1135,2136,2845,825,437,577,Medial accesory oculomotor nucleus,left
1135,2447,3179,815,515,650,Ventral tegmental area,left
1135,2231,2937,821,461,596,Midbrain,left
1133,2146,2897,826,440,588,Midbrain,left
1133,2219,2994,824,459,608,Midbrain reticular nucleus,left
1133,2370,3262,820,499,667,Midbrain,left
1136,2219,2965,822,459,602,Midbrain,left
1136,2339,3315,819,492,679,Midbrain,left
1136,2185,2870,823,449,582,Medial accesory oculomotor nucleus,left
1136,2341,3282,819,492,672,medial lemniscus,left
1137,2260,2975,821,468,604,Midbrain,left
1137,1736,3619,842,352,754,Posterior limiting nucleus of the thalamus,left
1137,2262,2671,819,468,539,Midbrain,right
1137,1815,3595,839,371,747,Posterior limiting nucleus of the thalamus,left
1137,2322,3149,819,486,644,Midbrain,left
1138,1951,3426,833,403,706,Anterior pretectal nucleus,left
1138,2069,2884,827,421,586,Nucleus of Darkschewitsch,left
1139,2066,2493,822,420,504,Midbrain reticular nucleus,right
1139,2278,3079,818,475,628,Midbrain,left
1140,2113,3364,823,440,691,Midbrain reticular nucleus,left
1140,2192,2899,821,450,589,Midbrain,left
1140,2256,2956,819,467,600,Midbrain,left
1140,2368,3339,816,499,684,Midbrain,left
1140,2233,2715,819,461,549,Midbrain,right
1140,1937,3526,834,400,729,Anterior pretectal nucleus,left
1141,1607,2381,830,298,485,Midbrain,right
1141,2137,2895,823,437,588,Midbrain,left
1141,2139,2901,823,438,589,Midbrain,left
1142,2208,2947,820,456,598,Midbrain,left
1146,2001,3397,827,414,699,Midbrain reticular nucleus,left
1143,1759,3609,837,358,752,Posterior limiting nucleus of the thalamus,left
1143,2122,3212,821,440,657,Midbrain reticular nucleus,left
1147,1613,2381,827,300,485,Midbrain,right
1147,1902,3345,830,390,688,Anterior pretectal nucleus,left
1145,1705,3296,835,342,679,Anterior pretectal nucleus,left
1145,1808,3596,836,369,747,Posterior limiting nucleus of the thalamus,left
1167,1732,3594,827,349,749,Posterior limiting nucleus of the thalamus,left
1167,2466,3064,799,517,625,Midbrain,left
1149,1602,3618,840,320,756,Posterior limiting nucleus of the thalamus,left
1149,1439,3585,845,279,748,brachium of the superior colliculus,left
1148,1756,3206,830,353,658,Midbrain reticular nucleus,left
1150,1854,3361,831,380,692,Anterior pretectal nucleus,left
1153,2110,3019,819,433,615,Midbrain reticular nucleus,left
1153,2168,2946,817,446,599,Midbrain reticular nucleus,left
1153,2176,3048,817,449,622,Midbrain reticular nucleus,left
1153,2196,2926,816,451,594,Midbrain,left
1153,2198,2946,816,453,598,Midbrain,left
1155,2132,2847,817,435,578,Medial accesory oculomotor nucleus,left
1155,2143,2871,816,439,583,Medial accesory oculomotor nucleus,left
1155,2215,3129,813,460,640,Midbrain reticular nucleus,left
1155,2189,2859,814,450,581,Midbrain,left
1155,2205,3002,814,455,611,Midbrain reticular nucleus,left
1155,2139,2897,816,438,588,Midbrain,left
1155,2381,3127,808,498,639,Ventral tegmental area,left
1154,2159,2893,816,443,588,Midbrain,left
1154,2240,2985,814,463,607,Midbrain,left
1154,2254,2959,813,466,602,Midbrain,left
1156,2166,2904,815,444,590,Midbrain,left
1156,2174,2877,815,446,584,Midbrain,left
1156,2227,2975,813,459,605,Midbrain,left
1156,2024,3292,820,419,675,Midbrain reticular nucleus,left
1156,2162,2842,815,442,577,Midbrain,left
1156,2387,3275,808,501,671,Midbrain,left
1156,2180,2881,815,447,585,Midbrain,left
1156,2276,3029,811,472,617,Midbrain,left
1156,2352,3199,809,492,655,medial lemniscus,left
1157,2242,3358,811,468,689,medial lemniscus,left
1157,2255,3040,812,468,619,Midbrain,left
1157,1734,2478,820,334,504,Nucleus of the posterior commissure,right
1157,1464,3431,838,281,714,"Superior colliculus, motor related, intermediate gray layer",left
1157,2100,2889,818,428,588,Midbrain,left
1159,1663,3605,832,334,752,Posterior limiting nucleus of the thalamus,left
1158,2007,3505,822,415,724,Posterior limiting nucleus of the thalamus,left
1158,2107,3042,817,432,620,Midbrain reticular nucleus,left
1158,2204,3100,813,457,633,Midbrain reticular nucleus,left
1158,2212,3033,813,457,618,Midbrain reticular nucleus,left
1160,2271,2912,810,469,591,Midbrain,left
1160,2170,3628,815,454,749,Midbrain,left
1160,2199,3025,812,454,616,Midbrain reticular nucleus,left
1161,2418,3193,805,509,654,Ventral tegmental area,left
1161,2369,3328,806,498,682,Midbrain,left
1162,2111,2894,815,430,589,Periaqueductal gray,left
1162,2136,2933,814,437,597,Midbrain reticular nucleus,left
1162,2393,3219,805,503,660,Midbrain,left
1162,2173,2885,812,446,586,Midbrain,left
1162,1600,2546,821,300,518,Nucleus of the posterior commissure,right
1163,2187,2893,811,448,588,Midbrain,left
1163,2101,2885,815,428,587,Periaqueductal gray,left
1163,2124,3177,812,440,650,Midbrain reticular nucleus,left
1163,2183,2883,811,448,586,Midbrain,left
1163,2091,2890,815,425,588,Nucleus of Darkschewitsch,left
1163,2111,2906,814,430,591,Midbrain,left
1163,2140,2855,813,437,580,Periaqueductal gray,left
1165,2142,2932,813,438,596,Midbrain reticular nucleus,left
1165,2232,2876,809,459,584,Midbrain,left
1165,2274,3079,808,473,629,Midbrain,left
1165,2336,3126,806,488,639,Midbrain,left
1165,2173,2887,812,446,586,Midbrain,left
1165,2208,3025,810,456,616,Midbrain reticular nucleus,left
1165,2215,2963,810,456,603,Midbrain,left
1164,2182,3013,811,449,614,Midbrain reticular nucleus,left
1164,2225,2979,810,459,606,Midbrain,left
1166,2080,2876,814,423,585,Nucleus of Darkschewitsch,left
1166,2191,2884,810,450,586,Midbrain,left
1168,2190,3014,809,451,614,Midbrain reticular nucleus,left
1169,2018,3411,816,418,702,Midbrain reticular nucleus,left
1169,2077,2872,814,421,584,Nucleus of Darkschewitsch,left
1169,2136,3094,811,440,633,Midbrain reticular nucleus,left
1170,2114,2905,811,431,591,Periaqueductal gray,left
1170,2114,3257,809,438,668,Midbrain reticular nucleus,left
1170,2138,2880,810,437,586,Periaqueductal gray,left
1170,2197,2864,808,451,582,Midbrain,left
1171,2175,3700,810,455,765,Zona incerta,left
1171,2188,2890,808,450,587,Midbrain,left
1172,2187,2881,808,448,585,Midbrain,left
1172,1383,3515,833,261,734,Nucleus of the optic tract,left
1172,2093,2867,811,426,583,Periaqueductal gray,left
1172,2119,2925,810,433,596,Midbrain,left
1172,2125,2888,810,434,588,Periaqueductal gray,left
1172,2170,2888,808,445,587,Midbrain,left
1172,2178,2848,808,447,579,Periaqueductal gray,left
1172,2206,3023,807,455,617,Midbrain reticular nucleus,left
1173,1694,3148,819,335,647,Midbrain,left
1173,1977,3503,817,407,724,Posterior limiting nucleus of the thalamus,left
1173,1748,3080,817,347,632,Nucleus of the posterior commissure,left
1174,2057,2839,812,416,578,Periaqueductal gray,left
1174,2168,2841,807,444,577,Periaqueductal gray,left
1174,2233,2924,805,461,595,Midbrain,left
1174,2241,2947,805,462,599,Midbrain,left
1174,2191,2862,807,449,581,Periaqueductal gray,left
1174,2110,2894,810,430,589,Periaqueductal gray,left
1177,2123,3083,808,437,631,Midbrain reticular nucleus,left
1177,2213,2973,805,456,606,Midbrain,left
1177,2118,2935,809,433,598,Midbrain,left
1177,2152,3054,807,442,624,Midbrain reticular nucleus,left
1179,2153,3027,805,442,617,Midbrain reticular nucleus,left
1179,2107,3078,807,432,630,Midbrain reticular nucleus,left
1179,2117,2895,807,431,589,Periaqueductal gray,left
1179,2141,2936,806,437,598,Midbrain,left
1179,2105,2914,808,429,594,Periaqueductal gray,left
1179,2107,2926,808,429,596,Midbrain,left
1179,2231,3057,802,461,624,Midbrain,left
1179,2242,2901,802,462,589,Midbrain,left
1176,2255,2857,803,465,580,Midbrain,left
1175,2265,3413,802,473,700,Fields of Forel,left
1175,2096,2851,809,426,580,Periaqueductal gray,left
1178,1739,3080,815,344,632,Nucleus of the posterior commissure,left
1178,2085,2865,809,424,583,Periaqueductal gray,left
1178,2153,3122,805,445,639,Midbrain reticular nucleus,left
1178,2199,3022,805,453,616,Midbrain reticular nucleus,left
1178,2220,3051,804,459,623,Midbrain reticular nucleus,left
1178,2285,2885,801,473,586,Midbrain,left
1178,2098,2896,809,427,589,Periaqueductal gray,left
1178,2135,2962,807,436,603,Midbrain,left
1180,1836,3179,814,370,653,Midbrain reticular nucleus,left
1180,2205,2905,804,453,591,Midbrain,left
1180,2101,2903,808,427,592,Periaqueductal gray,left
1180,2129,3127,805,439,640,Midbrain reticular nucleus,left
1180,2144,2964,806,439,604,Midbrain,left
1180,2296,3103,800,477,635,Midbrain,left
1180,2078,2853,808,422,581,Periaqueductal gray,left
1180,2090,2868,808,425,584,Periaqueductal gray,left
1181,2255,2887,802,465,586,Midbrain,left
1181,2097,2872,808,426,584,Periaqueductal gray,left
1181,2160,2945,805,442,600,Midbrain,left
1181,2099,2879,808,427,586,Periaqueductal gray,left
1181,2205,2862,803,453,581,Periaqueductal gray,left
1181,2234,3045,802,462,621,Midbrain,left
1181,2236,2882,802,460,585,Midbrain,left
1182,2348,3116,798,490,637,Midbrain,left
1182,2047,3135,808,419,643,Midbrain reticular nucleus,left
1182,2211,2860,802,454,581,Periaqueductal gray,left
1186,2178,2899,802,447,590,Midbrain,left
1186,2399,3135,794,502,641,Midbrain,left
1186,2160,2962,803,442,603,Midbrain,left
1186,2140,3018,803,438,617,Midbrain reticular nucleus,left
1186,2184,3108,801,451,637,Midbrain reticular nucleus,left
1186,2215,2893,801,455,589,Midbrain,left
1186,2241,2896,800,461,588,Midbrain,left
1186,2382,3208,794,498,658,Midbrain,left
1183,2145,2930,804,438,597,Midbrain,left
1183,2210,2913,802,454,593,Midbrain,left
1183,2277,2906,799,470,590,Midbrain,left
1183,2356,3068,797,491,627,Midbrain,left
1183,2232,2855,801,459,580,Midbrain,left
1184,2099,2937,806,427,598,Midbrain,left
1184,2143,2882,804,438,586,Periaqueductal gray,left
1185,2234,2888,801,460,587,Midbrain,left
1185,2109,2945,806,430,600,Midbrain,left
1185,2111,2869,805,430,584,Periaqueductal gray,left
1185,2224,2875,801,458,584,Midbrain,left
1185,2384,3090,796,498,631,Midbrain,left
1185,1331,3387,827,245,707,Nucleus of the optic tract,left
1185,1943,3190,810,396,655,Midbrain reticular nucleus,left
1185,2115,2951,806,431,602,Midbrain,left
1185,2117,3061,805,433,626,Midbrain reticular nucleus,left
1185,2131,2967,805,435,605,Midbrain,left
1185,2172,2950,803,445,601,Midbrain,left
1185,2294,3210,797,479,658,Midbrain,left
1185,2377,3122,796,496,638,Midbrain,left
1185,2151,3050,804,441,623,Midbrain reticular nucleus,left
1187,2058,3097,805,421,634,Midbrain reticular nucleus,left
1187,2234,2909,799,460,592,Midbrain,left
1187,2153,3037,802,442,620,Midbrain reticular nucleus,left
1187,2260,3490,798,473,716,Fields of Forel,left
1187,1720,3580,818,345,746,Posterior limiting nucleus of the thalamus,left
1187,2094,2932,805,426,598,Midbrain,left
1187,2121,2919,804,432,595,Periaqueductal gray,left
1187,2139,2956,803,437,602,Midbrain,left
1187,2140,3053,802,439,625,Midbrain reticular nucleus,left
1187,2165,2880,802,443,586,Periaqueductal gray,left
1187,2176,3105,800,449,636,Midbrain reticular nucleus,left
1187,2200,2869,800,452,583,Periaqueductal gray,left
1187,2117,2968,804,431,606,Midbrain,left
1187,2205,2859,800,453,581,Periaqueductal gray,left
1187,2311,3164,796,482,648,Midbrain,left
1187,2104,2954,804,429,603,Midbrain,left
1187,2117,2979,804,431,608,Midbrain,left
1190,2113,2917,803,431,594,Periaqueductal gray,left
1190,2151,3762,803,449,780,Zona incerta,left
1190,2261,3412,795,471,699,Fields of Forel,left
1190,2174,2881,800,445,586,Periaqueductal gray,left
1190,2121,2978,803,433,608,Midbrain,left
1189,2145,3036,802,440,620,Midbrain reticular nucleus,left
1189,2266,3121,797,470,639,Midbrain,left
1189,2261,3062,798,468,625,Midbrain,left
1189,1972,3414,809,405,704,Midbrain,left
1189,2125,2860,803,433,582,Periaqueductal gray,left
1189,2332,2928,796,483,596,Midbrain,left
1189,2348,2966,795,488,604,Midbrain,left
1189,2357,3061,795,491,625,Midbrain,left
1189,2355,3109,795,491,636,Midbrain,left
1189,2171,2955,802,445,602,Midbrain,left
1189,2289,3213,796,477,659,Midbrain,left
1188,2098,2894,804,427,590,Periaqueductal gray,left
1188,2265,2911,798,468,592,Midbrain,left
1191,2170,3213,797,450,660,Midbrain reticular nucleus,left
1191,2114,3033,802,432,621,Midbrain reticular nucleus,left
1191,2226,3762,799,466,777,Zona incerta,left
1192,2310,3066,795,480,626,Midbrain,left
1192,2102,2918,803,427,595,Periaqueductal gray,left
1192,2295,3095,795,477,633,Midbrain,left
1192,1976,3356,807,406,691,Midbrain reticular nucleus,left
1192,2303,3088,795,479,632,Midbrain,left
1195,2095,2853,801,425,581,Periaqueductal gray,left
1195,2119,2935,800,432,599,Midbrain,left
1195,2131,2887,799,434,587,Periaqueductal gray,left
1195,2098,3010,801,428,616,Midbrain reticular nucleus,left
1195,2152,2924,799,439,596,Midbrain,left
1195,2167,2940,798,443,599,Midbrain,left
1195,2193,3039,797,452,621,Midbrain reticular nucleus,left
1195,2331,2933,792,483,597,Midbrain,left
1195,2336,3040,792,485,620,Midbrain,left
1194,2148,2905,800,439,592,Periaqueductal gray,left
1194,2217,2887,797,455,587,Periaqueductal gray,left
1194,2249,3725,798,472,769,Zona incerta,left
1194,2355,3067,792,491,626,Midbrain,left
1194,2166,2917,799,443,594,Midbrain,left
1194,2345,3080,793,488,629,Midbrain,left
1193,2205,2922,798,453,594,Midbrain,left
1193,2105,2930,802,428,598,Periaqueductal gray,left
1193,2183,2885,799,448,587,Periaqueductal gray,left
1193,2397,3179,791,501,651,Midbrain,left
1193,2210,2904,798,454,591,Midbrain,left
1196,2158,2898,798,442,590,Periaqueductal gray,left
1196,2248,3099,794,466,634,Midbrain,left
1196,2170,2925,798,444,596,Midbrain,left
1196,2342,3058,792,487,625,Midbrain,left
1196,2371,2974,791,493,606,Midbrain,left
1201,2106,3096,798,431,634,Midbrain reticular nucleus,left
1201,2283,3054,792,473,624,Midbrain,left
1201,2186,2895,796,448,589,Periaqueductal gray,left
1201,2419,3235,786,507,663,Midbrain,left
1201,2296,3055,792,476,624,Midbrain,left
1201,2352,3170,789,490,649,Midbrain,left
1201,2399,3134,788,502,641,Midbrain,left
1201,2406,3093,788,502,632,Midbrain,left
1201,2410,3088,788,504,631,Midbrain,left
1197,2085,2952,801,423,602,Midbrain,left
1197,2178,2897,798,447,589,Periaqueductal gray,left
1197,2330,3080,792,485,629,Midbrain,left
1197,2381,3128,790,497,640,Midbrain,left
1197,2101,2895,801,427,590,Periaqueductal gray,left
1197,2125,2955,800,433,603,Midbrain,left
1197,2387,3005,791,497,612,Midbrain,left
1198,2385,3069,790,498,627,Midbrain,left
1198,2227,2885,795,458,587,Periaqueductal gray,left
1198,2151,2857,798,439,581,Periaqueductal gray,left
1198,2171,2933,797,444,598,Midbrain,left
1198,2355,3036,791,490,619,Midbrain,left
1203,2177,2903,794,445,591,Periaqueductal gray,left
1203,2197,3140,792,453,644,Midbrain reticular nucleus,left
1203,1983,3118,800,402,641,Midbrain reticular nucleus,left
1203,2167,2925,795,443,596,Midbrain,left
1203,2152,3277,792,445,673,"Subparafascicular nucleus, parvicellular part",left
1203,2193,2878,793,450,586,Periaqueductal gray,left
1203,2386,3120,787,498,638,Midbrain,left
1199,2235,2894,794,460,589,Midbrain,left
1200,2412,3275,786,505,671,Fields of Forel,left
1200,2179,2931,796,447,597,Midbrain,left
1202,1566,3556,814,305,742,Posterior limiting nucleus of the thalamus,left
1202,2132,2892,797,434,589,Periaqueductal gray,left
1202,2142,3274,794,443,673,"Subparafascicular nucleus, parvicellular part",left
1202,2192,3079,794,451,630,Midbrain reticular nucleus,left
1202,2220,2911,793,456,592,Midbrain,left
1202,2304,3056,791,478,624,Midbrain,left
1202,2315,3111,790,481,636,Midbrain,left
1202,2325,3079,790,483,630,Midbrain,left
1202,2407,3159,787,503,647,Midbrain,left
1202,2496,2092,770,520,415,Zona incerta,right
1202,1975,3116,801,400,640,Midbrain reticular nucleus,left
1202,1998,3118,800,406,641,Midbrain reticular nucleus,left
1202,2030,3133,799,414,644,Midbrain reticular nucleus,left
1202,2169,2889,795,444,588,Periaqueductal gray,left
1202,2281,3128,791,473,641,Midbrain,left
1202,2289,3060,791,475,625,Midbrain,left
1202,2294,2903,791,475,591,Midbrain,left
1202,2298,3035,791,477,620,Midbrain,left
1202,2201,2852,794,451,579,Periaqueductal gray,left
1204,2333,3047,789,485,622,Midbrain,left
1204,2339,3085,788,487,631,Midbrain,left
1204,2198,2920,793,451,595,Midbrain,left
1204,2209,3696,794,463,763,Zona incerta,left
1204,2246,2924,792,462,595,Midbrain,left
1204,2073,3080,797,423,632,Midbrain reticular nucleus,left
1205,2159,3241,792,447,665,Midbrain,left
1205,2319,3031,789,481,618,Midbrain,left
1205,2360,2907,788,490,591,Posterior hypothalamic nucleus,left
1205,2267,2908,791,467,592,Midbrain,left
1206,1679,2394,799,315,489,Midbrain,right
1206,2146,2885,794,438,587,Periaqueductal gray,left
1206,2203,2928,792,453,597,Midbrain,left
1206,1344,3388,816,247,708,Nucleus of the optic tract,left
1206,2166,3231,791,448,663,Midbrain,left
1206,2178,2920,793,446,595,Midbrain,left
1207,2330,3384,785,486,694,Fields of Forel,left
1207,2355,3585,788,496,736,Zona incerta,left
1207,2287,2949,789,472,601,Midbrain,left
1207,2324,3712,788,489,763,Zona incerta,left
1207,2272,2899,789,469,590,Midbrain,left
1208,2224,2887,790,457,587,Periaqueductal gray,left
1208,2427,3209,783,508,658,Midbrain,left
1208,2263,2903,789,467,591,Midbrain,left
1208,2212,2921,791,454,595,Midbrain,left
1209,2266,2934,789,467,598,Midbrain,left
1209,1961,3109,798,396,639,Midbrain reticular nucleus,left
1209,2323,2957,788,482,602,Midbrain,left
1209,2430,3199,783,509,655,Midbrain,left
1209,2451,3171,782,513,649,Midbrain,left
1210,1954,3315,799,399,682,Midbrain reticular nucleus,left
1210,2233,3091,789,462,632,Midbrain,left
1210,2074,3072,795,422,630,Midbrain reticular nucleus,left
1210,2012,2890,797,404,590,Periaqueductal gray,left
1210,2347,2906,786,487,591,Posterior hypothalamic nucleus,left
1211,2078,3085,793,424,633,Midbrain reticular nucleus,left
1211,2248,3464,787,469,711,Fields of Forel,left
1211,2101,3050,793,428,625,Midbrain reticular nucleus,left
1211,2315,2959,786,480,603,Midbrain,left
1211,2058,3072,794,419,630,Midbrain reticular nucleus,left
1211,2328,2903,785,483,591,Posterior hypothalamic nucleus,left
1212,2415,3190,782,505,653,Midbrain,left
1212,2077,2975,794,420,609,Midbrain,left
1212,2322,2934,786,481,597,Midbrain,left
1212,2211,2908,789,454,592,Periaqueductal gray,left
1212,2269,2951,788,468,601,fasciculus retroflexus,left
1212,2275,2923,787,470,595,Midbrain,left
1212,2370,3000,784,493,612,Midbrain,left
1212,2322,2941,786,481,599,Midbrain,left
1215,2033,2994,794,411,614,Midbrain,left
1215,1666,3173,801,325,655,Midbrain,left
1215,2137,2956,790,435,603,Midbrain,left
1215,2342,2949,784,485,601,Midbrain,left
1215,2102,2885,791,426,588,Periaqueductal gray,left
1213,2324,3032,786,482,618,Midbrain,left
1213,2057,2962,795,415,606,Midbrain,left
1213,2266,2918,788,467,594,Midbrain,left
1213,2284,2902,787,472,590,Midbrain,left
1213,2119,2938,793,431,600,Midbrain,left
1213,2125,2924,793,432,597,Periaqueductal gray,left
1216,2085,3039,792,424,623,Midbrain reticular nucleus,left
1216,2270,2911,786,468,592,Midbrain,left
1214,2087,3053,793,424,627,Midbrain reticular nucleus,left
1214,2105,2705,790,427,548,Periaqueductal gray,right
1214,2296,3649,787,482,750,Zona incerta,left
1214,2441,3488,779,513,716,Zona incerta,left
1214,2048,3000,794,414,615,Midbrain,left
1217,1301,3331,812,236,697,Nucleus of the optic tract,left
1217,2231,2901,787,458,590,Periaqueductal gray,left
1217,2322,2921,784,481,594,Posterior hypothalamic nucleus,left
1217,2351,2976,783,488,606,Midbrain,left
1217,2367,3575,783,498,733,Zona incerta,left
1217,2090,3055,792,425,627,Midbrain reticular nucleus,left
1217,2251,2904,786,463,591,Midbrain,left
1217,2087,3005,792,423,616,Midbrain reticular nucleus,left
1217,2195,3104,787,452,636,Midbrain,left
1218,2014,3010,793,406,618,Midbrain reticular nucleus,left
1218,2021,2972,793,406,609,Midbrain,left
1218,2036,3037,792,411,623,Midbrain reticular nucleus,left
1218,2292,2989,784,473,610,Midbrain,left
1218,2295,3001,784,475,612,Midbrain,left
1218,2369,2983,782,493,608,Midbrain,left
1218,2062,2993,792,417,614,Midbrain,left
1218,2079,3074,791,423,631,Midbrain reticular nucleus,left
1218,2089,2947,791,424,602,Midbrain,left
1218,2101,3030,791,427,621,Midbrain reticular nucleus,left
1218,2320,2970,783,481,605,Midbrain,left
1218,2345,2983,783,487,608,Midbrain,left
1219,2263,3662,785,475,753,Zona incerta,left
1219,2064,3098,790,420,637,Midbrain reticular nucleus,left
1219,2263,2954,784,467,602,Midbrain,left
1219,2360,3475,780,494,712,Zona incerta,left
1219,2401,3551,779,505,728,Zona incerta,left
1219,2170,3809,787,453,791,Zona incerta,left
1219,2300,2982,783,476,607,Midbrain,left
1219,2055,2999,791,415,615,Midbrain,left
1219,2318,3043,782,481,622,Midbrain,left
1219,2330,2967,782,483,604,Midbrain,left
1220,2335,3060,782,485,625,Midbrain,left
1220,2042,2960,792,411,606,Midbrain,left
1220,2062,3700,792,428,768,"Medial geniculate complex, medial part",left
1220,2094,3036,790,426,622,Midbrain reticular nucleus,left
1220,2256,3031,784,465,619,Midbrain,left
1220,2333,2925,782,484,595,Posterior hypothalamic nucleus,left
1220,2032,2982,792,409,611,Midbrain,left
1220,2327,2974,782,482,606,Midbrain,left
1220,2332,2984,782,483,608,Midbrain,left
1221,2409,3538,779,507,726,Zona incerta,left
1221,2268,2919,784,468,594,Midbrain,left
1221,2270,3047,784,469,622,Midbrain,left
1221,2013,3005,792,406,617,Midbrain,left
1221,2314,3002,783,479,612,Midbrain,left
1221,2324,2915,782,482,593,Posterior hypothalamic nucleus,left
1221,2326,2976,782,482,606,Midbrain,left
1224,1812,3237,795,361,667,Anterior pretectal nucleus,left
1224,2335,2954,780,484,602,Posterior hypothalamic nucleus,left
1224,2230,3029,783,459,619,Midbrain,left
1224,2274,3048,782,470,623,Midbrain,left
1224,2282,3030,782,471,619,Midbrain,left
1222,2272,2963,783,468,604,Midbrain,left
1222,2056,2990,790,415,613,Midbrain,left
1222,2204,3084,785,454,632,Midbrain,left
1222,2253,3041,783,465,621,Midbrain,left
1222,2324,2978,781,482,607,Midbrain,left
1222,2287,2946,783,472,600,Midbrain,left
1223,2270,2950,782,468,601,Midbrain,left
1223,2281,2939,782,471,599,Midbrain,left
1223,2320,3572,781,487,733,Zona incerta,left
1223,2322,2934,781,480,598,Posterior hypothalamic nucleus,left
1223,2316,3316,778,481,680,Fields of Forel,left
1225,2321,2924,781,480,595,Posterior hypothalamic nucleus,left
1225,1987,2965,791,398,608,Midbrain,left
1225,2045,2952,790,412,604,Midbrain,left
1225,2387,3200,777,497,656,Midbrain,left
1225,1960,3050,791,393,627,Midbrain,left
1225,1964,3078,791,395,634,Midbrain reticular nucleus,left
1225,2004,3031,790,403,623,Midbrain reticular nucleus,left
1225,2068,3135,788,422,645,Midbrain reticular nucleus,left
1225,2270,2939,782,468,599,Midbrain,left
1225,2328,3069,780,484,627,Midbrain,left
1225,2374,3532,778,498,724,Zona incerta,left
1227,2327,2971,779,482,605,Midbrain,left
1227,2382,3558,777,500,730,Zona incerta,left
1227,2442,3458,772,512,710,Zona incerta,left
1227,2473,2426,767,511,487,Midbrain,right
1227,1928,3049,790,385,628,Retroparafascicular nucleus,left
1227,2005,3043,788,403,626,Midbrain reticular nucleus,left
1227,2095,2930,786,424,599,Periaqueductal gray,left
1227,2387,3577,777,502,733,Zona incerta,left
1227,2069,2944,787,418,603,Midbrain,left
1226,2352,2935,779,488,597,Posterior hypothalamic nucleus,left
1226,2046,2835,788,412,578,Periaqueductal gray,left
1226,2224,3081,782,458,631,Midbrain,left
1226,2260,2963,782,466,605,Midbrain,left
1226,1962,3030,790,392,623,Midbrain,left
1230,2323,2941,778,481,599,Posterior hypothalamic nucleus,left
1230,2377,2979,776,494,607,Posterior hypothalamic nucleus,left
1230,1945,3047,788,389,627,Retroparafascicular nucleus,left
1230,1985,3007,788,398,618,Midbrain,left
1230,2336,2963,778,484,604,Midbrain,left
1230,2011,2981,788,403,612,Midbrain,left
1230,2244,2912,780,462,593,Midbrain,left
1230,2251,3088,779,464,633,Midbrain,left
1230,2368,2976,777,492,606,Posterior hypothalamic nucleus,left
1230,1930,3045,789,385,627,Retroparafascicular nucleus,left
1228,2120,2887,785,431,588,Periaqueductal gray,left
1228,2255,3028,781,465,619,Midbrain,left
1228,2269,3024,780,468,618,Midbrain,left
1228,2271,2935,780,468,598,Midbrain,left
1228,2321,2998,779,480,612,Midbrain,left
1228,2351,2942,778,488,599,Posterior hypothalamic nucleus,left
1228,1292,3157,806,232,658,Nucleus of the optic tract,left
1228,2263,3001,781,467,612,Midbrain,left
1228,2420,3471,773,507,712,Zona incerta,left
1229,2249,2954,781,463,602,Midbrain,left
1229,2171,3552,783,451,730,Fields of Forel,left
1229,2334,2924,778,484,595,Posterior hypothalamic nucleus,left
1229,2339,3005,778,485,613,Midbrain,left
1229,2331,2954,779,483,602,Posterior hypothalamic nucleus,left
1231,2326,2994,777,481,611,Midbrain,left
1231,2336,2986,777,484,609,Midbrain,left
1231,2376,3277,773,495,672,Fields of Forel,left
1231,2190,3132,780,451,642,Midbrain,left
1232,1927,3063,788,384,631,Retroparafascicular nucleus,left
1232,2257,2950,779,464,601,Midbrain,left
1232,2364,2967,776,491,604,Posterior hypothalamic nucleus,left
1232,2222,2936,780,455,598,Midbrain,left
1232,2250,2971,779,463,606,Midbrain,left
1233,2382,3056,775,495,624,Midbrain,left
1233,2293,2973,778,474,607,Midbrain,left
1233,1999,2986,787,401,613,Midbrain,left
1233,2157,2921,782,439,596,Midbrain,left
1233,2326,3049,777,482,623,Midbrain,left
1233,2336,2973,777,484,606,Midbrain,left
1233,1923,3096,788,385,637,Midbrain reticular nucleus,left
1235,2007,3003,785,402,618,Midbrain,left
1235,1993,3063,785,401,631,Midbrain reticular nucleus,left
1235,2233,3050,778,460,624,Midbrain,left
1235,2343,2982,775,486,607,Midbrain,left
1235,2297,3004,776,474,613,Midbrain,left
1238,2007,2985,784,402,613,Midbrain,left
1238,2402,3514,770,503,721,Zona incerta,left
1238,2248,3007,776,463,614,Midbrain,left
1238,2453,3429,767,514,704,Zona incerta,left
1238,2036,2991,783,409,614,Midbrain,left
1234,2245,3048,778,462,624,Midbrain,left
1234,2350,2974,775,487,606,Posterior hypothalamic nucleus,left
1234,2381,3529,773,499,724,Zona incerta,left
1234,2413,3012,773,503,613,Midbrain,left
1234,2423,3502,771,509,718,Zona incerta,left
1234,1919,3051,787,383,628,Retroparafascicular nucleus,left
1234,2253,2998,778,464,612,Midbrain,left
1234,2457,3468,769,515,712,Zona incerta,left
1234,2467,3463,768,518,711,Zona incerta,left
1234,2318,2920,776,480,594,Posterior hypothalamic nucleus,left
1234,2322,3624,776,487,744,Zona incerta,left
1237,2356,3533,773,493,725,Zona incerta,left
1237,2433,3500,769,511,718,Zona incerta,left
1237,2307,2990,776,476,610,Midbrain,left
1237,2339,2937,775,485,598,Posterior hypothalamic nucleus,left
1237,2360,3605,774,496,740,Zona incerta,left
1237,2381,3502,772,498,718,Zona incerta,left
1236,1851,3142,787,368,647,Midbrain reticular nucleus,left
1236,2333,3038,775,484,621,Midbrain,left
1236,1920,3068,786,383,632,Retroparafascicular nucleus,left
1236,2309,3023,775,478,618,Midbrain,left
1236,2337,2924,775,484,596,Posterior hypothalamic nucleus,left
1239,2147,2914,778,436,595,Periaqueductal gray,left
1239,2275,2960,775,469,604,Midbrain,left
1239,2364,2998,772,491,612,Midbrain,left
1239,1976,2984,783,394,614,Midbrain,left
1241,2023,2878,782,406,589,Periaqueductal gray,left
1241,2247,2966,776,461,605,Midbrain,left
1241,2257,3123,774,466,640,Midbrain,left
1240,1989,2894,783,397,593,Periaqueductal gray,left
1240,2366,3539,771,496,726,Zona incerta,left
1240,2054,2894,781,414,592,Periaqueductal gray,left
1243,2407,3503,767,504,719,Zona incerta,left
1243,1989,3011,781,398,619,Midbrain,left
1243,2307,2970,772,476,606,Midbrain,left
1247,2234,3040,772,459,622,Midbrain,left
1247,2193,3073,773,450,630,Midbrain,left
1247,2305,3050,770,476,623,Midbrain,left
1247,2323,2982,770,481,608,Midbrain,left
1242,2243,2939,775,461,599,Midbrain,left
1244,2257,3013,773,464,616,Midbrain,left
1244,2286,3001,773,471,612,Midbrain,left
1244,2365,2977,770,491,606,Posterior hypothalamic nucleus,left
1244,2411,3516,767,505,721,Zona incerta,left
1244,2280,2966,773,470,605,Midbrain,left
1246,2267,3580,772,473,736,Zona incerta,left
1245,2298,2940,772,475,599,Midbrain,left
1249,2281,2993,771,470,611,Midbrain,left
1249,2239,3724,770,469,769,Zona incerta,left
1248,2243,3045,772,462,623,Midbrain,left
1248,2363,3504,767,495,719,Zona incerta,left
1248,2414,3018,767,502,616,Midbrain,left
1248,2267,3066,771,467,627,Midbrain,left
1250,2189,3100,772,449,636,Midbrain,left
1250,2222,3053,771,455,625,Midbrain,left
1250,2278,2985,770,470,609,Midbrain,left
1250,2294,3509,768,478,720,Zona incerta,left
1250,2313,2947,769,478,600,Midbrain,left
1250,2396,2997,767,497,610,Posterior hypothalamic nucleus,left
1251,2208,3108,770,454,638,Midbrain,left
1251,2321,3001,768,479,612,Midbrain,left
1252,2424,3479,762,508,714,Zona incerta,left
1252,2381,3014,766,494,615,Midbrain,left
1252,2405,3511,763,504,720,Zona incerta,left
1253,2243,2963,770,461,605,Midbrain,left
1253,2292,3005,769,472,614,Midbrain,left
1253,2429,3379,762,507,693,Fields of Forel,left
1253,2469,3440,760,518,706,Zona incerta,left
1255,2317,3051,766,478,623,Midbrain,left
1256,2282,3549,766,476,729,Zona incerta,left
1256,2325,3005,766,480,613,Midbrain,left
1256,2280,3055,767,470,625,Midbrain,left
1257,2325,3528,765,486,724,Zona incerta,left
1257,2193,3143,768,451,646,Midbrain,left
1257,2311,3500,765,481,718,Zona incerta,left
1257,2461,3426,759,515,703,Zona incerta,left
1258,2244,3049,767,461,624,Midbrain,left
1258,2364,3010,764,490,614,Midbrain,left
1258,2283,3192,765,473,655,Midbrain,left
1258,2304,2996,765,475,611,"Subparafascicular nucleus, magnocellular part",left
1259,2398,3448,760,501,708,Zona incerta,left
1260,2475,3464,756,519,711,Zona incerta,left
1261,2228,3085,766,458,632,Midbrain,left
1261,2307,3554,763,481,730,Zona incerta,left
1261,2361,3504,761,493,719,Zona incerta,left
1264,2413,3459,757,505,710,Zona incerta,left
1265,2309,3523,761,482,723,Zona incerta,left
1268,2226,3120,762,457,640,Thalamus,left
1269,2350,3484,758,490,715,Zona incerta,left
1271,2447,3362,752,510,690,Zona incerta,left
1274,1743,3095,771,338,639,Midbrain,left
1273,2455,3386,752,513,695,Zona incerta,left
1273,2274,3609,758,475,742,Zona incerta,left
1275,2279,3603,756,476,741,Zona incerta,left
1275,2360,3471,754,492,712,Zona incerta,left
1276,1793,3247,771,354,671,Midbrain,left
1276,2314,3026,756,477,618,"Subparafascicular nucleus, magnocellular part",left
1277,2413,3391,752,503,696,Zona incerta,left
1278,2388,3474,752,499,713,Zona incerta,left
1281,2376,3510,752,496,720,Zona incerta,left
1280,2411,3496,750,504,717,Zona incerta,left
1288,2394,3368,748,498,692,Fields of Forel,left
1289,2849,3280,731,608,669,Lateral hypothalamic area,left
1293,2485,3262,743,518,669,Hypothalamus,left
1298,2303,3552,745,480,729,Zona incerta,left
1298,2829,3489,729,605,712,Lateral hypothalamic area,left
1297,2295,3560,746,478,731,Zona incerta,left
1301,1666,3281,764,322,680,Anterior pretectal nucleus,left
1306,2375,3390,740,493,696,Ventral medial nucleus of the thalamus,left
1309,2407,3337,739,499,685,Ventral medial nucleus of the thalamus,left
1311,2465,3273,735,512,672,Ventral medial nucleus of the thalamus,left
1313,2495,3254,734,519,668,Ventral medial nucleus of the thalamus,left
1314,2354,3408,738,489,700,Ventral medial nucleus of the thalamus,left
1315,2440,3268,734,506,671,Ventral medial nucleus of the thalamus,left
1319,2495,3197,730,518,655,Ventral medial nucleus of the thalamus,left
1320,2480,3219,730,515,661,Ventral medial nucleus of the thalamus,left
1324,2848,2357,708,597,468,Lateral hypothalamic area,right
1327,2475,3227,727,513,662,Ventral medial nucleus of the thalamus,left
1330,2870,2748,710,608,552,Dorsomedial nucleus of the hypothalamus,right
1332,2606,3308,720,545,679,Hypothalamus,left
1333,2493,3238,724,518,665,Ventral medial nucleus of the thalamus,left
1334,2464,3415,725,514,702,Zona incerta,left
1336,2470,3403,724,515,700,Zona incerta,left
1335,2775,2995,711,586,610,Posterior hypothalamic nucleus,left
1353,2536,3294,714,527,677,Zona incerta,left
1338,2416,3301,725,500,678,Ventral medial nucleus of the thalamus,left
1343,2519,3281,718,524,674,Zona incerta,left
1343,2535,3453,717,530,709,Zona incerta,left
1344,2473,3288,720,514,676,Ventral medial nucleus of the thalamus,left
1346,2470,3343,720,513,688,Ventral medial nucleus of the thalamus,left
1346,2825,3543,708,601,722,Lateral hypothalamic area,left
1349,2443,3306,720,507,679,Ventral medial nucleus of the thalamus,left
1352,2526,3202,714,524,657,Ventral medial nucleus of the thalamus,left
1355,3309,3115,694,713,630,Tuberal nucleus,left
1373,2473,3325,708,513,684,Ventral medial nucleus of the thalamus,left
1390,2550,3511,694,532,720,Zona incerta,left
1393,2601,3317,692,540,680,Zona incerta,left
1393,2593,3329,692,539,683,Zona incerta,left
1396,2559,3442,692,533,706,Zona incerta,left
1414,2533,3853,683,532,793,"Globus pallidus, internal segment",left
1437,1720,802,672,309,153,"Supplemental somatosensory area, layer 5",right
1459,2618,3425,659,542,702,Lateral hypothalamic area,left
1467,2669,3831,650,560,786,Substantia innominata,left
1469,2662,3838,650,558,788,Substantia innominata,left
1540,1791,4723,649,345,983,"Supplemental somatosensory area, layer 5",left
1542,2800,3918,615,588,801,"Central amygdalar nucleus, medial part",left
1546,2794,3921,614,587,801,"Central amygdalar nucleus, medial part",left
1566,2604,3910,610,537,798,"Globus pallidus, external segment",left
1569,2596,3914,609,535,800,"Globus pallidus, external segment",left
1587,2097,4751,619,424,989,"Supplemental somatosensory area, layer 5",left
1608,1021,3954,625,172,819,"Primary somatosensory area, unassigned, layer 5",left
1610,852,3378,628,126,710,"Primary somatosensory area, lower limb, layer 5",left
1612,838,3382,627,123,710,"Primary somatosensory area, lower limb, layer 5",left
1613,830,3383,627,121,711,"Primary somatosensory area, lower limb, layer 5",left
1626,2672,3633,585,551,744,Substantia innominata,left
1634,893,3437,616,139,722,"Primary somatosensory area, lower limb, layer 5",left
1636,881,3440,615,134,723,"Primary somatosensory area, lower limb, layer 5",left
1639,2280,4767,589,472,993,"Visceral area, layer 5",left
1651,1796,4657,595,340,966,"Supplemental somatosensory area, layer 5",left
1649,2049,4483,584,402,934,"corpus callosum, body",left
1657,1771,4623,594,333,959,"Supplemental somatosensory area, layer 6a",left
1677,971,3413,593,155,718,"Primary somatosensory area, lower limb, layer 6a",left
1689,994,3563,588,163,748,"Primary somatosensory area, lower limb, layer 5",left
1691,982,3564,586,159,748,"Primary somatosensory area, lower limb, layer 5",left
1692,974,3565,587,157,748,"Primary somatosensory area, lower limb, layer 5",left
1693,976,3414,585,155,718,"Primary somatosensory area, lower limb, layer 5",left
1748,1052,3453,557,170,726,"Primary motor area, Layer 5",left
1752,3068,3277,515,647,666,Lateral preoptic area,left
1750,1045,3456,556,169,726,"Primary motor area, Layer 5",left
1753,1031,3460,556,165,727,"Primary motor area, Layer 5",left
1758,1064,3539,553,174,743,"Primary somatosensory area, lower limb, layer 5",left
1758,1040,3597,555,168,753,"Primary somatosensory area, lower limb, layer 5",left
1755,1022,3573,557,163,750,"Primary somatosensory area, lower limb, layer 5",left
1755,1024,3461,555,163,727,"Primary motor area, Layer 5",left
1757,1015,3463,555,161,728,"Primary motor area, Layer 5",left
1756,1019,3462,555,162,727,"Primary motor area, Layer 5",left
1762,1045,3543,553,169,744,"Primary somatosensory area, lower limb, layer 5",left
1762,995,3462,554,155,727,"Primary motor area, Layer 5",left
1764,949,3333,554,142,702,"Primary motor area, Layer 5",left
1764,992,3463,553,154,728,"Primary motor area, Layer 5",left
1772,984,3550,551,152,745,"Primary somatosensory area, lower limb, layer 5",left
1776,1183,3789,546,202,789,"Primary somatosensory area, upper limb, layer 6a",left
1777,996,3436,548,154,722,"Primary motor area, Layer 5",left
1780,985,3508,548,151,737,"Primary motor area, Layer 5",left
1778,997,3509,548,154,737,"Primary motor area, Layer 5",left
1782,974,3510,547,148,737,"Primary motor area, Layer 5",left
1788,1110,3660,542,183,765,"Primary somatosensory area, upper limb, layer 5",left
1795,1085,3636,539,176,760,"Primary somatosensory area, lower limb, layer 5",left
1792,1098,3665,541,180,766,"Primary somatosensory area, upper limb, layer 5",left
1797,1124,3397,534,184,713,"Primary motor area, Layer 6a",left
1801,1124,3529,534,186,740,"Primary motor area, Layer 5",left
1801,1108,3632,536,182,759,"Primary somatosensory area, lower limb, layer 5",left
1801,1114,3398,533,181,714,"Primary motor area, Layer 6a",left
1809,1126,3599,532,185,753,"Primary motor area, Layer 5",left
1808,1185,3429,528,198,719,"Primary motor area, Layer 6a",left
1805,1114,3532,533,183,739,"Primary motor area, Layer 5",left
1810,1195,3742,531,201,779,"Primary somatosensory area, upper limb, layer 5",left
1810,1124,3480,530,184,729,"Primary motor area, Layer 6a",left
1810,1172,3429,528,194,719,"Primary motor area, Layer 6a",left
1812,1178,3672,530,198,766,"Primary somatosensory area, upper limb, layer 6a",left
1812,1186,3746,531,199,780,"Primary somatosensory area, upper limb, layer 5",left
1813,1302,4016,531,218,831,"Primary somatosensory area, upper limb, layer 5",left
1818,1249,3754,527,214,781,"Primary somatosensory area, upper limb, layer 6a",left
1819,1239,3758,526,211,782,"Primary somatosensory area, upper limb, layer 6a",left
1819,1115,3443,527,180,722,"Primary motor area, Layer 5",left
1821,1205,3621,525,204,756,"Primary motor area, Layer 6a",left
1821,1142,3768,530,185,785,"Primary somatosensory area, upper limb, layer 5",left
1827,1029,3453,528,158,724,"Primary motor area, Layer 5",left
1830,1005,3453,528,152,724,"Primary motor area, Layer 5",left
1835,1230,3440,516,205,720,"Primary motor area, Layer 6a",left
1835,2005,4526,492,389,940,"Supplemental somatosensory area, layer 5",left
1835,978,3454,527,145,724,"Primary motor area, Layer 5",left
1833,996,3452,528,149,723,"Primary motor area, Layer 5",left
1837,1201,3516,518,200,735,"Primary motor area, Layer 6a",left
1844,1168,3428,516,190,718,"Primary motor area, Layer 6a",left
1848,1244,3801,516,209,789,"Primary somatosensory area, upper limb, layer 5",left
1848,1293,3916,516,217,811,"Primary somatosensory area, upper limb, layer 5",left
1852,1470,1454,495,236,296,"Primary somatosensory area, mouth, layer 5",right
1850,1170,3454,514,190,723,"Primary motor area, Layer 6a",left
1854,1462,1450,494,233,294,"Primary somatosensory area, upper limb, layer 5",right
1860,1224,3681,510,204,766,"Primary motor area, Layer 5",left
1868,1256,3683,506,210,766,"Primary motor area, Layer 6a",left
1868,1246,3815,508,206,791,"Primary somatosensory area, upper limb, layer 5",left
1869,1310,3918,507,219,811,"Primary somatosensory area, upper limb, layer 5",left
1870,1245,3686,505,208,766,"Primary motor area, Layer 5",left
1875,1306,3785,502,221,785,"Primary somatosensory area, upper limb, layer 6a",left
1874,1229,3691,505,203,767,"Primary motor area, Layer 5",left
1879,1269,3652,500,213,759,"Primary motor area, Layer 6a",left
1894,1246,3843,498,203,796,"Primary somatosensory area, upper limb, layer 5",left
1882,1065,3451,507,161,721,"Primary motor area, Layer 5",left
1885,1052,3456,507,157,722,"Primary motor area, Layer 5",left
1888,1267,3830,500,209,793,"Primary somatosensory area, upper limb, layer 5",left
1888,1389,4003,495,233,829,"Primary somatosensory area, upper limb, layer 5",left
1890,1258,3740,498,209,776,"Primary motor area, Layer 5",left
1891,1039,3465,505,154,724,"Primary motor area, Layer 5",left
1891,1382,4010,494,231,830,"Primary somatosensory area, upper limb, layer 5",left
1896,1295,3927,496,213,812,"Primary somatosensory area, upper limb, layer 5",left
1899,1254,3632,493,207,755,"Primary motor area, Layer 5",left
1904,1262,3519,490,206,733,"Primary motor area, Layer 6a",left
1907,1249,3523,489,204,734,"Primary motor area, Layer 6a",left
1908,1217,3645,491,196,758,"Primary motor area, Layer 5",left
1910,1295,3589,487,215,746,"Primary motor area, Layer 6a",left
1912,1331,3888,487,221,805,"Primary somatosensory area, upper limb, layer 5",left
1915,1229,3684,488,199,765,"Primary motor area, Layer 5",left
1913,1322,3892,488,219,805,"Primary somatosensory area, upper limb, layer 5",left
1917,1218,3654,488,196,759,"Primary motor area, Layer 5",left
1917,1395,4025,483,232,834,"Primary somatosensory area, upper limb, layer 5",left
1918,1364,3898,483,229,807,"Primary somatosensory area, upper limb, layer 5",left
1923,1321,3808,482,220,789,"Primary motor area, Layer 5",left
1923,1380,3628,478,235,752,"Primary motor area, Layer 6a",left
1944,1348,3904,473,223,808,"Primary somatosensory area, upper limb, layer 5",left
1928,1207,3477,483,190,724,"Primary motor area, Layer 5",left
1932,2147,4386,444,422,912,"Gustatory areas, layer 5",left
1936,1353,3461,474,225,720,"Primary motor area, Layer 6a",left
1940,2303,1134,440,434,218,"Gustatory areas, layer 5",right
1945,1560,1509,454,253,311,"Primary motor area, Layer 5",right
1949,1355,3784,470,227,783,"Primary motor area, Layer 5",left
1972,1339,3787,460,222,784,"Primary motor area, Layer 5",left
1972,1258,3453,463,199,720,"Primary motor area, Layer 5",left
1978,1229,3460,461,191,721,"Primary motor area, Layer 5",left
1985,1996,1272,424,357,248,"Primary somatosensory area, mouth, layer 5",right
1989,2158,1248,418,398,244,"Primary somatosensory area, mouth, layer 5",right
1994,2158,1230,417,398,239,"Primary somatosensory area, mouth, layer 5",right
1992,2159,1237,417,398,240,"Primary somatosensory area, mouth, layer 5",right
1995,2158,1225,416,397,238,"Primary somatosensory area, mouth, layer 5",right
1997,2157,1218,417,396,237,"Primary somatosensory area, mouth, layer 5",right
2005,1449,3493,439,243,724,"Primary motor area, Layer 6a",left
2013,1312,3575,442,211,743,"Primary motor area, Layer 5",left
2021,1491,3933,431,254,818,"Primary motor area, Layer 5",left
2038,1472,3963,424,249,825,"Primary motor area, Layer 5",left
2044,1400,1857,415,214,400,"Primary motor area, Layer 5",right
2049,1392,1854,413,212,400,"Primary motor area, Layer 5",right
2049,1447,3988,421,242,831,"Primary motor area, Layer 5",left
2058,1928,4161,396,363,872,"Primary motor area, Layer 5",left
2080,1644,3935,395,291,821,"Primary motor area, Layer 6a",left
2082,1588,3745,394,277,778,"Primary motor area, Layer 6a",left
2087,1667,4055,393,297,849,"Primary motor area, Layer 5",left
2083,1638,3945,394,290,824,"Primary motor area, Layer 5",left
2088,1545,3917,396,267,817,"Primary motor area, Layer 5",left
2098,1634,3593,381,284,746,"Secondary motor area, layer 6a",left
2115,1715,1608,366,281,336,"Primary motor area, Layer 5",right
2120,2146,4015,363,410,840,"Agranular insular area, dorsal part, layer 5",left
2120,1711,1602,365,280,334,"Primary motor area, Layer 5",right
2122,1707,1596,364,279,333,"Primary motor area, Layer 5",right
2125,1337,3270,379,204,688,"Secondary motor area, layer 5",left
2139,2384,2961,344,459,619,Dorsal peduncular area,left
2161,2310,3218,337,442,671,"Orbital area, ventrolateral part, layer 2/3",left
2164,1401,3392,357,220,712,"Secondary motor area, layer 5",left
2162,2306,3074,336,440,643,"Orbital area, ventrolateral part, layer 5",left
2199,1903,1639,322,325,338,"Secondary motor area, layer 5",right
2202,1661,3718,335,284,782,"Secondary motor area, layer 5",left
2209,1379,3278,334,211,691,"Secondary motor area, layer 5",left
2213,1686,1831,322,272,386,"Secondary motor area, layer 5",right
2226,1648,1924,316,266,408,"Secondary motor area, layer 5",right
2230,1416,3301,323,220,696,"Secondary motor area, layer 5",left
2234,2014,3022,301,358,633,"Orbital area, medial part, layer 5",left
2253,1823,3656,308,317,770,"Secondary motor area, layer 6a",left
2268,2225,2564,276,400,533,"Orbital area, ventrolateral part, layer 2/3",right
2289,1493,3193,289,234,677,"Secondary motor area, layer 5",left
2298,1478,3112,283,228,661,"Secondary motor area, layer 5",left
2316,1649,3464,280,268,735,"Secondary motor area, layer 5",left
2414,1514,1771,249,224,354,"Secondary motor area, layer 1",right
