coordinate_raw_axis_0,coordinate_raw_axis_1,coordinate_raw_axis_2,coordinate_atlas_axis_0,coordinate_atlas_axis_1,coordinate_atlas_axis_2,structure_name,hemisphere
10,1908,3017,1246,488,695,External cuneate nucleus,left
10,1927,3105,1245,491,714,External cuneate nucleus,left
10,1973,2832,1247,503,651,Parasolitary nucleus,left
10,2035,1922,1249,515,458,Cuneate nucleus,right
10,2409,1761,1235,609,425,Parvicellular reticular nucleus,right
10,2576,2463,1237,648,572,Nucleus raphe obscurus,left
10,1894,3037,1246,485,700,External cuneate nucleus,left
10,1986,2894,1247,505,666,Cuneate nucleus,left
10,2014,2884,1246,512,663,Parasolitary nucleus,left
10,2045,1955,1249,518,465,Parasolitary nucleus,right
10,2460,2253,1240,621,531,"Medullary reticular nucleus, ventral part",right
10,2874,1936,1228,721,455,"Lateral reticular nucleus, magnocellular part",right
10,2935,2951,1227,729,673,Medulla,left
10,2129,3309,1240,541,755,"Spinal nucleus of the trigeminal, interpolar part",left
15,1911,3079,1243,488,709,External cuneate nucleus,left
15,1933,3143,1242,493,722,External cuneate nucleus,left
15,2824,3103,1224,707,707,"Lateral reticular nucleus, magnocellular part",left
15,2342,1961,1235,591,467,Parvicellular reticular nucleus,right
15,2344,2324,1241,593,544,Nucleus of Roller,right
15,2721,1977,1228,685,467,"Lateral reticular nucleus, magnocellular part",right
15,2144,3131,1237,542,714,"Spinal nucleus of the trigeminal, interpolar part",left
11,1883,2998,1245,482,693,External cuneate nucleus,left
11,2591,2475,1236,652,573,crossed tectospinal pathway,left
11,1926,2046,1251,490,484,Cuneate nucleus,right
11,2035,1460,1254,514,357,Medulla,right
11,2134,3326,1239,542,758,"Spinal nucleus of the trigeminal, interpolar part",left
11,2270,3208,1236,574,731,"Spinal nucleus of the trigeminal, interpolar part",left
11,2573,3205,1231,647,730,Parvicellular reticular nucleus,left
11,2911,2825,1228,723,645,Medulla,left
11,2376,1631,1236,601,399,Parvicellular reticular nucleus,right
11,2769,3080,1227,694,701,"Lateral reticular nucleus, magnocellular part",left
12,2745,3099,1227,689,706,Intermediate reticular nucleus,left
12,1989,1892,1251,505,451,Cuneate nucleus,right
12,2359,3097,1234,596,704,Parvicellular reticular nucleus,left
12,2588,2986,1230,652,678,Intermediate reticular nucleus,left
12,2780,2864,1229,694,651,Medulla,left
12,2065,1999,1247,522,474,Nucleus of the solitary tract,right
13,1864,3056,1245,478,705,External cuneate nucleus,left
13,2769,3224,1229,694,736,"Lateral reticular nucleus, magnocellular part",left
13,1949,2900,1246,497,668,Cuneate nucleus,left
13,1981,2963,1245,503,681,Cuneate nucleus,left
13,2045,2986,1243,518,684,Medulla,left
13,2076,1786,1248,526,429,"Spinal nucleus of the trigeminal, interpolar part",right
13,2452,1741,1233,618,420,Parvicellular reticular nucleus,right
13,2705,3075,1228,680,700,Medulla,left
13,2021,2965,1244,513,680,Cuneate nucleus,left
13,2517,3159,1231,633,719,Parvicellular reticular nucleus,left
14,2119,1929,1244,536,460,Nucleus of the solitary tract,right
14,1990,2927,1244,506,672,Cuneate nucleus,left
14,2682,3251,1229,672,741,Parvicellular reticular nucleus,left
14,2839,2559,1229,707,586,Inferior olivary complex,left
14,2895,2892,1227,720,659,Medulla,left
14,2908,3132,1225,725,715,Medulla,left
16,1970,2829,1244,502,651,Parasolitary nucleus,left
16,2463,2093,1234,622,497,Intermediate reticular nucleus,right
16,2015,3018,1242,511,693,Cuneate nucleus,left
17,2662,2063,1229,669,488,"Lateral reticular nucleus, magnocellular part",right
17,2760,2920,1227,690,663,"Lateral reticular nucleus, magnocellular part",left
17,1880,2949,1244,481,682,External cuneate nucleus,left
17,1985,2931,1243,505,673,Cuneate nucleus,left
17,1992,2873,1244,506,661,Parasolitary nucleus,left
17,2013,2902,1243,512,666,Parasolitary nucleus,left
17,2723,2515,1230,681,578,Inferior olivary complex,left
17,2723,2525,1231,681,580,Inferior olivary complex,left
17,1857,3170,1243,477,730,External cuneate nucleus,left
17,1923,2041,1249,490,483,Cuneate nucleus,right
17,2012,3013,1242,510,692,Cuneate nucleus,left
17,2065,1668,1249,524,404,"Spinal nucleus of the trigeminal, interpolar part",right
17,2329,1660,1235,590,406,"Spinal nucleus of the trigeminal, interpolar part",right
19,2757,3259,1225,690,744,"Lateral reticular nucleus, magnocellular part",left
19,1854,3093,1242,476,714,External cuneate nucleus,left
19,2169,1870,1239,548,448,Medulla,right
19,2806,3111,1223,703,708,"Lateral reticular nucleus, magnocellular part",left
19,2040,2923,1240,517,671,Parasolitary nucleus,left
18,2806,2490,1227,699,571,Nucleus raphe pallidus,left
18,2742,2059,1227,688,485,"Lateral reticular nucleus, magnocellular part",right
18,1839,2985,1243,473,691,External cuneate nucleus,left
18,2575,3217,1228,647,732,Parvicellular reticular nucleus,left
18,2686,3256,1227,673,742,Parvicellular reticular nucleus,left
18,2699,3173,1225,678,723,"Lateral reticular nucleus, magnocellular part",left
18,2804,2543,1228,698,583,Inferior olivary complex,left
18,2816,2550,1228,701,584,Inferior olivary complex,left
18,1962,2972,1242,499,683,Cuneate nucleus,left
18,1974,2122,1247,501,499,Parasolitary nucleus,right
18,1997,1920,1247,505,458,Cuneate nucleus,right
20,2768,3220,1224,694,734,"Lateral reticular nucleus, magnocellular part",left
20,2681,2517,1230,671,579,Inferior olivary complex,left
20,2745,3280,1226,688,748,"Lateral reticular nucleus, magnocellular part",left
20,2882,2822,1225,716,643,Medulla,left
20,1945,1931,1248,493,460,Cuneate nucleus,right
20,2304,3256,1231,582,740,"Spinal nucleus of the trigeminal, interpolar part",left
20,2375,2241,1237,600,527,"Medullary reticular nucleus, ventral part",right
20,2386,1735,1230,602,420,Parvicellular reticular nucleus,right
20,2766,2103,1225,692,494,Medulla,right
20,2841,2806,1225,707,639,Medulla,left
20,2880,2708,1226,715,619,Inferior olivary complex,left
21,2236,3324,1233,566,757,"Spinal nucleus of the trigeminal, interpolar part",left
21,2586,2479,1232,650,574,crossed tectospinal pathway,left
21,2669,2118,1228,670,500,Gigantocellular reticular nucleus,right
21,2689,1895,1226,679,449,Intermediate reticular nucleus,right
21,2701,2524,1229,675,580,Inferior olivary complex,left
21,1979,2901,1242,503,666,Cuneate nucleus,left
21,1990,2962,1241,505,680,Cuneate nucleus,left
21,2033,2931,1240,516,672,Parasolitary nucleus,left
21,2217,1868,1237,559,448,Parvicellular reticular nucleus,right
21,2732,2521,1229,682,579,Inferior olivary complex,left
21,2838,3029,1223,709,689,"Lateral reticular nucleus, magnocellular part",left
21,2946,2935,1223,731,669,Medulla,left
21,1944,2054,1246,494,486,Cuneate nucleus,right
21,1957,2112,1246,496,497,Parasolitary nucleus,right
21,1965,2011,1246,498,476,Cuneate nucleus,right
21,2914,2900,1223,724,661,Medulla,left
23,2551,2362,1231,642,552,Medulla,right
23,2623,2475,1229,659,572,Medulla,left
23,2013,2903,1239,511,667,Parasolitary nucleus,left
23,2311,3371,1231,584,766,"Spinal nucleus of the trigeminal, interpolar part",left
23,2764,2562,1226,689,586,Inferior olivary complex,left
23,2815,2571,1225,700,588,Inferior olivary complex,left
23,2477,1638,1228,624,399,Parvicellular reticular nucleus,right
22,2628,1944,1226,664,461,Intermediate reticular nucleus,right
22,2919,2922,1222,726,666,Medulla,left
22,1866,2982,1241,478,689,External cuneate nucleus,left
22,1958,2955,1240,498,680,Cuneate nucleus,left
22,1967,2921,1240,500,671,Cuneate nucleus,left
22,1988,1966,1245,504,467,Cuneate nucleus,right
22,2025,2973,1239,513,682,Cuneate nucleus,left
22,2723,2483,1227,681,572,Inferior olivary complex,left
22,2735,3081,1222,687,701,"Paragigantocellular reticular nucleus, lateral part",left
22,2771,3083,1222,695,702,"Lateral reticular nucleus, magnocellular part",left
22,2810,2554,1226,699,585,Inferior olivary complex,left
24,1867,3085,1240,478,712,External cuneate nucleus,left
24,2840,2548,1224,706,583,Inferior olivary complex,left
25,2741,2520,1226,684,578,Inferior olivary complex,left
25,1866,3166,1239,478,728,External cuneate nucleus,left
25,1890,3089,1239,483,712,External cuneate nucleus,left
25,1975,2901,1240,502,666,Cuneate nucleus,left
25,2001,2881,1240,508,661,Parasolitary nucleus,left
25,2011,2929,1239,510,672,Parasolitary nucleus,left
25,2022,2908,1239,512,668,Parasolitary nucleus,left
25,2432,3187,1226,612,724,Parvicellular reticular nucleus,left
25,2767,3229,1222,693,737,"Lateral reticular nucleus, magnocellular part",left
25,2885,3079,1220,720,702,Medulla,left
25,3005,2906,1220,745,664,Medulla,left
25,2663,3199,1223,670,729,Parvicellular reticular nucleus,left
25,2842,3113,1220,710,710,"Paragigantocellular reticular nucleus, lateral part",left
25,2876,2894,1222,715,659,Medulla,left
27,1832,3139,1238,471,724,External cuneate nucleus,left
27,1918,3083,1237,489,710,External cuneate nucleus,left
27,2031,2937,1237,514,673,Parasolitary nucleus,left
27,2630,2478,1227,660,573,Medulla,left
27,2737,2529,1225,682,580,Inferior olivary complex,left
27,1967,2922,1238,499,671,Cuneate nucleus,left
27,1978,3006,1237,502,690,Cuneate nucleus,left
27,1991,2911,1237,505,668,Parasolitary nucleus,left
27,2006,2904,1237,508,667,Parasolitary nucleus,left
27,2023,2966,1236,513,680,Parasolitary nucleus,left
27,2072,2248,1242,522,524,Dorsal motor nucleus of the vagus nerve,right
27,1973,1922,1243,500,457,Cuneate nucleus,right
27,2914,2920,1219,724,665,Medulla,left
26,2024,2940,1237,513,674,Parasolitary nucleus,left
26,2812,2541,1224,699,581,Inferior olivary complex,left
26,2033,2955,1237,515,677,Parasolitary nucleus,left
26,2514,1556,1229,634,381,"Spinal nucleus of the trigeminal, interpolar part",right
26,2732,2553,1226,681,585,Inferior olivary complex,left
26,2877,2835,1222,715,646,Medulla,left
26,2704,3479,1233,675,793,spinal tract of the trigeminal nerve,left
28,2732,2509,1225,682,576,Inferior olivary complex,left
28,1855,3115,1238,476,718,External cuneate nucleus,left
28,1925,3056,1237,490,703,External cuneate nucleus,left
28,1958,2850,1238,499,656,Parasolitary nucleus,left
28,2014,2915,1237,511,669,Parasolitary nucleus,left
28,2224,1778,1233,562,429,"Spinal nucleus of the trigeminal, interpolar part",right
28,2774,2851,1222,693,647,Medulla,left
28,2946,2743,1220,731,627,Medulla,left
29,2401,3375,1229,605,765,"Spinal nucleus of the trigeminal, interpolar part",left
29,2425,1357,1239,611,337,"Spinal nucleus of the trigeminal, interpolar part",right
29,1888,3041,1238,483,701,External cuneate nucleus,left
29,1955,2834,1238,498,652,Parasolitary nucleus,left
29,2676,2500,1226,670,576,Inferior olivary complex,left
29,2755,3317,1223,690,756,Medulla,left
29,2852,2155,1219,712,501,Medulla,right
30,2551,2054,1225,643,487,Intermediate reticular nucleus,right
30,2696,2529,1225,674,581,Inferior olivary complex,left
30,1911,1964,1244,485,467,Cuneate nucleus,right
30,1936,1930,1243,490,460,Cuneate nucleus,right
30,2023,2973,1235,513,682,Cuneate nucleus,left
30,2548,2475,1228,643,573,crossed tectospinal pathway,left
30,2766,2509,1223,689,575,Inferior olivary complex,left
30,2836,2533,1221,705,579,Inferior olivary complex,left
30,2031,2969,1235,514,681,Parasolitary nucleus,left
30,2901,2900,1219,721,661,Medulla,left
32,2739,3281,1220,687,748,"Lateral reticular nucleus, magnocellular part",left
32,2686,2905,1220,674,658,"Lateral reticular nucleus, magnocellular part",left
32,2776,1986,1218,698,467,"Lateral reticular nucleus, magnocellular part",right
32,2862,3090,1216,714,703,"Paragigantocellular reticular nucleus, lateral part",left
32,2967,2916,1217,735,665,Inferior olivary complex,left
32,2843,2554,1220,707,584,Inferior olivary complex,left
31,1985,3016,1234,503,692,Cuneate nucleus,left
31,2560,2473,1227,645,573,crossed tectospinal pathway,left
31,1941,2804,1237,494,646,Parasolitary nucleus,left
31,1955,2843,1236,497,654,Parasolitary nucleus,left
31,2636,3220,1220,662,734,Parvicellular reticular nucleus,left
31,2785,2513,1222,694,576,Inferior olivary complex,left
31,2833,2636,1221,704,601,Inferior olivary complex,left
31,2877,3054,1216,717,695,Medulla,left
34,1928,3061,1234,491,704,External cuneate nucleus,left
34,1998,2884,1235,507,662,Parasolitary nucleus,left
34,2029,2956,1233,514,677,Parasolitary nucleus,left
34,2266,3243,1224,572,738,"Spinal nucleus of the trigeminal, interpolar part",left
34,2955,2922,1216,733,666,Inferior olivary complex,left
34,1957,2847,1235,497,654,Parasolitary nucleus,left
34,2081,1959,1236,524,466,Nucleus of the solitary tract,right
34,2683,1713,1220,678,407,"Lateral reticular nucleus, magnocellular part",right
34,2774,3235,1217,696,738,"Lateral reticular nucleus, magnocellular part",left
34,2820,3186,1216,706,726,rubrospinal tract,left
34,2856,2836,1218,710,645,Medulla,left
33,1984,2858,1236,504,657,Parasolitary nucleus,left
33,1991,2970,1235,505,682,Cuneate nucleus,left
33,2413,1811,1223,610,434,Parvicellular reticular nucleus,right
33,2454,3133,1221,619,713,Parvicellular reticular nucleus,left
33,2642,2472,1225,662,571,Medulla,left
33,2961,2752,1218,734,629,Medulla,left
33,2961,3075,1215,736,702,Medulla,left
35,1961,1943,1240,496,463,Cuneate nucleus,right
35,2926,2751,1217,726,628,Inferior olivary complex,left
35,1944,3053,1233,494,702,External cuneate nucleus,left
35,2448,3137,1219,618,713,Parvicellular reticular nucleus,left
35,2667,2940,1218,670,666,"Lateral reticular nucleus, magnocellular part",left
35,2033,1973,1237,513,469,Parasolitary nucleus,right
35,2195,2870,1230,552,657,Parvicellular reticular nucleus,left
35,2408,1578,1223,609,389,"Spinal nucleus of the trigeminal, interpolar part",right
35,2427,3322,1223,610,753,"Spinal nucleus of the trigeminal, interpolar part",left
35,2784,2826,1218,694,642,Medulla,left
35,2051,1937,1237,517,460,Parasolitary nucleus,right
37,1876,3038,1234,479,701,External cuneate nucleus,left
37,1982,1959,1239,500,466,Cuneate nucleus,right
37,2039,2982,1232,516,683,Medulla,left
37,2779,2004,1216,699,471,"Lateral reticular nucleus, magnocellular part",right
37,1922,2797,1235,490,644,Medulla,left
37,2016,2926,1233,510,671,Parasolitary nucleus,left
37,2489,3211,1219,627,730,Parvicellular reticular nucleus,left
37,2610,2475,1224,656,572,Nucleus raphe obscurus,left
37,2665,1696,1220,673,403,Parvicellular reticular nucleus,right
37,2730,3051,1215,686,693,"Lateral reticular nucleus, magnocellular part",left
37,2749,2750,1220,685,625,Gigantocellular reticular nucleus,left
37,2800,2515,1219,697,575,Inferior olivary complex,left
37,2991,3060,1213,742,699,Medulla,left
37,2833,2135,1216,709,497,Medulla,right
36,1954,1960,1240,495,466,Cuneate nucleus,right
36,2006,2909,1233,508,668,Parasolitary nucleus,left
36,2366,2167,1228,596,511,Intermediate reticular nucleus,right
36,2694,2519,1222,673,579,Inferior olivary complex,left
36,2970,2948,1214,737,673,Inferior olivary complex,left
36,1968,2764,1235,501,637,Nucleus of the solitary tract,left
36,2048,3010,1231,518,689,Medulla,left
36,2698,2495,1222,675,574,Inferior olivary complex,left
38,2334,3251,1221,589,738,"Spinal nucleus of the trigeminal, interpolar part",left
38,2011,2936,1232,509,673,Parasolitary nucleus,left
38,1905,2875,1233,485,663,Spinal vestibular nucleus,left
38,2809,1854,1214,708,436,"Paragigantocellular reticular nucleus, lateral part",right
38,1932,2018,1238,489,478,Cuneate nucleus,right
38,2497,3017,1218,629,685,Intermediate reticular nucleus,left
39,2474,3114,1216,624,709,Parvicellular reticular nucleus,left
39,2617,1860,1217,660,440,Intermediate reticular nucleus,right
39,2640,2481,1221,662,572,Medulla,left
39,1928,2068,1237,489,488,Medulla,right
39,2025,2007,1236,510,475,Parasolitary nucleus,right
39,2044,2000,1235,515,474,Nucleus of the solitary tract,right
39,2740,1660,1218,692,393,"Lateral reticular nucleus, magnocellular part",right
40,2734,3284,1216,685,748,"Lateral reticular nucleus, magnocellular part",left
40,1953,2845,1232,496,654,Parasolitary nucleus,left
40,1948,2804,1233,496,646,Parasolitary nucleus,left
40,2599,1367,1234,652,334,"Spinal nucleus of the trigeminal, interpolar part",right
40,2864,2615,1217,711,597,Inferior olivary complex,left
40,2968,2918,1213,736,666,Inferior olivary complex,left
40,1920,2803,1233,489,646,Medulla,left
41,1967,2962,1231,498,680,Cuneate nucleus,left
41,1998,1960,1236,505,466,Parasolitary nucleus,right
41,2032,2958,1230,513,678,Parasolitary nucleus,left
41,2033,2986,1230,514,684,Medulla,left
41,1998,1773,1239,506,426,Medulla,right
41,1997,2999,1231,505,688,Cuneate nucleus,left
41,2000,1846,1238,505,441,Cuneate nucleus,right
41,2470,3163,1217,622,720,Parvicellular reticular nucleus,left
42,2685,1980,1215,677,467,"Lateral reticular nucleus, magnocellular part",right
42,1854,3094,1231,475,714,External cuneate nucleus,left
42,1917,2876,1231,487,662,Spinal vestibular nucleus,left
42,2014,3025,1229,510,693,Cuneate nucleus,left
42,2076,1905,1233,523,454,Nucleus of the solitary tract,right
42,2807,3289,1215,702,751,"Lateral reticular nucleus, parvicellular part",left
42,1978,1796,1239,500,430,Medulla,right
42,2235,2917,1225,562,666,Parvicellular reticular nucleus,left
43,1931,3021,1230,490,695,Medulla,left
43,2229,3141,1220,562,715,"Spinal nucleus of the trigeminal, interpolar part",left
43,2466,3166,1215,621,720,Parvicellular reticular nucleus,left
43,2946,2955,1211,731,673,Medulla,left
43,2013,2000,1234,507,474,Parasolitary nucleus,right
43,2300,2122,1225,579,499,Intermediate reticular nucleus,right
43,2713,2705,1218,676,615,Gigantocellular reticular nucleus,left
43,2724,3013,1212,684,684,"Lateral reticular nucleus, magnocellular part",left
43,2791,1853,1212,704,436,"Paragigantocellular reticular nucleus, lateral part",right
43,1943,2967,1230,493,682,Cuneate nucleus,left
43,1952,2802,1231,495,644,Parasolitary nucleus,left
43,2037,1945,1234,512,462,Parasolitary nucleus,right
43,2815,3152,1211,705,717,rubrospinal tract,left
43,2925,3140,1210,729,716,ventral spinocerebellar tract,left
44,2293,1576,1223,582,390,"Spinal nucleus of the trigeminal, interpolar part",right
44,2586,2031,1217,652,480,Intermediate reticular nucleus,right
44,2966,2921,1211,735,666,Inferior olivary complex,left
44,1982,2883,1230,502,662,Parasolitary nucleus,left
44,2002,3003,1229,506,689,Cuneate nucleus,left
44,2284,2951,1221,575,672,Parvicellular reticular nucleus,left
44,2444,3091,1215,616,703,Parvicellular reticular nucleus,left
44,2541,2465,1222,640,571,Nucleus raphe obscurus,left
44,2771,2641,1217,688,602,Medulla,left
44,2982,2973,1210,739,678,Medulla,left
47,1996,2991,1227,505,686,Cuneate nucleus,left
47,2269,3316,1218,573,753,"Spinal nucleus of the trigeminal, interpolar part",left
47,2492,2840,1217,626,644,Intermediate reticular nucleus,left
47,2003,2964,1227,507,680,Medulla,left
47,2948,2902,1209,731,661,Inferior olivary complex,left
47,2919,2852,1210,724,650,Inferior olivary complex,left
45,2741,3270,1214,686,745,"Lateral reticular nucleus, magnocellular part",left
45,2054,1938,1233,517,461,Parasolitary nucleus,right
45,2329,2354,1229,588,549,Gigantocellular reticular nucleus,right
45,2527,2167,1221,635,511,Gigantocellular reticular nucleus,right
45,2797,3184,1211,700,725,rubrospinal tract,left
46,1976,1954,1234,498,464,Cuneate nucleus,right
46,2027,2973,1228,512,682,Medulla,left
46,2211,1826,1225,556,438,"Spinal nucleus of the trigeminal, interpolar part",right
46,1934,1976,1235,489,469,Cuneate nucleus,right
46,2005,2912,1229,507,667,Parasolitary nucleus,left
46,2014,1927,1233,508,458,Cuneate nucleus,right
46,2240,2940,1222,563,671,Parvicellular reticular nucleus,left
46,2407,1484,1222,606,370,"Spinal nucleus of the trigeminal, interpolar part",right
46,2631,2468,1219,659,570,Nucleus raphe obscurus,right
46,2830,3270,1212,708,746,"Lateral reticular nucleus, parvicellular part",left
46,2700,2493,1217,674,573,Inferior olivary complex,left
46,2852,2583,1214,707,590,Inferior olivary complex,left
46,2955,2968,1209,733,676,Medulla,left
46,2970,2947,1210,736,671,Inferior olivary complex,left
48,1988,3035,1227,503,696,Cuneate nucleus,left
48,2675,3085,1210,673,701,"Nucleus ambiguus, ventral division",left
48,1954,1940,1234,493,461,Cuneate nucleus,right
48,2041,1865,1232,514,445,Medulla,right
48,1927,2771,1229,490,639,Medial vestibular nucleus,left
49,2763,2928,1211,691,664,"Lateral reticular nucleus, magnocellular part",left
49,1981,1903,1234,499,454,Cuneate nucleus,right
49,1986,1919,1234,500,457,Cuneate nucleus,right
49,2026,1934,1232,510,460,Parasolitary nucleus,right
49,2414,1485,1220,609,369,"Spinal nucleus of the trigeminal, interpolar part",right
49,2585,2696,1218,648,613,Gigantocellular reticular nucleus,left
49,2975,2930,1209,737,668,Inferior olivary complex,left
49,1848,3167,1228,474,728,External cuneate nucleus,left
49,1891,3219,1227,482,739,External cuneate nucleus,left
49,1945,2148,1232,491,504,Medulla,right
49,2991,2923,1208,740,667,Medulla,left
50,2258,3216,1216,570,731,"Spinal nucleus of the trigeminal, interpolar part",left
50,2860,2586,1212,709,589,Inferior olivary complex,left
50,2957,2971,1208,733,676,Medulla,left
50,2963,2908,1208,735,663,Inferior olivary complex,left
50,1927,3212,1225,490,736,External cuneate nucleus,left
50,1935,3031,1227,491,697,Medulla,left
50,2976,2947,1208,737,671,Inferior olivary complex,left
51,2781,3215,1208,696,732,"Lateral reticular nucleus, magnocellular part",left
51,1943,1921,1233,491,457,Cuneate nucleus,right
51,2038,3006,1224,515,688,Medulla,left
51,2711,2483,1214,676,571,Medulla,left
51,1964,2768,1227,498,638,Nucleus of the solitary tract,left
51,1973,2827,1227,500,649,Medulla,left
51,2302,1771,1218,579,427,"Spinal nucleus of the trigeminal, interpolar part",right
51,2586,1730,1212,651,412,Parvicellular reticular nucleus,right
51,2726,2785,1212,679,632,Gigantocellular reticular nucleus,left
51,2864,2493,1210,711,569,Nucleus raphe pallidus,right
51,1943,1946,1233,491,462,Cuneate nucleus,right
52,2394,3340,1216,603,757,"Spinal nucleus of the trigeminal, interpolar part",left
52,2837,2584,1212,703,589,Inferior olivary complex,left
52,2053,1934,1229,516,460,Nucleus of the solitary tract,right
52,2621,1658,1213,660,397,Parvicellular reticular nucleus,right
52,2813,3276,1209,704,747,"Lateral reticular nucleus, parvicellular part",left
52,1933,2684,1228,492,621,Nucleus of the solitary tract,left
53,1978,1921,1232,499,457,Cuneate nucleus,right
53,2029,2001,1230,510,473,Parasolitary nucleus,right
53,2249,1991,1221,564,472,Parvicellular reticular nucleus,right
53,2638,3232,1210,662,735,Parvicellular reticular nucleus,left
53,1961,1930,1232,494,459,Cuneate nucleus,right
53,1992,1930,1231,501,459,Cuneate nucleus,right
53,2041,3028,1224,515,694,Medulla,left
53,2088,2837,1226,526,650,Nucleus of the solitary tract,left
53,2619,2525,1217,656,581,crossed tectospinal pathway,left
53,2929,2887,1208,726,657,Inferior olivary complex,left
53,2974,2909,1207,737,664,Medulla,left
54,1929,1980,1232,487,470,Spinal vestibular nucleus,right
54,1983,2981,1225,502,683,Spinal vestibular nucleus,left
54,1918,2977,1225,487,685,Spinal vestibular nucleus,left
54,1978,2167,1230,498,506,Nucleus of the solitary tract,right
54,2192,2088,1224,548,491,Nucleus of the solitary tract,right
54,2819,2820,1210,701,641,Medulla,left
54,2847,3048,1206,710,692,"Paragigantocellular reticular nucleus, lateral part",left
55,2275,3234,1213,573,735,"Spinal nucleus of the trigeminal, interpolar part",left
55,2560,2468,1216,643,572,Nucleus raphe obscurus,left
55,2680,2727,1212,668,618,Gigantocellular reticular nucleus,left
55,1961,2144,1229,493,502,Medulla,right
55,1995,1943,1229,502,462,Spinal vestibular nucleus,right
55,2627,2710,1214,656,615,Gigantocellular reticular nucleus,left
55,2904,2859,1207,720,651,Inferior olivary complex,left
55,2045,1936,1228,513,460,Parasolitary nucleus,right
56,2633,2070,1211,662,488,"Lateral reticular nucleus, magnocellular part",right
56,2771,3236,1207,693,737,"Lateral reticular nucleus, magnocellular part",left
57,1954,2933,1224,495,674,Spinal vestibular nucleus,left
57,2009,3006,1223,507,688,Spinal vestibular nucleus,left
57,2927,2849,1206,725,650,Inferior olivary complex,left
57,2958,2947,1205,733,671,Inferior olivary complex,left
57,2964,2929,1205,734,667,Inferior olivary complex,left
57,1978,1939,1230,498,461,Cuneate nucleus,right
57,1982,2810,1225,500,645,Nucleus of the solitary tract,left
57,1990,2967,1224,503,680,Spinal vestibular nucleus,left
57,2048,1934,1227,515,460,Nucleus of the solitary tract,right
57,2372,1315,1229,597,327,"Spinal nucleus of the trigeminal, interpolar part",right
57,2604,3568,1224,653,810,spinal tract of the trigeminal nerve,left
57,2751,3011,1206,689,682,"Lateral reticular nucleus, magnocellular part",left
57,2893,3083,1204,721,701,Medulla,left
57,1998,1802,1231,504,431,Medulla,right
57,2845,2498,1208,706,570,Nucleus raphe pallidus,right
58,2040,3015,1221,514,690,Medulla,left
58,2707,3124,1205,679,711,"Paragigantocellular reticular nucleus, lateral part",left
58,1949,1849,1231,491,442,External cuneate nucleus,right
58,2010,2967,1222,507,679,Spinal vestibular nucleus,left
58,2326,3256,1211,585,739,"Spinal nucleus of the trigeminal, interpolar part",left
58,2647,2725,1212,660,618,Gigantocellular reticular nucleus,left
58,2783,2079,1206,696,486,"Lateral reticular nucleus, magnocellular part",right
58,2966,2981,1203,734,678,Medulla,left
58,2056,1588,1231,518,386,"Spinal nucleus of the trigeminal, interpolar part",right
58,2976,2972,1203,737,676,Inferior olivary complex,left
60,1777,2745,1224,457,639,Nodulus (X),left
60,1998,1958,1227,502,465,Spinal vestibular nucleus,right
60,2023,1930,1227,508,459,Medulla,right
60,2289,1678,1215,578,410,"Spinal nucleus of the trigeminal, interpolar part",right
60,2720,3292,1207,680,748,Parvicellular reticular nucleus,left
60,1965,2702,1224,498,624,Nucleus of the solitary tract,left
60,2694,2059,1208,676,484,"Lateral reticular nucleus, magnocellular part",right
60,2829,3257,1205,707,742,"Lateral reticular nucleus, parvicellular part",left
60,2972,2994,1202,736,682,Medulla,left
60,1965,2988,1222,497,686,Spinal vestibular nucleus,left
60,2567,1733,1208,646,413,Parvicellular reticular nucleus,right
59,1929,2707,1224,490,625,Medial vestibular nucleus,left
59,1953,2674,1224,496,619,Nucleus of the solitary tract,left
59,1957,2155,1227,492,504,Medial vestibular nucleus,right
59,2635,2584,1213,658,591,Gigantocellular reticular nucleus,left
59,2954,3064,1202,733,697,Medulla,left
59,1953,2942,1223,494,675,Spinal vestibular nucleus,left
59,1984,2939,1222,501,674,Spinal vestibular nucleus,left
61,1908,2952,1223,484,679,Spinal vestibular nucleus,left
61,2029,1946,1226,509,462,Medulla,right
61,2029,1995,1226,509,472,Nucleus of the solitary tract,right
61,2525,2559,1216,635,588,Gigantocellular reticular nucleus,left
61,2536,3158,1206,637,719,Parvicellular reticular nucleus,left
61,2860,2492,1206,710,567,Nucleus raphe pallidus,right
62,2751,2781,1207,683,631,Gigantocellular reticular nucleus,left
62,1762,2763,1223,453,644,Nodulus (X),left
62,1979,2751,1223,500,633,Nucleus of the solitary tract,left
62,2686,2478,1210,670,570,Medulla,right
62,2714,2650,1210,675,603,Gigantocellular reticular nucleus,left
62,2770,2759,1208,687,627,Gigantocellular reticular nucleus,left
62,2991,2950,1201,740,672,Medulla,left
62,3005,2938,1201,743,670,Medulla,left
62,2597,3151,1204,652,717,Linear nucleus of the medulla,left
63,1945,1875,1228,489,448,Spinal vestibular nucleus,right
65,1943,1878,1228,489,449,Spinal vestibular nucleus,right
65,2010,1932,1225,504,459,Spinal vestibular nucleus,right
65,2017,1896,1225,506,452,Spinal vestibular nucleus,right
65,2284,1676,1213,576,409,"Spinal nucleus of the trigeminal, interpolar part",right
65,2548,1825,1207,642,432,Parvicellular reticular nucleus,right
65,2594,3155,1203,651,718,Linear nucleus of the medulla,left
65,2844,3177,1201,710,722,rubrospinal tract,left
65,2851,2076,1201,711,482,Medulla,right
65,2854,2496,1204,708,568,Nucleus raphe pallidus,right
65,2903,3228,1201,724,737,Medulla,left
65,2918,2879,1202,723,655,Inferior olivary complex,left
65,1965,2178,1225,493,509,Medial vestibular nucleus,right
65,2598,2479,1212,651,572,Nucleus raphe obscurus,left
65,2723,2563,1209,677,586,Inferior olivary complex,left
65,2728,3253,1204,683,741,"Lateral reticular nucleus, magnocellular part",left
65,2776,2541,1207,688,580,Inferior olivary complex,left
65,2797,1851,1202,704,434,"Paragigantocellular reticular nucleus, lateral part",right
65,2958,2890,1201,732,658,Inferior olivary complex,left
65,3002,2940,1200,742,670,Medulla,left
66,2988,2954,1199,739,673,Medulla,left
66,2037,1875,1224,511,447,Medulla,right
66,2154,1768,1219,542,426,"Spinal nucleus of the trigeminal, interpolar part",right
66,2606,2689,1210,651,611,Gigantocellular reticular nucleus,left
66,2726,2551,1208,677,583,Inferior olivary complex,left
66,2802,3067,1200,699,695,"Paragigantocellular reticular nucleus, lateral part",left
66,2922,2863,1201,723,652,Inferior olivary complex,left
66,2933,2906,1201,726,661,Inferior olivary complex,left
67,2172,2913,1215,544,666,Nucleus of the solitary tract,left
67,2831,2865,1202,702,650,Medulla,left
67,2892,2511,1201,716,571,Nucleus raphe pallidus,left
67,2995,2956,1198,740,673,Medulla,left
68,2973,2921,1199,736,665,Inferior olivary complex,left
68,2665,2324,1207,664,540,Gigantocellular reticular nucleus,right
68,1965,3033,1218,496,696,Spinal vestibular nucleus,left
68,2943,2887,1200,728,657,Inferior olivary complex,left
69,2819,2863,1202,700,650,Medulla,left
69,1514,2803,1227,397,659,Uvula (IX),left
69,1961,1975,1224,492,468,Spinal vestibular nucleus,right
69,2001,1817,1225,503,434,Medulla,right
69,2033,1876,1223,510,447,Medulla,right
69,2653,2473,1208,663,570,Nucleus raphe obscurus,right
69,2812,2500,1204,697,570,Nucleus raphe pallidus,right
69,2951,2931,1199,730,666,Inferior olivary complex,left
69,2953,2943,1199,731,670,Inferior olivary complex,left
69,3005,2923,1198,743,667,Medulla,left
69,2357,1354,1219,592,338,"Spinal nucleus of the trigeminal, interpolar part",right
69,2984,2991,1198,738,680,Medulla,left
70,2601,3206,1201,651,729,Parvicellular reticular nucleus,left
70,2962,2973,1198,732,676,Medulla,left
70,2965,2951,1198,733,671,Inferior olivary complex,left
70,1754,2883,1220,451,671,Nodulus (X),left
70,1981,2255,1222,496,523,Nucleus of the solitary tract,right
70,2006,3060,1216,506,701,Spinal vestibular nucleus,left
70,2381,1906,1207,598,452,Parvicellular reticular nucleus,right
70,1780,2727,1219,457,634,Nodulus (X),left
70,2147,1957,1217,535,464,Nucleus of the solitary tract,right
73,2227,2611,1219,559,604,Hypoglossal nucleus,left
73,1776,2731,1218,455,635,Nodulus (X),left
73,1895,3160,1216,481,726,External cuneate nucleus,left
73,1999,2946,1216,503,674,Spinal vestibular nucleus,left
73,2150,1954,1216,536,464,Nucleus of the solitary tract,right
73,2213,3497,1211,563,796,"Spinal nucleus of the trigeminal, interpolar part",left
73,2523,3050,1200,635,693,Intermediate reticular nucleus,left
73,2628,2650,1207,655,603,Gigantocellular reticular nucleus,left
73,2808,3135,1197,701,712,"Paragigantocellular reticular nucleus, lateral part",left
73,2841,2863,1200,704,650,Medulla,left
73,2951,2925,1197,729,665,Inferior olivary complex,left
73,2990,2969,1196,739,676,Medulla,left
73,2043,3088,1213,515,707,Medulla,left
73,2957,2955,1197,731,672,Medulla,left
73,2970,2976,1196,734,676,Medulla,left
73,2977,2919,1197,735,665,Inferior olivary complex,left
73,2982,2967,1196,737,674,Inferior olivary complex,left
73,3018,2923,1196,746,667,Medulla,left
71,2534,2476,1210,636,572,Nucleus raphe obscurus,left
71,2626,2652,1207,654,603,Gigantocellular reticular nucleus,left
71,2975,2947,1197,735,670,Inferior olivary complex,left
74,1912,3029,1216,484,697,Spinal vestibular nucleus,left
74,1949,2964,1216,492,681,Spinal vestibular nucleus,left
74,2297,2785,1213,575,637,Intermediate reticular nucleus,left
74,2684,2717,1204,667,616,Gigantocellular reticular nucleus,left
74,2766,3125,1197,691,709,"Paragigantocellular reticular nucleus, lateral part",left
74,2947,2953,1196,728,671,Medulla,left
74,2984,2779,1196,737,634,Inferior olivary complex,left
76,2154,3271,1205,543,744,"Spinal nucleus of the trigeminal, interpolar part",left
76,2686,2462,1204,668,566,Medulla,right
76,2984,2991,1194,738,680,Medulla,left
76,2888,2623,1198,713,598,Inferior olivary complex,left
75,2836,1860,1196,711,436,"Paragigantocellular reticular nucleus, lateral part",right
75,2043,2334,1221,511,540,Nucleus of the solitary tract,right
75,2802,2506,1200,693,572,Inferior olivary complex,left
75,2641,2531,1205,658,581,crossed tectospinal pathway,left
77,2012,2605,1219,506,604,Nucleus of the solitary tract,left
77,2629,2592,1206,655,592,Gigantocellular reticular nucleus,left
77,2642,1701,1201,663,404,Parvicellular reticular nucleus,right
77,1927,1945,1222,483,463,Spinal vestibular nucleus,right
77,1968,2655,1218,497,614,Nucleus of the solitary tract,left
77,2155,2974,1210,540,679,Nucleus of the solitary tract,left
77,2702,2910,1199,674,658,"Lateral reticular nucleus, magnocellular part",left
77,2786,2501,1201,690,571,Inferior olivary complex,left
77,2973,2948,1195,735,671,Inferior olivary complex,left
77,1853,2860,1216,470,661,Spinal vestibular nucleus,left
77,2016,1851,1220,505,442,Spinal vestibular nucleus,right
77,2986,2951,1194,737,671,Inferior olivary complex,left
78,2652,2478,1204,660,571,Nucleus raphe obscurus,left
78,2263,2767,1212,567,633,Intermediate reticular nucleus,left
78,2596,3231,1198,649,735,Parvicellular reticular nucleus,left
78,2875,2504,1197,711,570,Nucleus raphe pallidus,right
78,1911,3206,1212,485,735,External cuneate nucleus,left
78,2003,2607,1218,505,604,Nucleus of the solitary tract,left
78,2746,1689,1199,691,400,Medulla,right
78,2962,2926,1194,731,665,Inferior olivary complex,left
79,2676,2464,1202,666,567,Nucleus raphe obscurus,right
79,1997,1867,1219,499,445,Spinal vestibular nucleus,right
79,2810,2491,1198,695,568,Nucleus raphe pallidus,right
79,1910,3206,1211,484,735,External cuneate nucleus,left
80,1991,2284,1218,497,529,Nucleus of the solitary tract,right
80,1910,3208,1211,484,736,External cuneate nucleus,left
81,2543,2479,1206,637,573,Medulla,left
81,1852,3134,1214,471,722,External cuneate nucleus,left
81,2001,2283,1218,500,529,Nucleus of the solitary tract,right
81,2119,2434,1218,531,563,Medulla,right
81,2673,2484,1202,666,571,Nucleus raphe obscurus,left
81,2959,2924,1193,731,665,Inferior olivary complex,left
81,2991,2973,1192,738,676,Medulla,left
81,1938,3005,1213,490,690,Spinal vestibular nucleus,left
81,2176,2605,1216,546,603,Hypoglossal nucleus,left
81,2753,1685,1198,693,398,"Lateral reticular nucleus, parvicellular part",right
82,1994,1869,1218,499,446,Spinal vestibular nucleus,right
82,2045,1878,1216,511,449,Spinal vestibular nucleus,right
82,2834,2503,1196,701,571,Nucleus raphe pallidus,left
82,2956,2884,1192,729,656,Inferior olivary complex,left
82,2983,2969,1191,737,675,Medulla,left
82,1765,2750,1214,451,640,Nodulus (X),left
82,2749,2535,1200,681,579,Inferior olivary complex,left
82,2863,2908,1194,709,660,Medulla,left
82,2924,2869,1193,722,652,Inferior olivary complex,left
82,1969,3038,1211,497,697,Spinal vestibular nucleus,left
82,3005,2988,1191,742,680,Medulla,left
83,2899,2511,1193,717,570,Nucleus raphe pallidus,right
83,1893,3093,1212,480,712,External cuneate nucleus,left
83,2583,2616,1203,644,597,Gigantocellular reticular nucleus,left
83,2653,3233,1195,662,735,Parvicellular reticular nucleus,left
83,2699,2491,1200,670,571,Nucleus raphe obscurus,left
83,2961,2973,1191,731,675,Medulla,left
83,2988,2959,1190,738,673,Medulla,left
83,1925,3045,1212,486,700,Spinal vestibular nucleus,left
83,2001,3016,1210,503,690,Spinal vestibular nucleus,left
83,2054,2567,1216,516,594,Nucleus of the solitary tract,left
83,2123,3366,1202,537,766,"Spinal nucleus of the trigeminal, interpolar part",left
83,2318,2941,1202,581,668,Intermediate reticular nucleus,left
83,2516,2394,1205,630,557,Gigantocellular reticular nucleus,right
83,2668,2489,1201,664,572,Nucleus raphe obscurus,left
83,2674,2639,1201,663,601,Gigantocellular reticular nucleus,left
83,2934,2615,1192,724,595,Medulla,left
83,2776,2787,1196,686,632,Gigantocellular reticular nucleus,left
83,2835,2015,1192,706,470,"Paragigantocellular reticular nucleus, lateral part",right
84,1948,2932,1212,491,672,Spinal vestibular nucleus,left
84,1979,1879,1217,495,449,Spinal vestibular nucleus,right
84,2723,3358,1199,678,763,Parvicellular reticular nucleus,left
84,2920,2878,1192,721,654,Inferior olivary complex,left
85,1990,2267,1216,496,525,Nucleus of the solitary tract,right
85,2012,3022,1210,506,691,Spinal vestibular nucleus,left
85,2027,3012,1210,509,689,Spinal vestibular nucleus,left
85,2044,2308,1216,510,534,Dorsal motor nucleus of the vagus nerve,right
85,2048,3074,1208,516,703,Medulla,left
85,2674,1683,1197,671,401,Parvicellular reticular nucleus,right
85,2726,2488,1199,676,571,Medulla,left
85,2750,2687,1198,680,611,Gigantocellular reticular nucleus,left
85,2976,2966,1190,734,673,Inferior olivary complex,left
87,2979,2946,1188,735,669,Inferior olivary complex,left
87,2816,2512,1194,695,572,Medulla,left
87,2902,2507,1191,716,569,Nucleus raphe pallidus,right
87,1260,2440,1228,336,580,Declive (VI),left
87,2816,2830,1193,696,642,Medulla,left
87,2829,2500,1194,699,570,Nucleus raphe pallidus,right
87,2961,2937,1189,730,666,Inferior olivary complex,left
86,2138,2422,1215,535,560,Medulla,right
86,2528,2359,1203,633,550,Gigantocellular reticular nucleus,right
86,2626,1691,1197,657,403,Parvicellular reticular nucleus,right
86,2648,1702,1196,664,404,Parvicellular reticular nucleus,right
88,1972,1745,1218,493,419,External cuneate nucleus,right
88,1882,2692,1211,476,623,Medial vestibular nucleus,left
88,2004,2964,1209,503,679,Spinal vestibular nucleus,left
88,2039,2341,1215,509,541,Nucleus of the solitary tract,right
88,2100,2604,1213,526,603,Medulla,left
88,2967,1951,1186,738,452,Medulla,right
88,1793,2709,1211,457,630,Nodulus (X),left
88,1962,3034,1209,494,696,Spinal vestibular nucleus,left
88,2522,2749,1201,629,623,Gigantocellular reticular nucleus,left
88,2906,2629,1191,716,599,Inferior olivary complex,left
89,2038,2310,1215,508,534,Dorsal motor nucleus of the vagus nerve,right
89,2713,2495,1198,673,572,Medulla,left
89,2026,2313,1215,505,535,Nucleus of the solitary tract,right
89,2033,1797,1214,509,430,Medulla,right
89,2043,3095,1206,515,708,Medulla,left
89,2627,1687,1196,657,402,Parvicellular reticular nucleus,right
89,2650,1699,1195,664,405,Parvicellular reticular nucleus,right
89,2854,3070,1189,708,695,"Paragigantocellular reticular nucleus, lateral part",left
89,2978,2976,1188,735,676,Medulla,left
89,2990,2943,1188,737,669,Inferior olivary complex,left
89,1284,2819,1226,338,660,arbor vitae,left
89,2626,2693,1199,652,612,Gigantocellular reticular nucleus,left
89,2857,2506,1193,705,570,Nucleus raphe pallidus,right
89,3009,2888,1188,742,658,Medulla,left
90,1889,3007,1210,478,692,Spinal vestibular nucleus,left
90,2201,1681,1206,552,409,"Spinal nucleus of the trigeminal, interpolar part",right
90,2673,2692,1197,663,611,Magnocellular reticular nucleus,left
91,2017,3082,1205,507,705,Spinal vestibular nucleus,left
91,2970,2914,1187,732,662,Inferior olivary complex,left
91,3005,2909,1186,740,662,Medulla,left
91,1901,2976,1209,479,685,Spinal vestibular nucleus,left
91,2691,1741,1193,674,412,"Paragigantocellular reticular nucleus, lateral part",right
91,2996,2925,1186,738,665,Medulla,left
91,1983,1841,1213,496,440,Spinal vestibular nucleus,right
91,2672,2643,1197,661,602,Magnocellular reticular nucleus,left
92,1969,2992,1207,495,685,Spinal vestibular nucleus,left
92,2010,2919,1208,503,668,Medial vestibular nucleus,left
92,2781,2495,1193,687,570,Medulla,right
92,1954,3146,1206,494,721,External cuneate nucleus,left
92,1994,3066,1206,502,702,Spinal vestibular nucleus,left
92,2005,3047,1206,504,697,Spinal vestibular nucleus,left
92,2047,2333,1213,510,540,Nucleus of the solitary tract,right
92,2060,2347,1213,513,542,Nucleus of the solitary tract,right
92,2076,2394,1213,518,553,Nucleus of the solitary tract,right
92,2501,2483,1202,626,574,Gigantocellular reticular nucleus,left
92,2568,2484,1200,641,573,crossed tectospinal pathway,left
92,2667,3214,1191,664,731,Linear nucleus of the medulla,left
92,2695,2679,1196,667,609,Magnocellular reticular nucleus,left
92,2921,2611,1189,719,594,Inferior olivary complex,left
93,1872,2953,1209,472,681,Spinal vestibular nucleus,left
93,1901,3048,1208,480,701,Spinal vestibular nucleus,left
93,2013,3024,1206,506,692,Spinal vestibular nucleus,left
93,2393,2290,1204,600,536,Gigantocellular reticular nucleus,right
93,1829,3021,1209,464,698,Spinal vestibular nucleus,left
93,2032,2179,1211,504,508,Nucleus of the solitary tract,right
93,2790,2498,1193,689,571,Medulla,left
93,2886,2957,1188,713,669,Medulla,left
93,1875,3013,1209,474,695,Spinal vestibular nucleus,left
95,2545,2250,1198,633,527,Gigantocellular reticular nucleus,right
94,1929,2958,1207,486,680,Spinal vestibular nucleus,left
94,1950,2981,1207,490,684,Spinal vestibular nucleus,left
94,1957,3035,1206,492,696,Spinal vestibular nucleus,left
94,2014,2999,1205,506,686,Spinal vestibular nucleus,left
94,2679,2492,1196,665,572,Nucleus raphe obscurus,left
94,2803,2490,1192,693,568,Medulla,right
94,2285,2780,1204,571,635,Intermediate reticular nucleus,left
94,2657,2843,1192,660,643,Gigantocellular reticular nucleus,left
94,2781,2489,1192,687,569,Medulla,right
94,2958,2870,1186,729,652,Medulla,left
96,2716,2499,1194,672,573,Medulla,left
96,1973,3053,1205,497,700,Spinal vestibular nucleus,left
97,2038,2075,1209,506,488,Nucleus of the solitary tract,right
97,1873,3049,1207,474,702,Spinal vestibular nucleus,left
97,1929,2973,1206,486,683,Spinal vestibular nucleus,left
97,1932,2685,1208,485,621,Medial vestibular nucleus,left
97,1984,3214,1201,502,736,Medulla,left
97,2026,3072,1203,509,702,Spinal vestibular nucleus,left
97,2039,1802,1210,509,431,Medulla,right
97,2042,3067,1203,513,701,Spinal vestibular nucleus,left
97,2471,1381,1204,618,342,"Spinal nucleus of the trigeminal, interpolar part",right
97,2955,2876,1185,727,653,Inferior olivary complex,left
97,2040,3259,1198,515,744,Medulla,left
97,2840,2892,1187,701,654,Medulla,left
97,2859,2507,1189,705,570,Nucleus raphe pallidus,right
97,2915,2927,1186,718,663,Medulla,left
97,2995,2967,1184,738,673,Medulla,left
98,1753,2717,1208,447,633,Nodulus (X),left
98,2659,2845,1190,661,643,Gigantocellular reticular nucleus,left
98,2878,2501,1187,710,568,Nucleus raphe pallidus,right
98,1940,2992,1205,488,686,Spinal vestibular nucleus,left
98,1955,1995,1210,487,473,Spinal vestibular nucleus,right
98,1994,2973,1204,500,681,Spinal vestibular nucleus,left
98,2136,3249,1195,537,740,"Spinal nucleus of the trigeminal, interpolar part",left
98,2529,3242,1190,631,736,Parvicellular reticular nucleus,left
98,2629,2472,1195,654,569,Nucleus raphe obscurus,right
98,2721,2486,1193,673,570,Nucleus raphe obscurus,right
98,2723,2500,1193,674,573,Medulla,left
98,2918,2630,1186,718,599,Inferior olivary complex,left
98,1737,2731,1208,443,637,Nodulus (X),left
98,1973,2961,1205,495,678,Spinal vestibular nucleus,left
98,2980,2913,1183,733,662,Inferior olivary complex,left
99,2700,2574,1193,667,588,crossed tectospinal pathway,left
99,1953,2961,1204,491,679,Spinal vestibular nucleus,left
99,1963,2987,1204,493,684,Spinal vestibular nucleus,left
99,2631,2527,1195,653,580,crossed tectospinal pathway,left
99,2824,2496,1188,697,569,Nucleus raphe pallidus,right
99,2934,2629,1184,722,599,Inferior olivary complex,left
99,2948,2645,1183,725,602,Medulla,left
99,2977,2944,1182,732,668,Inferior olivary complex,left
99,2796,2879,1186,690,651,Gigantocellular reticular nucleus,left
101,1881,2726,1206,473,630,Medial vestibular nucleus,left
101,2812,1939,1185,700,455,"Paragigantocellular reticular nucleus, lateral part",right
101,1932,2934,1205,484,674,Spinal vestibular nucleus,left
101,2662,2601,1194,658,594,Gigantocellular reticular nucleus,left
101,2665,2853,1189,662,645,Gigantocellular reticular nucleus,left
101,2714,2493,1192,672,572,Medulla,left
101,2750,2497,1191,679,571,Medulla,left
101,1949,3078,1203,492,706,Spinal vestibular nucleus,left
101,1995,2962,1204,500,677,Spinal vestibular nucleus,left
100,1987,2890,1205,496,662,Medial vestibular nucleus,left
100,2193,2353,1206,548,546,Medulla,right
100,2845,2490,1187,701,567,Nucleus raphe pallidus,right
100,2871,2502,1186,707,569,Nucleus raphe pallidus,right
100,2943,2623,1183,724,597,Medulla,left
100,2961,2910,1183,728,660,Inferior olivary complex,left
102,2127,2700,1205,530,621,Medulla,left
102,1750,2854,1206,445,664,Nodulus (X),left
102,1895,2737,1205,476,632,Medial vestibular nucleus,left
102,2788,2497,1188,688,570,Medulla,right
102,2050,2280,1207,509,528,Dorsal motor nucleus of the vagus nerve,right
104,2983,2960,1180,734,671,Inferior olivary complex,left
104,1965,2853,1204,491,655,Medial vestibular nucleus,left
104,2017,3029,1200,506,693,Spinal vestibular nucleus,left
104,2060,1771,1205,513,425,Medulla,right
104,2696,2485,1191,667,570,Nucleus raphe obscurus,right
104,2758,2485,1188,681,569,Medulla,right
104,1601,2842,1208,414,665,Nodulus (X),left
104,2069,2256,1206,513,523,Dorsal motor nucleus of the vagus nerve,right
103,2008,3073,1200,505,704,Spinal vestibular nucleus,left
103,2223,2648,1203,556,610,Intermediate reticular nucleus,left
103,2844,1885,1182,708,442,"Paragigantocellular reticular nucleus, lateral part",right
103,2670,2529,1192,661,580,crossed tectospinal pathway,left
103,2872,2068,1182,710,480,Medulla,right
103,2980,2929,1180,733,665,Inferior olivary complex,left
105,1723,2780,1206,439,648,Nodulus (X),left
105,1923,3012,1203,484,691,Spinal vestibular nucleus,left
105,2237,3288,1191,561,747,"Spinal nucleus of the trigeminal, interpolar part",left
105,1916,2975,1203,481,684,Spinal vestibular nucleus,left
105,2027,3185,1197,511,728,Medulla,left
105,2056,1748,1206,513,421,Medulla,right
105,2858,3035,1182,707,686,"Paragigantocellular reticular nucleus, lateral part",left
105,2864,1914,1182,712,447,"Paragigantocellular reticular nucleus, lateral part",right
105,2935,2623,1182,721,597,Inferior olivary complex,left
105,1971,2959,1202,494,678,Spinal vestibular nucleus,left
105,2791,2691,1187,686,612,Medulla,left
105,2948,2660,1181,725,606,pyramid,left
105,3002,2993,1180,739,679,Medulla,left
107,2265,2771,1199,565,633,Intermediate reticular nucleus,left
107,2677,2476,1190,662,569,Nucleus raphe obscurus,right
107,1961,3026,1200,493,693,Spinal vestibular nucleus,left
107,2580,2851,1188,642,644,Gigantocellular reticular nucleus,left
107,2653,1657,1187,662,396,Parvicellular reticular nucleus,right
107,2850,3070,1180,704,694,"Paragigantocellular reticular nucleus, lateral part",left
106,2305,2866,1196,575,652,Intermediate reticular nucleus,left
106,2693,2975,1183,670,672,"Lateral reticular nucleus, magnocellular part",left
106,2791,2500,1187,688,571,Medulla,left
106,2990,2958,1179,735,671,Inferior olivary complex,left
106,2994,2973,1179,737,675,Medulla,left
108,2712,2491,1188,670,571,Nucleus raphe obscurus,left
108,2802,2793,1183,689,634,Gigantocellular reticular nucleus,left
108,2547,2465,1194,633,569,Nucleus raphe obscurus,right
108,2649,2143,1188,657,502,Gigantocellular reticular nucleus,right
108,2982,2971,1178,733,673,Medulla,left
109,2184,2900,1197,544,661,Nucleus of the solitary tract,left
109,2941,2548,1179,723,579,Medulla,left
110,2738,2619,1187,674,597,Gigantocellular reticular nucleus,left
110,2707,2804,1185,668,634,Gigantocellular reticular nucleus,left
110,2835,2493,1183,698,569,Nucleus raphe pallidus,right
110,1941,3015,1200,488,692,Spinal vestibular nucleus,left
112,2665,3240,1183,660,735,Parvicellular reticular nucleus,left
112,1936,3033,1199,487,697,Spinal vestibular nucleus,left
112,2543,2727,1190,632,618,Gigantocellular reticular nucleus,left
112,1937,3072,1198,487,705,Spinal vestibular nucleus,left
111,2799,1659,1184,700,393,"Lateral reticular nucleus, parvicellular part",right
111,1927,2998,1199,484,689,Spinal vestibular nucleus,left
111,2341,2794,1194,584,636,Intermediate reticular nucleus,left
115,1944,3050,1196,489,700,Spinal vestibular nucleus,left
115,2151,2248,1198,533,524,Medulla,right
115,2140,2404,1200,533,556,Nucleus prepositus,right
115,2180,3293,1186,547,749,"Spinal nucleus of the trigeminal, interpolar part",left
115,2952,2641,1175,723,601,Inferior olivary complex,left
115,1958,2918,1198,489,669,Spinal vestibular nucleus,left
115,1989,3044,1195,500,697,Spinal vestibular nucleus,left
115,2022,2864,1198,502,655,Medial vestibular nucleus,left
115,2052,2191,1200,506,511,Medial vestibular nucleus,right
115,2692,2497,1186,664,572,Nucleus raphe obscurus,left
115,2827,2503,1180,694,571,Nucleus raphe pallidus,left
115,2833,3043,1176,700,687,"Paragigantocellular reticular nucleus, lateral part",left
115,2935,2929,1175,721,663,Medulla,left
115,2982,2909,1174,731,660,Inferior olivary complex,left
115,3016,2874,1173,740,653,Medulla,left
115,1918,2930,1198,480,673,Spinal vestibular nucleus,left
115,1954,3099,1195,492,711,Spinal vestibular nucleus,left
115,2729,2642,1184,671,602,Magnocellular reticular nucleus,left
113,2917,2510,1178,717,570,Nucleus raphe pallidus,right
113,1902,3019,1200,478,694,Spinal vestibular nucleus,left
113,1971,2896,1200,491,663,Medial vestibular nucleus,left
113,2001,3093,1196,503,708,Spinal vestibular nucleus,left
113,2355,1807,1189,585,432,Parvicellular reticular nucleus,right
113,2956,2862,1176,725,649,Inferior olivary complex,left
113,2997,3007,1176,737,681,Medulla,left
113,2950,2612,1177,724,594,Medulla,left
113,2958,2871,1176,726,651,Inferior olivary complex,left
113,2959,2854,1176,726,648,Medulla,left
114,1943,3016,1198,488,692,Spinal vestibular nucleus,left
114,1954,2937,1198,489,673,Spinal vestibular nucleus,left
114,2008,2914,1198,501,667,Medial vestibular nucleus,left
114,2814,2499,1182,692,570,Medulla,right
114,2926,2802,1176,717,636,Inferior olivary complex,left
116,2000,2009,1200,495,476,Medial vestibular nucleus,right
116,2011,2977,1196,502,680,Spinal vestibular nucleus,left
116,2620,2620,1188,648,598,Gigantocellular reticular nucleus,left
116,2978,2919,1174,731,662,Inferior olivary complex,left
117,2056,2148,1199,507,503,Medial vestibular nucleus,right
117,2058,2136,1199,508,500,Nucleus of the solitary tract,right
117,1961,2984,1197,491,684,Spinal vestibular nucleus,left
117,1922,3059,1197,483,703,Spinal vestibular nucleus,left
117,1968,3065,1196,495,702,Spinal vestibular nucleus,left
117,2037,3203,1191,513,733,Medulla,left
117,2418,1786,1185,602,427,Parvicellular reticular nucleus,right
117,2863,2494,1178,704,568,Nucleus raphe pallidus,right
117,2973,2928,1174,730,664,Inferior olivary complex,left
118,1757,2737,1199,443,637,Nodulus (X),left
118,1979,2066,1199,489,487,Medial vestibular nucleus,right
118,2763,2492,1182,681,570,Medulla,right
118,1921,3172,1194,485,728,External cuneate nucleus,left
118,1931,3036,1196,485,697,Spinal vestibular nucleus,left
118,2197,2665,1197,547,612,Medulla,left
118,2233,2056,1192,553,486,Intermediate reticular nucleus,right
118,2818,2504,1180,693,572,Medulla,left
118,1994,3069,1194,501,703,Spinal vestibular nucleus,left
118,2768,2887,1178,683,652,"Paragigantocellular reticular nucleus, lateral part",left
119,2231,2689,1195,556,617,Intermediate reticular nucleus,left
119,2820,2491,1178,693,568,Nucleus raphe pallidus,right
119,1901,2946,1196,476,677,Spinal vestibular nucleus,left
119,1922,3024,1195,482,695,Spinal vestibular nucleus,left
119,2008,2763,1197,499,635,Medial vestibular nucleus,left
119,2194,2779,1195,545,635,Intermediate reticular nucleus,left
119,2209,2111,1193,547,497,Intermediate reticular nucleus,right
120,1945,3021,1195,488,693,Spinal vestibular nucleus,left
120,2008,2884,1196,500,660,Medial vestibular nucleus,left
120,2140,2648,1197,533,610,Medulla,left
120,2157,2689,1197,536,618,Medulla,left
120,2394,2171,1189,596,511,Intermediate reticular nucleus,right
120,2976,2932,1172,730,664,Inferior olivary complex,left
121,2779,2494,1180,684,570,Medulla,right
121,2000,3077,1193,502,704,Spinal vestibular nucleus,left
121,2771,2737,1179,680,621,Magnocellular reticular nucleus,left
121,2775,2140,1178,684,497,Gigantocellular reticular nucleus,right
121,2798,2483,1179,689,568,Medulla,right
121,2848,3199,1176,704,724,rubrospinal tract,left
121,2794,2649,1179,685,604,Medulla,left
121,2901,2925,1174,712,661,Medulla,left
122,1934,3071,1194,487,705,Spinal vestibular nucleus,left
122,2039,3061,1191,511,699,Spinal vestibular nucleus,left
122,2252,3251,1182,562,738,"Spinal nucleus of the trigeminal, interpolar part",left
122,2310,2390,1192,576,555,Gigantocellular reticular nucleus,right
122,2947,2823,1171,721,641,Inferior olivary complex,left
122,1775,2733,1197,447,636,Nodulus (X),left
122,1908,3010,1195,479,692,Spinal vestibular nucleus,left
122,1920,3018,1195,482,694,Spinal vestibular nucleus,left
122,1960,2973,1194,490,682,Spinal vestibular nucleus,left
122,1999,3104,1191,503,711,Spinal vestibular nucleus,left
122,2774,2845,1176,682,643,Gigantocellular reticular nucleus,left
122,2964,2857,1171,726,648,Inferior olivary complex,left
122,2733,1629,1181,681,390,Parvicellular reticular nucleus,right
123,2720,2838,1177,670,642,Gigantocellular reticular nucleus,left
123,1575,3076,1198,404,715,Interposed nucleus,left
123,1850,2855,1195,463,660,Medial vestibular nucleus,left
123,1871,3003,1195,470,692,Spinal vestibular nucleus,left
123,2399,2886,1184,599,653,Intermediate reticular nucleus,left
123,2424,3487,1186,610,788,"Spinal nucleus of the trigeminal, interpolar part",left
123,2644,2482,1183,653,570,Nucleus raphe obscurus,right
123,2799,2503,1178,688,572,Inferior olivary complex,left
123,2953,2901,1170,724,657,Medulla,left
124,2898,2765,1172,709,628,Inferior olivary complex,left
124,1911,2988,1194,479,687,Spinal vestibular nucleus,left
124,1915,2716,1196,477,627,Medial vestibular nucleus,left
124,1919,2948,1194,480,678,Spinal vestibular nucleus,left
124,2161,2420,1195,538,560,Nucleus prepositus,right
124,2434,1817,1181,605,433,Linear nucleus of the medulla,right
124,2927,2801,1171,716,636,Inferior olivary complex,left
125,2913,2507,1172,715,569,Nucleus raphe pallidus,right
125,1876,2664,1196,469,618,Medial vestibular nucleus,left
125,2150,2720,1195,534,624,Medulla,left
125,2515,2272,1186,623,531,Gigantocellular reticular nucleus,right
125,2583,2718,1184,639,617,Gigantocellular reticular nucleus,left
125,2848,2855,1173,699,646,Medulla,left
125,1781,2733,1196,448,636,Nodulus (X),left
125,2592,2503,1185,641,576,crossed tectospinal pathway,left
125,2647,2815,1180,653,636,Gigantocellular reticular nucleus,left
125,2764,2236,1178,680,516,Magnocellular reticular nucleus,right
126,1966,1776,1198,487,426,Spinal vestibular nucleus,right
126,2206,1520,1189,548,373,"Spinal nucleus of the trigeminal, interpolar part",right
126,2632,2633,1183,648,601,Gigantocellular reticular nucleus,left
126,2951,2823,1169,722,641,Inferior olivary complex,left
126,2975,2901,1169,729,657,Inferior olivary complex,left
126,1273,2747,1209,333,643,arbor vitae,left
126,1630,3180,1195,415,736,Interposed nucleus,left
126,2080,1733,1194,516,417,Medulla,right
127,2812,2492,1175,690,569,Medulla,right
127,1902,3034,1192,477,698,Spinal vestibular nucleus,left
127,2032,3062,1188,508,700,Spinal vestibular nucleus,left
127,2088,3012,1188,521,687,Nucleus of the solitary tract,left
127,2589,2339,1183,640,544,Gigantocellular reticular nucleus,right
127,2713,3117,1173,671,704,"Paragigantocellular reticular nucleus, lateral part",left
127,2774,2110,1174,683,491,"Paragigantocellular reticular nucleus, lateral part",right
127,2850,2618,1173,697,597,Inferior olivary complex,left
127,2893,2500,1171,710,569,Nucleus raphe pallidus,right
129,1252,2743,1209,326,643,Declive (VI),left
129,1594,3144,1195,407,729,Interposed nucleus,left
129,1854,2755,1194,463,638,Medial vestibular nucleus,left
129,1892,2937,1193,472,676,Spinal vestibular nucleus,left
129,1952,2945,1192,486,675,Spinal vestibular nucleus,left
129,2093,2287,1194,518,531,Nucleus prepositus,right
129,2802,2491,1176,687,569,Medulla,right
129,2027,3049,1189,507,697,Spinal vestibular nucleus,left
129,2983,2912,1167,731,659,Inferior olivary complex,left
129,3016,2927,1167,739,663,Medulla,left
128,1457,2033,1208,371,487,Fastigial nucleus,right
128,1928,2891,1193,480,664,Medial vestibular nucleus,left
128,2051,2819,1193,507,645,Medial vestibular nucleus,left
128,1933,3068,1191,486,705,Spinal vestibular nucleus,left
128,2721,2469,1179,669,567,Nucleus raphe obscurus,right
128,1273,2750,1208,332,644,Declive (VI),left
128,2774,2112,1174,683,491,"Paragigantocellular reticular nucleus, lateral part",right
130,2837,2952,1170,697,665,"Paragigantocellular reticular nucleus, lateral part",left
130,2979,2899,1167,730,657,Inferior olivary complex,left
130,1038,2699,1216,278,631,Lobules IV-V,left
130,1968,2921,1191,490,669,Spinal vestibular nucleus,left
130,1975,2146,1194,486,502,Medial vestibular nucleus,right
130,2028,3040,1188,508,695,Spinal vestibular nucleus,left
130,2429,1647,1178,603,400,Parvicellular reticular nucleus,right
130,2007,3104,1187,504,711,Spinal vestibular nucleus,left
133,1056,2726,1215,281,637,Lobules IV-V,left
133,1051,2699,1215,280,631,Lobules IV-V,left
133,1066,2746,1215,283,641,Declive (VI),left
133,1081,2739,1214,287,640,Declive (VI),left
133,2006,2752,1192,496,632,Medial vestibular nucleus,left
133,2501,1748,1177,620,419,Parvicellular reticular nucleus,right
133,2740,2474,1176,673,567,Nucleus raphe obscurus,right
133,2871,2499,1170,703,569,Nucleus raphe pallidus,right
133,1874,1970,1195,463,468,Spinal vestibular nucleus,right
133,1957,2972,1190,488,681,Spinal vestibular nucleus,left
133,2391,2076,1182,594,491,Intermediate reticular nucleus,right
133,2596,2624,1181,640,599,Gigantocellular reticular nucleus,left
133,2762,2263,1174,678,523,Magnocellular reticular nucleus,right
133,2840,2492,1172,696,568,Nucleus raphe pallidus,right
133,2692,2626,1178,660,599,Magnocellular reticular nucleus,left
132,1118,2718,1212,296,637,Lobules IV-V,left
132,2767,2496,1175,679,571,Nucleus raphe obscurus,left
132,2841,3019,1169,698,681,"Paragigantocellular reticular nucleus, lateral part",left
132,2869,2507,1170,703,571,Nucleus raphe pallidus,left
132,1960,2680,1193,487,619,Medial vestibular nucleus,left
132,1992,2990,1189,497,684,Spinal vestibular nucleus,left
132,2056,2055,1191,506,485,Medial vestibular nucleus,right
132,2457,3640,1186,625,826,inferior cerebellar peduncle,left
132,2734,2644,1176,670,602,Magnocellular reticular nucleus,left
131,1969,3013,1189,493,691,Spinal vestibular nucleus,left
131,2730,2125,1174,672,496,"Paragigantocellular reticular nucleus, lateral part",right
131,2742,2500,1176,673,573,Nucleus raphe obscurus,left
131,1866,2814,1192,464,651,Medial vestibular nucleus,left
131,2492,2882,1179,619,651,Intermediate reticular nucleus,left
131,2777,2483,1175,681,569,Medulla,right
131,2957,2622,1166,723,596,Inferior olivary complex,left
131,1045,2699,1215,279,631,Lobules IV-V,left
131,1100,2721,1213,292,636,Lobules IV-V,left
131,1107,2720,1213,293,636,Lobules IV-V,left
131,1852,2891,1192,462,668,Spinal vestibular nucleus,left
131,1895,2033,1194,468,481,Medial vestibular nucleus,right
134,1042,2730,1215,277,637,Lobules IV-V,left
134,1070,2724,1214,284,637,Lobules IV-V,left
134,1089,2739,1213,289,640,Lobules IV-V,left
134,1107,2719,1212,292,636,Lobules IV-V,left
134,1934,3138,1187,487,721,Spinal vestibular nucleus,left
134,1939,2963,1189,484,680,Spinal vestibular nucleus,left
134,2455,2253,1183,608,528,Gigantocellular reticular nucleus,right
134,2642,2569,1179,650,588,Gigantocellular reticular nucleus,left
134,2954,2885,1165,723,653,Medulla,left
134,2983,2896,1164,730,656,Inferior olivary complex,left
134,2990,2895,1164,732,656,Medulla,left
134,1100,2746,1213,291,641,Declive (VI),left
134,1982,2941,1189,493,673,Spinal vestibular nucleus,left
134,2128,1649,1188,528,400,"Spinal nucleus of the trigeminal, interpolar part",right
134,2937,3151,1167,723,713,ventral spinocerebellar tract,left
136,2083,2335,1190,516,541,Nucleus prepositus,right
135,1921,3221,1184,484,739,Medulla,left
135,1940,2748,1190,481,634,Medial vestibular nucleus,left
135,2093,2187,1189,516,511,Dorsal motor nucleus of the vagus nerve,right
135,2740,2729,1172,671,619,Magnocellular reticular nucleus,left
135,1966,3119,1185,494,715,Spinal vestibular nucleus,left
135,2610,2845,1174,645,643,Gigantocellular reticular nucleus,left
135,2813,2497,1171,690,570,Medulla,right
137,2010,2103,1190,494,495,Medial vestibular nucleus,right
137,2584,3366,1176,640,761,"Spinal nucleus of the trigeminal, interpolar part",left
137,1988,2938,1188,495,673,Spinal vestibular nucleus,left
137,2093,2734,1190,519,627,Dorsal motor nucleus of the vagus nerve,left
137,2096,2186,1189,516,511,Dorsal motor nucleus of the vagus nerve,right
137,2404,1494,1178,597,368,"Spinal nucleus of the trigeminal, interpolar part",right
137,2452,2257,1182,606,528,Gigantocellular reticular nucleus,right
137,2559,2606,1181,632,595,Gigantocellular reticular nucleus,left
137,2612,2846,1174,645,643,Gigantocellular reticular nucleus,left
137,2722,2490,1175,668,571,Nucleus raphe obscurus,left
137,2893,2505,1167,709,570,Nucleus raphe pallidus,right
137,2987,2900,1163,730,657,Inferior olivary complex,left
137,2814,2912,1168,691,657,"Paragigantocellular reticular nucleus, lateral part",left
137,2989,2893,1163,732,656,Medulla,left
139,1467,2058,1201,372,492,Fastigial nucleus,right
139,2651,2675,1175,651,608,Gigantocellular reticular nucleus,left
139,1461,3011,1195,375,701,Cerebellum,left
139,2749,2603,1172,673,594,Magnocellular reticular nucleus,left
139,2979,2880,1161,728,652,Inferior olivary complex,left
139,3019,2911,1160,739,660,Medulla,left
138,2444,2352,1182,606,547,Gigantocellular reticular nucleus,right
138,2819,2496,1170,691,570,Nucleus raphe pallidus,right
138,2894,2891,1165,708,653,Medulla,left
138,2948,2888,1163,721,654,Medulla,left
138,2981,2937,1163,729,664,Medulla,left
138,1104,2743,1211,291,641,Lobules IV-V,left
138,2278,1543,1180,565,379,"Spinal nucleus of the trigeminal, interpolar part",right
138,2462,2083,1178,610,492,Intermediate reticular nucleus,right
138,2816,2790,1168,688,632,Magnocellular reticular nucleus,left
138,2837,2500,1169,694,570,Nucleus raphe pallidus,right
138,2941,2768,1163,718,629,Inferior olivary complex,left
138,2981,2844,1162,728,645,Medulla,left
138,1621,1797,1199,403,434,arbor vitae,right
140,1045,2695,1212,277,630,Lobules IV-V,left
140,1951,3061,1185,489,702,Spinal vestibular nucleus,left
140,1126,2713,1209,296,636,Lobules IV-V,left
140,1239,2778,1204,323,649,Declive (VI),left
140,1514,3054,1193,388,710,Interposed nucleus,left
140,2045,1701,1188,507,409,Nucleus x,right
140,2840,2898,1165,696,655,"Paragigantocellular reticular nucleus, lateral part",left
140,2937,3011,1163,720,680,"Paragigantocellular reticular nucleus, lateral part",left
140,1229,2728,1204,320,639,Lobules IV-V,left
140,1935,2899,1187,480,666,Medial vestibular nucleus,left
140,2065,1780,1187,510,427,Spinal vestibular nucleus,right
140,2763,2475,1171,678,567,Nucleus raphe obscurus,right
140,2866,2500,1167,701,570,Nucleus raphe pallidus,right
140,2959,2857,1162,723,647,Inferior olivary complex,left
146,1027,2749,1211,270,641,Lobules IV-V,left
146,2746,2649,1169,671,603,Magnocellular reticular nucleus,left
146,1671,1700,1193,411,412,Interposed nucleus,right
146,2059,2715,1186,509,624,Medial vestibular nucleus,left
146,2612,2622,1174,642,598,Gigantocellular reticular nucleus,left
146,2719,2630,1170,666,599,Magnocellular reticular nucleus,left
146,3019,2847,1157,738,645,Medulla,left
146,2331,2949,1175,579,669,Intermediate reticular nucleus,left
141,2068,2802,1188,511,641,Medial vestibular nucleus,left
141,1017,2755,1213,269,642,Lobules IV-V,left
141,1053,2695,1212,279,630,Lobules IV-V,left
141,1612,1755,1198,400,425,Interposed nucleus,right
141,2284,3102,1175,568,704,Parvicellular reticular nucleus,left
141,2532,3015,1171,629,682,Intermediate reticular nucleus,left
141,2707,2665,1173,663,606,Magnocellular reticular nucleus,left
141,2830,2499,1168,693,571,Nucleus raphe pallidus,left
141,2940,2893,1162,719,655,Medulla,left
141,2941,2763,1162,717,628,Inferior olivary complex,left
141,1074,2721,1211,284,636,Lobules IV-V,left
141,2066,1667,1188,512,402,Medulla,right
144,1066,2721,1210,281,636,Lobules IV-V,left
144,2875,2504,1164,703,571,Nucleus raphe pallidus,left
144,2817,2034,1165,692,475,"Paragigantocellular reticular nucleus, lateral part",right
144,2808,2493,1167,688,570,Medulla,right
144,2844,2493,1166,696,569,Nucleus raphe pallidus,right
144,2899,2509,1163,709,571,Nucleus raphe pallidus,left
142,2909,2506,1164,712,570,Nucleus raphe pallidus,right
142,1929,3084,1184,485,708,Spinal vestibular nucleus,left
142,2891,2602,1164,705,592,Inferior olivary complex,left
142,2099,1767,1185,518,424,Spinal vestibular nucleus,right
142,1106,2742,1209,291,640,Lobules IV-V,left
142,1247,2859,1203,323,667,Declive (VI),left
142,1927,2174,1188,473,508,Medial vestibular nucleus,right
142,2687,2115,1171,661,495,Gigantocellular reticular nucleus,right
143,1974,3088,1182,496,708,Spinal vestibular nucleus,left
143,2899,2503,1163,709,570,Nucleus raphe pallidus,right
143,2031,2647,1187,503,610,Medial vestibular nucleus,left
143,2709,3086,1166,668,697,"Paragigantocellular reticular nucleus, lateral part",left
145,1867,2757,1187,463,638,Medial vestibular nucleus,left
145,1960,3029,1183,490,695,Spinal vestibular nucleus,left
145,1482,1948,1199,374,468,Fastigial nucleus,right
145,1848,2897,1186,461,669,Spinal vestibular nucleus,left
145,1907,2938,1186,474,676,Spinal vestibular nucleus,left
145,2033,2648,1187,504,611,Medial vestibular nucleus,left
145,2691,2116,1170,662,495,Gigantocellular reticular nucleus,right
145,2787,2687,1167,680,610,Magnocellular reticular nucleus,left
145,2955,2865,1160,722,649,Inferior olivary complex,left
145,2978,2834,1159,728,643,Medulla,left
145,3003,2872,1159,735,651,Medulla,left
145,2915,2498,1162,713,569,Nucleus raphe pallidus,right
147,1901,2124,1185,466,498,Medial vestibular nucleus,right
147,2088,2673,1185,518,615,Medial vestibular nucleus,left
147,2986,2881,1157,729,652,Inferior olivary complex,left
147,1048,2694,1209,276,630,Lobules IV-V,left
147,2770,2651,1167,676,603,Magnocellular reticular nucleus,left
147,2998,2891,1157,733,655,Medulla,left
147,1108,2712,1206,291,634,Lobules IV-V,left
147,1124,2711,1206,294,634,Lobules IV-V,left
147,2528,2783,1173,625,630,Gigantocellular reticular nucleus,left
148,2947,2889,1158,719,654,Medulla,left
148,2629,2723,1171,646,618,Gigantocellular reticular nucleus,left
148,3030,2894,1156,741,656,Medulla,left
149,1848,2671,1185,461,620,Medial vestibular nucleus,left
149,1925,2970,1183,479,682,Spinal vestibular nucleus,left
149,1927,3043,1182,482,699,Spinal vestibular nucleus,left
149,2079,2715,1185,514,623,Medial vestibular nucleus,left
149,2538,2424,1175,626,561,Gigantocellular reticular nucleus,right
149,2840,2493,1164,694,569,Nucleus raphe pallidus,right
149,1622,1830,1193,402,441,arbor vitae,right
149,2960,2868,1158,723,650,Inferior olivary complex,left
150,1106,2741,1206,289,640,Lobules IV-V,left
150,1934,2996,1182,482,687,Spinal vestibular nucleus,left
150,1942,2967,1182,483,681,Spinal vestibular nucleus,left
150,2694,2772,1167,660,627,Gigantocellular reticular nucleus,left
150,2861,3046,1160,702,686,"Paragigantocellular reticular nucleus, lateral part",left
150,2862,2495,1162,699,569,Nucleus raphe pallidus,right
151,1280,2454,1196,333,582,Lobules IV-V,left
151,2833,3012,1160,695,678,"Paragigantocellular reticular nucleus, lateral part",left
151,2870,2506,1161,701,571,Nucleus raphe pallidus,left
151,1702,2789,1184,427,651,Nodulus (X),left
152,2960,2881,1156,722,652,Medulla,left
152,2702,2673,1167,661,608,Magnocellular reticular nucleus,left
152,2858,1987,1160,702,464,"Paragigantocellular reticular nucleus, lateral part",right
153,1573,1853,1192,393,446,arbor vitae,right
153,2063,2759,1183,510,633,Medial vestibular nucleus,left
153,2757,2497,1166,674,571,Nucleus raphe obscurus,left
153,2850,3041,1159,699,685,"Paragigantocellular reticular nucleus, lateral part",left
153,2217,2570,1180,550,591,"Paragigantocellular reticular nucleus, dorsal part",left
153,2403,3579,1174,608,811,spinal tract of the trigeminal nerve,left
153,2448,2938,1170,609,665,Intermediate reticular nucleus,left
153,2703,2821,1165,663,637,Gigantocellular reticular nucleus,left
153,2897,2136,1159,708,493,Medulla,right
153,2924,2841,1157,713,643,Medulla,left
153,2964,2888,1156,724,654,Medulla,left
153,3005,2823,1154,733,641,Medulla,left
153,1625,1682,1191,401,407,Interposed nucleus,right
153,1885,3034,1182,472,698,Spinal vestibular nucleus,left
153,1892,2903,1182,469,669,Spinal vestibular nucleus,left
153,2960,2740,1155,721,622,Inferior olivary complex,left
154,1896,2959,1181,472,681,Spinal vestibular nucleus,left
154,2820,2489,1162,689,569,Medulla,right
154,2927,3007,1157,716,678,"Paragigantocellular reticular nucleus, lateral part",left
154,2976,2853,1154,726,647,Inferior olivary complex,left
154,1226,2752,1198,317,642,Lobules IV-V,left
154,2516,2920,1168,624,660,Intermediate reticular nucleus,left
154,2912,2807,1156,709,635,Medulla,left
154,2994,2821,1154,731,640,Medulla,left
154,2057,3108,1174,514,711,Spinal vestibular nucleus,left
154,3001,2886,1154,733,653,Medulla,left
155,2961,2854,1154,722,646,Inferior olivary complex,left
155,1049,2726,1206,274,636,Lobules IV-V,left
155,2337,2916,1172,579,661,Intermediate reticular nucleus,left
155,2777,2476,1164,679,567,Nucleus raphe obscurus,right
155,2906,2885,1156,709,652,Medulla,left
155,1637,1713,1188,403,415,Interposed nucleus,right
155,1803,1599,1185,440,386,lateral recess,right
155,2578,2641,1171,634,601,Gigantocellular reticular nucleus,left
155,2779,2483,1163,680,569,Nucleus raphe obscurus,right
155,1067,2733,1205,278,639,Lobules IV-V,left
155,2502,1653,1165,617,401,Parvicellular reticular nucleus,right
155,2944,2515,1155,718,572,Nucleus raphe pallidus,left
156,1101,2720,1204,287,636,Lobules IV-V,left
156,2948,2898,1154,720,656,Medulla,left
156,1871,2780,1181,463,644,Medial vestibular nucleus,left
156,1938,2933,1180,481,674,Spinal vestibular nucleus,left
156,2691,2487,1167,659,570,Nucleus raphe obscurus,right
156,2702,2644,1166,660,602,Magnocellular reticular nucleus,left
156,2975,2832,1153,725,641,Inferior olivary complex,left
156,2984,2868,1153,728,650,Inferior olivary complex,left
156,862,2728,1211,223,634,Lobules IV-V,left
156,1544,1715,1192,383,415,Interposed nucleus,right
157,2012,3273,1171,505,749,Nucleus x,left
157,2867,3070,1157,703,692,"Paragigantocellular reticular nucleus, lateral part",left
157,2963,2839,1154,723,643,Inferior olivary complex,left
157,652,2725,1222,160,628,Declive (VI),left
157,1434,1925,1195,363,462,Fastigial nucleus,right
157,2148,2334,1178,532,543,"Paragigantocellular reticular nucleus, dorsal part",right
157,2656,2629,1168,650,599,Gigantocellular reticular nucleus,left
157,2790,2347,1163,683,539,Magnocellular reticular nucleus,right
157,2808,2007,1159,690,470,"Paragigantocellular reticular nucleus, lateral part",right
157,2011,2934,1178,498,672,Medial vestibular nucleus,left
157,2178,2361,1178,540,549,"Paragigantocellular reticular nucleus, dorsal part",right
158,2590,2493,1170,636,574,crossed tectospinal pathway,left
158,2709,2640,1165,662,601,Magnocellular reticular nucleus,left
158,2901,2505,1156,707,571,Nucleus raphe pallidus,left
158,1057,2725,1205,275,636,Lobules IV-V,left
158,2402,2028,1170,593,482,Intermediate reticular nucleus,right
158,1098,2744,1203,286,641,Lobules IV-V,left
158,1142,2751,1201,296,642,Lobules IV-V,left
158,1523,1867,1191,382,448,arbor vitae,right
158,1591,1713,1189,393,415,Interposed nucleus,right
158,1624,1739,1187,402,420,Interposed nucleus,right
158,1968,2957,1178,489,677,Spinal vestibular nucleus,left
158,2663,2582,1167,652,590,Magnocellular reticular nucleus,left
158,2889,2498,1157,705,570,Nucleus raphe pallidus,right
158,2959,2743,1152,721,623,Inferior olivary complex,left
159,1952,2759,1179,481,636,Medial vestibular nucleus,left
159,2568,2029,1165,635,479,Intermediate reticular nucleus,right
161,1995,1887,1180,491,450,Spinal vestibular nucleus,right
161,1099,2649,1202,286,622,Lobules IV-V,left
161,1417,1915,1194,358,460,Fastigial nucleus,right
161,1472,2116,1190,371,504,Fastigial nucleus,right
161,1854,2972,1179,462,685,Spinal vestibular nucleus,left
161,1959,3058,1175,490,701,Spinal vestibular nucleus,left
161,1963,2955,1177,487,678,Spinal vestibular nucleus,left
161,1978,2778,1179,488,639,Medial vestibular nucleus,left
161,1998,1647,1179,495,396,Nucleus x,right
161,2014,2939,1176,499,673,Medial vestibular nucleus,left
161,2158,2355,1176,534,547,"Paragigantocellular reticular nucleus, dorsal part",right
161,2870,2919,1155,701,659,"Paragigantocellular reticular nucleus, lateral part",left
161,2892,3037,1155,708,684,"Paragigantocellular reticular nucleus, lateral part",left
161,2980,2873,1151,727,651,Medulla,left
161,1615,1791,1187,400,431,Interposed nucleus,right
161,2037,3307,1168,510,755,Nucleus x,left
161,2956,2738,1152,719,622,Inferior olivary complex,left
161,2959,2879,1152,722,652,Medulla,left
161,3025,2873,1150,739,652,Medulla,left
160,864,2729,1209,223,634,Lobules IV-V,left
160,1522,1865,1190,381,448,Cerebellum,right
162,1013,2707,1205,264,632,Lobules IV-V,left
162,1507,3018,1183,384,701,Interposed nucleus,left
162,1512,3105,1183,383,720,Interposed nucleus,left
162,1555,1918,1187,389,459,Fastigial nucleus,right
162,1892,3016,1177,471,694,Spinal vestibular nucleus,left
162,2597,2631,1168,636,599,Gigantocellular reticular nucleus,left
162,2947,2749,1151,717,624,Inferior olivary complex,left
164,1064,2722,1202,276,635,Lobules IV-V,left
164,1203,2916,1194,311,678,Lobules IV-V,left
164,2962,2852,1150,721,645,Medulla,left
164,2338,2371,1171,578,551,Gigantocellular reticular nucleus,right
164,2646,2407,1165,647,555,crossed tectospinal pathway,right
164,2970,2800,1149,723,635,Inferior olivary complex,left
164,871,2728,1207,224,634,Lobules IV-V,left
164,2660,3227,1159,654,730,Parvicellular reticular nucleus,left
163,1061,2694,1202,275,630,Lobules IV-V,left
163,1080,2698,1201,280,632,Lobules IV-V,left
163,1228,2767,1193,317,645,Lobules IV-V,left
163,2178,2259,1173,539,529,"Paragigantocellular reticular nucleus, dorsal part",right
163,1088,2694,1201,283,631,Lobules IV-V,left
163,1187,2758,1196,306,644,Lobules IV-V,left
163,1507,2088,1187,379,498,Fastigial nucleus,right
163,2415,1774,1164,595,426,Parvicellular reticular nucleus,right
163,2694,2619,1163,658,597,Magnocellular reticular nucleus,left
163,2957,2789,1150,719,633,Inferior olivary complex,left
163,1634,1617,1185,401,392,Interposed nucleus,right
163,1975,1825,1178,487,437,Spinal vestibular nucleus,right
163,2928,2805,1151,713,635,Medulla,left
165,1089,2741,1201,283,640,Lobules IV-V,left
165,1121,2713,1199,290,635,Lobules IV-V,left
165,1049,2716,1203,272,634,Lobules IV-V,left
165,2708,2669,1162,662,607,Magnocellular reticular nucleus,left
165,2713,2600,1162,663,593,Magnocellular reticular nucleus,left
165,1921,2948,1176,476,678,Spinal vestibular nucleus,left
166,2969,2847,1149,724,644,Inferior olivary complex,left
166,1052,2728,1202,272,637,Lobules IV-V,left
166,1143,2742,1197,296,640,Lobules IV-V,left
166,1097,2732,1200,284,638,Lobules IV-V,left
166,1115,2719,1199,289,636,Lobules IV-V,left
166,1976,2875,1175,487,660,Medial vestibular nucleus,left
166,2965,2908,1149,723,658,Medulla,left
167,1027,2742,1202,265,639,Lobules IV-V,left
167,2678,2628,1162,655,599,Magnocellular reticular nucleus,left
167,1840,2777,1175,455,644,Medial vestibular nucleus,left
167,2960,2792,1148,720,633,Inferior olivary complex,left
168,2942,2521,1149,716,574,Nucleus raphe pallidus,left
168,2196,2350,1171,542,547,"Paragigantocellular reticular nucleus, dorsal part",right
168,2845,2496,1154,693,570,Nucleus raphe pallidus,right
168,2098,2102,1173,515,495,Medial vestibular nucleus,right
169,1060,2744,1201,274,640,Lobules IV-V,left
169,2961,2842,1148,721,643,Inferior olivary complex,left
169,2548,1903,1161,630,452,Intermediate reticular nucleus,right
169,2610,3067,1157,645,693,Intermediate reticular nucleus,left
169,2950,2517,1149,718,573,Nucleus raphe pallidus,left
169,2963,2049,1149,725,475,Medulla,right
169,2963,2908,1148,723,658,Medulla,left
169,2974,2834,1147,725,642,Inferior olivary complex,left
169,1615,1619,1183,396,393,Interposed nucleus,right
169,1887,2975,1175,468,685,Spinal vestibular nucleus,left
169,1899,2917,1175,470,672,Spinal vestibular nucleus,left
170,2996,3033,1147,734,686,Medulla,left
170,1569,2953,1177,398,687,Fastigial nucleus,left
170,2977,2890,1147,725,654,Medulla,left
170,3011,2958,1146,736,670,Medulla,left
170,1164,2817,1194,301,656,Lobules IV-V,left
170,1891,2964,1174,469,683,Spinal vestibular nucleus,left
170,1939,2933,1173,480,674,Spinal vestibular nucleus,left
170,2013,2897,1173,497,663,Medial vestibular nucleus,left
170,2448,2546,1168,603,584,Gigantocellular reticular nucleus,left
170,2476,2542,1167,609,583,Gigantocellular reticular nucleus,left
170,2500,1710,1159,615,413,Parvicellular reticular nucleus,right
170,2898,3069,1150,711,692,"Paragigantocellular reticular nucleus, lateral part",left
170,2926,2829,1148,712,641,Medulla,left
170,1917,2923,1174,474,673,Spinal vestibular nucleus,left
170,2952,2739,1147,717,622,Inferior olivary complex,left
171,3025,2833,1144,738,643,Medulla,left
171,1487,1992,1184,374,475,Fastigial nucleus,right
171,1511,3077,1179,383,713,Interposed nucleus,left
171,2111,2266,1171,519,528,Nucleus prepositus,right
171,2774,2479,1156,677,568,Nucleus raphe obscurus,right
171,2869,2794,1149,698,633,Magnocellular reticular nucleus,left
171,2958,2829,1146,721,641,Inferior olivary complex,left
171,2066,3285,1162,516,750,Nucleus x,left
171,2579,3031,1156,638,685,Intermediate reticular nucleus,left
171,2944,2479,1148,717,565,Nucleus raphe pallidus,right
171,876,2728,1204,224,634,Lobules IV-V,left
171,2163,2173,1170,533,512,Medulla,right
171,2542,3442,1161,630,775,"Spinal nucleus of the trigeminal, oral part",left
172,2898,2793,1148,705,633,Medulla,left
172,1558,1842,1182,388,442,Interposed nucleus,right
172,1617,1871,1180,400,448,Cerebellum,right
172,2521,2936,1160,623,663,Intermediate reticular nucleus,left
172,2702,2488,1159,659,571,Nucleus raphe obscurus,left
172,2969,2845,1146,723,644,Inferior olivary complex,left
172,833,2743,1205,213,637,Lobules IV-V,left
172,886,2726,1204,227,634,Lobules IV-V,left
173,1027,2733,1201,264,638,Lobules IV-V,left
173,1996,2956,1171,493,677,Spinal vestibular nucleus,left
173,2886,2056,1150,705,478,"Paragigantocellular reticular nucleus, lateral part",right
173,1009,2751,1201,260,641,Lobules IV-V,left
173,1606,1885,1181,398,451,Cerebellum,right
173,2081,2037,1172,509,482,Medial vestibular nucleus,right
173,2118,2186,1171,521,513,Medial vestibular nucleus,right
173,2831,2966,1150,693,668,"Paragigantocellular reticular nucleus, lateral part",left
173,2934,2501,1148,714,570,Nucleus raphe pallidus,right
173,2972,2811,1145,723,637,Inferior olivary complex,left
173,2397,2790,1167,592,632,Intermediate reticular nucleus,left
173,2432,1559,1159,598,383,"Spinal nucleus of the trigeminal, oral part",right
173,2703,2660,1158,660,605,Magnocellular reticular nucleus,left
173,2916,2505,1149,709,571,Nucleus raphe pallidus,left
174,925,2690,1202,237,627,Lobules IV-V,left
174,1112,2133,1197,286,509,Lobules IV-V,right
174,2328,2809,1167,576,637,Intermediate reticular nucleus,left
174,2851,2886,1149,695,651,"Paragigantocellular reticular nucleus, lateral part",left
174,2892,2488,1149,703,568,Nucleus raphe pallidus,right
174,2963,2883,1145,723,653,Medulla,left
174,2963,2860,1145,722,647,Medulla,left
174,2048,2163,1171,502,507,Medial vestibular nucleus,right
174,2900,2507,1148,706,571,Nucleus raphe pallidus,left
174,2972,2823,1145,723,640,Inferior olivary complex,left
175,1011,2739,1200,259,639,Lobules IV-V,left
175,1062,2724,1198,273,636,Lobules IV-V,left
175,2285,2350,1166,564,548,Gigantocellular reticular nucleus,right
175,1916,1804,1175,471,432,Spinal vestibular nucleus,right
175,1763,1682,1176,430,404,lateral recess,right
175,1909,2997,1170,474,689,Spinal vestibular nucleus,left
175,2181,2242,1167,538,525,"Paragigantocellular reticular nucleus, dorsal part",right
175,2711,2989,1152,666,674,"Paragigantocellular reticular nucleus, lateral part",left
175,2906,2505,1147,706,571,Nucleus raphe pallidus,left
176,2041,3335,1161,509,762,Medulla,left
176,1693,1704,1177,415,411,Interposed nucleus,right
176,1937,1928,1174,474,459,Spinal vestibular nucleus,right
176,2577,3030,1155,637,685,Intermediate reticular nucleus,left
176,1504,1954,1182,377,467,Fastigial nucleus,right
177,1974,3003,1168,490,689,Spinal vestibular nucleus,left
177,3011,2834,1142,734,643,Medulla,left
177,1478,1961,1183,372,469,Fastigial nucleus,right
177,1858,2892,1172,460,668,Medial vestibular nucleus,left
177,1859,2983,1171,462,688,Spinal vestibular nucleus,left
177,1958,2891,1171,483,664,Medial vestibular nucleus,left
177,2614,2781,1158,641,629,Gigantocellular reticular nucleus,left
177,2960,2082,1146,722,482,Medulla,right
177,2969,2882,1144,724,652,Medulla,left
177,2973,2804,1143,724,636,Inferior olivary complex,left
177,2978,2153,1146,726,497,Inferior olivary complex,right
177,1695,1663,1176,414,402,Interposed nucleus,right
179,2038,2230,1169,500,520,Medial vestibular nucleus,right
179,1025,2738,1198,262,639,Lobules IV-V,left
179,1483,2741,1176,375,637,Fastigial nucleus,left
179,2147,2327,1167,528,541,"Paragigantocellular reticular nucleus, dorsal part",right
179,2808,2501,1150,684,572,Nucleus raphe obscurus,left
179,1707,1707,1175,417,411,Interposed nucleus,right
179,2262,2319,1164,557,542,Gigantocellular reticular nucleus,right
179,2834,2868,1147,691,648,"Paragigantocellular reticular nucleus, lateral part",left
179,3029,2864,1140,739,649,Medulla,left
179,1859,2978,1170,462,687,Spinal vestibular nucleus,left
178,2169,2541,1168,536,585,"Paragigantocellular reticular nucleus, dorsal part",left
178,1920,3026,1169,477,695,Spinal vestibular nucleus,left
178,2096,3373,1159,522,770,Medulla,left
178,2251,2940,1163,555,668,Parvicellular reticular nucleus,left
178,2945,2514,1144,716,573,Nucleus raphe pallidus,left
178,2969,2868,1143,723,650,Medulla,left
178,1660,1704,1176,407,411,Interposed nucleus,right
180,1503,3060,1175,381,709,Interposed nucleus,left
180,1984,3122,1164,496,715,Spinal vestibular nucleus,left
180,1902,2687,1170,469,623,Medial vestibular nucleus,left
180,1910,2886,1169,471,665,Medial vestibular nucleus,left
180,2714,2687,1154,662,610,Magnocellular reticular nucleus,left
180,2829,2502,1149,689,571,Nucleus raphe obscurus,left
180,2977,2825,1142,724,640,Inferior olivary complex,left
180,2831,2510,1149,688,573,Inferior olivary complex,left
181,962,2742,1199,245,638,Lobules IV-V,left
181,1596,1659,1178,392,401,Interposed nucleus,right
181,1921,2070,1170,468,486,Medial vestibular nucleus,right
181,2022,1847,1170,497,440,Spinal vestibular nucleus,right
181,2110,2065,1167,517,488,Medial vestibular nucleus,right
181,2142,2341,1167,527,544,"Paragigantocellular reticular nucleus, dorsal part",right
181,2404,2925,1160,595,662,Intermediate reticular nucleus,left
181,2953,2518,1143,718,574,Nucleus raphe pallidus,left
181,2970,2801,1142,722,635,Inferior olivary complex,left
181,3010,2947,1141,736,666,Medulla,left
181,1994,1868,1170,491,446,Spinal vestibular nucleus,right
182,2971,2484,1142,722,566,Nucleus raphe pallidus,right
182,1019,2705,1197,261,632,Lobules IV-V,left
182,1923,2060,1169,470,484,Medial vestibular nucleus,right
182,2511,3490,1157,625,786,"Spinal nucleus of the trigeminal, oral part",left
182,2798,2487,1150,681,569,Nucleus raphe obscurus,right
182,2964,2882,1141,722,652,Medulla,left
184,1028,2768,1196,263,645,Lobules IV-V,left
184,953,2750,1198,243,640,Lobules IV-V,left
184,1518,1962,1177,380,468,Fastigial nucleus,right
184,2858,2726,1144,695,618,Magnocellular reticular nucleus,left
184,1855,2964,1168,460,684,Spinal vestibular nucleus,left
184,2442,1843,1154,599,441,Parvicellular reticular nucleus,right
183,2843,2489,1147,692,569,Nucleus raphe pallidus,right
183,2944,2511,1141,715,572,Nucleus raphe pallidus,left
183,1506,1949,1178,377,466,Fastigial nucleus,right
183,1625,1824,1174,402,438,Interposed nucleus,right
183,1970,2718,1168,485,628,Medial vestibular nucleus,left
183,2032,2101,1167,496,494,Medial vestibular nucleus,right
183,1929,2064,1168,471,485,Medial vestibular nucleus,right
183,2159,2537,1166,533,584,"Paragigantocellular reticular nucleus, dorsal part",left
183,2770,2763,1148,675,626,Magnocellular reticular nucleus,left
183,2849,2521,1146,693,575,Inferior olivary complex,left
185,1577,2068,1175,392,492,Fastigial nucleus,right
185,2067,2171,1166,506,508,Medial vestibular nucleus,right
185,2880,2516,1145,700,574,Nucleus raphe pallidus,left
185,2939,2098,1143,716,487,Medulla,right
185,1483,2127,1178,372,507,Fastigial nucleus,right
185,1655,1663,1173,405,402,Interposed nucleus,right
185,2732,3019,1148,670,681,"Paragigantocellular reticular nucleus, lateral part",left
185,2874,2838,1143,700,642,Medulla,left
186,1511,3047,1172,382,706,Interposed nucleus,left
186,2137,2198,1164,525,516,Medial vestibular nucleus,right
186,2873,2784,1143,699,631,Magnocellular reticular nucleus,left
186,2888,2098,1144,704,488,Medulla,right
186,979,2772,1197,249,645,Lobules IV-V,left
186,1065,2734,1193,272,638,Lobules IV-V,left
186,1138,2128,1191,291,508,Lobules IV-V,right
186,1618,1888,1173,401,451,Cerebellum,right
186,1957,1898,1169,480,452,Spinal vestibular nucleus,right
186,2834,2511,1146,689,573,Nucleus raphe obscurus,left
186,2946,2523,1140,715,575,Nucleus raphe pallidus,left
187,2965,2866,1138,722,648,Medulla,left
187,1434,1951,1179,361,467,Fastigial nucleus,right
187,1971,3186,1159,493,730,Spinal vestibular nucleus,left
187,2317,1843,1156,566,442,Parvicellular reticular nucleus,right
187,2352,2539,1161,578,584,Gigantocellular reticular nucleus,left
187,2935,2495,1140,712,569,Nucleus raphe pallidus,right
187,1742,1667,1170,424,401,Interposed nucleus,right
187,2908,2487,1142,706,567,Nucleus raphe pallidus,right
188,3022,2925,1137,738,662,Medulla,left
188,2089,2369,1164,514,550,Nucleus prepositus,right
188,2797,2453,1148,680,563,Medulla,right
188,2925,3048,1141,716,688,"Paragigantocellular reticular nucleus, lateral part",left
188,2925,2862,1140,712,647,Medulla,left
188,970,2747,1196,246,639,Lobules IV-V,left
188,1870,2133,1166,456,498,Medial vestibular nucleus,right
188,2883,2797,1141,701,633,Magnocellular reticular nucleus,left
188,2921,2513,1141,709,573,Nucleus raphe pallidus,left
188,1606,2859,1168,403,665,Nodulus (X),left
188,2952,2796,1139,717,633,Medulla,left
189,2080,3312,1155,517,756,Nucleus x,left
189,936,2751,1196,237,640,Lobules IV-V,left
189,1545,1925,1174,385,460,Fastigial nucleus,right
189,2860,2511,1144,695,573,Medulla,left
189,2924,2834,1140,711,642,Medulla,left
189,2931,2521,1140,711,574,Nucleus raphe pallidus,left
189,2940,2513,1140,714,573,Nucleus raphe pallidus,left
189,2527,2518,1158,617,579,Gigantocellular reticular nucleus,left
191,886,2729,1195,223,635,Lobules IV-V,left
191,2825,2482,1144,686,568,Nucleus raphe obscurus,right
191,1876,2970,1164,464,684,Spinal vestibular nucleus,left
191,2392,1773,1151,585,427,Parvicellular reticular nucleus,right
191,2761,2032,1145,675,477,"Paragigantocellular reticular nucleus, lateral part",right
191,2890,2791,1139,702,632,Magnocellular reticular nucleus,left
191,2905,2729,1138,705,619,Magnocellular reticular nucleus,left
191,2981,2868,1136,726,650,Medulla,left
190,1992,1921,1166,488,456,Spinal vestibular nucleus,right
190,2846,2479,1144,691,567,Nucleus raphe obscurus,right
190,2930,2510,1139,711,572,Nucleus raphe pallidus,left
190,1078,2786,1190,275,649,Lobules IV-V,left
190,2048,1954,1164,502,464,Medial vestibular nucleus,right
192,941,2733,1195,237,637,Lobules IV-V,left
192,2313,1858,1154,565,445,Parvicellular reticular nucleus,right
192,2955,2839,1137,719,643,Medulla,left
192,1503,2087,1173,376,497,Fastigial nucleus,right
193,1546,1964,1172,385,469,Fastigial nucleus,right
193,2928,2501,1138,711,570,Nucleus raphe pallidus,right
193,1104,2825,1188,281,657,Lobules IV-V,left
193,1621,1791,1171,400,430,Interposed nucleus,right
193,2888,2868,1139,703,649,Medulla,left
193,2979,2103,1138,726,487,Medulla,right
193,3033,2838,1134,740,644,Medulla,left
193,1197,2610,1184,304,612,arbor vitae,left
193,2120,2770,1163,522,634,Medial vestibular nucleus,left
193,2823,2601,1143,686,592,Magnocellular reticular nucleus,left
193,2971,2893,1137,723,655,Medulla,left
194,2045,2356,1162,503,546,Nucleus prepositus,right
194,2990,2145,1137,727,496,Medulla,right
194,2957,2797,1136,718,633,Medulla,left
194,2876,2580,1140,698,588,Medulla,left
195,2799,2472,1144,680,566,Nucleus raphe obscurus,right
195,2920,2769,1136,709,628,Medulla,left
195,2421,3045,1149,598,689,Intermediate reticular nucleus,left
195,2965,2519,1135,719,574,Nucleus raphe pallidus,left
195,1550,1951,1170,386,465,Fastigial nucleus,right
196,566,2719,1208,127,625,Declive (VI),left
196,879,2738,1193,221,637,Lobules IV-V,left
196,971,2754,1193,244,642,Lobules IV-V,left
196,1487,3016,1168,375,699,Interposed nucleus,left
196,1518,3057,1167,383,707,Interposed nucleus,left
196,2414,1791,1149,591,430,Parvicellular reticular nucleus,right
196,2763,2493,1145,671,572,Nucleus raphe obscurus,left
196,2884,2890,1138,703,653,"Paragigantocellular reticular nucleus, lateral part",left
196,2884,2515,1139,700,574,Nucleus raphe pallidus,left
196,1562,3132,1165,392,723,Interposed nucleus,left
196,1583,1755,1170,392,422,Interposed nucleus,right
196,2090,3269,1151,518,747,Nucleus x,left
196,1570,1840,1170,390,441,Interposed nucleus,right
197,906,2758,1193,227,642,Lobules IV-V,left
197,2679,2360,1149,651,546,Gigantocellular reticular nucleus,right
197,1160,2870,1182,295,667,Lobules IV-V,left
197,2519,2597,1155,616,593,Gigantocellular reticular nucleus,left
197,2686,2479,1149,652,570,Nucleus raphe obscurus,right
197,2976,2485,1135,721,567,Nucleus raphe pallidus,right
198,1553,1784,1170,385,429,Interposed nucleus,right
198,2138,2250,1158,526,526,"Paragigantocellular reticular nucleus, dorsal part",right
198,2146,2327,1158,527,542,"Paragigantocellular reticular nucleus, dorsal part",right
198,932,2760,1192,234,642,Lobules IV-V,left
198,1527,1946,1170,380,465,Fastigial nucleus,right
198,1900,2950,1161,469,680,Spinal vestibular nucleus,left
198,2889,2506,1138,700,572,Nucleus raphe pallidus,left
199,1485,3039,1167,375,704,Interposed nucleus,left
199,2683,2673,1146,653,607,Gigantocellular reticular nucleus,left
199,2897,2779,1135,703,630,Magnocellular reticular nucleus,left
199,3031,2806,1130,738,636,Medulla,left
201,2928,2511,1135,710,573,Nucleus raphe pallidus,left
201,2078,2214,1158,510,518,Medial vestibular nucleus,right
201,1934,2901,1159,476,668,Medial vestibular nucleus,left
201,1971,2861,1159,483,658,Medial vestibular nucleus,left
201,2203,2351,1156,541,548,"Paragigantocellular reticular nucleus, dorsal part",right
201,2515,2566,1153,614,587,Gigantocellular reticular nucleus,left
201,2858,2480,1139,693,567,Nucleus raphe obscurus,right
201,2937,2922,1134,715,660,Medulla,left
200,892,2756,1192,223,641,Lobules IV-V,left
200,2070,3195,1151,513,730,Spinal vestibular nucleus,left
202,1906,1851,1163,466,441,Spinal vestibular nucleus,right
202,1934,2934,1158,476,675,Spinal vestibular nucleus,left
202,2174,2364,1155,534,550,"Paragigantocellular reticular nucleus, dorsal part",right
202,2896,2458,1136,701,563,Medulla,right
202,2910,2481,1135,705,567,Nucleus raphe pallidus,right
202,2912,2813,1134,707,637,Medulla,left
202,2916,2821,1134,708,638,Medulla,left
202,2927,2525,1134,709,576,Nucleus raphe pallidus,left
202,2886,2113,1137,701,492,Medulla,right
202,2952,2526,1133,715,576,Nucleus raphe pallidus,left
203,2954,2512,1132,716,573,Nucleus raphe pallidus,left
203,2463,2272,1150,601,532,Gigantocellular reticular nucleus,right
203,2940,2506,1132,712,572,Nucleus raphe pallidus,left
203,718,2781,1194,175,642,Declive (VI),left
203,2401,2129,1150,587,504,Intermediate reticular nucleus,right
203,2804,2082,1139,683,487,"Paragigantocellular reticular nucleus, lateral part",right
203,2932,2501,1133,709,571,Nucleus raphe pallidus,left
203,1517,1721,1171,374,415,Interposed nucleus,right
203,2658,2342,1146,645,543,Gigantocellular reticular nucleus,right
204,2765,3294,1140,677,742,Medulla,left
204,2374,3154,1144,586,716,Parvicellular reticular nucleus,left
204,2545,2977,1144,627,672,Intermediate reticular nucleus,left
205,2302,3374,1144,569,765,"Spinal nucleus of the trigeminal, oral part",left
205,2527,1643,1143,618,401,Parvicellular reticular nucleus,right
205,2761,2328,1142,669,539,Magnocellular reticular nucleus,right
205,2992,2877,1130,728,651,Medulla,left
205,1661,1761,1164,407,422,Cerebellum,right
205,2967,2806,1131,720,636,Medulla,left
207,2940,2524,1130,712,576,Nucleus raphe pallidus,left
207,1559,1945,1164,387,464,Fastigial nucleus,right
207,2948,2489,1130,714,569,Nucleus raphe pallidus,right
206,2958,2805,1130,719,636,Medulla,left
206,1920,3006,1156,475,691,Spinal vestibular nucleus,left
206,1987,2910,1156,488,668,Medial vestibular nucleus,left
206,2211,2199,1152,543,518,"Paragigantocellular reticular nucleus, dorsal part",right
208,2920,2511,1131,707,573,Nucleus raphe magnus,left
208,935,2782,1188,233,647,Lobules IV-V,left
208,1961,3041,1153,485,697,Spinal vestibular nucleus,left
208,2169,2346,1152,532,546,"Paragigantocellular reticular nucleus, dorsal part",right
208,587,2720,1201,133,626,Declive (VI),left
208,1461,2147,1168,363,514,arbor vitae,right
209,1959,2881,1155,481,663,Medial vestibular nucleus,left
209,2729,2490,1141,662,571,Nucleus raphe obscurus,left
209,2169,2338,1152,532,545,"Paragigantocellular reticular nucleus, dorsal part",right
209,2875,2513,1134,696,574,Nucleus raphe magnus,left
209,2913,2491,1132,705,569,Nucleus raphe magnus,right
209,2945,2539,1130,713,579,Medulla,left
209,1555,1749,1166,384,421,Interposed nucleus,right
209,2101,2162,1154,514,507,Medial vestibular nucleus,right
209,2162,3074,1147,531,702,Nucleus of the solitary tract,left
210,1960,3115,1150,487,714,Spinal vestibular nucleus,left
210,906,2771,1187,225,644,Lobules IV-V,left
210,2662,2524,1144,645,578,crossed tectospinal pathway,left
210,3035,2807,1125,739,637,Medulla,left
210,1567,1920,1163,388,458,Fastigial nucleus,right
210,1595,2023,1162,395,481,Fastigial nucleus,right
210,1649,1760,1162,405,422,Cerebellum,right
210,2101,2701,1154,516,620,Medial vestibular nucleus,left
210,2152,2301,1152,527,537,"Paragigantocellular reticular nucleus, dorsal part",right
210,2683,2486,1143,651,571,Nucleus raphe obscurus,left
210,2990,2089,1130,728,485,Medulla,right
210,1830,1459,1160,446,354,Interposed nucleus,right
210,1876,2953,1155,462,682,Spinal vestibular nucleus,left
210,2134,2803,1153,524,641,Medial vestibular nucleus,left
211,2873,2484,1132,695,568,Nucleus raphe magnus,right
211,961,2807,1186,238,652,Lobules IV-V,left
211,1553,1689,1165,383,408,Interposed nucleus,right
211,2806,2725,1134,681,617,Magnocellular reticular nucleus,left
211,2952,2855,1128,717,646,Parapyramidal nucleus,left
211,794,3163,1190,198,726,Simple lobule,left
211,2831,2518,1134,685,576,Medulla,left
215,2974,2842,1125,723,644,Parapyramidal nucleus,left
213,1496,2802,1161,374,649,Fastigial nucleus,left
213,1984,2059,1154,483,484,Medial vestibular nucleus,right
213,2724,2060,1138,664,485,Gigantocellular reticular nucleus,right
213,2916,2514,1130,705,574,Nucleus raphe magnus,left
213,1564,2092,1162,389,497,Fastigial nucleus,right
213,1641,1658,1161,401,400,Interposed nucleus,right
213,1925,3199,1149,480,734,Spinal vestibular nucleus,left
213,2138,2389,1151,524,555,"Paragigantocellular reticular nucleus, dorsal part",right
213,1585,2109,1161,393,501,arbor vitae,right
214,894,2747,1185,221,639,Lobules IV-V,left
214,1525,1801,1165,378,432,Interposed nucleus,right
214,2826,2499,1134,683,572,Nucleus raphe magnus,left
214,2949,2507,1127,713,572,Nucleus raphe pallidus,left
214,2143,2798,1151,527,640,Medial vestibular nucleus,left
214,2952,2497,1127,713,570,Nucleus raphe pallidus,right
214,2865,2517,1131,693,575,Medulla,left
216,1674,1757,1159,410,421,Cerebellum,right
218,2729,2493,1137,660,572,Nucleus raphe obscurus,left
218,2085,2294,1149,511,534,Nucleus prepositus,right
218,2917,2873,1126,709,650,Parapyramidal nucleus,left
218,2932,2478,1127,707,567,Nucleus raphe magnus,right
218,1463,1797,1167,363,432,Interposed nucleus,right
217,2864,2782,1129,695,629,Magnocellular reticular nucleus,left
217,1461,1811,1167,362,435,Interposed nucleus,right
217,2178,2398,1148,533,557,Medulla,right
217,2905,2443,1129,701,560,medial lemniscus,right
217,1533,1740,1164,379,419,Interposed nucleus,right
219,1609,2767,1152,400,643,arbor vitae,left
219,1478,1819,1164,367,437,Cerebellum,right
219,1673,1874,1156,411,446,Cerebellum,right
219,2011,3093,1145,497,709,Spinal vestibular nucleus,left
219,2683,2833,1136,655,640,Gigantocellular reticular nucleus,left
219,1504,1800,1163,373,432,Interposed nucleus,right
220,2073,2258,1148,508,527,Medial vestibular nucleus,right
220,2079,2903,1147,510,665,Medial vestibular nucleus,left
220,2618,2481,1140,634,570,Nucleus raphe obscurus,right
220,2800,2497,1132,676,571,Nucleus raphe magnus,left
220,1825,2950,1151,450,682,Spinal vestibular nucleus,left
220,1914,3091,1147,475,710,Spinal vestibular nucleus,left
220,2141,2921,1145,525,667,Nucleus of the solitary tract,left
220,2879,2518,1128,696,576,medial lemniscus,left
220,2985,2524,1123,722,576,Medulla,left
220,2340,2515,1146,571,579,Gigantocellular reticular nucleus,left
220,2727,2722,1135,662,616,Gigantocellular reticular nucleus,left
221,1518,1693,1163,374,409,Interposed nucleus,right
221,2185,2357,1146,534,548,"Paragigantocellular reticular nucleus, dorsal part",right
221,2638,2754,1139,643,624,Gigantocellular reticular nucleus,left
221,2849,2791,1128,692,631,Magnocellular reticular nucleus,left
222,1602,1667,1158,392,401,Interposed nucleus,right
222,1886,2845,1149,462,659,Medial vestibular nucleus,left
222,2022,3115,1143,500,713,Spinal vestibular nucleus,left
222,2139,2056,1146,522,487,Medial vestibular nucleus,right
222,1573,1919,1157,390,458,Fastigial nucleus,right
223,1429,1933,1163,356,464,Fastigial nucleus,right
223,2893,2487,1126,698,569,Nucleus raphe magnus,right
223,2951,2510,1123,712,573,Nucleus raphe pallidus,left
223,1494,1709,1163,368,412,Interposed nucleus,right
223,2152,2108,1145,525,498,Medial vestibular nucleus,right
223,2213,2118,1143,541,502,Intermediate reticular nucleus,right
224,2942,2513,1123,710,574,Nucleus raphe pallidus,left
224,1477,2115,1160,366,506,Fastigial nucleus,right
224,1896,2143,1148,461,499,Medial vestibular nucleus,right
224,2315,3281,1134,569,744,"Spinal nucleus of the trigeminal, oral part",left
224,2978,2836,1121,724,643,Medulla,left
224,2803,2291,1131,677,531,Magnocellular reticular nucleus,right
225,2175,2314,1145,532,540,"Paragigantocellular reticular nucleus, dorsal part",right
225,2899,2522,1125,700,576,medial lemniscus,left
225,1917,1649,1151,469,396,Spinal vestibular nucleus,right
225,1919,1963,1151,467,464,Spinal vestibular nucleus,right
225,2036,3339,1141,504,764,Medulla,left
225,2173,2284,1145,532,534,"Paragigantocellular reticular nucleus, dorsal part",right
225,2887,2838,1125,701,643,Medulla,left
225,1473,1712,1164,363,412,Interposed nucleus,right
226,2018,1862,1148,495,442,Spinal vestibular nucleus,right
226,2817,2487,1129,679,569,Nucleus raphe magnus,right
226,2908,2599,1123,703,592,Medulla,left
226,1487,1699,1163,365,410,Interposed nucleus,right
226,2135,2892,1143,523,660,Medial vestibular nucleus,left
226,2501,2575,1141,607,589,Gigantocellular reticular nucleus,left
226,2841,2505,1127,685,573,Nucleus raphe magnus,left
226,2937,2257,1125,708,521,Medulla,right
227,1582,2158,1154,392,513,arbor vitae,right
227,2206,2168,1142,539,512,Intermediate reticular nucleus,right
227,1536,1712,1159,378,412,Interposed nucleus,right
227,1559,2056,1155,386,489,Fastigial nucleus,right
227,2714,2573,1133,656,588,Magnocellular reticular nucleus,left
227,2899,2659,1122,701,604,Medulla,left
227,2917,2846,1122,708,644,Parapyramidal nucleus,left
228,1592,2060,1154,393,489,Fastigial nucleus,right
228,1839,2760,1145,451,643,Medial vestibular nucleus,left
228,1888,3267,1142,470,750,Lateral vestibular nucleus,left
228,2042,2534,1145,501,586,Nucleus prepositus,left
228,2192,3038,1137,536,694,Nucleus of the solitary tract,left
228,2258,2399,1141,551,558,Medulla,right
229,1900,2015,1148,461,473,Medial vestibular nucleus,right
229,2059,2860,1144,504,656,Medial vestibular nucleus,left
229,2771,2726,1129,672,617,Magnocellular reticular nucleus,left
229,1461,2982,1155,366,690,Cerebellum,left
229,1504,1785,1160,372,429,Interposed nucleus,right
229,2478,2385,1140,601,554,Gigantocellular reticular nucleus,right
230,777,2668,1179,186,622,Lobules IV-V,left
230,1533,1748,1157,379,421,Interposed nucleus,right
230,1988,3226,1139,494,738,Spinal vestibular nucleus,left
230,2518,3123,1130,621,708,Parvicellular reticular nucleus,left
230,2760,2706,1129,669,613,Magnocellular reticular nucleus,left
231,2701,2520,1132,651,577,Gigantocellular reticular nucleus,left
231,1547,1723,1156,380,415,Interposed nucleus,right
232,2020,2897,1142,494,665,Medial vestibular nucleus,left
232,2847,2765,1123,689,626,Magnocellular reticular nucleus,left
233,1253,3089,1162,312,713,Lobules IV-V,left
233,2972,2481,1118,716,567,Nucleus raphe pallidus,right
233,2015,3237,1138,499,740,Spinal vestibular nucleus,left
233,2053,3097,1138,506,708,Spinal vestibular nucleus,left
233,2148,3399,1134,531,776,Medulla,left
233,1646,1914,1151,404,455,Vestibulocerebellar nucleus,right
233,2137,2879,1141,523,658,Medial vestibular nucleus,left
235,1484,2165,1155,366,518,arbor vitae,right
235,2217,3130,1132,541,714,Nucleus of the solitary tract,left
235,2220,2275,1138,542,533,"Paragigantocellular reticular nucleus, dorsal part",right
235,2852,2293,1123,686,531,Magnocellular reticular nucleus,right
235,2152,2832,1139,526,647,Medial vestibular nucleus,left
235,2187,2387,1138,532,554,"Paragigantocellular reticular nucleus, dorsal part",right
235,2830,2743,1122,685,622,Magnocellular reticular nucleus,left
234,1825,2868,1143,448,666,Medial vestibular nucleus,left
234,1942,2031,1144,471,477,Medial vestibular nucleus,right
234,1991,2950,1141,488,677,Medial vestibular nucleus,left
234,2964,2815,1117,719,638,Parapyramidal nucleus,left
234,3000,2889,1116,730,655,Medulla,left
236,2153,2351,1139,526,547,"Paragigantocellular reticular nucleus, dorsal part",right
236,2645,2493,1132,638,573,Gigantocellular reticular nucleus,left
236,2919,2746,1118,707,623,Magnocellular reticular nucleus,left
237,2072,2875,1140,506,659,Medial vestibular nucleus,left
237,1476,1842,1157,365,441,Cerebellum,right
237,1679,3097,1144,418,714,Superior vestibular nucleus,left
238,1477,1679,1158,362,406,Interposed nucleus,right
238,1924,2070,1142,467,484,Medial vestibular nucleus,right
238,1855,2820,1140,454,655,Medial vestibular nucleus,left
238,1964,1962,1143,478,463,Medial vestibular nucleus,right
238,2149,2375,1138,524,552,"Paragigantocellular reticular nucleus, dorsal part",right
240,2038,1935,1140,496,458,Medial vestibular nucleus,right
240,2172,2386,1137,529,554,"Paragigantocellular reticular nucleus, dorsal part",right
240,2897,2484,1118,696,569,Nucleus raphe magnus,right
240,2115,2422,1138,516,561,Nucleus prepositus,right
239,2864,2508,1120,689,574,Nucleus raphe magnus,left
239,1483,1839,1155,367,441,Cerebellum,right
239,1626,1680,1150,398,404,Interposed nucleus,right
239,2667,2631,1130,644,599,Gigantocellular reticular nucleus,left
241,2944,2502,1116,709,572,Nucleus raphe pallidus,left
241,1589,1722,1151,391,413,Cerebellum,right
241,1603,2033,1147,396,483,Fastigial nucleus,right
241,2149,2859,1137,526,653,Medial vestibular nucleus,left
242,2920,2506,1116,702,573,Nucleus raphe magnus,left
242,2028,2959,1136,497,679,Medial vestibular nucleus,left
242,2699,2765,1126,655,626,Gigantocellular reticular nucleus,left
242,2895,2499,1117,696,572,Nucleus raphe magnus,left
242,1580,1716,1150,388,412,Interposed nucleus,right
242,1714,2966,1141,424,687,Vestibulocerebellar nucleus,left
242,1766,1601,1146,427,385,Cerebellum,right
242,2145,2840,1136,524,649,Medial vestibular nucleus,left
244,1732,1382,1150,419,337,Dentate nucleus,right
244,1647,1696,1147,402,407,Interposed nucleus,right
244,2151,2841,1135,525,649,Medial vestibular nucleus,left
244,2913,2521,1115,701,576,medial lemniscus,left
244,2989,2149,1114,723,498,Medulla,right
243,2020,1575,1141,494,381,Spinal vestibular nucleus,right
243,2104,2422,1136,514,561,Nucleus prepositus,right
243,2165,2935,1133,529,670,Medial vestibular nucleus,left
243,2897,2185,1118,698,508,Magnocellular reticular nucleus,right
243,2901,2505,1116,697,573,Nucleus raphe magnus,left
245,1787,1386,1149,432,339,Dentate nucleus,right
245,1880,2951,1138,461,681,Spinal vestibular nucleus,left
245,2756,2619,1123,664,596,Magnocellular reticular nucleus,left
245,2887,2782,1116,698,630,Magnocellular reticular nucleus,left
245,923,2949,1170,224,684,Lobules IV-V,left
245,2201,2193,1135,536,517,"Paragigantocellular reticular nucleus, dorsal part",right
245,2865,2494,1118,688,571,Nucleus raphe magnus,left
246,2060,2876,1135,503,659,Medial vestibular nucleus,left
246,2091,2762,1136,511,634,Medial vestibular nucleus,left
246,2787,2684,1120,672,610,Magnocellular reticular nucleus,left
246,2877,2550,1116,691,582,medial lemniscus,left
246,2932,2482,1114,704,568,Nucleus raphe magnus,right
246,2938,2389,1114,706,550,Medulla,right
246,2148,2833,1134,525,648,Medial vestibular nucleus,left
246,2218,2381,1133,539,553,"Paragigantocellular reticular nucleus, dorsal part",right
246,2779,2253,1122,669,525,Magnocellular reticular nucleus,right
246,1941,3101,1135,479,711,Spinal vestibular nucleus,left
249,1910,2092,1137,463,487,Medial vestibular nucleus,right
249,1760,1433,1146,425,349,Interposed nucleus,right
249,2890,2305,1116,694,533,Magnocellular reticular nucleus,right
249,1581,1957,1145,389,465,Fastigial nucleus,right
249,1624,1785,1145,399,426,Infracerebellar nucleus,right
249,1631,1692,1146,399,406,Interposed nucleus,right
249,1790,1343,1148,434,330,Dentate nucleus,right
249,2111,1896,1133,512,450,Medial vestibular nucleus,right
249,2164,2892,1132,529,660,Medial vestibular nucleus,left
249,2731,2625,1123,658,598,Magnocellular reticular nucleus,left
249,2737,2655,1122,660,604,Magnocellular reticular nucleus,left
249,2751,2681,1121,664,609,Magnocellular reticular nucleus,left
249,2769,2255,1121,666,525,Magnocellular reticular nucleus,right
249,1551,1743,1149,381,419,Interposed nucleus,right
248,2052,3166,1130,505,724,Spinal vestibular nucleus,left
248,2049,1934,1135,498,458,Medial vestibular nucleus,right
250,2876,2496,1115,690,571,Nucleus raphe magnus,left
250,2711,2719,1122,655,617,Gigantocellular reticular nucleus,left
250,2151,2891,1131,525,660,Medial vestibular nucleus,left
250,1543,1722,1149,380,413,Interposed nucleus,right
251,1646,2895,1137,407,672,Vestibulocerebellar nucleus,left
251,1660,2102,1140,408,495,fourth ventricle,right
251,1951,2978,1133,478,685,Spinal vestibular nucleus,left
251,2921,2487,1112,701,569,Nucleus raphe magnus,right
251,2928,2505,1111,704,573,Nucleus raphe magnus,left
251,932,3308,1166,229,759,Simple lobule,left
251,1558,1660,1148,382,400,Interposed nucleus,right
252,1910,3322,1133,471,762,Lateral vestibular nucleus,left
252,2149,2953,1128,525,675,Medial vestibular nucleus,left
252,2105,2473,1132,514,573,Nucleus prepositus,left
252,2165,2844,1131,529,650,Medial vestibular nucleus,left
252,2245,2187,1130,546,515,"Paragigantocellular reticular nucleus, dorsal part",right
252,2522,1909,1122,613,455,Intermediate reticular nucleus,right
253,1989,1964,1135,483,464,Medial vestibular nucleus,right
254,2138,2314,1131,521,539,"Paragigantocellular reticular nucleus, dorsal part",right
254,511,2642,1184,108,609,Lobules IV-V,left
254,2147,2876,1129,523,657,Medial vestibular nucleus,left
254,2187,2585,1131,531,595,"Paragigantocellular reticular nucleus, dorsal part",left
254,2351,2066,1126,568,491,Intermediate reticular nucleus,right
254,2472,2858,1127,603,648,Intermediate reticular nucleus,left
254,2160,2855,1130,527,652,Medial vestibular nucleus,left
255,2792,2478,1116,668,570,Nucleus raphe magnus,right
255,1915,2001,1134,464,469,Medial vestibular nucleus,right
255,1933,2861,1131,472,661,Medial vestibular nucleus,left
255,2041,1575,1135,498,381,Spinal vestibular nucleus,right
255,2047,2302,1131,499,534,Nucleus prepositus,right
255,2939,2516,1109,706,575,Medulla,left
255,2010,2912,1130,491,669,Medial vestibular nucleus,left
255,2174,2950,1126,530,673,Medial vestibular nucleus,left
255,2940,2505,1109,706,573,Nucleus raphe magnus,left
257,1982,2864,1131,483,660,Medial vestibular nucleus,left
257,2146,2314,1130,522,539,"Paragigantocellular reticular nucleus, dorsal part",right
257,2914,2461,1110,699,564,Medulla,right
256,2469,2860,1127,603,648,Intermediate reticular nucleus,left
258,2917,2487,1109,699,569,Nucleus raphe magnus,right
258,1470,2082,1146,361,498,Fastigial nucleus,right
258,1578,1929,1140,388,460,Fastigial nucleus,right
258,1834,1907,1136,445,449,Medial vestibular nucleus,right
258,2056,2964,1127,502,679,Medial vestibular nucleus,left
258,2127,2429,1128,517,563,Medulla,right
258,2154,2827,1128,526,646,Medial vestibular nucleus,left
258,2579,2566,1125,621,587,Gigantocellular reticular nucleus,left
260,1721,3148,1133,426,726,Superior vestibular nucleus,left
260,1632,2078,1137,401,492,Fastigial nucleus,right
260,1879,1644,1136,457,395,Superior vestibular nucleus,right
260,1999,3062,1127,491,701,Spinal vestibular nucleus,left
260,2008,2669,1128,491,618,Medial vestibular nucleus,left
260,2157,2857,1127,525,652,Medial vestibular nucleus,left
260,2169,1884,1126,523,448,Medial vestibular nucleus,right
259,1901,3056,1130,468,703,Lateral vestibular nucleus,left
259,2155,2889,1126,525,660,Medial vestibular nucleus,left
261,2752,2499,1117,658,574,Nucleus raphe magnus,left
261,2150,2876,1126,524,657,Medial vestibular nucleus,left
261,2451,2975,1122,600,674,Intermediate reticular nucleus,left
261,2649,2666,1121,639,606,Gigantocellular reticular nucleus,left
262,802,2916,1164,190,676,Lobules IV-V,left
262,1975,2016,1129,478,474,Medial vestibular nucleus,right
262,2148,2380,1126,522,553,"Paragigantocellular reticular nucleus, dorsal part",right
263,1912,1967,1130,462,462,Medial vestibular nucleus,right
263,1981,2048,1128,479,481,Medial vestibular nucleus,right
263,2112,2334,1126,513,543,Nucleus prepositus,right
264,1863,2009,1130,451,471,Medial vestibular nucleus,right
264,2126,2596,1126,517,599,"Paragigantocellular reticular nucleus, dorsal part",left
264,2691,2617,1118,646,596,Gigantocellular reticular nucleus,left
265,2131,2642,1126,519,608,"Paragigantocellular reticular nucleus, dorsal part",left
265,1574,1683,1142,386,405,Interposed nucleus,right
265,2096,3029,1122,511,693,Medial vestibular nucleus,left
265,2119,3038,1121,517,695,Medial vestibular nucleus,left
265,2122,1837,1126,513,436,Spinal vestibular nucleus,right
266,2088,3216,1120,512,735,Spinal vestibular nucleus,left
266,2649,2608,1118,637,596,Gigantocellular reticular nucleus,left
266,2991,2165,1103,721,502,Medulla,right
267,2847,2268,1109,682,527,Magnocellular reticular nucleus,right
267,2868,2494,1107,686,572,Nucleus raphe magnus,left
267,2229,2358,1122,539,549,"Paragigantocellular reticular nucleus, dorsal part",right
268,1618,2923,1130,401,679,Vestibulocerebellar nucleus,left
268,1955,1769,1130,477,421,Lateral vestibular nucleus,right
268,2026,3041,1122,496,696,Spinal vestibular nucleus,left
268,2081,1876,1124,503,444,Medial vestibular nucleus,right
268,2194,2301,1123,532,537,"Paragigantocellular reticular nucleus, dorsal part",right
268,2171,2380,1123,526,553,"Paragigantocellular reticular nucleus, dorsal part",right
268,2171,2974,1119,528,680,Medial vestibular nucleus,left
270,1938,1968,1126,469,463,Medial vestibular nucleus,right
270,2822,2824,1107,683,640,"Paragigantocellular reticular nucleus, lateral part",left
270,2417,2422,1121,581,561,Gigantocellular reticular nucleus,right
270,2526,2606,1121,608,596,Gigantocellular reticular nucleus,left
272,1891,3340,1126,464,766,Medulla,left
272,1930,2988,1124,473,688,Medial vestibular nucleus,left
272,2021,2971,1121,493,681,Medial vestibular nucleus,left
272,2054,1768,1125,499,421,Spinal vestibular nucleus,right
272,1856,2871,1124,453,666,Medial vestibular nucleus,left
272,2877,2851,1103,696,646,"Paragigantocellular reticular nucleus, lateral part",left
269,2108,2431,1124,513,563,Medulla,right
269,2150,2832,1123,523,647,Medial vestibular nucleus,left
269,2693,2396,1115,644,554,Gigantocellular reticular nucleus,right
271,2195,3238,1114,535,739,"Spinal nucleus of the trigeminal, oral part",left
271,2206,2378,1121,533,553,"Paragigantocellular reticular nucleus, dorsal part",right
271,2446,2499,1120,588,576,crossed tectospinal pathway,left
273,1858,1477,1134,449,360,Dorsal cochlear nucleus,right
273,2123,2347,1122,516,545,"Paragigantocellular reticular nucleus, dorsal part",right
273,1576,2080,1135,387,494,Fastigial nucleus,right
273,2097,2925,1120,510,670,Medial vestibular nucleus,left
273,2107,2478,1121,512,574,Nucleus prepositus,left
273,2875,2524,1105,687,578,medial lemniscus,left
273,2936,2561,1101,703,585,medial lemniscus,left
274,1590,1453,1140,386,353,Interposed nucleus,right
274,2032,2745,1122,494,633,Medial vestibular nucleus,left
274,2757,2488,1110,657,572,Nucleus raphe magnus,left
274,1628,1649,1136,398,397,Interposed nucleus,right
274,1686,1683,1134,410,404,Cerebellum,right
275,2034,1896,1122,492,448,Medial vestibular nucleus,right
275,2055,2896,1119,500,664,Medial vestibular nucleus,left
275,2131,3374,1114,524,770,Medulla,left
275,1502,1864,1138,367,446,Interposed nucleus,right
275,1995,2776,1121,485,641,Medial vestibular nucleus,left
275,2083,2968,1117,508,680,Medial vestibular nucleus,left
275,2938,2592,1099,705,591,Medulla,left
276,1844,2870,1122,451,666,Medial vestibular nucleus,left
276,2557,2476,1116,612,571,Gigantocellular reticular nucleus,left
276,2107,2925,1118,512,670,Medial vestibular nucleus,left
276,2159,2897,1118,525,662,Medial vestibular nucleus,left
276,2172,1658,1121,525,400,Spinal vestibular nucleus,right
276,2915,2545,1101,697,582,medial lemniscus,left
276,2149,2420,1119,521,561,medial longitudinal fascicle,right
277,2034,1914,1121,492,453,Medial vestibular nucleus,right
277,2782,2620,1107,665,597,Magnocellular reticular nucleus,left
277,2073,1881,1120,501,445,Medial vestibular nucleus,right
277,2079,1699,1123,505,407,Spinal vestibular nucleus,right
278,2830,2746,1103,681,623,Magnocellular reticular nucleus,left
278,2338,3348,1107,574,759,"Spinal nucleus of the trigeminal, oral part",left
278,1818,3294,1124,446,758,Nucleus y,left
278,2131,2334,1119,516,543,"Paragigantocellular reticular nucleus, dorsal part",right
278,2148,2180,1120,520,512,Medulla,right
278,2166,2999,1114,526,686,Medial vestibular nucleus,left
278,2841,2692,1103,682,612,Magnocellular reticular nucleus,left
278,1669,2813,1123,410,656,fourth ventricle,left
278,2833,2684,1103,680,610,Magnocellular reticular nucleus,left
279,2140,2932,1115,520,670,Medial vestibular nucleus,left
280,2629,3370,1105,639,756,"Spinal nucleus of the trigeminal, oral part",left
280,2760,2743,1106,665,623,Gigantocellular reticular nucleus,left
280,2153,2867,1116,524,655,Medial vestibular nucleus,left
280,2834,2651,1103,679,603,Magnocellular reticular nucleus,left
281,2141,2883,1116,520,660,Medial vestibular nucleus,left
281,1669,2817,1122,410,656,fourth ventricle,left
282,1943,2029,1120,469,476,Medial vestibular nucleus,right
282,1820,3298,1123,446,759,Nucleus y,left
282,2885,2502,1100,688,573,Nucleus raphe magnus,left
282,2474,2928,1113,604,665,Intermediate reticular nucleus,left
282,2711,2526,1108,646,579,Gigantocellular reticular nucleus,left
282,1810,1427,1131,435,349,Cerebellum,right
282,2646,2519,1111,631,579,Gigantocellular reticular nucleus,left
283,2015,2726,1116,490,630,Medial vestibular nucleus,left
283,2130,2393,1116,516,556,Medulla,right
283,1496,2022,1134,365,482,Fastigial nucleus,right
284,1868,1970,1121,452,462,Medial vestibular nucleus,right
284,2129,3249,1111,520,742,Lateral vestibular nucleus,left
284,2145,2340,1116,519,544,"Paragigantocellular reticular nucleus, dorsal part",right
284,2602,2480,1112,621,572,Gigantocellular reticular nucleus,left
286,1951,3233,1117,479,741,Lateral vestibular nucleus,left
286,1974,3001,1115,482,689,Medial vestibular nucleus,left
286,2063,2520,1114,502,584,Nucleus prepositus,left
285,2021,2996,1115,493,687,Medial vestibular nucleus,left
287,2870,2481,1098,683,570,Nucleus raphe magnus,right
290,1548,2910,1124,382,675,Cerebellum,left
290,2051,2927,1112,498,671,Medial vestibular nucleus,left
290,2079,1935,1113,500,458,Medial vestibular nucleus,right
290,2263,3161,1104,550,721,"Spinal nucleus of the trigeminal, oral part",left
290,2266,2353,1112,545,548,"Paragigantocellular reticular nucleus, dorsal part",right
290,2286,2714,1114,553,621,Gigantocellular reticular nucleus,left
290,2783,2599,1101,664,594,Magnocellular reticular nucleus,left
290,2826,2484,1099,672,571,Nucleus raphe magnus,left
288,1997,2961,1114,486,680,Medial vestibular nucleus,left
288,2138,2322,1114,518,540,"Paragigantocellular reticular nucleus, dorsal part",right
288,2147,2927,1111,521,669,Medial vestibular nucleus,left
289,2184,2443,1113,527,566,medial longitudinal fascicle,right
289,2218,2299,1114,536,537,"Paragigantocellular reticular nucleus, dorsal part",right
289,2472,2598,1113,593,596,Gigantocellular reticular nucleus,left
291,1576,1719,1129,385,413,Interposed nucleus,right
291,1602,1981,1124,390,471,Fastigial nucleus,right
291,2002,3018,1112,488,693,Medial vestibular nucleus,left
291,2720,2486,1103,647,572,Nucleus raphe magnus,left
291,2851,2575,1097,679,588,Magnocellular reticular nucleus,left
292,2892,2433,1095,688,560,medial lemniscus,right
292,2556,2663,1110,614,608,Gigantocellular reticular nucleus,left
292,2755,2487,1102,655,572,Nucleus raphe magnus,left
292,2913,2593,1093,696,592,Medulla,left
293,2390,2669,1112,576,610,Gigantocellular reticular nucleus,left
293,2064,2056,1113,496,484,Medial vestibular nucleus,right
293,2319,2657,1113,559,608,Gigantocellular reticular nucleus,left
294,2210,3230,1103,537,737,"Spinal nucleus of the trigeminal, oral part",left
294,1838,1610,1124,443,388,Superior vestibular nucleus,right
294,2099,2011,1111,503,475,Medial vestibular nucleus,right
294,2857,2425,1096,679,559,Magnocellular reticular nucleus,right
294,2122,2398,1111,513,557,Medulla,right
294,2830,2489,1097,672,572,Nucleus raphe magnus,left
295,2050,1859,1111,494,440,Medial vestibular nucleus,right
295,2102,3075,1106,510,703,Medial vestibular nucleus,left
295,2862,2813,1093,690,639,"Paragigantocellular reticular nucleus, lateral part",left
296,2103,2929,1108,510,671,Medial vestibular nucleus,left
296,2815,2628,1096,671,600,Magnocellular reticular nucleus,left
297,1647,3035,1118,407,701,Vestibulocerebellar nucleus,left
297,2058,2028,1111,494,478,Medial vestibular nucleus,right
297,2858,2508,1095,680,576,Medulla,left
297,2895,2858,1091,700,648,Parapyramidal nucleus,left
298,1683,3139,1117,415,724,Superior vestibular nucleus,left
298,2121,3363,1104,520,768,Lateral vestibular nucleus,left
298,1958,2863,1110,476,661,Medial vestibular nucleus,left
300,1861,2979,1112,455,688,Medial vestibular nucleus,left
300,2150,2375,1108,518,552,Medulla,right
299,2616,2415,1104,622,559,crossed tectospinal pathway,right
299,2879,2465,1092,684,567,Nucleus raphe magnus,right
299,1912,1938,1112,461,456,Medial vestibular nucleus,right
299,2132,2406,1107,514,558,Medulla,right
299,2154,1815,1107,517,431,Medial vestibular nucleus,right
301,2793,2498,1096,663,574,Nucleus raphe magnus,left
301,1824,1820,1117,443,430,Superior vestibular nucleus,right
301,1826,3137,1113,447,722,Superior vestibular nucleus,left
302,2002,3012,1107,487,691,Medial vestibular nucleus,left
302,2107,2878,1106,510,660,Medial vestibular nucleus,left
302,2900,2482,1090,690,570,Nucleus raphe magnus,right
302,1957,2837,1108,474,655,Medial vestibular nucleus,left
302,2103,2929,1105,510,671,Medial vestibular nucleus,left
302,2764,2488,1097,656,573,Nucleus raphe magnus,left
305,1665,2034,1115,405,481,Cerebellum,right
305,1956,2845,1107,474,657,Medial vestibular nucleus,left
305,1981,2824,1107,480,652,Medial vestibular nucleus,left
305,1996,2908,1106,484,670,Medial vestibular nucleus,left
305,2766,2482,1096,655,571,Nucleus raphe magnus,left
306,2060,2953,1103,499,678,Medial vestibular nucleus,left
306,2887,2502,1089,685,574,Nucleus raphe magnus,left
306,2901,2476,1088,689,569,Nucleus raphe magnus,right
306,1917,1622,1116,463,390,Superior vestibular nucleus,right
306,2678,2691,1099,641,613,Gigantocellular reticular nucleus,left
306,2971,2498,1085,708,573,Nucleus raphe pallidus,left
308,2051,2056,1106,491,483,Medial vestibular nucleus,right
308,1401,2027,1129,339,484,arbor vitae,right
308,1605,2887,1112,394,670,Cerebellum,left
307,2140,2443,1103,515,567,Medulla,right
309,2025,3045,1103,492,698,Medial vestibular nucleus,left
309,2698,2664,1097,645,608,Gigantocellular reticular nucleus,left
310,1990,2825,1104,482,652,Medial vestibular nucleus,left
310,2690,2765,1096,647,628,Gigantocellular reticular nucleus,left
310,2818,2118,1089,675,495,"Paragigantocellular reticular nucleus, lateral part",right
310,2104,2210,1105,506,517,Medulla,right
310,2723,2798,1094,656,636,Gigantocellular reticular nucleus,left
310,2877,2537,1088,683,581,Medulla,left
313,1718,1904,1112,418,451,Superior vestibular nucleus,right
313,2106,2204,1104,506,516,Medulla,right
313,2674,2819,1096,646,640,Gigantocellular reticular nucleus,left
313,2691,2758,1095,646,627,Gigantocellular reticular nucleus,left
313,2724,2791,1093,656,634,Gigantocellular reticular nucleus,left
313,2820,2113,1088,675,494,"Paragigantocellular reticular nucleus, lateral part",right
313,2846,2682,1087,679,611,Magnocellular reticular nucleus,left
313,2877,2542,1087,682,582,Medulla,left
314,1815,3286,1109,442,755,Superior vestibular nucleus,left
314,2125,2831,1101,513,649,Medial vestibular nucleus,left
314,1955,1780,1107,473,422,Lateral vestibular nucleus,right
315,1697,3103,1109,416,716,Superior vestibular nucleus,left
315,1915,1924,1105,461,453,Medial vestibular nucleus,right
315,2575,2520,1097,612,580,crossed tectospinal pathway,left
315,1828,1720,1113,442,410,Superior vestibular nucleus,right
315,2163,2874,1098,523,658,Medulla,left
315,2221,2985,1095,536,682,Parvicellular reticular nucleus,left
315,2389,2683,1101,574,614,Gigantocellular reticular nucleus,left
315,2499,1647,1091,603,400,Parvicellular reticular nucleus,right
316,2486,2372,1099,592,551,Gigantocellular reticular nucleus,right
316,2765,2129,1089,661,498,Gigantocellular reticular nucleus,right
317,1940,1593,1111,468,386,Lateral vestibular nucleus,right
317,2075,2823,1100,501,649,Medial vestibular nucleus,left
318,1957,2822,1100,473,652,Medial vestibular nucleus,left
318,2230,2889,1097,539,661,Intermediate reticular nucleus,left
319,2008,2763,1099,485,639,Medial vestibular nucleus,left
319,1918,1613,1110,463,390,Superior vestibular nucleus,right
321,1894,3232,1103,462,741,Superior vestibular nucleus,left
321,1901,1949,1103,457,458,Medial vestibular nucleus,right
321,2127,3223,1094,516,737,Medial vestibular nucleus,left
321,2256,2341,1098,539,545,"Paragigantocellular reticular nucleus, dorsal part",right
321,2640,2621,1094,629,600,Gigantocellular reticular nucleus,left
321,2218,2886,1096,536,660,Medulla,left
320,1916,3293,1102,467,755,Lateral vestibular nucleus,left
322,1921,1611,1109,463,389,Superior vestibular nucleus,right
322,1945,1896,1101,468,447,Medial vestibular nucleus,right
322,2553,2813,1096,617,641,Gigantocellular reticular nucleus,left
322,2939,2484,1079,699,570,Nucleus raphe pallidus,right
322,2491,2491,1096,593,575,crossed tectospinal pathway,left
324,1975,1880,1100,475,444,Medial vestibular nucleus,right
324,1971,2804,1097,476,648,Medial vestibular nucleus,left
324,1871,1788,1106,453,424,Superior vestibular nucleus,right
324,2099,2827,1096,506,649,Medial vestibular nucleus,left
324,2590,2527,1093,615,581,crossed tectospinal pathway,left
323,2921,2846,1077,703,646,Parapyramidal nucleus,left
323,2120,2311,1097,508,538,Pons,right
325,1652,3620,1108,406,831,Dentate nucleus,left
325,2516,2334,1095,599,544,Gigantocellular reticular nucleus,right
328,2022,3125,1094,491,716,Medial vestibular nucleus,left
327,2038,1979,1096,487,466,Medial vestibular nucleus,right
327,2412,2168,1094,576,509,Gigantocellular reticular nucleus,right
329,1980,1872,1098,476,442,Medial vestibular nucleus,right
329,2877,2469,1080,680,568,Nucleus raphe magnus,right
329,1922,1957,1099,461,460,Medial vestibular nucleus,right
330,2083,2033,1095,497,479,Medial vestibular nucleus,right
330,2005,2029,1096,479,477,Medial vestibular nucleus,right
331,2865,2469,1078,677,568,Nucleus raphe magnus,right
331,1899,1711,1103,458,409,Superior vestibular nucleus,right
331,2070,2809,1093,498,647,Medial vestibular nucleus,left
332,2015,1998,1095,481,471,Medial vestibular nucleus,right
332,2570,2802,1091,619,638,Gigantocellular reticular nucleus,left
333,1884,1559,1106,453,378,Superior vestibular nucleus,right
333,1933,1887,1097,466,445,Medial vestibular nucleus,right
333,2579,2620,1090,614,600,Gigantocellular reticular nucleus,left
333,1787,2860,1095,434,663,Medial vestibular nucleus,left
333,2096,2838,1092,505,653,Medial vestibular nucleus,left
333,2574,2457,1090,611,568,Gigantocellular reticular nucleus,right
336,1841,1776,1102,445,422,Superior vestibular nucleus,right
336,1955,1849,1095,470,437,Medial vestibular nucleus,right
335,2054,3017,1089,497,692,Medial vestibular nucleus,left
335,2453,2695,1091,588,616,Gigantocellular reticular nucleus,left
337,2008,1875,1093,482,443,Medial vestibular nucleus,right
337,2112,1913,1090,503,452,Medial vestibular nucleus,right
337,2189,2880,1089,528,660,Medulla,left
337,2195,2065,1090,523,486,Medulla,right
339,2894,2533,1073,685,581,medial lemniscus,left
339,1770,3237,1097,430,745,Superior vestibular nucleus,left
339,2168,3048,1084,523,698,Parvicellular reticular nucleus,left
339,1776,3302,1098,431,759,Medulla,left
342,2117,3285,1084,513,750,Medulla,left
340,2167,3028,1084,521,694,Parvicellular reticular nucleus,left
341,1892,3144,1093,460,723,Superior vestibular nucleus,left
341,2820,2299,1076,668,533,Magnocellular reticular nucleus,right
341,2378,2177,1089,567,510,Gigantocellular reticular nucleus,right
341,2858,2645,1074,678,604,Magnocellular reticular nucleus,left
344,1989,1808,1090,478,429,Medial vestibular nucleus,right
344,2149,3074,1083,518,704,Medial vestibular nucleus,left
344,2435,2040,1085,582,479,Intermediate reticular nucleus,right
343,2152,2938,1084,518,674,Medial vestibular nucleus,left
345,2122,2118,1089,505,497,Medial vestibular nucleus,right
345,2392,2251,1087,569,526,Gigantocellular reticular nucleus,right
345,2141,3091,1083,515,707,Medial vestibular nucleus,left
345,2298,2822,1086,553,645,Intermediate reticular nucleus,left
345,2381,2405,1086,566,558,crossed tectospinal pathway,right
345,2847,2705,1072,677,617,Magnocellular reticular nucleus,left
345,2909,2501,1071,689,574,Medulla,left
346,2087,3153,1084,503,722,Medial vestibular nucleus,left
346,1943,1691,1094,468,405,Lateral vestibular nucleus,right
346,2051,3072,1084,495,704,Medial vestibular nucleus,left
347,2290,2826,1084,551,646,Intermediate reticular nucleus,left
348,2008,1640,1091,484,395,Lateral vestibular nucleus,right
348,2278,2863,1083,549,656,Intermediate reticular nucleus,left
349,1902,1900,1091,457,448,Medial vestibular nucleus,right
349,1999,2921,1085,482,672,Medial vestibular nucleus,left
349,1977,2802,1086,474,647,Medial vestibular nucleus,left
351,2087,3206,1081,504,733,Medial vestibular nucleus,left
351,2518,2882,1082,609,657,Intermediate reticular nucleus,left
351,1939,1634,1093,466,394,Superior vestibular nucleus,right
351,2842,2741,1068,676,624,Magnocellular reticular nucleus,left
351,2885,2285,1067,684,528,Magnocellular reticular nucleus,right
351,2153,2970,1080,518,681,Medulla,left
350,2109,3055,1081,508,700,Medial vestibular nucleus,left
350,2134,2050,1085,507,482,Medial vestibular nucleus,right
350,2087,2855,1084,501,657,Medial vestibular nucleus,left
350,2329,2864,1083,561,655,Intermediate reticular nucleus,left
355,2275,2835,1080,547,649,Intermediate reticular nucleus,left
353,2102,3131,1080,506,716,Medial vestibular nucleus,left
353,2128,2858,1082,512,657,Medial vestibular nucleus,left
354,2172,1625,1083,519,392,Medulla,right
354,1893,1552,1095,455,376,Medulla,right
356,2916,2507,1065,689,575,medial lemniscus,left
356,1958,1902,1085,469,448,Medial vestibular nucleus,right
356,2229,1326,1083,537,319,Ventral cochlear nucleus,right
356,2149,2907,1079,517,667,Medulla,left
357,1977,1653,1089,475,398,Lateral vestibular nucleus,right
357,2142,3047,1078,514,698,Medial vestibular nucleus,left
360,2009,1918,1082,480,453,Medial vestibular nucleus,right
360,2932,2496,1063,693,573,Nucleus raphe pallidus,left
360,1995,2166,1083,474,506,Medial vestibular nucleus,right
359,2507,2298,1079,595,536,Gigantocellular reticular nucleus,right
361,2014,2831,1080,483,653,Medial vestibular nucleus,left
361,2035,2904,1079,489,669,Medial vestibular nucleus,left
363,1969,1826,1081,472,432,Medial vestibular nucleus,right
363,2923,2498,1061,691,574,Nucleus raphe pallidus,left
362,2138,2929,1076,514,673,Medial vestibular nucleus,left
362,2378,2407,1077,565,558,crossed tectospinal pathway,right
364,2858,2834,1060,684,644,Parapyramidal nucleus,left
364,1995,2964,1078,481,683,Medial vestibular nucleus,left
364,2009,3158,1077,485,724,Medial vestibular nucleus,left
364,2066,2800,1078,494,646,Medial vestibular nucleus,left
364,2081,2860,1077,499,658,Medial vestibular nucleus,left
365,2075,3105,1075,499,712,Medial vestibular nucleus,left
365,2110,1972,1078,501,463,Medial vestibular nucleus,right
365,2383,2337,1077,566,544,Gigantocellular reticular nucleus,right
367,1983,1950,1079,473,459,Medial vestibular nucleus,right
367,2142,1949,1075,507,459,Medial vestibular nucleus,right
368,1986,1934,1079,474,456,Medial vestibular nucleus,right
368,2033,1755,1078,487,418,Medial vestibular nucleus,right
369,2139,1926,1075,508,453,Medial vestibular nucleus,right
370,2561,2965,1071,619,676,Intermediate reticular nucleus,left
370,2441,2279,1075,579,532,Gigantocellular reticular nucleus,right
371,2046,1918,1075,486,452,Medial vestibular nucleus,right
371,2062,3143,1072,495,721,Medial vestibular nucleus,left
371,2064,2885,1073,495,664,Medial vestibular nucleus,left
371,2482,2543,1072,588,586,crossed tectospinal pathway,left
371,1990,1801,1077,476,427,Medial vestibular nucleus,right
372,2186,1620,1074,522,391,"Spinal nucleus of the trigeminal, oral part",right
372,2362,2833,1073,566,649,Intermediate reticular nucleus,left
372,2469,2270,1074,586,529,Gigantocellular reticular nucleus,right
372,2551,2463,1071,603,570,Gigantocellular reticular nucleus,right
372,2032,2969,1073,488,684,Medial vestibular nucleus,left
373,2465,2263,1074,585,528,Gigantocellular reticular nucleus,right
374,2015,2873,1073,483,663,Medial vestibular nucleus,left
378,1826,2768,1073,436,642,Pontine central gray,left
378,2000,2804,1072,478,648,Sublaterodorsal nucleus,left
378,2102,2878,1070,503,663,Medial vestibular nucleus,left
377,2006,2826,1073,479,652,Sublaterodorsal nucleus,left
377,2630,2066,1068,628,483,Intermediate reticular nucleus,right
377,2508,1795,1065,601,425,Parvicellular reticular nucleus,right
375,2348,2253,1072,557,526,Gigantocellular reticular nucleus,right
375,2493,2091,1071,595,489,Gigantocellular reticular nucleus,right
376,2498,2378,1070,592,553,crossed tectospinal pathway,right
379,2525,2299,1069,598,536,Gigantocellular reticular nucleus,right
379,2358,2835,1069,566,649,Intermediate reticular nucleus,left
379,2401,2434,1069,569,564,Gigantocellular reticular nucleus,right
379,2690,2071,1063,642,484,Gigantocellular reticular nucleus,right
380,2025,3033,1069,486,698,Medial vestibular nucleus,left
380,2385,2158,1071,566,505,Gigantocellular reticular nucleus,right
380,2430,2693,1070,579,617,Gigantocellular reticular nucleus,left
381,2060,2985,1068,494,687,Medial vestibular nucleus,left
382,2551,2266,1068,604,528,Gigantocellular reticular nucleus,right
383,2470,2177,1068,586,508,Gigantocellular reticular nucleus,right
383,2025,3136,1067,486,720,Medial vestibular nucleus,left
384,2974,2111,1048,707,488,Medulla,right
384,2855,2485,1055,670,572,Nucleus raphe magnus,left
387,1848,2817,1068,442,651,Barrington's nucleus,left
387,1858,2825,1068,445,653,Barrington's nucleus,left
387,2373,2651,1066,564,608,Gigantocellular reticular nucleus,left
386,2002,3049,1067,481,702,Medial vestibular nucleus,left
385,2387,2898,1066,572,664,Intermediate reticular nucleus,left
388,2309,2803,1066,552,643,Gigantocellular reticular nucleus,left
389,2786,3047,1050,671,689,Facial motor nucleus,left
390,2331,2096,1065,552,490,Pons,right
390,2006,2967,1065,481,683,Medial vestibular nucleus,left
391,2749,3038,1050,662,688,Facial motor nucleus,left
392,2479,3197,1056,595,727,Parvicellular reticular nucleus,left
392,2068,2306,1066,487,537,Nucleus incertus,right
392,2406,2844,1064,576,651,"Pontine reticular nucleus, caudal part",left
394,2486,2223,1063,589,519,Gigantocellular reticular nucleus,right
394,2058,2089,1066,487,489,Sublaterodorsal nucleus,right
394,2285,2798,1063,545,642,"Pontine reticular nucleus, caudal part",left
394,2563,2175,1062,609,507,Gigantocellular reticular nucleus,right
394,2009,3112,1063,482,715,Medial vestibular nucleus,left
394,2255,2344,1063,532,546,"Pontine reticular nucleus, caudal part",right
394,2360,2693,1063,561,618,Gigantocellular reticular nucleus,left
394,2060,2898,1063,492,669,Medial vestibular nucleus,left
393,2516,2738,1064,600,627,Gigantocellular reticular nucleus,left
393,2365,2187,1065,560,510,Gigantocellular reticular nucleus,right
393,2514,2385,1063,595,554,crossed tectospinal pathway,right
395,1897,2891,1065,454,668,Subceruleus nucleus,left
395,2667,2019,1056,636,473,Intermediate reticular nucleus,right
395,2058,2887,1062,492,665,Subceruleus nucleus,left
395,2376,2440,1061,562,565,Gigantocellular reticular nucleus,right
395,2470,2472,1061,585,572,Gigantocellular reticular nucleus,left
395,2685,2989,1053,646,679,Intermediate reticular nucleus,left
396,1879,2817,1065,448,651,Barrington's nucleus,left
397,2455,2677,1062,584,614,Gigantocellular reticular nucleus,left
399,2408,2020,1060,572,472,Intermediate reticular nucleus,right
399,2637,2968,1054,634,676,Accessory facial motor nucleus,left
401,1840,2902,1064,442,670,Locus ceruleus,left
401,2339,2107,1061,554,492,"Pontine reticular nucleus, caudal part",right
401,2407,2023,1060,571,473,Intermediate reticular nucleus,right
401,2636,2966,1054,634,675,Intermediate reticular nucleus,left
401,2764,2697,1050,654,616,Gigantocellular reticular nucleus,left
401,2455,2681,1060,584,615,"Pontine reticular nucleus, caudal part",left
401,2508,2147,1060,596,500,"Pontine reticular nucleus, caudal part",right
401,2910,2772,1041,691,631,Medulla,left
402,2637,2434,1055,620,564,Gigantocellular reticular nucleus,right
402,2469,2033,1059,588,476,Intermediate reticular nucleus,right
402,2531,2030,1058,603,475,Intermediate reticular nucleus,right
403,2032,2902,1059,484,669,Subceruleus nucleus,left
403,2431,2134,1059,576,498,"Pontine reticular nucleus, caudal part",right
404,2943,2490,1043,693,572,Nucleus raphe pallidus,left
404,2560,2974,1055,615,679,Intermediate reticular nucleus,left
404,2339,2402,1058,552,557,Gigantocellular reticular nucleus,right
405,2744,2901,1047,657,659,"Pontine reticular nucleus, caudal part",left
405,2299,2306,1058,542,537,"Pontine reticular nucleus, caudal part",right
407,2537,2774,1055,604,635,"Pontine reticular nucleus, caudal part",left
407,2686,2274,1050,633,529,"Pontine reticular nucleus, caudal part",right
406,2501,2104,1057,594,491,"Pontine reticular nucleus, caudal part",right
409,2490,2121,1056,591,495,"Pontine reticular nucleus, caudal part",right
409,2593,2927,1053,623,667,Intermediate reticular nucleus,left
409,2503,2101,1056,595,490,"Pontine reticular nucleus, caudal part",right
410,2520,2773,1055,601,635,"Pontine reticular nucleus, caudal part",left
410,1879,2007,1061,446,471,Pons,right
410,1895,3338,1060,459,767,Koelliker-Fuse subnucleus,left
410,2957,2788,1035,703,636,Medulla,left
411,2838,2874,1037,678,653,"Pontine reticular nucleus, caudal part",left
411,2428,2064,1054,576,482,"Pontine reticular nucleus, caudal part",right
411,2591,2693,1052,614,618,"Pontine reticular nucleus, caudal part",left
412,1868,2834,1057,445,656,Pontine central gray,left
413,2628,2616,1050,620,601,"Pontine reticular nucleus, caudal part",left
413,2021,2799,1056,479,647,Sublaterodorsal nucleus,left
413,2791,2211,1043,658,513,"Pontine reticular nucleus, caudal part",right
414,2470,2057,1053,587,480,"Pontine reticular nucleus, caudal part",right
416,2512,2705,1052,596,620,"Pontine reticular nucleus, caudal part",left
415,2821,2774,1038,670,632,"Pontine reticular nucleus, caudal part",left
415,2489,2265,1052,589,528,"Pontine reticular nucleus, caudal part",right
417,2494,2696,1052,592,618,"Pontine reticular nucleus, caudal part",left
419,1738,1998,1059,412,473,Parabrachial nucleus,right
422,2616,2752,1046,621,629,"Pontine reticular nucleus, caudal part",left
422,1704,2147,1057,403,504,Laterodorsal tegmental nucleus,right
422,2338,2719,1050,555,624,"Pontine reticular nucleus, caudal part",left
421,1934,1479,1062,463,358,Koelliker-Fuse subnucleus,right
421,2798,2037,1037,664,476,"Pontine reticular nucleus, caudal part",right
423,2379,2745,1049,565,630,"Pontine reticular nucleus, caudal part",left
423,2777,2148,1037,655,500,"Pontine reticular nucleus, caudal part",right
423,2807,2380,1039,655,550,Gigantocellular reticular nucleus,right
423,1896,3396,1054,459,778,Koelliker-Fuse subnucleus,left
424,2444,3180,1044,584,725,Parvicellular reticular nucleus,left
424,2452,2822,1049,584,646,"Pontine reticular nucleus, caudal part",left
424,2374,2290,1049,560,533,"Pontine reticular nucleus, caudal part",right
426,2777,2103,1036,656,490,"Pontine reticular nucleus, caudal part",right
426,2887,2482,1035,675,570,Nucleus raphe magnus,right
429,2473,2904,1046,591,664,"Pontine reticular nucleus, caudal part",left
434,2339,2773,1045,555,637,"Pontine reticular nucleus, caudal part",left
435,2814,2382,1033,657,550,"Pontine reticular nucleus, caudal part",right
435,2763,2330,1034,646,540,"Pontine reticular nucleus, caudal part",right
433,2460,2441,1044,581,566,Pons,right
436,2402,2827,1043,571,647,"Pontine reticular nucleus, caudal part",left
436,2905,3097,1021,698,699,"Superior olivary complex, lateral part",left
437,2066,1322,1052,495,321,Ventral cochlear nucleus,right
438,2666,2461,1038,624,569,Nucleus raphe magnus,right
438,2492,2627,1041,589,604,"Pontine reticular nucleus, caudal part",left
440,2415,2945,1041,576,673,"Pontine reticular nucleus, caudal part",left
443,2326,1961,1038,549,459,Pons,right
443,2456,2362,1039,579,549,crossed tectospinal pathway,right
444,2651,1876,1031,630,441,Pons,right
444,2848,2894,1021,679,657,"Superior olivary complex, medial part",left
444,2595,3285,1031,618,743,Pons,left
445,2372,2904,1039,564,665,"Pontine reticular nucleus, caudal part",left
447,2699,2953,1026,645,671,"Pontine reticular nucleus, caudal part",left
447,2444,2263,1037,576,527,"Pontine reticular nucleus, caudal part",right
449,2598,2649,1034,613,608,"Pontine reticular nucleus, caudal part",left
449,2590,3106,1030,617,707,Pons,left
450,2682,2919,1027,640,664,"Pontine reticular nucleus, caudal part",left
450,2107,2601,1038,490,602,Pons,left
452,1902,2891,1038,450,668,Pons,left
451,2347,2808,1036,555,645,"Pontine reticular nucleus, caudal part",left
451,2633,2781,1030,625,636,"Pontine reticular nucleus, caudal part",left
456,2656,2493,1030,621,576,Pons,left
457,2769,2292,1024,648,531,"Pontine reticular nucleus, caudal part",right
459,2712,2969,1020,646,674,"Pontine reticular nucleus, caudal part",left
459,2629,2650,1028,619,608,"Pontine reticular nucleus, caudal part",left
462,2019,2858,1032,476,661,"Pontine reticular nucleus, caudal part",left
460,2682,2312,1026,628,536,"Pontine reticular nucleus, caudal part",right
461,2705,2763,1023,641,631,"Pontine reticular nucleus, caudal part",left
463,2005,2103,1033,469,490,Pons,right
465,2106,2016,1031,493,470,"Pontine reticular nucleus, caudal part",right
465,2539,2632,1028,598,605,"Pontine reticular nucleus, caudal part",left
466,1342,2094,1043,311,491,Periaqueductal gray,right
468,1920,2863,1031,452,663,Pons,left
471,1811,2118,1032,422,495,Laterodorsal tegmental nucleus,right
471,1960,2872,1028,461,664,Pons,left
469,1960,2066,1032,458,482,Pons,right
473,2638,2964,1018,629,674,"Pontine reticular nucleus, caudal part",left
478,1832,2811,1028,430,650,Laterodorsal tegmental nucleus,left
478,1935,2835,1026,454,656,Pons,left
478,2590,3295,1016,614,745,Pons,left
479,2725,2302,1015,637,533,"Pontine reticular nucleus, caudal part",right
483,2239,2056,1020,524,479,"Pontine reticular nucleus, caudal part",right
483,2439,2740,1020,575,628,"Pontine reticular nucleus, caudal part",left
483,2327,2060,1020,545,481,"Pontine reticular nucleus, caudal part",right
481,2302,3538,1027,548,806,spinal tract of the trigeminal nerve,left
481,2741,2622,1016,641,601,"Pontine reticular nucleus, caudal part",left
482,2817,2074,1007,663,484,"Pontine reticular nucleus, caudal part",right
482,2922,2924,1001,695,664,"Superior olivary complex, medial part",left
482,2159,2604,1022,501,602,"Pontine reticular nucleus, caudal part",left
484,1038,2557,1040,233,594,Periaqueductal gray,left
487,1396,1718,1044,326,410,Cuneiform nucleus,right
487,2290,2222,1019,534,517,"Pontine reticular nucleus, caudal part",right
487,2574,3070,1012,611,698,"Pontine reticular nucleus, caudal part",left
485,1420,3177,1040,336,729,Cuneiform nucleus,left
488,2086,2074,1021,486,483,"Pontine reticular nucleus, caudal part",right
489,1949,1935,1024,456,453,Pons,right
489,2088,2697,1020,486,623,"Pontine reticular nucleus, caudal part",left
489,2101,2642,1020,487,611,"Pontine reticular nucleus, caudal part",left
490,2215,2089,1018,517,487,"Pontine reticular nucleus, caudal part",right
492,2206,2906,1018,519,667,"Pontine reticular nucleus, caudal part",left
494,2737,2741,1006,645,626,"Pontine reticular nucleus, caudal part",left
497,2053,1997,1018,479,466,"Pontine reticular nucleus, caudal part",right
498,2299,2636,1014,536,607,crossed tectospinal pathway,left
498,2726,2743,1005,642,627,"Pontine reticular nucleus, caudal part",left
498,2193,2682,1015,510,618,"Pontine reticular nucleus, caudal part",left
499,2513,2234,1011,590,520,"Pontine reticular nucleus, caudal part",right
499,2661,1911,1002,627,450,lateral lemniscus,right
499,2056,2706,1015,477,626,Pons,left
500,1897,1980,1019,441,463,Parabrachial nucleus,right
501,2531,1672,1007,596,398,Pons,right
504,1093,2656,1028,248,617,Periaqueductal gray,left
505,2812,2499,1004,653,574,Nucleus raphe magnus,left
506,2215,2687,1011,514,618,"Pontine reticular nucleus, caudal part",left
510,2062,2896,1011,482,667,Pontine reticular nucleus,left
508,2101,2794,1011,489,645,Pontine reticular nucleus,left
508,2213,2585,1010,513,597,Superior central nucleus raphe,left
509,2938,2917,990,700,662,"Superior olivary complex, periolivary region",left
512,1327,2807,1017,308,651,Periaqueductal gray,left
511,1419,1841,1024,329,434,Cuneiform nucleus,right
511,2705,2939,995,642,668,"Pontine reticular nucleus, caudal part",left
515,2079,3342,1009,493,763,Pons,left
515,2489,2235,1004,582,520,"Pontine reticular nucleus, caudal part",right
514,2718,1879,993,640,445,lateral lemniscus,right
514,2341,3308,1006,552,753,Parvicellular motor 5 nucleus,left
516,2720,2170,996,638,504,"Pontine reticular nucleus, caudal part",right
517,1025,2666,1027,233,619,Periaqueductal gray,left
517,1437,2912,1016,336,673,Periaqueductal gray,left
517,2291,2885,1007,537,660,"Pontine reticular nucleus, caudal part",left
523,1589,2570,1006,364,596,Periaqueductal gray,left
519,2489,2683,1003,583,616,"Pontine reticular nucleus, caudal part",left
519,2226,2955,1005,522,676,"Pontine reticular nucleus, caudal part",left
518,2097,2715,1006,485,627,Pontine reticular nucleus,left
522,1984,2833,1006,461,655,Midbrain reticular nucleus,left
522,1002,2756,1029,230,640,"Inferior colliculus, dorsal nucleus",left
521,2102,2684,1005,486,620,Pontine reticular nucleus,left
525,1140,2758,1018,262,642,Periaqueductal gray,left
527,1193,2731,1010,274,635,Periaqueductal gray,left
529,830,2640,1033,188,612,Midbrain,left
529,1179,2783,1014,272,648,Periaqueductal gray,left
529,2135,2682,1002,493,619,Pontine reticular nucleus,left
530,1055,2711,1019,241,630,Periaqueductal gray,left
531,2779,2605,992,648,597,"Pontine reticular nucleus, caudal part",left
531,2365,1457,999,559,350,Principal sensory nucleus of the trigeminal,right
532,2246,2632,999,519,606,Pontine reticular nucleus,left
533,1723,2251,1007,395,522,Pons,right
534,2559,3014,990,606,685,"Pontine reticular nucleus, caudal part",left
534,1035,2627,1015,234,610,Periaqueductal gray,left
537,2205,2665,998,509,614,Pontine reticular nucleus,left
537,2470,2374,997,576,551,Pons,right
539,2371,2663,995,550,612,"Pontine reticular nucleus, caudal part",left
539,2120,2706,996,489,624,Pontine reticular nucleus,left
539,2220,3013,995,520,689,Peritrigeminal zone,left
539,2096,2691,996,483,621,Pontine reticular nucleus,left
540,1295,2824,1005,300,656,Periaqueductal gray,left
542,1100,2742,1010,252,637,Periaqueductal gray,left
543,2711,2908,981,641,662,"Pontine reticular nucleus, caudal part",left
543,1106,2708,1007,252,630,Periaqueductal gray,left
543,1156,2149,1005,264,499,Periaqueductal gray,right
543,1005,3233,1024,232,745,"Inferior colliculus, external nucleus",left
545,1085,2681,1007,247,623,Periaqueductal gray,left
545,2548,2011,986,598,471,"Pontine reticular nucleus, caudal part",right
546,1389,2980,1005,324,690,Cuneiform nucleus,left
546,2641,3160,981,623,715,lateral lemniscus,left
546,2666,2919,981,630,664,"Pontine reticular nucleus, caudal part",left
547,1283,2659,990,293,619,Periaqueductal gray,left
547,2061,2023,994,474,473,Pontine reticular nucleus,right
549,1169,2844,1007,271,661,Midbrain,left
549,1246,2688,994,284,626,Periaqueductal gray,left
550,1000,2496,1005,225,579,Periaqueductal gray,left
550,1276,2770,997,294,644,Periaqueductal gray,left
553,1995,2011,994,458,470,Pedunculopontine nucleus,right
553,1518,2268,992,346,527,Periaqueductal gray,right
553,1174,3351,1021,276,775,"Inferior colliculus, external nucleus",left
553,2095,2805,991,483,646,Pontine reticular nucleus,left
551,1064,2692,1005,243,625,Periaqueductal gray,left
554,957,2764,1015,219,641,"Superior colliculus, motor related, deep gray layer",left
554,1139,2030,1006,262,473,Midbrain,right
555,2065,2058,990,475,481,Pontine reticular nucleus,right
557,2316,1539,988,544,369,Principal sensory nucleus of the trigeminal,right
556,1185,2692,993,270,627,Periaqueductal gray,left
556,1403,2635,985,322,613,Periaqueductal gray,left
559,2078,1948,989,479,457,Pontine reticular nucleus,right
559,929,2838,1014,213,657,Midbrain,left
559,1233,2100,995,282,487,Periaqueductal gray,right
559,1084,2690,999,247,626,Periaqueductal gray,left
561,1397,1596,1015,325,378,lateral lemniscus,right
560,904,2745,1014,206,635,"Superior colliculus, motor related, deep gray layer",left
563,2374,2759,984,552,631,Pontine reticular nucleus,left
564,812,2600,1015,183,602,"Superior colliculus, motor related, intermediate white layer",left
564,1443,2868,994,336,663,Periaqueductal gray,left
564,2462,2908,980,577,662,Pontine reticular nucleus,left
564,1121,2762,998,257,642,Periaqueductal gray,left
564,1223,2911,999,284,676,Midbrain,left
564,2618,3295,973,620,744,Pons,left
562,2014,1674,991,469,398,Parabrachial nucleus,right
562,2322,1527,985,545,366,Principal sensory nucleus of the trigeminal,right
562,2422,2461,986,560,569,Pons,right
566,1140,2774,996,262,645,Periaqueductal gray,left
566,1322,2785,989,305,647,Periaqueductal gray,left
566,1165,2778,994,268,647,Periaqueductal gray,left
567,2324,1468,983,547,354,Principal sensory nucleus of the trigeminal,right
567,1135,2822,997,262,655,Periaqueductal gray,left
567,1154,3262,1009,270,754,"Inferior colliculus, external nucleus",left
565,2269,2780,985,526,636,Pontine reticular nucleus,left
568,1000,2442,995,225,566,Periaqueductal gray,right
569,2438,1939,978,569,457,Pontine reticular nucleus,right
569,2724,2278,974,636,526,"Pontine reticular nucleus, caudal part",right
569,1749,2619,991,400,608,Midbrain reticular nucleus,left
570,1764,2249,990,402,522,Midbrain reticular nucleus,right
573,2128,2236,983,490,519,Pontine reticular nucleus,right
573,2672,2936,969,630,667,"Pontine reticular nucleus, caudal part",left
572,1032,2753,1000,236,639,"Superior colliculus, motor related, deep white layer",left
572,1131,2754,992,259,641,Periaqueductal gray,left
572,1197,2666,982,271,621,Periaqueductal gray,left
572,1525,2539,981,347,589,Periaqueductal gray,left
572,2518,2506,981,585,577,Pons,left
574,1486,2778,987,343,642,Periaqueductal gray,left
575,1380,2804,985,319,650,Periaqueductal gray,left
575,2036,2448,983,468,567,Midbrain,right
575,2852,2928,960,676,665,"Superior olivary complex, periolivary region",left
577,1230,2662,978,279,620,Periaqueductal gray,left
577,1248,2694,979,285,628,Periaqueductal gray,left
577,1261,3250,1002,295,753,"Inferior colliculus, external nucleus",left
577,1265,2756,983,291,641,Periaqueductal gray,left
576,1413,3075,992,329,711,Cuneiform nucleus,left
576,1377,2696,979,316,626,Periaqueductal gray,left
576,2285,2728,980,527,625,Pontine reticular nucleus,left
578,1991,2776,981,455,640,Midbrain reticular nucleus,left
578,2398,2486,979,553,574,Superior central nucleus raphe,left
578,2652,1644,962,623,394,Parvicellular motor 5 nucleus,right
578,2656,2286,971,619,528,Tegmental reticular nucleus,right
578,1386,2727,980,319,632,Periaqueductal gray,left
579,2545,2844,972,596,648,Pontine reticular nucleus,left
579,1410,2810,984,326,650,Periaqueductal gray,left
582,2055,2094,979,470,489,Pontine reticular nucleus,right
582,1480,2812,985,342,648,Periaqueductal gray,left
583,996,2753,996,228,639,"Superior colliculus, motor related, deep white layer",left
583,1220,2687,976,277,626,Periaqueductal gray,left
583,1523,2803,985,353,646,Periaqueductal gray,left
584,1367,2808,982,316,651,Periaqueductal gray,left
585,1446,2720,979,333,630,Periaqueductal gray,left
585,1973,3002,978,456,687,Pedunculopontine nucleus,left
586,1688,1716,986,391,407,Pedunculopontine nucleus,right
586,2381,2966,971,556,672,Pontine reticular nucleus,left
586,2264,2587,977,519,595,Superior central nucleus raphe,left
587,2021,2666,977,461,616,Midbrain reticular nucleus,left
587,1075,2938,994,248,682,"Superior colliculus, motor related, deep gray layer",left
587,1470,2787,981,340,643,Periaqueductal gray,left
587,2079,1931,976,477,454,Pontine reticular nucleus,right
588,1310,2893,984,304,671,Midbrain,left
588,1983,3032,975,459,693,Pedunculopontine nucleus,left
588,2614,3297,961,620,744,Parvicellular motor 5 nucleus,left
588,2679,2188,963,625,507,Tegmental reticular nucleus,right
588,1221,2680,974,277,625,Periaqueductal gray,left
590,1427,2761,978,329,639,Periaqueductal gray,left
590,1456,2750,978,335,636,Periaqueductal gray,left
590,1368,2817,980,317,652,Periaqueductal gray,left
590,997,2963,997,229,686,Midbrain,left
590,1206,2642,971,272,616,Periaqueductal gray,left
589,1851,2012,981,422,472,superior cerebelar peduncles,right
592,1317,2827,979,304,655,Periaqueductal gray,left
594,1367,2745,974,314,637,Periaqueductal gray,left
594,1353,2856,980,314,661,Periaqueductal gray,left
594,1548,2801,981,358,644,Periaqueductal gray,left
594,2358,2590,972,542,596,Superior central nucleus raphe,left
594,1193,2906,985,277,674,Midbrain,left
593,1204,2646,970,272,617,Periaqueductal gray,left
593,1206,2905,985,279,674,Midbrain,left
593,1443,2779,978,334,642,Periaqueductal gray,left
593,1572,2867,983,363,658,trochlear nerve,left
593,2675,2164,961,623,502,Pontine reticular nucleus,right
595,1027,2935,992,236,680,"Superior colliculus, motor related, deep gray layer",left
595,1396,2760,974,322,639,Periaqueductal gray,left
596,2106,1942,972,483,457,Pontine reticular nucleus,right
596,1566,1914,983,360,450,Cuneiform nucleus,right
598,993,2999,994,229,695,Midbrain,left
598,788,2696,999,176,621,"Superior colliculus, motor related, intermediate white layer",left
598,1136,2911,985,262,675,"Superior colliculus, motor related, deep gray layer",left
598,2191,3030,967,508,689,Pontine reticular nucleus,left
598,2679,2762,961,626,630,Tegmental reticular nucleus,left
597,1496,2262,972,340,524,Periaqueductal gray,right
597,2306,2852,969,534,649,Pontine reticular nucleus,left
597,2051,2003,973,468,470,Pontine reticular nucleus,right
599,1019,2890,990,235,669,"Superior colliculus, motor related, deep gray layer",left
599,1400,2719,970,322,631,Periaqueductal gray,left
599,1517,2806,978,350,646,Periaqueductal gray,left
599,2381,2570,970,547,592,Superior central nucleus raphe,left
600,1464,2232,970,333,517,Periaqueductal gray,right
600,1542,2614,973,351,606,Periaqueductal gray,left
600,1273,2840,977,294,659,Periaqueductal gray,left
600,1505,2659,972,345,616,Periaqueductal gray,left
601,1400,2291,963,317,528,Periaqueductal gray,right
601,1190,2884,981,275,670,Midbrain,left
601,1211,2759,974,277,642,Periaqueductal gray,left
601,2752,2400,960,640,551,medial lemniscus,right
603,1323,2883,977,306,668,Midbrain,left
603,2725,2958,952,642,672,Pontine reticular nucleus,left
603,1235,2892,978,285,670,Midbrain,left
603,2687,2585,963,623,592,Tegmental reticular nucleus,left
605,1526,1904,980,350,448,Cuneiform nucleus,right
605,1457,2753,972,335,637,Periaqueductal gray,left
602,2093,1955,970,480,460,Pontine reticular nucleus,right
602,2344,2559,969,538,590,Superior central nucleus raphe,left
604,2736,3038,951,647,689,"Superior olivary complex, periolivary region",left
604,1452,2709,970,333,628,Periaqueductal gray,left
604,1166,2950,983,269,684,Midbrain,left
606,1096,2985,985,253,692,"Superior colliculus, motor related, deep gray layer",left
606,1190,2803,974,274,652,Periaqueductal gray,left
606,2102,1993,968,480,469,Pontine reticular nucleus,right
606,2660,2686,961,619,614,Tegmental reticular nucleus,left
608,2694,2366,957,627,543,Tegmental reticular nucleus,right
608,769,2706,995,170,623,"Superior colliculus, motor related, intermediate white layer",left
608,1475,2686,968,338,622,Periaqueductal gray,left
608,1380,2667,963,316,620,Periaqueductal gray,left
608,1476,1956,977,338,458,Cuneiform nucleus,right
609,873,2811,992,197,649,"Superior colliculus, motor related, intermediate white layer",left
609,2319,2604,967,532,599,Superior central nucleus raphe,left
607,1197,2952,980,276,684,Midbrain,left
610,1515,2264,967,344,525,Periaqueductal gray,right
610,2282,2643,966,522,608,crossed tectospinal pathway,left
611,1214,2781,969,279,646,Periaqueductal gray,left
611,1541,2665,969,352,617,Periaqueductal gray,left
611,1238,2922,976,287,677,Midbrain,left
614,2284,2738,963,525,627,Pontine reticular nucleus,left
614,1524,2641,967,348,612,Periaqueductal gray,left
612,1019,1963,984,230,457,"Superior colliculus, motor related, deep gray layer",right
613,1180,2778,971,271,646,Periaqueductal gray,left
613,1528,2656,969,350,615,Periaqueductal gray,left
613,1140,2958,980,263,687,"Superior colliculus, motor related, deep gray layer",left
615,1208,2052,971,275,475,"Superior colliculus, motor related, deep white layer",right
616,1118,3220,985,259,749,"Inferior colliculus, external nucleus",left
616,1528,2674,968,350,619,Periaqueductal gray,left
616,776,2858,993,171,659,"Superior colliculus, motor related, intermediate gray layer",left
618,1232,2902,972,284,672,Midbrain,left
618,2135,3431,963,499,783,Nucleus of the lateral lemniscus,left
618,2543,3196,948,599,720,Nucleus of the lateral lemniscus,left
618,1216,2901,973,280,672,Midbrain,left
618,1230,2835,969,283,658,Periaqueductal gray,left
618,1532,3325,974,356,765,Nucleus sagulum,left
619,2099,3189,956,487,726,Pontine reticular nucleus,left
619,1153,2965,976,267,688,"Superior colliculus, motor related, deep gray layer",left
619,1420,2274,956,322,525,Periaqueductal gray,right
621,1480,2695,964,339,624,Periaqueductal gray,left
621,1277,2647,955,289,617,Periaqueductal gray,left
621,2234,2629,963,510,605,Superior central nucleus raphe,left
622,1494,2257,961,339,522,Periaqueductal gray,right
622,1211,2871,970,279,666,"Superior colliculus, motor related, deep white layer",left
622,1474,2712,964,338,627,Periaqueductal gray,left
623,1500,2998,971,347,690,Cuneiform nucleus,left
623,1538,2513,961,349,583,Dorsal nucleus raphe,left
624,1449,2285,956,329,528,Periaqueductal gray,right
624,1517,2286,960,343,529,Periaqueductal gray,right
624,1526,2666,964,348,617,Periaqueductal gray,left
625,2158,3303,956,503,752,Nucleus of the lateral lemniscus,left
625,2206,2955,957,508,672,Pontine reticular nucleus,left
625,1367,2813,965,315,651,Periaqueductal gray,left
625,1401,2745,961,322,636,Periaqueductal gray,left
625,1462,2679,961,334,621,Periaqueductal gray,left
625,1997,3343,959,464,764,Nucleus of the lateral lemniscus,left
627,1173,3257,980,273,759,"Inferior colliculus, external nucleus",left
627,1135,2995,974,262,695,"Superior colliculus, motor related, deep gray layer",left
627,1452,2994,969,335,690,Midbrain reticular nucleus,left
627,2241,2582,960,511,595,Superior central nucleus raphe,left
628,1526,2512,958,346,582,Dorsal nucleus raphe,left
628,798,2992,989,179,690,"Superior colliculus, motor related, intermediate gray layer",left
628,1462,2799,964,336,645,Periaqueductal gray,left
628,2109,3107,953,487,706,Pontine reticular nucleus,left
628,1038,2866,974,238,663,"Superior colliculus, motor related, deep gray layer",left
628,1130,2967,973,260,688,"Superior colliculus, motor related, deep gray layer",left
628,1227,2893,968,283,671,Midbrain,left
630,1495,2689,960,342,622,Periaqueductal gray,left
630,1405,2632,953,321,612,Periaqueductal gray,left
630,2243,2641,958,512,607,Superior central nucleus raphe,left
630,1471,2605,955,335,605,Periaqueductal gray,left
629,1570,2699,965,358,623,Periaqueductal gray,left
631,1169,1924,971,266,447,"Superior colliculus, motor related, deep gray layer",right
631,1477,2762,962,338,637,Periaqueductal gray,left
632,1451,2271,953,328,525,Periaqueductal gray,right
632,1170,2914,968,270,676,"Superior colliculus, motor related, deep gray layer",left
633,1298,2054,962,296,477,"Superior colliculus, motor related, deep white layer",right
633,1553,2778,965,356,639,Periaqueductal gray,left
633,2353,2686,955,540,615,Pontine reticular nucleus,left
633,2890,2848,933,682,648,Pontine gray,left
633,1523,2761,963,349,636,Periaqueductal gray,left
635,1295,2884,963,298,667,Midbrain,left
635,1149,2951,968,265,684,"Superior colliculus, motor related, deep gray layer",left
635,1223,2942,966,283,681,Midbrain,left
635,1272,1973,964,289,459,Midbrain,right
636,1125,2995,971,259,695,"Superior colliculus, motor related, deep gray layer",left
636,2083,3105,951,481,706,Pontine reticular nucleus,left
636,2143,3190,948,497,725,rubrospinal tract,left
636,1505,2745,961,344,633,Periaqueductal gray,left
637,1506,2194,958,341,510,Periaqueductal gray,right
638,1175,2996,968,271,695,"Superior colliculus, motor related, deep gray layer",left
638,1454,2761,958,334,637,Periaqueductal gray,left
638,2897,2166,929,680,501,Pontine gray,right
639,2185,3268,947,508,743,lateral lemniscus,left
639,1494,2638,954,341,612,Periaqueductal gray,left
639,1418,2728,955,325,632,Periaqueductal gray,left
640,1294,2833,959,298,656,Periaqueductal gray,left
641,2575,3047,941,603,688,Pontine reticular nucleus,left
642,1035,2958,971,237,686,"Superior colliculus, motor related, deep gray layer",left
642,1219,2943,964,281,682,"Superior colliculus, motor related, deep gray layer",left
643,1258,2861,959,290,662,"Superior colliculus, motor related, deep white layer",left
644,720,2875,982,155,661,"Superior colliculus, optic layer",left
646,1288,2890,959,297,668,Midbrain,left
646,1354,2756,952,311,638,Periaqueductal gray,left
646,2422,3016,942,563,682,Pontine reticular nucleus,left
646,1577,2739,958,358,631,Periaqueductal gray,left
648,2823,2230,927,658,514,Pontine gray,right
648,1250,2788,953,287,646,Periaqueductal gray,left
649,1072,2860,964,245,662,"Superior colliculus, motor related, deep gray layer",left
649,1504,2746,955,344,633,Periaqueductal gray,left
649,2882,2874,926,680,653,Pontine gray,left
651,1568,2817,957,358,646,Periaqueductal gray,left
651,1576,1863,958,360,439,Midbrain reticular nucleus,right
651,1265,2698,946,289,627,Periaqueductal gray,left
650,2409,2653,946,552,609,Pontine reticular nucleus,left
650,2842,2823,927,666,642,Pontine gray,left
650,1269,2917,958,292,674,Midbrain,left
652,1442,2681,948,329,621,Periaqueductal gray,left
652,1563,2746,956,356,632,Periaqueductal gray,left
652,2172,2105,949,494,493,Pontine reticular nucleus,right
656,2100,2894,945,478,662,Pontine reticular nucleus,left
656,832,3006,975,185,695,"Superior colliculus, motor related, intermediate gray layer",left
656,1614,2594,953,364,600,Periaqueductal gray,left
655,1355,2605,940,309,606,Periaqueductal gray,left
655,1187,2899,957,273,671,"Superior colliculus, motor related, deep gray layer",left
653,1450,2930,958,334,674,Midbrain reticular nucleus,left
657,1418,2748,949,325,635,Periaqueductal gray,left
657,1535,2668,951,348,617,Periaqueductal gray,left
658,1467,3212,958,339,741,Midbrain reticular nucleus,left
658,1330,2857,952,305,659,Periaqueductal gray,left
658,2177,2680,945,494,617,crossed tectospinal pathway,left
658,1228,2880,954,283,666,"Superior colliculus, motor related, deep gray layer",left
659,957,3046,968,217,706,"Superior colliculus, motor related, intermediate white layer",left
659,1154,3028,960,266,703,"Superior colliculus, motor related, deep gray layer",left
659,1350,2734,945,309,633,Periaqueductal gray,left
659,1546,2726,951,351,628,Periaqueductal gray,left
661,1249,2957,956,288,684,Midbrain,left
661,2878,2223,920,673,513,Pontine gray,right
661,1320,2689,942,301,624,Periaqueductal gray,left
663,1056,2470,944,239,572,Periaqueductal gray,left
663,969,1897,963,213,440,"Superior colliculus, motor related, intermediate white layer",right
663,1101,2849,955,252,659,"Superior colliculus, motor related, deep gray layer",left
663,1102,3018,960,252,700,"Superior colliculus, motor related, deep gray layer",left
662,1108,2961,959,255,685,"Superior colliculus, motor related, deep gray layer",left
662,1424,2765,948,326,638,Periaqueductal gray,left
664,633,2848,976,131,655,"Superior colliculus, superficial gray layer",left
664,1312,2910,952,301,672,Midbrain,left
664,2432,3162,930,567,712,Nucleus of the lateral lemniscus,left
664,1098,3020,960,252,700,"Superior colliculus, motor related, deep gray layer",left
665,1387,2996,954,319,691,Midbrain reticular nucleus,left
665,1425,2812,949,326,647,Periaqueductal gray,left
665,2915,2201,917,683,509,Pontine gray,right
666,974,3080,965,222,715,"Superior colliculus, motor related, intermediate white layer",left
666,946,1895,962,207,440,"Superior colliculus, motor related, intermediate white layer",right
667,1111,2854,953,255,660,"Superior colliculus, motor related, deep gray layer",left
667,1492,2749,947,339,634,Periaqueductal gray,left
667,1573,2288,945,354,532,Supraoculomotor periaqueductal gray,right
668,1419,2603,938,323,605,Periaqueductal gray,left
668,1259,1933,952,286,450,"Superior colliculus, motor related, deep gray layer",right
668,1609,2727,949,364,627,Periaqueductal gray,left
669,1273,2934,951,293,678,Midbrain,left
669,1508,2246,943,340,521,Periaqueductal gray,right
671,1860,3036,943,425,693,Pedunculopontine nucleus,left
671,2217,1895,938,508,450,Pontine reticular nucleus,right
670,874,2675,959,196,617,"Superior colliculus, motor related, deep gray layer",left
672,1014,1791,963,224,414,"Superior colliculus, motor related, intermediate white layer",right
672,1495,1750,952,340,411,Midbrain reticular nucleus,right
673,1317,3166,954,304,735,Midbrain,left
673,2238,3224,931,519,731,Pons,left
674,1451,2753,943,330,635,Periaqueductal gray,left
674,1526,2745,945,346,632,Periaqueductal gray,left
674,1557,2721,945,352,627,Periaqueductal gray,left
675,1482,3039,949,340,699,Midbrain reticular nucleus,left
675,967,2944,959,218,681,"Superior colliculus, motor related, intermediate white layer",left
677,1118,2819,948,257,651,"Superior colliculus, motor related, deep white layer",left
677,1014,1859,957,224,431,"Superior colliculus, motor related, intermediate white layer",right
676,1770,1668,947,404,399,Midbrain,right
679,2271,2145,935,517,502,Pontine reticular nucleus,right
678,1668,2711,945,375,624,Midbrain reticular nucleus,left
678,1290,2933,947,296,677,Midbrain,left
678,2519,2186,929,580,507,Tegmental reticular nucleus,right
682,1414,2823,941,323,650,Periaqueductal gray,left
682,2248,2020,935,514,476,Pontine reticular nucleus,right
682,1452,2758,940,330,636,Periaqueductal gray,left
681,903,3100,962,203,720,"Superior colliculus, motor related, intermediate gray layer",left
681,1084,2945,952,248,681,"Superior colliculus, motor related, deep gray layer",left
681,1237,1869,951,280,435,"Superior colliculus, motor related, deep gray layer",right
683,1440,2892,943,329,664,Midbrain reticular nucleus,left
683,2254,2907,930,515,662,Pontine reticular nucleus,left
683,1304,2877,942,299,663,"Superior colliculus, motor related, deep white layer",left
684,1003,3125,956,228,726,"Superior colliculus, motor related, intermediate white layer",left
684,1539,2751,941,348,633,Periaqueductal gray,left
684,1749,2679,940,392,618,Midbrain reticular nucleus,left
685,1414,3208,948,327,743,Midbrain reticular nucleus,left
686,1415,3104,945,326,717,Midbrain reticular nucleus,left
686,2845,2881,911,667,653,Pontine gray,left
688,1087,1792,953,241,413,"Superior colliculus, motor related, intermediate white layer",right
688,1118,2953,947,256,683,"Superior colliculus, motor related, deep gray layer",left
688,1326,2948,943,304,680,Midbrain,left
688,1413,3107,945,326,717,Midbrain reticular nucleus,left
687,1544,2664,938,348,615,Periaqueductal gray,left
689,1328,2798,937,304,646,Periaqueductal gray,left
691,1066,1756,953,236,405,"Superior colliculus, motor related, intermediate white layer",right
692,2750,1902,907,646,445,Pontine gray,right
692,1534,2726,937,346,628,Periaqueductal gray,left
692,1572,2593,936,352,600,Supraoculomotor periaqueductal gray,left
693,1325,3015,942,304,696,Midbrain reticular nucleus,left
694,1529,3063,941,351,704,Midbrain reticular nucleus,left
695,1378,1970,938,312,460,Midbrain reticular nucleus,right
695,1407,2805,935,320,646,Periaqueductal gray,left
696,1331,1950,939,301,455,Midbrain,right
699,1567,2715,934,352,625,Periaqueductal gray,left
699,1353,2629,925,308,610,Periaqueductal gray,left
701,1532,2706,933,344,624,Periaqueductal gray,left
701,1504,2701,932,339,623,Periaqueductal gray,left
701,1615,1790,937,366,422,Midbrain reticular nucleus,right
700,1919,1753,935,438,418,Pedunculopontine nucleus,right
702,1258,2999,939,289,693,"Superior colliculus, motor related, deep gray layer",left
703,1025,1770,947,225,408,"Superior colliculus, motor related, intermediate gray layer",right
703,1308,1905,938,296,444,"Superior colliculus, motor related, deep gray layer",right
704,1085,2809,938,248,647,"Superior colliculus, motor related, deep white layer",left
706,1054,1794,944,233,414,"Superior colliculus, motor related, intermediate white layer",right
706,1039,3220,947,237,750,"Superior colliculus, motor related, intermediate gray layer",left
707,1026,1857,941,225,429,"Superior colliculus, motor related, intermediate white layer",right
707,1051,1740,946,232,401,"Superior colliculus, motor related, intermediate gray layer",right
708,995,2471,931,226,571,"Superior colliculus, motor related, deep gray layer",left
709,1110,1826,941,247,422,"Superior colliculus, motor related, intermediate white layer",right
709,1420,2783,929,322,641,Periaqueductal gray,left
710,2071,1868,926,471,442,Midbrain,right
710,1511,2654,927,339,613,Periaqueductal gray,left
711,1087,1752,943,241,404,"Superior colliculus, motor related, intermediate white layer",right
711,1449,2677,925,327,618,Periaqueductal gray,left
711,2339,2948,916,535,672,Pontine reticular nucleus,left
713,1314,2952,933,300,679,"Superior colliculus, motor related, deep gray layer",left
713,2324,1987,920,530,467,Pontine reticular nucleus,right
713,1054,1742,944,233,401,"Superior colliculus, motor related, intermediate gray layer",right
713,1523,2582,925,342,597,Supraoculomotor periaqueductal gray,left
714,1162,3132,939,266,726,"Superior colliculus, motor related, intermediate white layer",left
714,1090,1745,942,242,402,"Superior colliculus, motor related, intermediate white layer",right
715,1297,3090,934,297,715,Midbrain,left
715,1526,3022,931,349,693,Midbrain reticular nucleus,left
715,1489,2638,924,335,610,Periaqueductal gray,left
715,2289,1996,919,521,469,Pontine reticular nucleus,right
716,1120,1796,939,250,415,"Superior colliculus, motor related, intermediate white layer",right
717,944,3001,942,211,693,"Superior colliculus, motor related, intermediate white layer",left
717,1536,2662,925,344,614,Periaqueductal gray,left
717,1942,3162,924,443,719,Pedunculopontine nucleus,left
717,2151,2825,918,484,647,Pontine reticular nucleus,left
718,1640,2446,924,365,567,Midbrain,right
718,1087,1787,939,240,412,"Superior colliculus, motor related, intermediate white layer",right
718,1078,1789,938,239,413,"Superior colliculus, motor related, intermediate white layer",right
719,1508,2664,923,339,615,Periaqueductal gray,left
719,1533,2629,923,344,608,Periaqueductal gray,left
719,1990,2844,919,447,652,Midbrain reticular nucleus,left
720,1832,2730,922,408,627,Midbrain reticular nucleus,left
720,1440,2892,927,327,664,Midbrain reticular nucleus,left
721,1099,3026,936,250,700,"Superior colliculus, motor related, intermediate white layer",left
721,1836,2090,925,410,489,Midbrain reticular nucleus,right
722,1128,2934,932,257,677,"Superior colliculus, motor related, deep gray layer",left
722,1119,3195,937,256,743,"Superior colliculus, motor related, intermediate white layer",left
722,1486,2732,923,334,629,Periaqueductal gray,left
724,1215,1740,936,273,402,"Superior colliculus, motor related, intermediate white layer",right
724,1531,2726,923,343,627,Periaqueductal gray,left
724,1595,2574,922,355,595,Supraoculomotor periaqueductal gray,left
725,1201,3084,933,275,714,"Superior colliculus, motor related, deep gray layer",left
726,1075,1801,934,238,416,"Superior colliculus, motor related, intermediate white layer",right
726,1072,3237,937,244,753,"Superior colliculus, motor related, intermediate gray layer",left
726,1123,1707,937,251,393,"Superior colliculus, motor related, intermediate white layer",right
728,1121,1753,934,249,405,"Superior colliculus, motor related, intermediate white layer",right
728,1581,2485,918,352,575,Midbrain,left
728,1545,2695,921,346,621,Periaqueductal gray,left
728,1560,2584,920,348,597,Supraoculomotor periaqueductal gray,left
729,1071,1813,932,236,419,"Superior colliculus, motor related, intermediate white layer",right
729,1605,2577,920,357,595,Supraoculomotor periaqueductal gray,left
729,1682,1771,924,379,418,Midbrain reticular nucleus,right
730,1190,1731,934,267,400,"Superior colliculus, motor related, intermediate white layer",right
730,1709,3361,923,386,769,Nucleus sagulum,left
732,1575,2293,917,350,533,Supraoculomotor periaqueductal gray,right
732,1355,1898,926,305,442,"Superior colliculus, motor related, deep gray layer",right
732,1598,1893,924,361,445,Midbrain reticular nucleus,right
732,1742,3321,921,393,759,Nucleus sagulum,left
733,1161,3074,930,265,711,"Superior colliculus, motor related, intermediate white layer",left
735,1132,1714,932,252,396,"Superior colliculus, motor related, intermediate white layer",right
737,1429,2148,916,319,499,Periaqueductal gray,right
737,1127,1861,926,250,431,"Superior colliculus, motor related, intermediate white layer",right
737,1592,2577,917,353,595,Supraoculomotor periaqueductal gray,left
738,788,2658,933,173,613,"Superior colliculus, motor related, intermediate gray layer",left
738,1146,1760,929,256,407,"Superior colliculus, motor related, intermediate white layer",right
739,1375,2768,916,311,637,Periaqueductal gray,left
736,1647,2671,918,365,615,Periaqueductal gray,left
740,1145,1806,926,255,418,"Superior colliculus, motor related, intermediate white layer",right
740,1262,1884,923,283,438,"Superior colliculus, motor related, deep gray layer",right
740,1176,1729,929,263,400,"Superior colliculus, motor related, intermediate white layer",right
742,1093,2524,915,248,584,Periaqueductal gray,left
741,1300,3030,923,297,698,"Superior colliculus, motor related, deep gray layer",left
741,1551,2725,917,346,627,Periaqueductal gray,left
745,1148,1730,927,257,400,"Superior colliculus, motor related, intermediate white layer",right
745,1095,1802,925,243,416,"Superior colliculus, motor related, intermediate white layer",right
745,1772,2589,913,392,597,Midbrain reticular nucleus,left
745,1987,2142,910,443,499,Red nucleus,right
745,1831,2811,912,409,643,Red nucleus,left
744,835,2908,932,182,670,"Superior colliculus, motor related, intermediate gray layer",left
744,1254,2900,919,285,667,"Superior colliculus, motor related, deep gray layer",left
743,1276,1893,921,287,440,"Superior colliculus, motor related, deep gray layer",right
746,1598,1940,918,360,455,Midbrain reticular nucleus,right
747,1568,2668,912,349,615,Periaqueductal gray,left
747,1130,1816,922,251,420,"Superior colliculus, motor related, intermediate white layer",right
747,1138,1812,922,254,419,"Superior colliculus, motor related, intermediate white layer",right
747,2145,2178,905,480,508,Pontine reticular nucleus,right
749,1169,1684,926,262,389,"Superior colliculus, motor related, intermediate white layer",right
749,1887,2810,909,422,643,Red nucleus,left
749,1134,1728,925,253,400,"Superior colliculus, motor related, intermediate white layer",right
750,1252,2049,914,280,476,"Superior colliculus, motor related, deep gray layer",right
751,1102,1756,923,244,405,"Superior colliculus, motor related, intermediate white layer",right
751,1113,1753,923,248,405,"Superior colliculus, motor related, intermediate white layer",right
751,1221,3002,919,277,691,"Superior colliculus, motor related, deep gray layer",left
751,1278,3056,918,292,704,"Superior colliculus, motor related, deep gray layer",left
751,1981,2042,909,443,478,Midbrain reticular nucleus,right
751,2001,2807,904,448,642,Red nucleus,left
751,1161,1789,921,259,414,"Superior colliculus, motor related, intermediate white layer",right
753,1100,1983,915,243,460,"Superior colliculus, motor related, intermediate white layer",right
753,1142,1727,924,255,398,"Superior colliculus, motor related, intermediate white layer",right
753,1365,2973,916,310,684,Midbrain,left
753,1538,2702,911,343,622,Periaqueductal gray,left
753,1624,2603,910,359,601,Supraoculomotor periaqueductal gray,left
753,2044,2189,905,456,510,Midbrain,right
753,1596,2563,909,353,592,Supraoculomotor periaqueductal gray,left
753,2137,1883,904,482,443,Midbrain,right
754,1470,2608,907,328,603,Periaqueductal gray,left
754,1216,1713,922,273,397,"Superior colliculus, motor related, intermediate white layer",right
755,1575,1975,914,353,462,Midbrain reticular nucleus,right
755,1590,2566,908,352,592,Supraoculomotor periaqueductal gray,left
756,2009,2867,903,451,655,Midbrain reticular nucleus,left
756,2012,2081,906,449,487,Red nucleus,right
757,1349,1873,916,303,436,"Superior colliculus, motor related, deep gray layer",right
757,1192,1675,923,267,387,"Superior colliculus, motor related, intermediate gray layer",right
759,946,2976,922,209,686,"Superior colliculus, motor related, intermediate white layer",left
759,1168,1658,921,262,384,"Superior colliculus, motor related, intermediate gray layer",right
759,1593,2703,908,354,622,Midbrain reticular nucleus,left
759,1548,2645,907,344,610,Periaqueductal gray,left
758,1086,1825,917,240,422,"Superior colliculus, motor related, intermediate white layer",right
758,1307,2899,913,295,666,"Superior colliculus, motor related, deep gray layer",left
758,1175,1729,920,263,400,"Superior colliculus, motor related, intermediate white layer",right
761,1550,2642,907,344,609,Periaqueductal gray,left
761,2697,2286,885,613,530,Pontine gray,right
763,1225,1679,918,275,389,"Superior colliculus, motor related, intermediate white layer",right
763,1296,2928,911,293,673,"Superior colliculus, motor related, deep gray layer",left
763,1244,1752,916,279,405,"Superior colliculus, motor related, intermediate white layer",right
764,1278,2937,911,290,675,"Superior colliculus, motor related, deep gray layer",left
764,1167,1853,914,259,429,"Superior colliculus, motor related, intermediate white layer",right
762,1476,2882,909,333,661,Midbrain reticular nucleus,left
765,2053,2902,898,461,663,"Midbrain reticular nucleus, retrorubral area",left
768,1029,1781,915,226,411,"Superior colliculus, motor related, intermediate gray layer",right
768,1542,2704,904,342,622,Periaqueductal gray,left
766,1095,1835,913,242,424,"Superior colliculus, motor related, intermediate white layer",right
766,2176,1951,898,489,457,Midbrain,right
767,1226,1707,916,275,395,"Superior colliculus, motor related, intermediate white layer",right
767,1613,2547,902,356,588,Periaqueductal gray,left
767,1616,2582,903,356,595,Periaqueductal gray,left
769,2062,2006,900,461,470,"Midbrain reticular nucleus, retrorubral area",right
769,1610,2550,902,355,589,Periaqueductal gray,left
770,1216,1811,912,272,419,"Superior colliculus, motor related, intermediate white layer",right
770,1573,2655,903,349,612,Periaqueductal gray,left
770,1686,2572,901,371,593,Periaqueductal gray,left
770,1179,1813,912,263,420,"Superior colliculus, motor related, intermediate white layer",right
773,1229,1665,915,276,386,"Superior colliculus, motor related, intermediate gray layer",right
773,1262,1770,912,283,410,"Superior colliculus, motor related, intermediate white layer",right
773,2287,2032,894,513,474,Pontine reticular nucleus,right
773,1753,1641,904,395,387,Midbrain reticular nucleus,right
771,1971,1978,900,441,465,Midbrain reticular nucleus,right
774,1436,2844,904,323,653,Midbrain reticular nucleus,left
774,2082,2815,894,465,644,Midbrain reticular nucleus,left
777,1165,1714,912,261,397,"Superior colliculus, motor related, intermediate white layer",right
777,1246,3175,910,284,733,"Superior colliculus, motor related, intermediate white layer",left
777,1519,2795,902,340,642,Midbrain reticular nucleus,left
775,1561,2962,904,353,677,Midbrain reticular nucleus,left
775,2080,2078,896,464,486,Midbrain,right
778,2221,2004,892,497,468,Midbrain,right
779,1159,1768,909,259,409,"Superior colliculus, motor related, intermediate white layer",right
782,1167,1785,907,260,413,"Superior colliculus, motor related, intermediate white layer",right
781,1221,1815,907,273,420,"Superior colliculus, motor related, intermediate white layer",right
781,2043,1943,895,458,456,"Midbrain reticular nucleus, retrorubral area",right
784,1202,1712,908,269,396,"Superior colliculus, motor related, intermediate white layer",right
784,1207,1758,907,270,407,"Superior colliculus, motor related, intermediate white layer",right
785,1302,1714,908,291,397,"Superior colliculus, motor related, intermediate white layer",right
785,1615,2614,896,356,603,Periaqueductal gray,left
786,1152,1729,907,257,400,"Superior colliculus, motor related, intermediate white layer",right
786,1344,1793,905,301,416,"Superior colliculus, motor related, intermediate white layer",right
786,1289,2835,900,290,650,"Superior colliculus, motor related, deep white layer",left
788,1182,1860,903,262,430,"Superior colliculus, motor related, intermediate white layer",right
787,1208,1740,905,271,402,"Superior colliculus, motor related, intermediate white layer",right
787,1624,2635,895,358,607,Periaqueductal gray,left
789,1254,1696,906,281,392,"Superior colliculus, motor related, intermediate white layer",right
792,1522,2825,896,340,648,Midbrain reticular nucleus,left
794,1232,1829,901,274,423,"Superior colliculus, motor related, intermediate white layer",right
794,1812,3169,891,407,723,Midbrain reticular nucleus,left
794,1142,1822,901,253,420,"Superior colliculus, motor related, intermediate white layer",right
794,1356,3282,902,309,757,Midbrain,left
794,1190,1767,902,266,408,"Superior colliculus, motor related, intermediate white layer",right
795,1372,1898,899,307,441,"Superior colliculus, motor related, deep gray layer",right
795,1144,1805,900,254,417,"Superior colliculus, motor related, intermediate white layer",right
795,1217,1761,901,272,407,"Superior colliculus, motor related, intermediate white layer",right
795,1431,3056,897,324,702,Midbrain reticular nucleus,left
795,1909,1877,889,427,439,Midbrain reticular nucleus,right
797,1669,2577,890,367,594,Periaqueductal gray,left
797,1730,2426,888,380,561,Midbrain,right
797,1306,2883,897,293,662,"Superior colliculus, motor related, deep gray layer",left
797,2163,2083,886,483,486,Midbrain,right
799,1231,1705,901,275,394,"Superior colliculus, motor related, intermediate white layer",right
802,1165,1770,898,259,409,"Superior colliculus, motor related, intermediate white layer",right
800,1735,2510,887,380,579,Periaqueductal gray,left
801,1277,1748,900,285,405,"Superior colliculus, motor related, intermediate white layer",right
804,1694,2526,886,371,583,Periaqueductal gray,left
805,2367,3127,870,536,713,"Substantia nigra, reticular part",left
803,1270,1678,899,284,389,"Superior colliculus, motor related, intermediate white layer",right
806,1674,3228,889,376,739,Midbrain reticular nucleus,left
807,1286,1850,895,287,428,"Superior colliculus, motor related, intermediate white layer",right
807,1661,2601,885,364,599,Periaqueductal gray,left
808,1258,1651,898,282,382,"Superior colliculus, motor related, intermediate gray layer",right
810,1204,1731,896,269,400,"Superior colliculus, motor related, intermediate white layer",right
810,1882,3226,882,422,736,Midbrain reticular nucleus,left
810,1282,1798,894,286,416,"Superior colliculus, motor related, intermediate white layer",right
810,1290,1780,895,288,411,"Superior colliculus, motor related, intermediate white layer",right
810,1790,2454,881,392,567,Edinger-Westphal nucleus,right
810,2072,3018,877,465,690,Midbrain reticular nucleus,left
812,1573,3156,888,356,724,Midbrain reticular nucleus,left
812,1253,1738,895,280,402,"Superior colliculus, motor related, intermediate white layer",right
812,1313,1757,894,294,406,"Superior colliculus, motor related, intermediate white layer",right
811,1728,2738,884,383,627,Midbrain reticular nucleus,left
815,1280,1827,891,285,422,"Superior colliculus, motor related, intermediate white layer",right
815,1219,2825,890,272,647,"Superior colliculus, motor related, deep gray layer",left
815,1346,3042,890,303,699,"Superior colliculus, motor related, intermediate white layer",left
814,1634,2618,883,359,604,Periaqueductal gray,left
816,1346,1718,893,301,398,"Superior colliculus, motor related, intermediate white layer",right
816,1328,1748,893,297,404,"Superior colliculus, motor related, intermediate white layer",right
817,1499,1761,892,336,408,Midbrain reticular nucleus,right
817,1836,1857,882,410,433,Midbrain reticular nucleus,right
819,1190,1833,889,264,423,"Superior colliculus, motor related, intermediate white layer",right
819,1805,2451,876,395,566,Edinger-Westphal nucleus,right
819,1843,2760,879,410,630,Red nucleus,left
819,1320,1854,890,294,429,"Superior colliculus, motor related, intermediate white layer",right
820,1160,1796,890,257,414,"Superior colliculus, motor related, intermediate white layer",right
818,1591,2739,883,352,629,Midbrain reticular nucleus,left
818,1869,2528,877,411,583,Midbrain reticular nucleus,left
821,1892,3074,879,425,702,Midbrain reticular nucleus,left
821,1171,3142,893,263,722,"Superior colliculus, motor related, intermediate white layer",left
821,1202,1857,889,266,428,"Superior colliculus, motor related, intermediate white layer",right
823,2117,2132,874,471,498,Red nucleus,right
822,1847,1972,881,411,461,Red nucleus,right
825,1210,1794,888,269,414,"Superior colliculus, motor related, intermediate white layer",right
825,1842,1975,880,410,462,Red nucleus,right
826,1697,2595,877,371,598,Nucleus of Darkschewitsch,left
826,1816,2544,874,398,586,Midbrain,left
829,1750,2519,874,383,581,Periaqueductal gray,left
829,1818,2647,875,400,607,Midbrain reticular nucleus,left
834,1835,2559,871,402,589,Midbrain reticular nucleus,left
834,2198,2851,865,491,651,Ventral tegmental area,left
838,1723,2494,869,377,576,Periaqueductal gray,left
838,1761,2562,870,385,590,Nucleus of Darkschewitsch,left
837,1822,2297,870,400,533,Midbrain reticular nucleus,right
842,1382,1862,880,308,430,"Superior colliculus, motor related, intermediate white layer",right
842,1335,2839,877,296,651,"Superior colliculus, motor related, deep gray layer",left
842,1891,3093,869,425,707,Midbrain reticular nucleus,left
841,1779,2589,869,390,596,Interstitial nucleus of Cajal,left
841,1326,1811,881,295,418,"Superior colliculus, motor related, intermediate white layer",right
843,1804,2518,866,395,581,Midbrain,left
845,1787,2591,867,391,596,Interstitial nucleus of Cajal,left
848,1827,2600,865,400,598,Midbrain reticular nucleus,left
851,1827,2553,863,399,588,Midbrain,left
851,1775,2539,863,388,585,Nucleus of Darkschewitsch,left
855,1907,2904,862,426,663,Red nucleus,left
854,1849,2671,863,408,612,Midbrain reticular nucleus,left
857,1389,3401,880,313,781,Midbrain,left
857,1854,2664,862,408,611,Midbrain reticular nucleus,left
858,1810,2548,860,396,587,Midbrain,left
858,1878,2530,859,411,583,Midbrain,left
859,1800,2560,859,394,589,Nucleus of Darkschewitsch,left
859,1801,2540,859,393,585,Nucleus of Darkschewitsch,left
859,1840,2519,858,402,581,Medial accesory oculomotor nucleus,left
860,1637,3122,866,367,715,Midbrain reticular nucleus,left
861,1830,2556,859,400,588,Midbrain,left
861,1966,2596,858,432,596,Midbrain reticular nucleus,left
862,1492,3148,868,335,724,Midbrain,left
862,1804,2524,858,394,582,Periaqueductal gray,left
862,1415,3241,871,319,745,"Superior colliculus, motor related, intermediate gray layer",left
863,1467,1989,870,326,461,"Superior colliculus, motor related, intermediate white layer",right
863,2207,1786,856,493,415,"Substantia nigra, reticular part",right
863,1415,3240,870,318,745,"Superior colliculus, motor related, intermediate gray layer",left
865,1576,3307,868,353,759,Midbrain reticular nucleus,left
865,1752,3105,862,393,710,Midbrain reticular nucleus,left
865,1832,2545,857,400,586,Midbrain,left
867,1851,2514,855,404,580,Medial accesory oculomotor nucleus,left
867,1607,1803,868,359,417,Midbrain reticular nucleus,right
867,1487,1997,868,331,463,Midbrain,right
867,1950,2360,854,428,548,Midbrain reticular nucleus,right
866,1637,3311,867,366,759,Posterior limiting nucleus of the thalamus,left
868,1326,1764,870,295,407,"Superior colliculus, motor related, intermediate white layer",right
874,1871,2523,852,409,582,Medial accesory oculomotor nucleus,left
874,2009,2588,852,442,595,Midbrain,left
874,1030,2579,871,225,593,"Superior colliculus, motor related, intermediate white layer",left
874,1376,1800,867,307,415,"Superior colliculus, motor related, intermediate white layer",right
874,1552,3147,861,348,722,Midbrain,left
874,1729,3204,859,388,734,Midbrain reticular nucleus,left
874,1795,2486,852,391,573,Midbrain,left
874,1835,2545,853,401,586,Midbrain,left
874,1881,2530,852,411,583,Medial accesory oculomotor nucleus,left
873,1357,1779,868,302,411,"Superior colliculus, motor related, intermediate white layer",right
873,1591,3161,861,357,725,Midbrain,left
873,1598,3302,864,358,757,Midbrain reticular nucleus,left
873,1648,3114,860,370,714,Midbrain reticular nucleus,left
873,1766,3097,859,396,708,Midbrain reticular nucleus,left
873,1860,2615,854,408,600,Midbrain reticular nucleus,left
875,1582,3316,863,354,761,Posterior limiting nucleus of the thalamus,left
875,1618,3097,859,363,709,Midbrain,left
875,1709,3073,858,383,704,Midbrain reticular nucleus,left
875,1679,3071,859,377,702,Midbrain reticular nucleus,left
876,1466,3094,862,328,710,"Superior colliculus, motor related, intermediate white layer",left
876,1434,1979,864,319,459,"Superior colliculus, motor related, intermediate white layer",right
876,1778,3256,858,399,746,Midbrain reticular nucleus,left
876,1214,2539,865,267,584,Periaqueductal gray,left
876,1829,2668,853,403,612,Midbrain reticular nucleus,left
877,1525,3139,861,342,721,Midbrain,left
877,1552,3123,860,348,717,Midbrain,left
877,1443,3127,863,324,718,"Superior colliculus, motor related, intermediate white layer",left
877,1854,2493,851,405,575,Edinger-Westphal nucleus,left
877,1863,1976,855,416,460,Red nucleus,right
877,1885,2548,851,413,587,Midbrain,left
877,1478,3118,862,332,716,"Superior colliculus, motor related, intermediate white layer",left
878,1567,3116,859,351,714,Midbrain,left
878,1838,2524,850,402,582,Midbrain,left
878,1612,3261,860,361,748,Midbrain reticular nucleus,left
878,1636,3099,858,367,710,Midbrain,left
878,1707,3103,857,382,711,Anterior pretectal nucleus,left
878,1524,2570,856,332,592,Periaqueductal gray,left
878,1829,3229,856,410,740,Midbrain reticular nucleus,left
880,1473,2833,859,326,650,Midbrain,left
880,1449,3125,861,325,718,"Superior colliculus, motor related, intermediate white layer",left
880,1708,3099,856,383,710,Anterior pretectal nucleus,left
881,1447,3127,861,324,718,"Superior colliculus, motor related, intermediate white layer",left
881,1530,2571,855,333,592,Periaqueductal gray,left
881,1532,3138,859,343,721,Midbrain,left
881,1554,3212,859,349,737,Midbrain,left
881,1562,3121,858,350,715,Midbrain,left
881,1590,2241,854,348,518,Midbrain reticular nucleus,right
881,1648,3297,859,369,756,Posterior limiting nucleus of the thalamus,left
881,1696,3073,857,380,704,Midbrain reticular nucleus,left
881,1860,1981,854,415,461,Red nucleus,right
881,1883,2552,850,413,587,Midbrain,left
881,1626,3329,861,363,764,Posterior limiting nucleus of the thalamus,left
882,1553,3150,858,349,723,Midbrain,left
882,1636,3287,858,366,754,Posterior limiting nucleus of the thalamus,left
882,1827,3233,854,409,741,Midbrain reticular nucleus,left
882,1733,3020,855,388,690,Midbrain reticular nucleus,left
884,1419,3094,860,317,711,"Superior colliculus, motor related, intermediate white layer",left
884,1615,3307,858,361,758,Posterior limiting nucleus of the thalamus,left
883,1885,2527,847,412,581,Medial accesory oculomotor nucleus,left
883,1887,2559,848,413,589,Midbrain reticular nucleus,left
883,1901,2569,848,417,591,Midbrain reticular nucleus,left
883,2142,2749,846,476,629,Ventral tegmental area,left
883,1561,3323,860,349,763,Posterior limiting nucleus of the thalamus,left
883,2017,2608,847,444,599,Midbrain reticular nucleus,left
886,1368,3128,860,306,719,"Superior colliculus, motor related, intermediate white layer",left
886,1846,3250,853,414,744,Midbrain reticular nucleus,left
886,1373,3369,866,309,773,Dorsal terminal nucleus of the accessory optic tract,left
886,1423,2237,856,310,518,Periaqueductal gray,right
886,1952,2491,846,427,574,Edinger-Westphal nucleus,left
886,1839,2520,847,402,581,Nucleus of Darkschewitsch,left
885,1432,3118,860,320,716,"Superior colliculus, motor related, intermediate white layer",left
885,1582,3305,859,353,759,Posterior limiting nucleus of the thalamus,left
885,1672,3292,857,374,755,Posterior limiting nucleus of the thalamus,left
885,1726,3264,856,386,748,Midbrain reticular nucleus,left
885,1742,3032,854,390,693,Midbrain reticular nucleus,left
885,1829,2546,848,400,586,Nucleus of Darkschewitsch,left
888,1487,2036,858,329,472,Midbrain,right
888,1405,3095,858,313,711,"Superior colliculus, motor related, intermediate white layer",left
888,1991,3381,851,447,773,Peripeduncular nucleus,left
887,1392,3116,859,310,715,"Superior colliculus, motor related, intermediate white layer",left
887,1889,2552,846,414,587,Midbrain,left
890,1369,3370,864,307,773,Dorsal terminal nucleus of the accessory optic tract,left
890,1640,1956,856,366,453,Midbrain reticular nucleus,right
890,1638,3290,855,367,755,Posterior limiting nucleus of the thalamus,left
890,1929,2517,845,423,579,Medial accesory oculomotor nucleus,left
890,1446,3177,857,324,729,"Superior colliculus, motor related, intermediate gray layer",left
890,1827,2567,846,399,590,Nucleus of Darkschewitsch,left
889,1635,3038,854,366,695,Midbrain reticular nucleus,left
889,2028,2598,845,448,596,Midbrain,left
891,1362,3113,858,303,715,"Superior colliculus, motor related, intermediate white layer",left
891,1577,2144,851,347,497,Midbrain reticular nucleus,right
891,1669,3318,854,373,761,Posterior limiting nucleus of the thalamus,left
891,1877,2545,844,410,586,Midbrain,left
891,2005,2616,844,442,599,Midbrain reticular nucleus,left
891,2178,2825,841,486,645,Ventral tegmental area,left
891,1917,2552,844,420,586,Midbrain,left
892,1870,2536,844,409,584,Midbrain,left
892,1881,2506,844,411,577,Medial accesory oculomotor nucleus,left
892,1931,2561,844,423,588,Midbrain reticular nucleus,left
892,1506,3097,855,337,710,Midbrain,left
892,1741,3012,851,389,688,Midbrain reticular nucleus,left
892,1968,2598,844,433,596,Midbrain reticular nucleus,left
893,1399,3044,857,311,699,"Superior colliculus, motor related, intermediate white layer",left
893,1555,1844,858,348,426,Midbrain,right
893,1609,3298,854,360,757,Posterior limiting nucleus of the thalamus,left
893,2210,3019,841,493,688,Medial terminal nucleus of the accessory optic tract,left
893,1469,3066,856,328,703,"Superior colliculus, motor related, intermediate white layer",left
893,2092,2675,843,463,613,Midbrain reticular nucleus,left
893,2021,2672,843,447,611,Midbrain reticular nucleus,left
894,1430,3079,855,319,707,"Superior colliculus, motor related, intermediate white layer",left
894,1497,3104,854,334,712,"Superior colliculus, motor related, intermediate white layer",left
894,1589,2948,853,355,674,Midbrain reticular nucleus,left
894,1741,3253,851,389,746,Posterior limiting nucleus of the thalamus,left
894,1028,2898,865,220,667,"Superior colliculus, motor related, intermediate gray layer",left
894,1517,1753,859,339,404,Midbrain,right
895,1634,2980,851,365,681,Midbrain reticular nucleus,left
897,1599,3011,852,358,688,Midbrain,left
897,1620,3000,851,362,686,Midbrain reticular nucleus,left
897,1851,2505,842,404,577,Periaqueductal gray,left
897,1935,2521,842,424,580,Medial accesory oculomotor nucleus,left
897,1686,3286,851,377,753,Posterior limiting nucleus of the thalamus,left
897,1860,2520,842,407,580,Periaqueductal gray,left
897,1928,2564,842,423,589,Midbrain reticular nucleus,left
897,2002,2608,842,441,598,Midbrain reticular nucleus,left
897,2025,2598,842,446,596,Midbrain,left
896,1974,2571,842,434,590,Midbrain,left
896,1946,2548,842,427,586,Midbrain,left
896,1988,2630,842,439,602,Midbrain reticular nucleus,left
898,1925,2528,841,422,582,Medial accesory oculomotor nucleus,left
898,2069,2626,841,458,602,Midbrain,left
900,1711,3238,848,383,743,Anterior pretectal nucleus,left
900,1192,2853,857,258,655,"Superior colliculus, motor related, intermediate white layer",left
900,1536,2845,850,340,651,Midbrain reticular nucleus,left
900,1559,1964,853,348,455,Midbrain,right
900,1883,2502,840,412,576,Periaqueductal gray,left
901,1511,3117,851,338,714,Midbrain,left
901,1418,3220,853,318,739,"Superior colliculus, motor related, intermediate gray layer",left
901,1902,3119,844,426,714,Midbrain reticular nucleus,left
902,1536,3035,850,343,695,Midbrain,left
902,1800,3017,845,403,689,Midbrain reticular nucleus,left
902,1781,3207,846,398,734,Anterior pretectal nucleus,left
903,1952,2538,838,428,584,Medial accesory oculomotor nucleus,left
903,1586,2996,849,354,685,Midbrain,left
903,1658,3303,848,371,758,Posterior limiting nucleus of the thalamus,left
904,1820,3185,844,408,730,Midbrain,left
904,1823,2756,842,403,630,Midbrain reticular nucleus,left
904,2050,2580,838,452,592,Midbrain,left
906,1421,3129,850,317,718,"Superior colliculus, motor related, intermediate gray layer",left
906,1980,3102,840,444,709,Midbrain reticular nucleus,left
906,1573,2986,848,351,683,Midbrain,left
905,1866,2529,839,408,582,Nucleus of Darkschewitsch,left
905,1957,2571,839,430,590,Midbrain reticular nucleus,left
905,2012,2680,838,444,613,Midbrain reticular nucleus,left
905,2049,2675,838,454,612,Midbrain reticular nucleus,left
905,2179,2745,836,485,628,Ventral tegmental area,left
907,1760,3233,844,394,741,Posterior limiting nucleus of the thalamus,left
907,1901,2544,837,416,585,Midbrain,left
907,1910,2518,837,418,580,Medial accesory oculomotor nucleus,left
907,2045,2639,836,452,605,Midbrain reticular nucleus,left
909,1692,3269,845,378,750,Posterior limiting nucleus of the thalamus,left
909,1934,2500,836,424,576,Medial accesory oculomotor nucleus,left
909,1470,2912,848,325,666,"Superior colliculus, motor related, intermediate white layer",left
909,1485,3109,848,332,713,Midbrain,left
909,2000,2598,836,441,596,Midbrain reticular nucleus,left
908,1888,2500,837,413,576,Periaqueductal gray,left
908,2068,2683,836,459,614,Midbrain reticular nucleus,left
908,1945,2581,837,427,592,Midbrain reticular nucleus,left
910,1962,2510,836,430,578,Medial accesory oculomotor nucleus,left
910,1666,3271,844,372,750,Posterior limiting nucleus of the thalamus,left
910,1779,2614,838,390,601,Interstitial nucleus of Cajal,left
910,1639,2942,845,365,672,Midbrain reticular nucleus,left
912,1972,2579,835,433,592,Midbrain reticular nucleus,left
912,1900,2522,835,416,580,Periaqueductal gray,left
912,1407,3070,848,312,704,"Superior colliculus, motor related, intermediate gray layer",left
912,2034,2599,834,449,596,Midbrain,left
911,1283,3105,851,283,713,"Superior colliculus, motor related, intermediate gray layer",left
911,1946,2509,835,426,578,Medial accesory oculomotor nucleus,left
913,1917,2545,835,420,585,Midbrain,left
913,1903,2510,835,417,578,Periaqueductal gray,left
913,1631,1963,845,363,455,Anterior pretectal nucleus,right
914,1951,2521,834,428,580,Medial accesory oculomotor nucleus,left
914,1907,2500,834,417,576,Periaqueductal gray,left
914,1577,3294,844,351,756,Posterior limiting nucleus of the thalamus,left
915,1893,2551,833,415,586,Nucleus of Darkschewitsch,left
915,1400,3083,847,311,708,"Superior colliculus, motor related, intermediate gray layer",left
915,1881,2610,834,413,599,Interstitial nucleus of Cajal,left
915,1923,2497,833,422,575,Edinger-Westphal nucleus,left
915,1907,2515,833,417,579,Periaqueductal gray,left
915,2075,2627,832,459,602,Midbrain,left
915,1586,2936,843,352,671,Midbrain reticular nucleus,left
918,1942,2522,832,426,580,Medial accesory oculomotor nucleus,left
918,1553,2933,843,345,671,Midbrain,left
918,1695,3259,840,378,747,Posterior limiting nucleus of the thalamus,left
918,2069,2636,831,458,604,Midbrain,left
917,1479,2823,843,326,647,Midbrain,left
917,1961,2527,833,430,581,Medial accesory oculomotor nucleus,left
917,1980,2513,833,435,579,Medial accesory oculomotor nucleus,left
917,1483,3163,844,332,726,Anterior pretectal nucleus,left
916,1880,2521,833,411,580,Nucleus of Darkschewitsch,left
916,1892,3196,838,424,732,Thalamus,left
916,1939,2517,833,425,579,Medial accesory oculomotor nucleus,left
916,2079,2590,832,460,594,Midbrain,left
921,1309,3286,850,292,752,Midbrain,left
921,1922,2639,832,423,605,Midbrain reticular nucleus,left
921,1840,3122,837,412,714,Anterior pretectal nucleus,left
921,2005,2523,831,441,581,Medial accesory oculomotor nucleus,left
919,1888,3155,836,424,722,Midbrain reticular nucleus,left
919,2118,2644,830,470,606,Midbrain,left
919,1521,1918,844,339,443,Anterior pretectal nucleus,right
920,1935,2610,832,426,598,Midbrain reticular nucleus,left
920,1940,2545,831,426,585,Medial accesory oculomotor nucleus,left
922,2005,2590,830,442,594,Midbrain reticular nucleus,left
922,1839,3160,836,412,724,Posterior limiting nucleus of the thalamus,left
922,1960,2517,830,430,579,Medial accesory oculomotor nucleus,left
922,1720,3239,838,384,743,Posterior limiting nucleus of the thalamus,left
922,2161,2977,830,481,678,medial lemniscus,left
923,1494,2836,840,329,649,Midbrain,left
923,2125,2676,828,472,613,Midbrain,left
924,1939,2578,830,426,592,Midbrain reticular nucleus,left
924,1722,2515,831,374,580,Periaqueductal gray,left
924,1951,2553,829,428,587,Midbrain,left
924,1998,2699,829,442,617,Midbrain reticular nucleus,left
925,1485,2992,842,329,684,Midbrain,left
925,1535,2964,841,341,678,Midbrain,left
925,2080,2586,829,460,593,Midbrain,left
925,2110,2629,828,467,603,Midbrain,left
926,1332,3133,844,294,719,"Superior colliculus, motor related, intermediate gray layer",left
928,2083,2591,827,461,594,Midbrain,left
928,1488,2996,840,330,685,Midbrain,left
928,1996,2593,827,440,595,Midbrain reticular nucleus,left
927,1949,2557,828,428,587,Midbrain,left
929,1279,3273,848,284,749,brachium of the superior colliculus,left
929,1745,2236,829,382,517,Midbrain reticular nucleus,right
929,1905,3044,832,427,697,Midbrain reticular nucleus,left
929,1952,2505,827,428,577,Medial accesory oculomotor nucleus,left
930,1243,3238,847,275,741,"Superior colliculus, motor related, intermediate gray layer",left
930,1858,3244,833,416,743,Posterior triangular thalamic nucleus,left
930,1959,2512,827,430,578,Medial accesory oculomotor nucleus,left
930,2004,2574,826,442,591,Midbrain,left
930,2170,2729,824,483,625,Ventral tegmental area,left
930,2015,2568,826,444,590,Midbrain,left
930,2034,2618,826,450,600,Midbrain reticular nucleus,left
931,1910,2540,826,419,584,Nucleus of Darkschewitsch,left
931,1958,2572,826,431,590,Midbrain reticular nucleus,left
931,1980,2539,826,435,584,Medial accesory oculomotor nucleus,left
931,1342,3239,842,298,742,"Superior colliculus, motor related, intermediate gray layer",left
931,2007,2565,825,442,589,Midbrain,left
931,2118,2648,824,470,607,Midbrain,left
932,1345,3161,841,298,724,"Superior colliculus, motor related, intermediate gray layer",left
932,1673,3249,834,373,745,Posterior limiting nucleus of the thalamus,left
932,1972,2568,826,433,590,Midbrain reticular nucleus,left
932,2054,2583,825,454,593,Midbrain,left
932,1342,3080,841,295,707,"Superior colliculus, motor related, intermediate gray layer",left
934,1961,2528,825,431,582,Medial accesory oculomotor nucleus,left
934,1150,3065,845,249,704,"Superior colliculus, motor related, intermediate gray layer",left
934,1772,3126,832,395,715,Anterior pretectal nucleus,left
934,2097,2671,823,464,611,Midbrain,left
935,1281,2649,838,279,608,"Superior colliculus, motor related, deep gray layer",left
936,1344,3094,839,296,710,"Superior colliculus, motor related, intermediate gray layer",left
936,2015,2529,823,444,582,Medial accesory oculomotor nucleus,left
938,1590,2894,833,352,661,Midbrain reticular nucleus,left
938,1201,3242,845,264,740,brachium of the superior colliculus,left
938,2549,2937,816,573,666,"Substantia nigra, reticular part",left
938,1961,2524,823,431,581,Medial accesory oculomotor nucleus,left
938,2012,2524,823,443,581,Medial accesory oculomotor nucleus,left
937,1895,2682,825,417,613,Midbrain reticular nucleus,left
937,1954,2496,824,429,575,Medial accesory oculomotor nucleus,left
937,2005,2637,823,443,603,Midbrain reticular nucleus,left
937,2028,2547,823,447,585,Medial accesory oculomotor nucleus,left
937,2089,2620,823,463,600,Midbrain,left
937,2098,2611,823,465,598,Midbrain,left
939,2021,2540,822,445,583,Medial accesory oculomotor nucleus,left
939,2053,2580,821,454,592,Midbrain,left
939,2067,2555,821,456,587,Midbrain,left
939,1443,3017,836,319,690,Midbrain,left
941,1176,3231,845,258,738,brachium of the superior colliculus,left
941,1198,3191,843,263,730,"Superior colliculus, motor related, intermediate gray layer",left
940,1902,3131,827,425,716,Midbrain reticular nucleus,left
940,1790,1950,827,399,451,Anterior pretectal nucleus,right
940,2041,2596,821,450,595,Midbrain,left
942,2075,2646,820,459,605,Midbrain,left
944,1973,2570,820,435,590,Midbrain,left
944,2097,2642,819,464,605,Midbrain,left
943,1980,2515,820,435,578,Medial accesory oculomotor nucleus,left
943,1847,3034,826,412,694,Midbrain reticular nucleus,left
943,1918,2504,821,421,577,Periaqueductal gray,left
943,1931,2527,821,423,581,Periaqueductal gray,left
945,1272,2556,834,276,587,superior colliculus commissure,left
945,1571,2758,828,345,632,Midbrain reticular nucleus,left
945,2025,2534,820,446,582,Medial accesory oculomotor nucleus,left
945,2027,2604,820,447,597,Midbrain reticular nucleus,left
945,2031,2537,820,447,582,Medial accesory oculomotor nucleus,left
945,2171,2738,818,482,626,Midbrain,left
946,2109,2642,818,467,605,Midbrain,left
946,1979,2523,819,435,580,Medial accesory oculomotor nucleus,left
946,2016,2615,819,445,599,Midbrain reticular nucleus,left
947,2082,2602,817,460,596,Midbrain,left
947,1921,2553,819,421,587,Nucleus of Darkschewitsch,left
947,2038,2540,818,450,583,Midbrain,left
948,1553,3267,829,346,748,Posterior limiting nucleus of the thalamus,left
948,1984,2612,818,437,598,Midbrain reticular nucleus,left
948,1911,2681,819,420,613,Midbrain reticular nucleus,left
949,2028,2590,818,448,594,Midbrain,left
949,1286,3185,836,283,729,Posterior pretectal nucleus,left
949,2004,2545,818,442,584,Medial accesory oculomotor nucleus,left
951,1519,2234,823,331,516,Nucleus of the posterior commissure,right
951,1980,2534,816,435,582,Periaqueductal gray,left
950,2120,2585,816,469,593,Midbrain,left
950,2131,2702,815,473,618,Midbrain,left
953,1928,2545,817,423,585,Nucleus of Darkschewitsch,left
953,1837,3051,823,410,697,Midbrain reticular nucleus,left
953,2074,2627,815,459,601,Midbrain,left
953,2086,2590,815,461,594,Midbrain,left
952,1933,2517,817,424,578,Periaqueductal gray,left
952,2097,2608,815,464,598,Midbrain,left
952,2356,2694,809,524,616,Midbrain,left
954,1983,2548,815,437,585,Midbrain,left
954,2027,2522,815,446,579,Midbrain,left
954,1945,2533,816,427,582,Periaqueductal gray,left
954,1291,2880,832,280,661,Midbrain,left
957,2033,2575,814,449,590,Midbrain,left
957,1781,3196,822,397,731,Posterior limiting nucleus of the thalamus,left
957,1943,2511,815,427,577,Periaqueductal gray,left
957,2051,2787,813,455,636,Midbrain reticular nucleus,left
957,2053,2538,814,453,583,Midbrain,left
957,2112,2638,813,467,604,Midbrain,left
956,1286,3051,831,281,700,"Superior colliculus, motor related, intermediate gray layer",left
956,2130,2576,813,472,591,Midbrain,left
956,2101,2612,813,465,598,Midbrain,left
956,2141,2575,813,474,591,Midbrain,left
956,2064,2598,813,456,596,Midbrain,left
955,2004,2604,814,442,597,Midbrain reticular nucleus,left
955,2114,2747,812,469,627,Midbrain reticular nucleus,left
959,1977,2525,813,434,580,Periaqueductal gray,left
959,2048,2618,811,453,600,Midbrain,left
959,1957,2523,813,429,580,Periaqueductal gray,left
959,2013,2603,812,444,597,Midbrain,left
958,2034,2554,813,449,586,Midbrain,left
958,2000,2641,813,441,604,Midbrain reticular nucleus,left
958,2050,2841,813,455,649,Midbrain reticular nucleus,left
958,2069,2556,813,457,586,Midbrain,left
958,2075,2534,813,458,582,Midbrain,left
960,2037,2545,812,449,584,Midbrain,left
960,1695,3126,822,378,715,Anterior pretectal nucleus,left
960,1635,2870,821,362,655,Midbrain reticular nucleus,left
961,2073,2563,811,458,588,Midbrain,left
961,1261,3202,832,277,732,Posterior pretectal nucleus,left
962,1208,3198,833,265,731,Nucleus of the optic tract,left
962,2024,2535,811,446,582,Midbrain,left
962,2032,2592,811,448,593,Midbrain,left
962,2056,3218,816,460,735,Midbrain reticular nucleus,left
962,2082,2627,810,460,601,Midbrain,left
962,2103,2554,810,465,586,Midbrain,left
962,2044,2692,810,452,615,Midbrain reticular nucleus,left
963,2121,2588,809,469,594,Midbrain,left
963,1954,2575,811,430,590,Periaqueductal gray,left
963,2105,2588,809,466,594,Midbrain,left
963,2121,2703,808,470,618,Midbrain,left
963,2063,2579,810,456,591,Midbrain,left
965,2009,2670,810,444,611,Midbrain reticular nucleus,left
965,2063,2528,810,456,581,Midbrain,left
965,2159,2928,810,480,667,medial lemniscus,left
965,1826,3067,818,407,701,Anterior pretectal nucleus,left
964,2065,2602,809,456,596,Midbrain,left
966,1968,2586,810,433,592,Midbrain,left
966,2051,2812,809,455,642,Midbrain reticular nucleus,left
966,2081,2574,808,460,590,Midbrain,left
966,2122,2551,808,469,585,Midbrain,left
968,1700,3229,818,378,739,Posterior limiting nucleus of the thalamus,left
968,2104,2587,807,466,593,Midbrain,left
968,2061,2639,807,455,604,Midbrain,left
968,2058,2667,807,455,610,Midbrain,left
967,1943,2499,810,427,575,Periaqueductal gray,left
969,1955,2530,809,429,581,Periaqueductal gray,left
969,2023,2667,808,447,610,Midbrain,left
969,1967,2853,810,436,652,Midbrain reticular nucleus,left
972,2008,2536,807,443,582,Periaqueductal gray,left
972,1984,2548,807,437,585,Periaqueductal gray,left
972,2150,2795,804,477,638,Midbrain,left
970,2070,2550,807,457,585,Midbrain,left
970,2074,2539,807,458,583,Midbrain,left
970,2105,2552,806,465,585,Midbrain,left
970,2050,3236,812,459,738,Midbrain,left
971,2293,2811,802,510,639,Ventral tegmental area,left
971,1923,2524,808,422,580,Periaqueductal gray,left
973,2043,2554,806,451,586,Midbrain,left
973,1570,2747,814,344,628,Nucleus of the posterior commissure,left
973,2021,3118,811,452,712,Midbrain reticular nucleus,left
973,2085,2542,806,461,583,Midbrain,left
975,2035,2563,804,449,588,Midbrain,left
975,1942,2518,806,425,579,Periaqueductal gray,left
975,1993,2596,805,439,594,Midbrain,left
975,1938,2603,806,426,597,Periaqueductal gray,left
974,2110,2542,804,467,583,Midbrain,left
974,2114,2847,804,469,649,Midbrain reticular nucleus,left
978,1798,3066,812,401,700,Anterior pretectal nucleus,left
978,2192,2767,801,486,631,Midbrain,left
978,1980,2745,804,437,627,Midbrain reticular nucleus,left
977,1951,2528,806,428,581,Periaqueductal gray,left
977,2024,2820,804,449,644,Midbrain reticular nucleus,left
977,2029,2685,804,448,614,Midbrain,left
977,2066,2531,804,456,581,Midbrain,left
977,2087,2834,804,463,647,Midbrain reticular nucleus,left
977,2113,2581,803,468,591,Midbrain,left
977,1690,2865,813,374,654,Midbrain reticular nucleus,left
977,2132,2793,803,472,638,Midbrain,left
979,2034,3493,808,458,796,Zona incerta,left
979,2170,2583,800,481,593,Midbrain,left
979,1973,2572,803,434,589,Periaqueductal gray,left
979,2159,2571,801,478,589,Midbrain,left
980,1999,2818,803,443,644,Midbrain reticular nucleus,left
980,2019,2625,802,445,601,Midbrain,left
980,2171,2752,800,481,628,Midbrain,left
980,2313,2774,797,514,632,Midbrain,left
981,1903,2605,805,417,597,Periaqueductal gray,left
981,1916,2585,804,420,593,Periaqueductal gray,left
981,2024,2752,802,447,628,Midbrain reticular nucleus,left
981,1156,3078,825,251,705,Nucleus of the optic tract,left
981,2053,2531,802,453,581,Periaqueductal gray,left
982,1939,2614,803,426,599,Midbrain,left
982,1988,2541,802,438,583,Periaqueductal gray,left
982,2027,2531,802,446,581,Periaqueductal gray,left
982,2048,2821,801,454,644,Midbrain reticular nucleus,left
982,2053,2522,801,453,579,Periaqueductal gray,left
982,2097,2573,800,463,590,Midbrain,left
983,2045,2344,800,451,543,Midbrain,right
983,1843,2929,807,410,669,Midbrain reticular nucleus,left
983,2057,2551,800,453,585,Periaqueductal gray,left
984,1836,3099,809,409,708,Midbrain,left
984,2007,2738,800,442,626,Midbrain reticular nucleus,left
985,1978,2537,801,435,582,Periaqueductal gray,left
985,2195,2760,797,487,630,Midbrain,left
985,1196,3146,822,261,719,Nucleus of the optic tract,left
985,2011,2526,801,442,580,Periaqueductal gray,left
985,2164,2595,798,480,595,Midbrain,left
985,2031,3497,806,457,795,Zona incerta,left
986,1991,2543,800,438,584,Periaqueductal gray,left
986,2015,2557,800,444,586,Periaqueductal gray,left
986,2066,2547,799,456,584,Periaqueductal gray,left
986,2142,2923,799,475,666,medial lemniscus,left
986,1817,3077,808,404,702,Midbrain,left
986,1914,2852,803,424,651,Midbrain reticular nucleus,left
986,1972,2581,800,433,591,Periaqueductal gray,left
986,2041,2637,799,450,603,Midbrain,left
986,2008,3500,806,452,797,Zona incerta,left
988,2231,2743,795,495,626,Midbrain,left
988,2000,2675,798,440,612,Midbrain,left
987,1884,3001,806,421,685,Midbrain reticular nucleus,left
987,2034,2514,799,448,578,Periaqueductal gray,left
989,1926,2637,800,422,603,Midbrain,left
989,1972,2656,799,433,607,Midbrain,left
989,2016,2599,798,444,595,Midbrain,left
989,2115,2565,797,468,588,Midbrain,left
989,2156,2562,797,477,587,Midbrain,left
990,2021,2586,797,445,592,Periaqueductal gray,left
990,2239,2715,794,497,620,Midbrain,left
991,2044,2617,796,451,599,Midbrain,left
991,2221,2720,793,492,621,Midbrain,left
992,1898,2650,799,416,607,Midbrain,left
992,1939,2585,798,425,592,Periaqueductal gray,left
992,1949,2590,798,428,594,Periaqueductal gray,left
992,2172,2765,794,481,631,Midbrain,left
992,2243,2789,793,498,635,Midbrain,left
992,2241,2713,793,497,620,Midbrain,left
993,1934,2663,798,425,610,Midbrain,left
993,1772,3008,806,394,687,Anterior pretectal nucleus,left
993,1924,2779,799,424,635,Midbrain reticular nucleus,left
993,2203,2763,793,489,630,Midbrain,left
993,2116,3275,801,474,745,Zona incerta,left
993,2132,2549,795,471,585,Midbrain,left
997,2126,2564,793,470,588,Midbrain,left
997,1427,2917,810,312,666,Anterior pretectal nucleus,left
997,1946,2585,796,427,592,Periaqueductal gray,left
997,1941,2717,796,426,621,Midbrain reticular nucleus,left
997,1948,2635,796,428,603,Midbrain,left
997,2140,2571,793,474,589,Midbrain,left
997,2166,2590,793,479,593,Midbrain,left
997,2246,2904,793,498,660,Midbrain,left
997,1998,2660,795,440,608,Midbrain,left
994,2194,2169,793,487,505,Midbrain,right
994,2068,2549,795,457,585,Periaqueductal gray,left
994,2190,2700,793,485,617,Midbrain,left
994,2193,2743,793,486,626,Midbrain,left
994,1877,2904,802,416,663,Midbrain reticular nucleus,left
994,1928,2788,798,425,638,Midbrain reticular nucleus,left
996,2075,3450,800,467,784,Zona incerta,left
996,1876,2725,798,411,623,Midbrain reticular nucleus,left
996,1907,2593,797,417,595,Periaqueductal gray,left
996,1923,2615,797,422,599,Periaqueductal gray,left
996,2036,3021,799,454,689,Midbrain,left
996,2129,3336,800,478,758,Zona incerta,left
996,1881,2796,799,413,639,Midbrain reticular nucleus,left
996,2102,2531,794,464,581,Periaqueductal gray,left
996,2140,2782,792,474,634,Midbrain,left
996,2221,2766,791,492,630,Midbrain,left
995,1932,2654,796,423,608,Midbrain,left
995,1948,2669,796,428,611,Midbrain,left
995,2135,3383,800,480,769,Zona incerta,left
995,2232,2719,791,494,621,Midbrain,left
995,1922,2704,797,421,619,Midbrain reticular nucleus,left
995,2177,2737,792,482,624,Midbrain,left
998,2047,2564,793,451,588,Periaqueductal gray,left
998,1923,2644,796,422,605,Midbrain,left
998,1961,3583,800,443,815,Zona incerta,left
998,2101,3382,799,472,768,Zona incerta,left
998,2185,2573,792,484,590,Posterior hypothalamic nucleus,left
998,2255,2780,790,500,633,Midbrain,left
999,2198,2839,790,488,646,Midbrain,left
999,1868,2712,796,409,620,Midbrain reticular nucleus,left
999,2002,2585,793,440,592,Periaqueductal gray,left
999,2025,2781,792,447,635,Midbrain reticular nucleus,left
1000,1900,2706,795,416,619,Midbrain reticular nucleus,left
1000,1902,2773,796,417,634,Midbrain reticular nucleus,left
1000,1950,3437,800,437,784,Zona incerta,left
1000,2006,2569,793,441,589,Periaqueductal gray,left
1000,2023,2571,793,446,589,Periaqueductal gray,left
1000,2090,3365,798,469,765,Zona incerta,left
1000,2273,2788,789,505,635,Midbrain,left
1000,2284,2800,788,507,637,Midbrain,left
1001,1886,2662,796,412,609,Midbrain,left
1001,1977,2625,793,434,601,Midbrain,left
1001,2170,2598,791,480,595,Midbrain,left
1001,2219,2915,791,493,662,Midbrain,left
1001,2195,2778,790,486,634,Midbrain,left
1001,2264,2784,789,502,634,Midbrain,left
1002,1998,2715,792,440,621,Midbrain reticular nucleus,left
1002,2029,2599,791,447,595,Midbrain,left
1002,2121,2583,790,469,592,Midbrain,left
1002,1771,3064,802,394,699,Anterior pretectal nucleus,left
1002,1866,2667,796,408,610,Midbrain,left
1002,2139,2824,790,474,644,Midbrain,left
1002,2194,2779,789,486,633,Midbrain,left
1003,2141,2579,789,473,591,Midbrain,left
1003,1891,2665,794,413,610,Midbrain,left
1003,1790,2542,797,389,583,Periaqueductal gray,left
1003,1906,2654,793,417,608,Midbrain,left
1003,1915,2668,793,419,611,Midbrain,left
1003,1966,2631,792,431,602,Midbrain,left
1003,2065,2589,790,456,593,Midbrain,left
1003,2064,3419,797,464,778,Zona incerta,left
1003,1871,2679,795,409,613,Midbrain,left
1004,1978,2569,792,435,589,Periaqueductal gray,left
1004,1925,2649,793,422,606,Midbrain,left
1004,2023,2579,791,446,591,Periaqueductal gray,left
1004,2075,2614,790,458,599,fasciculus retroflexus,left
1004,2102,2595,790,464,594,Midbrain,left
1004,2111,2548,790,466,585,Periaqueductal gray,left
1004,2201,2618,788,487,599,Midbrain,left
1004,1964,2748,792,432,629,Midbrain reticular nucleus,left
1004,2009,2747,791,443,627,Midbrain reticular nucleus,left
1004,2014,2785,791,445,636,Midbrain reticular nucleus,left
1004,2191,2602,788,485,595,Posterior hypothalamic nucleus,left
1005,1992,2617,791,437,599,Midbrain,left
1005,2141,2571,789,474,589,Midbrain,left
1005,1865,2686,795,408,614,Midbrain,left
1005,2014,2565,791,443,588,Periaqueductal gray,left
1005,2019,2593,791,445,594,Midbrain,left
1005,1919,2672,793,421,611,Midbrain,left
1005,2110,3347,796,474,760,Zona incerta,left
1006,2046,2564,790,451,588,Periaqueductal gray,left
1006,1859,2609,794,406,598,Periaqueductal gray,left
1006,1899,2679,793,416,613,Midbrain,left
1006,2149,2542,788,476,583,Posterior hypothalamic nucleus,left
1006,2219,2595,787,492,594,Posterior hypothalamic nucleus,left
1006,2228,2580,787,494,591,Posterior hypothalamic nucleus,left
1007,1826,2659,794,398,609,Midbrain,left
1007,1976,2644,790,434,605,Midbrain,left
1007,1743,3086,800,388,704,Anterior pretectal nucleus,left
1007,1949,2561,791,428,587,Periaqueductal gray,left
1007,2128,2599,787,471,595,Midbrain,left
1007,1915,2718,791,420,622,Midbrain reticular nucleus,left
1009,1942,2676,790,425,612,Midbrain,left
1009,1904,2624,792,417,601,Periaqueductal gray,left
1009,1910,2714,792,419,621,Midbrain reticular nucleus,left
1009,1963,2611,790,431,598,Periaqueductal gray,left
1009,2017,2587,789,443,592,Periaqueductal gray,left
1009,2205,2734,786,488,624,Midbrain,left
1009,1782,2528,795,387,580,Periaqueductal gray,left
1009,2157,2599,787,477,595,Midbrain,left
1009,2162,2554,787,478,586,Posterior hypothalamic nucleus,left
1009,2193,2569,787,486,589,Posterior hypothalamic nucleus,left
1009,1817,2802,795,398,639,Midbrain reticular nucleus,left
1010,2125,3409,793,478,774,Zona incerta,left
1010,2236,2721,784,495,620,Midbrain,left
1010,1870,2737,792,409,625,Midbrain reticular nucleus,left
1010,2011,2614,788,442,599,Midbrain,left
1010,2017,2565,788,443,588,Periaqueductal gray,left
1010,2222,2819,785,492,642,Midbrain,left
1011,1896,2684,790,415,614,Midbrain,left
1011,2114,1609,797,473,376,Zona incerta,right
1011,2124,2600,785,470,595,Midbrain,left
1011,2029,2580,787,447,591,Periaqueductal gray,left
1011,2109,2874,786,468,655,Midbrain,left
1011,2122,2588,786,469,593,Midbrain,left
1011,2133,2561,786,472,587,Midbrain,left
1011,2175,2669,784,481,610,Midbrain,left
1011,2254,2909,785,501,660,Midbrain,left
1012,1847,2698,792,403,617,Midbrain,left
1012,2069,2611,786,457,597,Midbrain,left
1012,2156,2587,785,477,592,Posterior hypothalamic nucleus,left
1012,2229,2844,784,494,647,Midbrain,left
1012,1841,2701,792,402,617,Midbrain,left
1012,1936,2667,789,424,610,Midbrain,left
1012,2010,2536,788,442,582,Periaqueductal gray,left
1012,2054,2591,786,453,593,Midbrain,left
1013,2175,2622,785,481,599,Midbrain,left
1013,2126,2696,785,470,615,Midbrain,left
1013,2190,2659,784,485,608,Midbrain,left
1013,2249,2678,783,499,612,Midbrain,left
1015,1865,2690,789,407,615,Midbrain,left
1015,2124,2613,783,470,598,Midbrain,left
1014,1916,2605,789,419,597,Periaqueductal gray,left
1014,2171,2638,784,480,603,Midbrain,left
1014,2188,2613,784,485,598,Posterior hypothalamic nucleus,left
1016,2181,2680,783,482,612,Midbrain,left
1016,2047,2758,784,451,630,Midbrain,left
1016,2066,2780,784,456,635,Midbrain,left
1017,1912,2674,788,418,612,Midbrain,left
1017,2029,2590,785,447,593,Periaqueductal gray,left
1017,2146,2586,784,475,592,Midbrain,left
1017,1712,3093,797,380,706,Anterior pretectal nucleus,left
1017,1827,2690,791,398,615,Midbrain,left
1017,1832,2734,791,400,625,Midbrain reticular nucleus,left
1017,1900,2597,788,415,594,Periaqueductal gray,left
1018,2193,3266,787,493,740,Zona incerta,left
1018,2104,2583,783,465,592,Midbrain,left
1018,2245,2881,781,498,654,Midbrain,left
1019,1466,3203,798,323,732,Posterior limiting nucleus of the thalamus,left
1019,2155,2676,781,477,611,Midbrain,left
1019,2182,2739,781,482,625,Midbrain,left
1019,1813,2699,789,396,617,Midbrain,left
1020,2053,2586,783,453,592,Periaqueductal gray,left
1020,2002,2554,784,440,586,Periaqueductal gray,left
1020,2114,2591,782,467,593,Midbrain,left
1020,2167,2714,781,479,619,Midbrain,left
1020,2169,2633,781,480,602,Midbrain,left
1020,2220,2600,781,492,595,Posterior hypothalamic nucleus,left
1020,1899,2613,786,415,599,Periaqueductal gray,left
1020,2145,2759,781,474,629,Midbrain,left
1020,2092,2821,782,462,643,Midbrain,left
1020,2210,2680,780,489,612,Midbrain,left
1021,2169,2575,782,480,590,Posterior hypothalamic nucleus,left
1021,2191,2703,781,485,617,Midbrain,left
1021,2147,3296,787,481,747,Zona incerta,left
1021,2064,2780,782,456,635,Midbrain,left
1022,1939,2588,784,425,593,Periaqueductal gray,left
1022,2148,3142,784,480,713,Fields of Forel,left
1022,2127,2603,781,470,596,Midbrain,left
1022,2175,2635,780,481,602,Midbrain,left
1022,2217,3234,784,497,732,Zona incerta,left
1022,1769,2712,789,386,619,Retroparafascicular nucleus,left
1022,1879,2590,786,410,593,Periaqueductal gray,left
1024,1894,2698,785,415,617,Midbrain,left
1024,2198,3029,781,490,687,Fields of Forel,left
1024,1667,2158,791,365,498,Retroparafascicular nucleus,right
1024,2128,2595,780,471,594,Midbrain,left
1024,2186,2653,779,484,606,Midbrain,left
1024,2211,3279,784,497,742,Zona incerta,left
1024,2152,2608,780,476,597,Midbrain,left
1026,2185,2610,779,484,597,Posterior hypothalamic nucleus,left
1026,2106,2708,779,465,619,Midbrain,left
1026,1808,2777,787,396,634,Midbrain reticular nucleus,left
1026,2160,2610,779,478,597,Posterior hypothalamic nucleus,left
1026,2117,2597,779,467,594,Midbrain,left
1025,1837,2654,787,400,607,Midbrain,left
1025,1969,2600,782,432,595,Periaqueductal gray,left
1025,2073,2756,780,458,629,Midbrain,left
1025,2126,2628,780,470,601,Midbrain,left
1025,2127,2642,780,470,604,Midbrain,left
1025,2164,2658,779,479,608,Midbrain,left
1025,2175,2676,779,481,611,Midbrain,left
1028,2080,2628,778,459,602,Midbrain,left
1028,2098,2647,778,464,605,Midbrain,left
1028,2194,3261,781,493,738,Zona incerta,left
1028,2080,2745,778,459,627,Midbrain,left
1028,2082,2655,778,459,607,fasciculus retroflexus,left
1028,2104,2667,778,465,609,Midbrain,left
1028,2250,3192,780,505,721,Zona incerta,left
1028,2210,2629,777,489,601,Posterior hypothalamic nucleus,left
1027,2090,2602,778,461,595,Midbrain,left
1027,2123,2618,778,470,599,Midbrain,left
1027,2029,2803,780,448,640,Midbrain,left
1027,2056,2734,779,453,625,Midbrain,left
1029,1961,2575,781,430,590,Periaqueductal gray,left
1029,2215,2634,777,491,602,Posterior hypothalamic nucleus,left
1029,1732,2775,788,379,633,Retroparafascicular nucleus,left
1029,1803,2738,786,394,626,Midbrain,left
1029,1887,2570,784,412,589,Periaqueductal gray,left
1029,2038,2588,779,449,593,Midbrain,left
1029,2103,2624,778,465,600,Midbrain,left
1029,2145,2633,778,474,602,Midbrain,left
1029,1959,2615,781,430,598,Midbrain,left
1029,2049,2759,779,452,630,Midbrain,left
1029,2214,2681,777,490,611,Midbrain,left
1030,2110,2617,777,466,598,Midbrain,left
1030,2189,2625,777,485,600,Posterior hypothalamic nucleus,left
1030,2117,2589,777,467,593,Midbrain,left
1030,2162,2627,777,478,600,Midbrain,left
1031,2149,2600,776,476,595,Posterior hypothalamic nucleus,left
1031,1968,2552,779,432,585,Periaqueductal gray,left
1031,2151,2638,776,475,603,Midbrain,left
1031,2170,2656,776,480,606,Midbrain,left
1032,2257,2766,774,500,629,Midbrain,left
1032,2264,3226,778,509,729,Zona incerta,left
1032,1783,2726,785,390,622,Midbrain,left
1032,2188,2635,776,485,602,Posterior hypothalamic nucleus,left
1033,1798,2604,784,392,596,Periaqueductal gray,left
1033,1876,2582,782,409,591,Periaqueductal gray,left
1033,1999,2562,778,440,587,Periaqueductal gray,left
1033,2070,2716,777,457,620,Midbrain,left
1033,2077,2634,777,458,603,Midbrain,left
1033,2088,2652,776,461,606,Midbrain,left
1033,2100,2694,776,464,615,Midbrain,left
1033,2221,2634,775,492,602,Posterior hypothalamic nucleus,left
1034,2114,2653,775,467,607,Midbrain,left
1034,2182,2633,775,482,602,Posterior hypothalamic nucleus,left
1034,2198,2940,775,488,667,Fields of Forel,left
1034,1967,2608,778,431,597,Midbrain,left
1034,2074,2709,776,458,619,Midbrain,left
1034,2105,2610,776,465,597,Midbrain,left
1034,2124,2614,775,470,598,Midbrain,left
1034,2159,2605,775,478,596,Posterior hypothalamic nucleus,left
1036,2108,2693,774,466,615,Midbrain,left
1036,1663,2895,787,367,659,Midbrain reticular nucleus,left
1036,1766,2608,783,384,597,Periaqueductal gray,left
1036,2156,2624,774,477,600,Midbrain,left
1036,2182,2663,774,482,608,Midbrain,left
1036,1686,2989,788,373,681,Midbrain reticular nucleus,left
1036,1877,2608,780,409,597,Periaqueductal gray,left
1036,2050,2717,775,452,620,Midbrain,left
1036,2089,2695,774,461,616,Midbrain,left
1036,2147,2659,774,474,608,Midbrain,left
1036,1781,2748,783,389,628,Midbrain,left
1036,2052,2747,775,452,627,Midbrain,left
1036,2125,2631,774,470,601,Midbrain,left
1035,2115,2665,774,467,609,Midbrain,left
1035,1821,2667,782,397,609,Midbrain,left
1035,1836,2732,782,401,623,Midbrain,left
1035,2130,2623,774,471,600,Midbrain,left
1037,2098,2657,775,464,607,Midbrain,left
1037,2041,2582,776,449,591,Periaqueductal gray,left
1037,2116,2689,774,467,614,Midbrain,left
1037,2124,2696,774,470,615,Midbrain,left
1037,2132,2697,774,471,615,Midbrain,left
1037,1774,2746,783,388,626,Midbrain,left
1037,1850,2599,781,403,595,Periaqueductal gray,left
1037,2189,2693,774,485,615,Midbrain,left
1037,2031,2760,776,448,630,Midbrain,left
1038,2112,2618,774,466,599,Midbrain,left
1038,1748,2753,783,382,628,Midbrain,left
1038,2048,2602,774,452,595,Midbrain,left
1038,2150,2600,774,476,595,Posterior hypothalamic nucleus,left
1039,2105,2682,773,465,612,Midbrain,left
1039,2174,2675,772,481,611,Midbrain,left
1039,2212,2655,772,489,606,Posterior hypothalamic nucleus,left
1039,2236,2635,772,495,602,Posterior hypothalamic nucleus,left
1041,1792,2710,781,390,619,Midbrain,left
1041,2183,2603,773,484,596,Posterior hypothalamic nucleus,left
1041,2215,2974,772,492,674,Fields of Forel,left
1041,1927,2566,777,421,587,Periaqueductal gray,left
1040,2181,2697,772,482,615,Midbrain,left
1040,1777,2637,781,387,602,Periaqueductal gray,left
1042,2127,2630,772,470,601,Midbrain,left
1042,2012,3280,779,448,747,Hypothalamus,left
1046,1724,2747,780,377,626,Midbrain,left
1046,1750,2640,779,381,603,Periaqueductal gray,left
1046,2051,2807,771,453,640,Midbrain,left
1046,2169,2661,770,480,607,Midbrain,left
1044,2101,2635,771,464,602,Midbrain,left
1044,2167,2655,771,479,606,Midbrain,left
1044,2304,3291,772,519,742,Hypothalamus,left
1045,2147,2667,771,474,609,Midbrain,left
1045,2827,2957,754,636,670,Hypothalamus,left
1047,2155,2696,769,477,615,Midbrain,left
1047,2077,2695,769,458,616,"Subparafascicular nucleus, magnocellular part",left
1047,2052,2806,771,453,640,Midbrain,left
1050,1709,2768,779,374,631,Midbrain,left
1050,2087,2748,769,460,628,Midbrain,left
1050,2112,3146,771,471,714,Fields of Forel,left
1050,1992,2623,770,437,600,fasciculus retroflexus,left
1050,2044,2834,770,452,647,Midbrain,left
1050,2071,2780,769,457,634,Midbrain,left
1050,2094,2656,769,462,607,"Subparafascicular nucleus, magnocellular part",left
1049,2158,2714,769,478,619,Midbrain,left
1049,2138,2732,769,473,623,Midbrain,left
1049,2157,2604,769,477,596,Posterior hypothalamic nucleus,left
1049,2055,2639,770,453,604,Midbrain,left
1049,2066,2763,770,456,631,Midbrain,left
1051,2102,2747,768,464,626,Midbrain,left
1051,2047,2744,768,451,627,Midbrain,left
1052,2006,2581,769,441,591,Midbrain,left
1052,2092,2732,768,461,623,Midbrain,left
1056,1895,2590,770,414,592,Periaqueductal gray,left
1056,2137,2878,766,473,655,Midbrain,left
1054,2091,2725,767,461,622,Midbrain,left
1059,1767,2650,773,385,605,Midbrain,left
1064,2189,2635,763,485,602,Posterior hypothalamic nucleus,left
1065,2095,2791,763,463,636,Midbrain,left
1065,2218,2655,762,492,606,Posterior hypothalamic nucleus,left
1066,2235,2696,761,495,614,Midbrain,left
1066,2106,2757,762,465,629,Midbrain,left
1068,2649,3051,752,599,686,Lateral hypothalamic area,left
1069,2420,2656,758,537,604,Posterior hypothalamic nucleus,left
1072,2259,2842,757,501,645,Midbrain,left
1075,2285,3231,756,515,728,Zona incerta,left
1075,1577,2794,769,344,637,Midbrain,left
1075,1136,2704,782,248,622,Olivary pretectal nucleus,left
1075,1965,3496,761,441,794,Zona incerta,left
1074,2054,3315,762,460,752,Zona incerta,left
1076,2093,3306,759,470,748,Zona incerta,left
1077,2061,3330,760,462,755,Zona incerta,left
1077,2164,3088,756,483,699,Fields of Forel,left
1080,2058,3340,758,462,757,Zona incerta,left
1082,2668,3115,745,605,700,Lateral hypothalamic area,left
1091,1652,3709,761,372,841,Ventral part of the lateral geniculate complex,left
1095,3110,2770,720,701,631,Ventromedial hypothalamic nucleus,left
1103,2735,2971,733,617,671,Lateral hypothalamic area,left
1098,1545,2830,760,337,644,Midbrain,left
1102,2692,2850,735,604,645,Lateral hypothalamic area,left
1107,1441,4548,748,334,1015,"Ventral auditory area, layer 5",left
1106,1442,4558,749,334,1018,"Ventral auditory area, layer 5",left
1116,2241,3081,736,501,695,Ventral medial nucleus of the thalamus,left
1121,2251,3081,735,503,694,Ventral medial nucleus of the thalamus,left
1127,2668,2599,725,594,594,Posterior hypothalamic nucleus,left
1129,2352,2925,732,523,661,Ventral medial nucleus of the thalamus,left
1133,2158,3270,732,486,735,Zona incerta,left
1135,2347,2883,729,521,653,Ventral medial nucleus of the thalamus,left
1137,2716,2366,721,607,547,Dorsomedial nucleus of the hypothalamus,right
1137,2231,3043,728,498,687,Ventral medial nucleus of the thalamus,left
1139,2300,2961,727,512,669,Ventral medial nucleus of the thalamus,left
1143,911,4294,738,220,953,"Supplemental somatosensory area, layer 5",left
1143,2621,2595,719,582,593,Posterior hypothalamic nucleus,left
1142,2664,2575,719,593,589,Posterior hypothalamic nucleus,left
1144,2686,2366,718,600,546,Dorsomedial nucleus of the hypothalamus,right
1145,2639,2609,718,587,596,Posterior hypothalamic nucleus,left
1145,2296,2967,725,511,670,Ventral medial nucleus of the thalamus,left
1146,2356,3028,723,527,683,Zona incerta,left
1150,2655,2594,715,590,594,Posterior hypothalamic nucleus,left
1151,2624,2558,715,583,586,Posterior hypothalamic nucleus,left
1151,2622,2605,715,582,595,Posterior hypothalamic nucleus,left
1153,2385,2872,721,530,650,Ventral medial nucleus of the thalamus,left
1156,2548,2383,715,566,549,Posterior hypothalamic nucleus,right
1157,2631,2644,713,585,604,Posterior hypothalamic nucleus,left
1157,2666,2397,713,594,552,Dorsomedial nucleus of the hypothalamus,right
1159,3162,2229,689,713,519,Hypothalamus,right
1159,3176,2730,690,715,622,Tuberal nucleus,left
1159,2246,3184,718,504,715,Zona incerta,left
1162,2552,2408,713,565,554,Posterior hypothalamic nucleus,right
1162,2299,3053,716,514,688,Ventral medial nucleus of the thalamus,left
1160,2587,2364,713,575,545,Posterior hypothalamic nucleus,right
1163,2333,3010,715,521,679,Ventral medial nucleus of the thalamus,left
1161,2350,3012,717,525,679,Zona incerta,left
1165,2655,2629,709,590,601,Dorsomedial nucleus of the hypothalamus,left
1166,2613,2335,710,583,539,Posterior hypothalamic nucleus,right
1167,2364,2846,714,525,645,Ventral medial nucleus of the thalamus,left
1170,2277,3010,713,508,679,Ventral medial nucleus of the thalamus,left
1170,2584,2593,708,573,593,Posterior hypothalamic nucleus,left
1169,2301,3110,714,516,699,Zona incerta,left
1173,2504,2577,709,554,588,Posterior hypothalamic nucleus,left
1173,2586,2565,707,573,587,Posterior hypothalamic nucleus,left
1173,2588,2606,707,574,595,Posterior hypothalamic nucleus,left
1173,2342,3041,711,523,684,Zona incerta,left
1174,2629,2643,705,584,604,Dorsomedial nucleus of the hypothalamus,left
1178,2298,3042,709,514,684,Ventral medial nucleus of the thalamus,left
1179,2768,2250,699,624,523,Dorsomedial nucleus of the hypothalamus,right
1179,2328,2958,708,519,668,Ventral medial nucleus of the thalamus,left
1181,2501,2404,705,553,553,Posterior hypothalamic nucleus,right
1181,2340,3066,708,524,689,Zona incerta,left
1184,2669,2611,700,594,597,Dorsomedial nucleus of the hypothalamus,left
1186,2324,2971,705,518,670,Ventral medial nucleus of the thalamus,left
1192,2579,2353,698,574,543,Dorsomedial nucleus of the hypothalamus,right
1194,2675,3026,694,600,682,Lateral hypothalamic area,left
1193,2372,2920,701,528,660,Ventral medial nucleus of the thalamus,left
1200,3129,2110,675,707,493,Tuberal nucleus,right
1206,2625,2996,689,588,676,Lateral hypothalamic area,left
1224,3070,2371,664,693,548,Ventromedial hypothalamic nucleus,right
1226,2408,3495,686,548,779,"Globus pallidus, internal segment",left
1228,2495,2871,681,556,649,Zona incerta,left
1229,3142,2774,663,705,632,Tuberal nucleus,left
1233,3134,2777,662,704,632,Tuberal nucleus,left
1236,2412,3047,679,539,684,Zona incerta,left
1238,2506,3002,676,560,676,Hypothalamus,left
1238,2495,3037,676,558,683,Lateral hypothalamic area,left
1261,1368,4440,676,310,982,"Supplemental somatosensory area, layer 5",left
1262,1364,4452,675,309,983,"Supplemental somatosensory area, layer 5",left
1267,3146,2755,645,705,627,Tuberal nucleus,left
1274,2940,2070,649,662,488,Hypothalamus,right
1288,2514,2967,653,559,669,"Paraventricular hypothalamic nucleus, descending division",left
1304,364,2965,652,87,661,"Retrosplenial area, lateral agranular part, layer 5",left
1315,1212,703,667,273,191,"Supplemental somatosensory area, layer 5",right
1322,1472,4402,645,326,973,"Supplemental somatosensory area, layer 5",left
1322,2459,2724,641,544,620,Zona incerta,left
1327,628,3662,651,154,810,"Primary somatosensory area, unassigned, layer 5",left
1333,2533,3737,632,571,825,"Central amygdalar nucleus, medial part",left
1357,2992,2947,613,666,662,Hypothalamus,left
1401,494,3085,615,117,684,"Primary motor area, Layer 5",left
1409,2498,2618,602,553,598,Paraventricular hypothalamic nucleus,left
1422,597,3484,609,145,767,"Primary somatosensory area, lower limb, layer 5",left
1443,568,3307,599,139,728,"Primary somatosensory area, lower limb, layer 5",left
1447,548,3247,597,134,715,"Primary somatosensory area, lower limb, layer 5",left
1455,584,3355,593,142,737,"Primary somatosensory area, lower limb, layer 5",left
1458,523,3181,591,127,702,"Primary somatosensory area, lower limb, layer 5",left
1465,697,3571,589,166,780,"Primary somatosensory area, upper limb, layer 5",left
1467,2732,2009,566,605,474,Lateral preoptic area,right
1474,574,3131,584,137,691,"Primary motor area, Layer 5",left
1474,609,3199,584,146,705,"Primary motor area, Layer 5",left
1478,623,3342,583,151,732,"Primary somatosensory area, lower limb, layer 5",left
1480,770,3698,580,178,805,"Primary somatosensory area, upper limb, layer 5",left
1480,762,3700,580,176,805,"Primary somatosensory area, upper limb, layer 5",left
1490,708,3593,577,167,783,"Primary somatosensory area, upper limb, layer 5",left
1493,606,3326,577,146,729,"Primary somatosensory area, lower limb, layer 5",left
1496,620,3058,573,144,678,"Primary motor area, Layer 6a",left
1492,695,3597,576,164,783,"Primary somatosensory area, upper limb, layer 5",left
1502,707,3176,570,164,699,"Primary motor area, Layer 6a",left
1503,541,3072,569,127,679,"Primary motor area, Layer 5",left
1505,694,3178,569,162,700,"Primary motor area, Layer 6a",left
1508,583,3249,570,140,714,"Primary motor area, Layer 5",left
1510,2827,1997,546,628,472,Lateral preoptic area,right
1510,830,3637,566,189,790,"Primary somatosensory area, upper limb, layer 5",left
1515,825,3643,563,188,792,"Primary somatosensory area, upper limb, layer 5",left
1515,831,3692,563,187,801,"Primary somatosensory area, upper limb, layer 5",left
1520,591,1971,567,133,459,"Primary motor area, Layer 5",right
1520,828,3688,561,187,801,"Primary somatosensory area, upper limb, layer 5",left
1524,579,3224,562,138,708,"Primary motor area, Layer 5",left
1523,741,3536,561,172,769,"Primary somatosensory area, upper limb, layer 5",left
1528,742,3178,558,170,700,"Primary motor area, Layer 6a",left
1527,566,3227,560,135,708,"Primary motor area, Layer 5",left
1527,637,3283,560,151,719,"Primary motor area, Layer 5",left
1531,729,3455,558,171,752,"Primary somatosensory area, lower limb, layer 5",left
1529,631,3285,560,149,719,"Primary motor area, Layer 5",left
1535,676,3315,556,159,725,"Primary motor area, Layer 5",left
1536,685,3142,555,158,692,"Primary motor area, Layer 6a",left
1538,662,3315,555,156,725,"Primary motor area, Layer 5",left
1543,676,3295,552,158,721,"Primary motor area, Layer 5",left
1543,613,3249,553,145,712,"Primary motor area, Layer 5",left
1543,781,3491,552,180,758,"Primary somatosensory area, lower limb, layer 5",left
1544,672,3274,552,157,717,"Primary motor area, Layer 5",left
1547,694,3421,551,162,745,"Primary somatosensory area, lower limb, layer 5",left
1547,663,3277,551,156,717,"Primary motor area, Layer 5",left
1548,2883,2817,523,636,638,Anteroventral preoptic nucleus,left
1548,660,3277,551,154,717,"Primary motor area, Layer 5",left
1549,704,1641,558,166,392,"Primary somatosensory area, lower limb, layer 5",right
1553,634,3130,548,146,690,"Primary motor area, Layer 5",left
1553,805,3480,548,185,756,"Primary somatosensory area, lower limb, layer 5",left
1556,670,3252,547,156,712,"Primary motor area, Layer 5",left
1556,2538,2527,525,551,577,Hypothalamus,left
1560,783,3459,544,181,752,"Primary somatosensory area, lower limb, layer 5",left
1566,675,3286,542,156,718,"Primary motor area, Layer 5",left
1565,2880,2843,516,637,643,Anteroventral preoptic nucleus,left
1574,642,3020,538,143,670,"Primary motor area, Layer 5",left
1575,798,3297,537,183,720,"Primary motor area, Layer 6a",left
1578,3021,2715,508,671,617,Hypothalamus,left
1576,788,3296,537,181,720,"Primary motor area, Layer 6a",left
1581,798,1902,541,178,443,"Primary motor area, Layer 6a",right
1592,859,3393,529,196,738,"Primary motor area, Layer 6a",left
1595,662,3134,529,148,690,"Primary motor area, Layer 5",left
1595,746,3395,528,170,738,"Primary motor area, Layer 5",left
1595,2950,2699,499,652,614,Anteroventral preoptic nucleus,left
1596,810,3402,528,185,739,"Primary motor area, Layer 5",left
1597,834,3478,527,189,754,"Primary motor area, Layer 5",left
1597,649,3135,529,146,690,"Primary motor area, Layer 5",left
1604,682,3154,525,152,694,"Primary motor area, Layer 5",left
1607,787,3418,523,178,742,"Primary motor area, Layer 5",left
1605,853,3252,523,193,711,"Primary motor area, Layer 6a",left
1606,683,3192,525,154,700,"Primary motor area, Layer 5",left
1611,660,3196,522,148,700,"Primary motor area, Layer 5",left
1611,775,3421,521,176,742,"Primary motor area, Layer 5",left
1620,2924,2517,487,643,577,Anteroventral periventricular nucleus,left
1626,823,3440,514,186,745,"Primary motor area, Layer 5",left
1633,743,3240,513,167,708,"Primary motor area, Layer 5",left
1637,689,3148,512,152,692,"Primary motor area, Layer 5",left
1635,726,3243,512,162,709,"Primary motor area, Layer 5",left
1640,728,3238,510,163,708,"Primary motor area, Layer 5",left
1641,700,3148,510,155,692,"Primary motor area, Layer 5",left
1660,847,3181,500,188,698,"Primary motor area, Layer 6a",left
1662,790,3308,500,177,719,"Primary motor area, Layer 5",left
1664,940,3545,495,207,764,"Primary motor area, Layer 5",left
1665,781,3309,500,174,719,"Primary motor area, Layer 5",left
1713,875,3335,478,193,722,"Primary motor area, Layer 5",left
1714,867,3337,478,191,722,"Primary motor area, Layer 5",left
1716,863,3338,477,191,723,"Primary motor area, Layer 5",left
1750,1458,2529,446,313,571,Induseum griseum,left
1763,1485,2527,439,317,570,Induseum griseum,right
1771,2000,4138,414,414,895,"Gustatory areas, layer 5",left
1771,1528,2523,435,327,571,Induseum griseum,left
1774,2003,4148,413,415,897,"Gustatory areas, layer 5",left
1787,1577,2518,427,335,571,Induseum griseum,left
1785,1577,2514,429,335,570,genu of corpus callosum,right
1794,1601,2516,424,340,570,genu of corpus callosum,right
1803,1144,3381,431,241,728,"Primary motor area, Layer 6a",left
1834,2021,4015,382,417,862,"Primary motor area, Layer 5",left
1835,797,3006,439,162,659,"Secondary motor area, layer 5",left
1837,2023,4028,381,418,865,"Agranular insular area, dorsal part, layer 5",left
1841,1882,4022,382,382,859,"Primary motor area, Layer 5",left
1954,1869,2763,337,396,625,"Orbital area, medial part, layer 6a",left
1954,1987,2952,339,423,660,"Orbital area, ventrolateral part, layer 5",left
1953,2112,2914,341,451,655,Olfactory areas,left
1957,1993,2913,337,426,654,"Orbital area, ventrolateral part, layer 5",left
1957,1866,2770,336,395,625,"Orbital area, medial part, layer 6a",left
1961,2112,2779,335,451,629,Dorsal peduncular area,left
1967,1942,2911,330,413,652,"Orbital area, ventrolateral part, layer 5",left
1972,2027,2948,331,432,661,"Orbital area, ventrolateral part, layer 2/3",left
1973,2018,2069,329,432,484,"Orbital area, ventrolateral part, layer 2/3",right
1982,1951,2923,323,415,655,"Orbital area, ventrolateral part, layer 2/3",left
1988,1536,3773,320,297,790,"Secondary motor area, layer 5",left
1995,1858,2838,314,395,637,"Orbital area, ventrolateral part, layer 5",left
1997,1848,2876,314,392,644,"Orbital area, ventrolateral part, layer 5",left
2003,1077,3105,363,205,674,"Secondary motor area, layer 5",left
2007,1067,3106,362,202,674,"Secondary motor area, layer 5",left
2012,1199,3025,352,235,663,"Secondary motor area, layer 6a",left
2080,1141,3045,333,210,664,"Secondary motor area, layer 5",left
