coordinate_raw_axis_0,coordinate_raw_axis_1,coordinate_raw_axis_2,coordinate_atlas_axis_0,coordinate_atlas_axis_1,coordinate_atlas_axis_2,structure_name,hemisphere
28,2487,2747,1315,578,531,Medulla,right
29,2572,2494,1297,598,470,"Medullary reticular nucleus, dorsal part",right
33,2479,2768,1314,577,537,Medulla,right
33,2564,2487,1294,597,468,"Medullary reticular nucleus, dorsal part",right
33,2459,2727,1313,572,527,Medulla,right
38,2436,3233,1306,574,653,"Medullary reticular nucleus, dorsal part",left
45,2775,2146,1292,652,389,"Spinal nucleus of the trigeminal, caudal part",right
49,2443,2726,1306,567,528,Medulla,right
66,2858,2691,1304,668,505,"Medullary reticular nucleus, ventral part",right
66,2481,2759,1297,576,536,Medulla,right
67,2486,2951,1299,582,585,Hypoglossal nucleus,left
69,2382,2645,1298,550,511,Cuneate nucleus,right
69,2500,2779,1296,582,540,Hypoglossal nucleus,right
81,2600,2908,1294,610,571,Medulla,left
84,2247,2881,1301,523,572,Medulla,left
86,2830,3265,1296,675,659,"Medullary reticular nucleus, ventral part",left
89,1900,2646,1311,468,517,Uvula (IX),right
90,2836,3261,1295,676,657,"Medullary reticular nucleus, ventral part",left
92,3004,2196,1283,709,393,dorsal spinocerebellar tract,right
93,1881,2582,1310,464,500,Uvula (IX),right
98,2908,2263,1276,685,415,"Medullary reticular nucleus, dorsal part",right
98,2987,2211,1280,704,398,dorsal spinocerebellar tract,right
98,2388,2797,1289,555,549,Dorsal motor nucleus of the vagus nerve,right
98,2898,2263,1276,682,416,"Medullary reticular nucleus, dorsal part",right
98,3023,2299,1282,715,416,"Lateral reticular nucleus, magnocellular part",right
97,2996,2192,1281,707,393,dorsal spinocerebellar tract,right
97,1863,2558,1310,461,495,Uvula (IX),right
99,2984,2223,1279,704,402,rubrospinal tract,right
99,2989,2204,1280,705,397,dorsal spinocerebellar tract,right
101,1854,3383,1316,470,698,Uvula (IX),left
101,1915,3059,1304,472,616,Uvula (IX),left
101,1919,2488,1306,471,478,Uvula (IX),right
100,3000,2187,1280,708,391,dorsal spinocerebellar tract,right
100,1867,2951,1307,461,591,Uvula (IX),left
100,2982,2169,1280,703,389,dorsal spinocerebellar tract,right
100,2989,2173,1280,706,390,dorsal spinocerebellar tract,right
102,2972,2154,1279,700,386,dorsal spinocerebellar tract,right
105,1900,2813,1304,469,559,Uvula (IX),right
105,2995,2182,1279,707,391,dorsal spinocerebellar tract,right
108,2307,2556,1285,533,494,Cuneate nucleus,right
108,1689,2638,1314,423,516,Uvula (IX),right
107,1697,2559,1316,424,497,Uvula (IX),right
107,2270,2478,1287,525,476,Cuneate nucleus,right
113,2986,2391,1279,704,439,"Lateral reticular nucleus, magnocellular part",right
113,2990,2326,1277,706,425,"Lateral reticular nucleus, magnocellular part",right
113,3008,2327,1278,711,424,"Lateral reticular nucleus, magnocellular part",right
113,3012,2316,1278,711,421,"Lateral reticular nucleus, magnocellular part",right
113,3014,2246,1276,712,405,rubrospinal tract,right
113,3025,2364,1280,715,432,"Lateral reticular nucleus, magnocellular part",right
113,3109,2389,1280,739,434,ventral spinocerebellar tract,right
113,1690,2699,1311,422,531,Uvula (IX),right
113,2135,2433,1294,502,466,External cuneate nucleus,right
113,2143,2462,1293,503,472,External cuneate nucleus,right
113,2151,2460,1293,504,472,Medulla,right
113,2981,2226,1275,703,403,rubrospinal tract,right
113,3060,2284,1278,725,411,ventral spinocerebellar tract,right
115,2971,2202,1274,700,398,rubrospinal tract,right
115,2976,2212,1274,702,400,rubrospinal tract,right
115,2996,2400,1279,707,441,"Lateral reticular nucleus, magnocellular part",right
115,3003,2313,1276,710,422,"Lateral reticular nucleus, magnocellular part",right
115,2980,2355,1277,703,432,"Lateral reticular nucleus, magnocellular part",right
115,3021,2372,1278,714,433,"Lateral reticular nucleus, magnocellular part",right
115,3025,2270,1276,715,410,"Lateral reticular nucleus, magnocellular part",right
114,2974,2254,1275,702,410,rubrospinal tract,right
114,2702,2955,1285,636,582,Medulla,left
114,2968,2188,1275,700,395,rubrospinal tract,right
114,2985,2377,1278,705,436,"Lateral reticular nucleus, magnocellular part",right
114,2997,2215,1275,707,399,rubrospinal tract,right
114,3002,2364,1278,709,433,"Lateral reticular nucleus, magnocellular part",right
114,1631,2834,1312,408,565,Uvula (IX),right
114,2372,2965,1284,556,592,Dorsal motor nucleus of the vagus nerve,left
116,3018,2308,1276,714,420,"Lateral reticular nucleus, magnocellular part",right
116,3035,2249,1275,718,405,rubrospinal tract,right
117,3006,2325,1277,710,424,"Lateral reticular nucleus, magnocellular part",right
117,3034,2342,1278,718,426,"Lateral reticular nucleus, magnocellular part",right
117,3046,2282,1276,721,411,Medulla,right
117,3018,2321,1277,714,422,"Lateral reticular nucleus, magnocellular part",right
117,3019,2264,1275,714,409,"Lateral reticular nucleus, magnocellular part",right
117,3031,2304,1276,717,418,"Lateral reticular nucleus, magnocellular part",right
118,3034,2273,1275,718,411,"Lateral reticular nucleus, magnocellular part",right
124,3001,2161,1272,709,387,Medulla,right
124,1669,2791,1306,416,554,Uvula (IX),right
122,1697,2641,1308,422,517,Uvula (IX),right
122,2951,2092,1273,696,374,Medulla,right
123,1706,2478,1311,425,478,Uvula (IX),right
125,1707,2693,1306,424,530,Uvula (IX),right
129,1904,2697,1295,468,530,Uvula (IX),right
129,2969,2220,1270,700,403,rubrospinal tract,right
129,2978,2289,1271,703,419,"Lateral reticular nucleus, magnocellular part",right
129,2999,2211,1271,709,399,rubrospinal tract,right
129,3007,2316,1272,710,423,"Lateral reticular nucleus, magnocellular part",right
129,3031,2287,1272,717,414,"Lateral reticular nucleus, magnocellular part",right
129,3044,2269,1271,721,409,Medulla,right
129,3047,2401,1275,721,440,"Lateral reticular nucleus, magnocellular part",right
129,3047,2329,1273,721,424,"Lateral reticular nucleus, magnocellular part",right
129,3052,2299,1272,723,416,"Lateral reticular nucleus, magnocellular part",right
129,3060,2437,1277,725,447,"Lateral reticular nucleus, magnocellular part",right
129,3091,2407,1275,734,439,Medulla,right
129,2982,2179,1270,703,393,rubrospinal tract,right
129,2989,2236,1271,706,405,rubrospinal tract,right
129,3000,2153,1270,709,386,Medulla,right
129,3027,2362,1274,716,432,"Lateral reticular nucleus, magnocellular part",right
129,3030,2234,1271,717,402,rubrospinal tract,right
129,3051,2242,1271,723,402,Medulla,right
129,3055,3149,1285,732,630,Medulla,left
129,3071,2284,1272,728,411,ventral spinocerebellar tract,right
129,3072,2291,1272,728,413,ventral spinocerebellar tract,right
129,3074,2367,1274,730,430,"Lateral reticular nucleus, magnocellular part",right
129,3087,2434,1276,732,447,"Lateral reticular nucleus, magnocellular part",right
130,3000,2351,1273,709,431,"Lateral reticular nucleus, magnocellular part",right
130,3006,2468,1277,709,457,"Lateral reticular nucleus, magnocellular part",right
130,3024,2312,1272,716,420,"Lateral reticular nucleus, magnocellular part",right
130,3024,2395,1274,716,440,"Lateral reticular nucleus, magnocellular part",right
130,3041,2302,1272,720,417,"Lateral reticular nucleus, magnocellular part",right
130,3058,2358,1273,726,430,"Lateral reticular nucleus, magnocellular part",right
130,3071,2380,1274,728,434,"Lateral reticular nucleus, magnocellular part",right
130,3020,2279,1271,714,414,"Lateral reticular nucleus, magnocellular part",right
130,3052,2260,1271,723,407,ventral spinocerebellar tract,right
130,3053,2273,1271,724,410,Medulla,right
130,3057,2444,1276,723,450,"Lateral reticular nucleus, magnocellular part",right
130,3113,2379,1273,741,432,Medulla,right
130,3035,2243,1270,718,405,rubrospinal tract,right
130,3069,2455,1276,728,452,"Lateral reticular nucleus, magnocellular part",right
130,3081,2470,1277,730,455,Medulla,right
131,3014,2304,1271,713,420,"Lateral reticular nucleus, magnocellular part",right
131,3039,2351,1272,720,429,"Lateral reticular nucleus, magnocellular part",right
131,3008,2376,1273,712,436,"Lateral reticular nucleus, magnocellular part",right
131,3026,2344,1272,716,429,"Lateral reticular nucleus, magnocellular part",right
131,3082,2331,1271,731,422,Medulla,right
131,2206,2497,1282,513,482,Cuneate nucleus,right
131,3018,2332,1272,714,425,"Lateral reticular nucleus, magnocellular part",right
131,3026,2252,1270,716,407,"Lateral reticular nucleus, magnocellular part",right
131,3036,2450,1276,718,452,"Lateral reticular nucleus, magnocellular part",right
131,3056,2499,1277,723,463,Medulla,right
131,3062,2268,1270,725,409,ventral spinocerebellar tract,right
132,3001,2303,1271,709,421,"Lateral reticular nucleus, magnocellular part",right
132,1629,3433,1316,424,712,Copula pyramidis,left
132,2975,2226,1269,702,405,rubrospinal tract,right
132,3045,2419,1275,721,445,"Lateral reticular nucleus, magnocellular part",right
132,3084,2355,1272,733,428,Medulla,right
134,3032,2265,1269,717,410,"Lateral reticular nucleus, magnocellular part",right
134,2079,2383,1290,494,456,External cuneate nucleus,right
134,3001,2150,1268,709,386,dorsal spinocerebellar tract,right
134,3040,2469,1276,719,457,"Lateral reticular nucleus, magnocellular part",right
134,3053,2329,1271,724,423,"Lateral reticular nucleus, magnocellular part",right
134,3063,2423,1274,727,445,"Lateral reticular nucleus, magnocellular part",right
134,3065,2680,1282,727,506,Medulla,right
134,3085,2686,1281,733,508,Medulla,right
134,3094,2627,1280,734,493,Medulla,right
133,3029,2454,1276,716,453,"Lateral reticular nucleus, magnocellular part",right
133,3039,2284,1270,720,414,"Lateral reticular nucleus, magnocellular part",right
133,3014,2311,1271,713,421,"Lateral reticular nucleus, magnocellular part",right
135,3024,2322,1270,716,423,"Lateral reticular nucleus, magnocellular part",right
135,2980,2325,1270,703,427,"Lateral reticular nucleus, magnocellular part",right
141,1862,2895,1295,457,578,Uvula (IX),left
141,2077,2367,1288,494,452,External cuneate nucleus,right
141,2079,2359,1289,494,450,External cuneate nucleus,right
138,2091,2322,1291,496,441,Medulla,right
138,1724,2724,1301,426,538,Uvula (IX),right
138,1841,2901,1296,453,580,Uvula (IX),left
139,2099,2293,1291,497,436,spinal tract of the trigeminal nerve,right
140,1727,2623,1301,426,514,Uvula (IX),right
142,2863,1949,1268,675,349,Medulla,right
146,2072,2321,1289,492,442,External cuneate nucleus,right
146,2998,2219,1264,709,403,"Lateral reticular nucleus, magnocellular part",right
146,2999,2385,1268,709,440,"Lateral reticular nucleus, magnocellular part",right
146,3007,2405,1269,710,444,"Lateral reticular nucleus, magnocellular part",right
146,3011,2424,1270,711,449,"Lateral reticular nucleus, magnocellular part",right
146,3013,2240,1265,713,407,"Lateral reticular nucleus, magnocellular part",right
146,3017,2402,1269,713,443,"Lateral reticular nucleus, magnocellular part",right
146,3043,2385,1268,721,438,"Lateral reticular nucleus, magnocellular part",right
146,3056,2680,1277,724,507,Medulla,right
146,2969,2268,1265,700,417,"Lateral reticular nucleus, magnocellular part",right
146,2991,2279,1265,706,418,"Lateral reticular nucleus, magnocellular part",right
146,3022,3181,1277,723,639,Medulla,left
146,3034,2250,1265,718,407,rubrospinal tract,right
146,3039,2439,1270,719,451,"Lateral reticular nucleus, magnocellular part",right
146,3040,2254,1265,720,408,Medulla,right
146,3058,3231,1275,734,651,Medulla,left
146,3071,2371,1267,728,433,"Lateral reticular nucleus, magnocellular part",right
146,3072,2298,1265,728,417,Medulla,right
146,3082,3232,1275,739,651,Medulla,left
146,3095,2394,1267,735,438,"Lateral reticular nucleus, magnocellular part",right
144,2081,2330,1289,494,444,External cuneate nucleus,right
145,2969,2339,1267,701,432,"Lateral reticular nucleus, magnocellular part",right
145,2985,2186,1265,704,396,rubrospinal tract,right
145,3030,2239,1265,717,405,rubrospinal tract,right
145,3041,3177,1277,728,638,Medulla,left
145,3047,2259,1266,721,409,Medulla,right
145,3053,2414,1270,724,444,"Lateral reticular nucleus, magnocellular part",right
145,3069,2349,1267,728,428,"Lateral reticular nucleus, magnocellular part",right
145,3070,2658,1277,728,502,Medulla,right
145,3077,2642,1276,729,497,Medulla,right
145,3086,2347,1267,733,426,Medulla,right
145,3090,2475,1271,733,457,Medulla,right
145,2748,3317,1269,657,668,"Medullary reticular nucleus, ventral part",left
145,2948,2056,1265,696,368,Medulla,right
145,2949,3579,1273,710,737,rubrospinal tract,left
145,3000,3092,1280,718,616,Medulla,left
145,3022,3253,1277,723,658,Medulla,left
145,3038,2234,1265,720,403,rubrospinal tract,right
145,3046,2225,1265,721,401,Medulla,right
145,3068,3241,1276,737,654,Medulla,left
145,3082,3206,1276,739,645,Medulla,left
145,3096,2314,1266,736,418,Medulla,right
145,3117,2413,1268,741,442,Medulla,right
148,3024,2321,1266,716,424,"Lateral reticular nucleus, magnocellular part",right
148,2935,2311,1264,691,428,Intermediate reticular nucleus,right
148,3080,2323,1265,731,422,Medulla,right
148,3049,2630,1275,721,495,Medulla,right
148,2859,1940,1266,674,347,Medulla,right
148,3002,3125,1277,718,626,Medulla,left
148,3028,3155,1276,726,633,Medulla,left
148,3064,2469,1270,726,457,"Lateral reticular nucleus, magnocellular part",right
148,3073,3190,1274,738,641,Medulla,left
148,3082,2333,1265,731,425,Medulla,right
148,3008,2350,1267,712,432,"Lateral reticular nucleus, magnocellular part",right
148,3021,3122,1277,723,624,Inferior olivary complex,left
147,3044,2273,1264,721,413,"Lateral reticular nucleus, magnocellular part",right
147,3051,2347,1266,723,429,"Lateral reticular nucleus, magnocellular part",right
147,2985,2245,1264,704,410,"Lateral reticular nucleus, magnocellular part",right
147,3085,2304,1264,733,417,ventral spinocerebellar tract,right
147,3112,2380,1266,740,434,Medulla,right
147,2090,2286,1289,495,434,spinal tract of the trigeminal nerve,right
147,2943,2267,1264,694,417,Medulla,right
147,3037,3248,1275,727,657,Medulla,left
147,3040,2402,1268,720,442,"Lateral reticular nucleus, magnocellular part",right
147,3068,3221,1274,737,649,Medulla,left
147,3071,3200,1274,736,644,Medulla,left
147,3009,2725,1278,713,518,Medulla,right
147,3035,2186,1263,718,393,Medulla,right
147,3102,2428,1267,736,447,"Lateral reticular nucleus, magnocellular part",right
150,3042,2310,1265,720,421,"Lateral reticular nucleus, magnocellular part",right
150,3019,2279,1264,714,416,"Lateral reticular nucleus, magnocellular part",right
150,3032,2286,1264,717,416,"Lateral reticular nucleus, magnocellular part",right
150,3055,3225,1274,732,650,Medulla,left
150,3100,2633,1272,736,497,Medulla,right
150,2982,2292,1264,703,421,"Lateral reticular nucleus, magnocellular part",right
150,3072,3214,1273,736,647,Medulla,left
150,2919,2316,1263,687,430,Intermediate reticular nucleus,right
150,3068,2261,1263,728,408,ventral spinocerebellar tract,right
151,2065,2317,1287,491,442,External cuneate nucleus,right
151,2090,2262,1288,495,429,spinal tract of the trigeminal nerve,right
151,2091,2272,1288,495,432,spinal tract of the trigeminal nerve,right
151,2949,2325,1264,695,431,"Lateral reticular nucleus, magnocellular part",right
151,3035,2351,1265,719,431,"Lateral reticular nucleus, magnocellular part",right
151,3059,3204,1273,734,645,Medulla,left
151,2991,3068,1276,715,612,Medulla,left
149,3027,2648,1276,715,500,Medulla,right
149,3055,2275,1264,724,412,Medulla,right
149,3019,3127,1277,723,625,Inferior olivary complex,left
149,3032,2231,1264,717,403,rubrospinal tract,right
149,3036,2241,1264,718,405,rubrospinal tract,right
149,3053,2617,1274,723,492,Medulla,right
149,3062,2711,1276,727,515,Medulla,right
149,2993,3074,1278,717,613,Medulla,left
149,3046,3205,1275,730,645,Medulla,left
152,2059,2384,1283,490,458,External cuneate nucleus,right
152,3067,3217,1272,735,648,Medulla,left
152,1831,3355,1296,460,689,Uvula (IX),left
154,2068,2292,1287,492,436,Medulla,right
154,2866,2971,1275,681,586,crossed tectospinal pathway,left
154,3025,2299,1263,716,421,"Lateral reticular nucleus, magnocellular part",right
153,2072,2283,1288,492,435,Medulla,right
153,3076,2677,1273,730,507,Medulla,right
153,1715,2635,1298,422,517,Uvula (IX),right
155,2326,3891,1278,568,800,Medulla,left
155,2532,1822,1267,596,330,spinal tract of the trigeminal nerve,right
155,3030,2692,1272,718,510,Inferior olivary complex,right
155,3075,3216,1270,738,648,Medulla,left
155,1442,2477,1312,362,481,Pyramus (VIII),right
155,1749,2184,1305,444,413,Copula pyramidis,right
156,2088,2252,1287,495,428,spinal tract of the trigeminal nerve,right
156,1443,2476,1312,363,481,Pyramus (VIII),right
157,3060,2641,1271,724,498,Medulla,right
161,2060,2288,1285,490,437,External cuneate nucleus,right
161,2049,2318,1284,488,444,External cuneate nucleus,right
161,2045,2362,1282,487,453,External cuneate nucleus,right
161,1749,2204,1303,443,418,Copula pyramidis,right
161,2955,3090,1272,706,618,Medulla,left
161,2958,2097,1259,699,379,dorsal spinocerebellar tract,right
161,2977,3119,1272,711,625,Medulla,left
161,2978,2228,1260,703,409,"Lateral reticular nucleus, magnocellular part",right
161,2978,2170,1259,703,395,rubrospinal tract,right
161,3038,3235,1269,728,653,Medulla,left
161,3042,2680,1270,720,508,Inferior olivary complex,right
161,3068,3384,1267,739,691,Medulla,left
161,3084,2377,1262,733,435,"Lateral reticular nucleus, magnocellular part",right
161,3094,2651,1267,734,501,Medulla,right
161,3096,2319,1260,735,422,ventral spinocerebellar tract,right
161,1375,3003,1306,346,612,Pyramus (VIII),left
161,2959,2082,1259,699,375,dorsal spinocerebellar tract,right
161,2968,2157,1259,700,392,rubrospinal tract,right
161,3050,3277,1269,731,663,Medulla,left
161,3055,3286,1268,733,665,Medulla,left
161,3059,3176,1269,733,638,Medulla,left
161,3059,3252,1268,734,657,Medulla,left
161,3073,2325,1260,730,424,"Lateral reticular nucleus, magnocellular part",right
161,3089,3152,1268,741,631,Medulla,left
162,2965,2119,1258,700,385,dorsal spinocerebellar tract,right
162,3050,2248,1259,722,408,Medulla,right
162,3056,2367,1261,724,435,"Lateral reticular nucleus, magnocellular part",right
162,3084,2294,1259,733,417,ventral spinocerebellar tract,right
162,2953,2075,1259,698,375,dorsal spinocerebellar tract,right
162,2980,2110,1258,704,381,dorsal spinocerebellar tract,right
162,3009,2226,1259,711,406,"Lateral reticular nucleus, magnocellular part",right
162,3016,3140,1270,722,630,Inferior olivary complex,left
162,3034,3244,1268,727,655,Medulla,left
162,3040,3255,1268,728,658,Medulla,left
162,3067,2269,1259,727,412,ventral spinocerebellar tract,right
162,3068,2304,1259,728,420,"Lateral reticular nucleus, magnocellular part",right
162,3079,3230,1267,739,651,Medulla,left
162,1376,3004,1305,346,612,arbor vitae,left
162,1764,2454,1295,433,474,Uvula (IX),right
162,1826,2969,1291,447,597,Uvula (IX),left
162,3036,3361,1268,729,684,"Lateral reticular nucleus, magnocellular part",left
162,3037,3360,1268,729,684,"Lateral reticular nucleus, magnocellular part",left
162,3053,3127,1269,732,625,Medulla,left
162,3092,3142,1267,741,628,Medulla,left
163,2962,2168,1258,698,397,"Lateral reticular nucleus, magnocellular part",right
163,2983,2197,1258,704,401,"Lateral reticular nucleus, magnocellular part",right
163,3092,2396,1260,734,440,"Lateral reticular nucleus, magnocellular part",right
163,3028,3152,1268,725,632,Inferior olivary complex,left
163,3065,3264,1266,735,660,Medulla,left
163,3107,2387,1259,738,437,Medulla,right
163,2964,2179,1258,699,399,"Lateral reticular nucleus, magnocellular part",right
163,2991,3134,1269,715,629,Inferior olivary complex,left
163,3015,3123,1269,722,626,Inferior olivary complex,left
163,3014,2278,1259,713,418,"Lateral reticular nucleus, magnocellular part",right
163,3027,3289,1267,725,666,Medulla,left
163,3050,2284,1259,723,417,"Lateral reticular nucleus, magnocellular part",right
163,3063,3394,1265,738,693,Medulla,left
163,3070,2290,1258,728,417,Medulla,right
163,3096,3211,1265,743,646,Medulla,left
163,3032,3257,1267,726,658,Medulla,left
164,3013,2340,1261,713,432,"Lateral reticular nucleus, magnocellular part",right
164,3077,2370,1260,730,435,"Lateral reticular nucleus, magnocellular part",right
164,2981,2295,1259,703,424,"Lateral reticular nucleus, magnocellular part",right
164,3036,2224,1258,718,404,rubrospinal tract,right
164,3037,2238,1258,718,408,"Lateral reticular nucleus, magnocellular part",right
164,3045,3151,1268,729,632,Inferior olivary complex,left
164,3053,3259,1267,733,659,Medulla,left
164,3061,2593,1266,723,488,Medulla,right
164,3035,3162,1268,727,634,Inferior olivary complex,left
164,3071,2680,1267,728,509,Inferior olivary complex,right
164,2967,2100,1258,700,380,dorsal spinocerebellar tract,right
164,3001,2225,1258,708,407,"Lateral reticular nucleus, magnocellular part",right
164,3053,3206,1267,732,645,Inferior olivary complex,left
165,3043,2688,1268,722,511,Inferior olivary complex,right
165,3035,2249,1258,718,410,"Lateral reticular nucleus, magnocellular part",right
165,3030,2320,1260,717,426,"Lateral reticular nucleus, magnocellular part",right
165,3059,2663,1267,725,505,Inferior olivary complex,right
165,3064,3241,1266,735,654,Medulla,left
165,3091,2311,1258,734,420,ventral spinocerebellar tract,right
165,3109,2414,1260,739,444,Medulla,right
165,2983,3155,1269,714,634,Medulla,left
165,3015,3224,1268,722,651,Medulla,left
165,3044,2430,1263,721,450,"Lateral reticular nucleus, magnocellular part",right
165,3045,2657,1267,720,503,Medulla,right
165,3055,2249,1258,724,408,ventral spinocerebellar tract,right
165,1647,2321,1304,412,445,Copula pyramidis,right
165,1893,2710,1286,463,534,Uvula (IX),right
165,3081,3203,1266,739,645,Medulla,left
169,3031,2644,1266,716,501,Medulla,right
169,1405,3065,1302,353,626,Pyramus (VIII),left
169,2970,2222,1257,700,408,"Lateral reticular nucleus, magnocellular part",right
169,3035,3203,1266,727,646,Inferior olivary complex,left
169,3036,2667,1266,718,505,Medulla,right
166,3017,2316,1259,713,426,"Lateral reticular nucleus, magnocellular part",right
166,2966,2293,1259,699,425,"Lateral reticular nucleus, magnocellular part",right
166,3036,2432,1262,718,451,"Lateral reticular nucleus, magnocellular part",right
166,3062,2359,1260,726,434,"Lateral reticular nucleus, magnocellular part",right
166,2961,2124,1257,698,387,rubrospinal tract,right
166,3076,3214,1265,737,648,Medulla,left
166,1448,2909,1300,361,587,Pyramus (VIII),left
166,3035,2384,1261,718,441,"Lateral reticular nucleus, magnocellular part",right
166,3055,3186,1266,732,641,Inferior olivary complex,left
166,3061,2258,1257,725,411,Medulla,right
166,3063,2291,1258,727,417,Medulla,right
166,3087,2340,1258,733,428,Medulla,right
167,2041,2335,1280,486,448,External cuneate nucleus,right
167,1622,2268,1305,408,434,Copula pyramidis,right
167,1814,2211,1297,454,420,Copula pyramidis,right
167,2080,2253,1283,492,430,Medulla,right
167,3065,2636,1265,725,498,Inferior olivary complex,right
167,3037,3188,1266,727,642,Inferior olivary complex,left
167,3069,2294,1257,728,418,Medulla,right
167,1789,2112,1300,454,399,Copula pyramidis,right
167,2980,2234,1257,703,411,"Lateral reticular nucleus, magnocellular part",right
167,3004,2353,1260,710,436,"Lateral reticular nucleus, magnocellular part",right
167,3074,2269,1256,729,412,ventral spinocerebellar tract,right
168,2046,2314,1281,486,444,External cuneate nucleus,right
168,1516,2850,1297,375,571,Pyramus (VIII),left
168,3042,2348,1259,720,433,"Lateral reticular nucleus, magnocellular part",right
168,3034,3255,1265,727,658,Medulla,left
168,3067,3233,1264,735,653,Medulla,left
168,2961,2258,1257,697,418,"Lateral reticular nucleus, magnocellular part",right
171,2849,1898,1257,673,340,Medulla,right
171,1601,2269,1305,403,434,Copula pyramidis,right
171,2656,1803,1259,626,324,Medulla,right
171,2883,2971,1267,688,587,Inferior olivary complex,left
170,2874,2957,1268,685,583,Inferior olivary complex,left
170,3068,2684,1264,728,510,Inferior olivary complex,right
170,2940,2286,1257,692,425,Intermediate reticular nucleus,right
170,2885,2868,1267,685,558,Inferior olivary complex,right
173,2041,2287,1282,485,438,External cuneate nucleus,right
173,2035,2333,1279,484,448,External cuneate nucleus,right
172,2038,2385,1276,486,460,External cuneate nucleus,right
172,2883,2817,1265,683,543,crossed tectospinal pathway,right
172,2994,2088,1254,708,377,dorsal spinocerebellar tract,right
172,2042,2402,1276,486,463,External cuneate nucleus,right
174,2057,2263,1281,487,433,External cuneate nucleus,right
174,1367,3060,1302,344,625,Pyramus (VIII),left
174,1594,2359,1303,397,456,Copula pyramidis,right
174,2902,2816,1265,688,543,crossed tectospinal pathway,right
174,2377,1847,1268,558,334,Medulla,right
174,2990,2082,1253,707,375,Medulla,right
175,2034,2360,1276,484,454,External cuneate nucleus,right
175,2071,2241,1280,489,428,Medulla,right
176,2021,3468,1284,489,709,Medulla,left
176,2864,2954,1264,682,583,Inferior olivary complex,left
176,1300,3021,1303,329,617,Pyramus (VIII),left
177,2196,2456,1267,513,475,Cuneate nucleus,right
177,2454,1811,1263,578,326,Medulla,right
177,3023,3236,1262,724,653,Medulla,left
177,3047,2439,1258,721,454,"Lateral reticular nucleus, magnocellular part",right
177,3057,3226,1261,732,650,Inferior olivary complex,left
177,3072,3279,1260,736,664,Medulla,left
177,3077,2366,1255,729,435,"Lateral reticular nucleus, magnocellular part",right
177,3085,2688,1260,732,512,Medulla,right
177,3088,2454,1257,733,456,"Lateral reticular nucleus, magnocellular part",right
177,2953,2135,1253,696,391,"Lateral reticular nucleus, magnocellular part",right
177,2983,3149,1263,714,633,Medulla,left
177,3037,2400,1257,718,445,"Lateral reticular nucleus, magnocellular part",right
177,3041,3270,1261,728,661,Medulla,left
177,3043,3289,1261,730,666,Medulla,left
177,3046,3258,1261,729,659,Medulla,left
177,3057,3295,1261,733,667,Medulla,left
177,3077,3258,1260,737,659,Medulla,left
177,3093,2333,1254,735,427,Medulla,right
177,3106,2408,1255,737,445,Medulla,right
177,3121,2370,1253,742,434,Medulla,right
178,2935,2079,1253,692,379,Medulla,right
178,2965,2051,1252,701,370,Medulla,right
178,3022,2711,1262,715,517,Inferior olivary complex,right
178,3056,2304,1254,724,423,"Lateral reticular nucleus, magnocellular part",right
178,3084,2334,1253,732,428,Medulla,right
178,3086,2420,1256,732,448,"Lateral reticular nucleus, magnocellular part",right
178,3092,2370,1254,734,436,"Lateral reticular nucleus, magnocellular part",right
178,2962,2118,1253,698,387,rubrospinal tract,right
178,2970,2201,1253,700,405,"Lateral reticular nucleus, magnocellular part",right
178,3014,3262,1261,722,659,Medulla,left
178,3015,2119,1251,713,383,dorsal spinocerebellar tract,right
178,3021,2372,1256,714,440,"Lateral reticular nucleus, magnocellular part",right
178,3038,3244,1260,728,655,Medulla,left
178,3067,3413,1258,738,698,Medulla,left
178,3079,3290,1258,739,666,Medulla,left
178,1548,2331,1304,388,449,Copula pyramidis,right
178,3005,3141,1262,719,630,Inferior olivary complex,left
178,3031,2276,1254,716,418,"Lateral reticular nucleus, magnocellular part",right
178,3036,2278,1254,718,419,"Lateral reticular nucleus, magnocellular part",right
178,3092,2388,1255,733,441,"Lateral reticular nucleus, magnocellular part",right
179,2978,3571,1256,719,735,rubrospinal tract,left
179,3024,3262,1260,724,659,Medulla,left
179,3055,2678,1260,723,510,Inferior olivary complex,right
179,3081,2321,1252,731,425,Medulla,right
179,3095,2355,1253,735,432,Medulla,right
179,2988,2177,1252,705,398,"Lateral reticular nucleus, magnocellular part",right
179,3002,3154,1261,717,634,Medulla,left
179,3030,2707,1261,718,516,Inferior olivary complex,right
179,3052,2268,1252,722,416,"Lateral reticular nucleus, magnocellular part",right
179,3067,2285,1252,726,418,"Lateral reticular nucleus, magnocellular part",right
179,2956,3126,1262,706,627,Medulla,left
179,3094,2346,1252,735,430,Medulla,right
180,3112,2398,1253,739,442,Medulla,right
180,2028,2345,1276,483,452,External cuneate nucleus,right
180,3019,2225,1252,713,408,"Lateral reticular nucleus, magnocellular part",right
180,3025,2416,1256,715,450,"Lateral reticular nucleus, magnocellular part",right
180,3046,2645,1260,720,502,Medulla,right
180,2961,2102,1252,698,383,rubrospinal tract,right
180,3019,3220,1260,722,649,Medulla,left
180,3042,2388,1255,720,443,"Lateral reticular nucleus, magnocellular part",right
180,3043,2348,1254,721,434,"Lateral reticular nucleus, magnocellular part",right
180,3043,3214,1259,729,648,Inferior olivary complex,left
180,3049,3389,1258,733,691,"Lateral reticular nucleus, magnocellular part",left
180,3065,3239,1258,734,654,Medulla,left
180,3086,2293,1251,732,419,ventral spinocerebellar tract,right
180,3089,2314,1252,733,423,ventral spinocerebellar tract,right
180,2359,1847,1266,555,334,Medulla,right
180,2975,2331,1255,702,434,"Lateral reticular nucleus, magnocellular part",right
181,2956,2142,1252,696,393,"Lateral reticular nucleus, magnocellular part",right
181,2997,3119,1262,716,625,Inferior olivary complex,left
181,3069,3271,1258,736,661,Medulla,left
181,1175,2773,1306,298,557,Pyramus (VIII),right
181,2026,3484,1283,490,712,Medulla,left
181,2362,1848,1266,555,335,Medulla,right
181,2962,2120,1252,698,388,rubrospinal tract,right
181,2973,3133,1262,711,629,Medulla,left
181,2987,3101,1262,714,621,Inferior olivary complex,left
181,3019,2236,1252,713,410,"Lateral reticular nucleus, magnocellular part",right
181,3079,3258,1258,739,659,Medulla,left
181,1302,3054,1302,329,626,Pyramus (VIII),left
181,1745,2877,1289,424,575,Uvula (IX),left
181,2467,1799,1262,580,324,Medulla,right
181,2515,1789,1260,592,321,Medulla,right
181,3003,2336,1255,710,433,"Lateral reticular nucleus, magnocellular part",right
182,2983,2221,1252,704,409,"Lateral reticular nucleus, magnocellular part",right
182,2952,2175,1251,694,401,"Lateral reticular nucleus, magnocellular part",right
182,3009,2302,1253,711,425,"Lateral reticular nucleus, magnocellular part",right
182,3039,2423,1255,719,451,"Lateral reticular nucleus, magnocellular part",right
182,1890,2909,1283,461,582,Uvula (IX),left
182,2045,2263,1278,485,434,External cuneate nucleus,right
182,2971,2214,1252,700,409,"Lateral reticular nucleus, magnocellular part",right
182,2987,2160,1251,704,396,"Lateral reticular nucleus, magnocellular part",right
182,3017,2685,1260,713,511,Inferior olivary complex,right
182,3019,2435,1256,714,454,"Lateral reticular nucleus, magnocellular part",right
182,3021,2662,1259,713,505,Medulla,right
182,3051,3258,1258,731,659,Medulla,left
182,1697,2821,1289,412,562,Uvula (IX),right
182,2448,1807,1262,577,325,Medulla,right
182,2964,3149,1261,708,633,Medulla,left
182,2988,2179,1251,705,400,"Lateral reticular nucleus, magnocellular part",right
182,3014,3098,1260,721,620,Inferior olivary complex,left
182,3025,2645,1259,714,502,Medulla,right
182,3026,3268,1259,724,661,Medulla,left
183,2955,2208,1251,696,409,"Lateral reticular nucleus, magnocellular part",right
183,2976,2328,1253,702,434,"Lateral reticular nucleus, magnocellular part",right
183,2999,2431,1255,708,454,"Lateral reticular nucleus, magnocellular part",right
183,3031,2441,1255,716,455,"Lateral reticular nucleus, magnocellular part",right
183,3037,2270,1251,718,417,"Lateral reticular nucleus, magnocellular part",right
183,1644,2114,1303,420,398,Copula pyramidis,right
183,2987,2180,1250,704,400,"Lateral reticular nucleus, magnocellular part",right
183,3023,3171,1258,723,637,Inferior olivary complex,left
183,3057,2314,1252,723,426,"Lateral reticular nucleus, magnocellular part",right
185,1633,2173,1301,415,412,Copula pyramidis,right
185,2056,2866,1273,495,570,Area postrema,right
185,2935,2161,1251,690,399,"Lateral reticular nucleus, magnocellular part",right
184,2975,2281,1252,701,423,"Lateral reticular nucleus, magnocellular part",right
184,2868,2925,1260,683,575,Inferior olivary complex,left
184,2943,3105,1260,704,622,Medulla,left
184,2946,2167,1251,693,400,"Lateral reticular nucleus, magnocellular part",right
184,2965,2273,1252,699,423,"Lateral reticular nucleus, magnocellular part",right
187,2376,3950,1266,581,813,Medulla,left
187,1318,2476,1305,331,483,Pyramus (VIII),right
187,2056,2317,1273,486,446,External cuneate nucleus,right
188,2023,2384,1271,481,461,External cuneate nucleus,right
188,2049,2244,1276,485,430,External cuneate nucleus,right
188,1261,2718,1298,318,542,Pyramus (VIII),right
191,3056,3205,1253,731,646,Inferior olivary complex,left
189,2068,2221,1276,488,425,Medulla,right
189,2868,2955,1258,684,584,Inferior olivary complex,left
190,2021,2332,1273,480,449,External cuneate nucleus,right
190,1207,2998,1303,307,614,Pyramus (VIII),left
192,1268,3013,1298,322,616,Pyramus (VIII),left
192,3054,2335,1249,723,432,"Lateral reticular nucleus, magnocellular part",right
194,2036,2236,1275,481,429,External cuneate nucleus,right
194,2029,2256,1274,480,433,External cuneate nucleus,right
194,1664,2326,1293,412,448,Copula pyramidis,right
194,2363,1841,1261,555,332,Medulla,right
194,2960,3145,1255,707,632,Medulla,left
194,2969,3099,1255,710,621,Inferior olivary complex,left
194,3043,2433,1251,720,455,"Lateral reticular nucleus, magnocellular part",right
194,3070,2436,1250,727,454,"Lateral reticular nucleus, magnocellular part",right
194,3112,2367,1246,738,436,Medulla,right
194,2066,2268,1272,486,436,External cuneate nucleus,right
194,2934,2087,1247,691,382,Medulla,right
194,2943,2172,1247,693,402,"Lateral reticular nucleus, magnocellular part",right
194,2959,2028,1246,699,367,dorsal spinocerebellar tract,right
194,2964,2908,1256,708,571,Nucleus raphe pallidus,left
194,2986,3151,1255,713,633,Medulla,left
194,3022,2425,1251,714,454,"Lateral reticular nucleus, magnocellular part",right
194,3030,2160,1245,716,394,Medulla,right
194,3032,2284,1248,716,422,"Lateral reticular nucleus, magnocellular part",right
194,3035,3266,1253,726,660,Medulla,left
194,3041,3135,1253,727,629,Inferior olivary complex,left
194,3042,3352,1252,729,680,"Lateral reticular nucleus, magnocellular part",left
194,3042,3207,1253,727,646,Inferior olivary complex,left
194,3050,3282,1252,730,663,Medulla,left
194,3056,3262,1252,731,659,Medulla,left
194,2969,2909,1256,709,571,Nucleus raphe pallidus,left
193,1181,2999,1304,300,614,Folium-tuber vermis (VII),left
193,2365,1857,1261,555,335,spinal tract of the trigeminal nerve,right
193,2957,3139,1256,706,631,Medulla,left
193,2959,2169,1248,697,401,"Lateral reticular nucleus, magnocellular part",right
193,2969,2163,1248,699,399,"Lateral reticular nucleus, magnocellular part",right
193,3005,3128,1255,718,628,Inferior olivary complex,left
193,3037,3404,1253,729,694,"Lateral reticular nucleus, magnocellular part",left
193,3062,2421,1251,724,451,"Lateral reticular nucleus, magnocellular part",right
193,3074,3302,1252,737,668,Medulla,left
193,3076,2353,1249,729,435,"Lateral reticular nucleus, magnocellular part",right
193,3077,2310,1247,729,425,"Lateral reticular nucleus, magnocellular part",right
193,3111,2419,1249,738,449,Medulla,right
193,2085,2352,1268,491,454,External cuneate nucleus,right
193,3028,2451,1252,716,458,"Lateral reticular nucleus, magnocellular part",right
193,3029,3129,1254,724,628,Inferior olivary complex,left
193,3032,3342,1254,727,678,"Lateral reticular nucleus, magnocellular part",left
193,3053,3161,1253,731,635,Inferior olivary complex,left
193,3061,3245,1253,733,655,Medulla,left
193,3077,3285,1252,737,665,Medulla,left
193,3081,2401,1250,730,445,"Lateral reticular nucleus, magnocellular part",right
193,3081,2448,1251,729,457,"Lateral reticular nucleus, magnocellular part",right
193,3087,2427,1250,731,451,"Lateral reticular nucleus, magnocellular part",right
193,3093,2389,1249,734,442,"Lateral reticular nucleus, magnocellular part",right
193,3100,2408,1249,735,447,"Lateral reticular nucleus, magnocellular part",right
195,2965,3108,1254,708,623,Medulla,left
195,3034,2462,1251,717,461,"Lateral reticular nucleus, magnocellular part",right
195,3054,2456,1250,722,459,"Lateral reticular nucleus, magnocellular part",right
195,3070,3290,1250,736,666,Medulla,left
195,1256,2987,1297,319,609,Pyramus (VIII),left
195,2938,2055,1246,693,375,dorsal spinocerebellar tract,right
195,3004,3111,1253,718,623,Inferior olivary complex,left
195,3017,3386,1252,724,688,"Lateral reticular nucleus, magnocellular part",left
195,1859,1992,1285,466,377,Copula pyramidis,right
195,2890,3413,1251,694,692,"Lateral reticular nucleus, magnocellular part",left
195,1217,2994,1300,309,613,Pyramus (VIII),left
196,2964,2161,1246,698,399,"Lateral reticular nucleus, magnocellular part",right
196,2980,3115,1254,712,624,Inferior olivary complex,left
196,3000,2329,1249,708,434,"Lateral reticular nucleus, magnocellular part",right
196,3007,2677,1253,709,510,Medulla,right
196,3040,2481,1251,718,465,"Lateral reticular nucleus, magnocellular part",right
196,3079,2467,1249,729,461,"Lateral reticular nucleus, magnocellular part",right
196,2428,1797,1258,572,321,Medulla,right
196,2947,3118,1254,703,626,Medulla,left
196,2952,2183,1246,694,406,"Lateral reticular nucleus, magnocellular part",right
196,2975,3135,1254,711,629,Medulla,left
196,3051,3258,1251,730,659,Medulla,left
196,3088,2400,1247,732,445,"Lateral reticular nucleus, magnocellular part",right
196,1211,2994,1300,308,613,Pyramus (VIII),left
196,2950,3096,1254,705,620,Medulla,left
196,2958,3572,1249,714,734,"Lateral reticular nucleus, magnocellular part",left
196,3009,2126,1245,711,387,dorsal spinocerebellar tract,right
196,3035,2171,1244,717,396,Medulla,right
196,3054,3185,1251,730,641,Inferior olivary complex,left
196,3091,2434,1248,732,453,"Lateral reticular nucleus, magnocellular part",right
197,3007,2444,1251,709,459,"Lateral reticular nucleus, magnocellular part",right
197,3028,2686,1253,716,512,Inferior olivary complex,right
197,3035,2354,1248,718,438,"Lateral reticular nucleus, magnocellular part",right
197,1185,2997,1302,301,613,Pyramus (VIII),left
197,2018,2366,1269,479,457,External cuneate nucleus,right
197,2974,2189,1246,700,405,"Lateral reticular nucleus, magnocellular part",right
197,3002,2216,1246,707,409,"Lateral reticular nucleus, magnocellular part",right
197,3052,2449,1250,721,458,"Lateral reticular nucleus, magnocellular part",right
197,3057,3230,1251,731,652,Inferior olivary complex,left
197,3056,3286,1251,732,665,Medulla,left
197,3059,3206,1251,732,646,Inferior olivary complex,left
197,3062,2413,1249,724,450,"Lateral reticular nucleus, magnocellular part",right
197,1481,3055,1290,366,623,Pyramus (VIII),left
197,2937,2142,1246,690,396,"Lateral reticular nucleus, magnocellular part",right
197,3072,3201,1251,734,644,Inferior olivary complex,left
198,2990,2355,1248,706,440,"Lateral reticular nucleus, magnocellular part",right
198,2959,2257,1247,697,421,"Lateral reticular nucleus, magnocellular part",right
198,2964,2287,1247,698,427,"Lateral reticular nucleus, magnocellular part",right
198,1225,2993,1298,312,612,Pyramus (VIII),left
198,1338,2352,1307,337,455,Copula pyramidis,right
198,2963,2208,1246,698,411,"Lateral reticular nucleus, magnocellular part",right
198,2990,2392,1249,706,448,"Lateral reticular nucleus, magnocellular part",right
198,3000,3153,1252,717,634,Inferior olivary complex,left
198,3020,3148,1252,722,633,Inferior olivary complex,left
198,3050,2269,1245,721,418,"Lateral reticular nucleus, magnocellular part",right
198,3072,2336,1246,727,432,"Lateral reticular nucleus, magnocellular part",right
198,2013,2346,1270,478,453,External cuneate nucleus,right
198,2966,2223,1246,698,414,"Lateral reticular nucleus, magnocellular part",right
198,2977,2204,1246,700,409,"Lateral reticular nucleus, magnocellular part",right
198,3008,2352,1248,711,438,"Lateral reticular nucleus, magnocellular part",right
198,3012,3360,1251,722,682,"Lateral reticular nucleus, magnocellular part",left
198,3041,2473,1250,718,464,"Lateral reticular nucleus, magnocellular part",right
199,1196,2995,1300,304,613,Pyramus (VIII),left
199,2982,2153,1244,702,397,"Lateral reticular nucleus, magnocellular part",right
199,2953,3124,1252,706,627,Medulla,left
199,2957,2178,1245,695,405,"Lateral reticular nucleus, magnocellular part",right
199,2961,2593,1250,696,492,Medulla,right
199,2997,2287,1246,706,425,"Lateral reticular nucleus, magnocellular part",right
200,1187,2996,1301,301,613,Pyramus (VIII),left
200,2013,2324,1270,477,449,External cuneate nucleus,right
200,3068,3173,1249,734,638,Inferior olivary complex,left
201,1212,2993,1299,308,613,Pyramus (VIII),left
201,1665,2035,1298,424,381,Copula pyramidis,right
201,2012,2315,1271,476,447,External cuneate nucleus,right
201,2345,1847,1259,550,332,Medulla,right
201,1340,2373,1305,336,461,Pyramus (VIII),right
201,2941,2172,1245,691,403,"Lateral reticular nucleus, magnocellular part",right
201,3116,2362,1243,739,435,Medulla,right
203,1423,2859,1289,353,576,Pyramus (VIII),left
203,1451,2309,1300,364,447,Copula pyramidis,right
204,1247,2988,1295,316,611,Pyramus (VIII),left
204,2867,2897,1250,681,568,Inferior olivary complex,right
204,2865,2946,1250,682,581,Inferior olivary complex,left
204,2978,2034,1242,704,369,Medulla,right
206,2050,2194,1270,483,421,External cuneate nucleus,right
206,1196,2994,1298,304,613,Pyramus (VIII),left
206,1182,2772,1297,300,556,Pyramus (VIII),right
206,1227,2840,1294,312,573,Pyramus (VIII),left
206,1456,2900,1288,359,586,Pyramus (VIII),left
206,2009,2294,1269,476,442,External cuneate nucleus,right
202,2089,2106,1270,493,401,Medulla,right
202,2937,2179,1244,690,406,"Lateral reticular nucleus, magnocellular part",right
202,1698,2231,1289,424,427,Copula pyramidis,right
202,2012,2336,1269,477,451,External cuneate nucleus,right
202,2486,1773,1254,586,316,Medulla,right
205,2886,2874,1250,686,562,Inferior olivary complex,right
207,1286,3066,1294,325,629,Pyramus (VIII),left
208,3048,2436,1245,721,456,"Lateral reticular nucleus, magnocellular part",right
209,2916,3328,1247,698,672,"Lateral reticular nucleus, magnocellular part",left
209,2986,3341,1247,715,676,"Lateral reticular nucleus, magnocellular part",left
209,3005,3116,1248,717,624,Inferior olivary complex,left
209,3006,3146,1248,717,631,Inferior olivary complex,left
209,3010,2489,1246,710,469,"Lateral reticular nucleus, magnocellular part",right
209,3011,3086,1248,719,617,Medulla,left
209,3024,3159,1247,722,635,Inferior olivary complex,left
209,3031,3104,1247,723,622,Medulla,left
209,3031,3267,1247,724,659,Medulla,left
209,3047,2478,1245,719,466,"Lateral reticular nucleus, magnocellular part",right
209,3059,2428,1244,723,455,"Lateral reticular nucleus, magnocellular part",right
209,3070,3292,1245,735,666,Medulla,left
209,3084,2432,1243,730,454,"Lateral reticular nucleus, magnocellular part",right
209,1631,2191,1291,409,418,Copula pyramidis,right
209,2075,2322,1264,487,448,External cuneate nucleus,right
209,2933,2094,1241,691,386,"Lateral reticular nucleus, magnocellular part",right
209,2934,2187,1242,689,408,"Lateral reticular nucleus, magnocellular part",right
209,2940,3363,1247,705,681,"Lateral reticular nucleus, magnocellular part",left
209,2946,3589,1244,710,738,"Lateral reticular nucleus, magnocellular part",left
209,2952,3557,1244,711,729,"Lateral reticular nucleus, magnocellular part",left
209,2966,3361,1247,710,680,"Lateral reticular nucleus, magnocellular part",left
209,2983,2184,1241,702,405,"Lateral reticular nucleus, magnocellular part",right
209,3023,3253,1247,723,657,Medulla,left
209,3058,3226,1245,731,650,Inferior olivary complex,left
209,3067,2306,1241,725,426,"Lateral reticular nucleus, magnocellular part",right
209,3068,2422,1244,726,452,"Lateral reticular nucleus, magnocellular part",right
209,3072,3224,1245,734,650,Inferior olivary complex,left
209,3073,2383,1243,728,444,"Lateral reticular nucleus, magnocellular part",right
210,2969,2473,1245,700,467,"Lateral reticular nucleus, magnocellular part",right
210,2978,2159,1240,701,399,"Lateral reticular nucleus, magnocellular part",right
210,2985,3099,1247,712,621,Inferior olivary complex,left
210,2987,3381,1246,715,685,"Lateral reticular nucleus, magnocellular part",left
210,2989,2170,1240,704,401,"Lateral reticular nucleus, magnocellular part",right
210,3009,2315,1243,710,432,"Lateral reticular nucleus, magnocellular part",right
210,3022,2465,1245,712,464,"Lateral reticular nucleus, magnocellular part",right
210,3048,3347,1244,731,678,Medulla,left
210,3059,3197,1244,731,643,Inferior olivary complex,left
210,3071,3183,1244,733,641,Inferior olivary complex,left
210,3083,2414,1242,730,450,"Lateral reticular nucleus, magnocellular part",right
210,3098,2362,1240,734,437,Medulla,right
210,2978,3114,1247,711,624,Inferior olivary complex,left
210,3003,2266,1242,708,422,"Lateral reticular nucleus, magnocellular part",right
210,3014,3099,1246,720,620,Medulla,left
210,3014,3426,1245,724,698,"Lateral reticular nucleus, magnocellular part",left
210,3017,3126,1246,720,626,Inferior olivary complex,left
210,3018,3158,1246,721,635,Inferior olivary complex,left
210,3052,3212,1245,728,646,Inferior olivary complex,left
210,3052,3264,1245,729,659,Medulla,left
210,3057,3187,1245,730,641,Inferior olivary complex,left
210,3077,3205,1244,735,645,Inferior olivary complex,left
210,2948,2103,1240,694,388,"Lateral reticular nucleus, magnocellular part",right
210,3066,2420,1243,725,452,"Lateral reticular nucleus, magnocellular part",right
211,2979,2141,1239,701,395,"Lateral reticular nucleus, magnocellular part",right
211,3007,2459,1244,709,463,"Lateral reticular nucleus, magnocellular part",right
211,3061,3244,1243,731,655,Medulla,left
211,2857,2918,1246,679,575,Inferior olivary complex,left
211,2938,2124,1240,691,394,"Lateral reticular nucleus, magnocellular part",right
211,2942,2261,1241,691,424,"Lateral reticular nucleus, magnocellular part",right
211,2970,2421,1244,700,456,"Lateral reticular nucleus, magnocellular part",right
211,2991,2189,1240,703,406,"Lateral reticular nucleus, magnocellular part",right
211,3007,3107,1246,717,622,Inferior olivary complex,left
211,1441,2925,1287,356,592,Pyramus (VIII),left
211,2944,2091,1240,693,385,Medulla,right
211,3006,2178,1239,708,403,"Lateral reticular nucleus, magnocellular part",right
211,3043,3239,1244,727,653,Medulla,left
211,3055,3255,1244,730,657,Medulla,left
211,3063,3260,1243,733,658,Medulla,left
212,2987,2141,1239,703,395,"Lateral reticular nucleus, magnocellular part",right
212,3035,2309,1241,716,430,"Lateral reticular nucleus, magnocellular part",right
212,2982,2229,1241,701,416,"Lateral reticular nucleus, magnocellular part",right
212,2998,2181,1239,706,403,"Lateral reticular nucleus, magnocellular part",right
212,3012,2345,1242,710,439,"Lateral reticular nucleus, magnocellular part",right
212,3063,3207,1243,732,645,Inferior olivary complex,left
212,2871,2895,1246,682,568,Inferior olivary complex,right
212,2955,2183,1240,694,407,"Lateral reticular nucleus, magnocellular part",right
212,2998,2134,1239,707,392,rubrospinal tract,right
212,3012,3375,1245,721,685,"Lateral reticular nucleus, magnocellular part",left
212,3016,2168,1239,710,400,rubrospinal tract,right
212,3070,3267,1243,734,659,Medulla,left
212,3077,3275,1243,736,662,Medulla,left
212,2991,3142,1246,713,630,Medulla,left
212,3043,3358,1244,730,682,"Lateral reticular nucleus, magnocellular part",left
213,3040,3204,1244,726,645,Inferior olivary complex,left
213,2933,2084,1240,691,384,Medulla,right
213,2996,2366,1243,706,444,"Lateral reticular nucleus, magnocellular part",right
213,3000,2477,1245,707,467,"Lateral reticular nucleus, magnocellular part",right
213,3002,2282,1241,707,425,"Lateral reticular nucleus, magnocellular part",right
213,3064,2416,1242,725,452,"Lateral reticular nucleus, magnocellular part",right
213,1399,2350,1299,351,457,Copula pyramidis,right
213,2979,2130,1239,702,392,"Lateral reticular nucleus, magnocellular part",right
213,2978,3399,1245,715,690,"Lateral reticular nucleus, magnocellular part",left
213,2996,3350,1245,717,678,"Lateral reticular nucleus, magnocellular part",left
213,3012,3132,1246,718,628,Inferior olivary complex,left
213,3021,3340,1245,723,677,"Lateral reticular nucleus, magnocellular part",left
213,3034,2411,1243,717,452,"Lateral reticular nucleus, magnocellular part",right
213,3050,2433,1243,720,457,"Lateral reticular nucleus, magnocellular part",right
213,2931,2260,1241,688,425,Intermediate reticular nucleus,right
213,2948,2173,1240,693,405,"Lateral reticular nucleus, magnocellular part",right
213,2956,2373,1243,696,447,"Lateral reticular nucleus, magnocellular part",right
213,2956,2168,1240,694,403,"Lateral reticular nucleus, magnocellular part",right
213,2999,2466,1244,707,465,"Lateral reticular nucleus, magnocellular part",right
213,2999,3133,1246,716,629,Inferior olivary complex,left
216,3070,3201,1241,733,644,Inferior olivary complex,left
216,2234,1912,1258,524,349,Medulla,right
216,2864,2908,1244,681,572,Inferior olivary complex,left
216,2999,2439,1242,707,460,"Lateral reticular nucleus, magnocellular part",right
216,3072,3191,1241,733,642,Inferior olivary complex,left
216,2930,2343,1241,690,443,"Lateral reticular nucleus, magnocellular part",right
216,2991,2416,1242,705,455,"Lateral reticular nucleus, magnocellular part",right
216,3006,2445,1242,709,461,"Lateral reticular nucleus, magnocellular part",right
216,3060,3161,1242,730,634,Inferior olivary complex,left
214,3019,2377,1242,713,445,"Lateral reticular nucleus, magnocellular part",right
214,3022,3133,1244,720,629,Inferior olivary complex,left
214,2936,2312,1241,690,435,Intermediate reticular nucleus,right
214,3080,2345,1239,728,435,"Lateral reticular nucleus, magnocellular part",right
214,3058,3236,1243,731,652,Medulla,left
215,1879,1895,1277,469,357,Copula pyramidis,right
215,1449,2263,1297,364,437,Copula pyramidis,right
217,2049,2182,1266,482,418,External cuneate nucleus,right
217,2954,2445,1242,696,462,"Lateral reticular nucleus, magnocellular part",right
217,2931,2104,1238,689,390,"Lateral reticular nucleus, magnocellular part",right
217,2941,2218,1239,690,416,"Lateral reticular nucleus, magnocellular part",right
217,2975,2150,1238,700,398,"Lateral reticular nucleus, magnocellular part",right
217,2974,2179,1238,699,405,"Lateral reticular nucleus, magnocellular part",right
217,2976,2463,1243,701,466,"Lateral reticular nucleus, magnocellular part",right
217,2976,2478,1243,701,469,"Lateral reticular nucleus, magnocellular part",right
217,3051,3173,1242,728,638,Inferior olivary complex,left
217,3056,3188,1242,729,642,Inferior olivary complex,left
217,3056,2450,1241,721,460,"Lateral reticular nucleus, magnocellular part",right
217,3074,3216,1241,734,648,Inferior olivary complex,left
217,1433,3125,1287,357,640,Pyramus (VIII),left
217,1494,2291,1294,373,443,Copula pyramidis,right
217,1756,2460,1281,426,478,Uvula (IX),right
217,2943,3344,1244,705,676,"Lateral reticular nucleus, magnocellular part",left
217,2950,3329,1244,706,673,"Lateral reticular nucleus, magnocellular part",left
217,2957,2150,1238,694,399,"Lateral reticular nucleus, magnocellular part",right
217,3069,2441,1241,725,457,"Lateral reticular nucleus, magnocellular part",right
217,3084,3207,1240,737,645,Medulla,left
218,3026,2452,1241,713,461,"Lateral reticular nucleus, magnocellular part",right
218,3037,2406,1240,716,451,"Lateral reticular nucleus, magnocellular part",right
218,3000,2432,1241,707,458,"Lateral reticular nucleus, magnocellular part",right
218,3003,2457,1242,708,463,"Lateral reticular nucleus, magnocellular part",right
218,3053,2437,1240,721,457,"Lateral reticular nucleus, magnocellular part",right
218,3070,3183,1240,733,640,Inferior olivary complex,left
218,3082,2426,1239,728,454,"Lateral reticular nucleus, magnocellular part",right
218,3082,3205,1240,735,645,Inferior olivary complex,left
218,3060,3178,1241,730,639,Inferior olivary complex,left
218,3105,2300,1235,735,424,ventral spinocerebellar tract,right
220,2996,2360,1240,706,444,"Lateral reticular nucleus, magnocellular part",right
220,2946,2407,1240,694,455,"Lateral reticular nucleus, magnocellular part",right
220,3038,2378,1239,718,446,"Lateral reticular nucleus, magnocellular part",right
220,1501,2377,1291,371,463,Pyramus (VIII),right
220,2976,2151,1236,699,398,"Lateral reticular nucleus, magnocellular part",right
220,3051,3182,1240,727,639,Inferior olivary complex,left
220,3071,3192,1239,733,641,Inferior olivary complex,left
219,1806,2460,1277,437,477,Uvula (IX),right
219,1947,1836,1272,482,343,Copula pyramidis,right
219,2870,2944,1242,683,582,Inferior olivary complex,left
219,3093,2330,1235,732,432,Medulla,right
219,2972,2397,1240,700,452,"Lateral reticular nucleus, magnocellular part",right
219,3014,2349,1239,711,440,"Lateral reticular nucleus, magnocellular part",right
219,3081,2445,1239,727,458,"Lateral reticular nucleus, magnocellular part",right
221,2038,2184,1264,479,419,External cuneate nucleus,right
221,1795,3230,1276,440,659,Uvula (IX),left
221,2871,2926,1242,682,576,Inferior olivary complex,left
221,2993,2434,1241,706,459,"Lateral reticular nucleus, magnocellular part",right
222,2990,2174,1236,703,403,"Lateral reticular nucleus, magnocellular part",right
222,3074,3179,1238,733,639,Inferior olivary complex,left
222,2222,1917,1256,520,351,Medulla,right
223,3036,2376,1237,716,445,"Lateral reticular nucleus, magnocellular part",right
224,2935,3367,1240,703,680,"Lateral reticular nucleus, magnocellular part",left
224,2968,2258,1237,698,424,"Lateral reticular nucleus, magnocellular part",right
225,2954,2214,1236,693,415,"Lateral reticular nucleus, magnocellular part",right
225,2954,2179,1236,693,407,"Lateral reticular nucleus, magnocellular part",right
225,2965,2350,1238,698,443,"Lateral reticular nucleus, magnocellular part",right
225,2987,2151,1234,702,398,"Lateral reticular nucleus, magnocellular part",right
225,2991,3341,1240,715,675,"Lateral reticular nucleus, magnocellular part",left
225,2991,3358,1240,715,680,"Lateral reticular nucleus, magnocellular part",left
225,3002,2147,1234,706,396,"Lateral reticular nucleus, magnocellular part",right
225,3027,2439,1239,713,460,"Lateral reticular nucleus, magnocellular part",right
225,3030,2468,1239,714,466,"Lateral reticular nucleus, magnocellular part",right
225,3045,3354,1238,729,680,"Lateral reticular nucleus, magnocellular part",left
225,3061,3182,1238,730,639,Inferior olivary complex,left
225,3069,3210,1237,732,646,Inferior olivary complex,left
225,2901,3449,1239,696,700,"Lateral reticular nucleus, magnocellular part",left
225,2941,3339,1241,703,674,"Lateral reticular nucleus, magnocellular part",left
225,2948,2285,1237,693,430,"Lateral reticular nucleus, magnocellular part",right
225,2953,2144,1235,694,399,"Lateral reticular nucleus, magnocellular part",right
225,2957,3339,1241,707,675,"Lateral reticular nucleus, magnocellular part",left
225,2965,2328,1238,698,439,"Lateral reticular nucleus, magnocellular part",right
225,2983,3368,1240,714,682,"Lateral reticular nucleus, magnocellular part",left
225,2987,2200,1235,701,410,"Lateral reticular nucleus, magnocellular part",right
225,2992,2401,1239,705,453,"Lateral reticular nucleus, magnocellular part",right
225,2995,2128,1234,705,393,Medulla,right
225,3004,2423,1239,708,457,"Lateral reticular nucleus, magnocellular part",right
225,3004,2351,1238,708,441,"Lateral reticular nucleus, magnocellular part",right
225,3009,2401,1238,710,452,"Lateral reticular nucleus, magnocellular part",right
225,3014,3128,1240,718,627,Inferior olivary complex,left
225,3016,3421,1238,723,696,"Lateral reticular nucleus, magnocellular part",left
225,3028,3195,1239,722,642,Medulla,left
225,3030,3158,1239,722,634,Inferior olivary complex,left
225,3029,3359,1239,725,681,"Lateral reticular nucleus, magnocellular part",left
225,3032,3363,1239,725,682,"Lateral reticular nucleus, magnocellular part",left
225,3048,3180,1238,727,639,Inferior olivary complex,left
225,3050,3202,1238,727,644,Inferior olivary complex,left
225,3067,3220,1238,731,648,Inferior olivary complex,left
225,3068,3146,1237,732,631,Medulla,left
228,2962,2300,1236,696,433,"Lateral reticular nucleus, magnocellular part",right
228,1307,2471,1291,324,484,Pyramus (VIII),right
228,1624,2174,1284,405,415,Copula pyramidis,right
228,1671,2131,1282,417,405,Copula pyramidis,right
228,2967,2322,1236,697,437,"Lateral reticular nucleus, magnocellular part",right
228,2977,2168,1233,698,404,"Lateral reticular nucleus, magnocellular part",right
228,2993,2345,1236,705,441,"Lateral reticular nucleus, magnocellular part",right
228,3048,3181,1237,727,639,Inferior olivary complex,left
228,3055,3166,1236,728,635,Inferior olivary complex,left
228,3056,3186,1236,728,640,Inferior olivary complex,left
228,3064,2424,1236,723,455,"Lateral reticular nucleus, magnocellular part",right
228,2910,2176,1234,682,408,"Lateral reticular nucleus, magnocellular part",right
228,2937,2296,1236,689,433,Intermediate reticular nucleus,right
228,2978,3439,1237,714,699,"Lateral reticular nucleus, magnocellular part",left
228,3020,3426,1236,724,697,"Lateral reticular nucleus, magnocellular part",left
226,2954,2189,1235,693,409,"Lateral reticular nucleus, magnocellular part",right
226,2965,2431,1238,698,460,"Lateral reticular nucleus, magnocellular part",right
226,2983,2134,1233,702,395,"Lateral reticular nucleus, magnocellular part",right
226,2985,2337,1237,703,439,"Lateral reticular nucleus, magnocellular part",right
226,2987,3377,1239,714,683,"Lateral reticular nucleus, magnocellular part",left
226,3006,3409,1238,720,693,"Lateral reticular nucleus, magnocellular part",left
226,3014,3091,1239,718,618,Inferior olivary complex,left
226,3066,3200,1237,731,644,Inferior olivary complex,left
226,2920,2194,1235,685,412,"Lateral reticular nucleus, magnocellular part",right
226,2929,2098,1234,688,389,"Lateral reticular nucleus, magnocellular part",right
226,2930,2415,1238,690,458,"Lateral reticular nucleus, magnocellular part",right
226,2938,2084,1234,691,385,"Lateral reticular nucleus, magnocellular part",right
226,2939,2155,1235,690,402,"Lateral reticular nucleus, magnocellular part",right
226,2940,2171,1235,690,405,"Lateral reticular nucleus, magnocellular part",right
226,3001,2347,1237,707,441,"Lateral reticular nucleus, magnocellular part",right
226,3004,2444,1238,708,462,"Lateral reticular nucleus, magnocellular part",right
226,3035,2447,1238,716,461,"Lateral reticular nucleus, magnocellular part",right
226,3039,3204,1238,725,645,Medulla,left
226,3082,3191,1236,734,641,Inferior olivary complex,left
226,3093,2430,1235,731,455,Medulla,right
226,1455,3089,1283,359,632,Pyramus (VIII),left
226,1476,2315,1291,367,450,Copula pyramidis,right
226,2965,2238,1236,696,420,"Lateral reticular nucleus, magnocellular part",right
226,3001,2422,1238,707,457,"Lateral reticular nucleus, magnocellular part",right
226,3003,2429,1238,708,458,"Lateral reticular nucleus, magnocellular part",right
226,3046,2413,1237,718,454,"Lateral reticular nucleus, magnocellular part",right
226,3052,2452,1237,719,461,"Lateral reticular nucleus, magnocellular part",right
227,2957,2168,1234,693,405,"Lateral reticular nucleus, magnocellular part",right
227,3074,3182,1235,733,639,Inferior olivary complex,left
227,2875,3332,1238,688,671,"Lateral reticular nucleus, magnocellular part",left
227,2879,3628,1236,694,743,"Lateral reticular nucleus, magnocellular part",left
227,2906,2162,1234,681,405,"Lateral reticular nucleus, magnocellular part",right
227,2918,3311,1239,698,667,"Lateral reticular nucleus, magnocellular part",left
227,2923,3606,1235,704,739,"Lateral reticular nucleus, magnocellular part",left
227,3033,3172,1237,723,636,Inferior olivary complex,left
227,3050,3395,1236,731,690,"Lateral reticular nucleus, magnocellular part",left
227,2287,1902,1250,534,345,Medulla,right
227,3063,3297,1236,732,666,Medulla,left
229,1253,2860,1287,319,579,Pyramus (VIII),left
229,3025,2329,1235,713,437,"Lateral reticular nucleus, magnocellular part",right
229,2908,2519,1237,684,479,"Lateral reticular nucleus, magnocellular part",right
229,2926,2227,1235,686,419,"Lateral reticular nucleus, magnocellular part",right
229,2935,2435,1237,691,462,"Lateral reticular nucleus, magnocellular part",right
229,2947,3484,1237,707,710,"Lateral reticular nucleus, magnocellular part",left
229,2959,2177,1234,695,406,"Lateral reticular nucleus, magnocellular part",right
229,2985,2155,1233,701,400,"Lateral reticular nucleus, magnocellular part",right
229,3013,3410,1237,722,693,"Lateral reticular nucleus, magnocellular part",left
230,2933,2466,1236,691,468,"Lateral reticular nucleus, magnocellular part",right
230,2935,2272,1235,689,428,Intermediate reticular nucleus,right
230,2979,2394,1236,702,452,"Lateral reticular nucleus, magnocellular part",right
230,1648,2129,1282,412,405,Copula pyramidis,right
230,1662,2278,1281,409,440,Copula pyramidis,right
230,2202,1933,1253,516,357,Medulla,right
230,3036,3376,1236,726,684,"Lateral reticular nucleus, magnocellular part",left
230,2104,2907,1254,500,579,Area postrema,left
230,2897,3531,1235,696,719,"Lateral reticular nucleus, magnocellular part",left
230,2936,2159,1233,688,404,"Lateral reticular nucleus, magnocellular part",right
230,2975,3434,1236,713,698,"Lateral reticular nucleus, magnocellular part",left
230,3000,2360,1235,706,444,"Lateral reticular nucleus, magnocellular part",right
232,3045,2410,1234,718,453,"Lateral reticular nucleus, magnocellular part",right
232,2988,3353,1236,715,678,"Lateral reticular nucleus, magnocellular part",left
232,3045,3189,1235,725,641,Inferior olivary complex,left
232,1518,3471,1285,388,718,Copula pyramidis,left
232,1606,3353,1279,401,690,Copula pyramidis,left
232,3066,3188,1234,730,641,Inferior olivary complex,left
232,3080,3176,1233,734,638,Inferior olivary complex,left
231,1782,3235,1273,436,660,Uvula (IX),left
231,1483,2269,1288,370,439,Copula pyramidis,right
231,1722,2685,1276,415,530,Uvula (IX),right
233,1886,1940,1268,464,367,Copula pyramidis,right
233,2228,1899,1251,523,347,Medulla,right
233,2867,3284,1237,685,660,"Lateral reticular nucleus, magnocellular part",left
233,2900,3534,1235,697,721,"Lateral reticular nucleus, magnocellular part",left
233,2906,2454,1235,684,467,"Lateral reticular nucleus, magnocellular part",right
233,2913,2259,1234,684,427,Intermediate reticular nucleus,right
233,2944,2171,1232,690,406,"Lateral reticular nucleus, magnocellular part",right
233,2951,2433,1236,695,462,"Lateral reticular nucleus, magnocellular part",right
233,2960,2147,1232,695,399,"Lateral reticular nucleus, magnocellular part",right
233,2977,2362,1235,700,445,"Lateral reticular nucleus, magnocellular part",right
233,3000,2271,1233,705,425,"Lateral reticular nucleus, magnocellular part",right
233,3006,2454,1236,708,464,"Lateral reticular nucleus, magnocellular part",right
233,3053,2406,1234,720,452,"Lateral reticular nucleus, magnocellular part",right
233,2877,3285,1237,687,661,"Lateral reticular nucleus, magnocellular part",left
233,2887,3103,1237,687,621,Medulla,left
233,2918,3113,1238,695,623,Medulla,left
233,2924,2091,1232,687,388,"Lateral reticular nucleus, magnocellular part",right
233,2955,2421,1235,696,458,"Lateral reticular nucleus, magnocellular part",right
233,2960,2379,1235,697,450,"Lateral reticular nucleus, magnocellular part",right
233,2961,3507,1234,711,715,"Lateral reticular nucleus, magnocellular part",left
233,2966,2134,1231,696,396,"Lateral reticular nucleus, magnocellular part",right
233,2972,3346,1237,710,676,"Lateral reticular nucleus, magnocellular part",left
233,2989,2235,1233,702,418,"Lateral reticular nucleus, magnocellular part",right
233,3027,2418,1235,713,456,"Lateral reticular nucleus, magnocellular part",right
233,3048,3171,1235,726,636,Inferior olivary complex,left
233,3055,3149,1234,727,632,Inferior olivary complex,left
233,3060,3163,1234,729,635,Inferior olivary complex,left
233,3067,3171,1234,730,636,Inferior olivary complex,left
233,3078,3174,1233,734,638,Inferior olivary complex,left
233,3083,3183,1233,735,640,Inferior olivary complex,left
236,2977,2372,1233,700,448,"Lateral reticular nucleus, magnocellular part",right
236,3040,2426,1233,716,457,"Lateral reticular nucleus, magnocellular part",right
236,3046,2395,1232,718,450,"Lateral reticular nucleus, magnocellular part",right
236,3052,2417,1232,719,455,"Lateral reticular nucleus, magnocellular part",right
236,3061,2385,1232,721,448,"Lateral reticular nucleus, magnocellular part",right
236,2961,2390,1234,697,453,"Lateral reticular nucleus, magnocellular part",right
236,2979,2152,1230,699,399,"Lateral reticular nucleus, magnocellular part",right
236,2991,2165,1230,702,402,"Lateral reticular nucleus, magnocellular part",right
236,1502,2327,1286,371,453,Copula pyramidis,right
236,2872,2483,1232,675,474,"Lateral reticular nucleus, magnocellular part",right
236,2924,2509,1234,688,478,"Lateral reticular nucleus, magnocellular part",right
236,2957,2230,1231,693,419,"Lateral reticular nucleus, magnocellular part",right
236,2970,2180,1230,696,407,"Lateral reticular nucleus, magnocellular part",right
236,2976,2236,1231,698,419,"Lateral reticular nucleus, magnocellular part",right
236,2981,2134,1229,700,396,"Lateral reticular nucleus, magnocellular part",right
236,3006,2426,1234,708,458,"Lateral reticular nucleus, magnocellular part",right
236,3086,3180,1231,735,639,Inferior olivary complex,left
236,3089,3171,1231,736,636,Medulla,left
236,3028,2435,1233,714,460,"Lateral reticular nucleus, magnocellular part",right
236,3030,2344,1232,713,440,"Lateral reticular nucleus, magnocellular part",right
236,3048,3148,1233,726,631,Inferior olivary complex,left
236,3074,3197,1232,732,642,Inferior olivary complex,left
234,2920,2187,1232,684,410,"Lateral reticular nucleus, magnocellular part",right
234,2928,2494,1235,689,475,"Lateral reticular nucleus, magnocellular part",right
234,2946,2110,1231,691,392,"Lateral reticular nucleus, magnocellular part",right
234,2954,2503,1235,695,476,"Lateral reticular nucleus, magnocellular part",right
234,2982,2346,1234,701,442,"Lateral reticular nucleus, magnocellular part",right
234,3058,2329,1231,721,435,"Lateral reticular nucleus, magnocellular part",right
234,2963,2222,1232,695,416,"Lateral reticular nucleus, magnocellular part",right
234,3015,2428,1234,710,459,"Lateral reticular nucleus, magnocellular part",right
234,3027,2368,1233,713,446,"Lateral reticular nucleus, magnocellular part",right
234,3072,3213,1233,732,647,Inferior olivary complex,left
234,1468,2363,1287,364,462,arbor vitae,right
234,2943,3129,1237,701,627,Medulla,left
234,2972,2242,1232,697,420,"Lateral reticular nucleus, magnocellular part",right
234,3076,3173,1232,732,637,Inferior olivary complex,left
235,2953,2130,1230,693,396,"Lateral reticular nucleus, magnocellular part",right
235,2962,2472,1234,697,469,"Lateral reticular nucleus, magnocellular part",right
235,2973,2206,1231,698,412,"Lateral reticular nucleus, magnocellular part",right
235,2978,2247,1231,699,421,"Lateral reticular nucleus, magnocellular part",right
235,3021,2406,1233,711,454,"Lateral reticular nucleus, magnocellular part",right
235,3064,3183,1232,730,640,Inferior olivary complex,left
235,3064,2470,1233,722,466,Medulla,right
235,2953,2139,1230,693,398,"Lateral reticular nucleus, magnocellular part",right
235,3003,2357,1233,707,444,"Lateral reticular nucleus, magnocellular part",right
235,3054,3179,1233,727,639,Inferior olivary complex,left
235,3069,3144,1232,731,630,Medulla,left
235,3077,3160,1231,732,634,Inferior olivary complex,left
235,2931,2106,1230,688,391,"Lateral reticular nucleus, magnocellular part",right
237,2955,2244,1232,693,422,"Lateral reticular nucleus, magnocellular part",right
237,3068,2420,1232,724,455,"Lateral reticular nucleus, magnocellular part",right
237,2913,2161,1231,683,405,"Lateral reticular nucleus, magnocellular part",right
237,2955,2466,1234,695,468,"Lateral reticular nucleus, magnocellular part",right
237,3061,2349,1231,721,440,"Lateral reticular nucleus, magnocellular part",right
237,3075,3167,1231,732,635,Inferior olivary complex,left
237,2919,3345,1235,698,674,"Lateral reticular nucleus, magnocellular part",left
237,1408,2375,1288,350,464,Pyramus (VIII),right
237,3026,2429,1233,713,459,"Lateral reticular nucleus, magnocellular part",right
239,3013,2438,1232,710,462,"Lateral reticular nucleus, magnocellular part",right
239,2943,2242,1230,690,422,"Lateral reticular nucleus, magnocellular part",right
239,3008,2453,1232,708,465,"Lateral reticular nucleus, magnocellular part",right
239,2950,2257,1230,692,425,"Lateral reticular nucleus, magnocellular part",right
239,3070,2435,1230,723,459,"Lateral reticular nucleus, magnocellular part",right
239,3072,3189,1230,731,641,Inferior olivary complex,left
239,1412,2885,1280,348,584,Pyramus (VIII),left
239,3002,2422,1232,706,458,"Lateral reticular nucleus, magnocellular part",right
238,2900,2197,1231,679,413,"Lateral reticular nucleus, magnocellular part",right
238,3034,2393,1232,715,451,"Lateral reticular nucleus, magnocellular part",right
238,2940,2141,1230,689,399,"Lateral reticular nucleus, magnocellular part",right
238,2955,2221,1230,692,417,"Lateral reticular nucleus, magnocellular part",right
238,2974,2193,1230,697,410,"Lateral reticular nucleus, magnocellular part",right
238,3083,3177,1230,734,637,Inferior olivary complex,left
238,1414,2408,1286,351,472,Pyramus (VIII),right
238,2991,2151,1228,702,399,"Lateral reticular nucleus, magnocellular part",right
240,2934,2467,1232,691,469,"Lateral reticular nucleus, magnocellular part",right
240,2014,1831,1258,490,342,Copula pyramidis,right
240,2949,2449,1232,694,465,"Lateral reticular nucleus, magnocellular part",right
241,2963,2140,1228,695,398,"Lateral reticular nucleus, magnocellular part",right
241,3051,3176,1231,726,637,Inferior olivary complex,left
241,3089,3186,1229,736,640,Medulla,left
241,2147,2278,1248,499,439,Medulla,right
241,2904,3588,1231,698,734,"Lateral reticular nucleus, magnocellular part",left
241,2937,3128,1234,698,626,Medulla,left
241,2952,3134,1234,702,628,Medulla,left
241,2953,3340,1234,706,674,"Lateral reticular nucleus, magnocellular part",left
241,2952,3463,1232,707,704,"Lateral reticular nucleus, magnocellular part",left
241,2956,2357,1231,695,446,"Lateral reticular nucleus, magnocellular part",right
241,2958,3114,1234,704,623,Medulla,left
241,2962,2455,1232,697,466,"Lateral reticular nucleus, magnocellular part",right
241,3008,3382,1232,719,684,"Lateral reticular nucleus, magnocellular part",left
241,3029,3382,1231,724,685,"Lateral reticular nucleus, magnocellular part",left
241,3041,2319,1229,715,435,"Lateral reticular nucleus, magnocellular part",right
241,3054,3155,1231,727,632,Inferior olivary complex,left
241,3056,3297,1231,729,665,Medulla,left
241,3067,3324,1230,732,672,Medulla,left
241,3100,2377,1228,731,444,Medulla,right
241,3101,2400,1228,731,450,Medulla,right
241,1560,3899,1287,408,820,Paramedian lobule,left
241,1978,2005,1258,476,382,Copula pyramidis,right
241,2097,2327,1250,489,450,External cuneate nucleus,right
241,2892,3592,1231,695,733,"Lateral reticular nucleus, magnocellular part",left
241,2896,3612,1231,696,738,"Lateral reticular nucleus, magnocellular part",left
241,2921,2494,1232,687,475,"Lateral reticular nucleus, magnocellular part",right
241,2927,2460,1232,688,468,"Lateral reticular nucleus, magnocellular part",right
241,2963,3124,1234,705,625,Medulla,left
241,2966,3357,1233,708,677,"Lateral reticular nucleus, magnocellular part",left
241,2992,3377,1233,715,683,"Lateral reticular nucleus, magnocellular part",left
241,3002,3364,1233,717,681,"Lateral reticular nucleus, magnocellular part",left
241,3024,3390,1231,723,687,"Lateral reticular nucleus, magnocellular part",left
241,3037,2452,1232,715,463,"Lateral reticular nucleus, magnocellular part",right
241,3041,3178,1232,723,638,Inferior olivary complex,left
241,3050,3139,1231,725,629,Inferior olivary complex,left
241,3057,3141,1231,726,629,Inferior olivary complex,left
241,3065,3166,1230,729,635,Inferior olivary complex,left
241,3085,3317,1229,737,670,Medulla,left
242,3017,3268,1232,718,659,Medulla,left
242,3019,2368,1230,711,447,"Lateral reticular nucleus, magnocellular part",right
242,2210,1912,1247,518,351,Medulla,right
242,2924,2167,1228,685,406,"Lateral reticular nucleus, magnocellular part",right
242,2937,3114,1233,698,623,Medulla,left
242,2966,3156,1233,705,632,Medulla,left
242,2976,3175,1233,708,637,Medulla,left
242,3046,3281,1230,726,661,Medulla,left
242,3071,3260,1229,732,657,Medulla,left
242,1407,2381,1286,349,466,Pyramus (VIII),right
242,1654,2140,1276,410,408,Copula pyramidis,right
242,2940,3143,1233,699,630,Medulla,left
242,2942,3371,1232,703,680,"Lateral reticular nucleus, magnocellular part",left
242,2963,3347,1233,708,675,"Lateral reticular nucleus, magnocellular part",left
242,2964,3144,1233,705,630,Medulla,left
242,3021,2416,1231,711,456,"Lateral reticular nucleus, magnocellular part",right
244,3035,3369,1229,725,682,"Lateral reticular nucleus, magnocellular part",left
244,3082,3171,1228,733,636,Inferior olivary complex,left
244,3083,2426,1228,727,456,Medulla,right
244,2864,3618,1230,689,739,"Lateral reticular nucleus, magnocellular part",left
244,2866,3647,1230,689,744,"Lateral reticular nucleus, magnocellular part",left
244,3002,3424,1230,718,695,"Lateral reticular nucleus, magnocellular part",left
244,3044,3263,1230,725,658,Medulla,left
244,3079,3163,1228,732,635,Inferior olivary complex,left
244,1379,2352,1287,343,459,Pyramus (VIII),right
244,1415,2824,1279,349,568,Pyramus (VIII),right
244,3026,3257,1231,720,655,Medulla,left
244,3033,2386,1229,714,449,"Lateral reticular nucleus, magnocellular part",right
250,3061,3128,1226,726,626,Inferior olivary complex,left
250,2926,2160,1225,684,405,"Lateral reticular nucleus, magnocellular part",right
250,2935,2520,1228,690,481,"Lateral reticular nucleus, magnocellular part",right
250,2951,2378,1227,694,452,"Lateral reticular nucleus, magnocellular part",right
250,2965,2127,1224,695,395,"Lateral reticular nucleus, magnocellular part",right
250,2978,2157,1224,698,401,"Lateral reticular nucleus, magnocellular part",right
250,3000,2415,1227,705,458,"Lateral reticular nucleus, magnocellular part",right
250,3105,3331,1223,741,674,Medulla,left
250,2873,3391,1228,689,683,"Lateral reticular nucleus, magnocellular part",left
250,2897,3346,1229,692,673,"Lateral reticular nucleus, magnocellular part",left
250,2901,3555,1227,696,724,"Lateral reticular nucleus, magnocellular part",left
250,2967,3348,1229,708,676,"Lateral reticular nucleus, magnocellular part",left
250,2975,3208,1229,708,644,Medulla,left
250,2976,2223,1225,697,418,"Lateral reticular nucleus, magnocellular part",right
250,2976,2328,1227,698,441,"Lateral reticular nucleus, magnocellular part",right
250,2975,3146,1229,707,629,Medulla,left
250,2975,3431,1228,711,695,"Lateral reticular nucleus, magnocellular part",left
250,2993,3328,1228,714,672,"Lateral reticular nucleus, magnocellular part",left
250,2996,2246,1225,702,421,"Lateral reticular nucleus, magnocellular part",right
250,3001,3380,1228,716,684,"Lateral reticular nucleus, magnocellular part",left
250,3018,2289,1225,709,430,"Lateral reticular nucleus, magnocellular part",right
250,3032,3367,1227,723,681,"Lateral reticular nucleus, magnocellular part",left
250,3043,3443,1225,729,701,Medulla,left
250,3055,3155,1226,726,632,Inferior olivary complex,left
250,3069,3385,1225,733,687,Medulla,left
250,3072,2376,1225,722,446,"Lateral reticular nucleus, magnocellular part",right
250,1775,2974,1268,429,600,Uvula (IX),left
250,2911,2174,1225,681,409,"Lateral reticular nucleus, magnocellular part",right
250,2915,3554,1227,699,725,"Lateral reticular nucleus, magnocellular part",left
250,2923,2212,1226,684,416,"Lateral reticular nucleus, magnocellular part",right
250,2951,2103,1224,692,391,"Lateral reticular nucleus, magnocellular part",right
250,2960,3333,1229,706,672,"Lateral reticular nucleus, magnocellular part",left
250,3059,3218,1226,728,647,Inferior olivary complex,left
246,2896,2515,1229,681,480,"Lateral reticular nucleus, magnocellular part",right
246,1669,2163,1273,413,414,Copula pyramidis,right
246,3072,3166,1227,730,635,Inferior olivary complex,left
246,1425,2387,1284,352,467,Pyramus (VIII),right
243,2223,2435,1241,518,473,Parasolitary nucleus,right
243,2817,3567,1229,676,724,Intermediate reticular nucleus,left
243,2877,2912,1230,681,572,Inferior olivary complex,left
243,2933,2126,1227,688,396,"Lateral reticular nucleus, magnocellular part",right
243,2959,2402,1230,696,455,"Lateral reticular nucleus, magnocellular part",right
243,2980,2373,1230,701,449,"Lateral reticular nucleus, magnocellular part",right
243,3021,3136,1230,718,628,Inferior olivary complex,left
243,3033,3239,1230,723,652,Medulla,left
243,3046,3118,1229,723,624,Inferior olivary complex,left
243,3058,3154,1229,727,632,Inferior olivary complex,left
243,1653,2250,1275,407,434,Copula pyramidis,right
243,3011,3235,1231,717,650,Medulla,left
243,3073,3180,1228,731,638,Inferior olivary complex,left
245,3042,3139,1230,723,629,Inferior olivary complex,left
245,2979,2357,1230,701,445,"Lateral reticular nucleus, magnocellular part",right
245,3060,3177,1229,728,637,Inferior olivary complex,left
245,2940,2404,1230,692,457,"Lateral reticular nucleus, magnocellular part",right
245,3038,3107,1229,722,620,Inferior olivary complex,left
248,2881,2470,1227,678,471,"Lateral reticular nucleus, magnocellular part",right
248,2982,2371,1228,700,449,"Lateral reticular nucleus, magnocellular part",right
248,2948,3468,1228,706,705,"Lateral reticular nucleus, magnocellular part",left
248,3075,3141,1226,730,629,Medulla,left
248,2938,2431,1228,692,462,"Lateral reticular nucleus, magnocellular part",right
247,1389,2354,1285,345,461,Pyramus (VIII),right
249,2918,3338,1230,698,673,"Lateral reticular nucleus, magnocellular part",left
249,2821,3569,1228,677,726,"Lateral reticular nucleus, magnocellular part",left
249,2886,2856,1228,681,558,Inferior olivary complex,right
249,2915,3103,1230,693,620,Medulla,left
249,2922,3624,1227,702,742,"Lateral reticular nucleus, magnocellular part",left
249,2941,2432,1228,692,462,"Lateral reticular nucleus, magnocellular part",right
249,2946,3101,1230,700,619,Medulla,left
249,2946,2106,1225,691,391,"Lateral reticular nucleus, magnocellular part",right
249,2949,2362,1228,693,448,"Lateral reticular nucleus, magnocellular part",right
249,2947,3167,1230,700,634,Medulla,left
249,2952,2394,1228,694,455,"Lateral reticular nucleus, magnocellular part",right
249,2959,2477,1229,696,471,"Lateral reticular nucleus, magnocellular part",right
249,2961,2493,1229,696,475,"Lateral reticular nucleus, magnocellular part",right
249,2964,3126,1230,704,625,Medulla,left
249,2968,2406,1228,699,456,"Lateral reticular nucleus, magnocellular part",right
249,2975,3216,1230,708,645,Medulla,left
249,2980,3179,1230,709,637,Medulla,left
249,2986,2427,1229,702,460,"Lateral reticular nucleus, magnocellular part",right
249,2993,2455,1229,704,466,"Lateral reticular nucleus, magnocellular part",right
249,2999,3198,1230,713,642,Medulla,left
249,3066,3259,1227,730,657,Medulla,left
249,3066,3295,1227,730,665,Medulla,left
249,3070,3212,1226,730,645,Inferior olivary complex,left
249,3085,3155,1225,733,632,Medulla,left
249,2913,3089,1230,693,617,Medulla,left
249,2918,2179,1226,683,410,"Lateral reticular nucleus, magnocellular part",right
249,2923,3101,1230,695,619,Medulla,left
249,2929,2150,1226,686,402,"Lateral reticular nucleus, magnocellular part",right
249,2935,3124,1230,698,625,Medulla,left
249,2936,2107,1225,688,392,"Lateral reticular nucleus, magnocellular part",right
249,2937,2430,1228,690,462,"Lateral reticular nucleus, magnocellular part",right
249,2937,3401,1229,702,687,"Lateral reticular nucleus, magnocellular part",left
249,2940,3109,1230,699,621,Medulla,left
249,2952,2165,1226,691,405,"Lateral reticular nucleus, magnocellular part",right
249,2957,2116,1225,693,393,"Lateral reticular nucleus, magnocellular part",right
249,2961,2376,1228,696,450,"Lateral reticular nucleus, magnocellular part",right
249,2965,2154,1225,695,402,"Lateral reticular nucleus, magnocellular part",right
249,2974,3192,1230,708,640,Medulla,left
249,2974,2131,1224,698,396,"Lateral reticular nucleus, magnocellular part",right
249,2977,2469,1229,700,470,"Lateral reticular nucleus, magnocellular part",right
249,2992,3205,1230,711,643,Medulla,left
249,2993,2134,1224,703,396,"Lateral reticular nucleus, magnocellular part",right
249,3024,3221,1229,720,647,Medulla,left
249,3031,2402,1228,713,453,"Lateral reticular nucleus, magnocellular part",right
249,3035,3150,1228,721,631,Inferior olivary complex,left
249,3046,3164,1228,724,634,Inferior olivary complex,left
249,3048,3136,1227,724,627,Inferior olivary complex,left
249,3069,3224,1226,730,649,Inferior olivary complex,left
254,3037,3120,1225,720,624,Inferior olivary complex,left
254,3028,2424,1225,712,459,"Lateral reticular nucleus, magnocellular part",right
254,3044,3102,1225,722,619,Inferior olivary complex,left
254,2873,3311,1227,687,665,"Lateral reticular nucleus, magnocellular part",left
254,2954,2165,1223,692,405,"Lateral reticular nucleus, magnocellular part",right
254,2891,2500,1225,679,478,"Lateral reticular nucleus, magnocellular part",right
254,3062,3136,1224,726,627,Inferior olivary complex,left
254,2914,3540,1225,699,721,"Lateral reticular nucleus, magnocellular part",left
254,2941,2500,1226,691,477,"Lateral reticular nucleus, magnocellular part",right
254,3064,3210,1224,728,645,Inferior olivary complex,left
254,1826,2481,1265,441,482,Uvula (IX),right
254,3027,2393,1225,711,453,"Lateral reticular nucleus, magnocellular part",right
251,2883,2186,1225,675,412,"Lateral reticular nucleus, magnocellular part",right
251,3055,3111,1225,725,621,Medulla,left
251,2982,2146,1223,698,399,"Lateral reticular nucleus, magnocellular part",right
251,2871,3593,1226,689,733,"Lateral reticular nucleus, magnocellular part",left
251,2914,3351,1228,696,675,"Lateral reticular nucleus, magnocellular part",left
251,2983,2121,1222,700,393,"Lateral reticular nucleus, magnocellular part",right
251,3019,2453,1227,710,466,"Lateral reticular nucleus, magnocellular part",right
251,3034,2439,1226,714,462,"Lateral reticular nucleus, magnocellular part",right
251,3035,3270,1226,722,658,Medulla,left
251,3036,3306,1226,723,666,Medulla,left
251,3046,3157,1226,723,632,Inferior olivary complex,left
251,3054,3098,1225,725,619,Medulla,left
251,2884,2193,1225,675,414,Medulla,right
251,2965,2424,1227,697,461,"Lateral reticular nucleus, magnocellular part",right
251,3036,3049,1226,719,607,Medulla,left
252,3047,3145,1226,723,630,Inferior olivary complex,left
252,921,2518,1301,219,500,Declive (VI),right
252,2909,3090,1228,691,616,Medulla,left
252,2969,2162,1223,696,403,"Lateral reticular nucleus, magnocellular part",right
252,2994,2397,1226,704,454,"Lateral reticular nucleus, magnocellular part",right
252,2994,3384,1227,715,684,"Lateral reticular nucleus, magnocellular part",left
252,3001,2458,1227,705,467,"Lateral reticular nucleus, magnocellular part",right
252,3013,3271,1227,718,658,Medulla,left
252,3035,3103,1226,720,620,Inferior olivary complex,left
252,2911,2405,1226,685,458,"Lateral reticular nucleus, magnocellular part",right
252,2938,2180,1224,688,409,"Lateral reticular nucleus, magnocellular part",right
252,3038,3086,1226,721,615,Medulla,left
252,3047,3196,1226,724,641,Inferior olivary complex,left
252,3048,3280,1226,726,661,Medulla,left
253,2933,2537,1227,689,484,"Lateral reticular nucleus, magnocellular part",right
253,1409,2364,1282,349,463,Pyramus (VIII),right
253,1421,2950,1277,349,600,Pyramus (VIII),left
253,3020,3230,1227,718,649,Medulla,left
253,3027,3249,1227,720,654,Medulla,left
253,3061,2437,1225,720,460,"Lateral reticular nucleus, magnocellular part",right
253,3078,3355,1224,735,679,Medulla,left
253,2966,2207,1224,694,414,"Lateral reticular nucleus, magnocellular part",right
253,3049,2393,1225,717,452,"Lateral reticular nucleus, magnocellular part",right
253,3100,3317,1223,739,670,Medulla,left
257,2935,2160,1222,687,405,"Lateral reticular nucleus, magnocellular part",right
257,3068,2712,1223,720,520,Inferior olivary complex,right
257,2097,2301,1243,487,443,External cuneate nucleus,right
257,2710,2861,1221,638,560,crossed tectospinal pathway,right
257,2714,2948,1222,641,583,Gigantocellular reticular nucleus,left
257,2827,2536,1222,664,486,"Lateral reticular nucleus, magnocellular part",right
257,2854,3546,1225,685,720,"Lateral reticular nucleus, magnocellular part",left
257,2854,3562,1224,685,724,"Lateral reticular nucleus, magnocellular part",left
257,2859,3530,1225,686,717,Medulla,left
257,2929,2145,1222,686,401,"Lateral reticular nucleus, magnocellular part",right
257,2934,3395,1226,701,685,"Lateral reticular nucleus, magnocellular part",left
257,2941,2219,1223,688,418,"Lateral reticular nucleus, magnocellular part",right
257,3023,3100,1225,717,619,Inferior olivary complex,left
257,1451,2370,1279,357,464,Pyramus (VIII),right
257,2337,1822,1236,549,324,Medulla,right
257,2338,1821,1236,550,324,spinal tract of the trigeminal nerve,right
257,2846,2548,1223,668,489,"Lateral reticular nucleus, magnocellular part",right
257,2868,3552,1224,688,722,"Lateral reticular nucleus, magnocellular part",left
257,2895,3593,1224,695,734,"Lateral reticular nucleus, magnocellular part",left
257,2914,3119,1227,692,623,Medulla,left
257,2917,2118,1222,682,396,"Lateral reticular nucleus, magnocellular part",right
257,2945,2376,1225,692,451,"Lateral reticular nucleus, magnocellular part",right
257,2960,3174,1227,703,636,Medulla,left
257,2964,3112,1226,703,621,Medulla,left
257,2969,3378,1226,709,682,"Lateral reticular nucleus, magnocellular part",left
257,2995,3375,1225,714,682,"Lateral reticular nucleus, magnocellular part",left
257,3107,3321,1220,740,671,Medulla,left
255,3023,2403,1224,711,455,"Lateral reticular nucleus, magnocellular part",right
255,2974,2203,1222,696,413,"Lateral reticular nucleus, magnocellular part",right
255,3037,2392,1224,713,452,"Lateral reticular nucleus, magnocellular part",right
256,3017,3084,1225,715,615,Inferior olivary complex,left
256,3076,2439,1223,723,461,Medulla,right
256,1679,2376,1271,408,462,Uvula (IX),right
256,3033,3273,1225,722,659,Medulla,left
256,2955,3141,1227,702,628,Medulla,left
256,3008,2357,1224,707,445,"Lateral reticular nucleus, magnocellular part",right
258,2882,2921,1223,680,575,Inferior olivary complex,left
258,2943,2516,1224,692,480,"Lateral reticular nucleus, magnocellular part",right
258,3032,3072,1223,718,612,Inferior olivary complex,left
258,2861,3555,1224,686,723,"Lateral reticular nucleus, magnocellular part",left
258,2916,2216,1222,682,418,"Lateral reticular nucleus, magnocellular part",right
258,2920,2556,1224,685,489,"Lateral reticular nucleus, magnocellular part",right
258,2925,2440,1224,688,465,"Lateral reticular nucleus, magnocellular part",right
258,2947,2396,1224,692,456,"Lateral reticular nucleus, magnocellular part",right
258,2873,2566,1223,675,492,"Lateral reticular nucleus, magnocellular part",right
258,2881,3576,1223,691,728,"Lateral reticular nucleus, magnocellular part",left
258,2900,3369,1225,693,679,"Lateral reticular nucleus, magnocellular part",left
258,2926,3091,1226,694,616,Medulla,left
258,2926,3139,1226,695,627,Medulla,left
258,2955,3123,1226,701,624,Medulla,left
258,2993,2447,1224,704,465,"Lateral reticular nucleus, magnocellular part",right
259,2905,3552,1222,696,723,"Lateral reticular nucleus, magnocellular part",left
259,2939,2386,1223,691,454,"Lateral reticular nucleus, magnocellular part",right
259,2847,3347,1224,681,672,"Lateral reticular nucleus, magnocellular part",left
259,2869,2945,1223,679,581,Inferior olivary complex,left
259,2881,2447,1222,677,467,"Lateral reticular nucleus, magnocellular part",right
259,1853,2876,1260,447,575,Uvula (IX),left
259,2913,3094,1225,692,617,Medulla,left
259,2932,3162,1225,696,632,Medulla,left
259,2954,3122,1225,701,623,Medulla,left
260,3065,3133,1221,727,627,Inferior olivary complex,left
260,1695,2722,1267,410,540,Uvula (IX),right
260,2986,3192,1225,709,639,Medulla,left
260,3024,3099,1223,717,619,Inferior olivary complex,left
260,3049,3125,1222,723,624,Inferior olivary complex,left
261,1374,2333,1281,340,457,Pyramus (VIII),right
261,2821,2519,1221,663,483,"Lateral reticular nucleus, magnocellular part",right
261,2933,2130,1220,687,398,"Lateral reticular nucleus, magnocellular part",right
261,1548,1952,1275,383,365,Paramedian lobule,right
261,2857,2173,1221,667,410,Parvicellular reticular nucleus,right
261,2921,2534,1223,686,485,"Lateral reticular nucleus, magnocellular part",right
261,3049,3097,1221,722,617,Medulla,left
262,1477,2340,1276,362,458,Pyramus (VIII),right
262,1848,2019,1255,446,384,Copula pyramidis,right
262,1402,2354,1279,346,461,Pyramus (VIII),right
262,1719,2573,1268,415,505,Uvula (IX),right
262,3041,3110,1221,720,621,Inferior olivary complex,left
264,3014,3078,1221,714,614,Inferior olivary complex,left
264,2883,2544,1220,677,488,"Lateral reticular nucleus, magnocellular part",right
264,2922,2533,1221,685,485,"Lateral reticular nucleus, magnocellular part",right
264,2698,2953,1218,637,584,Gigantocellular reticular nucleus,left
264,2840,3389,1222,680,682,"Lateral reticular nucleus, magnocellular part",left
264,2937,2415,1221,690,460,"Lateral reticular nucleus, magnocellular part",right
264,3117,3348,1216,742,678,Medulla,left
263,2890,2924,1221,682,576,Inferior olivary complex,left
263,3030,3056,1220,716,608,Inferior olivary complex,left
266,3039,3097,1219,719,617,Inferior olivary complex,left
266,2857,2165,1219,667,408,Parvicellular reticular nucleus,right
266,2882,2441,1220,677,467,"Lateral reticular nucleus, magnocellular part",right
266,2947,2305,1220,690,437,"Paragigantocellular reticular nucleus, lateral part",right
266,3040,3367,1219,724,680,Medulla,left
266,3055,2414,1219,717,457,"Lateral reticular nucleus, magnocellular part",right
266,3056,3330,1219,727,672,Medulla,left
266,3067,2457,1219,719,465,Medulla,right
266,2898,3613,1220,696,738,"Lateral reticular nucleus, magnocellular part",left
266,2935,3105,1222,696,619,Medulla,left
266,2977,2445,1221,699,466,"Lateral reticular nucleus, magnocellular part",right
266,2980,3210,1222,707,643,Medulla,left
266,3017,3283,1221,717,660,Medulla,left
266,3038,3305,1220,723,666,Medulla,left
266,3040,3272,1220,722,657,Medulla,left
266,3057,3103,1218,723,619,Medulla,left
266,3075,3116,1217,728,622,pyramid,left
266,3113,3302,1215,741,666,Medulla,left
266,1338,3158,1277,336,651,Pyramus (VIII),left
266,1464,3319,1273,367,685,Copula pyramidis,left
266,2605,2932,1219,613,578,Gigantocellular reticular nucleus,left
266,2652,2861,1217,622,560,Gigantocellular reticular nucleus,right
266,2726,2491,1217,639,479,Intermediate reticular nucleus,right
266,3019,3114,1220,715,622,Inferior olivary complex,left
266,3031,3092,1220,717,616,Inferior olivary complex,left
265,2162,2426,1237,503,472,Parasolitary nucleus,right
265,2171,2440,1236,505,475,Parasolitary nucleus,right
265,2838,3344,1222,679,672,"Lateral reticular nucleus, magnocellular part",left
265,2853,2446,1220,672,468,"Lateral reticular nucleus, magnocellular part",right
265,2855,2545,1220,670,488,"Lateral reticular nucleus, magnocellular part",right
265,2862,3554,1221,685,722,"Lateral reticular nucleus, magnocellular part",left
265,2862,3620,1221,686,738,"Lateral reticular nucleus, magnocellular part",left
265,2874,2571,1220,675,493,"Lateral reticular nucleus, magnocellular part",right
265,2879,3547,1221,690,721,"Lateral reticular nucleus, magnocellular part",left
265,2890,3580,1221,693,729,"Lateral reticular nucleus, magnocellular part",left
265,2908,2396,1221,684,457,"Lateral reticular nucleus, magnocellular part",right
265,2924,2297,1220,685,435,"Paragigantocellular reticular nucleus, lateral part",right
265,2927,3541,1220,700,721,"Paragigantocellular reticular nucleus, lateral part",left
265,2929,3097,1223,695,617,Medulla,left
265,2949,2117,1218,691,394,"Lateral reticular nucleus, magnocellular part",right
265,2964,2461,1222,696,469,"Lateral reticular nucleus, magnocellular part",right
265,2977,3340,1223,708,673,"Lateral reticular nucleus, magnocellular part",left
265,2993,2378,1221,703,451,"Lateral reticular nucleus, magnocellular part",right
265,3010,3247,1222,715,651,Medulla,left
265,3022,3060,1221,714,609,Inferior olivary complex,left
265,3025,2458,1221,710,467,"Lateral reticular nucleus, magnocellular part",right
265,3025,3254,1221,719,654,Medulla,left
265,3033,2442,1221,713,463,"Lateral reticular nucleus, magnocellular part",right
265,3037,2273,1218,711,427,"Paragigantocellular reticular nucleus, lateral part",right
265,3038,3052,1220,719,606,Medulla,left
265,3042,3339,1220,724,674,Medulla,left
265,3049,3083,1220,722,615,Medulla,left
265,3095,3266,1218,736,657,Medulla,left
265,2735,2687,1217,642,519,Gigantocellular reticular nucleus,right
265,2928,3129,1223,695,625,Medulla,left
265,2971,3206,1223,705,642,Medulla,left
265,2980,3190,1223,707,639,Medulla,left
265,3001,3216,1222,712,644,Medulla,left
265,3018,3096,1221,715,617,Inferior olivary complex,left
265,3033,3082,1220,718,614,Inferior olivary complex,left
265,3053,3114,1219,724,622,Inferior olivary complex,left
268,3029,3048,1218,716,606,Inferior olivary complex,left
268,3055,3336,1218,727,673,Medulla,left
268,3022,3044,1219,713,605,Inferior olivary complex,left
268,3069,3351,1217,731,677,Medulla,left
268,2915,3620,1218,699,739,"Lateral reticular nucleus, magnocellular part",left
268,2924,2157,1217,683,404,"Lateral reticular nucleus, magnocellular part",right
268,2998,2440,1219,704,464,"Lateral reticular nucleus, magnocellular part",right
268,3008,3269,1220,715,657,Medulla,left
268,3023,3238,1220,718,650,Medulla,left
268,3028,3077,1219,716,612,Inferior olivary complex,left
268,3039,3111,1218,719,620,Inferior olivary complex,left
268,3048,3202,1218,723,641,Inferior olivary complex,left
268,3074,3131,1217,728,625,Medulla,left
268,3081,3275,1217,732,659,Inferior olivary complex,left
268,2982,2425,1219,700,462,"Lateral reticular nucleus, magnocellular part",right
268,3016,3106,1219,714,619,Inferior olivary complex,left
267,3049,3095,1218,721,617,Inferior olivary complex,left
267,3049,3212,1218,724,644,Medulla,left
267,3094,3294,1216,736,664,Inferior olivary complex,left
267,3039,3060,1218,718,609,Inferior olivary complex,left
267,3043,3079,1218,720,613,Inferior olivary complex,left
267,3055,3059,1217,722,609,Medulla,left
267,3079,3292,1217,732,663,Inferior olivary complex,left
267,2840,3238,1221,677,648,"Lateral reticular nucleus, magnocellular part",left
267,2898,3430,1220,693,693,"Lateral reticular nucleus, magnocellular part",left
267,2935,2474,1220,689,473,"Lateral reticular nucleus, magnocellular part",right
267,2978,2459,1220,700,469,"Lateral reticular nucleus, magnocellular part",right
267,3042,3031,1218,718,601,Medulla,left
267,2913,2255,1218,682,427,"Paragigantocellular reticular nucleus, lateral part",right
267,2919,3636,1218,701,743,"Lateral reticular nucleus, magnocellular part",left
267,2954,2490,1220,694,476,"Lateral reticular nucleus, magnocellular part",right
267,3042,3126,1218,720,624,Inferior olivary complex,left
269,2898,3538,1219,694,720,"Paragigantocellular reticular nucleus, lateral part",left
269,3028,3068,1219,716,611,Inferior olivary complex,left
269,2879,2882,1218,678,565,Inferior olivary complex,right
269,2971,2205,1217,694,414,"Lateral reticular nucleus, magnocellular part",right
269,2908,2450,1219,684,468,"Lateral reticular nucleus, magnocellular part",right
269,2989,2462,1220,702,469,"Lateral reticular nucleus, magnocellular part",right
269,3027,3010,1218,714,597,Inferior olivary complex,left
269,3076,3270,1217,730,658,Inferior olivary complex,left
269,3105,3283,1215,738,662,Medulla,left
269,3113,3294,1214,741,664,Medulla,left
269,3119,3346,1214,743,677,Medulla,left
269,2906,2459,1219,683,470,"Lateral reticular nucleus, magnocellular part",right
269,2978,2132,1215,698,396,"Lateral reticular nucleus, magnocellular part",right
269,2993,2440,1219,703,464,"Lateral reticular nucleus, magnocellular part",right
269,3052,3050,1217,721,606,Medulla,left
270,2888,3583,1218,692,730,"Lateral reticular nucleus, magnocellular part",left
270,3016,3074,1218,713,612,Inferior olivary complex,left
270,1376,2336,1277,339,457,Pyramus (VIII),right
270,2967,3388,1219,707,684,"Lateral reticular nucleus, magnocellular part",left
270,3012,3072,1218,711,611,Inferior olivary complex,left
270,3021,3083,1218,714,614,Inferior olivary complex,left
270,3032,3292,1218,720,662,Medulla,left
270,3022,3109,1218,715,620,Inferior olivary complex,left
270,3040,3042,1217,718,604,Inferior olivary complex,left
270,3042,3087,1217,719,614,Inferior olivary complex,left
271,2971,3341,1219,707,672,"Lateral reticular nucleus, magnocellular part",left
271,3064,3117,1215,725,622,Medulla,left
271,1407,2430,1273,344,478,Pyramus (VIII),right
271,2904,2548,1217,681,489,"Lateral reticular nucleus, magnocellular part",right
271,2943,2450,1218,691,468,"Lateral reticular nucleus, magnocellular part",right
271,3050,3054,1216,720,607,Medulla,left
271,3066,3253,1216,727,654,Inferior olivary complex,left
271,3072,3345,1215,730,675,Medulla,left
272,2885,2916,1217,680,573,Inferior olivary complex,left
272,2852,3298,1219,680,661,"Lateral reticular nucleus, magnocellular part",left
272,3015,3051,1217,712,606,Inferior olivary complex,left
272,1867,2653,1257,448,521,Uvula (IX),right
272,2939,2536,1218,690,486,"Lateral reticular nucleus, magnocellular part",right
272,3031,3216,1217,719,644,Inferior olivary complex,left
273,2096,2387,1237,489,463,Cuneate nucleus,right
273,2832,2182,1216,661,412,Parvicellular reticular nucleus,right
273,2843,3579,1218,681,728,"Lateral reticular nucleus, magnocellular part",left
273,2862,2577,1216,671,495,"Lateral reticular nucleus, magnocellular part",right
273,2873,2452,1217,676,469,"Lateral reticular nucleus, magnocellular part",right
273,2879,2465,1217,677,472,"Lateral reticular nucleus, magnocellular part",right
273,2891,2936,1217,681,578,Inferior olivary complex,left
273,2968,3394,1218,708,685,"Lateral reticular nucleus, magnocellular part",left
273,1377,2332,1276,339,456,Pyramus (VIII),right
273,2297,1849,1229,539,333,Medulla,right
273,2863,3571,1218,686,726,"Lateral reticular nucleus, magnocellular part",left
273,2975,3381,1218,708,681,"Lateral reticular nucleus, magnocellular part",left
273,3024,3052,1217,714,606,Inferior olivary complex,left
273,3035,3078,1216,717,613,Inferior olivary complex,left
273,3035,3028,1216,716,601,Inferior olivary complex,left
274,2882,2444,1216,677,468,"Lateral reticular nucleus, magnocellular part",right
274,2881,2558,1216,676,492,"Lateral reticular nucleus, magnocellular part",right
274,1361,3493,1278,344,727,Paramedian lobule,left
274,1375,2331,1275,338,456,Pyramus (VIII),right
274,2329,1826,1227,548,325,spinal tract of the trigeminal nerve,right
274,3025,3026,1216,713,600,Inferior olivary complex,left
274,3039,3039,1215,717,604,Inferior olivary complex,left
274,2090,2251,1236,484,431,External cuneate nucleus,right
275,2993,2462,1216,702,469,"Lateral reticular nucleus, magnocellular part",right
275,3025,3045,1215,714,605,Inferior olivary complex,left
275,2930,2537,1216,687,486,"Lateral reticular nucleus, magnocellular part",right
275,3031,3043,1215,715,605,Inferior olivary complex,left
275,2144,2397,1232,499,465,Cuneate nucleus,right
275,2852,3324,1218,680,667,"Lateral reticular nucleus, magnocellular part",left
275,3041,3069,1214,718,611,Inferior olivary complex,left
276,2824,2158,1214,660,407,Parvicellular reticular nucleus,right
276,2825,2176,1214,660,411,Parvicellular reticular nucleus,right
276,2917,2607,1215,683,501,Gigantocellular reticular nucleus,right
277,3037,3037,1214,716,602,Inferior olivary complex,left
277,3041,3066,1214,718,609,Inferior olivary complex,left
277,1412,2924,1271,346,595,Pyramus (VIII),left
277,2823,2178,1214,660,412,Parvicellular reticular nucleus,right
277,3033,3072,1215,717,611,Inferior olivary complex,left
278,1793,2676,1258,432,527,Uvula (IX),right
278,2905,2518,1214,682,484,"Lateral reticular nucleus, magnocellular part",right
278,1673,2718,1261,405,540,Uvula (IX),right
279,1410,2923,1270,345,595,Pyramus (VIII),left
279,2892,2432,1213,679,465,"Lateral reticular nucleus, magnocellular part",right
280,1493,3440,1267,375,712,Copula pyramidis,left
282,1778,2691,1257,428,531,Uvula (IX),right
282,2854,2171,1211,666,409,Parvicellular reticular nucleus,right
282,2854,2185,1212,667,412,Parvicellular reticular nucleus,right
282,2924,3335,1215,696,669,"Lateral reticular nucleus, magnocellular part",left
282,2954,2413,1213,693,461,"Lateral reticular nucleus, magnocellular part",right
282,3038,3350,1212,722,675,Medulla,left
282,2727,2906,1209,642,571,Nucleus raphe obscurus,left
282,2846,3266,1215,678,653,"Lateral reticular nucleus, magnocellular part",left
282,2936,3420,1214,700,690,"Lateral reticular nucleus, magnocellular part",left
282,2958,2485,1213,694,476,"Lateral reticular nucleus, magnocellular part",right
282,3019,3051,1212,712,606,Inferior olivary complex,left
282,3081,3295,1210,731,663,Inferior olivary complex,left
281,2597,2938,1213,610,581,Gigantocellular reticular nucleus,left
281,2599,2929,1213,611,578,Gigantocellular reticular nucleus,left
281,2776,3605,1215,664,731,Parvicellular reticular nucleus,left
281,2841,3622,1215,680,736,"Lateral reticular nucleus, magnocellular part",left
281,2853,3577,1214,683,726,"Lateral reticular nucleus, magnocellular part",left
281,2859,3596,1214,684,731,"Lateral reticular nucleus, magnocellular part",left
281,2887,3577,1214,690,727,"Lateral reticular nucleus, magnocellular part",left
281,2888,3638,1214,693,742,"Lateral reticular nucleus, magnocellular part",left
281,2896,2931,1213,682,577,Inferior olivary complex,left
281,2919,3571,1213,699,727,rubrospinal tract,left
281,2936,2557,1214,688,491,"Lateral reticular nucleus, magnocellular part",right
281,2938,2569,1214,689,494,Medulla,right
281,2968,3385,1215,707,682,"Lateral reticular nucleus, magnocellular part",left
281,2978,3344,1215,708,673,"Lateral reticular nucleus, magnocellular part",left
281,3019,3283,1214,716,660,Medulla,left
281,3025,3059,1213,714,608,Inferior olivary complex,left
281,3026,3049,1213,713,606,Inferior olivary complex,left
281,3027,3095,1213,714,616,Inferior olivary complex,left
281,3040,3049,1212,717,606,Inferior olivary complex,left
281,3050,3371,1212,725,680,Medulla,left
281,3063,3297,1212,727,663,Inferior olivary complex,left
281,3081,3306,1211,731,665,Inferior olivary complex,left
281,3090,3288,1210,733,662,Inferior olivary complex,left
281,3089,3310,1210,734,667,Inferior olivary complex,left
281,2122,3328,1232,503,673,Medulla,left
281,2633,2930,1212,620,578,Gigantocellular reticular nucleus,left
281,2876,3326,1216,686,667,"Lateral reticular nucleus, magnocellular part",left
281,2932,3355,1216,698,674,"Lateral reticular nucleus, magnocellular part",left
281,2955,2113,1210,691,394,"Lateral reticular nucleus, magnocellular part",right
281,2970,2133,1210,694,398,"Lateral reticular nucleus, magnocellular part",right
281,3016,3293,1214,715,662,Medulla,left
281,3019,2476,1214,708,472,"Lateral reticular nucleus, magnocellular part",right
281,3096,3306,1210,735,666,Inferior olivary complex,left
283,2847,2615,1210,667,505,Gigantocellular reticular nucleus,right
283,2881,2543,1211,675,490,"Lateral reticular nucleus, magnocellular part",right
283,3118,3310,1206,741,667,Medulla,left
283,2869,3359,1214,685,675,"Lateral reticular nucleus, magnocellular part",left
283,3000,2470,1212,703,472,"Lateral reticular nucleus, magnocellular part",right
283,3003,3036,1212,708,602,Inferior olivary complex,left
283,3098,3271,1208,735,657,Medulla,left
283,2868,3626,1212,687,738,"Lateral reticular nucleus, magnocellular part",left
284,3065,3373,1209,728,682,Medulla,left
284,2888,2585,1211,677,498,"Lateral reticular nucleus, magnocellular part",right
284,2901,3606,1212,694,734,"Lateral reticular nucleus, magnocellular part",left
284,2911,2146,1210,679,402,"Lateral reticular nucleus, magnocellular part",right
284,2960,2529,1212,693,485,"Lateral reticular nucleus, magnocellular part",right
284,3069,3279,1210,728,659,Inferior olivary complex,left
284,3103,3289,1208,737,662,Medulla,left
284,1683,1857,1258,409,344,Paramedian lobule,right
284,2953,2519,1212,692,483,"Lateral reticular nucleus, magnocellular part",right
286,3097,3309,1207,734,667,Inferior olivary complex,left
286,3051,3360,1209,724,677,Medulla,left
285,1754,2685,1257,423,530,Uvula (IX),right
285,2844,2181,1211,664,411,Parvicellular reticular nucleus,right
285,2853,2198,1211,667,415,Parvicellular reticular nucleus,right
285,2888,2579,1211,677,497,"Lateral reticular nucleus, magnocellular part",right
285,2943,2493,1212,690,478,"Lateral reticular nucleus, magnocellular part",right
285,2978,3636,1209,716,744,ventral spinocerebellar tract,left
285,3084,3311,1209,732,666,Inferior olivary complex,left
287,3090,3294,1207,733,663,Inferior olivary complex,left
287,2932,2527,1210,686,485,"Lateral reticular nucleus, magnocellular part",right
293,1604,2156,1255,388,414,Copula pyramidis,right
293,2805,2199,1207,655,416,Linear nucleus of the medulla,right
293,2896,2469,1208,679,474,"Lateral reticular nucleus, magnocellular part",right
293,3092,3314,1205,733,667,Inferior olivary complex,left
288,2945,2466,1210,690,472,"Lateral reticular nucleus, magnocellular part",right
288,2922,2586,1210,683,498,Gigantocellular reticular nucleus,right
288,2849,3646,1211,682,742,"Lateral reticular nucleus, magnocellular part",left
288,3114,3301,1205,739,664,Medulla,left
289,3071,3281,1208,727,659,Inferior olivary complex,left
289,1420,2651,1264,344,526,Pyramus (VIII),right
289,1780,2689,1254,428,531,Uvula (IX),right
289,2819,3631,1211,675,738,"Lateral reticular nucleus, magnocellular part",left
289,2910,2467,1210,683,473,"Lateral reticular nucleus, magnocellular part",right
289,2910,2570,1210,681,495,"Lateral reticular nucleus, magnocellular part",right
289,2947,2532,1210,690,486,"Lateral reticular nucleus, magnocellular part",right
289,3094,3316,1206,734,668,Inferior olivary complex,left
289,3123,3343,1204,742,675,Medulla,left
289,1560,2263,1261,378,440,Copula pyramidis,right
289,1688,2455,1258,407,479,Uvula (IX),right
289,2206,2318,1223,512,447,Medulla,right
289,2266,1873,1221,531,342,Medulla,right
289,2272,1869,1221,533,340,Medulla,right
289,2289,1858,1220,538,337,Medulla,right
289,2290,1857,1221,538,336,Medulla,right
289,2604,2410,1210,609,464,Intermediate reticular nucleus,right
289,2930,2518,1210,686,484,"Lateral reticular nucleus, magnocellular part",right
290,2855,3593,1210,683,730,"Lateral reticular nucleus, magnocellular part",left
290,2858,3353,1211,682,673,"Lateral reticular nucleus, magnocellular part",left
290,2886,2574,1208,676,496,"Lateral reticular nucleus, magnocellular part",right
290,2830,3622,1210,677,735,"Lateral reticular nucleus, magnocellular part",left
291,2832,2209,1207,661,418,Parvicellular reticular nucleus,right
291,2868,2447,1207,674,469,"Lateral reticular nucleus, magnocellular part",right
291,2915,2185,1206,680,411,"Paragigantocellular reticular nucleus, lateral part",right
291,3092,3303,1205,732,665,Inferior olivary complex,left
292,1438,2417,1263,350,474,arbor vitae,right
292,2889,2523,1208,677,486,"Lateral reticular nucleus, magnocellular part",right
294,1528,2276,1259,370,442,Copula pyramidis,right
296,2377,2763,1216,554,542,Hypoglossal nucleus,right
297,3097,3309,1202,733,666,Inferior olivary complex,left
297,1195,2352,1274,291,462,Folium-tuber vermis (VII),right
297,1587,2323,1257,382,453,Copula pyramidis,right
297,2511,2738,1210,587,534,Gigantocellular reticular nucleus,right
297,2776,3575,1208,663,724,Linear nucleus of the medulla,left
297,2804,3611,1208,670,732,Parvicellular reticular nucleus,left
297,2819,2625,1204,660,508,Gigantocellular reticular nucleus,right
297,2819,3301,1209,672,660,"Lateral reticular nucleus, magnocellular part",left
297,2834,2497,1205,665,480,"Lateral reticular nucleus, magnocellular part",right
297,3056,3269,1205,723,656,Inferior olivary complex,left
297,3079,3293,1203,729,662,Inferior olivary complex,left
297,3098,3283,1202,734,660,Inferior olivary complex,left
297,3101,3293,1202,734,662,Inferior olivary complex,left
297,3110,3334,1201,738,672,Medulla,left
297,1192,2409,1272,291,474,Folium-tuber vermis (VII),right
297,1674,2435,1255,403,475,Uvula (IX),right
297,2484,1754,1215,591,306,Medulla,right
297,2809,3274,1209,669,654,"Lateral reticular nucleus, magnocellular part",left
297,2840,3679,1208,680,749,Parvicellular reticular nucleus,left
297,2850,3647,1208,682,741,"Lateral reticular nucleus, magnocellular part",left
297,2867,3634,1207,685,739,"Lateral reticular nucleus, magnocellular part",left
297,2954,3659,1205,709,748,"Lateral reticular nucleus, parvicellular part",left
297,3050,3309,1205,722,665,Medulla,left
297,3061,3264,1205,724,654,Inferior olivary complex,left
301,3126,2531,1200,730,481,Inferior olivary complex,right
301,3102,3363,1200,736,679,Medulla,left
301,1475,1850,1262,356,346,Paramedian lobule,right
301,2763,2607,1202,647,504,Gigantocellular reticular nucleus,right
301,2848,2667,1202,667,516,Gigantocellular reticular nucleus,right
301,3085,3332,1201,731,670,Inferior olivary complex,left
298,3069,3317,1203,727,666,Medulla,left
298,3075,3310,1203,728,665,Inferior olivary complex,left
298,1743,2693,1251,420,533,Uvula (IX),right
298,2869,3390,1207,684,681,"Lateral reticular nucleus, magnocellular part",left
298,3088,3295,1202,732,662,Inferior olivary complex,left
299,3103,3327,1200,736,669,Inferior olivary complex,left
299,3090,3314,1201,732,667,Inferior olivary complex,left
299,2762,3566,1206,660,721,Parvicellular reticular nucleus,left
299,2827,2213,1204,660,419,Parvicellular reticular nucleus,right
299,2891,2634,1203,676,510,Gigantocellular reticular nucleus,right
299,3031,3194,1204,716,638,Inferior olivary complex,left
299,1745,2722,1250,420,539,Uvula (IX),right
299,3068,3358,1201,728,677,Medulla,left
300,1420,2884,1263,346,586,Pyramus (VIII),left
300,1625,2799,1253,393,561,Uvula (IX),right
300,1647,2598,1255,395,512,Uvula (IX),right
300,3074,3283,1202,728,659,Inferior olivary complex,left
300,3084,3289,1201,730,661,Inferior olivary complex,left
300,3111,3309,1199,737,666,Medulla,left
300,2845,2663,1202,666,516,Gigantocellular reticular nucleus,right
302,3097,3318,1199,733,668,Inferior olivary complex,left
302,3099,3297,1199,734,662,Inferior olivary complex,left
302,1621,2859,1252,392,576,Uvula (IX),left
303,2360,2745,1213,551,537,Hypoglossal nucleus,right
303,2826,3332,1205,673,666,"Lateral reticular nucleus, magnocellular part",left
303,3092,3327,1199,732,669,Inferior olivary complex,left
303,3105,3314,1198,735,667,Inferior olivary complex,left
304,1403,3233,1260,348,668,Pyramus (VIII),left
304,3067,3285,1200,725,659,Inferior olivary complex,left
305,2855,2609,1201,668,505,Gigantocellular reticular nucleus,right
305,3084,3306,1199,730,664,Inferior olivary complex,left
305,3112,3344,1197,737,674,Inferior olivary complex,left
305,3126,3335,1196,741,672,Medulla,left
305,1542,2371,1255,370,463,Pyramus (VIII),right
305,1694,2163,1244,407,416,Copula pyramidis,right
305,2468,1764,1211,587,309,inferior cerebellar peduncle,right
305,2707,3595,1205,647,728,Parvicellular reticular nucleus,left
305,2756,2226,1202,644,421,Linear nucleus of the medulla,right
305,2770,2739,1199,649,533,Gigantocellular reticular nucleus,right
306,3112,3314,1196,736,667,Inferior olivary complex,left
306,1623,2837,1251,393,570,Uvula (IX),right
306,2696,2505,1201,631,484,Intermediate reticular nucleus,right
306,2791,2813,1198,655,550,Gigantocellular reticular nucleus,right
306,3101,3304,1197,734,664,Inferior olivary complex,left
306,3116,3331,1196,738,670,Medulla,left
306,2534,1744,1210,605,304,Medulla,right
306,3093,3301,1197,732,663,Inferior olivary complex,left
307,2813,2215,1200,657,418,Linear nucleus of the medulla,right
307,2310,2897,1212,541,575,Medulla,left
307,3059,3279,1199,723,657,Inferior olivary complex,left
307,3061,3286,1199,723,658,Inferior olivary complex,left
308,3101,3321,1196,734,667,Inferior olivary complex,left
308,2842,2457,1200,666,472,"Lateral reticular nucleus, magnocellular part",right
309,3088,3312,1197,731,665,Inferior olivary complex,left
309,1422,2407,1256,343,472,Pyramus (VIII),right
309,2951,2513,1200,689,484,"Lateral reticular nucleus, magnocellular part",right
309,1403,2919,1261,342,596,Pyramus (VIII),left
309,3089,3324,1197,731,668,Inferior olivary complex,left
310,1528,2400,1252,367,470,Pyramus (VIII),right
310,1643,2156,1244,394,414,Copula pyramidis,right
310,1709,2912,1245,412,587,Uvula (IX),left
311,1676,2160,1241,401,415,Copula pyramidis,right
312,3098,3331,1194,734,670,Inferior olivary complex,left
312,1624,2762,1249,392,551,Uvula (IX),right
313,2028,1803,1221,484,339,Copula pyramidis,right
313,2343,2959,1209,551,590,Hypoglossal nucleus,left
313,2656,2554,1199,620,496,Linear nucleus of the medulla,right
313,2787,3594,1201,665,728,Linear nucleus of the medulla,left
313,2802,2731,1195,656,532,Magnocellular reticular nucleus,right
313,2836,2624,1197,663,509,Gigantocellular reticular nucleus,right
313,2894,2442,1198,678,469,"Lateral reticular nucleus, magnocellular part",right
313,2954,2375,1198,690,453,"Paragigantocellular reticular nucleus, lateral part",right
313,3097,3340,1194,733,672,Inferior olivary complex,left
313,2012,3123,1229,481,631,Medulla,left
313,2400,1795,1207,569,318,inferior cerebellar peduncle,right
313,2431,1780,1207,577,313,inferior cerebellar peduncle,right
313,2550,1743,1206,609,305,Medulla,right
313,2751,2552,1197,643,494,Gigantocellular reticular nucleus,right
313,3082,3338,1195,729,671,Medulla,left
313,3120,3324,1193,739,669,Medulla,left
315,2519,1750,1205,602,306,Medulla,right
315,2691,2540,1196,629,492,Intermediate reticular nucleus,right
315,3091,3303,1193,730,663,Inferior olivary complex,left
315,3102,3334,1192,733,670,Inferior olivary complex,left
315,1605,2778,1248,387,556,Uvula (IX),right
315,2541,1745,1204,607,304,Medulla,right
315,2913,2442,1196,682,468,"Lateral reticular nucleus, magnocellular part",right
319,3094,3316,1190,731,665,Inferior olivary complex,left
314,2361,2782,1208,551,545,Hypoglossal nucleus,right
314,2559,1743,1205,612,305,Medulla,right
314,2736,3604,1200,653,730,Parvicellular reticular nucleus,left
314,3085,3307,1194,729,663,Inferior olivary complex,left
314,3093,3294,1194,731,661,Inferior olivary complex,left
314,3105,3303,1193,734,664,Inferior olivary complex,left
314,2359,2795,1208,552,549,Medulla,right
314,2490,1759,1206,593,308,inferior cerebellar peduncle,right
314,2810,3265,1201,668,651,"Lateral reticular nucleus, magnocellular part",left
316,1200,3269,1265,297,680,Folium-tuber vermis (VII),left
316,1590,2383,1247,379,465,Pyramus (VIII),right
317,2675,2536,1197,625,491,Linear nucleus of the medulla,right
317,1569,2364,1248,375,461,Pyramus (VIII),right
317,1981,3373,1225,471,687,Spinal vestibular nucleus,left
317,2894,2504,1196,677,483,"Lateral reticular nucleus, magnocellular part",right
320,1618,2421,1244,386,472,Uvula (IX),right
321,1525,2423,1247,364,475,Pyramus (VIII),right
321,2284,3006,1207,537,603,Medulla,left
321,2784,2681,1192,651,521,Gigantocellular reticular nucleus,right
321,2813,2216,1194,657,418,Linear nucleus of the medulla,right
321,2916,2610,1194,680,505,Magnocellular reticular nucleus,right
321,3111,3326,1189,735,668,Inferior olivary complex,left
321,1504,2325,1248,360,453,Copula pyramidis,right
321,2292,2962,1207,538,592,Medulla,left
321,2360,2715,1205,550,531,Medulla,right
321,2577,1748,1201,616,306,Medulla,right
318,839,2340,1273,193,464,Declive (VI),right
318,2879,2470,1195,674,476,"Lateral reticular nucleus, magnocellular part",right
318,1429,2601,1251,344,513,Pyramus (VIII),right
322,2304,2918,1206,541,581,Medulla,left
322,2883,2396,1193,675,459,"Lateral reticular nucleus, magnocellular part",right
322,1588,2972,1245,382,605,Uvula (IX),left
322,2267,2910,1207,531,580,Medulla,left
322,2290,2942,1206,538,587,Medulla,left
322,2304,2819,1206,539,556,Medulla,right
322,2486,1764,1201,592,310,inferior cerebellar peduncle,right
322,3085,3303,1190,728,663,Inferior olivary complex,left
322,2298,2932,1206,540,584,Medulla,left
324,3107,3317,1188,734,665,Inferior olivary complex,left
324,1619,2612,1245,387,514,Uvula (IX),right
324,1618,2895,1243,389,585,Uvula (IX),left
323,3103,3308,1188,733,664,Inferior olivary complex,left
323,2771,2213,1192,647,418,Linear nucleus of the medulla,right
323,2328,2715,1204,543,532,Medulla,right
323,2671,2263,1193,624,431,Linear nucleus of the medulla,right
323,3088,3294,1189,729,660,Inferior olivary complex,left
323,3099,3299,1188,732,662,Inferior olivary complex,left
325,1628,2399,1242,388,467,Uvula (IX),right
329,1586,2380,1241,377,464,Uvula (IX),right
329,2257,2842,1205,528,562,Medulla,right
329,2288,3045,1203,539,611,Medulla,left
329,2745,3597,1194,655,727,Linear nucleus of the medulla,left
329,2812,3135,1194,663,621,Magnocellular reticular nucleus,left
329,3092,3305,1187,729,662,Inferior olivary complex,left
329,3113,3311,1185,736,664,Inferior olivary complex,left
329,2327,2791,1203,543,549,Medulla,right
329,2355,2957,1202,554,589,"Paragigantocellular reticular nucleus, dorsal part",left
329,2452,1783,1197,582,315,inferior cerebellar peduncle,right
329,3086,3281,1187,727,656,Inferior olivary complex,left
328,2667,2519,1192,622,489,Linear nucleus of the medulla,right
328,1125,2265,1264,269,446,Folium-tuber vermis (VII),right
328,1597,2706,1244,382,537,Uvula (IX),right
328,2284,2963,1203,537,593,Medulla,left
330,2650,2146,1190,618,404,Parvicellular reticular nucleus,right
330,3100,3311,1185,732,663,Inferior olivary complex,left
330,1330,2769,1253,325,557,Pyramus (VIII),right
330,1599,2520,1241,381,494,Uvula (IX),right
332,1724,2368,1232,411,459,Uvula (IX),right
332,1577,2416,1240,374,471,Uvula (IX),right
331,1453,2566,1243,348,505,Pyramus (VIII),right
331,2043,2676,1219,483,527,Medulla,right
331,1326,2718,1251,323,544,Pyramus (VIII),right
331,1608,2220,1235,382,430,Copula pyramidis,right
331,2288,2916,1202,537,580,Medulla,left
331,2660,3555,1193,635,718,Linear nucleus of the medulla,left
331,3115,3334,1183,736,670,Inferior olivary complex,left
333,1603,2773,1242,385,555,Uvula (IX),right
333,1592,2619,1242,379,517,Uvula (IX),right
334,985,2305,1266,233,456,Declive (VI),right
336,2276,2893,1201,533,576,Nucleus prepositus,left
335,1532,2462,1239,364,482,Pyramus (VIII),right
335,1587,2603,1240,378,513,Uvula (IX),right
337,3064,2280,1180,714,429,rubrospinal tract,right
337,3106,3324,1182,733,667,Inferior olivary complex,left
337,2266,2925,1201,532,584,Medulla,left
337,2278,2795,1201,532,551,Medulla,right
337,2540,1759,1193,607,309,inferior cerebellar peduncle,right
337,2678,2889,1187,629,567,Gigantocellular reticular nucleus,right
337,2812,3364,1190,669,673,"Lateral reticular nucleus, magnocellular part",left
337,3040,2458,1184,707,471,"Paragigantocellular reticular nucleus, lateral part",right
338,3110,3312,1181,734,663,Inferior olivary complex,left
338,2929,3640,1186,700,740,"Lateral reticular nucleus, parvicellular part",left
339,2244,2901,1200,527,578,Nucleus prepositus,left
339,1555,2923,1240,372,595,Uvula (IX),left
339,1993,1869,1208,469,355,Copula pyramidis,right
340,1425,3004,1245,345,619,Pyramus (VIII),left
340,2217,2984,1201,521,599,Nucleus prepositus,left
341,3114,3328,1179,735,668,Inferior olivary complex,left
343,2300,2882,1196,539,572,Nucleus prepositus,left
343,3105,3310,1178,732,663,Inferior olivary complex,left
342,3042,2483,1181,706,477,Medulla,right
342,1520,2495,1237,361,489,Pyramus (VIII),right
344,2813,3588,1186,670,726,"Paragigantocellular reticular nucleus, lateral part",left
345,2457,1784,1188,584,317,inferior cerebellar peduncle,right
345,2960,2412,1181,689,462,"Paragigantocellular reticular nucleus, lateral part",right
345,1355,3118,1243,333,646,Pyramus (VIII),left
345,2146,2110,1196,495,402,Medulla,right
345,2400,1806,1188,569,323,inferior cerebellar peduncle,right
345,2495,1770,1189,595,312,inferior cerebellar peduncle,right
345,3044,2463,1180,707,472,"Paragigantocellular reticular nucleus, lateral part",right
345,3088,3291,1179,728,658,Inferior olivary complex,left
346,2824,3363,1186,671,672,"Lateral reticular nucleus, magnocellular part",left
346,2236,2896,1198,524,577,Nucleus prepositus,left
346,2936,2390,1181,683,458,"Paragigantocellular reticular nucleus, lateral part",right
346,1434,2770,1244,345,556,Pyramus (VIII),right
346,1505,2778,1242,360,558,Uvula (IX),right
346,1582,2454,1233,374,480,Uvula (IX),right
347,1504,2778,1241,360,558,Uvula (IX),right
348,1101,2852,1249,275,581,Declive (VI),left
352,1497,2765,1239,357,554,Pyramus (VIII),right
350,1483,2601,1235,354,513,Pyramus (VIII),right
353,1051,2810,1249,261,572,Declive (VI),left
353,2259,2821,1195,528,558,Nucleus prepositus,right
353,1410,2374,1236,335,465,Pyramus (VIII),right
353,1436,2338,1235,339,457,Pyramus (VIII),right
353,2086,2654,1206,488,523,Medial vestibular nucleus,right
353,2260,2959,1194,531,592,Nucleus prepositus,left
353,2674,2451,1182,624,474,Linear nucleus of the medulla,right
354,1182,2853,1243,294,582,Declive (VI),left
354,2226,2987,1195,523,599,Nucleus prepositus,left
354,3106,3319,1173,732,665,Inferior olivary complex,left
355,3115,3315,1171,734,663,Medulla,left
355,2083,2624,1204,487,516,Medial vestibular nucleus,right
356,869,2511,1259,205,504,Declive (VI),right
356,2229,3002,1194,524,602,Nucleus prepositus,left
357,1500,2764,1237,358,554,Uvula (IX),right
357,2249,2839,1193,526,563,Nucleus prepositus,right
357,2821,2469,1178,657,477,Intermediate reticular nucleus,right
359,2939,2450,1174,683,472,"Paragigantocellular reticular nucleus, lateral part",right
359,1447,2945,1237,348,604,Pyramus (VIII),left
359,1031,1855,1257,230,354,Crus 2,right
358,1495,3008,1234,358,619,Uvula (IX),left
360,1542,2863,1233,367,580,Uvula (IX),left
360,2260,2925,1191,530,584,Nucleus prepositus,left
361,2251,2840,1191,526,563,Nucleus prepositus,right
361,1453,2758,1236,349,553,Pyramus (VIII),right
364,1595,2386,1222,374,465,arbor vitae,right
364,1383,2088,1234,321,406,Paramedian lobule,right
365,716,2469,1257,159,498,Declive (VI),right
365,1768,1984,1211,409,378,Copula pyramidis,right
363,1265,2781,1237,311,561,Declive (VI),right
363,1913,2011,1203,442,384,Nodulus (X),right
362,1551,2775,1231,368,556,Uvula (IX),right
362,2181,3088,1195,512,622,Medial vestibular nucleus,left
367,1545,2184,1222,359,424,Copula pyramidis,right
367,1522,2678,1227,361,532,Uvula (IX),right
369,1565,2395,1222,367,468,arbor vitae,right
369,2195,2176,1183,506,415,Nucleus x,right
369,2680,3580,1177,637,723,Parvicellular reticular nucleus,left
369,2880,2691,1170,669,525,Magnocellular reticular nucleus,right
372,2240,2825,1187,522,560,Nucleus prepositus,right
372,1543,2370,1221,362,463,arbor vitae,right
370,1535,2960,1227,366,605,Uvula (IX),left
371,3107,3300,1164,730,659,Inferior olivary complex,left
371,1607,3085,1220,381,633,arbor vitae,left
373,1082,2459,1241,264,490,Declive (VI),right
374,1512,2380,1221,354,466,arbor vitae,right
376,687,2858,1255,153,589,Declive (VI),left
376,863,2231,1250,196,442,Declive (VI),right
376,1472,2173,1224,339,423,Copula pyramidis,right
376,1511,2382,1220,354,466,arbor vitae,right
376,2915,2409,1166,676,463,"Paragigantocellular reticular nucleus, lateral part",right
377,1510,2391,1220,354,468,arbor vitae,right
377,2254,2899,1184,527,578,Nucleus prepositus,left
377,2263,2865,1184,529,569,Nucleus prepositus,right
377,1518,2383,1220,356,467,arbor vitae,right
377,1550,2687,1222,367,534,Uvula (IX),right
385,2205,2090,1174,508,397,Nucleus x,right
385,2258,2726,1181,525,536,Nucleus prepositus,right
385,1554,2383,1215,363,467,arbor vitae,right
385,3085,3252,1160,722,647,Inferior olivary complex,left
386,680,2873,1251,151,593,Declive (VI),left
387,2198,2151,1173,506,410,Nucleus x,right
388,1490,2136,1217,342,415,Copula pyramidis,right
388,3115,3266,1156,730,651,Inferior olivary complex,left
393,1731,2160,1199,400,418,Interposed nucleus,right
393,1142,2298,1231,273,454,Declive (VI),right
393,1724,2173,1199,400,421,Interposed nucleus,right
392,1854,1502,1194,425,261,Paramedian lobule,right
394,2169,2101,1171,498,400,Nucleus x,right
394,2197,2129,1171,504,406,Nucleus x,right
395,1225,2313,1225,293,456,Declive (VI),right
395,3100,3228,1153,724,642,Inferior olivary complex,left
397,1723,1921,1198,394,363,Copula pyramidis,right
397,2182,2104,1170,500,401,Nucleus x,right
401,1121,2239,1229,266,441,arbor vitae,right
401,1385,2580,1213,333,512,Declive (VI),right
401,1493,2118,1212,342,413,Copula pyramidis,right
401,2232,2769,1175,517,547,Nucleus prepositus,right
401,1687,2247,1198,390,438,Interposed nucleus,right
401,1740,2206,1195,402,428,Interposed nucleus,right
401,1747,2163,1195,403,419,Interposed nucleus,right
402,1705,1779,1198,385,330,Paramedian lobule,right
402,2199,2131,1167,505,406,Nucleus x,right
402,1134,2249,1227,270,443,Declive (VI),right
402,1733,2199,1194,401,427,Interposed nucleus,right
405,1053,2285,1229,250,452,Declive (VI),right
404,1040,2772,1222,254,564,Lobules IV-V,right
406,652,2882,1242,142,594,Declive (VI),left
407,1295,2621,1214,315,523,Declive (VI),right
408,653,2485,1239,142,504,Declive (VI),right
409,1703,2228,1193,393,434,Interposed nucleus,right
409,1721,2241,1192,397,436,Interposed nucleus,right
409,2183,2078,1164,501,395,Nucleus x,right
410,978,2421,1227,235,485,Declive (VI),right
410,1748,2226,1189,403,433,Interposed nucleus,right
411,2237,2142,1161,513,407,Spinal vestibular nucleus,right
412,1017,2792,1219,247,570,Lobules IV-V,right
414,1032,2676,1219,251,543,Lobules IV-V,right
414,1020,2900,1219,248,596,Lobules IV-V,left
414,1171,2234,1220,279,440,Declive (VI),right
414,1789,2298,1185,411,448,Nodulus (X),right
413,1023,2917,1219,250,599,Lobules IV-V,left
413,865,2750,1231,204,562,Declive (VI),right
415,829,3470,1238,188,718,Declive (VI),left
416,1006,2656,1219,244,538,Lobules IV-V,right
417,2120,3648,1168,500,748,Nucleus x,left
417,1394,2838,1206,342,578,Declive (VI),left
417,1714,2193,1189,394,427,Interposed nucleus,right
417,2230,2644,1167,514,520,Medial vestibular nucleus,right
420,976,2702,1219,235,550,Lobules IV-V,right
420,1001,2656,1218,243,539,Lobules IV-V,right
420,1185,2336,1214,285,463,Declive (VI),right
418,1003,3008,1219,244,621,Lobules IV-V,left
418,1070,2480,1218,260,497,Declive (VI),right
421,990,2678,1218,240,545,Lobules IV-V,right
421,992,2653,1218,240,539,Lobules IV-V,right
422,1001,2655,1217,242,539,Lobules IV-V,right
423,830,2187,1229,182,433,Declive (VI),right
423,760,2297,1231,168,458,Declive (VI),right
425,954,2694,1218,230,549,Lobules IV-V,right
425,1016,2651,1215,246,537,Lobules IV-V,right
425,1023,3041,1216,249,627,Lobules IV-V,left
425,1040,2812,1212,253,575,Lobules IV-V,left
425,1716,2271,1185,394,444,Interposed nucleus,right
425,1729,2207,1184,397,429,Interposed nucleus,right
425,1148,2187,1218,272,430,Declive (VI),right
424,1047,2680,1214,254,544,Lobules IV-V,right
424,1225,2767,1207,303,561,Lobules IV-V,right
424,1304,2797,1204,323,568,Lobules IV-V,right
424,1309,2867,1204,325,586,Lobules IV-V,left
424,933,2765,1219,224,565,Lobules IV-V,right
424,976,2629,1218,235,533,Lobules IV-V,right
424,987,2598,1217,238,526,Lobules IV-V,right
424,990,2706,1216,239,551,Lobules IV-V,right
428,685,2296,1230,148,460,Declive (VI),right
428,682,2304,1230,147,462,Declive (VI),right
428,956,2802,1216,229,573,Lobules IV-V,left
428,998,3021,1215,242,623,Lobules IV-V,left
428,1031,2777,1211,250,567,Lobules IV-V,right
428,1114,2653,1210,272,537,Lobules IV-V,right
428,942,2860,1217,224,587,Lobules IV-V,left
428,952,2964,1218,227,611,Lobules IV-V,left
428,1367,2850,1200,337,581,Lobules IV-V,left
427,764,2127,1227,163,421,Declive (VI),right
427,1150,3163,1210,284,654,Lobules IV-V,left
427,935,2746,1217,223,561,Lobules IV-V,right
427,1001,2215,1221,230,436,Declive (VI),right
427,1683,2085,1185,386,403,Interposed nucleus,right
426,848,1957,1227,176,382,Crus 1,right
426,945,2729,1218,226,557,Lobules IV-V,right
426,943,2793,1217,226,572,Lobules IV-V,left
426,974,2881,1216,234,591,Lobules IV-V,left
426,1717,2255,1184,393,441,Interposed nucleus,right
426,987,2651,1216,238,538,Lobules IV-V,right
426,1047,2981,1213,255,614,Lobules IV-V,left
429,983,2960,1215,237,610,Lobules IV-V,left
429,1302,2538,1204,313,507,Lobules IV-V,right
429,1464,3606,1204,345,747,Copula pyramidis,left
430,925,2754,1217,220,563,Lobules IV-V,right
430,1804,2291,1176,412,446,Nodulus (X),right
431,957,2693,1214,229,549,Lobules IV-V,right
431,919,2847,1217,219,584,Lobules IV-V,left
431,929,2706,1216,222,552,Lobules IV-V,right
431,957,2871,1215,228,589,Lobules IV-V,left
431,1079,2858,1208,264,586,Lobules IV-V,left
431,1321,2880,1200,327,589,Lobules IV-V,left
431,935,2745,1215,223,561,Lobules IV-V,right
432,612,2570,1229,127,525,Declive (VI),right
432,951,2669,1215,228,543,Lobules IV-V,right
432,934,2636,1216,224,535,Lobules IV-V,right
432,951,2660,1215,228,541,Lobules IV-V,right
432,915,2710,1217,218,553,Lobules IV-V,right
432,1034,2411,1213,249,483,Lobules IV-V,right
433,919,2900,1218,218,597,Lobules IV-V,left
433,1031,2791,1209,249,570,Lobules IV-V,right
433,1737,3075,1181,404,626,Nodulus (X),left
433,927,2684,1216,221,547,Lobules IV-V,right
433,1052,2922,1209,256,600,Lobules IV-V,left
433,2278,1911,1150,524,356,Medulla,right
434,933,2870,1215,223,590,Lobules IV-V,left
434,931,2624,1216,222,533,Lobules IV-V,right
434,941,2841,1215,224,583,Lobules IV-V,left
434,994,2685,1211,240,546,Lobules IV-V,right
434,1010,2658,1211,244,540,Lobules IV-V,right
434,1350,2724,1197,331,550,Lobules IV-V,right
434,1715,2754,1178,392,551,Nodulus (X),right
434,927,2642,1216,221,537,Lobules IV-V,right
434,945,2735,1214,226,559,Lobules IV-V,right
434,1795,2283,1175,409,446,Nodulus (X),right
436,916,2867,1216,217,589,Lobules IV-V,left
436,960,2957,1214,229,609,Lobules IV-V,left
436,914,2662,1215,218,542,Lobules IV-V,right
436,925,2643,1215,220,538,Lobules IV-V,right
436,925,2762,1214,220,565,Lobules IV-V,right
436,941,2646,1214,225,538,Lobules IV-V,right
436,986,2613,1212,237,530,Lobules IV-V,right
436,1289,2509,1201,310,501,Lobules IV-V,right
436,911,2683,1216,216,547,Lobules IV-V,right
436,932,2868,1215,221,590,Lobules IV-V,left
436,970,2641,1212,233,536,Lobules IV-V,right
436,977,2838,1211,234,583,Lobules IV-V,left
436,998,2407,1213,239,482,Lobules IV-V,right
436,2016,1715,1164,459,320,Copula pyramidis,right
435,914,2725,1215,217,557,Lobules IV-V,right
435,933,2817,1214,223,577,Lobules IV-V,left
435,966,2581,1213,232,523,Lobules IV-V,right
435,988,2286,1216,231,453,Declive (VI),right
435,1320,2329,1202,312,462,Declive (VI),right
435,1936,1705,1168,436,317,Copula pyramidis,right
437,947,2607,1214,226,529,Lobules IV-V,right
437,856,3037,1223,198,627,Declive (VI),left
437,906,2843,1216,214,584,Lobules IV-V,left
437,924,2845,1215,220,584,Lobules IV-V,left
437,950,2739,1213,227,560,Lobules IV-V,right
437,970,2880,1212,232,592,Lobules IV-V,left
437,977,2468,1214,233,497,Lobules IV-V,right
437,1198,2573,1205,291,517,Lobules IV-V,right
437,1283,2829,1199,319,577,Lobules IV-V,left
437,931,2689,1214,222,548,Lobules IV-V,right
437,981,2679,1211,236,545,Lobules IV-V,right
437,1032,2382,1212,247,476,Lobules IV-V,right
437,1236,2458,1203,298,491,Lobules IV-V,right
438,962,2692,1211,230,548,Lobules IV-V,right
438,913,2742,1214,217,560,Lobules IV-V,right
438,947,2637,1213,226,536,Lobules IV-V,right
438,958,2726,1211,230,556,Lobules IV-V,right
438,968,2895,1211,232,595,Lobules IV-V,left
438,978,2446,1213,234,491,Lobules IV-V,right
438,1166,2823,1202,287,577,Lobules IV-V,left
438,1190,2747,1202,292,558,Lobules IV-V,right
438,1240,2508,1202,299,502,Lobules IV-V,right
438,1806,2627,1171,413,520,Nodulus (X),right
438,918,2867,1215,218,589,Lobules IV-V,left
438,930,2642,1214,222,537,Lobules IV-V,right
438,940,2571,1214,224,521,Lobules IV-V,right
438,1320,2493,1199,316,498,Lobules IV-V,right
440,930,2754,1212,221,564,Lobules IV-V,right
440,930,2831,1213,221,581,Lobules IV-V,left
440,960,2748,1210,229,562,Lobules IV-V,right
440,915,2959,1215,216,610,Lobules IV-V,left
440,955,2757,1210,228,563,Lobules IV-V,right
440,1052,2404,1209,252,482,Lobules IV-V,right
440,1240,2795,1199,306,569,Lobules IV-V,right
440,1002,2921,1209,240,601,Lobules IV-V,left
439,939,3015,1214,223,622,Lobules IV-V,left
439,1004,2921,1208,242,601,Lobules IV-V,left
439,1796,2365,1172,409,464,Nodulus (X),right
439,919,2868,1214,218,590,Lobules IV-V,left
439,1286,2811,1197,318,572,Lobules IV-V,left
443,1034,2375,1208,247,475,Lobules IV-V,right
443,867,3029,1218,201,626,Declive (VI),left
443,891,2788,1213,210,572,Lobules IV-V,left
443,895,2863,1214,211,589,Lobules IV-V,left
443,910,2778,1212,215,570,Lobules IV-V,right
443,911,2965,1214,215,611,Lobules IV-V,left
443,917,2906,1213,216,598,Lobules IV-V,left
443,931,2581,1212,221,523,Lobules IV-V,right
443,956,3059,1211,227,632,Lobules IV-V,left
443,981,3123,1210,234,646,Lobules IV-V,left
443,894,2901,1214,211,597,Lobules IV-V,left
443,1051,3159,1207,255,653,Lobules IV-V,left
443,1071,2404,1206,257,481,Lobules IV-V,right
443,1186,2777,1199,291,565,Lobules IV-V,right
442,936,2911,1212,222,599,Lobules IV-V,left
442,953,2711,1210,228,553,Lobules IV-V,right
442,907,2696,1213,214,550,Lobules IV-V,right
442,912,2928,1214,215,603,Lobules IV-V,left
442,930,2604,1212,221,529,Lobules IV-V,right
442,969,2972,1210,232,612,Lobules IV-V,left
442,1042,3188,1208,252,659,Lobules IV-V,left
442,1087,2691,1204,263,546,Lobules IV-V,right
442,1093,2747,1203,266,559,Lobules IV-V,right
442,1124,2423,1204,272,485,Lobules IV-V,right
442,1169,2505,1203,283,502,Lobules IV-V,right
442,903,2853,1214,214,587,Lobules IV-V,left
442,944,3009,1213,224,621,Lobules IV-V,left
442,1137,2818,1202,278,577,Lobules IV-V,left
442,1360,2857,1192,335,582,Lobules IV-V,left
442,1363,2737,1192,333,553,Lobules IV-V,right
441,944,2716,1211,225,554,Lobules IV-V,right
441,904,2798,1214,214,574,Lobules IV-V,left
441,919,2747,1213,218,561,Lobules IV-V,right
441,920,2761,1213,218,565,Lobules IV-V,right
441,943,3072,1214,224,634,Lobules IV-V,left
441,963,2955,1211,231,609,Lobules IV-V,left
441,1197,2726,1201,293,553,Lobules IV-V,right
441,902,2932,1216,212,603,Lobules IV-V,left
441,936,2955,1214,222,609,Lobules IV-V,left
441,983,2649,1210,237,539,Lobules IV-V,right
441,985,2658,1209,237,541,Lobules IV-V,right
441,1721,3445,1181,403,708,Interposed nucleus,left
444,965,2690,1209,231,548,Lobules IV-V,right
444,941,2584,1211,224,524,Lobules IV-V,right
444,938,2883,1211,223,593,Lobules IV-V,left
444,959,3109,1211,228,643,Lobules IV-V,left
444,963,2929,1209,230,603,Lobules IV-V,left
444,1003,2393,1209,240,480,Lobules IV-V,right
444,902,2715,1213,213,555,Lobules IV-V,right
444,932,2787,1211,221,571,Lobules IV-V,left
444,956,2784,1209,227,570,Lobules IV-V,right
444,958,2949,1210,229,608,Lobules IV-V,left
444,990,2873,1207,237,591,Lobules IV-V,left
444,1140,2955,1202,280,609,Lobules IV-V,left
446,934,2845,1210,222,584,Lobules IV-V,left
446,883,2759,1213,208,565,Lobules IV-V,right
446,907,2694,1211,214,550,Lobules IV-V,right
446,913,2847,1211,216,584,Lobules IV-V,left
446,917,3037,1213,215,627,Lobules IV-V,left
446,933,3054,1212,221,631,Lobules IV-V,left
446,936,2771,1209,222,567,Lobules IV-V,right
446,950,2702,1209,226,551,Lobules IV-V,right
446,992,2751,1206,237,562,Lobules IV-V,right
446,887,2862,1214,208,588,Lobules IV-V,left
446,909,2838,1212,215,583,Lobules IV-V,left
446,916,2992,1213,216,617,Lobules IV-V,left
446,926,2638,1210,220,537,Lobules IV-V,right
446,940,2736,1209,223,559,Lobules IV-V,right
446,946,3073,1211,224,635,Lobules IV-V,left
446,947,2688,1209,225,549,Lobules IV-V,right
446,963,2653,1208,231,540,Lobules IV-V,right
446,976,2697,1207,233,549,Lobules IV-V,right
446,995,2705,1206,239,551,Lobules IV-V,right
446,1015,2656,1206,244,539,Lobules IV-V,right
446,1065,2517,1205,257,507,Lobules IV-V,right
445,923,2687,1211,220,548,Lobules IV-V,right
445,930,2660,1211,221,542,Lobules IV-V,right
445,937,2716,1210,222,554,Lobules IV-V,right
445,937,2805,1210,222,575,Lobules IV-V,left
445,951,2748,1209,226,562,Lobules IV-V,right
445,952,2829,1209,226,581,Lobules IV-V,left
445,1067,2330,1207,254,464,Lobules IV-V,right
445,925,3032,1213,218,626,Lobules IV-V,left
445,1009,2388,1209,241,479,Lobules IV-V,right
447,926,2945,1211,219,607,Lobules IV-V,left
447,952,3015,1210,225,622,Lobules IV-V,left
447,953,2969,1209,227,612,Lobules IV-V,left
447,1005,2411,1207,240,483,Lobules IV-V,right
447,1029,2367,1207,245,473,Lobules IV-V,right
447,899,2930,1212,212,604,Lobules IV-V,left
447,921,2969,1212,217,612,Lobules IV-V,left
447,921,3004,1212,217,620,Lobules IV-V,left
447,946,3009,1210,224,621,Lobules IV-V,left
447,1001,2694,1205,240,549,Lobules IV-V,right
447,1246,2684,1196,304,543,Lobules IV-V,right
448,897,2804,1211,211,575,Lobules IV-V,left
448,977,2894,1207,233,595,Lobules IV-V,left
448,981,3027,1208,234,624,Lobules IV-V,left
448,1000,2767,1205,239,565,Lobules IV-V,right
448,913,2999,1212,216,619,Lobules IV-V,left
448,922,2961,1211,217,610,Lobules IV-V,left
448,1766,2743,1165,402,548,Nodulus (X),right
448,920,2728,1209,218,558,Lobules IV-V,right
448,923,2640,1210,220,537,Lobules IV-V,right
448,928,2908,1210,220,599,Lobules IV-V,left
448,948,2823,1208,226,580,Lobules IV-V,left
448,1037,2330,1207,246,464,Lobules IV-V,right
449,981,2935,1207,234,604,Lobules IV-V,left
449,889,2699,1211,210,551,Lobules IV-V,right
449,890,2802,1212,209,574,Lobules IV-V,left
449,894,2944,1213,210,607,Lobules IV-V,left
449,897,2692,1211,211,549,Lobules IV-V,right
449,930,3010,1211,220,621,Lobules IV-V,left
449,949,2756,1207,226,564,Lobules IV-V,right
449,963,2716,1207,230,554,Lobules IV-V,right
449,976,2846,1206,233,584,Lobules IV-V,left
449,1059,2371,1205,254,474,Lobules IV-V,right
449,888,2852,1212,209,586,Lobules IV-V,left
449,898,2623,1211,213,534,Lobules IV-V,right
449,904,2785,1211,214,571,Lobules IV-V,left
449,932,2764,1209,220,566,Lobules IV-V,right
449,940,2662,1209,224,542,Lobules IV-V,right
449,958,2656,1207,229,540,Lobules IV-V,right
449,971,2828,1206,231,581,Lobules IV-V,left
449,1171,2728,1199,286,555,Lobules IV-V,right
449,1304,2714,1192,319,549,Lobules IV-V,right
449,1309,2703,1192,320,547,Lobules IV-V,right
449,1373,2517,1191,326,503,arbor vitae,right
449,1637,2205,1180,373,432,Interposed nucleus,right
451,936,2867,1208,221,589,Lobules IV-V,left
451,873,2833,1211,205,582,Lobules IV-V,left
451,876,2758,1211,205,565,Lobules IV-V,right
451,876,2675,1211,205,546,Lobules IV-V,right
451,891,2818,1210,209,579,Lobules IV-V,left
451,908,3034,1211,214,627,Lobules IV-V,left
451,918,3019,1210,217,623,Lobules IV-V,left
451,934,2942,1208,221,606,Lobules IV-V,left
451,944,3015,1208,224,622,Lobules IV-V,left
451,944,2843,1207,224,584,Lobules IV-V,left
451,946,3027,1208,224,624,Lobules IV-V,left
451,952,2824,1206,225,580,Lobules IV-V,left
451,955,2690,1206,227,549,Lobules IV-V,right
451,957,2880,1206,227,592,Lobules IV-V,left
451,971,2933,1206,231,604,Lobules IV-V,left
451,994,2374,1207,236,475,Lobules IV-V,right
451,917,2981,1210,215,615,Lobules IV-V,left
451,929,2877,1208,220,591,Lobules IV-V,left
451,937,2726,1207,222,557,Lobules IV-V,right
451,939,2774,1207,223,568,Lobules IV-V,right
451,948,3155,1209,225,652,Lobules IV-V,left
451,969,2607,1206,232,529,Lobules IV-V,right
451,970,3193,1208,231,661,Lobules IV-V,left
451,973,3137,1207,232,648,Lobules IV-V,left
451,986,2410,1207,234,484,Lobules IV-V,right
451,1029,2389,1204,246,479,Lobules IV-V,right
457,895,2758,1208,210,565,Lobules IV-V,right
457,855,2727,1210,200,558,Lobules IV-V,right
457,905,2946,1209,213,607,Lobules IV-V,left
457,927,2643,1206,219,539,Lobules IV-V,right
457,927,2671,1206,219,544,Lobules IV-V,right
457,932,2594,1206,220,527,Lobules IV-V,right
457,932,2885,1206,220,593,Lobules IV-V,left
457,936,3135,1208,220,648,Lobules IV-V,left
457,943,2625,1205,224,534,Lobules IV-V,right
457,957,2404,1207,225,483,Lobules IV-V,right
457,982,2779,1203,233,569,Lobules IV-V,right
457,1026,2312,1204,242,460,Lobules IV-V,right
457,1141,2342,1198,273,466,Lobules IV-V,right
457,1258,2412,1193,301,481,Lobules IV-V,right
457,859,2867,1211,201,589,Lobules IV-V,left
457,866,2752,1210,202,563,Lobules IV-V,right
457,872,2663,1209,204,544,Lobules IV-V,right
457,918,3079,1209,216,637,Lobules IV-V,left
457,928,3079,1208,219,636,Lobules IV-V,left
457,929,2970,1207,219,612,Lobules IV-V,left
457,931,3033,1208,219,627,Lobules IV-V,left
457,934,2414,1208,220,485,Lobules IV-V,right
457,941,3157,1208,221,652,Lobules IV-V,left
457,946,3037,1207,223,626,Lobules IV-V,left
457,965,2989,1205,229,617,Lobules IV-V,left
457,982,2919,1204,233,601,Lobules IV-V,left
457,1252,2457,1193,299,491,Lobules IV-V,right
457,1773,3386,1170,413,694,Nodulus (X),left
450,876,2874,1213,205,591,Lobules IV-V,left
450,905,2909,1211,213,599,Lobules IV-V,left
450,940,2631,1208,224,535,Lobules IV-V,right
450,950,2796,1207,226,573,Lobules IV-V,left
450,954,3065,1209,227,633,Lobules IV-V,left
450,962,2832,1206,228,581,Lobules IV-V,left
450,962,3164,1209,228,654,Lobules IV-V,left
450,967,2411,1209,229,484,Lobules IV-V,right
450,981,2832,1205,234,581,Lobules IV-V,left
450,1028,2353,1206,245,470,Lobules IV-V,right
450,1066,2393,1203,256,479,Lobules IV-V,right
450,878,2743,1211,207,562,Lobules IV-V,right
450,885,2876,1212,208,591,Lobules IV-V,left
450,904,2596,1210,214,527,Lobules IV-V,right
450,938,2753,1207,223,564,Lobules IV-V,right
450,968,2654,1206,232,540,Lobules IV-V,right
450,969,2386,1209,229,478,Lobules IV-V,right
450,970,2890,1206,231,594,Lobules IV-V,left
453,902,2982,1211,211,615,Lobules IV-V,left
453,950,2690,1206,226,549,Lobules IV-V,right
453,1003,2367,1206,238,473,Lobules IV-V,right
453,878,2883,1212,206,594,Lobules IV-V,left
453,885,2665,1210,208,544,Lobules IV-V,right
453,884,2911,1211,207,599,Lobules IV-V,left
453,898,2839,1210,212,583,Lobules IV-V,left
453,899,2969,1211,211,612,Lobules IV-V,left
453,916,2865,1209,216,589,Lobules IV-V,left
453,918,2705,1208,218,552,Lobules IV-V,right
453,924,2670,1208,219,544,Lobules IV-V,right
453,947,3144,1209,223,650,Lobules IV-V,left
453,949,2830,1206,225,581,Lobules IV-V,left
453,963,2731,1205,230,558,Lobules IV-V,right
453,986,2652,1205,235,539,Lobules IV-V,right
453,1028,2362,1205,245,471,Lobules IV-V,right
453,878,2705,1210,207,553,Lobules IV-V,right
453,938,3078,1209,222,636,Lobules IV-V,left
453,941,3000,1209,222,619,Lobules IV-V,left
453,944,2918,1207,224,601,Lobules IV-V,left
453,946,2761,1206,224,565,Lobules IV-V,right
453,956,2842,1206,227,583,Lobules IV-V,left
453,964,2611,1206,230,530,Lobules IV-V,right
452,903,3003,1211,212,620,Lobules IV-V,left
452,966,2692,1205,230,548,Lobules IV-V,right
452,1007,2351,1206,238,469,Lobules IV-V,right
452,869,2756,1211,204,564,Lobules IV-V,right
452,921,3030,1210,217,626,Lobules IV-V,left
452,929,2965,1209,220,611,Lobules IV-V,left
452,934,2704,1207,222,552,Lobules IV-V,right
452,944,2638,1207,225,537,Lobules IV-V,right
452,975,2988,1206,232,616,Lobules IV-V,left
452,1013,2363,1206,241,473,Lobules IV-V,right
452,872,2854,1212,204,587,Lobules IV-V,left
452,880,2754,1210,207,564,Lobules IV-V,right
452,883,2744,1210,208,562,Lobules IV-V,right
452,905,2651,1209,214,540,Lobules IV-V,right
452,906,2889,1210,213,595,Lobules IV-V,left
452,923,2931,1209,218,603,Lobules IV-V,left
452,930,2651,1208,221,540,Lobules IV-V,right
452,930,2823,1207,220,580,Lobules IV-V,left
452,940,2423,1209,222,487,Lobules IV-V,right
452,964,3097,1207,229,639,Lobules IV-V,left
452,986,2409,1207,234,484,Lobules IV-V,right
452,1044,2958,1202,252,610,Lobules IV-V,left
454,878,2712,1209,207,554,Lobules IV-V,right
454,905,2611,1208,214,531,Lobules IV-V,right
454,893,3011,1211,209,621,Lobules IV-V,left
454,898,2995,1211,211,618,Lobules IV-V,left
454,899,2638,1208,212,538,Lobules IV-V,right
454,899,2855,1209,212,587,Lobules IV-V,left
454,915,2794,1207,216,573,Lobules IV-V,left
454,919,2830,1207,217,581,Lobules IV-V,left
454,925,2719,1207,219,556,Lobules IV-V,right
454,930,2748,1206,220,563,Lobules IV-V,right
454,932,2760,1206,220,565,Lobules IV-V,right
454,936,2970,1208,221,612,Lobules IV-V,left
454,940,2668,1206,223,544,Lobules IV-V,right
454,946,2887,1206,224,593,Lobules IV-V,left
454,956,2977,1207,227,613,Lobules IV-V,left
454,985,2889,1204,235,594,Lobules IV-V,left
454,1092,2337,1201,261,465,Lobules IV-V,right
454,877,2906,1211,205,598,Lobules IV-V,left
454,922,3087,1210,216,638,Lobules IV-V,left
454,927,2581,1208,219,523,Lobules IV-V,right
454,933,2833,1206,221,582,Lobules IV-V,left
454,934,3130,1209,220,647,Lobules IV-V,left
454,936,3006,1208,221,620,Lobules IV-V,left
454,938,2893,1207,222,596,Lobules IV-V,left
454,941,2417,1208,221,485,Lobules IV-V,right
454,944,2603,1206,225,529,Lobules IV-V,right
454,951,3014,1207,225,622,Lobules IV-V,left
454,968,3129,1206,231,647,Lobules IV-V,left
454,971,2696,1204,231,550,Lobules IV-V,right
454,986,2420,1206,234,486,Lobules IV-V,right
455,884,2730,1208,208,559,Lobules IV-V,right
455,880,2758,1209,206,566,Lobules IV-V,right
455,938,2858,1206,222,588,Lobules IV-V,left
455,1109,2308,1200,265,459,Lobules IV-V,right
455,869,2790,1209,204,572,Lobules IV-V,left
455,880,2919,1210,206,601,Lobules IV-V,left
455,891,2848,1209,209,586,Lobules IV-V,left
455,892,2965,1210,208,611,Lobules IV-V,left
455,903,2940,1209,213,606,Lobules IV-V,left
455,908,2645,1207,215,539,Lobules IV-V,right
455,918,2659,1206,218,542,Lobules IV-V,right
455,928,2724,1206,220,557,Lobules IV-V,right
455,944,2608,1205,224,530,Lobules IV-V,right
455,1037,2375,1203,247,475,Lobules IV-V,right
455,1042,2320,1203,246,462,Lobules IV-V,right
455,1056,2297,1203,249,456,Lobules IV-V,right
455,875,2821,1209,205,579,Lobules IV-V,left
455,880,2685,1209,207,548,Lobules IV-V,right
455,894,2674,1208,211,546,Lobules IV-V,right
455,912,2771,1207,214,568,Lobules IV-V,right
455,919,2608,1207,218,530,Lobules IV-V,right
455,919,2858,1207,217,588,Lobules IV-V,left
455,946,2866,1205,224,589,Lobules IV-V,left
455,956,2381,1207,225,477,Lobules IV-V,right
455,966,2761,1203,229,565,Lobules IV-V,right
455,981,2979,1204,233,614,Lobules IV-V,left
455,1032,2344,1203,244,468,Lobules IV-V,right
455,1089,2277,1202,258,451,Lobules IV-V,right
456,894,2791,1208,210,572,Lobules IV-V,left
456,868,2827,1210,204,580,Lobules IV-V,left
456,894,2626,1208,211,534,Lobules IV-V,right
456,923,2687,1206,219,548,Lobules IV-V,right
456,1253,2393,1193,300,478,Lobules IV-V,right
456,866,2884,1211,202,594,Lobules IV-V,left
456,880,2991,1211,205,617,Lobules IV-V,left
456,884,2579,1209,208,524,Lobules IV-V,right
456,904,2742,1207,213,561,Lobules IV-V,right
456,905,2926,1209,213,602,Lobules IV-V,left
456,915,2757,1206,216,564,Lobules IV-V,right
456,914,2781,1207,216,570,Lobules IV-V,right
456,914,2810,1207,216,577,Lobules IV-V,left
456,916,2875,1207,216,591,Lobules IV-V,left
456,921,2935,1208,217,605,Lobules IV-V,left
456,959,2856,1204,228,587,Lobules IV-V,left
456,866,2760,1210,202,566,Lobules IV-V,right
456,878,2964,1211,206,611,Lobules IV-V,left
456,920,2606,1207,218,529,Lobules IV-V,right
456,958,2818,1204,228,579,Lobules IV-V,left
456,997,2987,1204,238,615,Lobules IV-V,left
458,938,2685,1204,223,548,Lobules IV-V,right
458,872,2617,1209,204,532,Lobules IV-V,right
458,875,2668,1208,205,545,Lobules IV-V,right
458,893,2999,1209,209,619,Lobules IV-V,left
458,895,3056,1209,209,631,Lobules IV-V,left
458,912,2852,1207,214,586,Lobules IV-V,left
458,948,2753,1204,225,564,Lobules IV-V,right
458,952,2647,1204,225,538,Lobules IV-V,right
458,961,3041,1205,228,627,Lobules IV-V,left
458,980,2373,1205,231,475,Lobules IV-V,right
458,1000,2363,1204,237,473,Lobules IV-V,right
458,1230,2735,1192,300,556,Lobules IV-V,right
458,1799,2436,1164,410,479,Nodulus (X),right
458,859,2780,1209,201,570,Lobules IV-V,right
458,870,2743,1208,204,562,Lobules IV-V,right
458,871,2931,1210,203,604,Lobules IV-V,left
458,876,2800,1208,205,575,Lobules IV-V,left
458,891,2702,1207,209,552,Lobules IV-V,right
458,892,3017,1210,208,623,Lobules IV-V,left
458,900,2886,1208,211,594,Lobules IV-V,left
458,901,2899,1208,211,597,Lobules IV-V,left
458,910,2692,1206,215,549,Lobules IV-V,right
458,934,2931,1206,221,603,Lobules IV-V,left
458,945,3085,1206,223,637,Lobules IV-V,left
458,949,3048,1206,225,630,Lobules IV-V,left
458,970,2387,1205,229,478,Lobules IV-V,right
458,971,2379,1205,229,477,Lobules IV-V,right
458,1015,2393,1203,242,480,Lobules IV-V,right
458,1090,2279,1201,259,452,Lobules IV-V,right
460,1006,2371,1203,238,474,Lobules IV-V,right
460,902,3008,1208,211,621,Lobules IV-V,left
460,907,2934,1207,212,605,Lobules IV-V,left
460,864,2686,1208,202,549,Lobules IV-V,right
460,874,2826,1208,205,580,Lobules IV-V,left
460,873,2962,1209,204,610,Lobules IV-V,left
460,885,2566,1207,208,520,Lobules IV-V,right
460,888,2952,1208,208,608,Lobules IV-V,left
460,906,2588,1206,213,526,Lobules IV-V,right
460,906,2845,1206,213,585,Lobules IV-V,left
460,920,3033,1207,216,627,Lobules IV-V,left
460,930,2403,1207,218,483,Lobules IV-V,right
460,951,2734,1203,225,559,Lobules IV-V,right
460,959,2383,1205,226,478,Lobules IV-V,right
460,996,2392,1203,236,479,Lobules IV-V,right
460,1008,2354,1203,239,470,Lobules IV-V,right
460,1069,2352,1199,255,469,Lobules IV-V,right
460,1256,2610,1191,302,526,Lobules IV-V,right
460,858,2908,1209,200,599,Lobules IV-V,left
460,895,2747,1206,210,562,Lobules IV-V,right
460,902,2851,1206,211,586,Lobules IV-V,left
460,926,2694,1204,218,550,Lobules IV-V,right
460,952,2850,1203,225,586,Lobules IV-V,left
460,967,3172,1204,229,655,Lobules IV-V,left
460,977,2826,1202,231,580,Lobules IV-V,left
460,1024,2378,1201,244,476,Lobules IV-V,right
460,1043,2285,1202,246,454,Lobules IV-V,right
460,1127,2388,1196,270,478,Lobules IV-V,right
459,894,2665,1206,211,544,Lobules IV-V,right
459,936,2636,1204,221,536,Lobules IV-V,right
459,975,2979,1203,232,614,Lobules IV-V,left
459,861,2840,1209,201,584,Lobules IV-V,left
459,862,2850,1209,201,586,Lobules IV-V,left
459,869,2799,1208,203,575,Lobules IV-V,left
459,884,2757,1207,208,564,Lobules IV-V,right
459,883,3030,1209,206,626,Lobules IV-V,left
459,883,2737,1207,208,560,Lobules IV-V,right
459,891,2570,1207,209,522,Lobules IV-V,right
459,912,2950,1207,214,608,Lobules IV-V,left
459,921,2955,1206,216,609,Lobules IV-V,left
459,924,2710,1204,218,554,Lobules IV-V,right
459,940,2976,1205,222,613,Lobules IV-V,left
459,961,2788,1202,227,572,Lobules IV-V,left
459,985,2385,1204,233,478,Lobules IV-V,right
459,1050,2389,1200,251,479,Lobules IV-V,right
459,854,2678,1208,200,547,Lobules IV-V,right
459,858,2784,1208,201,571,Lobules IV-V,left
459,859,2703,1208,201,553,Lobules IV-V,right
459,860,2741,1208,201,561,Lobules IV-V,right
459,899,2555,1207,212,518,Lobules IV-V,right
459,900,2894,1207,211,596,Lobules IV-V,left
459,909,2977,1207,214,614,Lobules IV-V,left
459,938,2755,1203,222,564,Lobules IV-V,right
459,939,2616,1204,223,532,Lobules IV-V,right
459,943,2705,1203,224,552,Lobules IV-V,right
459,943,2822,1203,223,579,Lobules IV-V,left
459,956,2775,1203,226,568,Lobules IV-V,right
459,959,3073,1204,227,635,Lobules IV-V,left
459,961,2619,1203,228,532,Lobules IV-V,right
459,969,2415,1204,230,485,Lobules IV-V,right
459,971,2873,1202,230,591,Lobules IV-V,left
459,988,2325,1204,232,463,Lobules IV-V,right
459,1036,3065,1200,249,632,Lobules IV-V,left
459,1153,2380,1195,277,475,Lobules IV-V,right
461,872,2754,1208,204,565,Lobules IV-V,right
461,880,2750,1207,206,563,Lobules IV-V,right
461,940,2588,1204,223,526,Lobules IV-V,right
461,855,2898,1210,199,597,Lobules IV-V,left
461,870,2784,1208,203,571,Lobules IV-V,left
461,872,2869,1208,203,590,Lobules IV-V,left
461,872,2677,1208,204,546,Lobules IV-V,right
461,899,2958,1208,211,610,Lobules IV-V,left
461,901,2876,1207,211,591,Lobules IV-V,left
461,913,3009,1207,215,621,Lobules IV-V,left
461,918,2741,1205,217,561,Lobules IV-V,right
461,925,2718,1204,218,556,Lobules IV-V,right
461,929,2595,1205,220,527,Lobules IV-V,right
461,933,2701,1204,221,551,Lobules IV-V,right
461,964,2408,1204,228,484,Lobules IV-V,right
461,967,2744,1202,229,561,Lobules IV-V,right
461,979,2363,1204,231,473,Lobules IV-V,right
461,1015,3215,1202,244,664,Lobules IV-V,left
461,853,2669,1208,200,545,Lobules IV-V,right
461,865,2648,1208,202,540,Lobules IV-V,right
461,872,2888,1209,203,595,Lobules IV-V,left
461,873,3004,1209,204,620,Lobules IV-V,left
461,876,2831,1208,205,581,Lobules IV-V,left
461,892,3030,1209,208,626,Lobules IV-V,left
461,900,2801,1206,211,575,Lobules IV-V,left
461,911,3071,1208,213,634,Lobules IV-V,left
461,929,2472,1206,219,498,Lobules IV-V,right
461,937,2936,1205,221,605,Lobules IV-V,left
461,941,2868,1204,222,590,Lobules IV-V,left
461,949,3073,1205,224,635,Lobules IV-V,left
461,960,2343,1206,225,468,Lobules IV-V,right
461,960,2778,1202,227,570,Lobules IV-V,right
461,970,3002,1203,230,619,Lobules IV-V,left
461,972,2969,1203,230,612,Lobules IV-V,left
461,974,2353,1205,229,471,Lobules IV-V,right
461,977,2925,1203,232,602,Lobules IV-V,left
461,977,2932,1203,232,603,Lobules IV-V,left
461,978,2844,1202,233,584,Lobules IV-V,left
461,980,2385,1204,232,478,Lobules IV-V,right
461,983,2402,1203,233,481,Lobules IV-V,right
461,1047,2291,1202,246,455,Lobules IV-V,right
463,989,2366,1202,233,473,Lobules IV-V,right
463,912,2759,1204,214,565,Lobules IV-V,right
463,875,2794,1206,205,574,Lobules IV-V,left
463,873,3023,1208,203,625,Lobules IV-V,left
463,893,2731,1204,210,559,Lobules IV-V,right
463,893,3049,1207,209,630,Lobules IV-V,left
463,900,3039,1206,210,628,Lobules IV-V,left
463,904,2738,1204,213,561,Lobules IV-V,right
463,908,2730,1204,214,559,Lobules IV-V,right
463,907,2775,1204,213,569,Lobules IV-V,right
463,921,2393,1206,215,480,Lobules IV-V,right
463,924,2611,1203,218,531,Lobules IV-V,right
463,936,2855,1203,220,587,Lobules IV-V,left
463,940,2626,1202,222,534,Lobules IV-V,right
463,994,2380,1201,235,477,Lobules IV-V,right
463,1081,2277,1199,255,452,Lobules IV-V,right
463,844,2800,1207,197,575,Lobules IV-V,left
463,849,2901,1208,197,597,Lobules IV-V,left
463,859,2765,1206,201,567,Lobules IV-V,right
463,866,2889,1207,202,595,Lobules IV-V,left
463,867,2905,1207,202,598,Lobules IV-V,left
463,871,2652,1206,204,540,Lobules IV-V,right
463,874,2882,1206,204,593,Lobules IV-V,left
463,880,2781,1205,206,570,Lobules IV-V,right
463,888,2659,1205,209,543,Lobules IV-V,right
463,901,2435,1206,210,490,Lobules IV-V,right
463,911,2695,1204,214,550,Lobules IV-V,right
463,915,2833,1204,215,582,Lobules IV-V,left
463,928,3002,1204,219,619,Lobules IV-V,left
463,960,2336,1204,224,466,Lobules IV-V,right
463,981,2334,1203,230,466,Lobules IV-V,right
463,1015,2344,1201,240,468,Lobules IV-V,right
463,1023,2359,1200,243,472,Lobules IV-V,right
463,1036,2361,1199,246,472,Lobules IV-V,right
463,1048,2398,1198,251,481,Lobules IV-V,right
462,891,3038,1208,207,628,Lobules IV-V,left
462,851,2791,1208,198,573,Lobules IV-V,left
462,872,2695,1207,204,551,Lobules IV-V,right
462,881,2618,1206,206,533,Lobules IV-V,right
462,881,2970,1208,205,613,Lobules IV-V,left
462,884,3010,1208,206,621,Lobules IV-V,left
462,889,2837,1206,209,583,Lobules IV-V,left
462,897,2632,1206,210,536,Lobules IV-V,right
462,897,2776,1205,210,569,Lobules IV-V,right
462,927,2664,1204,218,543,Lobules IV-V,right
462,927,2673,1204,218,546,Lobules IV-V,right
462,928,3016,1205,219,622,Lobules IV-V,left
462,934,2776,1203,221,569,Lobules IV-V,right
462,940,2674,1203,222,545,Lobules IV-V,right
462,944,2655,1203,224,541,Lobules IV-V,right
462,960,2658,1202,228,542,Lobules IV-V,right
462,959,2851,1202,227,586,Lobules IV-V,left
462,960,2636,1202,228,536,Lobules IV-V,right
462,975,2388,1203,230,479,Lobules IV-V,right
462,984,2318,1204,231,462,Lobules IV-V,right
462,1025,2329,1201,242,464,Lobules IV-V,right
462,1044,2353,1200,248,470,Lobules IV-V,right
462,1055,2333,1200,251,466,Lobules IV-V,right
462,1069,2378,1198,256,476,Lobules IV-V,right
462,1815,2418,1161,412,476,Nodulus (X),right
462,872,2685,1207,204,549,Lobules IV-V,right
462,883,2707,1206,208,553,Lobules IV-V,right
462,884,2561,1207,208,519,Lobules IV-V,right
462,888,2718,1205,209,556,Lobules IV-V,right
462,892,2687,1206,209,548,Lobules IV-V,right
462,903,2713,1205,213,555,Lobules IV-V,right
462,922,3062,1206,216,632,Lobules IV-V,left
462,930,2892,1204,219,595,Lobules IV-V,left
462,930,2472,1205,219,498,Lobules IV-V,right
462,939,2886,1203,222,593,Lobules IV-V,left
462,944,2740,1202,223,560,Lobules IV-V,right
462,945,2714,1202,223,555,Lobules IV-V,right
462,946,2924,1204,223,602,Lobules IV-V,left
462,948,2630,1203,225,535,Lobules IV-V,right
462,950,2363,1205,223,473,Lobules IV-V,right
462,957,2398,1204,225,481,Lobules IV-V,right
462,1007,2342,1202,237,467,Lobules IV-V,right
462,1021,2392,1201,242,479,Lobules IV-V,right
462,1049,2375,1199,250,475,Lobules IV-V,right
462,1067,2344,1199,254,468,Lobules IV-V,right
462,1082,2317,1199,257,461,Lobules IV-V,right
464,968,2689,1200,230,549,Lobules IV-V,right
464,867,2724,1206,202,558,Lobules IV-V,right
464,878,2686,1205,206,548,Lobules IV-V,right
464,887,3026,1207,206,625,Lobules IV-V,left
464,890,2578,1205,209,524,Lobules IV-V,right
464,898,2921,1205,211,601,Lobules IV-V,left
464,930,3023,1204,219,624,Lobules IV-V,left
464,941,2602,1202,222,528,Lobules IV-V,right
464,1002,2337,1202,235,466,Lobules IV-V,right
464,1008,2341,1201,238,467,Lobules IV-V,right
464,1046,2276,1200,245,451,Lobules IV-V,right
464,843,2853,1208,196,587,Lobules IV-V,left
464,847,2780,1207,197,570,Lobules IV-V,right
464,855,2714,1207,199,556,Lobules IV-V,right
464,870,2788,1206,203,573,Lobules IV-V,left
464,874,2672,1206,205,545,Lobules IV-V,right
464,876,2842,1206,204,584,Lobules IV-V,left
464,878,2959,1207,205,610,Lobules IV-V,left
464,909,2418,1206,213,486,Lobules IV-V,right
464,910,2920,1205,214,601,Lobules IV-V,left
464,911,2660,1204,214,542,Lobules IV-V,right
464,920,2834,1203,216,582,Lobules IV-V,left
464,931,2991,1204,219,617,Lobules IV-V,left
464,938,2914,1203,222,600,Lobules IV-V,left
464,939,2830,1202,222,581,Lobules IV-V,left
464,939,3035,1204,222,627,Lobules IV-V,left
464,946,2405,1204,222,483,Lobules IV-V,right
464,947,2371,1204,221,474,Lobules IV-V,right
464,950,2396,1204,223,480,Lobules IV-V,right
464,959,3019,1203,227,623,Lobules IV-V,left
464,969,2957,1202,230,609,Lobules IV-V,left
464,986,2348,1202,232,469,Lobules IV-V,right
464,1007,2375,1201,238,475,Lobules IV-V,right
464,1011,2337,1201,238,466,Lobules IV-V,right
465,964,2864,1201,228,589,Lobules IV-V,left
465,871,2921,1207,203,602,Lobules IV-V,left
465,874,2913,1207,204,600,Lobules IV-V,left
465,895,2948,1206,209,608,Lobules IV-V,left
465,905,2624,1204,213,534,Lobules IV-V,right
465,850,2864,1208,198,589,Lobules IV-V,left
465,869,2989,1208,202,617,Lobules IV-V,left
465,884,2675,1205,208,546,Lobules IV-V,right
465,891,2631,1205,209,536,Lobules IV-V,right
465,898,2591,1205,212,526,Lobules IV-V,right
465,941,2821,1202,222,579,Lobules IV-V,left
465,949,2894,1202,224,596,Lobules IV-V,left
465,977,2374,1203,230,475,Lobules IV-V,right
465,977,2344,1203,229,468,Lobules IV-V,right
465,995,2341,1202,234,467,Lobules IV-V,right
465,1007,2360,1201,237,472,Lobules IV-V,right
465,843,2738,1207,197,561,Lobules IV-V,right
465,845,2733,1207,197,560,Lobules IV-V,right
465,855,2651,1207,199,541,Lobules IV-V,right
465,897,2858,1205,210,588,Lobules IV-V,left
465,929,2789,1203,219,572,Lobules IV-V,left
465,935,2928,1203,220,604,Lobules IV-V,left
465,945,2755,1202,223,564,Lobules IV-V,right
465,952,2841,1202,224,583,Lobules IV-V,left
465,959,2736,1201,227,559,Lobules IV-V,right
465,979,2399,1202,232,481,Lobules IV-V,right
465,1024,2354,1200,243,470,Lobules IV-V,right
465,1034,2306,1200,244,459,Lobules IV-V,right
465,1108,2292,1197,264,455,Lobules IV-V,right
467,891,2669,1203,209,545,Lobules IV-V,right
467,877,2639,1204,205,538,Lobules IV-V,right
467,950,2751,1200,224,563,Lobules IV-V,right
467,842,2755,1206,195,565,Lobules IV-V,right
467,844,2777,1205,196,569,Lobules IV-V,right
467,889,2821,1203,208,579,Lobules IV-V,left
467,890,2750,1203,208,563,Lobules IV-V,right
467,893,2828,1203,210,581,Lobules IV-V,left
467,907,2677,1202,213,546,Lobules IV-V,right
467,910,2738,1202,214,561,Lobules IV-V,right
467,911,3089,1204,212,639,Lobules IV-V,left
467,932,2419,1203,218,486,Lobules IV-V,right
467,950,2833,1200,224,582,Lobules IV-V,left
467,976,2335,1201,228,466,Lobules IV-V,right
467,991,2350,1200,233,469,Lobules IV-V,right
467,1052,2365,1197,250,473,Lobules IV-V,right
467,834,2850,1206,194,586,Lobules IV-V,left
467,839,2728,1206,195,559,Lobules IV-V,right
467,843,2654,1205,196,542,Lobules IV-V,right
467,845,2717,1205,197,556,Lobules IV-V,right
467,847,2684,1205,197,549,Lobules IV-V,right
467,852,2703,1205,198,553,Lobules IV-V,right
467,854,2679,1205,199,548,Lobules IV-V,right
467,857,2900,1206,199,597,Lobules IV-V,left
467,868,2619,1204,203,534,Lobules IV-V,right
467,868,3053,1206,201,631,Lobules IV-V,left
467,874,2667,1204,205,544,Lobules IV-V,right
467,878,2812,1204,206,577,Lobules IV-V,left
467,881,2933,1205,205,605,Lobules IV-V,left
467,905,2655,1202,213,541,Lobules IV-V,right
467,906,3099,1204,211,641,Lobules IV-V,left
467,907,2809,1202,212,577,Lobules IV-V,left
467,908,2864,1203,213,589,Lobules IV-V,left
467,917,3160,1204,213,654,Lobules IV-V,left
467,927,2662,1201,218,542,Lobules IV-V,right
467,944,2804,1200,223,576,Lobules IV-V,left
467,948,2602,1200,225,528,Lobules IV-V,right
467,952,3186,1202,224,659,Lobules IV-V,left
467,963,3211,1201,228,664,Lobules IV-V,left
467,970,2327,1202,226,464,Lobules IV-V,right
467,986,2398,1200,233,481,Lobules IV-V,right
467,1004,2347,1199,237,468,Lobules IV-V,right
467,1017,3290,1201,243,680,Lobules IV-V,left
467,1039,2288,1198,244,455,Lobules IV-V,right
467,1053,2382,1196,251,476,Lobules IV-V,right
466,854,2821,1206,199,579,Lobules IV-V,left
466,861,2830,1206,200,582,Lobules IV-V,left
466,874,2634,1205,205,537,Lobules IV-V,right
466,884,2883,1205,207,594,Lobules IV-V,left
466,885,3008,1206,206,621,Lobules IV-V,left
466,892,2793,1204,208,574,Lobules IV-V,left
466,900,2743,1203,211,562,Lobules IV-V,right
466,923,2656,1202,218,541,Lobules IV-V,right
466,924,2673,1202,218,546,Lobules IV-V,right
466,928,2378,1204,217,477,Lobules IV-V,right
466,931,2772,1202,219,568,Lobules IV-V,right
466,936,2372,1204,218,474,Lobules IV-V,right
466,946,3212,1203,222,664,Lobules IV-V,left
466,970,2387,1202,228,478,Lobules IV-V,right
466,972,2634,1200,230,536,Lobules IV-V,right
466,1042,2380,1198,247,476,Lobules IV-V,right
466,849,2943,1208,197,607,Lobules IV-V,left
466,863,2603,1206,202,530,Lobules IV-V,right
466,866,2963,1207,201,612,Lobules IV-V,left
466,873,2972,1206,204,613,Lobules IV-V,left
466,874,2964,1206,204,612,Lobules IV-V,left
466,874,2650,1205,205,540,Lobules IV-V,right
466,878,2702,1204,206,552,Lobules IV-V,right
466,881,2953,1206,205,609,Lobules IV-V,left
466,891,2872,1205,208,590,Lobules IV-V,left
466,895,2662,1204,210,543,Lobules IV-V,right
466,899,2959,1205,211,610,Lobules IV-V,left
466,903,2936,1204,212,605,Lobules IV-V,left
466,906,2584,1204,213,525,Lobules IV-V,right
466,908,2768,1203,214,568,Lobules IV-V,right
466,916,2609,1203,216,531,Lobules IV-V,right
466,929,3172,1204,218,656,Lobules IV-V,left
466,934,2638,1202,221,538,Lobules IV-V,right
466,935,2806,1202,220,576,Lobules IV-V,left
466,937,3125,1203,220,646,Lobules IV-V,left
466,940,2680,1201,222,547,Lobules IV-V,right
466,958,2633,1200,227,536,Lobules IV-V,right
466,963,2630,1200,229,535,Lobules IV-V,right
466,1004,2301,1201,235,457,Lobules IV-V,right
466,1041,2307,1199,245,459,Lobules IV-V,right
466,1046,2297,1199,246,456,Lobules IV-V,right
466,1050,2319,1198,248,462,Lobules IV-V,right
466,1098,2295,1196,261,456,Lobules IV-V,right
468,574,2553,1214,116,523,Declive (VI),right
468,842,2821,1206,195,580,Lobules IV-V,left
468,868,2694,1204,203,551,Lobules IV-V,right
468,873,2564,1205,205,521,Lobules IV-V,right
468,919,3038,1203,216,628,Lobules IV-V,left
468,919,3115,1203,215,644,Lobules IV-V,left
468,936,2402,1203,219,482,Lobules IV-V,right
468,1022,3202,1198,245,661,Lobules IV-V,left
468,1034,3221,1198,249,665,Lobules IV-V,left
468,1061,2376,1196,252,475,Lobules IV-V,right
468,1088,2355,1195,260,470,Lobules IV-V,right
468,829,2750,1206,192,564,Lobules IV-V,right
468,837,2786,1206,194,572,Lobules IV-V,left
468,848,2956,1207,197,609,Lobules IV-V,left
468,858,2863,1205,200,589,Lobules IV-V,left
468,866,2604,1205,202,530,Lobules IV-V,right
468,893,2571,1204,210,522,Lobules IV-V,right
468,897,2767,1203,210,567,Lobules IV-V,right
468,899,2878,1203,211,593,Lobules IV-V,left
468,901,2854,1203,211,587,Lobules IV-V,left
468,903,2414,1205,211,485,Lobules IV-V,right
468,906,2901,1203,212,597,Lobules IV-V,left
468,915,2694,1202,215,551,Lobules IV-V,right
468,916,2771,1202,215,568,Lobules IV-V,right
468,923,3189,1203,216,660,Lobules IV-V,left
468,924,2686,1201,218,548,Lobules IV-V,right
468,926,2839,1202,217,584,Lobules IV-V,left
468,928,2780,1201,219,570,Lobules IV-V,right
468,929,3208,1203,218,664,Lobules IV-V,left
468,934,2646,1201,221,539,Lobules IV-V,right
468,936,3144,1202,219,650,Lobules IV-V,left
468,938,2744,1200,222,562,Lobules IV-V,right
468,944,2363,1203,221,473,Lobules IV-V,right
468,946,3134,1202,222,648,Lobules IV-V,left
468,994,2314,1201,233,461,Lobules IV-V,right
468,1109,2308,1195,264,460,Lobules IV-V,right
468,1143,2309,1193,273,460,Lobules IV-V,right
469,886,3050,1205,206,630,Lobules IV-V,left
469,906,2756,1202,212,564,Lobules IV-V,right
469,883,2937,1205,207,605,Lobules IV-V,left
469,890,2442,1205,208,491,Lobules IV-V,right
469,940,2631,1201,222,535,Lobules IV-V,right
469,986,3179,1200,234,657,Lobules IV-V,left
469,855,2739,1205,199,561,Lobules IV-V,right
469,862,2770,1205,200,568,Lobules IV-V,right
469,862,3015,1207,199,623,Lobules IV-V,left
469,864,2822,1205,202,579,Lobules IV-V,left
469,869,2641,1204,203,538,Lobules IV-V,right
469,870,2588,1205,203,527,Lobules IV-V,right
469,874,2922,1205,204,602,Lobules IV-V,left
469,882,2656,1204,206,542,Lobules IV-V,right
469,882,2773,1204,206,569,Lobules IV-V,right
469,883,3023,1205,206,625,Lobules IV-V,left
469,888,2783,1203,208,571,Lobules IV-V,left
469,889,2685,1203,209,548,Lobules IV-V,right
469,897,2839,1203,210,584,Lobules IV-V,left
469,898,2871,1203,211,590,Lobules IV-V,left
469,933,2617,1201,221,532,Lobules IV-V,right
469,950,2393,1202,223,480,Lobules IV-V,right
469,986,2381,1200,232,477,Lobules IV-V,right
469,993,2383,1200,235,478,Lobules IV-V,right
469,1004,2395,1199,238,480,Lobules IV-V,right
469,1008,2366,1199,239,473,Lobules IV-V,right
469,1051,2374,1197,250,475,Lobules IV-V,right
469,1052,2264,1198,246,449,Lobules IV-V,right
469,847,2698,1205,197,552,Lobules IV-V,right
469,846,2879,1206,196,593,Lobules IV-V,left
469,850,2718,1205,198,557,Lobules IV-V,right
469,856,2685,1205,199,549,Lobules IV-V,right
469,856,2974,1207,198,614,Lobules IV-V,left
469,857,2617,1205,199,533,Lobules IV-V,right
469,864,2847,1205,202,585,Lobules IV-V,left
469,870,2841,1205,203,584,Lobules IV-V,left
469,877,3045,1206,203,629,Lobules IV-V,left
469,877,2963,1206,204,612,Lobules IV-V,left
469,879,2785,1204,206,571,Lobules IV-V,left
469,880,2862,1204,206,588,Lobules IV-V,left
469,880,2744,1204,206,562,Lobules IV-V,right
469,882,2753,1204,206,565,Lobules IV-V,right
469,897,2625,1203,210,534,Lobules IV-V,right
469,897,2971,1204,209,613,Lobules IV-V,left
469,911,2579,1203,214,524,Lobules IV-V,right
469,922,3052,1203,216,630,Lobules IV-V,left
469,948,2630,1200,225,535,Lobules IV-V,right
469,958,2978,1201,227,614,Lobules IV-V,left
469,995,2315,1201,233,461,Lobules IV-V,right
469,1028,2386,1198,245,478,Lobules IV-V,right
469,1039,2375,1197,247,475,Lobules IV-V,right
469,1052,2298,1198,248,457,Lobules IV-V,right
469,1096,2297,1196,260,456,Lobules IV-V,right
469,1135,2257,1195,269,447,Lobules IV-V,right
470,1010,2348,1198,238,469,Lobules IV-V,right
470,877,3057,1205,203,631,Lobules IV-V,left
470,880,2839,1203,206,584,Lobules IV-V,left
470,1016,2375,1198,240,475,Lobules IV-V,right
470,839,2905,1206,195,598,Lobules IV-V,left
470,842,2887,1206,195,594,Lobules IV-V,left
470,844,2666,1205,196,544,Lobules IV-V,right
470,851,2964,1206,197,612,Lobules IV-V,left
470,866,2886,1204,201,594,Lobules IV-V,left
470,888,3036,1204,207,627,Lobules IV-V,left
470,894,2603,1202,210,530,Lobules IV-V,right
470,914,2381,1204,213,477,Lobules IV-V,right
470,926,3162,1202,216,654,Lobules IV-V,left
470,927,2919,1202,217,601,Lobules IV-V,left
470,926,3140,1202,216,649,Lobules IV-V,left
470,939,2915,1201,221,600,Lobules IV-V,left
470,948,2373,1202,223,476,Lobules IV-V,right
470,950,2760,1199,224,565,Lobules IV-V,right
470,973,2365,1200,229,473,Lobules IV-V,right
470,1001,2320,1199,234,462,Lobules IV-V,right
470,1025,2324,1198,241,463,Lobules IV-V,right
470,1053,2315,1196,249,461,Lobules IV-V,right
470,1063,2361,1195,253,472,Lobules IV-V,right
470,850,2994,1206,196,618,Lobules IV-V,left
470,852,2639,1204,198,538,Lobules IV-V,right
470,857,2848,1205,199,586,Lobules IV-V,left
470,875,2570,1204,204,522,Lobules IV-V,right
470,891,2575,1203,209,523,Lobules IV-V,right
470,900,2975,1203,210,614,Lobules IV-V,left
470,904,2627,1202,213,534,Lobules IV-V,right
470,905,2400,1204,211,482,Lobules IV-V,right
470,913,2901,1202,215,597,Lobules IV-V,left
470,912,3096,1203,212,640,Lobules IV-V,left
470,915,3015,1203,214,622,Lobules IV-V,left
470,919,2881,1201,216,593,Lobules IV-V,left
470,924,2789,1201,217,572,Lobules IV-V,left
470,951,2727,1199,224,557,Lobules IV-V,right
470,962,3050,1200,227,630,Lobules IV-V,left
470,972,2548,1199,230,516,Lobules IV-V,right
470,984,2365,1200,232,473,Lobules IV-V,right
470,985,3116,1199,234,643,Lobules IV-V,left
470,1042,2300,1197,245,458,Lobules IV-V,right
470,1056,2385,1195,251,477,Lobules IV-V,right
470,1122,2225,1195,264,440,Declive (VI),right
472,867,2702,1203,202,552,Lobules IV-V,right
472,861,2711,1203,200,555,Lobules IV-V,right
472,880,3006,1204,205,620,Lobules IV-V,left
472,882,2877,1203,205,592,Lobules IV-V,left
472,942,2389,1201,220,479,Lobules IV-V,right
472,947,2841,1199,222,584,Lobules IV-V,left
472,834,2754,1204,194,565,Lobules IV-V,right
472,840,2785,1204,195,572,Lobules IV-V,left
472,851,2801,1204,198,575,Lobules IV-V,left
472,852,2840,1204,197,584,Lobules IV-V,left
472,854,2704,1203,199,553,Lobules IV-V,right
472,867,2866,1203,201,589,Lobules IV-V,left
472,875,2940,1204,204,606,Lobules IV-V,left
472,899,2921,1202,210,602,Lobules IV-V,left
472,901,2801,1201,211,575,Lobules IV-V,left
472,902,2815,1201,211,578,Lobules IV-V,left
472,909,2674,1200,214,546,Lobules IV-V,right
472,918,2374,1203,214,476,Lobules IV-V,right
472,925,2650,1200,218,540,Lobules IV-V,right
472,932,2720,1199,219,556,Lobules IV-V,right
472,981,2352,1199,230,470,Lobules IV-V,right
472,1003,2330,1198,236,465,Lobules IV-V,right
472,853,3016,1205,198,623,Lobules IV-V,left
472,879,2582,1203,206,524,Lobules IV-V,right
472,908,2997,1202,213,618,Lobules IV-V,left
472,912,2972,1202,213,613,Lobules IV-V,left
472,912,3016,1202,213,622,Lobules IV-V,left
472,917,2929,1201,214,604,Lobules IV-V,left
472,919,2831,1200,216,581,Lobules IV-V,left
472,921,2918,1201,216,601,Lobules IV-V,left
472,921,2750,1200,216,563,Lobules IV-V,right
472,928,2355,1202,216,471,Lobules IV-V,right
472,934,2628,1199,220,535,Lobules IV-V,right
472,990,2346,1199,232,468,Lobules IV-V,right
472,992,2361,1198,233,472,Lobules IV-V,right
472,1028,2356,1196,244,471,Lobules IV-V,right
472,1063,2343,1195,253,468,Lobules IV-V,right
471,877,2792,1202,204,573,Lobules IV-V,left
471,951,3223,1201,223,667,Lobules IV-V,left
471,828,2805,1204,192,576,Lobules IV-V,left
471,834,2797,1204,194,574,Lobules IV-V,left
471,839,2674,1204,195,547,Lobules IV-V,right
471,853,2829,1203,199,582,Lobules IV-V,left
471,859,2724,1203,200,558,Lobules IV-V,right
471,866,2876,1203,201,592,Lobules IV-V,left
471,872,3024,1204,202,625,Lobules IV-V,left
471,877,2830,1203,204,582,Lobules IV-V,left
471,889,2704,1201,208,553,Lobules IV-V,right
471,895,2732,1201,210,559,Lobules IV-V,right
471,897,2639,1201,210,538,Lobules IV-V,right
471,909,2732,1200,213,559,Lobules IV-V,right
471,915,2824,1200,215,580,Lobules IV-V,left
471,917,2599,1201,215,529,Lobules IV-V,right
471,938,2865,1200,221,589,Lobules IV-V,left
471,941,2609,1199,222,531,Lobules IV-V,right
471,976,2357,1199,229,471,Lobules IV-V,right
471,987,2308,1199,230,460,Lobules IV-V,right
471,1027,2362,1196,242,472,Lobules IV-V,right
471,831,2761,1204,192,566,Lobules IV-V,right
471,846,2686,1204,196,549,Lobules IV-V,right
471,854,2880,1204,199,593,Lobules IV-V,left
471,860,2951,1204,200,608,Lobules IV-V,left
471,881,2724,1202,206,558,Lobules IV-V,right
471,885,2829,1202,207,582,Lobules IV-V,left
471,897,2992,1203,209,617,Lobules IV-V,left
471,908,2700,1200,214,552,Lobules IV-V,right
471,914,2995,1202,214,618,Lobules IV-V,left
471,917,2911,1201,214,599,Lobules IV-V,left
471,921,3207,1202,215,663,Lobules IV-V,left
471,927,2610,1200,218,531,Lobules IV-V,right
471,927,2375,1202,216,476,Lobules IV-V,right
471,927,2620,1200,218,533,Lobules IV-V,right
471,928,2894,1200,218,596,Lobules IV-V,left
471,942,2821,1199,221,579,Lobules IV-V,left
471,966,2339,1200,225,467,Lobules IV-V,right
471,971,2374,1199,228,476,Lobules IV-V,right
471,990,2283,1199,230,454,Lobules IV-V,right
471,1044,2355,1195,248,470,Lobules IV-V,right
482,1014,2356,1193,239,471,Lobules IV-V,right
482,845,2788,1199,196,573,Lobules IV-V,left
482,886,3001,1199,206,619,Lobules IV-V,left
482,922,2827,1196,215,580,Lobules IV-V,left
482,816,2729,1200,188,560,Lobules IV-V,right
482,807,2753,1201,185,565,Lobules IV-V,right
482,816,2644,1201,188,540,Lobules IV-V,right
482,824,2938,1201,190,606,Lobules IV-V,left
482,845,2834,1199,196,583,Lobules IV-V,left
482,845,3044,1201,194,629,Lobules IV-V,left
482,848,2499,1201,197,506,Lobules IV-V,right
482,869,3061,1200,201,632,Lobules IV-V,left
482,873,3086,1199,202,638,Lobules IV-V,left
482,883,2388,1200,205,480,Lobules IV-V,right
482,891,2882,1198,207,593,Lobules IV-V,left
482,897,2621,1198,209,534,Lobules IV-V,right
482,911,2962,1198,212,610,Lobules IV-V,left
482,978,2358,1195,230,472,Lobules IV-V,right
482,1033,2337,1192,244,466,Lobules IV-V,right
482,1044,2338,1191,247,467,Lobules IV-V,right
482,1087,2274,1190,255,452,Lobules IV-V,right
482,809,2878,1201,186,593,Lobules IV-V,left
482,814,2871,1201,188,591,Lobules IV-V,left
482,834,2963,1201,192,612,Lobules IV-V,left
482,839,2905,1200,194,598,Lobules IV-V,left
482,846,2851,1200,196,586,Lobules IV-V,left
482,852,2756,1199,197,565,Lobules IV-V,right
482,856,2673,1199,199,547,Lobules IV-V,right
482,859,2609,1199,200,532,Lobules IV-V,right
482,861,2568,1200,200,522,Lobules IV-V,right
482,870,2928,1199,202,604,Lobules IV-V,left
482,872,2762,1198,202,566,Lobules IV-V,right
482,876,2823,1198,204,581,Lobules IV-V,left
482,878,2926,1199,205,603,Lobules IV-V,left
482,878,3033,1199,204,627,Lobules IV-V,left
482,879,2802,1198,205,575,Lobules IV-V,left
482,883,2949,1199,206,608,Lobules IV-V,left
482,888,2859,1198,207,588,Lobules IV-V,left
482,896,2710,1197,209,554,Lobules IV-V,right
482,897,3075,1198,208,636,Lobules IV-V,left
482,908,2687,1197,213,549,Lobules IV-V,right
482,930,2730,1196,218,559,Lobules IV-V,right
482,934,2499,1196,220,505,Lobules IV-V,right
482,937,2920,1196,219,602,Lobules IV-V,left
482,943,2624,1195,222,534,Lobules IV-V,right
482,980,2268,1196,226,451,Lobules IV-V,right
482,984,2317,1195,230,461,Lobules IV-V,right
482,990,2362,1194,232,472,Lobules IV-V,right
482,990,2308,1195,231,460,Lobules IV-V,right
482,1014,2292,1194,237,455,Lobules IV-V,right
482,1041,2352,1192,246,469,Lobules IV-V,right
482,1053,2308,1191,248,460,Lobules IV-V,right
482,1074,2300,1190,254,458,Lobules IV-V,right
482,1094,2389,1188,261,478,Lobules IV-V,right
473,872,2823,1203,203,581,Lobules IV-V,left
473,960,3000,1199,227,619,Lobules IV-V,left
473,826,2859,1205,191,589,Lobules IV-V,left
473,829,2673,1204,192,547,Lobules IV-V,right
473,846,2593,1204,196,528,Lobules IV-V,right
473,855,2646,1203,199,540,Lobules IV-V,right
473,874,2779,1202,204,570,Lobules IV-V,right
473,892,3057,1203,207,631,Lobules IV-V,left
473,894,2914,1202,209,600,Lobules IV-V,left
473,894,2600,1202,210,529,Lobules IV-V,right
473,900,2848,1201,211,586,Lobules IV-V,left
473,901,2601,1201,211,529,Lobules IV-V,right
473,906,2649,1201,212,540,Lobules IV-V,right
473,915,2621,1201,215,533,Lobules IV-V,right
473,920,2951,1201,216,608,Lobules IV-V,left
473,923,2800,1200,217,575,Lobules IV-V,left
473,937,2669,1199,220,545,Lobules IV-V,right
473,959,2344,1200,224,468,Lobules IV-V,right
473,972,2377,1199,228,476,Lobules IV-V,right
473,1072,2356,1194,254,470,Lobules IV-V,right
473,820,2841,1205,189,584,Lobules IV-V,left
473,824,2789,1205,191,573,Lobules IV-V,left
473,835,2876,1205,193,592,Lobules IV-V,left
473,841,2665,1204,195,544,Lobules IV-V,right
473,845,2801,1204,196,575,Lobules IV-V,left
473,855,2977,1205,198,614,Lobules IV-V,left
473,859,2653,1203,200,542,Lobules IV-V,right
473,861,2559,1204,200,520,Lobules IV-V,right
473,867,2577,1203,202,523,Lobules IV-V,right
473,876,2978,1204,203,615,Lobules IV-V,left
473,880,2896,1203,205,596,Lobules IV-V,left
473,892,3109,1203,206,643,Lobules IV-V,left
473,893,2908,1202,209,599,Lobules IV-V,left
473,895,2414,1204,208,485,Lobules IV-V,right
473,896,3079,1203,208,637,Lobules IV-V,left
473,903,3080,1202,211,637,Lobules IV-V,left
473,910,2745,1200,213,562,Lobules IV-V,right
473,913,2964,1202,214,611,Lobules IV-V,left
473,929,2951,1201,218,608,Lobules IV-V,left
473,931,2956,1201,218,609,Lobules IV-V,left
473,938,2717,1199,221,555,Lobules IV-V,right
473,953,2615,1199,226,532,Lobules IV-V,right
473,956,2485,1199,226,501,Lobules IV-V,right
473,966,2630,1198,228,535,Lobules IV-V,right
473,976,2325,1200,228,464,Lobules IV-V,right
473,1002,2362,1198,236,472,Lobules IV-V,right
473,1033,2380,1196,246,476,Lobules IV-V,right
473,1046,2343,1196,247,468,Lobules IV-V,right
474,1063,3244,1194,258,670,Lobules IV-V,left
474,835,2702,1203,194,552,Lobules IV-V,right
474,847,2813,1203,196,578,Lobules IV-V,left
474,848,2697,1203,198,551,Lobules IV-V,right
474,854,2938,1204,198,606,Lobules IV-V,left
474,858,2577,1203,200,523,Lobules IV-V,right
474,861,2694,1202,200,551,Lobules IV-V,right
474,861,2904,1203,200,598,Lobules IV-V,left
474,863,2965,1203,201,612,Lobules IV-V,left
474,869,2561,1203,203,520,Lobules IV-V,right
474,870,3006,1203,202,620,Lobules IV-V,left
474,873,2880,1202,204,593,Lobules IV-V,left
474,885,2615,1201,207,532,Lobules IV-V,right
474,885,2729,1201,207,559,Lobules IV-V,right
474,893,2990,1202,209,617,Lobules IV-V,left
474,901,2745,1200,211,562,Lobules IV-V,right
474,917,2360,1202,212,472,Lobules IV-V,right
474,929,3197,1200,217,661,Lobules IV-V,left
474,933,3183,1200,219,659,Lobules IV-V,left
474,938,3161,1200,220,653,Lobules IV-V,left
474,956,3023,1199,225,624,Lobules IV-V,left
474,971,2310,1199,226,460,Lobules IV-V,right
474,993,2329,1198,233,465,Lobules IV-V,right
474,1038,2310,1195,245,460,Lobules IV-V,right
474,1944,1940,1150,435,370,Interposed nucleus,right
474,833,2918,1204,193,602,Lobules IV-V,left
474,838,2816,1203,195,578,Lobules IV-V,left
474,839,2897,1204,194,596,Lobules IV-V,left
474,844,2993,1205,195,618,Lobules IV-V,left
474,853,2855,1203,199,587,Lobules IV-V,left
474,855,2550,1203,199,517,Lobules IV-V,right
474,857,3034,1204,197,627,Lobules IV-V,left
474,860,2813,1202,200,578,Lobules IV-V,left
474,869,2671,1202,203,545,Lobules IV-V,right
474,871,2928,1203,202,604,Lobules IV-V,left
474,877,2705,1201,204,553,Lobules IV-V,right
474,876,2856,1202,204,587,Lobules IV-V,left
474,881,2861,1202,205,588,Lobules IV-V,left
474,882,2960,1203,205,610,Lobules IV-V,left
474,894,2692,1200,210,550,Lobules IV-V,right
474,901,3024,1202,210,625,Lobules IV-V,left
474,903,2729,1200,212,559,Lobules IV-V,right
474,906,2986,1201,211,616,Lobules IV-V,left
474,909,2635,1200,214,537,Lobules IV-V,right
474,915,2922,1200,214,602,Lobules IV-V,left
474,920,2595,1200,216,527,Lobules IV-V,right
474,948,2338,1200,221,467,Lobules IV-V,right
474,1001,2353,1197,235,471,Lobules IV-V,right
474,1011,2359,1196,238,472,Lobules IV-V,right
474,1027,2274,1197,239,452,Lobules IV-V,right
474,1045,2326,1195,247,463,Lobules IV-V,right
474,1047,2336,1195,247,466,Lobules IV-V,right
474,1059,2309,1194,250,460,Lobules IV-V,right
474,1101,2294,1193,261,457,Lobules IV-V,right
479,927,2771,1197,217,568,Lobules IV-V,right
479,935,2677,1196,219,546,Lobules IV-V,right
479,1012,2378,1194,238,477,Lobules IV-V,right
479,830,2788,1201,192,573,Lobules IV-V,left
479,843,2664,1200,196,544,Lobules IV-V,right
479,852,2888,1201,197,595,Lobules IV-V,left
479,858,2856,1200,200,587,Lobules IV-V,left
479,858,2799,1200,200,575,Lobules IV-V,left
479,870,2772,1199,203,568,Lobules IV-V,right
479,870,2648,1199,203,541,Lobules IV-V,right
479,873,2664,1199,204,544,Lobules IV-V,right
479,873,2786,1199,204,572,Lobules IV-V,left
479,877,2690,1199,204,550,Lobules IV-V,right
479,878,3002,1200,204,619,Lobules IV-V,left
479,881,2755,1199,205,565,Lobules IV-V,right
479,883,2718,1198,206,557,Lobules IV-V,right
479,899,2754,1198,210,565,Lobules IV-V,right
479,899,2916,1199,210,601,Lobules IV-V,left
479,905,2675,1198,212,546,Lobules IV-V,right
479,917,2842,1197,214,584,Lobules IV-V,left
479,954,2355,1197,223,471,Lobules IV-V,right
479,822,2723,1201,189,558,Lobules IV-V,right
479,827,2690,1201,191,550,Lobules IV-V,right
479,828,2751,1201,192,564,Lobules IV-V,right
479,835,2771,1200,193,568,Lobules IV-V,right
479,838,3000,1202,193,619,Lobules IV-V,left
479,850,3046,1202,196,629,Lobules IV-V,left
479,860,3001,1201,199,619,Lobules IV-V,left
479,885,2940,1200,206,606,Lobules IV-V,left
479,889,3100,1200,206,641,Lobules IV-V,left
479,893,2719,1198,209,557,Lobules IV-V,right
479,895,2778,1198,209,570,Lobules IV-V,right
479,898,2794,1198,210,574,Lobules IV-V,left
479,906,2615,1198,212,532,Lobules IV-V,right
479,908,2833,1198,213,583,Lobules IV-V,left
479,913,2872,1198,214,591,Lobules IV-V,left
479,924,2812,1197,217,577,Lobules IV-V,left
479,937,2809,1196,219,577,Lobules IV-V,left
479,939,2372,1198,219,475,Lobules IV-V,right
479,977,2329,1196,227,465,Lobules IV-V,right
479,997,2380,1195,234,477,Lobules IV-V,right
479,1001,2342,1195,235,467,Lobules IV-V,right
479,1003,2333,1195,236,466,Lobules IV-V,right
479,1031,2329,1193,242,465,Lobules IV-V,right
479,1075,2249,1192,252,446,Lobules IV-V,right
479,1083,2264,1191,255,450,Lobules IV-V,right
479,1118,2233,1190,264,443,Lobules IV-V,right
475,962,3060,1198,226,632,Lobules IV-V,left
475,818,2762,1203,189,566,Lobules IV-V,right
475,819,2735,1203,189,561,Lobules IV-V,right
475,824,2880,1203,190,593,Lobules IV-V,left
475,854,2888,1202,198,595,Lobules IV-V,left
475,859,3022,1203,199,624,Lobules IV-V,left
475,863,2645,1201,202,540,Lobules IV-V,right
475,864,2999,1203,200,619,Lobules IV-V,left
475,874,2749,1200,204,564,Lobules IV-V,right
475,912,2715,1199,213,555,Lobules IV-V,right
475,939,2382,1200,220,477,Lobules IV-V,right
475,953,2975,1198,225,614,Lobules IV-V,left
475,960,2330,1199,224,465,Lobules IV-V,right
475,1036,2378,1194,245,476,Lobules IV-V,right
475,1039,2355,1194,246,471,Lobules IV-V,right
475,824,2847,1203,191,585,Lobules IV-V,left
475,832,2877,1203,192,592,Lobules IV-V,left
475,839,2683,1202,195,549,Lobules IV-V,right
475,840,2808,1202,195,577,Lobules IV-V,left
475,853,2957,1203,198,609,Lobules IV-V,left
475,866,2475,1203,201,500,Lobules IV-V,right
475,868,2940,1202,202,606,Lobules IV-V,left
475,868,2990,1202,202,617,Lobules IV-V,left
475,878,3036,1202,204,627,Lobules IV-V,left
475,884,2916,1201,206,601,Lobules IV-V,left
475,885,2843,1200,206,585,Lobules IV-V,left
475,887,3081,1202,205,637,Lobules IV-V,left
475,890,2969,1201,207,613,Lobules IV-V,left
475,897,2566,1200,210,521,Lobules IV-V,right
475,904,2931,1200,212,604,Lobules IV-V,left
475,906,2816,1199,212,578,Lobules IV-V,left
475,918,2746,1198,216,562,Lobules IV-V,right
475,919,2820,1199,216,579,Lobules IV-V,left
475,919,3036,1200,215,627,Lobules IV-V,left
475,921,2664,1198,216,544,Lobules IV-V,right
475,926,3220,1200,216,667,Lobules IV-V,left
475,927,2986,1200,217,616,Lobules IV-V,left
475,931,2894,1199,218,596,Lobules IV-V,left
475,939,2655,1198,221,541,Lobules IV-V,right
475,1004,2332,1196,236,465,Lobules IV-V,right
475,1010,2372,1196,238,474,Lobules IV-V,right
475,1012,2319,1196,237,462,Lobules IV-V,right
475,1023,2334,1195,241,466,Lobules IV-V,right
475,1037,2345,1194,244,468,Lobules IV-V,right
475,1043,2304,1194,246,459,Lobules IV-V,right
475,1057,2322,1194,249,462,Lobules IV-V,right
475,1069,2348,1193,254,469,Lobules IV-V,right
475,1084,2406,1191,259,482,Lobules IV-V,right
475,1111,2305,1191,264,459,Lobules IV-V,right
475,1124,2218,1192,265,440,Lobules IV-V,right
476,843,2657,1202,196,542,Lobules IV-V,right
476,851,2948,1203,197,608,Lobules IV-V,left
476,859,2495,1203,200,505,Lobules IV-V,right
476,917,3085,1200,214,638,Lobules IV-V,left
476,1020,2286,1196,238,454,Lobules IV-V,right
476,843,2913,1203,196,601,Lobules IV-V,left
476,851,3008,1203,196,622,Lobules IV-V,left
476,853,2963,1203,198,612,Lobules IV-V,left
476,855,2676,1202,199,547,Lobules IV-V,right
476,857,2938,1203,198,606,Lobules IV-V,left
476,873,3108,1202,202,643,Lobules IV-V,left
476,877,2808,1201,204,577,Lobules IV-V,left
476,886,2822,1200,207,579,Lobules IV-V,left
476,904,2987,1201,211,616,Lobules IV-V,left
476,909,2823,1199,213,580,Lobules IV-V,left
476,924,2859,1199,217,588,Lobules IV-V,left
476,931,2332,1201,215,465,Lobules IV-V,right
476,936,2618,1198,220,533,Lobules IV-V,right
476,945,2487,1198,223,502,Lobules IV-V,right
476,985,2281,1198,228,453,Lobules IV-V,right
476,999,2291,1197,233,455,Lobules IV-V,right
476,1050,2319,1194,248,462,Lobules IV-V,right
476,1063,2284,1194,251,454,Lobules IV-V,right
476,1087,2288,1193,256,455,Lobules IV-V,right
476,1094,2280,1192,259,453,Lobules IV-V,right
476,829,2649,1203,192,541,Lobules IV-V,right
476,830,2745,1202,192,563,Lobules IV-V,right
476,830,2636,1203,192,538,Lobules IV-V,right
476,838,2987,1204,194,616,Lobules IV-V,left
476,839,2800,1202,195,575,Lobules IV-V,left
476,844,2766,1202,196,567,Lobules IV-V,right
476,844,2887,1203,196,594,Lobules IV-V,left
476,845,3023,1204,195,625,Lobules IV-V,left
476,850,2860,1202,197,588,Lobules IV-V,left
476,858,2695,1201,200,551,Lobules IV-V,right
476,859,2777,1201,200,569,Lobules IV-V,right
476,877,2698,1200,204,552,Lobules IV-V,right
476,885,2597,1201,207,528,Lobules IV-V,right
476,886,2693,1200,207,551,Lobules IV-V,right
476,890,2810,1200,208,577,Lobules IV-V,left
476,892,2581,1200,208,524,Lobules IV-V,right
476,899,3060,1201,209,632,Lobules IV-V,left
476,902,2768,1199,211,568,Lobules IV-V,right
476,905,3015,1201,211,622,Lobules IV-V,left
476,912,2801,1199,213,575,Lobules IV-V,left
476,913,3206,1201,213,663,Lobules IV-V,left
476,917,2680,1199,215,547,Lobules IV-V,right
476,927,2931,1199,217,604,Lobules IV-V,left
476,929,2690,1198,218,549,Lobules IV-V,right
476,929,2699,1198,218,552,Lobules IV-V,right
476,933,2731,1198,220,559,Lobules IV-V,right
476,946,3261,1200,222,675,Lobules IV-V,left
476,949,3220,1199,223,666,Lobules IV-V,left
476,950,2368,1199,222,474,Lobules IV-V,right
476,955,2333,1199,222,466,Lobules IV-V,right
476,981,2334,1198,229,466,Lobules IV-V,right
476,994,3207,1196,237,662,Lobules IV-V,left
476,1003,2305,1197,235,459,Lobules IV-V,right
476,1040,2364,1194,246,473,Lobules IV-V,right
476,1066,2295,1193,251,457,Lobules IV-V,right
477,842,2733,1202,195,560,Lobules IV-V,right
477,867,3034,1203,200,627,Lobules IV-V,left
477,932,2758,1198,218,566,Lobules IV-V,right
477,987,2337,1197,231,466,Lobules IV-V,right
477,921,2391,1201,215,479,Lobules IV-V,right
477,977,2373,1198,229,476,Lobules IV-V,right
477,983,2362,1197,231,472,Lobules IV-V,right
477,989,2329,1197,232,465,Lobules IV-V,right
477,1031,2366,1194,244,473,Lobules IV-V,right
477,816,2804,1203,188,576,Lobules IV-V,left
477,818,2747,1203,189,563,Lobules IV-V,right
477,843,2710,1202,196,555,Lobules IV-V,right
477,846,2993,1204,195,618,Lobules IV-V,left
477,854,2823,1202,199,581,Lobules IV-V,left
477,859,2785,1201,200,572,Lobules IV-V,left
477,895,2663,1200,209,544,Lobules IV-V,right
477,906,2647,1199,212,539,Lobules IV-V,right
477,915,2649,1199,215,540,Lobules IV-V,right
477,920,2876,1199,216,592,Lobules IV-V,left
477,942,3209,1199,220,664,Lobules IV-V,left
477,946,2339,1200,220,467,Lobules IV-V,right
477,949,2641,1197,224,538,Lobules IV-V,right
477,992,2364,1197,233,473,Lobules IV-V,right
477,1017,2313,1196,238,461,Lobules IV-V,right
477,1023,2383,1195,243,478,Lobules IV-V,right
477,1031,2313,1195,242,461,Lobules IV-V,right
477,1163,2220,1190,275,440,Lobules IV-V,right
477,826,2807,1203,191,576,Lobules IV-V,left
477,840,2746,1202,195,563,Lobules IV-V,right
477,844,2872,1202,196,591,Lobules IV-V,left
477,846,2649,1202,196,541,Lobules IV-V,right
477,856,2867,1202,199,590,Lobules IV-V,left
477,863,2746,1201,201,563,Lobules IV-V,right
477,868,2452,1203,202,494,Lobules IV-V,right
477,871,2739,1201,203,561,Lobules IV-V,right
477,874,2617,1201,204,533,Lobules IV-V,right
477,875,3020,1202,203,624,Lobules IV-V,left
477,876,2889,1201,204,595,Lobules IV-V,left
477,880,2623,1201,206,535,Lobules IV-V,right
477,880,2952,1202,205,608,Lobules IV-V,left
477,889,2803,1200,208,576,Lobules IV-V,left
477,890,2905,1201,208,598,Lobules IV-V,left
477,901,2657,1199,211,542,Lobules IV-V,right
477,912,2956,1200,213,609,Lobules IV-V,left
477,912,2696,1199,213,551,Lobules IV-V,right
477,916,2766,1199,214,567,Lobules IV-V,right
477,918,2907,1199,216,598,Lobules IV-V,left
477,921,2804,1199,216,576,Lobules IV-V,left
477,926,2593,1199,217,527,Lobules IV-V,right
477,943,2705,1197,222,553,Lobules IV-V,right
477,947,3081,1198,222,636,Lobules IV-V,left
477,955,2376,1199,224,476,Lobules IV-V,right
477,958,3227,1198,226,667,Lobules IV-V,left
477,958,2385,1198,225,478,Lobules IV-V,right
477,968,2337,1198,226,466,Lobules IV-V,right
477,971,2474,1197,229,499,Lobules IV-V,right
477,976,2339,1198,228,467,Lobules IV-V,right
477,984,2376,1197,232,475,Lobules IV-V,right
477,996,2346,1197,234,468,Lobules IV-V,right
477,1024,2343,1195,242,468,Lobules IV-V,right
477,1034,2351,1194,245,469,Lobules IV-V,right
477,1090,2270,1193,257,451,Lobules IV-V,right
477,1152,2284,1189,273,454,Lobules IV-V,right
478,883,2633,1199,207,537,Lobules IV-V,right
478,1022,2320,1195,239,462,Lobules IV-V,right
478,1087,2314,1191,257,461,Lobules IV-V,right
478,847,2683,1201,196,549,Lobules IV-V,right
478,855,3039,1202,197,628,Lobules IV-V,left
478,874,2938,1201,203,606,Lobules IV-V,left
478,1009,3209,1194,241,663,Lobules IV-V,left
478,842,3044,1203,193,629,Declive (VI),left
478,855,2838,1201,199,584,Lobules IV-V,left
478,856,3014,1202,197,623,Lobules IV-V,left
478,859,2906,1201,200,598,Lobules IV-V,left
478,863,2872,1201,201,591,Lobules IV-V,left
478,884,3090,1201,205,639,Lobules IV-V,left
478,890,3035,1201,207,627,Lobules IV-V,left
478,892,2388,1202,206,480,Lobules IV-V,right
478,904,2622,1199,212,533,Lobules IV-V,right
478,925,2652,1198,217,540,Lobules IV-V,right
478,925,2672,1197,217,545,Lobules IV-V,right
478,930,3058,1198,218,632,Lobules IV-V,left
478,1051,2336,1193,248,466,Lobules IV-V,right
478,1056,2431,1192,251,488,Lobules IV-V,right
478,831,2982,1203,191,615,Lobules IV-V,left
478,838,3022,1203,193,624,Lobules IV-V,left
478,859,2701,1200,200,552,Lobules IV-V,right
478,867,3070,1202,199,635,Lobules IV-V,left
478,868,2952,1201,202,608,Lobules IV-V,left
478,873,2701,1200,204,552,Lobules IV-V,right
478,881,2415,1202,204,485,Lobules IV-V,right
478,886,2747,1199,207,562,Lobules IV-V,right
478,888,3077,1201,206,636,Lobules IV-V,left
478,896,3076,1200,208,636,Lobules IV-V,left
478,899,3058,1200,209,632,Lobules IV-V,left
478,909,2748,1198,213,563,Lobules IV-V,right
478,914,2875,1199,214,592,Lobules IV-V,left
478,926,3200,1199,216,662,Lobules IV-V,left
478,957,2331,1198,222,465,Lobules IV-V,right
478,973,2309,1197,227,460,Lobules IV-V,right
478,1031,2241,1195,239,444,Lobules IV-V,right
478,1041,2321,1194,245,462,Lobules IV-V,right
478,1053,2305,1193,249,459,Lobules IV-V,right
478,1095,2303,1191,259,459,Lobules IV-V,right
478,1115,2251,1191,263,446,Lobules IV-V,right
478,1124,2217,1191,264,439,Lobules IV-V,right
478,1196,2258,1187,283,449,Lobules IV-V,right
480,837,2707,1201,193,554,Lobules IV-V,right
480,864,2985,1201,200,616,Lobules IV-V,left
480,940,2969,1197,221,613,Lobules IV-V,left
480,831,2738,1201,192,562,Lobules IV-V,right
480,866,2817,1199,201,578,Lobules IV-V,left
480,868,2627,1199,203,535,Lobules IV-V,right
480,883,2842,1199,206,584,Lobules IV-V,left
480,887,2670,1199,207,545,Lobules IV-V,right
480,892,2580,1199,208,524,Lobules IV-V,right
480,911,3181,1199,211,658,Lobules IV-V,left
480,913,2992,1198,214,617,Lobules IV-V,left
480,915,2615,1197,214,532,Lobules IV-V,right
480,924,2637,1197,217,537,Lobules IV-V,right
480,931,2609,1197,218,531,Lobules IV-V,right
480,1015,2368,1194,239,474,Lobules IV-V,right
480,857,2961,1201,198,611,Lobules IV-V,left
480,857,2740,1200,199,562,Lobules IV-V,right
480,859,2765,1199,200,567,Lobules IV-V,right
480,860,3022,1201,199,624,Lobules IV-V,left
480,863,2722,1199,201,557,Lobules IV-V,right
480,870,2969,1200,202,613,Lobules IV-V,left
480,870,2642,1199,203,538,Lobules IV-V,right
480,875,3069,1200,202,635,Lobules IV-V,left
480,878,2676,1199,205,546,Lobules IV-V,right
480,889,2863,1199,208,589,Lobules IV-V,left
480,897,2979,1199,208,615,Lobules IV-V,left
480,900,3020,1199,210,624,Lobules IV-V,left
480,914,2742,1197,214,561,Lobules IV-V,right
480,997,2311,1195,232,460,Lobules IV-V,right
480,999,2355,1195,235,471,Lobules IV-V,right
480,1017,2324,1194,238,464,Lobules IV-V,right
480,1039,2261,1194,242,448,Lobules IV-V,right
480,1049,2320,1192,248,462,Lobules IV-V,right
480,1059,2282,1192,249,453,Lobules IV-V,right
480,1064,2424,1191,253,487,Lobules IV-V,right
480,1094,2225,1191,256,441,Lobules IV-V,right
480,1128,2235,1189,266,443,Lobules IV-V,right
481,924,2754,1197,217,564,Lobules IV-V,right
481,1053,2327,1192,249,464,Lobules IV-V,right
481,908,2702,1197,213,552,Lobules IV-V,right
481,829,2818,1201,192,580,Lobules IV-V,left
481,831,2595,1202,192,528,Lobules IV-V,right
481,844,3064,1202,194,634,Lobules IV-V,left
481,845,2955,1201,195,609,Lobules IV-V,left
481,850,2766,1200,197,567,Lobules IV-V,right
481,852,3075,1202,195,636,Lobules IV-V,left
481,887,2819,1199,206,579,Lobules IV-V,left
481,891,2967,1199,207,612,Lobules IV-V,left
481,894,2615,1198,209,532,Lobules IV-V,right
481,895,2644,1198,209,539,Lobules IV-V,right
481,897,2821,1198,209,579,Lobules IV-V,left
481,900,2939,1199,210,606,Lobules IV-V,left
481,908,2347,1200,210,469,Lobules IV-V,right
481,908,2822,1198,213,579,Lobules IV-V,left
481,915,2759,1197,214,566,Lobules IV-V,right
481,929,3219,1198,217,666,Lobules IV-V,left
481,952,2362,1198,222,472,Lobules IV-V,right
481,999,2366,1195,235,473,Lobules IV-V,right
481,1008,2371,1194,238,474,Lobules IV-V,right
481,1082,2421,1190,257,485,Lobules IV-V,right
481,1105,2293,1190,262,457,Lobules IV-V,right
481,809,2715,1201,186,556,Lobules IV-V,right
481,838,2854,1201,194,587,Lobules IV-V,left
481,843,2616,1201,196,533,Lobules IV-V,right
481,850,2710,1200,197,555,Lobules IV-V,right
481,860,2631,1200,200,536,Lobules IV-V,right
481,861,3008,1201,199,622,Lobules IV-V,left
481,863,2682,1199,201,548,Lobules IV-V,right
481,871,2843,1199,202,585,Lobules IV-V,left
481,873,2755,1199,204,565,Lobules IV-V,right
481,903,3182,1199,210,658,Lobules IV-V,left
481,904,2607,1198,212,530,Lobules IV-V,right
481,907,2878,1198,211,593,Lobules IV-V,left
481,914,2864,1198,214,589,Lobules IV-V,left
481,918,2933,1198,215,605,Lobules IV-V,left
481,932,2900,1197,218,597,Lobules IV-V,left
481,978,2367,1196,230,473,Lobules IV-V,right
481,989,2285,1196,230,454,Lobules IV-V,right
481,991,2369,1195,233,474,Lobules IV-V,right
481,993,2263,1196,230,450,Lobules IV-V,right
481,1020,2242,1195,236,444,Lobules IV-V,right
481,1039,2279,1193,243,453,Lobules IV-V,right
481,1040,2312,1193,244,460,Lobules IV-V,right
481,1061,2244,1193,247,445,Lobules IV-V,right
481,1082,2846,1191,258,584,Lobules IV-V,left
481,1098,2256,1191,259,448,Lobules IV-V,right
485,921,2667,1195,215,544,Lobules IV-V,right
485,872,2739,1197,202,562,Lobules IV-V,right
485,837,2939,1200,193,606,Lobules IV-V,left
485,864,2841,1198,201,584,Lobules IV-V,left
485,889,3173,1198,205,657,Lobules IV-V,left
485,919,2816,1196,215,578,Lobules IV-V,left
485,929,2640,1195,218,538,Lobules IV-V,right
485,1007,2331,1193,235,465,Lobules IV-V,right
485,1065,2304,1190,251,459,Lobules IV-V,right
485,826,2957,1200,190,610,Lobules IV-V,left
485,828,2897,1200,192,596,Lobules IV-V,left
485,835,2870,1199,193,591,Lobules IV-V,left
485,840,2616,1199,194,533,Lobules IV-V,right
485,849,3055,1200,195,632,Lobules IV-V,left
485,857,2748,1198,198,564,Lobules IV-V,right
485,868,3076,1199,201,636,Lobules IV-V,left
485,870,2916,1198,202,601,Lobules IV-V,left
485,871,2893,1198,202,596,Lobules IV-V,left
485,874,2604,1198,204,530,Lobules IV-V,right
485,877,2972,1198,203,613,Lobules IV-V,left
485,904,2866,1197,211,589,Lobules IV-V,left
485,914,2911,1196,214,599,Lobules IV-V,left
485,926,2709,1195,216,554,Lobules IV-V,right
485,939,2654,1195,220,541,Lobules IV-V,right
485,1010,2296,1193,235,457,Lobules IV-V,right
485,1015,2282,1193,236,453,Lobules IV-V,right
485,1024,2348,1192,241,469,Lobules IV-V,right
485,1094,2255,1189,257,448,Lobules IV-V,right
485,811,2746,1200,186,563,Lobules IV-V,right
485,824,3027,1201,189,625,Declive (VI),left
485,828,2912,1200,191,600,Lobules IV-V,left
485,833,2927,1200,193,603,Lobules IV-V,left
485,848,2975,1199,196,614,Lobules IV-V,left
485,858,2909,1199,199,600,Lobules IV-V,left
485,863,3090,1199,199,639,Lobules IV-V,left
485,876,3077,1198,202,636,Lobules IV-V,left
485,878,2590,1198,205,527,Lobules IV-V,right
485,882,2896,1198,205,596,Lobules IV-V,left
485,892,2758,1197,207,566,Lobules IV-V,right
485,897,3002,1198,208,619,Lobules IV-V,left
485,898,3051,1197,209,630,Lobules IV-V,left
485,899,2727,1196,210,558,Lobules IV-V,right
485,900,2790,1196,210,573,Lobules IV-V,left
485,905,2674,1196,211,546,Lobules IV-V,right
485,907,2649,1196,211,541,Lobules IV-V,right
485,907,3048,1197,211,630,Lobules IV-V,left
485,914,3098,1196,213,641,Lobules IV-V,left
485,920,2594,1196,215,528,Lobules IV-V,right
485,939,2380,1196,219,477,Lobules IV-V,right
485,942,3039,1195,220,628,Lobules IV-V,left
485,965,2349,1195,225,470,Lobules IV-V,right
485,971,2379,1195,227,477,Lobules IV-V,right
485,982,2309,1195,228,460,Lobules IV-V,right
485,998,2317,1193,233,461,Lobules IV-V,right
485,1023,2337,1192,241,466,Lobules IV-V,right
485,1078,2279,1189,254,453,Lobules IV-V,right
485,1092,2201,1190,253,435,Lobules IV-V,right
485,1138,2235,1187,268,443,Lobules IV-V,right
483,907,2652,1196,211,541,Lobules IV-V,right
483,827,2778,1199,190,571,Lobules IV-V,left
483,846,2929,1199,195,604,Lobules IV-V,left
483,855,2940,1199,198,606,Lobules IV-V,left
483,857,2590,1199,198,527,Lobules IV-V,right
483,862,2671,1198,200,546,Lobules IV-V,right
483,862,2789,1198,200,573,Lobules IV-V,left
483,864,3045,1199,200,629,Lobules IV-V,left
483,866,2951,1199,201,608,Lobules IV-V,left
483,868,2661,1198,202,543,Lobules IV-V,right
483,869,2993,1199,202,618,Lobules IV-V,left
483,886,2810,1197,206,577,Lobules IV-V,left
483,893,2791,1196,209,573,Lobules IV-V,left
483,907,2405,1198,211,483,Lobules IV-V,right
483,909,2756,1196,213,565,Lobules IV-V,right
483,913,3075,1197,213,635,Lobules IV-V,left
483,924,2854,1196,216,587,Lobules IV-V,left
483,1000,2373,1193,235,475,Lobules IV-V,right
483,816,2952,1201,187,608,Lobules IV-V,left
483,823,2701,1199,190,553,Lobules IV-V,right
483,824,2695,1199,190,552,Lobules IV-V,right
483,832,2908,1200,191,600,Lobules IV-V,left
483,834,2974,1200,192,614,Lobules IV-V,left
483,843,2590,1199,196,527,Lobules IV-V,right
483,863,2999,1199,200,619,Lobules IV-V,left
483,881,2640,1197,205,538,Lobules IV-V,right
483,881,2839,1197,205,584,Lobules IV-V,left
483,881,3069,1198,204,635,Lobules IV-V,left
483,882,3167,1198,203,655,Lobules IV-V,left
483,883,3105,1198,205,642,Lobules IV-V,left
483,890,3110,1198,206,643,Lobules IV-V,left
483,893,2371,1199,207,475,Lobules IV-V,right
483,897,2663,1197,209,544,Lobules IV-V,right
483,898,2955,1197,210,609,Lobules IV-V,left
483,901,2688,1196,210,550,Lobules IV-V,right
483,905,2842,1196,211,584,Lobules IV-V,left
483,911,2846,1196,212,585,Lobules IV-V,left
483,915,2733,1196,214,560,Lobules IV-V,right
483,916,2359,1198,212,472,Lobules IV-V,right
483,918,2372,1198,214,475,Lobules IV-V,right
483,927,2377,1197,215,476,Lobules IV-V,right
483,929,2709,1195,218,554,Lobules IV-V,right
483,932,3114,1196,217,644,Lobules IV-V,left
483,937,3233,1196,218,669,Lobules IV-V,left
483,940,2334,1197,218,466,Lobules IV-V,right
483,945,2327,1196,219,464,Lobules IV-V,right
483,944,2500,1195,222,505,Lobules IV-V,right
483,974,2371,1194,228,474,Lobules IV-V,right
483,996,2296,1194,231,457,Lobules IV-V,right
483,1000,2382,1193,235,477,Lobules IV-V,right
483,1019,2313,1192,239,461,Lobules IV-V,right
483,1050,2315,1191,247,461,Lobules IV-V,right
484,900,2860,1197,210,588,Lobules IV-V,left
484,936,2342,1197,217,467,Lobules IV-V,right
484,1203,2272,1184,285,451,Lobules IV-V,right
484,801,2829,1200,184,582,Lobules IV-V,left
484,818,2904,1200,189,599,Lobules IV-V,left
484,818,2814,1199,189,579,Lobules IV-V,left
484,824,2887,1200,190,594,Lobules IV-V,left
484,836,2994,1200,192,618,Lobules IV-V,left
484,840,2647,1199,194,540,Lobules IV-V,right
484,848,2826,1198,197,581,Lobules IV-V,left
484,864,2827,1198,201,581,Lobules IV-V,left
484,869,2798,1197,202,575,Lobules IV-V,left
484,887,2799,1197,206,575,Lobules IV-V,left
484,900,2639,1196,210,538,Lobules IV-V,right
484,901,3063,1197,209,633,Lobules IV-V,left
484,906,2624,1196,212,535,Lobules IV-V,right
484,931,2316,1197,215,462,Lobules IV-V,right
484,1041,2320,1191,245,462,Lobules IV-V,right
484,801,2803,1200,184,577,Lobules IV-V,left
484,800,2861,1200,184,589,Lobules IV-V,left
484,805,2777,1200,185,570,Lobules IV-V,right
484,807,2853,1200,185,588,Lobules IV-V,left
484,831,3048,1201,190,631,Declive (VI),left
484,832,2849,1199,192,586,Lobules IV-V,left
484,838,2717,1199,194,556,Lobules IV-V,right
484,847,2778,1198,196,571,Lobules IV-V,left
484,864,2747,1198,201,563,Lobules IV-V,right
484,867,2767,1198,201,567,Lobules IV-V,right
484,871,2957,1199,202,609,Lobules IV-V,left
484,884,2646,1197,206,540,Lobules IV-V,right
484,890,2899,1197,207,597,Lobules IV-V,left
484,899,2768,1196,210,568,Lobules IV-V,right
484,903,2748,1196,211,564,Lobules IV-V,right
484,909,2925,1197,212,603,Lobules IV-V,left
484,911,2665,1196,213,544,Lobules IV-V,right
484,925,3259,1197,215,675,Lobules IV-V,left
484,929,2355,1197,216,471,Lobules IV-V,right
484,932,2594,1195,218,527,Lobules IV-V,right
484,935,2305,1197,215,459,Lobules IV-V,right
484,958,2375,1195,225,476,Lobules IV-V,right
484,985,2390,1194,232,479,Lobules IV-V,right
484,995,2348,1193,233,470,Lobules IV-V,right
484,996,2340,1193,233,467,Lobules IV-V,right
484,1003,2364,1193,236,473,Lobules IV-V,right
484,1034,2225,1193,239,440,Lobules IV-V,right
484,1035,2325,1191,243,464,Lobules IV-V,right
484,1035,2341,1191,244,467,Lobules IV-V,right
484,1042,2301,1191,244,458,Lobules IV-V,right
484,1117,2254,1188,263,448,Lobules IV-V,right
484,1149,2233,1187,271,444,Lobules IV-V,right
486,915,2755,1195,214,565,Lobules IV-V,right
486,856,2821,1197,198,580,Lobules IV-V,left
486,920,2690,1195,215,550,Lobules IV-V,right
486,984,2381,1193,231,477,Lobules IV-V,right
486,990,2373,1193,232,475,Lobules IV-V,right
486,992,2366,1193,232,473,Lobules IV-V,right
486,795,2768,1199,182,569,Lobules IV-V,right
486,830,2799,1198,192,575,Lobules IV-V,left
486,840,2671,1198,194,546,Lobules IV-V,right
486,841,2888,1198,194,595,Lobules IV-V,left
486,862,2611,1198,200,532,Lobules IV-V,right
486,864,2856,1197,201,587,Lobules IV-V,left
486,873,2632,1197,204,536,Lobules IV-V,right
486,875,2757,1196,203,565,Lobules IV-V,right
486,884,2878,1197,206,593,Lobules IV-V,left
486,886,2630,1196,206,536,Lobules IV-V,right
486,888,2950,1197,207,608,Lobules IV-V,left
486,892,2616,1196,208,533,Lobules IV-V,right
486,922,2352,1197,213,470,Lobules IV-V,right
486,941,2361,1196,219,472,Lobules IV-V,right
486,986,2346,1193,230,468,Lobules IV-V,right
486,1081,2226,1189,252,441,Lobules IV-V,right
486,817,2937,1200,187,605,Lobules IV-V,left
486,832,3064,1200,190,634,Lobules IV-V,left
486,838,2907,1198,194,599,Lobules IV-V,left
486,854,2920,1198,198,602,Lobules IV-V,left
486,857,2650,1197,198,541,Lobules IV-V,right
486,865,3035,1198,200,627,Lobules IV-V,left
486,871,2873,1197,202,592,Lobules IV-V,left
486,872,3049,1198,201,630,Lobules IV-V,left
486,874,2576,1197,204,523,Lobules IV-V,right
486,881,2373,1199,203,476,Lobules IV-V,right
486,881,3112,1197,203,643,Lobules IV-V,left
486,888,2611,1196,208,531,Lobules IV-V,right
486,890,2975,1197,207,614,Lobules IV-V,left
486,893,3033,1197,208,627,Lobules IV-V,left
486,898,2604,1196,210,530,Lobules IV-V,right
486,902,2889,1196,210,595,Lobules IV-V,left
486,906,2333,1198,209,466,Lobules IV-V,right
486,915,2392,1197,213,479,Lobules IV-V,right
486,918,3263,1197,214,676,Lobules IV-V,left
486,923,2364,1196,215,473,Lobules IV-V,right
486,932,2610,1194,218,531,Lobules IV-V,right
486,944,2372,1195,220,475,Lobules IV-V,right
486,979,2349,1193,229,470,Lobules IV-V,right
486,978,2373,1193,230,476,Lobules IV-V,right
486,986,2331,1193,230,465,Lobules IV-V,right
486,988,2267,1194,228,450,Lobules IV-V,right
486,1024,2336,1191,241,466,Lobules IV-V,right
486,1025,2324,1191,240,464,Lobules IV-V,right
486,1053,2241,1190,245,444,Lobules IV-V,right
486,1108,2275,1187,262,452,Lobules IV-V,right
486,1124,2257,1186,265,448,Lobules IV-V,right
486,1175,2250,1184,278,447,Lobules IV-V,right
490,1005,2340,1190,235,467,Lobules IV-V,right
490,918,2636,1193,215,537,Lobules IV-V,right
490,832,2696,1196,192,552,Lobules IV-V,right
490,911,2671,1193,212,545,Lobules IV-V,right
490,819,2903,1197,189,599,Lobules IV-V,left
490,935,3080,1193,218,636,Lobules IV-V,left
490,1084,2277,1186,255,452,Lobules IV-V,right
490,807,2983,1198,184,616,Lobules IV-V,left
490,822,2937,1197,188,605,Lobules IV-V,left
490,824,2740,1196,190,562,Lobules IV-V,right
490,838,2588,1197,194,527,Lobules IV-V,right
490,848,2730,1196,197,559,Lobules IV-V,right
490,864,2573,1196,201,524,Lobules IV-V,right
490,914,2799,1193,213,575,Lobules IV-V,left
490,919,2342,1195,213,468,Lobules IV-V,right
490,929,3052,1193,217,630,Lobules IV-V,left
490,952,3293,1194,222,682,Lobules IV-V,left
490,967,2334,1193,224,466,Lobules IV-V,right
490,1027,2322,1189,240,463,Lobules IV-V,right
490,1049,2239,1189,244,444,Lobules IV-V,right
490,798,2949,1198,183,608,Lobules IV-V,left
490,813,2786,1197,188,572,Lobules IV-V,left
490,844,2545,1197,195,517,Lobules IV-V,right
490,845,3095,1197,193,640,Lobules IV-V,left
490,855,3040,1197,197,628,Lobules IV-V,left
490,860,2949,1196,199,608,Lobules IV-V,left
490,864,2713,1195,201,556,Lobules IV-V,right
490,864,2889,1196,201,595,Lobules IV-V,left
490,873,3064,1196,202,633,Lobules IV-V,left
490,876,2950,1196,203,608,Lobules IV-V,left
490,890,3031,1195,206,626,Lobules IV-V,left
490,901,3102,1194,209,641,Lobules IV-V,left
490,903,2999,1195,211,619,Lobules IV-V,left
490,904,2822,1194,211,580,Lobules IV-V,left
490,917,2927,1194,213,603,Lobules IV-V,left
490,932,3262,1194,217,675,Lobules IV-V,left
490,969,2275,1193,223,452,Lobules IV-V,right
490,986,2309,1192,229,460,Lobules IV-V,right
490,1013,2287,1190,236,454,Lobules IV-V,right
490,1022,2242,1190,235,444,Lobules IV-V,right
490,1142,2175,1186,265,430,Lobules IV-V,right
487,905,3216,1196,209,666,Lobules IV-V,left
487,879,3048,1196,204,630,Lobules IV-V,left
487,931,3036,1194,217,627,Lobules IV-V,left
487,1036,2269,1190,241,451,Lobules IV-V,right
487,815,2993,1199,186,618,Lobules IV-V,left
487,821,2970,1199,188,613,Lobules IV-V,left
487,865,2923,1197,200,603,Lobules IV-V,left
487,867,2578,1197,201,525,Lobules IV-V,right
487,886,2728,1195,206,559,Lobules IV-V,right
487,894,2880,1195,208,593,Lobules IV-V,left
487,908,3145,1195,211,650,Lobules IV-V,left
487,911,2787,1194,212,572,Lobules IV-V,left
487,950,2331,1194,220,465,Lobules IV-V,right
487,1026,2310,1190,240,460,Lobules IV-V,right
487,1038,2290,1190,243,456,Lobules IV-V,right
487,1161,2259,1184,274,449,Lobules IV-V,right
487,805,2898,1199,185,597,Lobules IV-V,left
487,826,2627,1198,190,536,Lobules IV-V,right
487,838,2846,1197,194,585,Lobules IV-V,left
487,838,2949,1198,194,608,Lobules IV-V,left
487,840,2707,1197,194,554,Lobules IV-V,right
487,839,2724,1197,194,558,Lobules IV-V,right
487,844,2661,1197,196,543,Lobules IV-V,right
487,844,2906,1197,195,599,Lobules IV-V,left
487,850,2656,1197,197,542,Lobules IV-V,right
487,849,2932,1197,197,604,Lobules IV-V,left
487,852,2675,1197,197,547,Lobules IV-V,right
487,855,2977,1197,198,614,Lobules IV-V,left
487,860,2845,1196,199,585,Lobules IV-V,left
487,862,2797,1196,199,574,Lobules IV-V,left
487,863,2642,1196,201,539,Lobules IV-V,right
487,878,2691,1195,205,550,Lobules IV-V,right
487,880,2373,1198,203,476,Lobules IV-V,right
487,881,2888,1196,204,595,Lobules IV-V,left
487,889,2591,1196,207,527,Lobules IV-V,right
487,892,2798,1195,207,575,Lobules IV-V,left
487,895,2771,1195,208,568,Lobules IV-V,right
487,898,2904,1195,210,598,Lobules IV-V,left
487,899,2628,1195,210,536,Lobules IV-V,right
487,901,2615,1195,210,533,Lobules IV-V,right
487,902,2898,1195,210,597,Lobules IV-V,left
487,905,2815,1195,211,578,Lobules IV-V,left
487,907,2687,1194,211,549,Lobules IV-V,right
487,909,2963,1195,212,612,Lobules IV-V,left
487,910,2988,1195,212,617,Lobules IV-V,left
487,916,2599,1194,214,529,Lobules IV-V,right
487,965,2362,1193,225,472,Lobules IV-V,right
487,1018,2308,1191,238,460,Lobules IV-V,right
487,1023,2278,1191,239,453,Lobules IV-V,right
487,1053,2308,1189,248,460,Lobules IV-V,right
488,876,2614,1196,203,533,Lobules IV-V,right
488,924,3012,1195,216,621,Lobules IV-V,left
488,820,2947,1198,188,607,Lobules IV-V,left
488,914,2859,1195,213,588,Lobules IV-V,left
488,996,2358,1192,233,472,Lobules IV-V,right
488,806,2919,1199,184,602,Lobules IV-V,left
488,811,2636,1199,186,538,Lobules IV-V,right
488,826,2653,1198,190,543,Lobules IV-V,right
488,828,2979,1198,191,615,Lobules IV-V,left
488,832,3079,1199,189,637,Lobules IV-V,left
488,833,2835,1197,193,583,Lobules IV-V,left
488,837,2988,1198,192,617,Lobules IV-V,left
488,847,2842,1197,196,584,Lobules IV-V,left
488,851,2621,1197,197,534,Lobules IV-V,right
488,863,2999,1197,200,619,Lobules IV-V,left
488,879,3063,1196,203,633,Lobules IV-V,left
488,879,2626,1196,205,535,Lobules IV-V,right
488,882,2820,1196,205,580,Lobules IV-V,left
488,885,2647,1195,206,540,Lobules IV-V,right
488,888,2783,1195,207,572,Lobules IV-V,left
488,925,2927,1194,216,603,Lobules IV-V,left
488,1003,2307,1191,234,459,Lobules IV-V,right
488,796,2672,1199,182,546,Lobules IV-V,right
488,797,2665,1199,182,545,Lobules IV-V,right
488,808,2680,1198,186,548,Lobules IV-V,right
488,812,2869,1198,186,591,Lobules IV-V,left
488,814,2887,1198,187,594,Lobules IV-V,left
488,829,2794,1197,192,574,Lobules IV-V,left
488,833,2635,1198,193,538,Lobules IV-V,right
488,834,2589,1198,193,527,Lobules IV-V,right
488,836,2620,1198,193,534,Lobules IV-V,right
488,837,2787,1197,193,572,Lobules IV-V,left
488,842,2822,1197,194,580,Lobules IV-V,left
488,841,3004,1198,193,621,Lobules IV-V,left
488,843,2736,1197,196,561,Lobules IV-V,right
488,843,3023,1198,194,625,Lobules IV-V,left
488,844,3066,1198,194,634,Lobules IV-V,left
488,846,3014,1198,194,623,Lobules IV-V,left
488,848,2879,1197,197,593,Lobules IV-V,left
488,851,2582,1197,197,525,Lobules IV-V,right
488,852,2674,1197,197,547,Lobules IV-V,right
488,862,2977,1197,199,614,Lobules IV-V,left
488,863,2962,1197,200,611,Lobules IV-V,left
488,879,2830,1196,205,582,Lobules IV-V,left
488,884,2735,1195,206,560,Lobules IV-V,right
488,898,3216,1196,208,666,Lobules IV-V,left
488,912,3098,1195,211,641,Lobules IV-V,left
488,912,2628,1194,212,536,Lobules IV-V,right
488,919,2676,1194,215,546,Lobules IV-V,right
488,924,3207,1194,215,663,Lobules IV-V,left
488,938,2288,1195,216,456,Lobules IV-V,right
488,956,2344,1194,222,469,Lobules IV-V,right
488,960,2272,1194,220,451,Lobules IV-V,right
488,1001,2332,1192,234,465,Lobules IV-V,right
488,1035,2299,1190,242,458,Lobules IV-V,right
488,1052,2271,1189,245,451,Lobules IV-V,right
488,1122,2247,1186,263,446,Lobules IV-V,right
488,1153,2247,1184,272,446,Lobules IV-V,right
488,1162,2224,1184,273,442,Lobules IV-V,right
489,1044,2309,1189,245,460,Lobules IV-V,right
489,880,2868,1196,205,591,Lobules IV-V,left
489,808,2848,1198,186,586,Lobules IV-V,left
489,832,3019,1199,190,624,Lobules IV-V,left
489,834,2579,1198,193,525,Lobules IV-V,right
489,840,2811,1197,194,578,Lobules IV-V,left
489,856,2661,1197,198,543,Lobules IV-V,right
489,870,2647,1196,202,540,Lobules IV-V,right
489,883,2672,1195,206,545,Lobules IV-V,right
489,884,2711,1195,206,555,Lobules IV-V,right
489,897,2833,1195,208,583,Lobules IV-V,left
489,908,2357,1197,210,471,Lobules IV-V,right
489,910,2844,1195,212,585,Lobules IV-V,left
489,908,2975,1195,212,614,Lobules IV-V,left
489,918,2938,1195,215,606,Lobules IV-V,left
489,992,2329,1192,231,465,Lobules IV-V,right
489,1007,2313,1191,235,461,Lobules IV-V,right
489,1110,2266,1186,261,450,Lobules IV-V,right
489,798,2718,1198,183,558,Lobules IV-V,right
489,798,2893,1199,183,596,Lobules IV-V,left
489,812,2894,1198,186,596,Lobules IV-V,left
489,814,2641,1198,187,539,Lobules IV-V,right
489,814,2972,1199,187,613,Lobules IV-V,left
489,817,3037,1199,186,627,Declive (VI),left
489,818,3042,1199,187,628,Lobules IV-V,left
489,835,2484,1199,192,503,Lobules IV-V,right
489,846,2969,1198,195,613,Lobules IV-V,left
489,856,2910,1197,198,600,Lobules IV-V,left
489,860,2705,1196,200,554,Lobules IV-V,right
489,863,3032,1197,200,626,Lobules IV-V,left
489,867,2826,1196,201,581,Lobules IV-V,left
489,870,3108,1197,200,643,Lobules IV-V,left
489,870,2778,1196,202,571,Lobules IV-V,left
489,884,2698,1195,206,552,Lobules IV-V,right
489,885,2948,1196,206,608,Lobules IV-V,left
489,901,2668,1195,210,545,Lobules IV-V,right
489,914,2610,1194,214,531,Lobules IV-V,right
489,919,2703,1194,215,553,Lobules IV-V,right
489,925,2661,1194,216,543,Lobules IV-V,right
489,928,2347,1195,216,469,Lobules IV-V,right
489,929,2367,1195,216,473,Lobules IV-V,right
489,930,3093,1194,217,640,Lobules IV-V,left
489,943,2293,1195,218,457,Lobules IV-V,right
489,966,2284,1194,223,454,Lobules IV-V,right
489,969,2316,1193,225,461,Lobules IV-V,right
489,979,2299,1193,227,458,Lobules IV-V,right
489,983,2273,1193,228,452,Lobules IV-V,right
489,999,2295,1192,232,457,Lobules IV-V,right
489,1031,2234,1191,238,443,Lobules IV-V,right
489,1081,2244,1188,252,445,Lobules IV-V,right
492,1063,2286,1187,250,455,Lobules IV-V,right
492,924,3044,1193,216,629,Lobules IV-V,left
492,902,2760,1193,209,566,Lobules IV-V,right
492,992,2348,1190,231,470,Lobules IV-V,right
492,1031,2226,1189,237,441,Lobules IV-V,right
492,1144,2255,1183,270,448,Lobules IV-V,right
492,783,2763,1197,179,568,Lobules IV-V,right
492,790,2726,1197,181,559,Lobules IV-V,right
492,808,2656,1197,186,543,Lobules IV-V,right
492,811,2727,1196,186,559,Lobules IV-V,right
492,813,2805,1196,187,577,Lobules IV-V,left
492,828,2640,1196,191,539,Lobules IV-V,right
492,828,2798,1195,191,575,Lobules IV-V,left
492,832,2565,1197,191,522,Lobules IV-V,right
492,845,3108,1196,193,644,Lobules IV-V,left
492,844,2824,1195,195,581,Lobules IV-V,left
492,847,2786,1195,195,572,Lobules IV-V,left
492,849,2570,1196,197,523,Lobules IV-V,right
492,863,2678,1194,201,548,Lobules IV-V,right
492,864,2576,1195,201,524,Lobules IV-V,right
492,892,2901,1194,207,597,Lobules IV-V,left
492,907,2631,1193,211,536,Lobules IV-V,right
492,909,2869,1193,212,591,Lobules IV-V,left
492,917,2341,1195,211,468,Lobules IV-V,right
492,933,2374,1193,218,476,Lobules IV-V,right
492,1109,2233,1185,260,444,Lobules IV-V,right
492,1125,2208,1184,263,438,Lobules IV-V,right
492,783,2825,1197,179,581,Lobules IV-V,left
492,802,2707,1197,183,554,Lobules IV-V,right
492,806,2594,1198,184,529,Lobules IV-V,right
492,813,2850,1196,187,586,Lobules IV-V,left
492,816,2829,1196,187,582,Lobules IV-V,left
492,822,3077,1197,186,636,Lobules IV-V,left
492,834,2475,1198,192,500,Lobules IV-V,right
492,834,2916,1196,192,601,Lobules IV-V,left
492,836,2675,1196,193,547,Lobules IV-V,right
492,837,3028,1196,191,626,Lobules IV-V,left
492,839,2958,1196,193,611,Lobules IV-V,left
492,839,2994,1196,193,618,Lobules IV-V,left
492,844,3087,1196,193,638,Lobules IV-V,left
492,846,2913,1196,195,601,Lobules IV-V,left
492,851,2890,1195,197,595,Lobules IV-V,left
492,853,2950,1195,198,608,Lobules IV-V,left
492,859,2746,1194,199,563,Lobules IV-V,right
492,863,2781,1194,201,571,Lobules IV-V,left
492,863,2390,1197,199,480,Lobules IV-V,right
492,867,3182,1195,198,659,Lobules IV-V,left
492,868,2908,1195,202,600,Lobules IV-V,left
492,872,2898,1195,202,597,Lobules IV-V,left
492,884,2726,1194,206,558,Lobules IV-V,right
492,884,3029,1194,205,626,Lobules IV-V,left
492,887,2914,1194,206,601,Lobules IV-V,left
492,895,2677,1193,208,547,Lobules IV-V,right
492,900,2652,1193,210,541,Lobules IV-V,right
492,913,2315,1195,210,462,Lobules IV-V,right
492,918,3102,1193,214,641,Lobules IV-V,left
492,946,2299,1193,218,458,Lobules IV-V,right
492,947,2370,1193,220,475,Lobules IV-V,right
492,970,2308,1192,225,460,Lobules IV-V,right
492,979,2282,1191,226,453,Lobules IV-V,right
492,1002,2256,1190,230,447,Lobules IV-V,right
492,1012,2320,1189,236,463,Lobules IV-V,right
492,1034,2288,1188,242,456,Lobules IV-V,right
492,1044,2291,1188,244,456,Lobules IV-V,right
491,909,2916,1193,212,601,Lobules IV-V,left
491,980,2364,1191,229,473,Lobules IV-V,right
491,991,2371,1190,232,474,Lobules IV-V,right
491,792,2755,1197,181,566,Lobules IV-V,right
491,820,2927,1196,188,603,Lobules IV-V,left
491,827,2947,1196,190,607,Lobules IV-V,left
491,836,2729,1195,193,560,Lobules IV-V,right
491,836,2843,1195,193,585,Lobules IV-V,left
491,857,3140,1196,195,650,Lobules IV-V,left
491,860,2862,1195,199,589,Lobules IV-V,left
491,866,2687,1194,201,549,Lobules IV-V,right
491,868,2672,1194,202,546,Lobules IV-V,right
491,881,3212,1195,202,665,Lobules IV-V,left
491,899,2682,1193,210,548,Lobules IV-V,right
491,903,2793,1193,211,574,Lobules IV-V,left
491,917,2681,1192,213,548,Lobules IV-V,right
491,982,2374,1191,229,476,Lobules IV-V,right
491,993,2322,1190,232,463,Lobules IV-V,right
491,806,2785,1196,185,572,Lobules IV-V,left
491,819,2562,1197,188,521,Lobules IV-V,right
491,820,2666,1196,189,545,Lobules IV-V,right
491,823,2747,1196,190,563,Lobules IV-V,right
491,826,2834,1196,190,583,Lobules IV-V,left
491,832,2823,1195,191,581,Lobules IV-V,left
491,832,2879,1196,191,593,Lobules IV-V,left
491,840,2602,1196,194,530,Lobules IV-V,right
491,856,2897,1195,198,596,Lobules IV-V,left
491,860,2735,1194,199,561,Lobules IV-V,right
491,860,2807,1194,199,576,Lobules IV-V,left
491,861,2402,1197,198,482,Lobules IV-V,right
491,861,3022,1195,198,624,Lobules IV-V,left
491,862,2626,1195,199,535,Lobules IV-V,right
491,863,2783,1194,201,572,Lobules IV-V,left
491,870,2378,1197,200,477,Lobules IV-V,right
491,874,2661,1194,203,543,Lobules IV-V,right
491,879,3074,1195,203,636,Lobules IV-V,left
491,882,2824,1194,204,581,Lobules IV-V,left
491,884,2746,1194,206,563,Lobules IV-V,right
491,886,2694,1194,206,551,Lobules IV-V,right
491,892,2669,1194,207,545,Lobules IV-V,right
491,894,2802,1193,208,575,Lobules IV-V,left
491,903,2903,1194,211,598,Lobules IV-V,left
491,904,3191,1193,209,660,Lobules IV-V,left
491,907,3125,1193,210,646,Lobules IV-V,left
491,919,3102,1193,214,641,Lobules IV-V,left
491,953,3214,1191,224,665,Lobules IV-V,left
491,960,2319,1192,222,463,Lobules IV-V,right
491,964,2354,1192,225,471,Lobules IV-V,right
491,1005,2318,1190,235,463,Lobules IV-V,right
491,1008,2279,1190,234,453,Lobules IV-V,right
491,1028,2307,1188,241,459,Lobules IV-V,right
491,1087,2264,1186,254,450,Lobules IV-V,right
493,908,2942,1193,212,606,Lobules IV-V,left
493,908,2952,1194,212,608,Lobules IV-V,left
493,927,3064,1193,216,633,Lobules IV-V,left
493,983,2351,1191,230,470,Lobules IV-V,right
493,1073,2279,1186,252,453,Lobules IV-V,right
493,810,2865,1196,186,590,Lobules IV-V,left
493,820,2695,1196,189,552,Lobules IV-V,right
493,823,2772,1195,190,569,Lobules IV-V,right
493,837,3107,1196,190,643,Lobules IV-V,left
493,869,2837,1194,202,583,Lobules IV-V,left
493,879,3179,1195,202,658,Lobules IV-V,left
493,889,2589,1194,207,527,Lobules IV-V,right
493,891,2982,1194,207,615,Lobules IV-V,left
493,902,3105,1194,208,642,Lobules IV-V,left
493,932,2349,1194,216,470,Lobules IV-V,right
493,959,2391,1192,224,479,Lobules IV-V,right
493,979,2357,1191,229,471,Lobules IV-V,right
493,1017,2232,1190,233,442,Lobules IV-V,right
493,1046,2239,1188,242,444,Lobules IV-V,right
493,1058,2264,1187,247,450,Lobules IV-V,right
493,1116,2185,1186,259,432,Lobules IV-V,right
493,795,2728,1197,182,560,Lobules IV-V,right
493,795,2900,1197,182,598,Lobules IV-V,left
493,809,2934,1197,186,605,Lobules IV-V,left
493,848,3023,1196,196,625,Lobules IV-V,left
493,851,2625,1195,197,535,Lobules IV-V,right
493,851,2839,1195,197,584,Lobules IV-V,left
493,853,3067,1196,196,634,Lobules IV-V,left
493,860,2645,1195,199,540,Lobules IV-V,right
493,864,3044,1195,199,629,Lobules IV-V,left
493,866,2938,1195,200,606,Lobules IV-V,left
493,869,2752,1194,202,564,Lobules IV-V,right
493,873,3081,1195,202,637,Lobules IV-V,left
493,873,2949,1195,203,608,Lobules IV-V,left
493,878,3107,1194,203,642,Lobules IV-V,left
493,882,2818,1194,204,580,Lobules IV-V,left
493,899,2584,1194,210,526,Lobules IV-V,right
493,899,2629,1193,210,536,Lobules IV-V,right
493,937,2321,1194,216,463,Lobules IV-V,right
493,967,2380,1192,226,477,Lobules IV-V,right
493,974,2326,1191,227,464,Lobules IV-V,right
493,999,2293,1190,232,457,Lobules IV-V,right
493,1020,2304,1189,238,459,Lobules IV-V,right
493,1027,2274,1189,238,452,Lobules IV-V,right
493,1115,2209,1185,260,438,Lobules IV-V,right
493,1153,2248,1182,272,447,Lobules IV-V,right
494,911,3009,1193,212,621,Lobules IV-V,left
494,920,3076,1192,214,635,Lobules IV-V,left
494,924,3055,1192,215,631,Lobules IV-V,left
494,994,2301,1189,231,458,Lobules IV-V,right
494,1146,2220,1182,268,441,Lobules IV-V,right
494,802,2725,1195,183,559,Lobules IV-V,right
494,827,2945,1195,190,607,Lobules IV-V,left
494,834,2842,1194,193,584,Lobules IV-V,left
494,835,2886,1195,193,594,Lobules IV-V,left
494,848,2709,1194,197,555,Lobules IV-V,right
494,853,2695,1194,198,552,Lobules IV-V,right
494,854,2771,1194,198,569,Lobules IV-V,right
494,855,2588,1195,198,527,Lobules IV-V,right
494,858,2922,1194,199,602,Lobules IV-V,left
494,873,3051,1194,202,630,Lobules IV-V,left
494,876,2737,1193,203,561,Lobules IV-V,right
494,878,2357,1196,202,471,Lobules IV-V,right
494,881,2713,1193,204,556,Lobules IV-V,right
494,890,2330,1195,204,465,Lobules IV-V,right
494,896,2777,1192,208,569,Lobules IV-V,right
494,893,2848,1193,208,586,Lobules IV-V,left
494,903,3231,1193,209,669,Lobules IV-V,left
494,954,2296,1192,220,457,Lobules IV-V,right
494,967,2348,1191,225,470,Lobules IV-V,right
494,971,2360,1191,226,472,Lobules IV-V,right
494,1009,2290,1189,235,456,Lobules IV-V,right
494,1041,2308,1187,243,460,Lobules IV-V,right
494,1049,2217,1187,242,439,Lobules IV-V,right
494,1074,2253,1185,251,448,Lobules IV-V,right
494,791,2962,1197,180,611,Lobules IV-V,left
494,794,2855,1196,182,588,Lobules IV-V,left
494,795,2972,1197,181,613,Lobules IV-V,left
494,799,2760,1195,183,567,Lobules IV-V,right
494,810,3057,1196,184,632,Lobules IV-V,left
494,812,2670,1196,186,546,Lobules IV-V,right
494,814,3042,1196,186,628,Lobules IV-V,left
494,822,3060,1196,187,633,Lobules IV-V,left
494,823,2939,1195,190,606,Lobules IV-V,left
494,825,2599,1196,190,530,Lobules IV-V,right
494,828,2668,1195,191,546,Lobules IV-V,right
494,829,2762,1194,191,566,Lobules IV-V,right
494,833,2986,1195,192,616,Lobules IV-V,left
494,834,3006,1195,192,620,Lobules IV-V,left
494,834,2606,1195,193,531,Lobules IV-V,right
494,834,2846,1194,193,585,Lobules IV-V,left
494,837,2647,1195,193,540,Lobules IV-V,right
494,836,2657,1195,193,543,Lobules IV-V,right
494,837,2762,1194,193,566,Lobules IV-V,right
494,841,2835,1194,194,583,Lobules IV-V,left
494,845,2555,1196,195,519,Lobules IV-V,right
494,846,2612,1195,195,532,Lobules IV-V,right
494,847,2686,1194,195,549,Lobules IV-V,right
494,848,2852,1194,197,586,Lobules IV-V,left
494,852,2761,1194,197,566,Lobules IV-V,right
494,854,2728,1194,198,560,Lobules IV-V,right
494,855,2974,1195,197,614,Lobules IV-V,left
494,861,2859,1194,199,589,Lobules IV-V,left
494,863,2894,1194,200,596,Lobules IV-V,left
494,866,2743,1193,200,563,Lobules IV-V,right
494,871,2758,1193,202,566,Lobules IV-V,right
494,877,3189,1194,201,661,Lobules IV-V,left
494,877,2597,1194,203,528,Lobules IV-V,right
494,882,2940,1194,204,606,Lobules IV-V,left
494,883,2963,1194,205,612,Lobules IV-V,left
494,884,2886,1193,205,594,Lobules IV-V,left
494,884,2575,1193,206,523,Lobules IV-V,right
494,892,2381,1195,206,477,Lobules IV-V,right
494,896,3186,1193,206,659,Lobules IV-V,left
494,902,3077,1193,209,635,Lobules IV-V,left
494,905,2862,1192,210,589,Lobules IV-V,left
494,907,2583,1193,211,526,Lobules IV-V,right
494,907,3088,1192,210,639,Lobules IV-V,left
494,912,2658,1192,212,543,Lobules IV-V,right
494,913,2976,1193,213,614,Lobules IV-V,left
494,936,2330,1193,216,465,Lobules IV-V,right
494,942,2264,1193,215,450,Lobules IV-V,right
494,943,2265,1193,216,450,Lobules IV-V,right
494,960,3230,1190,225,668,Lobules IV-V,left
494,976,2339,1190,227,467,Lobules IV-V,right
494,976,2301,1191,226,458,Lobules IV-V,right
494,987,2312,1190,229,460,Lobules IV-V,right
494,986,2323,1190,229,464,Lobules IV-V,right
494,990,2291,1190,229,456,Lobules IV-V,right
494,1018,2274,1188,237,452,Lobules IV-V,right
494,1052,2192,1188,241,433,Lobules IV-V,right
494,1066,2256,1186,248,448,Lobules IV-V,right
494,1090,2242,1185,254,445,Lobules IV-V,right
494,1108,2262,1183,261,449,Lobules IV-V,right
494,1762,2585,1147,403,512,Nodulus (X),right
495,896,2737,1192,208,560,Lobules IV-V,right
495,813,2740,1194,187,562,Lobules IV-V,right
495,823,2809,1194,190,578,Lobules IV-V,left
495,856,2807,1193,198,576,Lobules IV-V,left
495,876,2702,1192,203,553,Lobules IV-V,right
495,897,2881,1192,208,593,Lobules IV-V,left
495,904,2647,1191,211,540,Lobules IV-V,right
495,906,2696,1191,210,551,Lobules IV-V,right
495,914,2619,1191,213,534,Lobules IV-V,right
495,939,2418,1191,219,486,Lobules IV-V,right
495,980,2332,1189,228,465,Lobules IV-V,right
495,1021,2296,1187,237,457,Lobules IV-V,right
495,1054,2280,1185,246,453,Lobules IV-V,right
495,799,2759,1194,183,567,Lobules IV-V,right
495,828,3041,1195,190,628,Lobules IV-V,left
495,860,2764,1193,199,567,Lobules IV-V,right
495,867,2696,1193,200,552,Lobules IV-V,right
495,870,2793,1192,202,574,Lobules IV-V,left
495,915,3020,1192,213,624,Lobules IV-V,left
495,976,3266,1189,229,675,Lobules IV-V,left
495,1010,2259,1188,233,449,Lobules IV-V,right
495,1124,2243,1182,264,446,Lobules IV-V,right
497,810,3066,1195,184,634,Lobules IV-V,left
497,1043,2285,1186,244,455,Lobules IV-V,right
497,783,2943,1196,178,607,Lobules IV-V,left
497,791,2681,1195,180,549,Lobules IV-V,right
497,798,2757,1194,183,566,Lobules IV-V,right
497,810,2670,1195,186,546,Lobules IV-V,right
497,814,2941,1195,187,606,Lobules IV-V,left
497,834,2752,1193,193,564,Lobules IV-V,right
497,835,2637,1194,192,538,Lobules IV-V,right
497,859,2611,1193,199,532,Lobules IV-V,right
497,875,2944,1193,203,607,Lobules IV-V,left
497,879,2610,1193,204,532,Lobules IV-V,right
497,887,2816,1192,205,579,Lobules IV-V,left
497,900,2632,1192,209,536,Lobules IV-V,right
497,927,2318,1193,213,463,Lobules IV-V,right
497,1053,2241,1186,245,444,Lobules IV-V,right
497,1140,2241,1181,267,445,Lobules IV-V,right
497,769,2796,1195,175,575,Lobules IV-V,left
497,789,2690,1195,180,551,Lobules IV-V,right
497,794,2599,1196,181,530,Lobules IV-V,right
497,801,3022,1196,182,624,Lobules IV-V,left
497,821,2870,1194,189,591,Lobules IV-V,left
497,828,2774,1194,191,570,Lobules IV-V,right
497,830,3041,1195,190,628,Lobules IV-V,left
497,833,2660,1194,193,544,Lobules IV-V,right
497,833,2884,1194,192,594,Lobules IV-V,left
497,844,2769,1193,195,569,Lobules IV-V,right
497,851,2595,1194,196,529,Lobules IV-V,right
497,858,2784,1193,199,572,Lobules IV-V,left
497,863,2656,1193,200,542,Lobules IV-V,right
497,885,3051,1193,205,630,Lobules IV-V,left
497,890,2943,1193,206,607,Lobules IV-V,left
497,895,2912,1192,208,600,Lobules IV-V,left
497,898,2360,1194,208,472,Lobules IV-V,right
497,905,2334,1194,208,467,Lobules IV-V,right
497,908,2357,1193,210,471,Lobules IV-V,right
497,958,2306,1191,222,459,Lobules IV-V,right
497,966,2255,1191,221,448,Lobules IV-V,right
497,971,2552,1189,227,517,Lobules IV-V,right
497,994,2276,1189,230,452,Lobules IV-V,right
497,999,2235,1189,229,443,Lobules IV-V,right
497,1043,2293,1186,244,457,Lobules IV-V,right
497,1070,2275,1185,250,452,Lobules IV-V,right
497,1098,2167,1185,253,428,Lobules IV-V,right
497,1120,2187,1183,260,433,Lobules IV-V,right
496,964,2372,1190,225,474,Lobules IV-V,right
496,986,2342,1189,230,467,Lobules IV-V,right
496,1024,2220,1188,235,440,Lobules IV-V,right
496,829,2819,1194,191,580,Lobules IV-V,left
496,841,2811,1193,194,578,Lobules IV-V,left
496,851,2962,1194,196,611,Lobules IV-V,left
496,869,2682,1193,202,548,Lobules IV-V,right
496,871,3032,1193,201,626,Lobules IV-V,left
496,880,2878,1193,204,593,Lobules IV-V,left
496,886,2750,1192,205,564,Lobules IV-V,right
496,891,2770,1192,207,568,Lobules IV-V,right
496,1095,2251,1183,256,447,Lobules IV-V,right
496,785,2796,1195,179,574,Lobules IV-V,left
496,788,2879,1195,180,593,Lobules IV-V,left
496,789,2732,1195,180,560,Lobules IV-V,right
496,819,2572,1196,188,523,Lobules IV-V,right
496,831,2703,1194,191,554,Lobules IV-V,right
496,836,2864,1194,193,590,Lobules IV-V,left
496,840,2796,1193,194,574,Lobules IV-V,left
496,848,2873,1193,196,592,Lobules IV-V,left
496,860,2943,1193,199,607,Lobules IV-V,left
496,892,2601,1192,207,529,Lobules IV-V,right
496,897,2306,1194,204,459,Lobules IV-V,right
496,905,2607,1192,211,530,Lobules IV-V,right
496,1022,2248,1188,235,446,Lobules IV-V,right
496,1170,2175,1181,272,431,Lobules IV-V,right
496,1352,2044,1178,306,401,Simple lobule,right
498,1005,2311,1187,234,460,Lobules IV-V,right
498,896,2899,1191,208,597,Lobules IV-V,left
498,889,2848,1191,206,586,Lobules IV-V,left
498,891,2692,1191,207,550,Lobules IV-V,right
498,825,2695,1193,190,552,Lobules IV-V,right
498,856,2648,1192,198,541,Lobules IV-V,right
498,857,2576,1193,198,524,Lobules IV-V,right
498,861,2981,1193,198,615,Lobules IV-V,left
498,864,2741,1192,200,562,Lobules IV-V,right
498,874,2598,1192,203,530,Lobules IV-V,right
498,891,2921,1192,206,602,Lobules IV-V,left
498,960,2316,1190,222,462,Lobules IV-V,right
498,968,2356,1189,226,471,Lobules IV-V,right
498,1025,2301,1186,239,458,Lobules IV-V,right
498,1031,2287,1186,240,455,Lobules IV-V,right
498,1033,2297,1186,241,457,Lobules IV-V,right
498,767,2797,1194,173,575,Lobules IV-V,left
498,778,2873,1194,177,592,Lobules IV-V,left
498,783,2710,1194,179,556,Lobules IV-V,right
498,789,2770,1194,180,569,Lobules IV-V,right
498,790,2763,1194,180,568,Lobules IV-V,right
498,802,2784,1193,183,572,Lobules IV-V,left
498,809,2913,1194,186,601,Lobules IV-V,left
498,828,3050,1194,190,630,Lobules IV-V,left
498,834,2569,1194,192,523,Lobules IV-V,right
498,836,2789,1193,193,573,Lobules IV-V,left
498,840,2991,1193,193,617,Lobules IV-V,left
498,846,3018,1193,194,624,Lobules IV-V,left
498,849,2818,1192,196,580,Lobules IV-V,left
498,850,2667,1193,196,545,Lobules IV-V,right
498,851,3148,1193,194,652,Lobules IV-V,left
498,855,2674,1192,198,547,Lobules IV-V,right
498,860,2753,1192,199,565,Lobules IV-V,right
498,866,2814,1192,200,579,Lobules IV-V,left
498,867,2626,1192,200,535,Lobules IV-V,right
498,866,2777,1192,200,570,Lobules IV-V,right
498,873,2618,1192,203,534,Lobules IV-V,right
498,873,2778,1191,203,571,Lobules IV-V,left
498,887,2634,1191,205,538,Lobules IV-V,right
498,888,2652,1191,207,541,Lobules IV-V,right
498,890,3173,1191,205,657,Lobules IV-V,left
498,894,2716,1191,208,556,Lobules IV-V,right
498,896,2667,1191,208,544,Lobules IV-V,right
498,905,2633,1191,210,537,Lobules IV-V,right
498,925,3146,1190,215,650,Lobules IV-V,left
498,976,2342,1189,227,467,Lobules IV-V,right
498,1024,2248,1186,237,447,Lobules IV-V,right
498,1043,2292,1185,244,456,Lobules IV-V,right
498,1063,2231,1184,247,442,Lobules IV-V,right
498,1089,2222,1183,253,440,Lobules IV-V,right
499,901,3002,1190,209,619,Lobules IV-V,left
499,990,2330,1187,230,465,Lobules IV-V,right
499,1049,2274,1184,244,452,Lobules IV-V,right
499,863,2799,1191,200,575,Lobules IV-V,left
499,964,2364,1188,225,473,Lobules IV-V,right
499,974,2349,1188,227,470,Lobules IV-V,right
499,1032,2230,1185,237,442,Lobules IV-V,right
499,763,2752,1193,173,565,Lobules IV-V,right
499,785,2879,1193,179,593,Lobules IV-V,left
499,833,2650,1192,192,542,Lobules IV-V,right
499,835,2625,1193,192,536,Lobules IV-V,right
499,836,2606,1193,192,531,Lobules IV-V,right
499,849,2554,1193,196,519,Lobules IV-V,right
499,876,2695,1191,203,552,Lobules IV-V,right
499,876,2798,1191,203,575,Lobules IV-V,left
499,880,2966,1191,204,612,Lobules IV-V,left
499,904,3021,1190,210,624,Lobules IV-V,left
499,926,3070,1189,215,634,Lobules IV-V,left
499,960,2266,1189,220,450,Lobules IV-V,right
499,1071,2258,1183,249,449,Lobules IV-V,right
499,764,2782,1193,173,571,Lobules IV-V,left
499,775,2727,1193,176,559,Lobules IV-V,right
499,790,2769,1193,180,569,Lobules IV-V,right
499,794,2898,1193,181,598,Lobules IV-V,left
499,795,2933,1193,181,605,Lobules IV-V,left
499,798,3002,1194,182,619,Lobules IV-V,left
499,804,2884,1193,184,594,Lobules IV-V,left
499,815,2885,1192,187,594,Lobules IV-V,left
499,816,2678,1193,187,549,Lobules IV-V,right
499,829,2452,1195,190,495,Lobules IV-V,right
499,834,3033,1193,191,627,Lobules IV-V,left
499,837,2772,1192,192,569,Lobules IV-V,right
499,843,2915,1192,195,601,Lobules IV-V,left
499,851,3057,1192,195,631,Lobules IV-V,left
499,858,2590,1192,199,527,Lobules IV-V,right
499,876,3217,1191,200,666,Lobules IV-V,left
499,880,2680,1191,204,548,Lobules IV-V,right
499,882,2714,1190,204,556,Lobules IV-V,right
499,886,2591,1191,205,527,Lobules IV-V,right
499,896,2593,1190,208,528,Lobules IV-V,right
499,896,2677,1190,208,547,Lobules IV-V,right
499,900,2992,1190,209,617,Lobules IV-V,left
499,901,2641,1190,209,539,Lobules IV-V,right
499,905,2621,1190,210,534,Lobules IV-V,right
499,908,2328,1192,209,465,Lobules IV-V,right
499,928,2310,1191,214,461,Lobules IV-V,right
499,946,2323,1190,218,464,Lobules IV-V,right
499,973,2228,1188,222,442,Lobules IV-V,right
499,1000,2249,1187,230,446,Lobules IV-V,right
499,1006,2261,1187,232,449,Lobules IV-V,right
499,1092,2199,1183,252,436,Lobules IV-V,right
499,1107,2176,1182,255,430,Lobules IV-V,right
501,1016,2293,1186,236,457,Lobules IV-V,right
501,839,2872,1192,194,591,Lobules IV-V,left
501,850,2767,1191,196,568,Lobules IV-V,right
501,896,2961,1191,208,611,Lobules IV-V,left
501,988,2320,1187,230,463,Lobules IV-V,right
501,775,2765,1193,176,568,Lobules IV-V,right
501,786,2839,1193,179,584,Lobules IV-V,left
501,793,3019,1194,180,624,Lobules IV-V,left
501,813,2660,1193,187,544,Lobules IV-V,right
501,832,2561,1194,191,521,Lobules IV-V,right
501,839,2697,1192,194,552,Lobules IV-V,right
501,849,2960,1192,196,611,Lobules IV-V,left
501,858,3018,1192,198,624,Lobules IV-V,left
501,865,2635,1191,200,538,Lobules IV-V,right
501,869,2680,1191,201,548,Lobules IV-V,right
501,874,3172,1191,201,656,Lobules IV-V,left
501,882,2870,1191,204,591,Lobules IV-V,left
501,885,2824,1190,205,581,Lobules IV-V,left
501,891,2623,1190,207,535,Lobules IV-V,right
501,897,2668,1190,208,546,Lobules IV-V,right
501,981,2274,1188,226,452,Lobules IV-V,right
501,984,2241,1188,225,444,Lobules IV-V,right
501,1020,2238,1186,235,444,Lobules IV-V,right
501,1060,2192,1184,243,433,Lobules IV-V,right
501,763,2871,1193,173,591,Lobules IV-V,left
501,774,2879,1193,176,593,Lobules IV-V,left
501,784,2824,1193,179,581,Lobules IV-V,left
501,790,2587,1195,180,527,Lobules IV-V,right
501,790,2957,1194,180,610,Lobules IV-V,left
501,797,2851,1193,182,587,Lobules IV-V,left
501,812,2740,1192,186,562,Lobules IV-V,right
501,812,2795,1192,186,574,Lobules IV-V,left
501,812,2810,1192,186,578,Lobules IV-V,left
501,818,2688,1193,188,551,Lobules IV-V,right
501,819,2850,1192,188,587,Lobules IV-V,left
501,823,2660,1193,190,544,Lobules IV-V,right
501,827,2585,1193,190,527,Lobules IV-V,right
501,833,2610,1193,192,532,Lobules IV-V,right
501,840,3001,1192,193,619,Lobules IV-V,left
501,846,2577,1193,195,524,Lobules IV-V,right
501,846,3131,1192,193,648,Lobules IV-V,left
501,855,2758,1191,198,566,Lobules IV-V,right
501,860,2690,1191,199,550,Lobules IV-V,right
501,869,3218,1192,199,667,Lobules IV-V,left
501,873,2670,1191,203,546,Lobules IV-V,right
501,880,2374,1193,203,476,Lobules IV-V,right
501,892,2349,1193,205,470,Lobules IV-V,right
501,906,2276,1192,206,452,Lobules IV-V,right
501,940,2382,1190,219,477,Lobules IV-V,right
501,940,2333,1190,217,466,Lobules IV-V,right
501,940,2342,1190,218,468,Lobules IV-V,right
501,952,2237,1190,215,443,Lobules IV-V,right
501,951,2271,1190,217,451,Lobules IV-V,right
501,953,2367,1189,222,473,Lobules IV-V,right
501,1037,2224,1185,238,441,Lobules IV-V,right
501,1050,2214,1185,242,439,Lobules IV-V,right
501,1058,2246,1184,246,446,Lobules IV-V,right
501,1105,2163,1183,254,428,Lobules IV-V,right
501,1124,2233,1180,263,444,Lobules IV-V,right
500,1076,2246,1183,250,446,Lobules IV-V,right
500,773,2888,1193,176,595,Lobules IV-V,left
500,829,2780,1192,191,571,Lobules IV-V,left
500,783,2706,1193,179,554,Lobules IV-V,right
500,791,2803,1193,180,577,Lobules IV-V,left
500,846,3112,1192,193,643,Lobules IV-V,left
500,856,2816,1191,198,579,Lobules IV-V,left
500,863,2879,1191,200,593,Lobules IV-V,left
500,867,2867,1191,200,590,Lobules IV-V,left
500,886,2600,1191,205,529,Lobules IV-V,right
500,887,3242,1191,203,671,Lobules IV-V,left
500,897,2888,1190,208,595,Lobules IV-V,left
500,900,2979,1191,209,615,Lobules IV-V,left
500,937,3214,1188,218,665,Lobules IV-V,left
500,954,2303,1189,220,459,Lobules IV-V,right
500,1085,2170,1183,249,429,Lobules IV-V,right
500,1122,2235,1181,262,444,Lobules IV-V,right
500,766,2737,1194,173,561,Lobules IV-V,right
500,774,2750,1193,176,565,Lobules IV-V,right
500,785,2824,1193,179,581,Lobules IV-V,left
500,798,2811,1192,183,578,Lobules IV-V,left
500,802,2743,1193,183,563,Lobules IV-V,right
500,809,2954,1193,185,610,Lobules IV-V,left
500,813,2835,1192,187,583,Lobules IV-V,left
500,815,2859,1192,187,589,Lobules IV-V,left
500,816,2824,1192,187,581,Lobules IV-V,left
500,820,2803,1192,188,577,Lobules IV-V,left
500,820,2942,1193,188,606,Lobules IV-V,left
500,820,3049,1193,187,630,Lobules IV-V,left
500,826,3014,1193,189,623,Lobules IV-V,left
500,828,2977,1193,190,614,Lobules IV-V,left
500,839,2929,1192,193,604,Lobules IV-V,left
500,840,2718,1192,194,557,Lobules IV-V,right
500,840,2862,1192,194,589,Lobules IV-V,left
500,845,2803,1191,195,577,Lobules IV-V,left
500,849,3016,1192,195,623,Lobules IV-V,left
500,852,2904,1192,196,599,Lobules IV-V,left
500,852,2695,1192,196,552,Lobules IV-V,right
500,858,2931,1192,199,604,Lobules IV-V,left
500,858,2962,1192,198,611,Lobules IV-V,left
500,863,2849,1191,200,586,Lobules IV-V,left
500,868,2950,1191,201,608,Lobules IV-V,left
500,872,2705,1191,201,554,Lobules IV-V,right
500,876,2902,1191,203,597,Lobules IV-V,left
500,890,2608,1191,207,532,Lobules IV-V,right
500,892,2339,1193,204,468,Lobules IV-V,right
500,896,2863,1190,208,590,Lobules IV-V,left
500,905,3066,1190,210,633,Lobules IV-V,left
500,913,2343,1191,211,469,Lobules IV-V,right
500,918,3317,1191,213,687,Lobules IV-V,left
500,985,2298,1188,228,458,Lobules IV-V,right
500,1001,2236,1187,229,443,Lobules IV-V,right
500,1031,2291,1185,240,456,Lobules IV-V,right
500,1038,2204,1185,238,436,Lobules IV-V,right
500,1048,2184,1185,240,432,Lobules IV-V,right
500,1066,2212,1184,246,438,Lobules IV-V,right
500,1085,2229,1182,252,442,Lobules IV-V,right
500,1089,2187,1183,251,432,Lobules IV-V,right
500,1096,2255,1182,256,448,Lobules IV-V,right
500,1197,2167,1178,277,429,Lobules IV-V,right
503,875,2818,1189,202,580,Lobules IV-V,left
503,970,2338,1187,225,467,Lobules IV-V,right
503,977,2328,1186,226,465,Lobules IV-V,right
503,837,2801,1190,192,575,Lobules IV-V,left
503,875,2770,1189,202,569,Lobules IV-V,right
503,875,2726,1189,202,558,Lobules IV-V,right
503,890,2988,1189,206,617,Lobules IV-V,left
503,901,3048,1188,208,630,Lobules IV-V,left
503,1146,2227,1178,267,442,Lobules IV-V,right
503,763,2729,1192,173,560,Lobules IV-V,right
503,787,2670,1192,178,547,Lobules IV-V,right
503,803,2764,1191,184,568,Lobules IV-V,right
503,810,2863,1191,186,590,Lobules IV-V,left
503,835,2897,1190,192,596,Lobules IV-V,left
503,851,2614,1190,196,533,Lobules IV-V,right
503,852,2841,1190,196,584,Lobules IV-V,left
503,851,2969,1190,196,613,Lobules IV-V,left
503,859,2955,1190,198,610,Lobules IV-V,left
503,877,2743,1189,202,563,Lobules IV-V,right
503,884,2591,1189,205,527,Lobules IV-V,right
503,939,2297,1188,216,457,Lobules IV-V,right
503,954,2317,1187,220,462,Lobules IV-V,right
503,1005,2251,1185,231,447,Lobules IV-V,right
503,1021,2236,1184,234,443,Lobules IV-V,right
503,1076,2258,1181,250,449,Lobules IV-V,right
503,1104,2173,1180,254,430,Lobules IV-V,right
503,1129,2150,1180,259,425,Lobules IV-V,right
503,1132,2235,1178,264,444,Lobules IV-V,right
503,754,2796,1191,170,575,Lobules IV-V,left
503,762,2885,1192,172,594,Lobules IV-V,left
503,771,2870,1191,174,591,Lobules IV-V,left
503,785,2730,1191,179,560,Lobules IV-V,right
503,794,2726,1191,181,559,Lobules IV-V,right
503,796,2752,1191,181,565,Lobules IV-V,right
503,796,2910,1191,181,600,Lobules IV-V,left
503,799,2632,1192,183,537,Lobules IV-V,right
503,801,2697,1191,183,552,Lobules IV-V,right
503,803,2642,1192,184,540,Lobules IV-V,right
503,804,2998,1191,183,619,Lobules IV-V,left
503,805,2737,1191,184,561,Lobules IV-V,right
503,809,2930,1191,185,604,Lobules IV-V,left
503,814,2989,1191,186,617,Lobules IV-V,left
503,818,2716,1191,188,557,Lobules IV-V,right
503,823,2612,1191,189,532,Lobules IV-V,right
503,830,2622,1191,191,535,Lobules IV-V,right
503,831,2981,1191,190,615,Lobules IV-V,left
503,844,2646,1190,195,540,Lobules IV-V,right
503,850,3065,1190,195,634,Lobules IV-V,left
503,855,2706,1190,197,554,Lobules IV-V,right
503,863,2873,1189,200,592,Lobules IV-V,left
503,862,3039,1190,198,628,Lobules IV-V,left
503,866,2823,1189,200,581,Lobules IV-V,left
503,880,2959,1189,203,611,Lobules IV-V,left
503,895,2365,1191,206,474,Lobules IV-V,right
503,932,2284,1189,213,455,Lobules IV-V,right
503,948,2271,1188,217,451,Lobules IV-V,right
503,956,3237,1186,223,669,Lobules IV-V,left
503,966,2288,1187,222,456,Lobules IV-V,right
503,1001,2277,1185,231,452,Lobules IV-V,right
503,1118,2203,1179,260,437,Lobules IV-V,right
503,1133,2140,1180,260,423,Lobules IV-V,right
502,884,2664,1190,205,545,Lobules IV-V,right
502,1002,2305,1186,232,459,Lobules IV-V,right
502,1011,2283,1185,234,455,Lobules IV-V,right
502,779,2950,1193,177,608,Lobules IV-V,left
502,800,2549,1194,183,519,Lobules IV-V,right
502,800,3065,1193,181,634,Lobules IV-V,left
502,836,2604,1192,192,531,Lobules IV-V,right
502,837,2965,1191,192,612,Lobules IV-V,left
502,839,2824,1191,194,581,Lobules IV-V,left
502,850,2623,1191,196,536,Lobules IV-V,right
502,857,2914,1191,197,601,Lobules IV-V,left
502,864,2600,1191,200,530,Lobules IV-V,right
502,877,2791,1190,202,573,Lobules IV-V,left
502,928,2313,1190,214,462,Lobules IV-V,right
502,963,2345,1188,224,469,Lobules IV-V,right
502,981,2312,1187,227,460,Lobules IV-V,right
502,1031,2268,1184,239,451,Lobules IV-V,right
502,779,2943,1193,177,607,Lobules IV-V,left
502,786,2792,1192,179,573,Lobules IV-V,left
502,790,2779,1192,180,571,Lobules IV-V,left
502,799,2722,1192,183,558,Lobules IV-V,right
502,800,2925,1192,183,603,Lobules IV-V,left
502,802,2889,1192,183,595,Lobules IV-V,left
502,816,2746,1191,187,563,Lobules IV-V,right
502,824,2452,1194,189,495,Lobules IV-V,right
502,832,2659,1192,191,544,Lobules IV-V,right
502,841,2708,1191,194,555,Lobules IV-V,right
502,856,2830,1190,197,582,Lobules IV-V,left
502,865,3064,1191,199,633,Lobules IV-V,left
502,866,2659,1190,200,544,Lobules IV-V,right
502,867,2696,1190,200,552,Lobules IV-V,right
502,885,2946,1190,205,607,Lobules IV-V,left
502,889,2299,1192,203,458,Lobules IV-V,right
502,891,2605,1190,206,531,Lobules IV-V,right
502,893,3234,1190,206,670,Lobules IV-V,left
502,896,2634,1189,208,538,Lobules IV-V,right
502,921,2349,1190,212,470,Lobules IV-V,right
502,940,2331,1189,217,465,Lobules IV-V,right
502,955,2359,1188,222,472,Lobules IV-V,right
502,958,2351,1188,223,470,Lobules IV-V,right
502,958,2281,1188,220,453,Lobules IV-V,right
502,996,2283,1186,230,455,Lobules IV-V,right
502,997,2266,1186,229,450,Lobules IV-V,right
502,999,2290,1186,231,456,Lobules IV-V,right
502,1018,2279,1185,236,453,Lobules IV-V,right
502,1020,2258,1185,236,449,Lobules IV-V,right
502,1063,2256,1182,248,448,Lobules IV-V,right
502,1110,2207,1181,257,437,Lobules IV-V,right
502,1132,2203,1180,263,437,Lobules IV-V,right
502,1148,2213,1178,268,440,Lobules IV-V,right
502,1205,2209,1176,282,439,Lobules IV-V,right
504,861,2347,1192,196,469,Lobules IV-V,right
504,887,2648,1189,205,541,Lobules IV-V,right
504,832,2888,1190,191,595,Lobules IV-V,left
504,877,2638,1189,202,539,Lobules IV-V,right
504,809,2951,1191,185,608,Lobules IV-V,left
504,812,2909,1191,185,600,Lobules IV-V,left
504,823,2915,1191,189,601,Lobules IV-V,left
504,825,2741,1190,190,562,Lobules IV-V,right
504,843,2739,1190,195,562,Lobules IV-V,right
504,870,2753,1189,201,565,Lobules IV-V,right
504,877,2708,1189,202,555,Lobules IV-V,right
504,890,2938,1189,206,606,Lobules IV-V,left
504,991,2260,1186,227,449,Lobules IV-V,right
504,1034,2182,1184,235,431,Lobules IV-V,right
504,1041,2237,1183,240,443,Lobules IV-V,right
504,1059,2210,1182,244,438,Lobules IV-V,right
504,1196,2187,1176,278,433,Lobules IV-V,right
504,790,2852,1191,180,587,Lobules IV-V,left
504,793,2713,1191,181,557,Lobules IV-V,right
504,794,3055,1192,179,632,Lobules IV-V,left
504,809,2651,1192,185,542,Lobules IV-V,right
504,810,2591,1192,185,528,Lobules IV-V,right
504,813,2843,1190,187,585,Lobules IV-V,left
504,821,2861,1190,188,589,Lobules IV-V,left
504,824,2778,1190,190,571,Lobules IV-V,left
504,826,2679,1191,189,549,Lobules IV-V,right
504,828,2795,1190,191,574,Lobules IV-V,left
504,831,2840,1190,191,584,Lobules IV-V,left
504,841,2726,1190,193,559,Lobules IV-V,right
504,842,3196,1191,190,662,Lobules IV-V,left
504,860,2749,1189,199,564,Lobules IV-V,right
504,863,2626,1190,200,536,Lobules IV-V,right
504,865,2641,1190,200,539,Lobules IV-V,right
504,866,2648,1190,200,541,Lobules IV-V,right
504,867,2829,1189,200,582,Lobules IV-V,left
504,887,2674,1189,205,547,Lobules IV-V,right
504,932,2257,1189,211,448,Lobules IV-V,right
504,943,2370,1188,219,475,Lobules IV-V,right
504,966,2243,1187,220,445,Lobules IV-V,right
504,1001,2265,1185,230,450,Lobules IV-V,right
504,1029,2203,1184,235,436,Lobules IV-V,right
504,1063,2231,1182,246,442,Lobules IV-V,right
504,1082,2199,1181,249,436,Lobules IV-V,right
504,1103,2156,1181,253,426,Lobules IV-V,right
504,1166,2194,1177,271,435,Lobules IV-V,right
504,1210,2117,1177,278,418,Lobules IV-V,right
504,1259,2139,1175,291,423,Lobules IV-V,right
508,1018,2273,1182,236,452,Lobules IV-V,right
508,863,2820,1188,200,580,Lobules IV-V,left
508,897,3093,1187,206,640,Lobules IV-V,left
508,1091,2210,1179,252,438,Lobules IV-V,right
508,1312,2189,1169,302,434,Lobules IV-V,right
508,763,2937,1190,172,605,Lobules IV-V,left
508,780,3011,1190,176,622,Lobules IV-V,left
508,859,2759,1188,198,567,Lobules IV-V,right
508,861,2768,1188,198,569,Lobules IV-V,right
508,866,2798,1187,200,575,Lobules IV-V,left
508,868,2691,1188,201,551,Lobules IV-V,right
508,880,3008,1187,203,622,Lobules IV-V,left
508,886,3041,1187,204,628,Lobules IV-V,left
508,897,3075,1187,207,636,Lobules IV-V,left
508,942,3200,1185,219,662,Lobules IV-V,left
508,958,2332,1185,222,465,Lobules IV-V,right
508,1055,2259,1180,245,449,Lobules IV-V,right
508,756,2695,1191,170,553,Lobules IV-V,right
508,758,2972,1190,171,613,Lobules IV-V,left
508,763,2770,1190,173,569,Lobules IV-V,right
508,775,2807,1189,176,577,Lobules IV-V,left
508,782,2641,1191,177,540,Lobules IV-V,right
508,789,2950,1190,179,608,Lobules IV-V,left
508,800,2696,1190,183,552,Lobules IV-V,right
508,806,2867,1189,184,590,Lobules IV-V,left
508,814,2715,1189,187,557,Lobules IV-V,right
508,815,3065,1189,185,634,Lobules IV-V,left
508,819,2839,1188,188,584,Lobules IV-V,left
508,824,2897,1189,189,596,Lobules IV-V,left
508,834,2869,1188,192,591,Lobules IV-V,left
508,837,2724,1188,192,559,Lobules IV-V,right
508,838,2799,1188,193,576,Lobules IV-V,left
508,839,2998,1189,193,619,Lobules IV-V,left
508,841,2781,1188,193,571,Lobules IV-V,left
508,843,2922,1188,194,602,Lobules IV-V,left
508,849,2806,1188,196,577,Lobules IV-V,left
508,848,2848,1188,196,587,Lobules IV-V,left
508,860,2620,1188,198,535,Lobules IV-V,right
508,865,3194,1188,197,662,Lobules IV-V,left
508,869,2931,1188,201,604,Lobules IV-V,left
508,873,2713,1187,202,556,Lobules IV-V,right
508,876,2633,1188,202,538,Lobules IV-V,right
508,876,2891,1188,202,595,Lobules IV-V,left
508,883,2949,1187,205,608,Lobules IV-V,left
508,885,2607,1187,205,531,Lobules IV-V,right
508,915,2330,1188,210,465,Lobules IV-V,right
508,916,3197,1186,211,661,Lobules IV-V,left
508,947,2342,1186,218,468,Lobules IV-V,right
508,1054,2217,1181,242,439,Lobules IV-V,right
508,1054,2244,1180,244,446,Lobules IV-V,right
508,1092,2157,1180,248,426,Lobules IV-V,right
508,1146,2179,1176,265,432,Lobules IV-V,right
508,1258,2162,1172,291,428,Lobules IV-V,right
505,755,2760,1192,170,567,Lobules IV-V,right
505,774,2753,1191,176,566,Lobules IV-V,right
505,821,2642,1191,188,539,Lobules IV-V,right
505,839,2675,1190,193,547,Lobules IV-V,right
505,856,2585,1191,197,526,Lobules IV-V,right
505,872,2586,1190,201,526,Lobules IV-V,right
505,896,3037,1189,207,627,Lobules IV-V,left
505,936,2321,1189,215,463,Lobules IV-V,right
505,951,2297,1188,218,457,Lobules IV-V,right
505,960,2292,1187,221,456,Lobules IV-V,right
505,1028,2280,1183,239,453,Lobules IV-V,right
505,1032,2237,1184,237,443,Lobules IV-V,right
505,1052,2227,1183,242,441,Lobules IV-V,right
505,1171,2179,1177,272,432,Lobules IV-V,right
505,794,2839,1191,182,584,Lobules IV-V,left
505,806,2980,1191,183,615,Lobules IV-V,left
505,808,2691,1191,185,551,Lobules IV-V,right
505,822,2687,1191,188,550,Lobules IV-V,right
505,846,2667,1190,195,545,Lobules IV-V,right
505,850,2948,1190,196,608,Lobules IV-V,left
505,853,2843,1190,197,585,Lobules IV-V,left
505,855,2799,1189,197,575,Lobules IV-V,left
505,858,2932,1190,198,604,Lobules IV-V,left
505,865,2900,1190,200,597,Lobules IV-V,left
505,870,2931,1190,201,604,Lobules IV-V,left
505,881,2619,1189,204,534,Lobules IV-V,right
505,882,2627,1189,204,535,Lobules IV-V,right
505,882,2999,1189,203,619,Lobules IV-V,left
505,971,2228,1187,220,442,Lobules IV-V,right
505,992,2287,1186,228,455,Lobules IV-V,right
505,1014,2289,1184,235,456,Lobules IV-V,right
505,1021,2251,1184,235,447,Lobules IV-V,right
505,1042,2271,1183,241,451,Lobules IV-V,right
505,1051,2199,1183,241,435,Lobules IV-V,right
505,1061,2262,1182,246,449,Lobules IV-V,right
505,1112,2209,1180,257,438,Lobules IV-V,right
505,1259,2199,1173,293,437,Lobules IV-V,right
505,1274,2117,1175,293,418,Lobules IV-V,right
507,864,2729,1188,200,560,Lobules IV-V,right
507,876,2903,1188,202,599,Lobules IV-V,left
507,752,2782,1190,169,571,Lobules IV-V,left
507,758,2868,1190,171,591,Lobules IV-V,left
507,777,2781,1189,176,571,Lobules IV-V,left
507,788,2860,1189,180,589,Lobules IV-V,left
507,808,3081,1189,183,637,Lobules IV-V,left
507,832,2744,1188,191,563,Lobules IV-V,right
507,834,2768,1188,192,569,Lobules IV-V,right
507,854,2961,1188,197,611,Lobules IV-V,left
507,878,2931,1188,203,604,Lobules IV-V,left
507,941,2355,1186,218,471,Lobules IV-V,right
507,960,2265,1186,219,450,Lobules IV-V,right
507,979,2249,1185,224,447,Lobules IV-V,right
507,996,2295,1184,230,457,Lobules IV-V,right
507,758,2879,1190,171,593,Lobules IV-V,left
507,771,2735,1190,174,561,Lobules IV-V,right
507,773,2791,1189,176,574,Lobules IV-V,left
507,783,2641,1191,178,540,Lobules IV-V,right
507,784,2983,1190,178,616,Lobules IV-V,left
507,791,2790,1189,180,573,Lobules IV-V,left
507,807,2791,1189,184,573,Lobules IV-V,left
507,807,2958,1189,184,611,Lobules IV-V,left
507,816,2725,1189,187,559,Lobules IV-V,right
507,827,2695,1189,189,552,Lobules IV-V,right
507,830,2666,1189,191,545,Lobules IV-V,right
507,834,2779,1188,192,571,Lobules IV-V,left
507,834,3192,1189,189,661,Lobules IV-V,left
507,841,3097,1188,191,640,Lobules IV-V,left
507,843,2660,1189,194,544,Lobules IV-V,right
507,850,2702,1188,196,553,Lobules IV-V,right
507,854,2786,1188,197,572,Lobules IV-V,left
507,858,2832,1188,198,582,Lobules IV-V,left
507,860,2673,1188,198,547,Lobules IV-V,right
507,870,3099,1187,200,641,Lobules IV-V,left
507,872,2807,1187,201,577,Lobules IV-V,left
507,872,2712,1187,201,555,Lobules IV-V,right
507,879,2682,1187,203,548,Lobules IV-V,right
507,879,3182,1187,202,658,Lobules IV-V,left
507,888,3131,1187,205,647,Lobules IV-V,left
507,923,2287,1187,211,455,Lobules IV-V,right
507,988,2224,1184,225,441,Lobules IV-V,right
507,1001,2231,1183,228,442,Lobules IV-V,right
507,1050,2188,1181,240,433,Lobules IV-V,right
507,1058,2211,1180,243,438,Lobules IV-V,right
507,1068,2169,1180,244,429,Lobules IV-V,right
507,1112,2212,1178,257,438,Lobules IV-V,right
507,1113,2189,1178,257,434,Lobules IV-V,right
507,1131,2196,1177,262,435,Lobules IV-V,right
506,933,2378,1187,217,477,Lobules IV-V,right
506,1027,2269,1183,237,451,Lobules IV-V,right
506,1099,2195,1179,254,435,Lobules IV-V,right
506,788,3038,1191,178,628,Lobules IV-V,left
506,807,2676,1190,184,548,Lobules IV-V,right
506,823,2935,1190,189,605,Lobules IV-V,left
506,856,2632,1189,197,537,Lobules IV-V,right
506,865,2654,1189,200,543,Lobules IV-V,right
506,887,3028,1188,204,626,Lobules IV-V,left
506,901,3085,1187,208,638,Lobules IV-V,left
506,923,3111,1186,215,643,Lobules IV-V,left
506,949,2361,1187,220,472,Lobules IV-V,right
506,950,2349,1187,220,470,Lobules IV-V,right
506,760,2944,1191,171,607,Lobules IV-V,left
506,765,2980,1191,172,615,Lobules IV-V,left
506,767,2930,1191,173,604,Lobules IV-V,left
506,777,2998,1191,175,619,Lobules IV-V,left
506,780,3025,1191,176,625,Lobules IV-V,left
506,789,2768,1190,180,569,Lobules IV-V,right
506,793,2695,1191,181,552,Lobules IV-V,right
506,803,2704,1190,184,554,Lobules IV-V,right
506,806,2688,1190,184,551,Lobules IV-V,right
506,834,3175,1190,189,658,Lobules IV-V,left
506,844,2881,1189,195,593,Lobules IV-V,left
506,846,2968,1189,194,613,Lobules IV-V,left
506,848,2837,1189,196,583,Lobules IV-V,left
506,849,2615,1190,196,533,Lobules IV-V,right
506,850,2598,1190,196,530,Lobules IV-V,right
506,853,2680,1189,197,548,Lobules IV-V,right
506,854,2867,1189,197,590,Lobules IV-V,left
506,882,2614,1188,204,533,Lobules IV-V,right
506,882,2671,1188,203,546,Lobules IV-V,right
506,894,2618,1188,207,534,Lobules IV-V,right
506,966,2245,1186,220,445,Lobules IV-V,right
506,974,2301,1186,225,458,Lobules IV-V,right
506,995,2214,1185,226,438,Lobules IV-V,right
506,1000,2241,1184,229,444,Lobules IV-V,right
506,1022,2206,1183,232,436,Lobules IV-V,right
506,1031,2209,1183,235,438,Lobules IV-V,right
506,1035,2228,1182,238,442,Lobules IV-V,right
506,1066,2236,1181,246,444,Lobules IV-V,right
506,1098,2225,1179,255,442,Lobules IV-V,right
506,1153,2203,1176,269,438,Lobules IV-V,right
510,1069,2242,1179,247,445,Lobules IV-V,right
510,1084,2233,1178,251,444,Lobules IV-V,right
510,859,2783,1187,198,572,Lobules IV-V,left
510,971,2314,1184,224,462,Lobules IV-V,right
510,1006,2279,1182,232,453,Lobules IV-V,right
510,741,2782,1189,166,572,Lobules IV-V,left
510,766,2814,1188,173,579,Lobules IV-V,left
510,765,2899,1189,173,598,Lobules IV-V,left
510,773,2740,1189,176,563,Lobules IV-V,right
510,785,3093,1189,176,640,Lobules IV-V,left
510,826,3073,1188,188,636,Lobules IV-V,left
510,833,2933,1188,192,605,Lobules IV-V,left
510,836,2830,1187,192,582,Lobules IV-V,left
510,838,2942,1188,193,606,Lobules IV-V,left
510,868,3263,1188,198,677,Lobules IV-V,left
510,885,3049,1186,204,630,Lobules IV-V,left
510,929,2371,1186,215,475,Lobules IV-V,right
510,937,2349,1186,216,470,Lobules IV-V,right
510,959,2324,1185,222,464,Lobules IV-V,right
510,998,2241,1183,229,444,Lobules IV-V,right
510,1022,2220,1182,233,440,Lobules IV-V,right
510,1079,2178,1179,247,431,Lobules IV-V,right
510,1103,2226,1177,256,442,Lobules IV-V,right
510,766,2985,1189,172,616,Lobules IV-V,left
510,767,2799,1188,173,576,Lobules IV-V,left
510,777,3001,1189,174,619,Lobules IV-V,left
510,787,2714,1189,178,557,Lobules IV-V,right
510,790,2768,1188,180,569,Lobules IV-V,right
510,790,2811,1188,180,578,Lobules IV-V,left
510,794,2905,1188,181,599,Lobules IV-V,left
510,803,2918,1188,184,602,Lobules IV-V,left
510,808,2819,1188,185,580,Lobules IV-V,left
510,809,3104,1189,183,642,Lobules IV-V,left
510,812,2940,1188,185,606,Lobules IV-V,left
510,818,2863,1188,188,590,Lobules IV-V,left
510,822,2678,1188,188,549,Lobules IV-V,right
510,833,2784,1187,192,572,Lobules IV-V,left
510,840,2625,1188,193,536,Lobules IV-V,right
510,844,2801,1187,194,576,Lobules IV-V,left
510,850,2725,1187,196,559,Lobules IV-V,right
510,854,2640,1187,197,539,Lobules IV-V,right
510,863,2910,1187,199,600,Lobules IV-V,left
510,869,3229,1187,198,669,Lobules IV-V,left
510,875,2893,1187,202,596,Lobules IV-V,left
510,958,2329,1185,222,465,Lobules IV-V,right
510,974,2265,1184,223,450,Lobules IV-V,right
510,990,2301,1183,229,458,Lobules IV-V,right
510,1033,2227,1181,237,441,Lobules IV-V,right
510,1047,2176,1181,237,430,Lobules IV-V,right
510,1053,2157,1180,239,425,Lobules IV-V,right
510,1061,2250,1179,245,447,Lobules IV-V,right
510,1081,2204,1178,248,437,Lobules IV-V,right
510,1087,2181,1179,248,431,Lobules IV-V,right
510,1159,2185,1175,269,433,Lobules IV-V,right
509,774,2825,1189,176,581,Lobules IV-V,left
509,831,2915,1189,191,601,Lobules IV-V,left
509,866,2703,1188,200,554,Lobules IV-V,right
509,876,2956,1188,202,610,Lobules IV-V,left
509,890,3059,1187,205,632,Lobules IV-V,left
509,1029,2263,1182,238,450,Lobules IV-V,right
509,1048,2249,1181,243,447,Lobules IV-V,right
509,756,2753,1190,170,566,Lobules IV-V,right
509,794,3106,1190,179,643,Lobules IV-V,left
509,800,2958,1189,182,611,Lobules IV-V,left
509,813,2950,1189,186,608,Lobules IV-V,left
509,826,2997,1189,189,618,Lobules IV-V,left
509,839,2608,1189,193,532,Lobules IV-V,right
509,846,2901,1188,194,598,Lobules IV-V,left
509,862,2665,1188,198,545,Lobules IV-V,right
509,870,2825,1187,201,581,Lobules IV-V,left
509,880,3026,1187,203,625,Lobules IV-V,left
509,881,3182,1187,202,658,Lobules IV-V,left
509,890,2593,1187,206,528,Lobules IV-V,right
509,951,2336,1186,220,466,Lobules IV-V,right
509,978,2269,1184,225,451,Lobules IV-V,right
509,1009,2267,1183,233,450,Lobules IV-V,right
509,1015,2248,1183,233,447,Lobules IV-V,right
509,755,2737,1190,170,562,Lobules IV-V,right
509,760,2963,1190,171,612,Lobules IV-V,left
509,761,2724,1190,171,559,Lobules IV-V,right
509,776,2730,1190,176,560,Lobules IV-V,right
509,782,2854,1189,177,588,Lobules IV-V,left
509,785,2811,1189,179,578,Lobules IV-V,left
509,793,2704,1190,181,555,Lobules IV-V,right
509,796,2876,1189,181,592,Lobules IV-V,left
509,804,2883,1189,184,594,Lobules IV-V,left
509,812,2449,1192,185,495,Lobules IV-V,right
509,814,2708,1189,187,556,Lobules IV-V,right
509,817,2790,1188,187,573,Lobules IV-V,left
509,840,2691,1188,193,551,Lobules IV-V,right
509,845,2956,1188,194,610,Lobules IV-V,left
509,850,2947,1188,196,607,Lobules IV-V,left
509,858,2689,1188,198,551,Lobules IV-V,right
509,862,2996,1188,198,618,Lobules IV-V,left
509,920,2283,1188,210,455,Lobules IV-V,right
509,949,2283,1186,218,455,Lobules IV-V,right
509,975,2281,1185,224,453,Lobules IV-V,right
509,979,2229,1185,223,442,Lobules IV-V,right
509,988,2258,1184,227,449,Lobules IV-V,right
509,1010,2239,1183,231,444,Lobules IV-V,right
509,1063,2175,1181,243,430,Lobules IV-V,right
509,1141,2125,1178,260,419,Lobules IV-V,right
509,1160,2152,1177,267,425,Lobules IV-V,right
509,1227,2122,1175,281,419,Lobules IV-V,right
509,1231,2177,1173,285,431,Lobules IV-V,right
511,782,2763,1187,177,568,Lobules IV-V,right
511,797,2944,1188,181,607,Lobules IV-V,left
511,822,3018,1187,187,624,Lobules IV-V,left
511,823,2655,1187,189,543,Lobules IV-V,right
511,873,2660,1186,202,544,Lobules IV-V,right
511,879,2618,1186,203,534,Lobules IV-V,right
511,915,2293,1186,209,457,Lobules IV-V,right
511,970,2292,1183,223,456,Lobules IV-V,right
511,977,2303,1183,225,459,Lobules IV-V,right
511,998,2264,1182,230,450,Lobules IV-V,right
511,1078,2145,1179,245,423,Lobules IV-V,right
511,734,2801,1188,164,576,Lobules IV-V,left
511,739,2791,1188,166,574,Lobules IV-V,left
511,784,2809,1187,178,578,Lobules IV-V,left
511,785,2741,1188,178,563,Lobules IV-V,right
511,789,3013,1188,179,623,Lobules IV-V,left
511,798,2581,1189,182,526,Lobules IV-V,right
511,802,2971,1188,182,613,Lobules IV-V,left
511,808,3076,1188,183,636,Lobules IV-V,left
511,812,2838,1187,185,584,Lobules IV-V,left
511,824,2642,1188,189,540,Lobules IV-V,right
511,830,2737,1187,190,561,Lobules IV-V,right
511,837,2759,1186,192,567,Lobules IV-V,right
511,840,2689,1187,193,551,Lobules IV-V,right
511,852,3030,1186,195,626,Lobules IV-V,left
511,853,2812,1186,197,578,Lobules IV-V,left
511,855,2913,1186,197,601,Lobules IV-V,left
511,884,3043,1185,204,629,Lobules IV-V,left
511,907,2404,1186,209,483,Lobules IV-V,right
511,919,2304,1186,210,459,Lobules IV-V,right
511,924,2274,1186,210,452,Lobules IV-V,right
511,941,2282,1185,215,454,Lobules IV-V,right
511,992,2256,1182,227,448,Lobules IV-V,right
511,1028,2207,1180,235,437,Lobules IV-V,right
511,1036,2191,1180,235,433,Lobules IV-V,right
511,1088,2221,1177,252,440,Lobules IV-V,right
511,1152,2162,1175,264,428,Lobules IV-V,right
511,1169,2852,1174,276,585,Lobules IV-V,left
511,1263,2092,1172,288,412,Lobules IV-V,right
512,870,2645,1186,201,540,Lobules IV-V,right
512,1031,2239,1180,237,444,Lobules IV-V,right
512,751,2807,1188,168,577,Lobules IV-V,left
512,766,2996,1188,172,618,Lobules IV-V,left
512,793,3020,1188,180,624,Lobules IV-V,left
512,805,2867,1187,184,590,Lobules IV-V,left
512,868,3016,1186,200,623,Lobules IV-V,left
512,1182,2196,1173,274,436,Lobules IV-V,right
512,733,2908,1188,164,600,Lobules IV-V,left
512,742,2862,1188,165,589,Lobules IV-V,left
512,752,2946,1188,168,607,Lobules IV-V,left
512,763,2842,1187,173,585,Lobules IV-V,left
512,773,2855,1187,176,588,Lobules IV-V,left
512,774,3012,1188,174,622,Lobules IV-V,left
512,783,2888,1187,178,595,Lobules IV-V,left
512,788,2871,1187,180,591,Lobules IV-V,left
512,793,3044,1188,179,629,Lobules IV-V,left
512,800,2904,1187,182,599,Lobules IV-V,left
512,804,2932,1187,184,604,Lobules IV-V,left
512,810,2936,1187,185,605,Lobules IV-V,left
512,815,2807,1187,187,577,Lobules IV-V,left
512,823,2643,1188,189,541,Lobules IV-V,right
512,827,2708,1187,189,556,Lobules IV-V,right
512,837,2879,1186,192,593,Lobules IV-V,left
512,839,2824,1186,193,581,Lobules IV-V,left
512,846,2840,1186,194,584,Lobules IV-V,left
512,868,2864,1186,201,590,Lobules IV-V,left
512,877,2620,1186,202,535,Lobules IV-V,right
512,933,2243,1185,212,445,Lobules IV-V,right
512,940,2337,1185,217,466,Lobules IV-V,right
512,961,2299,1184,221,458,Lobules IV-V,right
512,1055,2194,1179,241,434,Lobules IV-V,right
512,1074,2177,1178,245,430,Lobules IV-V,right
512,1087,2198,1177,249,436,Lobules IV-V,right
512,1170,2826,1174,276,579,Lobules IV-V,left
512,1184,2163,1173,273,429,Lobules IV-V,right
514,858,2884,1185,198,594,Lobules IV-V,left
514,926,2355,1185,213,471,Lobules IV-V,right
514,872,3034,1185,200,627,Lobules IV-V,left
514,929,3218,1183,215,666,Lobules IV-V,left
514,800,2860,1186,182,589,Lobules IV-V,left
514,804,2730,1186,184,560,Lobules IV-V,right
514,804,2918,1186,184,602,Lobules IV-V,left
514,816,3147,1187,184,651,Lobules IV-V,left
514,836,2364,1189,190,474,Lobules IV-V,right
514,839,2660,1186,193,544,Lobules IV-V,right
514,851,2870,1185,195,591,Lobules IV-V,left
514,905,3221,1184,208,666,Lobules IV-V,left
514,1005,2194,1181,227,434,Lobules IV-V,right
514,737,2750,1188,164,565,Lobules IV-V,right
514,752,2752,1187,168,565,Lobules IV-V,right
514,754,2733,1187,170,562,Lobules IV-V,right
514,756,2828,1187,170,582,Lobules IV-V,left
514,756,2906,1187,170,599,Lobules IV-V,left
514,759,2927,1187,171,603,Lobules IV-V,left
514,794,3071,1187,179,635,Lobules IV-V,left
514,800,2714,1187,182,557,Lobules IV-V,right
514,806,2813,1186,184,579,Lobules IV-V,left
514,821,2778,1186,188,571,Lobules IV-V,left
514,828,2844,1186,190,586,Lobules IV-V,left
514,830,2685,1186,190,550,Lobules IV-V,right
514,835,2953,1186,191,610,Lobules IV-V,left
514,840,2862,1185,193,589,Lobules IV-V,left
514,848,2649,1186,195,542,Lobules IV-V,right
514,850,2671,1186,195,546,Lobules IV-V,right
514,851,2371,1188,194,475,Lobules IV-V,right
514,858,3174,1185,196,657,Lobules IV-V,left
514,871,2975,1185,200,614,Lobules IV-V,left
514,920,2253,1185,208,448,Lobules IV-V,right
514,920,2362,1185,212,472,Lobules IV-V,right
514,928,2346,1185,214,469,Lobules IV-V,right
514,929,2564,1183,216,521,Lobules IV-V,right
514,953,2317,1183,220,462,Lobules IV-V,right
514,956,2222,1183,215,440,Lobules IV-V,right
514,971,2308,1182,224,460,Lobules IV-V,right
514,1026,2247,1179,235,446,Lobules IV-V,right
514,1033,2219,1179,237,440,Lobules IV-V,right
514,1043,2201,1179,238,436,Lobules IV-V,right
514,1053,2195,1178,241,435,Lobules IV-V,right
514,1056,2211,1178,242,438,Lobules IV-V,right
513,861,2669,1186,198,546,Lobules IV-V,right
513,862,2656,1186,198,543,Lobules IV-V,right
513,987,2286,1182,227,455,Lobules IV-V,right
513,770,2761,1188,174,567,Lobules IV-V,right
513,794,2886,1187,181,594,Lobules IV-V,left
513,794,2997,1188,180,618,Lobules IV-V,left
513,818,2859,1187,188,589,Lobules IV-V,left
513,819,2669,1187,188,547,Lobules IV-V,right
513,820,2952,1187,188,608,Lobules IV-V,left
513,830,3047,1187,189,629,Lobules IV-V,left
513,835,2641,1187,192,540,Lobules IV-V,right
513,835,2729,1187,192,560,Lobules IV-V,right
513,877,3050,1186,201,630,Lobules IV-V,left
513,879,2610,1186,203,532,Lobules IV-V,right
513,915,2374,1186,211,476,Lobules IV-V,right
513,934,2343,1185,216,469,Lobules IV-V,right
513,981,2293,1183,226,457,Lobules IV-V,right
513,1009,2206,1181,229,436,Lobules IV-V,right
513,1036,3356,1181,245,694,Lobules IV-V,left
513,1169,2181,1173,271,432,Lobules IV-V,right
513,739,2723,1189,165,559,Lobules IV-V,right
513,761,2972,1188,170,613,Lobules IV-V,left
513,766,2988,1188,172,617,Lobules IV-V,left
513,771,2886,1188,174,594,Lobules IV-V,left
513,786,2703,1188,178,555,Lobules IV-V,right
513,798,2947,1187,182,607,Lobules IV-V,left
513,800,2744,1187,182,564,Lobules IV-V,right
513,812,2659,1188,185,544,Lobules IV-V,right
513,819,2817,1187,188,579,Lobules IV-V,left
513,824,2770,1187,189,569,Lobules IV-V,right
513,828,2855,1186,190,588,Lobules IV-V,left
513,831,2381,1190,189,478,Lobules IV-V,right
513,830,3169,1187,188,656,Lobules IV-V,left
513,831,2902,1187,190,598,Lobules IV-V,left
513,835,3215,1187,188,666,Lobules IV-V,left
513,838,2861,1186,193,589,Lobules IV-V,left
513,840,2738,1186,193,562,Lobules IV-V,right
513,846,2635,1187,194,538,Lobules IV-V,right
513,850,2616,1187,196,534,Lobules IV-V,right
513,852,2903,1186,196,599,Lobules IV-V,left
513,872,2985,1186,200,616,Lobules IV-V,left
513,897,2308,1187,204,461,Lobules IV-V,right
513,947,2221,1185,213,440,Lobules IV-V,right
513,1003,2224,1181,229,441,Lobules IV-V,right
513,1077,2222,1178,248,440,Lobules IV-V,right
513,1079,2190,1178,247,434,Lobules IV-V,right
513,1095,2132,1178,248,420,Lobules IV-V,right
516,1022,2252,1179,234,447,Lobules IV-V,right
516,1024,2235,1179,235,443,Lobules IV-V,right
516,813,2694,1186,186,552,Lobules IV-V,right
516,864,3038,1184,199,628,Lobules IV-V,left
516,909,3179,1182,210,658,Lobules IV-V,left
516,725,2795,1186,161,575,Lobules IV-V,left
516,796,2693,1186,181,552,Lobules IV-V,right
516,833,2679,1185,191,549,Lobules IV-V,right
516,838,3166,1185,190,655,Lobules IV-V,left
516,850,2722,1184,195,558,Lobules IV-V,right
516,852,2640,1185,195,539,Lobules IV-V,right
516,862,3013,1184,197,623,Lobules IV-V,left
516,865,3046,1184,199,629,Lobules IV-V,left
516,867,2600,1185,199,530,Lobules IV-V,right
516,873,2615,1184,202,533,Lobules IV-V,right
516,881,3078,1183,202,637,Lobules IV-V,left
516,1064,2175,1177,242,430,Lobules IV-V,right
516,747,2843,1186,167,586,Lobules IV-V,left
516,751,2873,1186,168,592,Lobules IV-V,left
516,758,3060,1187,169,633,Declive (VI),left
516,790,2868,1185,180,591,Lobules IV-V,left
516,792,2881,1185,180,593,Lobules IV-V,left
516,794,2735,1186,181,561,Lobules IV-V,right
516,797,3007,1186,180,620,Lobules IV-V,left
516,800,2831,1185,182,582,Lobules IV-V,left
516,807,2837,1185,184,583,Lobules IV-V,left
516,813,3038,1185,185,628,Lobules IV-V,left
516,833,2935,1185,191,605,Lobules IV-V,left
516,841,2656,1185,193,543,Lobules IV-V,right
516,846,2865,1184,194,590,Lobules IV-V,left
516,859,2655,1185,198,543,Lobules IV-V,right
516,891,2342,1186,204,468,Lobules IV-V,right
516,914,2276,1185,208,452,Lobules IV-V,right
516,937,2310,1183,214,461,Lobules IV-V,right
516,992,2245,1180,226,445,Lobules IV-V,right
516,999,2211,1180,227,437,Lobules IV-V,right
516,1035,2192,1178,235,433,Lobules IV-V,right
516,1055,2226,1177,242,441,Lobules IV-V,right
516,1055,2238,1177,243,445,Lobules IV-V,right
516,1057,2153,1178,238,425,Lobules IV-V,right
516,1123,2122,1175,255,418,Lobules IV-V,right
516,1143,2660,1172,267,541,Lobules IV-V,right
516,1173,2755,1171,275,563,Lobules IV-V,right
515,856,2688,1185,197,551,Lobules IV-V,right
515,865,2633,1185,199,538,Lobules IV-V,right
515,1004,2265,1180,231,450,Lobules IV-V,right
515,732,2732,1187,162,561,Lobules IV-V,right
515,736,2842,1186,164,585,Lobules IV-V,left
515,748,2817,1186,168,579,Lobules IV-V,left
515,778,2777,1186,177,570,Lobules IV-V,right
515,791,2979,1186,179,615,Lobules IV-V,left
515,794,2957,1186,180,610,Lobules IV-V,left
515,800,2752,1185,182,565,Lobules IV-V,right
515,817,2682,1186,186,549,Lobules IV-V,right
515,841,3205,1185,190,664,Lobules IV-V,left
515,848,2770,1184,195,569,Lobules IV-V,right
515,849,2659,1185,195,544,Lobules IV-V,right
515,854,2704,1184,197,554,Lobules IV-V,right
515,732,2816,1186,162,579,Lobules IV-V,left
515,758,2927,1186,171,603,Lobules IV-V,left
515,765,2948,1186,172,608,Lobules IV-V,left
515,772,3060,1187,172,633,Lobules IV-V,left
515,773,3021,1186,174,624,Lobules IV-V,left
515,799,2981,1186,182,615,Lobules IV-V,left
515,812,3039,1186,184,628,Lobules IV-V,left
515,812,3046,1186,184,629,Lobules IV-V,left
515,814,2792,1185,186,573,Lobules IV-V,left
515,821,3181,1186,184,659,Lobules IV-V,left
515,823,3167,1185,186,655,Lobules IV-V,left
515,835,2829,1185,192,582,Lobules IV-V,left
515,836,2638,1186,191,540,Lobules IV-V,right
515,837,2674,1185,191,548,Lobules IV-V,right
515,839,2700,1185,193,553,Lobules IV-V,right
515,839,2801,1184,193,576,Lobules IV-V,left
515,840,2657,1185,193,543,Lobules IV-V,right
515,857,2678,1185,197,549,Lobules IV-V,right
515,857,2701,1184,197,553,Lobules IV-V,right
515,868,2936,1184,200,605,Lobules IV-V,left
515,896,3298,1185,205,684,Lobules IV-V,left
515,944,2322,1183,217,463,Lobules IV-V,right
515,946,2241,1183,214,444,Lobules IV-V,right
515,957,2297,1182,219,457,Lobules IV-V,right
515,1024,2163,1179,231,427,Lobules IV-V,right
515,1036,2194,1178,235,434,Lobules IV-V,right
515,1056,2238,1177,243,445,Lobules IV-V,right
515,1074,2214,1176,247,439,Lobules IV-V,right
515,1130,2118,1175,256,418,Lobules IV-V,right
517,858,2643,1185,198,541,Lobules IV-V,right
517,971,2294,1182,223,457,Lobules IV-V,right
517,1116,2205,1174,257,437,Lobules IV-V,right
517,1125,2198,1173,260,436,Lobules IV-V,right
517,770,2823,1185,174,581,Lobules IV-V,left
517,839,2769,1184,193,569,Lobules IV-V,right
517,900,3152,1183,207,652,Lobules IV-V,left
517,1143,2135,1174,261,422,Lobules IV-V,right
517,788,2927,1186,179,603,Lobules IV-V,left
517,804,2782,1185,184,571,Lobules IV-V,left
517,832,2744,1185,190,563,Lobules IV-V,right
517,835,2756,1185,191,566,Lobules IV-V,right
517,869,3055,1184,200,631,Lobules IV-V,left
517,998,2255,1180,229,448,Lobules IV-V,right
517,1108,2210,1174,256,438,Lobules IV-V,right
517,730,2960,1187,162,611,Declive (VI),left
517,752,2750,1186,168,565,Lobules IV-V,right
517,769,2832,1185,174,582,Lobules IV-V,left
517,781,2709,1186,177,556,Lobules IV-V,right
517,802,2792,1185,182,574,Lobules IV-V,left
517,808,3054,1186,183,631,Lobules IV-V,left
517,814,2823,1185,186,581,Lobules IV-V,left
517,835,2875,1185,192,592,Lobules IV-V,left
517,836,2961,1185,191,611,Lobules IV-V,left
517,837,2587,1186,191,527,Lobules IV-V,right
517,836,2838,1185,192,584,Lobules IV-V,left
517,841,2665,1185,193,545,Lobules IV-V,right
517,844,2655,1185,194,543,Lobules IV-V,right
517,846,2867,1184,194,590,Lobules IV-V,left
517,853,2916,1184,197,601,Lobules IV-V,left
517,855,2662,1185,197,544,Lobules IV-V,right
517,858,2654,1185,198,543,Lobules IV-V,right
517,859,3279,1186,195,680,Lobules IV-V,left
517,914,2367,1184,211,474,Lobules IV-V,right
517,945,2285,1183,216,455,Lobules IV-V,right
517,946,2258,1183,215,449,Lobules IV-V,right
517,1000,2273,1180,230,452,Lobules IV-V,right
517,1031,2202,1178,234,435,Lobules IV-V,right
517,1054,2239,1177,243,445,Lobules IV-V,right
517,1087,2212,1175,249,438,Lobules IV-V,right
517,1091,2159,1176,248,427,Lobules IV-V,right
517,1095,2207,1175,252,437,Lobules IV-V,right
517,1102,2152,1176,250,425,Lobules IV-V,right
517,1108,2183,1174,255,433,Lobules IV-V,right
517,1121,2752,1175,262,563,Lobules IV-V,right
517,1132,2533,1173,264,511,Lobules IV-V,right
517,1186,2088,1173,268,412,Lobules IV-V,right
517,1204,2159,1170,277,428,Lobules IV-V,right
517,1229,2081,1172,279,410,Lobules IV-V,right
518,980,2275,1180,224,452,Lobules IV-V,right
518,1008,2232,1179,230,442,Lobules IV-V,right
518,774,2815,1184,175,579,Lobules IV-V,left
518,724,2766,1186,161,568,Lobules IV-V,right
518,736,2681,1187,163,550,Lobules IV-V,right
518,785,2719,1185,178,558,Lobules IV-V,right
518,793,2881,1184,181,593,Lobules IV-V,left
518,821,2894,1184,187,596,Lobules IV-V,left
518,825,2629,1185,189,537,Lobules IV-V,right
518,856,2961,1184,196,611,Lobules IV-V,left
518,858,3022,1183,197,624,Lobules IV-V,left
518,861,3049,1183,197,630,Lobules IV-V,left
518,916,2353,1184,211,471,Lobules IV-V,right
518,1039,2185,1177,236,432,Lobules IV-V,right
518,1106,2609,1173,257,530,Lobules IV-V,right
518,1123,2184,1173,258,433,Lobules IV-V,right
518,754,2926,1185,169,603,Lobules IV-V,left
518,767,2839,1185,172,585,Lobules IV-V,left
518,770,2986,1185,173,616,Lobules IV-V,left
518,779,2790,1184,177,574,Lobules IV-V,left
518,787,2698,1185,178,554,Lobules IV-V,right
518,797,2778,1184,181,571,Lobules IV-V,left
518,802,2624,1186,182,537,Lobules IV-V,right
518,804,2857,1184,184,588,Lobules IV-V,left
518,804,3000,1185,183,619,Lobules IV-V,left
518,807,2902,1184,183,598,Lobules IV-V,left
518,810,3200,1185,181,663,Lobules IV-V,left
518,821,2858,1184,188,589,Lobules IV-V,left
518,827,3160,1184,186,654,Lobules IV-V,left
518,836,2651,1185,191,542,Lobules IV-V,right
518,836,2709,1184,191,556,Lobules IV-V,right
518,837,2724,1184,191,559,Lobules IV-V,right
518,837,3234,1185,188,670,Lobules IV-V,left
518,844,2784,1183,194,572,Lobules IV-V,left
518,862,2590,1184,198,528,Lobules IV-V,right
518,957,2292,1182,219,456,Lobules IV-V,right
518,971,2254,1181,221,448,Lobules IV-V,right
518,1008,2200,1179,229,435,Lobules IV-V,right
518,1024,2191,1178,232,433,Lobules IV-V,right
518,1047,2144,1177,235,423,Lobules IV-V,right
518,1078,2225,1175,249,442,Lobules IV-V,right
518,1078,2186,1175,247,433,Lobules IV-V,right
518,1125,2216,1172,260,440,Lobules IV-V,right
518,1143,2108,1173,259,416,Lobules IV-V,right
518,1295,2163,1165,297,429,Lobules IV-V,right
520,844,2676,1183,194,548,Lobules IV-V,right
520,710,2768,1185,156,570,Lobules IV-V,right
520,723,2888,1184,160,595,Lobules IV-V,left
520,740,2703,1185,165,555,Lobules IV-V,right
520,777,2733,1184,175,562,Lobules IV-V,right
520,785,2770,1184,178,569,Lobules IV-V,right
520,847,2954,1183,194,610,Lobules IV-V,left
520,850,2876,1183,195,592,Lobules IV-V,left
520,926,2332,1182,212,465,Lobules IV-V,right
520,945,2310,1181,217,460,Lobules IV-V,right
520,1041,2234,1176,238,443,Lobules IV-V,right
520,1099,2179,1173,251,432,Lobules IV-V,right
520,1123,2144,1173,256,424,Lobules IV-V,right
520,719,2902,1185,159,598,Lobules IV-V,left
520,733,2742,1185,163,563,Lobules IV-V,right
520,756,2831,1184,169,582,Lobules IV-V,left
520,758,2755,1184,171,566,Lobules IV-V,right
520,762,2922,1184,171,602,Lobules IV-V,left
520,773,2859,1184,175,589,Lobules IV-V,left
520,778,2894,1184,176,596,Lobules IV-V,left
520,794,2800,1183,181,576,Lobules IV-V,left
520,796,3046,1184,179,629,Lobules IV-V,left
520,801,2832,1183,182,582,Lobules IV-V,left
520,805,2815,1183,183,579,Lobules IV-V,left
520,806,2886,1183,183,594,Lobules IV-V,left
520,811,2782,1183,185,571,Lobules IV-V,left
520,813,3216,1184,183,666,Lobules IV-V,left
520,819,2771,1183,187,569,Lobules IV-V,right
520,821,2698,1184,187,553,Lobules IV-V,right
520,827,2917,1183,189,601,Lobules IV-V,left
520,850,2901,1183,195,598,Lobules IV-V,left
520,866,3070,1182,198,635,Lobules IV-V,left
520,1058,2171,1175,240,429,Lobules IV-V,right
520,1120,2171,1172,256,430,Lobules IV-V,right
520,1127,2105,1173,253,415,Lobules IV-V,right
520,1233,2152,1167,283,426,Lobules IV-V,right
519,861,3032,1182,197,626,Lobules IV-V,left
519,935,2326,1182,215,464,Lobules IV-V,right
519,941,2317,1181,216,462,Lobules IV-V,right
519,990,2267,1179,226,450,Lobules IV-V,right
519,1153,2133,1171,263,422,Lobules IV-V,right
519,724,2848,1184,161,587,Lobules IV-V,left
519,779,2966,1184,176,612,Lobules IV-V,left
519,848,2891,1183,195,595,Lobules IV-V,left
519,917,2307,1183,209,459,Lobules IV-V,right
519,934,2266,1182,212,450,Lobules IV-V,right
519,1047,2201,1176,238,436,Lobules IV-V,right
519,1117,2111,1174,251,416,Lobules IV-V,right
519,1177,2097,1172,266,413,Lobules IV-V,right
519,729,2748,1185,162,565,Lobules IV-V,right
519,751,2951,1185,167,608,Lobules IV-V,left
519,759,2744,1184,171,564,Lobules IV-V,right
519,763,2861,1184,172,589,Lobules IV-V,left
519,767,2785,1184,172,573,Lobules IV-V,left
519,771,2727,1184,174,559,Lobules IV-V,right
519,777,2780,1184,175,571,Lobules IV-V,left
519,783,2885,1184,178,594,Lobules IV-V,left
519,787,2900,1184,178,598,Lobules IV-V,left
519,786,2983,1184,177,616,Lobules IV-V,left
519,790,2849,1183,179,587,Lobules IV-V,left
519,790,2992,1184,179,617,Lobules IV-V,left
519,791,2919,1184,179,602,Lobules IV-V,left
519,802,2846,1183,182,586,Lobules IV-V,left
519,819,2870,1183,187,591,Lobules IV-V,left
519,832,2785,1183,190,572,Lobules IV-V,left
519,836,2912,1183,191,600,Lobules IV-V,left
519,837,2340,1187,189,468,Lobules IV-V,right
519,866,3258,1183,196,675,Lobules IV-V,left
519,882,3201,1182,201,662,Lobules IV-V,left
519,918,2248,1182,207,447,Lobules IV-V,right
519,985,2208,1179,222,437,Lobules IV-V,right
519,1024,2206,1177,233,437,Lobules IV-V,right
519,1042,2216,1176,237,439,Lobules IV-V,right
519,1047,2226,1176,239,441,Lobules IV-V,right
519,1084,2208,1174,249,438,Lobules IV-V,right
519,1086,2156,1174,246,426,Lobules IV-V,right
519,1092,2166,1174,248,428,Lobules IV-V,right
519,1101,2169,1173,251,429,Lobules IV-V,right
519,1135,2110,1173,256,416,Lobules IV-V,right
519,1135,2167,1172,260,429,Lobules IV-V,right
521,949,2302,1181,218,458,Lobules IV-V,right
521,1018,2241,1177,233,444,Lobules IV-V,right
521,781,2839,1183,177,585,Lobules IV-V,left
521,840,2723,1183,192,559,Lobules IV-V,right
521,848,2898,1183,195,598,Lobules IV-V,left
521,906,2365,1183,208,474,Lobules IV-V,right
521,974,2280,1180,223,453,Lobules IV-V,right
521,693,2839,1185,152,585,Declive (VI),left
521,717,2760,1185,158,567,Lobules IV-V,right
521,762,2931,1184,171,604,Lobules IV-V,left
521,779,2741,1184,176,563,Lobules IV-V,right
521,780,2740,1184,176,563,Lobules IV-V,right
521,781,2871,1184,177,591,Lobules IV-V,left
521,812,2943,1183,184,607,Lobules IV-V,left
521,814,3037,1184,185,627,Lobules IV-V,left
521,821,2710,1184,187,556,Lobules IV-V,right
521,827,2688,1184,189,551,Lobules IV-V,right
521,831,2998,1183,189,619,Lobules IV-V,left
521,976,2261,1180,222,449,Lobules IV-V,right
521,1059,2751,1176,246,563,Lobules IV-V,right
521,1074,2195,1174,246,435,Lobules IV-V,right
521,1106,2177,1173,252,431,Lobules IV-V,right
521,1108,2525,1172,258,509,Lobules IV-V,right
521,1138,2156,1172,260,426,Lobules IV-V,right
522,836,2707,1182,191,555,Lobules IV-V,right
522,1052,2224,1175,240,441,Lobules IV-V,right
522,1066,2714,1175,247,555,Lobules IV-V,right
522,1109,3001,1174,260,619,Lobules IV-V,left
522,1113,2192,1171,256,434,Lobules IV-V,right
522,573,2468,1194,113,503,Declive (VI),right
522,712,2853,1183,156,588,Lobules IV-V,left
522,713,2888,1184,157,595,Lobules IV-V,left
522,753,3000,1184,168,619,Lobules IV-V,left
522,787,2744,1183,178,564,Lobules IV-V,right
522,793,3074,1183,179,636,Lobules IV-V,left
522,845,2661,1182,194,544,Lobules IV-V,right
522,848,3016,1182,195,623,Lobules IV-V,left
522,850,3032,1182,194,626,Lobules IV-V,left
522,850,2878,1182,195,593,Lobules IV-V,left
522,865,3085,1181,198,638,Lobules IV-V,left
522,1030,2195,1176,233,434,Lobules IV-V,right
522,727,2956,1184,160,610,Lobules IV-V,left
522,754,2730,1184,169,561,Lobules IV-V,right
522,770,2806,1183,174,577,Lobules IV-V,left
522,778,3053,1184,175,631,Lobules IV-V,left
522,805,2759,1182,183,567,Lobules IV-V,right
522,809,2906,1182,185,599,Lobules IV-V,left
522,812,2675,1183,184,548,Lobules IV-V,right
522,841,2826,1182,192,581,Lobules IV-V,left
522,856,3041,1182,196,628,Lobules IV-V,left
522,947,2283,1180,216,455,Lobules IV-V,right
522,952,2265,1180,216,450,Lobules IV-V,right
522,1105,2132,1173,249,420,Lobules IV-V,right
522,1113,2140,1172,253,423,Lobules IV-V,right
522,1125,2136,1172,255,422,Lobules IV-V,right
522,1147,2117,1171,259,417,Lobules IV-V,right
522,1224,2069,1169,276,408,Lobules IV-V,right
523,996,2253,1177,227,448,Lobules IV-V,right
523,804,2816,1181,183,579,Lobules IV-V,left
523,968,2255,1178,220,448,Lobules IV-V,right
523,1065,2806,1175,247,576,Lobules IV-V,left
523,740,3022,1183,163,624,Lobules IV-V,left
523,828,2760,1181,190,567,Lobules IV-V,right
523,831,2772,1181,190,569,Lobules IV-V,right
523,831,2823,1181,190,581,Lobules IV-V,left
523,839,2877,1181,192,592,Lobules IV-V,left
523,842,2935,1181,192,605,Lobules IV-V,left
523,846,2946,1181,194,607,Lobules IV-V,left
523,975,2245,1178,221,445,Lobules IV-V,right
523,1090,2501,1171,254,503,Lobules IV-V,right
523,1103,2477,1171,257,497,Lobules IV-V,right
523,1149,2167,1169,263,429,Lobules IV-V,right
523,1153,2105,1170,261,415,Lobules IV-V,right
523,1157,2173,1169,265,431,Lobules IV-V,right
523,1292,2101,1165,292,414,Lobules IV-V,right
523,713,2861,1182,157,589,Lobules IV-V,left
523,718,2876,1182,159,592,Lobules IV-V,left
523,745,2945,1183,166,607,Lobules IV-V,left
523,749,3080,1183,165,637,Declive (VI),left
523,754,2729,1183,169,561,Lobules IV-V,right
523,770,2908,1182,173,600,Lobules IV-V,left
523,792,2872,1182,179,591,Lobules IV-V,left
523,794,2795,1181,180,575,Lobules IV-V,left
523,795,2724,1182,180,559,Lobules IV-V,right
523,802,2441,1186,181,493,Lobules IV-V,right
523,805,2735,1182,183,561,Lobules IV-V,right
523,822,3227,1182,184,668,Lobules IV-V,left
523,848,2999,1181,195,619,Lobules IV-V,left
523,855,2636,1181,196,539,Lobules IV-V,right
523,931,2314,1180,213,462,Lobules IV-V,right
523,937,2318,1180,214,463,Lobules IV-V,right
523,1018,2218,1175,232,440,Lobules IV-V,right
523,1034,2186,1175,234,432,Lobules IV-V,right
523,1068,2543,1172,248,515,Lobules IV-V,right
523,1136,2810,1171,265,577,Lobules IV-V,left
523,1141,2103,1171,257,415,Lobules IV-V,right
523,1196,2076,1169,269,409,Lobules IV-V,right
524,1057,2215,1174,241,439,Lobules IV-V,right
524,557,2540,1192,107,520,Declive (VI),right
524,949,2294,1179,217,457,Lobules IV-V,right
524,562,2741,1187,109,564,Lobules IV-V,right
524,813,2724,1182,186,559,Lobules IV-V,right
524,832,2745,1181,190,564,Lobules IV-V,right
524,838,2863,1181,192,590,Lobules IV-V,left
524,990,2214,1177,224,439,Lobules IV-V,right
524,1023,2189,1175,231,433,Lobules IV-V,right
524,1027,2240,1175,234,444,Lobules IV-V,right
524,1089,2662,1172,252,542,Lobules IV-V,right
524,1115,2915,1173,260,601,Lobules IV-V,left
524,1118,2458,1170,261,494,Lobules IV-V,right
524,1121,2858,1172,261,588,Lobules IV-V,left
524,562,2721,1187,109,560,Lobules IV-V,right
524,709,2808,1183,156,578,Lobules IV-V,left
524,717,2854,1182,157,588,Lobules IV-V,left
524,726,2972,1183,159,613,Lobules IV-V,left
524,729,2900,1182,162,598,Lobules IV-V,left
524,734,3059,1184,161,633,Declive (VI),left
524,751,2931,1182,167,604,Lobules IV-V,left
524,757,2811,1182,169,578,Lobules IV-V,left
524,787,2966,1182,177,612,Lobules IV-V,left
524,799,2412,1186,181,486,Lobules IV-V,right
524,820,2698,1182,187,554,Lobules IV-V,right
524,834,3075,1181,190,636,Lobules IV-V,left
524,842,2851,1181,192,587,Lobules IV-V,left
524,856,2605,1182,196,532,Lobules IV-V,right
524,859,3064,1180,197,633,Lobules IV-V,left
524,952,2238,1179,214,444,Lobules IV-V,right
524,976,2224,1178,220,441,Lobules IV-V,right
524,990,2248,1177,225,447,Lobules IV-V,right
524,1007,2236,1176,229,443,Lobules IV-V,right
524,1016,2165,1176,227,427,Lobules IV-V,right
524,1028,2217,1175,234,439,Lobules IV-V,right
524,1057,2560,1173,245,518,Lobules IV-V,right
524,1123,2096,1172,252,413,Lobules IV-V,right
524,1132,2168,1170,258,430,Lobules IV-V,right
524,1142,2185,1169,262,433,Lobules IV-V,right
525,819,2742,1181,187,563,Lobules IV-V,right
525,880,3158,1180,201,654,Lobules IV-V,left
525,1120,2184,1170,256,433,Lobules IV-V,right
525,815,2762,1181,186,567,Lobules IV-V,right
525,824,2732,1181,188,560,Lobules IV-V,right
525,761,2730,1183,171,561,Lobules IV-V,right
525,779,2715,1183,176,557,Lobules IV-V,right
525,806,2799,1181,183,576,Lobules IV-V,left
525,819,3063,1182,186,633,Lobules IV-V,left
525,827,2942,1181,188,606,Lobules IV-V,left
525,832,2712,1181,190,556,Lobules IV-V,right
525,906,2344,1181,207,469,Lobules IV-V,right
525,984,2194,1177,221,434,Lobules IV-V,right
525,562,2716,1187,109,559,Lobules IV-V,right
525,767,2892,1182,172,595,Lobules IV-V,left
525,767,3037,1183,171,627,Lobules IV-V,left
525,768,2803,1182,174,577,Lobules IV-V,left
525,770,3044,1183,172,629,Lobules IV-V,left
525,796,2889,1182,180,595,Lobules IV-V,left
525,804,2994,1182,183,618,Lobules IV-V,left
525,808,2937,1181,184,605,Lobules IV-V,left
525,817,2814,1181,186,579,Lobules IV-V,left
525,819,2868,1181,187,591,Lobules IV-V,left
525,855,2643,1181,196,541,Lobules IV-V,right
525,882,2395,1182,202,481,Lobules IV-V,right
525,950,2226,1179,214,441,Lobules IV-V,right
525,959,2283,1179,219,455,Lobules IV-V,right
525,991,2202,1177,223,435,Lobules IV-V,right
525,1002,2166,1177,223,427,Lobules IV-V,right
525,1077,2152,1173,242,425,Lobules IV-V,right
525,1080,2117,1173,241,417,Lobules IV-V,right
525,1081,2714,1173,250,555,Lobules IV-V,right
525,1091,2651,1172,252,540,Lobules IV-V,right
525,1095,2108,1173,245,416,Lobules IV-V,right
525,1104,2713,1172,256,555,Lobules IV-V,right
525,1126,2172,1170,257,430,Lobules IV-V,right
525,1127,2719,1171,261,556,Lobules IV-V,right
526,984,2256,1176,224,448,Lobules IV-V,right
526,1085,2199,1171,248,436,Lobules IV-V,right
526,833,2697,1181,191,552,Lobules IV-V,right
526,840,3019,1180,192,624,Lobules IV-V,left
526,1070,2202,1172,244,436,Lobules IV-V,right
526,1080,2487,1171,251,500,Lobules IV-V,right
526,1084,3014,1173,254,623,Lobules IV-V,left
526,761,2777,1181,171,571,Lobules IV-V,left
526,831,2841,1180,190,585,Lobules IV-V,left
526,845,3045,1180,193,629,Lobules IV-V,left
526,894,2371,1181,205,475,Lobules IV-V,right
526,929,2228,1179,209,442,Lobules IV-V,right
526,1106,2183,1170,252,433,Lobules IV-V,right
526,1126,2932,1171,263,604,Lobules IV-V,left
526,1208,2143,1166,276,425,Lobules IV-V,right
526,575,2464,1192,112,502,Declive (VI),right
526,700,2912,1182,152,600,Lobules IV-V,left
526,703,2813,1182,154,579,Lobules IV-V,left
526,707,2956,1182,153,610,Declive (VI),left
526,706,2984,1183,153,616,Declive (VI),left
526,719,2802,1182,159,576,Lobules IV-V,left
526,724,2774,1182,160,571,Lobules IV-V,left
526,733,2937,1182,163,605,Lobules IV-V,left
526,752,2733,1182,167,562,Lobules IV-V,right
526,756,2855,1181,169,588,Lobules IV-V,left
526,781,2685,1182,176,551,Lobules IV-V,right
526,785,2644,1183,177,542,Lobules IV-V,right
526,800,2674,1182,181,548,Lobules IV-V,right
526,817,2875,1180,186,592,Lobules IV-V,left
526,818,2634,1182,187,539,Lobules IV-V,right
526,821,2855,1180,187,588,Lobules IV-V,left
526,837,3002,1180,191,619,Lobules IV-V,left
526,848,3063,1180,194,633,Lobules IV-V,left
526,901,3219,1179,206,667,Lobules IV-V,left
526,916,2287,1180,208,455,Lobules IV-V,right
526,939,2290,1179,214,456,Lobules IV-V,right
526,940,2275,1179,214,452,Lobules IV-V,right
526,945,2210,1178,211,437,Lobules IV-V,right
526,1042,2156,1174,233,425,Lobules IV-V,right
526,1056,2520,1172,245,509,Lobules IV-V,right
526,1083,2154,1172,245,426,Lobules IV-V,right
526,1111,2629,1170,257,535,Lobules IV-V,right
526,1153,2142,1168,262,423,Lobules IV-V,right
526,1179,2122,1168,267,419,Lobules IV-V,right
527,831,2660,1180,189,545,Lobules IV-V,right
527,849,3074,1179,194,636,Lobules IV-V,left
527,961,2274,1177,219,452,Lobules IV-V,right
527,970,2266,1176,221,450,Lobules IV-V,right
527,658,2887,1181,140,595,Lobules IV-V,left
527,695,2831,1181,151,583,Lobules IV-V,left
527,698,2786,1181,153,573,Lobules IV-V,left
527,744,2766,1181,166,568,Lobules IV-V,right
527,763,2986,1181,171,616,Lobules IV-V,left
527,798,2861,1180,182,589,Lobules IV-V,left
527,814,2717,1180,185,557,Lobules IV-V,right
527,833,2896,1179,191,597,Lobules IV-V,left
527,838,2588,1181,192,528,Lobules IV-V,right
527,920,2313,1179,210,462,Lobules IV-V,right
527,932,2298,1179,212,458,Lobules IV-V,right
527,1100,2138,1170,248,423,Lobules IV-V,right
527,1137,2088,1170,254,412,Lobules IV-V,right
527,692,2933,1181,149,605,Lobules IV-V,left
527,721,2751,1181,159,565,Lobules IV-V,right
527,737,2811,1180,163,578,Lobules IV-V,left
527,745,2984,1181,165,616,Lobules IV-V,left
527,758,2843,1180,170,586,Lobules IV-V,left
527,759,2913,1180,170,601,Lobules IV-V,left
527,769,2852,1180,173,587,Lobules IV-V,left
527,786,2772,1180,177,569,Lobules IV-V,right
527,793,2928,1180,180,604,Lobules IV-V,left
527,795,2779,1180,180,571,Lobules IV-V,left
527,794,2852,1180,180,587,Lobules IV-V,left
527,833,2920,1179,191,602,Lobules IV-V,left
527,897,2351,1180,205,470,Lobules IV-V,right
527,918,2241,1179,206,444,Lobules IV-V,right
527,991,2156,1175,220,425,Lobules IV-V,right
527,994,2191,1175,223,433,Lobules IV-V,right
527,1009,2206,1174,228,436,Lobules IV-V,right
527,1013,2194,1174,229,434,Lobules IV-V,right
527,1023,2210,1173,232,438,Lobules IV-V,right
527,1048,2220,1172,239,440,Lobules IV-V,right
527,1070,2180,1171,242,431,Lobules IV-V,right
527,1079,2180,1171,245,431,Lobules IV-V,right
527,1088,2187,1170,248,433,Lobules IV-V,right
527,1098,2194,1170,251,435,Lobules IV-V,right
527,1102,2126,1170,247,419,Lobules IV-V,right
527,1106,2160,1170,251,427,Lobules IV-V,right
527,1105,2904,1171,257,599,Lobules IV-V,left
527,1108,2755,1170,257,564,Lobules IV-V,right
527,1112,2139,1170,251,423,Lobules IV-V,right
527,1114,2680,1169,258,547,Lobules IV-V,right
527,1141,2122,1169,257,419,Lobules IV-V,right
527,1148,2119,1168,260,419,Lobules IV-V,right
528,831,2632,1180,189,538,Lobules IV-V,right
528,673,2861,1181,145,589,Lobules IV-V,left
528,1002,2236,1175,227,443,Lobules IV-V,right
528,1060,2999,1173,247,620,Lobules IV-V,left
528,1079,2193,1171,246,435,Lobules IV-V,right
528,776,2739,1180,175,563,Lobules IV-V,right
528,796,3036,1180,179,627,Lobules IV-V,left
528,801,2665,1181,181,546,Lobules IV-V,right
528,818,2697,1180,187,553,Lobules IV-V,right
528,821,2768,1179,187,569,Lobules IV-V,right
528,826,2687,1180,188,550,Lobules IV-V,right
528,1111,2095,1170,248,412,Lobules IV-V,right
528,644,2862,1182,135,589,Lobules IV-V,left
528,706,2991,1182,153,617,Declive (VI),left
528,758,2948,1180,170,608,Lobules IV-V,left
528,775,2784,1180,175,573,Lobules IV-V,left
528,775,2844,1180,175,586,Lobules IV-V,left
528,794,2913,1180,180,601,Lobules IV-V,left
528,810,2820,1179,184,580,Lobules IV-V,left
528,825,2675,1180,188,548,Lobules IV-V,right
528,1041,2576,1172,240,522,Lobules IV-V,right
528,1055,2686,1172,243,548,Lobules IV-V,right
528,1059,2171,1172,239,429,Lobules IV-V,right
528,1077,2112,1172,239,415,Lobules IV-V,right
528,1089,2154,1170,246,426,Lobules IV-V,right
528,1116,2442,1168,260,489,Lobules IV-V,right
528,1145,2144,1168,260,424,Lobules IV-V,right
528,1194,2140,1166,272,424,Lobules IV-V,right
529,1067,2488,1171,247,501,Lobules IV-V,right
529,1029,2220,1173,234,440,Lobules IV-V,right
529,1126,2128,1169,254,421,Lobules IV-V,right
529,720,3045,1182,157,629,Declive (VI),left
529,736,3027,1182,162,625,Lobules IV-V,left
529,745,2890,1180,166,595,Lobules IV-V,left
529,758,2812,1180,170,578,Lobules IV-V,left
529,828,2834,1179,190,583,Lobules IV-V,left
529,833,2597,1181,191,530,Lobules IV-V,right
529,996,2174,1175,222,430,Lobules IV-V,right
529,1041,2553,1172,241,517,Lobules IV-V,right
529,1040,2593,1172,240,527,Lobules IV-V,right
529,1052,3013,1173,244,623,Lobules IV-V,left
529,1092,2461,1170,254,494,Lobules IV-V,right
529,1099,2446,1169,256,490,Lobules IV-V,right
529,1116,2431,1168,260,487,Lobules IV-V,right
529,553,2762,1184,108,569,Lobules IV-V,right
529,626,2835,1182,129,584,Lobules IV-V,left
529,675,2963,1182,144,612,Declive (VI),left
529,682,2947,1182,146,607,Declive (VI),left
529,688,2843,1181,149,586,Lobules IV-V,left
529,690,2955,1182,149,610,Declive (VI),left
529,737,2985,1181,162,616,Lobules IV-V,left
529,785,2805,1180,177,577,Lobules IV-V,left
529,789,2956,1180,178,609,Lobules IV-V,left
529,793,2732,1180,180,561,Lobules IV-V,right
529,799,2943,1180,181,607,Lobules IV-V,left
529,802,2843,1179,182,586,Lobules IV-V,left
529,805,2884,1180,183,594,Lobules IV-V,left
529,832,2962,1179,189,611,Lobules IV-V,left
529,1038,2537,1172,241,513,Lobules IV-V,right
529,1050,2507,1172,244,505,Lobules IV-V,right
529,1125,2101,1170,252,414,Lobules IV-V,right
530,1038,2214,1172,236,439,Lobules IV-V,right
530,816,2747,1179,185,564,Lobules IV-V,right
530,827,2942,1178,188,606,Lobules IV-V,left
530,1027,2705,1173,236,553,Lobules IV-V,right
530,1032,2895,1174,238,597,Lobules IV-V,left
530,1105,2176,1169,251,431,Lobules IV-V,right
530,1136,2166,1167,258,429,Lobules IV-V,right
530,644,2788,1181,135,574,Lobules IV-V,left
530,820,2807,1178,187,577,Lobules IV-V,left
530,828,2894,1178,189,597,Lobules IV-V,left
530,885,2368,1180,203,475,Lobules IV-V,right
530,970,2259,1176,220,449,Lobules IV-V,right
530,987,2243,1175,223,445,Lobules IV-V,right
530,1030,2789,1173,237,573,Lobules IV-V,left
530,1058,2203,1171,241,437,Lobules IV-V,right
530,1121,2422,1167,261,484,Lobules IV-V,right
530,676,2903,1180,144,599,Lobules IV-V,left
530,709,2935,1180,155,605,Lobules IV-V,left
530,710,2901,1180,155,598,Lobules IV-V,left
530,759,2787,1179,170,573,Lobules IV-V,left
530,762,2803,1179,170,577,Lobules IV-V,left
530,793,2827,1179,180,581,Lobules IV-V,left
530,795,2738,1179,180,563,Lobules IV-V,right
530,805,2860,1179,183,589,Lobules IV-V,left
530,818,2760,1179,187,567,Lobules IV-V,right
530,825,2689,1179,188,551,Lobules IV-V,right
530,826,2846,1178,188,586,Lobules IV-V,left
530,1015,2217,1173,230,439,Lobules IV-V,right
530,1028,2662,1172,237,543,Lobules IV-V,right
530,1034,2524,1171,240,510,Lobules IV-V,right
530,1049,2687,1171,242,548,Lobules IV-V,right
530,1071,2884,1172,248,594,Lobules IV-V,left
530,1084,2163,1170,245,428,Lobules IV-V,right
530,1106,2107,1170,247,415,Lobules IV-V,right
530,1215,2125,1164,276,420,Lobules IV-V,right
584,532,2707,1161,97,558,Lobules IV-V,right
584,1016,2313,1150,228,461,Lobules IV-V,right
584,748,3206,1158,161,664,Lobules IV-V,left
584,838,2734,1153,188,563,Lobules IV-V,right
584,846,2634,1153,189,541,Lobules IV-V,right
584,849,2993,1153,191,618,Lobules IV-V,left
584,859,2229,1155,184,441,Lobules IV-V,right
584,876,3089,1153,197,639,Lobules IV-V,left
584,959,2153,1150,206,425,Lobules IV-V,right
584,988,2346,1151,223,468,Lobules IV-V,right
584,1050,2103,1146,226,414,Lobules IV-V,right
584,1066,2268,1148,238,450,Lobules IV-V,right
584,1079,2091,1145,233,411,Lobules IV-V,right
584,518,2992,1161,93,617,Lobules IV-V,left
584,522,2633,1164,94,543,Lobules IV-V,right
584,834,2863,1153,187,590,Lobules IV-V,left
584,850,2983,1153,191,616,Lobules IV-V,left
584,926,2870,1150,208,592,Lobules IV-V,left
584,966,3231,1153,220,670,Lobules IV-V,left
584,1032,3302,1151,237,685,Lobules IV-V,left
584,631,3080,1160,124,637,Lobules IV-V,left
584,850,3026,1153,191,625,Lobules IV-V,left
584,855,2735,1153,192,563,Lobules IV-V,right
584,878,2686,1151,198,552,Lobules IV-V,right
584,884,2780,1151,199,572,Lobules IV-V,left
531,1015,2223,1172,230,441,Lobules IV-V,right
531,830,2613,1179,189,534,Lobules IV-V,right
531,1009,2659,1172,232,543,Lobules IV-V,right
531,1022,2794,1173,234,574,Lobules IV-V,left
531,1025,2528,1171,237,512,Lobules IV-V,right
531,1033,2585,1170,239,525,Lobules IV-V,right
531,1040,2510,1170,241,507,Lobules IV-V,right
531,568,2627,1186,111,539,Lobules IV-V,right
531,636,2831,1180,132,583,Lobules IV-V,left
531,675,2852,1179,145,587,Lobules IV-V,left
531,819,2668,1178,186,547,Lobules IV-V,right
531,828,2882,1177,189,593,Lobules IV-V,left
531,1004,2230,1173,228,442,Lobules IV-V,right
531,1029,2514,1171,238,508,Lobules IV-V,right
531,1069,2471,1169,248,496,Lobules IV-V,right
531,659,2746,1181,140,565,Lobules IV-V,right
531,716,2906,1179,157,599,Lobules IV-V,left
531,775,2846,1178,174,586,Lobules IV-V,left
531,777,2818,1178,174,580,Lobules IV-V,left
531,778,2898,1178,176,598,Lobules IV-V,left
531,817,2817,1178,185,579,Lobules IV-V,left
531,1027,2546,1171,237,515,Lobules IV-V,right
533,968,2251,1175,220,446,Lobules IV-V,right
533,1022,2592,1171,235,526,Lobules IV-V,right
533,802,2765,1178,181,568,Lobules IV-V,right
533,940,2276,1176,213,452,Lobules IV-V,right
533,959,2264,1175,218,450,Lobules IV-V,right
533,1027,2215,1172,232,439,Lobules IV-V,right
533,1121,2167,1167,254,428,Lobules IV-V,right
533,669,2898,1179,143,598,Lobules IV-V,left
533,707,2946,1179,153,607,Lobules IV-V,left
533,813,3018,1178,185,624,Lobules IV-V,left
533,814,2659,1179,185,545,Lobules IV-V,right
533,830,3024,1178,189,625,Lobules IV-V,left
533,953,2267,1175,216,450,Lobules IV-V,right
533,1014,2567,1171,234,520,Lobules IV-V,right
533,1033,2992,1172,240,618,Lobules IV-V,left
533,1049,2470,1170,244,497,Lobules IV-V,right
533,1068,2672,1169,246,545,Lobules IV-V,right
533,617,2852,1180,126,587,Lobules IV-V,left
533,627,2870,1180,129,592,Lobules IV-V,left
533,776,2936,1178,174,605,Lobules IV-V,left
533,789,2840,1178,179,585,Lobules IV-V,left
533,806,2728,1178,183,561,Lobules IV-V,right
533,822,2601,1179,187,531,Lobules IV-V,right
533,837,3058,1177,190,632,Lobules IV-V,left
532,806,2751,1178,183,565,Lobules IV-V,right
532,1024,2564,1171,237,520,Lobules IV-V,right
532,1045,2204,1171,237,437,Lobules IV-V,right
532,1151,2159,1166,262,428,Lobules IV-V,right
532,1236,2136,1162,280,422,Lobules IV-V,right
532,723,2896,1179,160,597,Lobules IV-V,left
532,783,3086,1179,175,638,Lobules IV-V,left
532,821,2629,1179,186,538,Lobules IV-V,right
532,844,3228,1178,191,669,Lobules IV-V,left
532,1016,2737,1172,233,560,Lobules IV-V,right
532,1031,2501,1171,239,504,Lobules IV-V,right
532,1035,3024,1172,240,625,Lobules IV-V,left
532,1069,2194,1169,243,435,Lobules IV-V,right
532,1084,2187,1169,246,433,Lobules IV-V,right
532,1110,2426,1167,258,485,Lobules IV-V,right
532,567,2616,1186,110,537,Lobules IV-V,right
532,655,2875,1179,138,592,Lobules IV-V,left
532,762,2983,1179,169,616,Lobules IV-V,left
532,774,2921,1178,174,602,Lobules IV-V,left
532,777,3153,1179,171,653,Lobules IV-V,left
532,791,2707,1179,178,555,Lobules IV-V,right
532,792,2916,1178,178,601,Lobules IV-V,left
532,793,2958,1178,180,611,Lobules IV-V,left
532,801,2834,1178,181,584,Lobules IV-V,left
532,804,2667,1179,182,546,Lobules IV-V,right
532,807,2729,1178,183,561,Lobules IV-V,right
532,863,3233,1177,196,670,Lobules IV-V,left
532,1020,2199,1172,230,435,Lobules IV-V,right
532,1032,2977,1172,238,614,Lobules IV-V,left
532,1037,2137,1171,230,421,Lobules IV-V,right
534,1017,2522,1171,235,509,Lobules IV-V,right
534,946,2271,1175,214,451,Lobules IV-V,right
534,1112,2170,1167,252,429,Lobules IV-V,right
534,1209,2356,1160,280,469,Lobules IV-V,right
534,653,2950,1179,137,609,Lobules IV-V,left
534,995,2232,1172,225,442,Lobules IV-V,right
534,1016,2873,1172,233,592,Lobules IV-V,left
534,1017,2636,1171,233,537,Lobules IV-V,right
534,1027,2986,1172,237,617,Lobules IV-V,left
534,1096,2179,1167,248,432,Lobules IV-V,right
534,1138,2160,1165,259,428,Lobules IV-V,right
534,676,2938,1179,144,606,Lobules IV-V,left
534,755,2795,1177,169,575,Lobules IV-V,left
534,789,2733,1178,178,562,Lobules IV-V,right
534,799,2836,1177,181,584,Lobules IV-V,left
534,799,2894,1177,181,596,Lobules IV-V,left
534,805,2727,1177,182,559,Lobules IV-V,right
534,835,3244,1177,188,672,Lobules IV-V,left
534,873,2373,1178,200,476,Lobules IV-V,right
534,939,3311,1175,217,685,Lobules IV-V,left
534,1001,2173,1172,223,430,Lobules IV-V,right
534,1009,2729,1172,232,559,Lobules IV-V,right
534,1042,3085,1170,242,638,Lobules IV-V,left
534,1047,2167,1170,234,428,Lobules IV-V,right
534,1068,2152,1169,240,425,Lobules IV-V,right
534,1117,2619,1165,256,532,Lobules IV-V,right
535,1007,2595,1170,231,528,Lobules IV-V,right
535,1057,2195,1168,238,435,Lobules IV-V,right
535,1007,2558,1170,232,519,Lobules IV-V,right
535,1010,2784,1171,232,572,Lobules IV-V,left
535,768,2764,1177,173,568,Lobules IV-V,right
535,809,2830,1176,184,582,Lobules IV-V,left
535,812,2881,1176,184,593,Lobules IV-V,left
535,816,2625,1177,185,537,Lobules IV-V,right
535,960,2253,1173,217,448,Lobules IV-V,right
535,718,3022,1178,157,624,Lobules IV-V,left
535,766,2823,1176,171,581,Lobules IV-V,left
535,776,2841,1176,174,585,Lobules IV-V,left
535,781,2989,1177,175,617,Lobules IV-V,left
535,782,2924,1176,175,603,Lobules IV-V,left
535,789,2826,1176,178,581,Lobules IV-V,left
535,791,2760,1176,178,567,Lobules IV-V,right
535,807,2711,1177,182,556,Lobules IV-V,right
535,889,2338,1177,203,468,Lobules IV-V,right
535,1010,2730,1171,232,559,Lobules IV-V,right
535,1027,2204,1170,231,437,Lobules IV-V,right
535,1035,2157,1170,231,425,Lobules IV-V,right
535,1039,2676,1169,239,546,Lobules IV-V,right
535,1050,2657,1168,241,541,Lobules IV-V,right
535,1050,2811,1170,241,578,Lobules IV-V,left
535,1059,2814,1169,244,579,Lobules IV-V,left
535,1062,2161,1168,238,427,Lobules IV-V,right
535,1093,2169,1167,247,429,Lobules IV-V,right
535,1129,3016,1166,263,623,Lobules IV-V,left
535,1133,2128,1165,255,421,Lobules IV-V,right
536,1143,2150,1164,259,425,Lobules IV-V,right
536,978,2244,1172,222,445,Lobules IV-V,right
536,804,2806,1176,182,577,Lobules IV-V,left
536,814,2608,1178,185,534,Lobules IV-V,right
536,897,3256,1175,204,674,Lobules IV-V,left
536,957,2258,1174,216,449,Lobules IV-V,right
536,982,2234,1172,221,443,Lobules IV-V,right
536,1004,2584,1170,231,525,Lobules IV-V,right
536,1118,2104,1166,250,415,Lobules IV-V,right
536,546,2701,1182,104,556,Lobules IV-V,right
536,681,2987,1178,145,616,Lobules IV-V,left
536,731,2843,1177,161,586,Lobules IV-V,left
536,795,2855,1176,180,588,Lobules IV-V,left
536,807,2849,1176,182,587,Lobules IV-V,left
536,890,2329,1177,202,465,Lobules IV-V,right
536,1012,2535,1170,233,513,Lobules IV-V,right
536,1022,2506,1170,236,506,Lobules IV-V,right
536,1031,2977,1171,238,615,Lobules IV-V,left
536,1045,2192,1169,236,433,Lobules IV-V,right
536,1065,2895,1169,246,597,Lobules IV-V,left
536,1073,2735,1168,247,560,Lobules IV-V,right
536,1136,2126,1165,255,420,Lobules IV-V,right
537,1016,2211,1171,229,438,Lobules IV-V,right
537,990,2228,1172,223,442,Lobules IV-V,right
537,1000,2552,1170,231,517,Lobules IV-V,right
537,999,2723,1171,229,558,Lobules IV-V,right
537,1005,2221,1171,227,440,Lobules IV-V,right
537,1038,2200,1169,235,436,Lobules IV-V,right
537,793,2873,1176,180,592,Lobules IV-V,left
537,801,2723,1177,181,560,Lobules IV-V,right
537,906,2302,1176,205,458,Lobules IV-V,right
537,996,2223,1172,224,441,Lobules IV-V,right
537,997,2560,1170,229,519,Lobules IV-V,right
537,1001,2779,1172,229,571,Lobules IV-V,left
537,1005,2516,1170,232,508,Lobules IV-V,right
537,1039,2596,1168,239,527,Lobules IV-V,right
537,1045,2464,1169,242,496,Lobules IV-V,right
537,1046,3114,1169,244,644,Lobules IV-V,left
537,1075,3153,1167,252,653,Lobules IV-V,left
537,1084,2129,1167,242,420,Lobules IV-V,right
537,1100,3164,1166,259,655,Lobules IV-V,left
537,1109,2407,1165,258,481,Lobules IV-V,right
537,590,2932,1180,117,604,Lobules IV-V,left
537,749,2897,1176,167,596,Lobules IV-V,left
537,787,2728,1177,177,561,Lobules IV-V,right
537,808,2635,1177,184,539,Lobules IV-V,right
537,993,2635,1170,228,537,Lobules IV-V,right
537,995,2647,1170,228,540,Lobules IV-V,right
537,1000,2578,1170,230,524,Lobules IV-V,right
537,1006,2503,1170,232,506,Lobules IV-V,right
537,1016,2498,1170,235,505,Lobules IV-V,right
537,1029,2187,1170,231,432,Lobules IV-V,right
537,1038,2623,1168,239,534,Lobules IV-V,right
537,1045,2191,1169,236,433,Lobules IV-V,right
537,1053,2446,1168,245,491,Lobules IV-V,right
537,1085,3009,1168,252,622,Lobules IV-V,left
537,1096,2465,1166,254,495,Lobules IV-V,right
538,1002,2608,1169,230,531,Lobules IV-V,right
538,794,2765,1175,179,568,Lobules IV-V,right
538,976,2643,1170,224,540,Lobules IV-V,right
538,992,2610,1170,227,531,Lobules IV-V,right
538,997,2527,1170,230,511,Lobules IV-V,right
538,1010,2990,1170,233,618,Lobules IV-V,left
538,1019,2981,1170,235,616,Lobules IV-V,left
538,707,3031,1178,152,626,Lobules IV-V,left
538,804,2666,1176,182,546,Lobules IV-V,right
538,806,2872,1175,182,591,Lobules IV-V,left
538,814,2979,1175,185,615,Lobules IV-V,left
538,987,2550,1170,227,517,Lobules IV-V,right
538,993,2571,1169,229,522,Lobules IV-V,right
538,998,2539,1169,230,514,Lobules IV-V,right
538,1000,2567,1169,230,521,Lobules IV-V,right
538,1001,2934,1171,230,606,Lobules IV-V,left
538,1045,2906,1169,241,599,Lobules IV-V,left
538,1072,2426,1167,248,486,Lobules IV-V,right
538,1113,2163,1165,252,428,Lobules IV-V,right
538,585,2938,1179,115,607,Lobules IV-V,left
538,750,2827,1175,167,581,Lobules IV-V,left
538,750,2897,1176,167,596,Lobules IV-V,left
538,764,2870,1175,171,591,Lobules IV-V,left
538,798,2735,1176,181,562,Lobules IV-V,right
538,809,2928,1175,183,604,Lobules IV-V,left
538,813,2876,1175,185,592,Lobules IV-V,left
538,876,2352,1177,199,470,Lobules IV-V,right
538,993,2733,1170,228,561,Lobules IV-V,right
538,1071,2146,1167,239,423,Lobules IV-V,right
538,1113,2424,1164,258,485,Lobules IV-V,right
538,1128,2407,1163,262,481,Lobules IV-V,right
538,1138,2427,1162,264,485,Lobules IV-V,right
538,1153,2416,1162,267,483,Lobules IV-V,right
539,970,2243,1171,219,445,Lobules IV-V,right
539,945,2258,1172,213,449,Lobules IV-V,right
539,996,2507,1169,230,506,Lobules IV-V,right
539,581,2463,1187,112,502,Declive (VI),right
539,989,2581,1169,227,524,Lobules IV-V,right
539,991,2732,1170,226,560,Lobules IV-V,right
539,992,2793,1170,226,574,Lobules IV-V,left
539,1004,2958,1169,231,611,Lobules IV-V,left
539,1054,2579,1166,242,523,Lobules IV-V,right
539,1084,2178,1165,245,431,Lobules IV-V,right
539,1106,2393,1164,256,478,Lobules IV-V,right
539,1161,2138,1162,262,423,Lobules IV-V,right
539,592,2945,1178,117,608,Lobules IV-V,left
539,717,2910,1175,156,600,Lobules IV-V,left
539,744,3031,1176,164,626,Lobules IV-V,left
539,750,2828,1174,167,583,Lobules IV-V,left
539,771,2916,1174,172,601,Lobules IV-V,left
539,800,2630,1176,181,538,Lobules IV-V,right
539,804,2640,1176,182,541,Lobules IV-V,right
539,827,3056,1174,187,631,Lobules IV-V,left
539,1001,2496,1169,231,504,Lobules IV-V,right
539,1038,2147,1167,231,423,Lobules IV-V,right
539,1037,2458,1167,239,495,Lobules IV-V,right
539,1128,2406,1162,262,481,Lobules IV-V,right
539,1129,2152,1163,255,425,Lobules IV-V,right
540,592,2351,1186,115,473,Declive (VI),right
540,988,2602,1169,227,529,Lobules IV-V,right
540,1024,2202,1168,230,435,Lobules IV-V,right
540,1095,2399,1164,254,480,Lobules IV-V,right
540,592,2917,1177,117,601,Lobules IV-V,left
540,791,2691,1175,178,552,Lobules IV-V,right
540,906,2294,1174,204,457,Lobules IV-V,right
540,981,2542,1169,226,515,Lobules IV-V,right
540,982,2558,1169,225,520,Lobules IV-V,right
540,982,2626,1169,225,535,Lobules IV-V,right
540,1000,2484,1169,231,501,Lobules IV-V,right
540,1047,2188,1167,235,433,Lobules IV-V,right
540,1055,2439,1166,244,489,Lobules IV-V,right
540,1080,2414,1165,250,483,Lobules IV-V,right
540,556,2574,1184,106,528,Lobules IV-V,right
540,654,2957,1177,137,610,Lobules IV-V,left
540,761,2814,1174,170,579,Lobules IV-V,left
540,781,2828,1174,175,582,Lobules IV-V,left
540,795,2809,1174,179,578,Lobules IV-V,left
540,892,2203,1175,196,436,Lobules IV-V,right
540,992,2913,1170,227,601,Lobules IV-V,left
540,1019,2148,1168,226,424,Lobules IV-V,right
540,1059,2702,1166,243,552,Lobules IV-V,right
540,1079,2577,1164,248,522,Lobules IV-V,right
540,1094,2465,1164,253,495,Lobules IV-V,right
541,1006,2211,1169,226,437,Lobules IV-V,right
541,982,2578,1169,225,524,Lobules IV-V,right
541,1054,2181,1167,237,431,Lobules IV-V,right
541,1101,2161,1165,248,427,Lobules IV-V,right
541,750,2829,1174,167,583,Lobules IV-V,left
541,970,2613,1169,223,533,Lobules IV-V,right
541,990,2493,1169,229,504,Lobules IV-V,right
541,1077,2170,1166,242,429,Lobules IV-V,right
541,1103,2465,1163,255,495,Lobules IV-V,right
541,1120,2097,1164,249,413,Lobules IV-V,right
541,1147,2068,1164,253,407,Lobules IV-V,right
541,555,2574,1184,106,528,Lobules IV-V,right
541,570,2927,1178,111,604,Lobules IV-V,left
541,793,2671,1176,179,547,Lobules IV-V,right
541,795,2426,1179,179,490,Lobules IV-V,right
541,1017,2722,1168,232,557,Lobules IV-V,right
541,1098,2146,1165,247,424,Lobules IV-V,right
542,788,2776,1173,178,571,Lobules IV-V,left
542,817,3059,1173,184,632,Lobules IV-V,left
542,978,2228,1170,220,442,Lobules IV-V,right
542,979,2770,1169,224,569,Lobules IV-V,right
542,549,2907,1177,105,599,Lobules IV-V,left
542,873,3229,1173,199,669,Lobules IV-V,left
542,887,2199,1174,194,435,Lobules IV-V,right
542,986,2221,1169,221,440,Lobules IV-V,right
542,998,3023,1168,230,626,Lobules IV-V,left
542,1019,2465,1167,236,496,Lobules IV-V,right
542,1058,2426,1165,245,486,Lobules IV-V,right
542,1098,3191,1163,259,660,Lobules IV-V,left
542,1128,2144,1162,254,424,Lobules IV-V,right
542,554,2574,1183,106,528,Lobules IV-V,right
542,756,2740,1174,168,563,Lobules IV-V,right
542,787,2741,1174,176,563,Lobules IV-V,right
542,793,2806,1173,179,577,Lobules IV-V,left
542,796,2837,1173,179,584,Lobules IV-V,left
542,796,2823,1173,179,581,Lobules IV-V,left
542,797,2874,1173,179,592,Lobules IV-V,left
542,805,2986,1173,182,616,Lobules IV-V,left
542,928,2263,1172,209,450,Lobules IV-V,right
542,991,2131,1169,217,419,Lobules IV-V,right
542,1004,2872,1169,230,591,Lobules IV-V,left
542,1030,2543,1166,237,515,Lobules IV-V,right
542,1041,2571,1165,239,521,Lobules IV-V,right
542,1054,2976,1166,243,615,Lobules IV-V,left
542,1119,2096,1163,248,413,Lobules IV-V,right
542,1134,2727,1161,260,557,Lobules IV-V,right
542,1176,2110,1161,263,416,Lobules IV-V,right
543,784,2689,1174,176,552,Lobules IV-V,right
543,785,2810,1172,176,578,Lobules IV-V,left
543,969,2233,1169,218,443,Lobules IV-V,right
543,976,2583,1167,224,526,Lobules IV-V,right
543,994,2214,1168,223,438,Lobules IV-V,right
543,758,2719,1174,169,559,Lobules IV-V,right
543,781,2820,1172,175,580,Lobules IV-V,left
543,784,2680,1174,176,550,Lobules IV-V,right
543,809,3029,1172,183,626,Lobules IV-V,left
543,873,2335,1174,198,467,Lobules IV-V,right
543,771,2846,1172,172,586,Lobules IV-V,left
543,789,2630,1174,177,539,Lobules IV-V,right
543,790,2639,1174,177,541,Lobules IV-V,right
543,866,2352,1174,196,470,Lobules IV-V,right
543,878,3242,1172,200,671,Lobules IV-V,left
543,980,2649,1167,224,541,Lobules IV-V,right
543,985,2167,1168,217,427,Lobules IV-V,right
543,1049,2598,1164,240,528,Lobules IV-V,right
543,1118,2095,1162,248,413,Lobules IV-V,right
545,1067,2167,1165,238,428,Lobules IV-V,right
545,783,2824,1172,176,581,Lobules IV-V,left
545,1043,2181,1166,234,431,Lobules IV-V,right
545,890,2301,1173,200,458,Lobules IV-V,right
545,942,2248,1171,211,446,Lobules IV-V,right
545,955,2242,1170,214,444,Lobules IV-V,right
545,959,2229,1170,215,442,Lobules IV-V,right
545,976,2488,1168,225,503,Lobules IV-V,right
545,990,2949,1168,227,609,Lobules IV-V,left
545,993,3054,1167,229,632,Lobules IV-V,left
545,1096,2397,1163,253,479,Lobules IV-V,right
545,1118,2145,1162,251,424,Lobules IV-V,right
545,584,3009,1177,114,622,Lobules IV-V,left
545,648,3075,1177,133,636,Lobules IV-V,left
545,662,3049,1176,137,630,Lobules IV-V,left
545,723,2805,1173,159,577,Lobules IV-V,left
545,745,3027,1174,164,625,Lobules IV-V,left
545,759,2983,1173,169,616,Lobules IV-V,left
545,795,2859,1172,179,589,Lobules IV-V,left
545,800,2980,1172,180,615,Lobules IV-V,left
545,867,2341,1174,196,468,Lobules IV-V,right
545,958,2254,1170,216,447,Lobules IV-V,right
545,963,2569,1168,222,522,Lobules IV-V,right
545,963,2758,1169,220,567,Lobules IV-V,right
545,971,2932,1169,222,605,Lobules IV-V,left
545,970,2197,1169,215,434,Lobules IV-V,right
545,978,2768,1168,224,569,Lobules IV-V,right
545,986,2475,1168,227,499,Lobules IV-V,right
545,998,2986,1167,230,617,Lobules IV-V,left
545,1008,2458,1167,233,495,Lobules IV-V,right
545,1015,2442,1167,234,490,Lobules IV-V,right
545,1024,2443,1166,237,491,Lobules IV-V,right
545,1029,2856,1167,236,588,Lobules IV-V,left
545,1051,3107,1165,244,643,Lobules IV-V,left
545,1056,2716,1164,241,556,Lobules IV-V,right
545,1073,2616,1163,246,532,Lobules IV-V,right
545,1079,2826,1164,247,581,Lobules IV-V,left
545,1096,2086,1164,241,410,Lobules IV-V,right
545,1111,2100,1163,246,414,Lobules IV-V,right
545,1117,2094,1163,247,413,Lobules IV-V,right
544,551,2584,1182,104,531,Lobules IV-V,right
544,971,2536,1168,223,514,Lobules IV-V,right
544,977,2574,1167,224,523,Lobules IV-V,right
544,1073,3172,1164,252,656,Lobules IV-V,left
544,969,2562,1168,223,520,Lobules IV-V,right
544,1021,2201,1167,229,435,Lobules IV-V,right
544,1078,2395,1163,250,479,Lobules IV-V,right
544,540,2665,1180,102,549,Lobules IV-V,right
544,784,2730,1173,176,561,Lobules IV-V,right
544,794,2921,1172,179,602,Lobules IV-V,left
544,976,2556,1167,224,519,Lobules IV-V,right
544,995,2196,1168,222,434,Lobules IV-V,right
544,1000,2172,1168,222,428,Lobules IV-V,right
544,1050,2598,1164,240,528,Lobules IV-V,right
544,1118,2094,1162,248,413,Lobules IV-V,right
544,1122,2435,1161,259,488,Lobules IV-V,right
549,550,2563,1181,104,526,Lobules IV-V,right
549,1000,2196,1166,223,434,Lobules IV-V,right
549,1008,2192,1165,225,433,Lobules IV-V,right
549,1155,2120,1159,258,418,Lobules IV-V,right
549,759,2858,1171,169,589,Lobules IV-V,left
549,766,2751,1171,170,565,Lobules IV-V,right
549,769,2827,1171,172,581,Lobules IV-V,left
549,775,2801,1171,173,576,Lobules IV-V,left
549,782,2854,1171,175,588,Lobules IV-V,left
549,799,3040,1171,179,628,Lobules IV-V,left
549,948,2788,1167,216,574,Lobules IV-V,left
549,953,2813,1167,218,579,Lobules IV-V,left
549,987,2636,1165,225,538,Lobules IV-V,right
549,1052,2166,1164,234,428,Lobules IV-V,right
549,1098,2143,1161,246,424,Lobules IV-V,right
549,750,2870,1171,166,591,Lobules IV-V,left
549,760,2877,1171,169,592,Lobules IV-V,left
549,770,2648,1173,171,543,Lobules IV-V,right
549,771,2761,1171,172,568,Lobules IV-V,right
549,864,2327,1173,195,464,Lobules IV-V,right
549,981,2629,1165,224,537,Lobules IV-V,right
549,994,2205,1166,222,436,Lobules IV-V,right
549,1038,2414,1164,240,484,Lobules IV-V,right
549,1046,2141,1164,231,422,Lobules IV-V,right
549,1113,2096,1161,246,413,Lobules IV-V,right
549,1219,2042,1157,268,401,Lobules IV-V,right
546,954,2623,1167,218,536,Lobules IV-V,right
546,960,2794,1168,219,575,Lobules IV-V,left
546,965,2544,1167,222,516,Lobules IV-V,right
546,981,2971,1167,225,614,Lobules IV-V,left
546,1211,2111,1157,271,417,Lobules IV-V,right
546,790,2878,1171,178,593,Lobules IV-V,left
546,953,2675,1167,218,547,Lobules IV-V,right
546,956,2594,1167,219,529,Lobules IV-V,right
546,970,2225,1168,217,441,Lobules IV-V,right
546,969,2923,1168,222,604,Lobules IV-V,left
546,981,3011,1167,225,622,Lobules IV-V,left
546,1020,2610,1164,233,531,Lobules IV-V,right
546,585,3008,1176,114,622,Lobules IV-V,left
546,621,3012,1175,125,622,Lobules IV-V,left
546,668,2919,1173,141,602,Lobules IV-V,left
546,713,2771,1173,156,570,Lobules IV-V,right
546,748,2792,1172,166,574,Lobules IV-V,left
546,779,2632,1174,174,539,Lobules IV-V,right
546,800,2991,1172,180,617,Lobules IV-V,left
546,954,2587,1167,219,526,Lobules IV-V,right
546,1029,2858,1166,235,589,Lobules IV-V,left
546,1043,2918,1165,240,603,Lobules IV-V,left
546,1097,2149,1162,245,425,Lobules IV-V,right
546,1180,2082,1159,262,410,Lobules IV-V,right
547,1017,2191,1165,226,433,Lobules IV-V,right
547,1049,2174,1164,235,430,Lobules IV-V,right
547,785,2668,1172,176,548,Lobules IV-V,right
547,789,2865,1170,177,590,Lobules IV-V,left
547,874,3255,1170,198,674,Lobules IV-V,left
547,955,2235,1168,213,443,Lobules IV-V,right
547,956,2554,1166,219,519,Lobules IV-V,right
547,963,2875,1167,220,593,Lobules IV-V,left
547,964,2519,1166,222,510,Lobules IV-V,right
547,1077,2159,1162,240,427,Lobules IV-V,right
547,1081,2384,1162,249,476,Lobules IV-V,right
547,652,3002,1174,134,619,Lobules IV-V,left
547,670,2990,1173,141,617,Lobules IV-V,left
547,714,2844,1171,156,586,Lobules IV-V,left
547,768,2866,1171,172,590,Lobules IV-V,left
547,780,2624,1173,174,538,Lobules IV-V,right
547,788,2905,1171,177,599,Lobules IV-V,left
547,965,2513,1166,222,509,Lobules IV-V,right
547,1007,2693,1164,229,552,Lobules IV-V,right
547,1017,2594,1163,232,528,Lobules IV-V,right
547,1067,2398,1163,246,480,Lobules IV-V,right
547,1071,2389,1162,247,478,Lobules IV-V,right
547,1108,2146,1161,248,424,Lobules IV-V,right
548,1030,2183,1165,230,432,Lobules IV-V,right
548,541,2900,1175,101,598,Lobules IV-V,left
548,1134,2129,1160,254,421,Lobules IV-V,right
548,773,2657,1173,173,545,Lobules IV-V,right
548,774,2739,1171,173,563,Lobules IV-V,right
548,949,2768,1167,216,569,Lobules IV-V,right
548,960,2484,1167,221,502,Lobules IV-V,right
548,971,3016,1166,223,623,Lobules IV-V,left
548,971,2996,1166,222,619,Lobules IV-V,left
548,999,2457,1165,230,494,Lobules IV-V,right
548,1002,2441,1166,230,490,Lobules IV-V,right
548,1042,2613,1162,238,532,Lobules IV-V,right
548,1047,2965,1164,240,613,Lobules IV-V,left
548,703,2801,1171,153,576,Lobules IV-V,left
548,750,2868,1171,166,591,Lobules IV-V,left
548,775,2790,1171,173,574,Lobules IV-V,left
548,796,3238,1172,176,671,Lobules IV-V,left
548,943,2644,1167,216,541,Lobules IV-V,right
548,1016,2752,1165,231,564,Lobules IV-V,right
548,1040,2742,1163,237,562,Lobules IV-V,right
548,1069,2874,1163,245,592,Lobules IV-V,left
564,538,3021,1170,99,624,Lobules IV-V,left
564,983,2175,1159,216,429,Lobules IV-V,right
564,526,2641,1172,96,544,Lobules IV-V,right
564,800,3188,1165,177,660,Lobules IV-V,left
564,891,2874,1161,202,593,Lobules IV-V,left
564,894,2676,1161,203,549,Lobules IV-V,right
564,901,2997,1161,205,619,Lobules IV-V,left
564,518,2735,1169,96,564,Lobules IV-V,right
564,570,3151,1171,108,653,Lobules IV-V,left
564,693,2844,1164,148,586,Lobules IV-V,left
564,709,2822,1164,153,581,Lobules IV-V,left
564,740,2989,1165,161,617,Lobules IV-V,left
564,745,2958,1164,163,610,Lobules IV-V,left
564,983,2742,1157,223,563,Lobules IV-V,right
550,761,2812,1170,169,578,Lobules IV-V,left
550,537,2870,1174,100,592,Lobules IV-V,left
550,737,2742,1171,161,563,Lobules IV-V,right
550,802,3062,1170,179,632,Lobules IV-V,left
550,836,3182,1170,188,658,Lobules IV-V,left
550,875,3276,1170,198,678,Lobules IV-V,left
550,914,2260,1169,204,449,Lobules IV-V,right
550,728,2764,1171,160,569,Lobules IV-V,right
550,736,3013,1171,160,622,Lobules IV-V,left
550,750,2872,1170,166,591,Lobules IV-V,left
550,752,2838,1170,166,585,Lobules IV-V,left
550,764,2730,1171,170,561,Lobules IV-V,right
550,772,2847,1170,172,586,Lobules IV-V,left
550,992,2450,1165,228,493,Lobules IV-V,right
550,1016,2685,1163,231,549,Lobules IV-V,right
550,1036,2799,1163,236,576,Lobules IV-V,left
550,1042,2173,1163,232,430,Lobules IV-V,right
550,1075,2093,1161,236,412,Lobules IV-V,right
550,1098,2424,1159,253,485,Lobules IV-V,right
551,960,2224,1166,214,440,Lobules IV-V,right
551,944,2696,1165,215,552,Lobules IV-V,right
551,948,2652,1164,217,542,Lobules IV-V,right
551,954,2963,1165,218,613,Lobules IV-V,left
551,773,2598,1172,173,532,Lobules IV-V,right
551,922,2250,1168,205,446,Lobules IV-V,right
551,1051,2394,1162,242,479,Lobules IV-V,right
551,1183,2108,1156,264,416,Lobules IV-V,right
551,624,3014,1173,126,623,Lobules IV-V,left
551,757,2699,1171,167,555,Lobules IV-V,right
551,779,2935,1169,174,605,Lobules IV-V,left
551,993,2714,1163,226,556,Lobules IV-V,right
551,1042,3004,1162,239,622,Lobules IV-V,left
560,555,2487,1178,103,507,Lobules IV-V,right
560,911,2811,1163,206,578,Lobules IV-V,left
560,923,2993,1162,211,619,Lobules IV-V,left
560,935,2218,1164,206,439,Lobules IV-V,right
560,1225,2081,1151,270,410,Lobules IV-V,right
560,536,2942,1170,99,607,Lobules IV-V,left
560,680,2805,1166,144,577,Lobules IV-V,left
560,774,3082,1166,171,637,Lobules IV-V,left
560,844,3251,1166,189,673,Lobules IV-V,left
560,854,3276,1166,192,678,Lobules IV-V,left
560,920,3014,1162,210,623,Lobules IV-V,left
560,962,2200,1162,211,435,Lobules IV-V,right
560,1011,2171,1160,223,428,Lobules IV-V,right
552,939,2682,1165,214,549,Lobules IV-V,right
552,957,2997,1165,218,619,Lobules IV-V,left
552,983,2204,1165,219,436,Lobules IV-V,right
552,1137,2123,1158,253,419,Lobules IV-V,right
552,759,2674,1171,168,549,Lobules IV-V,right
552,786,3049,1169,175,630,Lobules IV-V,left
552,936,2839,1166,213,585,Lobules IV-V,left
552,941,2891,1166,214,596,Lobules IV-V,left
552,942,2231,1167,209,442,Lobules IV-V,right
552,976,3123,1164,224,647,Lobules IV-V,left
552,1069,2380,1161,246,475,Lobules IV-V,right
552,1077,2371,1160,247,473,Lobules IV-V,right
552,1090,2365,1160,251,472,Lobules IV-V,right
552,748,2844,1169,166,586,Lobules IV-V,left
552,797,3071,1169,177,634,Lobules IV-V,left
552,988,2682,1163,225,548,Lobules IV-V,right
552,1012,3156,1163,234,654,Lobules IV-V,left
552,1022,2419,1163,235,485,Lobules IV-V,right
552,1041,3004,1162,239,622,Lobules IV-V,left
552,1053,2809,1161,240,578,Lobules IV-V,left
552,1063,2143,1161,236,423,Lobules IV-V,right
552,1221,2016,1156,266,396,Lobules IV-V,right
554,1015,2178,1163,225,431,Lobules IV-V,right
554,933,2828,1165,213,583,Lobules IV-V,left
554,943,2602,1163,216,530,Lobules IV-V,right
554,1047,2385,1161,240,477,Lobules IV-V,right
554,747,2846,1168,164,586,Lobules IV-V,left
554,756,2777,1168,167,571,Lobules IV-V,left
554,767,2891,1168,170,595,Lobules IV-V,left
554,771,2576,1172,171,527,Lobules IV-V,right
554,926,2765,1165,210,568,Lobules IV-V,right
554,940,2621,1164,214,535,Lobules IV-V,right
554,942,2956,1164,215,610,Lobules IV-V,left
554,972,2452,1164,223,493,Lobules IV-V,right
554,999,2188,1163,222,433,Lobules IV-V,right
554,1083,2144,1159,241,423,Lobules IV-V,right
554,1090,2135,1159,242,421,Lobules IV-V,right
554,554,2498,1180,104,511,Lobules IV-V,right
554,638,2788,1170,132,574,Lobules IV-V,left
554,734,2764,1169,161,569,Lobules IV-V,right
554,757,2895,1168,167,596,Lobules IV-V,left
554,765,2935,1168,170,605,Lobules IV-V,left
554,841,2356,1171,189,472,Lobules IV-V,right
554,946,2964,1164,216,612,Lobules IV-V,left
554,953,2218,1166,212,439,Lobules IV-V,right
554,980,2894,1163,223,597,Lobules IV-V,left
554,1003,2903,1162,229,599,Lobules IV-V,left
554,1013,2418,1162,233,485,Lobules IV-V,right
553,591,2423,1182,114,492,Declive (VI),right
553,1100,2134,1159,245,421,Lobules IV-V,right
553,553,2529,1181,104,518,Lobules IV-V,right
553,752,2927,1169,165,603,Lobules IV-V,left
553,758,2623,1172,168,538,Lobules IV-V,right
553,784,3019,1169,175,623,Lobules IV-V,left
553,842,3213,1169,189,666,Lobules IV-V,left
553,931,2884,1166,212,595,Lobules IV-V,left
553,936,2770,1166,213,569,Lobules IV-V,right
553,977,2461,1165,224,496,Lobules IV-V,right
553,989,3144,1164,228,651,Lobules IV-V,left
553,1047,2163,1162,232,428,Lobules IV-V,right
553,1055,2647,1160,240,539,Lobules IV-V,right
553,1059,2375,1161,244,474,Lobules IV-V,right
553,1152,2113,1157,256,417,Lobules IV-V,right
553,1170,2107,1157,260,415,Lobules IV-V,right
553,738,2826,1169,163,582,Lobules IV-V,left
553,748,2799,1169,166,576,Lobules IV-V,left
553,771,2903,1169,171,599,Lobules IV-V,left
553,772,2960,1169,171,610,Lobules IV-V,left
553,777,3237,1171,170,670,Lobules IV-V,left
553,940,2873,1166,214,593,Lobules IV-V,left
553,951,2973,1165,217,615,Lobules IV-V,left
553,958,2873,1165,219,593,Lobules IV-V,left
553,960,2541,1164,220,515,Lobules IV-V,right
553,965,2641,1164,220,539,Lobules IV-V,right
553,995,2599,1162,227,529,Lobules IV-V,right
553,1030,2649,1161,235,541,Lobules IV-V,right
553,1042,2613,1160,237,532,Lobules IV-V,right
553,1145,2040,1158,250,401,Lobules IV-V,right
553,1221,2015,1156,266,396,Lobules IV-V,right
557,1026,2165,1161,227,427,Lobules IV-V,right
557,574,2456,1180,109,499,Lobules IV-V,right
557,522,2790,1172,96,576,Lobules IV-V,left
557,544,3034,1173,101,627,Lobules IV-V,left
557,525,2814,1171,97,581,Lobules IV-V,left
557,926,2645,1163,211,541,Lobules IV-V,right
557,933,2973,1163,213,615,Lobules IV-V,left
557,932,2999,1164,212,620,Lobules IV-V,left
557,935,3016,1163,214,623,Lobules IV-V,left
557,555,3085,1174,104,638,Lobules IV-V,left
557,735,2690,1169,161,553,Lobules IV-V,right
557,827,2377,1171,185,477,Lobules IV-V,right
557,879,3293,1167,199,683,Lobules IV-V,left
557,1044,2378,1160,240,475,Lobules IV-V,right
557,1060,2145,1159,234,423,Lobules IV-V,right
557,748,3078,1169,164,637,Lobules IV-V,left
557,766,2997,1168,169,618,Lobules IV-V,left
557,781,3074,1168,173,635,Lobules IV-V,left
557,922,2638,1163,210,540,Lobules IV-V,right
557,960,2842,1163,218,585,Lobules IV-V,left
557,977,2618,1161,222,535,Lobules IV-V,right
557,977,2647,1161,222,540,Lobules IV-V,right
557,997,2968,1161,227,614,Lobules IV-V,left
557,1000,2146,1162,219,423,Lobules IV-V,right
557,1060,2359,1160,243,471,Lobules IV-V,right
557,1079,2114,1158,238,417,Lobules IV-V,right
555,825,3185,1167,184,659,Lobules IV-V,left
555,931,2637,1163,212,539,Lobules IV-V,right
555,1068,2363,1159,246,472,Lobules IV-V,right
555,1122,2121,1157,248,418,Lobules IV-V,right
555,745,2833,1167,164,584,Lobules IV-V,left
555,768,2944,1167,171,607,Lobules IV-V,left
555,778,3030,1168,173,626,Lobules IV-V,left
555,787,3067,1168,174,633,Lobules IV-V,left
555,932,2617,1163,212,534,Lobules IV-V,right
555,950,2537,1163,218,515,Lobules IV-V,right
555,965,2208,1164,214,437,Lobules IV-V,right
555,989,2193,1163,219,434,Lobules IV-V,right
555,1006,2551,1160,230,517,Lobules IV-V,right
555,1033,2393,1161,238,479,Lobules IV-V,right
555,1231,2090,1152,272,412,Lobules IV-V,right
555,548,2534,1179,103,519,Lobules IV-V,right
555,563,3099,1174,107,642,Lobules IV-V,left
555,679,2803,1168,144,577,Lobules IV-V,left
555,857,2319,1169,191,463,Lobules IV-V,right
555,936,2596,1163,213,529,Lobules IV-V,right
555,957,2687,1162,217,550,Lobules IV-V,right
555,983,2626,1161,224,536,Lobules IV-V,right
555,1039,2641,1158,236,538,Lobules IV-V,right
556,922,2708,1164,209,556,Lobules IV-V,right
556,974,2203,1164,216,436,Lobules IV-V,right
556,1176,2102,1155,260,414,Lobules IV-V,right
556,763,2978,1168,169,615,Lobules IV-V,left
556,919,2760,1164,209,567,Lobules IV-V,right
556,952,2526,1163,218,512,Lobules IV-V,right
556,989,2874,1162,225,593,Lobules IV-V,left
556,1070,2141,1159,237,422,Lobules IV-V,right
556,1210,2093,1153,268,413,Lobules IV-V,right
556,746,2785,1168,164,573,Lobules IV-V,left
556,748,2928,1168,165,604,Lobules IV-V,left
556,751,2787,1168,165,573,Lobules IV-V,left
556,974,2693,1162,222,552,Lobules IV-V,right
556,985,3149,1163,227,653,Lobules IV-V,left
556,992,2180,1163,218,430,Lobules IV-V,right
556,1099,2405,1157,253,481,Lobules IV-V,right
556,1148,2050,1156,251,403,Lobules IV-V,right
558,916,2921,1163,208,603,Lobules IV-V,left
558,918,2885,1163,209,595,Lobules IV-V,left
558,1046,2151,1159,231,424,Lobules IV-V,right
558,537,2585,1176,99,531,Lobules IV-V,right
558,538,2578,1177,100,530,Lobules IV-V,right
558,560,3103,1173,105,643,Lobules IV-V,left
558,933,3041,1163,214,629,Lobules IV-V,left
558,996,2654,1159,226,543,Lobules IV-V,right
558,999,2641,1159,227,539,Lobules IV-V,right
558,1113,2438,1155,256,489,Lobules IV-V,right
558,551,3050,1172,102,630,Lobules IV-V,left
558,746,2804,1167,164,577,Lobules IV-V,left
558,783,2466,1171,175,500,Lobules IV-V,right
558,825,3201,1167,184,663,Lobules IV-V,left
558,927,2778,1163,210,572,Lobules IV-V,left
558,935,2583,1162,213,527,Lobules IV-V,right
558,951,2208,1164,210,437,Lobules IV-V,right
558,957,2202,1164,210,435,Lobules IV-V,right
558,959,2683,1161,218,550,Lobules IV-V,right
558,976,2831,1161,221,583,Lobules IV-V,left
558,979,2611,1160,223,532,Lobules IV-V,right
558,1282,2006,1150,278,393,Lobules IV-V,right
559,915,2766,1162,207,568,Lobules IV-V,right
559,1075,2134,1157,237,421,Lobules IV-V,right
559,1105,2120,1156,244,418,Lobules IV-V,right
559,730,2973,1166,158,614,Lobules IV-V,left
559,910,2695,1162,207,553,Lobules IV-V,right
559,943,2213,1163,209,438,Lobules IV-V,right
559,973,2195,1162,215,434,Lobules IV-V,right
559,537,2975,1171,99,614,Lobules IV-V,left
559,994,2185,1161,220,432,Lobules IV-V,right
559,1036,2374,1159,237,474,Lobules IV-V,right
561,1128,2108,1155,249,416,Lobules IV-V,right
561,643,2769,1167,133,570,Lobules IV-V,right
561,713,2707,1168,154,556,Lobules IV-V,right
561,739,2884,1166,162,594,Lobules IV-V,left
561,743,2866,1166,163,590,Lobules IV-V,left
561,809,3182,1166,180,658,Lobules IV-V,left
561,907,2781,1163,205,572,Lobules IV-V,left
561,911,2952,1162,207,609,Lobules IV-V,left
561,916,2963,1162,208,612,Lobules IV-V,left
561,916,2999,1162,208,620,Lobules IV-V,left
561,918,2973,1162,210,615,Lobules IV-V,left
561,920,3024,1162,210,625,Lobules IV-V,left
561,924,3055,1162,211,632,Lobules IV-V,left
561,1001,2401,1160,229,481,Lobules IV-V,right
561,1026,3214,1160,237,666,Lobules IV-V,left
561,1033,2153,1159,228,425,Lobules IV-V,right
561,1038,2367,1159,238,472,Lobules IV-V,right
561,1064,2136,1157,235,421,Lobules IV-V,right
561,610,2887,1167,122,595,Lobules IV-V,left
561,626,2265,1176,123,451,Declive (VI),right
561,651,2701,1169,134,555,Lobules IV-V,right
561,675,2820,1166,142,581,Lobules IV-V,left
561,691,2701,1168,147,555,Lobules IV-V,right
561,706,2806,1166,152,577,Lobules IV-V,left
561,717,2636,1170,154,541,Lobules IV-V,right
561,736,2815,1166,161,579,Lobules IV-V,left
561,748,2567,1170,164,525,Lobules IV-V,right
561,767,3050,1166,168,630,Lobules IV-V,left
561,894,2250,1166,198,446,Lobules IV-V,right
561,898,2899,1163,204,598,Lobules IV-V,left
561,905,2669,1162,206,547,Lobules IV-V,right
561,910,2756,1162,206,566,Lobules IV-V,right
561,924,2579,1161,211,526,Lobules IV-V,right
561,930,2527,1162,213,513,Lobules IV-V,right
561,949,2842,1161,216,585,Lobules IV-V,left
561,969,2834,1161,220,584,Lobules IV-V,left
561,1048,2353,1158,240,470,Lobules IV-V,right
561,1067,3002,1156,243,621,Lobules IV-V,left
561,1190,2089,1152,262,412,Lobules IV-V,right
561,1212,2083,1151,267,411,Lobules IV-V,right
562,576,2437,1178,108,495,Lobules IV-V,right
562,908,2991,1161,207,618,Lobules IV-V,left
562,562,3093,1171,105,640,Lobules IV-V,left
562,656,2769,1166,136,570,Lobules IV-V,right
562,728,2800,1165,159,576,Lobules IV-V,left
562,749,2980,1165,164,615,Lobules IV-V,left
562,767,3086,1166,168,638,Lobules IV-V,left
562,901,2707,1161,204,555,Lobules IV-V,right
562,904,2945,1161,206,608,Lobules IV-V,left
562,908,2969,1161,207,613,Lobules IV-V,left
562,940,2209,1162,207,437,Lobules IV-V,right
562,965,2192,1161,212,432,Lobules IV-V,right
562,1017,2154,1159,223,425,Lobules IV-V,right
562,1042,2147,1158,229,423,Lobules IV-V,right
562,1054,2141,1157,232,422,Lobules IV-V,right
562,1082,2124,1156,238,419,Lobules IV-V,right
562,564,2472,1177,105,503,Lobules IV-V,right
562,659,2679,1169,137,551,Lobules IV-V,right
562,671,3207,1169,137,665,Lobules IV-V,left
562,676,3073,1168,140,636,Lobules IV-V,left
562,723,2770,1165,157,570,Lobules IV-V,right
562,730,2944,1165,158,607,Lobules IV-V,left
562,734,2842,1165,160,585,Lobules IV-V,left
562,750,2969,1165,164,613,Lobules IV-V,left
562,893,2810,1162,203,578,Lobules IV-V,left
562,989,2652,1157,225,542,Lobules IV-V,right
562,1019,2379,1159,233,476,Lobules IV-V,right
562,1028,2947,1157,234,609,Lobules IV-V,left
562,1141,2097,1153,250,413,Lobules IV-V,right
567,531,2930,1166,97,605,Lobules IV-V,left
567,883,2828,1159,200,583,Lobules IV-V,left
567,888,2655,1159,202,544,Lobules IV-V,right
567,889,2637,1159,202,540,Lobules IV-V,right
567,949,2190,1159,207,432,Lobules IV-V,right
567,743,3014,1163,162,622,Lobules IV-V,left
567,743,3043,1163,162,629,Lobules IV-V,left
567,794,3187,1163,175,659,Lobules IV-V,left
567,934,2450,1159,214,494,Lobules IV-V,right
567,1081,2116,1153,236,417,Lobules IV-V,right
567,518,2724,1168,95,562,Lobules IV-V,right
567,961,2187,1159,210,431,Lobules IV-V,right
567,970,2851,1156,219,587,Lobules IV-V,left
567,1023,2142,1155,224,422,Lobules IV-V,right
566,552,3103,1170,102,643,Lobules IV-V,left
566,897,3011,1160,203,622,Lobules IV-V,left
566,1200,2079,1149,263,409,Lobules IV-V,right
566,710,2821,1163,152,581,Lobules IV-V,left
566,893,2620,1160,203,536,Lobules IV-V,right
566,573,3165,1170,109,656,Lobules IV-V,left
566,667,2969,1165,138,613,Lobules IV-V,left
566,706,2786,1164,151,573,Lobules IV-V,left
566,715,2842,1163,154,585,Lobules IV-V,left
566,733,2972,1164,159,612,Lobules IV-V,left
566,736,2965,1164,160,611,Lobules IV-V,left
566,836,3266,1164,186,676,Lobules IV-V,left
566,905,3053,1160,206,632,Lobules IV-V,left
566,923,3096,1160,211,641,Lobules IV-V,left
566,941,2202,1161,206,435,Lobules IV-V,right
566,969,2824,1157,219,582,Lobules IV-V,left
566,973,2183,1159,214,431,Lobules IV-V,right
566,973,2680,1156,221,549,Lobules IV-V,right
566,992,2645,1155,224,541,Lobules IV-V,right
566,1042,2345,1156,237,467,Lobules IV-V,right
566,1156,2055,1151,251,404,Lobules IV-V,right
565,1007,2159,1158,220,426,Lobules IV-V,right
565,561,2477,1177,104,505,Lobules IV-V,right
565,560,3130,1171,105,648,Lobules IV-V,left
565,994,2168,1159,218,428,Lobules IV-V,right
565,518,2792,1168,95,576,Lobules IV-V,left
565,717,2813,1164,154,580,Lobules IV-V,left
565,755,3027,1165,165,624,Lobules IV-V,left
565,906,3043,1161,206,630,Lobules IV-V,left
565,979,2760,1158,222,567,Lobules IV-V,right
565,1030,2359,1158,235,471,Lobules IV-V,right
565,1062,2108,1155,231,415,Lobules IV-V,right
565,1068,2127,1155,235,419,Lobules IV-V,right
565,537,2873,1167,99,593,Lobules IV-V,left
565,922,2214,1162,202,438,Lobules IV-V,right
565,961,3165,1160,220,656,Lobules IV-V,left
565,964,2740,1158,218,563,Lobules IV-V,right
565,966,2805,1159,218,577,Lobules IV-V,left
565,1019,2155,1158,224,425,Lobules IV-V,right
565,1021,2111,1157,221,415,Lobules IV-V,right
563,518,2780,1168,96,573,Lobules IV-V,left
563,646,2884,1165,132,594,Lobules IV-V,left
563,732,2823,1164,159,582,Lobules IV-V,left
563,748,2996,1165,164,618,Lobules IV-V,left
563,892,2885,1161,202,595,Lobules IV-V,left
563,895,2767,1161,202,569,Lobules IV-V,right
563,903,2961,1160,206,611,Lobules IV-V,left
563,912,3035,1160,207,628,Lobules IV-V,left
563,978,2629,1157,223,537,Lobules IV-V,right
563,570,3148,1171,108,653,Lobules IV-V,left
563,694,2863,1164,148,590,Lobules IV-V,left
563,717,2896,1164,154,596,Lobules IV-V,left
563,746,3008,1165,162,621,Lobules IV-V,left
563,787,2420,1169,174,489,Lobules IV-V,right
563,935,2169,1161,203,428,Lobules IV-V,right
563,949,2202,1161,208,435,Lobules IV-V,right
563,955,2726,1158,216,559,Lobules IV-V,right
563,971,2726,1158,220,559,Lobules IV-V,right
563,1009,2384,1158,231,477,Lobules IV-V,right
563,1146,2043,1152,248,402,Lobules IV-V,right
563,1178,2040,1151,256,401,Lobules IV-V,right
569,881,2690,1159,199,552,Lobules IV-V,right
569,878,2778,1160,199,572,Lobules IV-V,left
569,1040,2130,1155,227,420,Lobules IV-V,right
569,1329,2047,1142,289,402,Lobules IV-V,right
569,687,2884,1163,144,594,Lobules IV-V,left
569,858,3308,1163,193,686,Lobules IV-V,left
569,876,2834,1160,198,584,Lobules IV-V,left
569,875,2900,1160,198,598,Lobules IV-V,left
569,878,2881,1159,199,594,Lobules IV-V,left
569,877,2937,1159,198,606,Lobules IV-V,left
569,879,2864,1159,199,590,Lobules IV-V,left
569,886,2963,1159,201,612,Lobules IV-V,left
569,888,3002,1159,202,620,Lobules IV-V,left
569,966,2178,1158,211,430,Lobules IV-V,right
569,1032,2338,1156,234,466,Lobules IV-V,right
569,541,2506,1174,98,513,Lobules IV-V,right
569,635,3022,1165,128,623,Lobules IV-V,left
569,680,3072,1165,141,634,Lobules IV-V,left
569,686,2869,1162,144,591,Lobules IV-V,left
569,735,3035,1164,159,627,Lobules IV-V,left
569,881,2680,1159,199,550,Lobules IV-V,right
569,884,2567,1159,201,523,Lobules IV-V,right
569,891,2809,1159,201,579,Lobules IV-V,left
569,893,2668,1159,203,548,Lobules IV-V,right
569,908,2529,1159,207,514,Lobules IV-V,right
569,926,2634,1157,210,539,Lobules IV-V,right
569,927,2849,1158,209,587,Lobules IV-V,left
569,936,2892,1158,212,596,Lobules IV-V,left
569,979,2157,1157,213,425,Lobules IV-V,right
569,992,2159,1157,216,426,Lobules IV-V,right
569,1042,2698,1152,235,553,Lobules IV-V,right
568,1012,2148,1156,220,424,Lobules IV-V,right
568,1068,2118,1153,234,418,Lobules IV-V,right
568,724,2969,1163,156,612,Lobules IV-V,left
568,730,2993,1163,158,618,Lobules IV-V,left
568,889,2978,1159,202,616,Lobules IV-V,left
568,892,2990,1159,202,618,Lobules IV-V,left
568,1024,2353,1156,233,470,Lobules IV-V,right
568,1131,2043,1151,244,402,Lobules IV-V,right
568,1282,2053,1144,279,404,Lobules IV-V,right
568,658,2855,1163,137,588,Lobules IV-V,left
568,661,2949,1164,136,608,Lobules IV-V,left
568,692,2839,1162,146,585,Lobules IV-V,left
568,718,2877,1162,155,592,Lobules IV-V,left
568,942,2827,1158,213,582,Lobules IV-V,left
568,1078,2393,1153,247,478,Lobules IV-V,right
568,1123,2072,1151,244,407,Lobules IV-V,right
570,780,3180,1163,171,658,Lobules IV-V,left
570,883,2993,1158,201,619,Lobules IV-V,left
570,1024,2346,1155,233,467,Lobules IV-V,right
570,719,2947,1162,155,607,Lobules IV-V,left
570,735,3020,1163,159,623,Lobules IV-V,left
570,784,3194,1163,172,662,Lobules IV-V,left
570,876,2923,1159,198,603,Lobules IV-V,left
570,875,2945,1159,198,608,Lobules IV-V,left
570,884,2633,1158,200,540,Lobules IV-V,right
570,884,3025,1158,201,625,Lobules IV-V,left
570,887,2609,1158,201,534,Lobules IV-V,right
570,893,2593,1158,203,530,Lobules IV-V,right
570,916,2708,1157,207,556,Lobules IV-V,right
570,994,2382,1156,227,476,Lobules IV-V,right
570,1049,2318,1154,238,461,Lobules IV-V,right
570,525,2627,1170,96,540,Lobules IV-V,right
570,626,2998,1164,124,619,Lobules IV-V,left
570,664,2907,1162,138,599,Lobules IV-V,left
570,697,2865,1162,147,590,Lobules IV-V,left
570,703,2925,1162,150,603,Lobules IV-V,left
570,707,2947,1162,150,607,Lobules IV-V,left
570,858,2266,1162,188,450,Lobules IV-V,right
570,868,2759,1159,196,568,Lobules IV-V,right
570,876,2770,1159,197,570,Lobules IV-V,right
570,877,2971,1159,198,613,Lobules IV-V,left
570,920,2676,1156,208,549,Lobules IV-V,right
570,1013,2358,1156,231,471,Lobules IV-V,right
570,1059,2102,1152,230,413,Lobules IV-V,right
571,1171,2081,1147,255,409,Lobules IV-V,right
571,609,2968,1163,120,613,Lobules IV-V,left
571,878,2979,1157,199,615,Lobules IV-V,left
571,1053,2121,1152,230,418,Lobules IV-V,right
571,734,3048,1162,158,630,Lobules IV-V,left
571,867,2785,1158,195,573,Lobules IV-V,left
571,878,3006,1157,199,621,Lobules IV-V,left
571,970,2399,1156,221,481,Lobules IV-V,right
571,1108,2101,1150,242,414,Lobules IV-V,right
571,661,2917,1161,136,601,Lobules IV-V,left
571,766,2412,1166,167,487,Lobules IV-V,right
571,788,3252,1162,173,673,Lobules IV-V,left
571,860,2810,1158,194,579,Lobules IV-V,left
571,865,2908,1158,195,600,Lobules IV-V,left
571,870,2801,1158,196,576,Lobules IV-V,left
571,899,3071,1157,204,635,Lobules IV-V,left
571,917,2736,1156,207,562,Lobules IV-V,right
571,917,2883,1156,207,595,Lobules IV-V,left
571,973,3207,1157,223,665,Lobules IV-V,left
571,1018,2145,1154,222,423,Lobules IV-V,right
571,1040,2321,1154,236,462,Lobules IV-V,right
571,1048,3160,1153,242,656,Lobules IV-V,left
572,549,2470,1173,100,504,Lobules IV-V,right
572,997,2151,1155,216,424,Lobules IV-V,right
572,889,3063,1158,202,634,Lobules IV-V,left
572,947,2185,1157,205,431,Lobules IV-V,right
572,863,2776,1158,195,571,Lobules IV-V,left
572,873,2998,1158,198,620,Lobules IV-V,left
572,939,2193,1158,205,433,Lobules IV-V,right
572,987,2850,1153,222,587,Lobules IV-V,left
572,1266,2052,1143,275,403,Lobules IV-V,right
572,699,2923,1161,148,603,Lobules IV-V,left
572,865,2940,1158,195,607,Lobules IV-V,left
572,873,2963,1158,198,612,Lobules IV-V,left
572,908,2823,1157,205,582,Lobules IV-V,left
572,925,2197,1158,201,433,Lobules IV-V,right
572,951,2637,1154,215,539,Lobules IV-V,right
572,963,2706,1154,218,555,Lobules IV-V,right
572,967,2163,1156,209,427,Lobules IV-V,right
572,1017,2146,1154,221,423,Lobules IV-V,right
572,1024,2337,1155,232,465,Lobules IV-V,right
572,1084,2076,1150,234,408,Lobules IV-V,right
572,1100,2029,1150,236,398,Lobules IV-V,right
573,880,2619,1157,199,537,Lobules IV-V,right
573,523,2637,1169,96,543,Lobules IV-V,right
573,541,2493,1173,97,510,Lobules IV-V,right
573,771,3186,1162,168,659,Lobules IV-V,left
573,896,3367,1161,201,697,Lobules IV-V,left
573,957,2410,1157,218,484,Lobules IV-V,right
573,1040,2124,1153,226,419,Lobules IV-V,right
573,1240,2056,1144,269,404,Lobules IV-V,right
573,631,3001,1163,126,619,Lobules IV-V,left
573,708,2980,1162,151,615,Lobules IV-V,left
573,862,2652,1158,194,544,Lobules IV-V,right
573,987,2767,1153,222,568,Lobules IV-V,right
573,1087,2105,1151,236,415,Lobules IV-V,right
573,1103,2264,1151,249,449,Lobules IV-V,right
573,709,2971,1162,151,612,Lobules IV-V,left
573,910,2929,1156,206,605,Lobules IV-V,left
573,979,2732,1153,221,561,Lobules IV-V,right
573,1016,2133,1154,220,421,Lobules IV-V,right
573,1015,2632,1151,229,537,Lobules IV-V,right
573,1114,2038,1149,240,401,Lobules IV-V,right
573,1347,1970,1140,289,385,Lobules IV-V,right
574,578,3195,1167,110,663,Lobules IV-V,left
574,1058,2302,1152,239,457,Lobules IV-V,right
574,1061,2112,1151,230,416,Lobules IV-V,right
574,860,2845,1157,193,586,Lobules IV-V,left
574,870,2640,1157,196,541,Lobules IV-V,right
574,870,2988,1157,197,618,Lobules IV-V,left
574,956,2179,1156,207,430,Lobules IV-V,right
574,976,2159,1155,211,426,Lobules IV-V,right
574,1095,2100,1149,238,413,Lobules IV-V,right
574,516,2785,1164,94,575,Lobules IV-V,left
574,522,2653,1167,95,547,Lobules IV-V,right
574,1008,2140,1153,219,422,Lobules IV-V,right
574,1030,2131,1152,224,420,Lobules IV-V,right
574,1099,2027,1149,235,397,Lobules IV-V,right
574,521,2667,1167,95,549,Lobules IV-V,right
574,579,2408,1173,108,488,Lobules IV-V,right
574,759,3152,1161,165,652,Lobules IV-V,left
574,1007,2810,1151,226,579,Lobules IV-V,left
574,1347,1971,1139,288,385,Lobules IV-V,right
576,1119,2089,1147,243,411,Lobules IV-V,right
576,874,3012,1156,198,622,Lobules IV-V,left
576,947,3149,1155,215,653,Lobules IV-V,left
576,700,3011,1161,147,621,Lobules IV-V,left
576,856,2789,1157,192,574,Lobules IV-V,left
576,875,3041,1156,198,628,Lobules IV-V,left
576,1025,2327,1153,232,463,Lobules IV-V,right
576,1065,2290,1151,240,455,Lobules IV-V,right
576,1174,2074,1145,255,408,Lobules IV-V,right
576,918,2799,1154,207,576,Lobules IV-V,left
576,918,2913,1154,208,602,Lobules IV-V,left
576,987,2154,1153,213,425,Lobules IV-V,right
576,1005,2351,1153,228,469,Lobules IV-V,right
576,1094,2263,1150,246,449,Lobules IV-V,right
576,1096,2037,1148,234,399,Lobules IV-V,right
576,1375,1974,1137,295,386,Lobules IV-V,right
576,517,2790,1163,94,576,Lobules IV-V,left
576,670,2999,1161,138,619,Lobules IV-V,left
576,753,2424,1165,163,491,Lobules IV-V,right
576,888,2645,1155,201,542,Lobules IV-V,right
576,902,2830,1155,203,583,Lobules IV-V,left
576,903,2768,1155,204,570,Lobules IV-V,right
576,914,2444,1156,208,494,Lobules IV-V,right
576,928,2691,1153,210,552,Lobules IV-V,right
576,1014,2330,1153,229,464,Lobules IV-V,right
576,1016,2122,1151,219,417,Lobules IV-V,right
576,1108,2275,1149,250,451,Lobules IV-V,right
575,1196,2065,1144,259,406,Lobules IV-V,right
575,762,3180,1161,165,658,Lobules IV-V,left
575,872,3025,1156,196,625,Lobules IV-V,left
575,877,2598,1156,198,532,Lobules IV-V,right
575,966,3001,1152,219,621,Lobules IV-V,left
575,704,2997,1160,149,618,Lobules IV-V,left
575,867,2976,1156,195,614,Lobules IV-V,left
575,936,2743,1153,211,564,Lobules IV-V,right
575,999,2365,1154,227,472,Lobules IV-V,right
575,1082,2042,1148,231,401,Lobules IV-V,right
575,1129,2019,1147,242,396,Lobules IV-V,right
575,1138,2076,1147,247,408,Lobules IV-V,right
575,649,2062,1161,122,405,Simple lobule,right
575,683,3024,1161,143,624,Lobules IV-V,left
575,690,2946,1160,145,607,Lobules IV-V,left
575,691,2994,1161,144,618,Lobules IV-V,left
575,908,2806,1155,205,578,Lobules IV-V,left
575,921,2874,1154,208,593,Lobules IV-V,left
575,938,2854,1153,212,589,Lobules IV-V,left
575,942,2120,1154,200,417,Lobules IV-V,right
575,948,2735,1152,214,562,Lobules IV-V,right
575,952,2160,1155,205,426,Lobules IV-V,right
575,967,2834,1152,218,584,Lobules IV-V,left
575,990,2091,1151,211,411,Lobules IV-V,right
575,1019,2136,1152,221,421,Lobules IV-V,right
575,1024,2114,1151,221,416,Lobules IV-V,right
575,1027,2092,1150,220,411,Lobules IV-V,right
575,1073,2084,1149,232,410,Lobules IV-V,right
575,1182,2046,1145,255,402,Lobules IV-V,right
575,1252,1998,1142,268,392,Lobules IV-V,right
625,592,2355,1147,103,476,Lobules IV-V,right
625,1232,1990,1119,256,389,Lobules IV-V,right
625,1097,2025,1123,228,398,Lobules IV-V,right
625,1245,1988,1118,259,389,Lobules IV-V,right
625,1102,2192,1127,237,433,Lobules IV-V,right
625,1150,2012,1122,240,394,Lobules IV-V,right
625,875,3163,1138,195,656,Lobules IV-V,left
625,969,2015,1126,197,395,Lobules IV-V,right
625,988,2007,1125,202,393,Lobules IV-V,right
625,520,2713,1145,91,561,Lobules IV-V,right
625,566,3197,1147,103,662,Lobules IV-V,left
625,575,3248,1146,106,675,Lobules IV-V,left
625,593,3284,1145,111,682,Lobules IV-V,left
625,746,2799,1139,158,577,Lobules IV-V,left
625,781,2972,1139,169,613,Lobules IV-V,left
625,994,2275,1131,216,453,Lobules IV-V,right
625,528,2623,1147,92,542,Lobules IV-V,right
625,585,3123,1146,109,647,Lobules IV-V,left
625,653,2223,1142,121,442,Lobules IV-V,right
625,826,2478,1138,180,506,Lobules IV-V,right
625,962,3304,1137,216,686,Lobules IV-V,left
625,1038,2287,1129,227,455,Lobules IV-V,right
625,1595,1925,1105,340,373,Lobules IV-V,right
577,520,2673,1166,95,552,Lobules IV-V,right
577,525,2594,1168,95,534,Lobules IV-V,right
577,855,2759,1156,192,568,Lobules IV-V,right
577,853,2922,1156,192,602,Lobules IV-V,left
577,877,3054,1156,198,632,Lobules IV-V,left
577,929,3130,1156,211,649,Lobules IV-V,left
577,1074,2105,1149,233,414,Lobules IV-V,right
577,530,3037,1165,96,627,Lobules IV-V,left
577,707,3040,1161,149,628,Lobules IV-V,left
577,774,2374,1164,168,478,Lobules IV-V,right
577,849,2843,1157,191,586,Lobules IV-V,left
577,852,2871,1157,191,592,Lobules IV-V,left
577,854,2856,1156,192,588,Lobules IV-V,left
577,863,2620,1156,195,537,Lobules IV-V,right
577,865,3014,1156,195,623,Lobules IV-V,left
577,907,2454,1156,206,496,Lobules IV-V,right
577,967,2165,1154,209,427,Lobules IV-V,right
577,970,2384,1155,220,478,Lobules IV-V,right
577,1045,2306,1152,236,458,Lobules IV-V,right
577,1068,2281,1151,241,452,Lobules IV-V,right
577,1094,3334,1151,254,691,Lobules IV-V,left
577,569,2447,1172,105,497,Lobules IV-V,right
577,617,3014,1162,121,622,Lobules IV-V,left
577,681,2981,1161,141,615,Lobules IV-V,left
577,714,3096,1161,151,640,Lobules IV-V,left
577,851,2728,1157,191,561,Lobules IV-V,right
577,854,2739,1156,192,564,Lobules IV-V,right
577,886,2829,1155,199,583,Lobules IV-V,left
577,893,2481,1156,203,503,Lobules IV-V,right
577,898,2327,1158,201,464,Lobules IV-V,right
577,982,2684,1150,221,550,Lobules IV-V,right
577,1007,2342,1154,227,466,Lobules IV-V,right
577,1006,3178,1154,230,660,Lobules IV-V,left
578,527,2567,1169,94,527,Lobules IV-V,right
578,859,2961,1155,194,611,Lobules IV-V,left
578,1056,2290,1151,237,455,Lobules IV-V,right
578,1264,2044,1140,273,402,Lobules IV-V,right
578,695,3027,1160,146,624,Lobules IV-V,left
578,711,3056,1160,150,631,Lobules IV-V,left
578,851,2832,1156,191,583,Lobules IV-V,left
578,852,2814,1156,191,580,Lobules IV-V,left
578,853,2954,1155,192,610,Lobules IV-V,left
578,856,2749,1155,192,566,Lobules IV-V,right
578,855,2938,1155,192,607,Lobules IV-V,left
578,855,2946,1155,192,608,Lobules IV-V,left
578,863,2998,1155,195,620,Lobules IV-V,left
578,946,2646,1151,214,542,Lobules IV-V,right
578,1050,2296,1151,236,456,Lobules IV-V,right
578,521,2651,1166,94,546,Lobules IV-V,right
578,627,3028,1162,124,626,Lobules IV-V,left
578,676,3011,1160,139,621,Lobules IV-V,left
578,737,3295,1161,156,683,Lobules IV-V,left
578,854,2656,1155,192,545,Lobules IV-V,right
578,860,2982,1155,194,615,Lobules IV-V,left
578,864,2854,1155,194,588,Lobules IV-V,left
578,866,3042,1156,195,628,Lobules IV-V,left
578,879,2225,1157,190,440,Lobules IV-V,right
578,890,2752,1154,200,566,Lobules IV-V,right
578,908,2871,1153,205,592,Lobules IV-V,left
581,516,2778,1161,93,574,Lobules IV-V,left
581,519,2976,1162,93,614,Lobules IV-V,left
581,634,3072,1161,126,634,Lobules IV-V,left
581,1022,2121,1149,220,417,Lobules IV-V,right
581,519,2994,1163,93,618,Lobules IV-V,left
581,546,3133,1164,100,649,Lobules IV-V,left
581,932,2183,1154,201,431,Lobules IV-V,right
581,527,2547,1168,93,523,Lobules IV-V,right
581,529,3063,1164,96,633,Lobules IV-V,left
581,633,3061,1161,126,632,Lobules IV-V,left
581,842,2786,1155,188,573,Lobules IV-V,left
581,840,2875,1155,188,593,Lobules IV-V,left
581,885,2476,1155,200,502,Lobules IV-V,right
581,893,2464,1155,203,499,Lobules IV-V,right
581,895,3028,1153,202,627,Lobules IV-V,left
581,965,2915,1150,218,602,Lobules IV-V,left
581,985,2362,1152,223,472,Lobules IV-V,right
581,997,2343,1152,225,468,Lobules IV-V,right
581,828,2275,1159,179,452,Lobules IV-V,right
581,884,2765,1153,199,569,Lobules IV-V,right
581,897,2655,1152,202,545,Lobules IV-V,right
581,911,2965,1152,206,613,Lobules IV-V,left
581,966,2943,1150,218,609,Lobules IV-V,left
581,970,2375,1153,220,475,Lobules IV-V,right
581,1056,2063,1147,225,406,Lobules IV-V,right
581,1099,2285,1147,248,453,Lobules IV-V,right
581,1110,2047,1145,238,402,Lobules IV-V,right
581,1124,2233,1146,252,442,Lobules IV-V,right
581,1150,2036,1144,247,400,Lobules IV-V,right
583,538,3084,1162,98,638,Lobules IV-V,left
583,1063,2101,1146,229,413,Lobules IV-V,right
583,1132,2073,1143,244,408,Lobules IV-V,right
583,939,2170,1151,202,428,Lobules IV-V,right
583,992,2132,1149,212,419,Lobules IV-V,right
583,1085,2254,1147,242,447,Lobules IV-V,right
583,1181,2062,1141,254,405,Lobules IV-V,right
583,852,2624,1153,191,539,Lobules IV-V,right
583,884,2849,1152,199,587,Lobules IV-V,left
583,936,2709,1149,211,557,Lobules IV-V,right
583,977,3243,1153,223,673,Lobules IV-V,left
583,1052,2280,1148,235,452,Lobules IV-V,right
583,1109,2241,1146,248,443,Lobules IV-V,right
583,1413,2023,1130,304,397,Lobules IV-V,right
583,607,3281,1162,117,681,Lobules IV-V,left
583,851,3002,1153,191,620,Lobules IV-V,left
583,880,2814,1152,198,580,Lobules IV-V,left
583,883,2725,1151,199,560,Lobules IV-V,right
583,891,2926,1151,201,604,Lobules IV-V,left
583,904,3040,1151,205,629,Lobules IV-V,left
583,912,2645,1149,205,542,Lobules IV-V,right
583,919,2662,1149,208,546,Lobules IV-V,right
583,924,2777,1150,208,571,Lobules IV-V,left
583,934,2763,1149,210,569,Lobules IV-V,right
583,953,2821,1148,215,581,Lobules IV-V,left
583,1034,2091,1146,221,411,Lobules IV-V,right
583,1056,2352,1147,238,468,Lobules IV-V,right
583,1112,2271,1145,249,450,Lobules IV-V,right
583,1235,2026,1139,265,397,Lobules IV-V,right
583,1280,1965,1137,272,384,Lobules IV-V,right
585,597,3265,1162,114,678,Lobules IV-V,left
585,522,3049,1162,93,630,Lobules IV-V,left
585,834,2771,1153,186,570,Lobules IV-V,right
585,833,2754,1153,186,567,Lobules IV-V,right
585,520,2666,1163,94,549,Lobules IV-V,right
585,850,2250,1156,183,446,Lobules IV-V,right
585,865,2550,1153,195,521,Lobules IV-V,right
585,1032,2110,1147,221,415,Lobules IV-V,right
585,608,3284,1162,118,682,Lobules IV-V,left
585,616,3078,1160,120,637,Lobules IV-V,left
585,838,2922,1153,188,602,Lobules IV-V,left
585,895,3106,1153,202,643,Lobules IV-V,left
585,944,2394,1152,214,481,Lobules IV-V,right
585,952,3193,1153,216,663,Lobules IV-V,left
585,954,2937,1148,215,606,Lobules IV-V,left
585,1000,2331,1150,225,464,Lobules IV-V,right
585,1110,3362,1147,257,697,Lobules IV-V,left
585,840,2718,1153,188,560,Lobules IV-V,right
585,869,2675,1152,196,550,Lobules IV-V,right
585,871,2536,1153,196,517,Lobules IV-V,right
585,928,2795,1150,209,576,Lobules IV-V,left
585,994,2337,1150,224,465,Lobules IV-V,right
585,1038,2329,1148,234,464,Lobules IV-V,right
585,1159,1986,1142,246,389,Lobules IV-V,right
579,826,3292,1158,182,682,Lobules IV-V,left
579,847,2801,1155,189,577,Lobules IV-V,left
579,995,2139,1151,215,422,Lobules IV-V,right
579,1031,2119,1149,222,418,Lobules IV-V,right
579,1041,2115,1149,225,417,Lobules IV-V,right
579,1086,2098,1147,235,413,Lobules IV-V,right
579,716,3068,1160,151,634,Lobules IV-V,left
579,843,2823,1155,189,582,Lobules IV-V,left
579,849,2766,1155,190,569,Lobules IV-V,right
579,856,2973,1155,192,614,Lobules IV-V,left
579,1006,2134,1150,217,421,Lobules IV-V,right
579,522,2922,1161,94,603,Lobules IV-V,left
579,652,3034,1160,131,627,Lobules IV-V,left
579,678,3031,1160,141,625,Lobules IV-V,left
579,685,3020,1159,142,623,Lobules IV-V,left
579,687,3275,1161,141,680,Lobules IV-V,left
579,843,2747,1155,189,565,Lobules IV-V,right
579,858,2631,1154,194,539,Lobules IV-V,right
579,860,3022,1155,194,624,Lobules IV-V,left
579,1226,1978,1142,261,387,Lobules IV-V,right
580,844,2863,1155,189,590,Lobules IV-V,left
580,993,3256,1154,228,675,Lobules IV-V,left
580,1286,2039,1138,277,401,Lobules IV-V,right
580,520,2967,1162,93,612,Lobules IV-V,left
580,521,2657,1165,94,547,Lobules IV-V,right
580,838,2885,1155,188,595,Lobules IV-V,left
580,850,2967,1155,191,612,Lobules IV-V,left
580,852,2646,1155,191,543,Lobules IV-V,right
580,877,3078,1155,197,637,Lobules IV-V,left
580,906,2448,1154,205,495,Lobules IV-V,right
580,943,2175,1153,204,429,Lobules IV-V,right
580,974,2152,1152,210,424,Lobules IV-V,right
580,985,2146,1151,212,423,Lobules IV-V,right
580,1017,2324,1151,229,463,Lobules IV-V,right
580,1078,2268,1149,242,450,Lobules IV-V,right
580,604,3269,1163,117,679,Lobules IV-V,left
580,858,2990,1154,194,617,Lobules IV-V,left
580,871,2324,1158,193,464,Lobules IV-V,right
580,893,2787,1153,201,573,Lobules IV-V,left
580,991,2355,1152,224,470,Lobules IV-V,right
580,1006,2332,1152,227,464,Lobules IV-V,right
580,1102,2265,1148,247,449,Lobules IV-V,right
580,1199,2055,1142,259,404,Lobules IV-V,right
582,1036,2297,1150,232,456,Lobules IV-V,right
582,857,3037,1154,192,627,Lobules IV-V,left
582,866,3059,1154,195,633,Lobules IV-V,left
582,1060,2276,1149,237,451,Lobules IV-V,right
582,1091,2090,1146,235,411,Lobules IV-V,right
582,1157,2070,1143,250,407,Lobules IV-V,right
582,522,2914,1160,94,601,Lobules IV-V,left
582,848,2975,1154,191,614,Lobules IV-V,left
582,1008,2125,1149,217,419,Lobules IV-V,right
582,1109,2084,1145,240,410,Lobules IV-V,right
582,568,2430,1169,104,494,Lobules IV-V,right
582,1052,2090,1147,225,411,Lobules IV-V,right
582,1066,2304,1148,240,458,Lobules IV-V,right
582,1088,2054,1145,233,404,Lobules IV-V,right
588,518,2943,1159,93,608,Lobules IV-V,left
588,574,3225,1161,108,669,Lobules IV-V,left
588,1039,2283,1147,232,454,Lobules IV-V,right
588,905,3130,1151,204,649,Lobules IV-V,left
588,1054,2273,1146,235,451,Lobules IV-V,right
588,555,3172,1161,102,657,Lobules IV-V,left
588,827,3326,1155,182,689,Lobules IV-V,left
588,829,2945,1152,185,608,Lobules IV-V,left
588,882,2652,1149,198,544,Lobules IV-V,right
588,897,2652,1148,202,544,Lobules IV-V,right
588,942,3186,1151,213,661,Lobules IV-V,left
588,964,2141,1148,206,421,Lobules IV-V,right
588,1083,2285,1145,243,453,Lobules IV-V,right
588,1103,2078,1142,237,409,Lobules IV-V,right
588,543,2930,1157,100,604,Lobules IV-V,left
588,613,3298,1160,119,686,Lobules IV-V,left
588,769,3261,1156,166,676,Lobules IV-V,left
588,822,2767,1152,182,569,Lobules IV-V,right
588,833,2970,1152,187,613,Lobules IV-V,left
588,902,2757,1149,202,567,Lobules IV-V,right
588,945,2885,1147,213,595,Lobules IV-V,left
588,973,2135,1147,208,420,Lobules IV-V,right
588,978,2349,1149,220,469,Lobules IV-V,right
588,1060,2256,1146,236,447,Lobules IV-V,right
588,1107,2050,1142,236,403,Lobules IV-V,right
590,523,2611,1162,94,538,Lobules IV-V,right
590,911,3145,1151,206,652,Lobules IV-V,left
590,607,3291,1159,116,683,Lobules IV-V,left
590,826,2954,1151,184,610,Lobules IV-V,left
590,836,3015,1151,187,623,Lobules IV-V,left
590,985,2335,1148,221,466,Lobules IV-V,right
590,1050,2094,1143,225,412,Lobules IV-V,right
590,1056,2263,1145,235,449,Lobules IV-V,right
590,1185,2050,1138,254,403,Lobules IV-V,right
590,518,2911,1157,93,600,Lobules IV-V,left
590,524,3063,1160,94,633,Lobules IV-V,left
590,812,2879,1151,180,594,Lobules IV-V,left
590,820,2747,1151,182,565,Lobules IV-V,right
590,827,2820,1151,183,581,Lobules IV-V,left
590,838,2605,1151,188,534,Lobules IV-V,right
590,923,3004,1147,209,622,Lobules IV-V,left
590,1020,2106,1144,218,414,Lobules IV-V,right
590,1038,2097,1143,222,412,Lobules IV-V,right
590,1090,2018,1141,230,396,Lobules IV-V,right
590,1273,2026,1134,272,397,Lobules IV-V,right
590,526,3071,1160,94,634,Lobules IV-V,left
590,554,3174,1160,102,658,Lobules IV-V,left
590,835,2995,1151,187,618,Lobules IV-V,left
590,850,2556,1151,191,522,Lobules IV-V,right
590,851,2744,1150,190,565,Lobules IV-V,right
590,872,2691,1149,195,553,Lobules IV-V,right
590,875,2807,1149,196,578,Lobules IV-V,left
590,939,2685,1145,211,551,Lobules IV-V,right
590,989,2327,1148,222,463,Lobules IV-V,right
590,1073,2313,1144,241,460,Lobules IV-V,right
590,1269,1971,1135,269,385,Lobules IV-V,right
586,1006,2321,1149,226,462,Lobules IV-V,right
586,1015,2116,1146,218,416,Lobules IV-V,right
586,829,2909,1153,185,600,Lobules IV-V,left
586,851,2602,1152,191,533,Lobules IV-V,right
586,1067,2093,1144,229,412,Lobules IV-V,right
586,543,2498,1167,97,512,Lobules IV-V,right
586,826,2872,1153,184,591,Lobules IV-V,left
586,837,2694,1152,186,554,Lobules IV-V,right
586,854,3043,1152,192,629,Lobules IV-V,left
586,982,2132,1148,210,419,Lobules IV-V,right
586,1041,2104,1145,223,414,Lobules IV-V,right
586,535,2982,1160,97,615,Lobules IV-V,left
586,722,3226,1158,151,668,Lobules IV-V,left
586,832,2678,1153,185,551,Lobules IV-V,right
586,846,3018,1153,189,624,Lobules IV-V,left
586,872,2503,1152,196,510,Lobules IV-V,right
586,932,3162,1152,211,655,Lobules IV-V,left
586,966,2367,1150,218,473,Lobules IV-V,right
586,983,3257,1152,225,675,Lobules IV-V,left
586,1030,2303,1148,231,458,Lobules IV-V,right
586,1170,2051,1141,251,403,Lobules IV-V,right
587,1144,2068,1141,246,407,Lobules IV-V,right
587,997,2123,1146,213,418,Lobules IV-V,right
587,824,2858,1152,184,589,Lobules IV-V,left
587,827,2743,1152,184,565,Lobules IV-V,right
587,835,2960,1152,187,611,Lobules IV-V,left
587,839,2979,1152,188,615,Lobules IV-V,left
587,842,3007,1152,188,621,Lobules IV-V,left
587,889,2795,1149,200,576,Lobules IV-V,left
587,926,2163,1150,197,427,Lobules IV-V,right
587,935,3170,1151,212,657,Lobules IV-V,left
587,1082,2087,1143,232,410,Lobules IV-V,right
587,1116,2076,1142,240,408,Lobules IV-V,right
587,1254,2035,1136,269,399,Lobules IV-V,right
587,521,2650,1161,94,546,Lobules IV-V,right
587,539,2954,1158,99,610,Lobules IV-V,left
587,549,3019,1159,101,624,Lobules IV-V,left
587,616,3300,1160,119,686,Lobules IV-V,left
587,823,2725,1152,184,561,Lobules IV-V,right
587,833,2952,1152,187,609,Lobules IV-V,left
587,842,2685,1151,188,552,Lobules IV-V,right
587,1098,2269,1144,246,450,Lobules IV-V,right
587,1155,2014,1140,246,395,Lobules IV-V,right
589,516,2960,1159,92,611,Lobules IV-V,left
589,566,3202,1161,105,663,Lobules IV-V,left
589,517,3009,1160,91,621,Lobules IV-V,left
589,561,3192,1161,104,661,Lobules IV-V,left
589,579,3238,1161,109,672,Lobules IV-V,left
589,988,2124,1147,212,418,Lobules IV-V,right
589,1022,2298,1148,228,457,Lobules IV-V,right
589,1070,2253,1146,238,447,Lobules IV-V,right
589,569,3213,1161,106,667,Lobules IV-V,left
589,822,2756,1152,182,567,Lobules IV-V,right
589,826,2806,1152,184,578,Lobules IV-V,left
589,836,2987,1152,187,616,Lobules IV-V,left
589,840,2596,1152,188,532,Lobules IV-V,right
589,862,3083,1152,193,638,Lobules IV-V,left
589,1050,2317,1146,236,460,Lobules IV-V,right
589,1072,2291,1145,240,454,Lobules IV-V,right
589,1091,2080,1142,234,409,Lobules IV-V,right
589,1124,2069,1141,242,407,Lobules IV-V,right
589,516,3000,1160,91,619,Lobules IV-V,left
589,839,2649,1151,188,544,Lobules IV-V,right
589,863,2724,1150,194,561,Lobules IV-V,right
589,892,3112,1151,201,644,Lobules IV-V,left
589,902,2756,1149,202,567,Lobules IV-V,right
589,908,2676,1148,205,549,Lobules IV-V,right
589,1171,1996,1140,248,391,Lobules IV-V,right
649,525,2960,1137,91,611,Lobules IV-V,left
649,529,2770,1135,92,572,Lobules IV-V,left
649,1172,1987,1109,240,389,Lobules IV-V,right
649,1196,1979,1108,245,387,Lobules IV-V,right
649,944,2089,1116,191,411,Lobules IV-V,right
649,779,2423,1130,161,493,Lobules IV-V,right
649,791,2423,1129,164,493,Lobules IV-V,right
649,905,3269,1129,200,679,Lobules IV-V,left
649,921,3283,1128,204,682,Lobules IV-V,left
649,957,3324,1127,213,690,Lobules IV-V,left
649,988,2165,1117,206,428,Lobules IV-V,right
649,1027,2269,1117,220,453,Lobules IV-V,right
649,1077,2143,1114,226,424,Lobules IV-V,right
649,1106,2139,1113,233,423,Lobules IV-V,right
649,529,2744,1135,91,567,Lobules IV-V,right
649,530,2716,1135,91,561,Lobules IV-V,right
649,530,2724,1135,91,563,Lobules IV-V,right
649,637,2262,1131,112,453,Lobules IV-V,right
649,916,2229,1121,190,443,Lobules IV-V,right
649,932,3304,1128,207,686,Lobules IV-V,left
591,525,2595,1162,94,534,Lobules IV-V,right
591,797,3311,1154,173,686,Lobules IV-V,left
591,1225,2037,1135,262,399,Lobules IV-V,right
591,819,2659,1150,182,547,Lobules IV-V,right
591,832,3002,1150,185,619,Lobules IV-V,left
591,949,2143,1146,202,422,Lobules IV-V,right
591,970,2127,1145,206,418,Lobules IV-V,right
591,995,2320,1147,222,462,Lobules IV-V,right
591,1107,2071,1140,236,407,Lobules IV-V,right
591,1144,2061,1139,245,405,Lobules IV-V,right
591,1459,2006,1125,313,392,Lobules IV-V,right
591,554,3175,1160,102,658,Lobules IV-V,left
591,701,3201,1156,145,663,Lobules IV-V,left
591,749,3265,1155,160,677,Lobules IV-V,left
591,759,3264,1155,163,677,Lobules IV-V,left
591,812,2767,1151,179,569,Lobules IV-V,right
591,894,2847,1147,201,587,Lobules IV-V,left
591,1026,2288,1146,228,455,Lobules IV-V,right
591,1101,2262,1142,245,448,Lobules IV-V,right
591,1280,1960,1134,270,383,Lobules IV-V,right
592,556,3183,1160,102,660,Lobules IV-V,left
592,826,2971,1150,184,613,Lobules IV-V,left
592,997,2113,1144,212,416,Lobules IV-V,right
592,1004,3294,1149,230,684,Lobules IV-V,left
592,1026,2100,1143,219,413,Lobules IV-V,right
592,1097,2232,1143,242,441,Lobules IV-V,right
592,812,2749,1151,179,566,Lobules IV-V,right
592,829,2613,1150,185,537,Lobules IV-V,right
592,833,3341,1153,184,692,Lobules IV-V,left
592,931,2152,1147,197,423,Lobules IV-V,right
592,986,2117,1144,209,416,Lobules IV-V,right
592,1084,2317,1143,243,460,Lobules IV-V,right
592,1114,2256,1142,248,446,Lobules IV-V,right
592,717,3219,1156,150,667,Lobules IV-V,left
592,804,3317,1154,176,687,Lobules IV-V,left
592,1012,3303,1149,231,686,Lobules IV-V,left
592,1075,2274,1144,240,451,Lobules IV-V,right
592,1084,2252,1143,241,446,Lobules IV-V,right
592,1256,1986,1134,266,388,Lobules IV-V,right
592,1541,1971,1122,332,384,Lobules IV-V,right
593,1012,2298,1146,225,457,Lobules IV-V,right
593,523,2632,1160,94,542,Lobules IV-V,right
593,1042,2268,1145,231,450,Lobules IV-V,right
593,811,2801,1151,179,577,Lobules IV-V,left
593,833,3026,1150,186,625,Lobules IV-V,left
593,917,3163,1150,207,656,Lobules IV-V,left
593,929,3182,1150,210,660,Lobules IV-V,left
593,809,2897,1151,179,597,Lobules IV-V,left
593,816,2238,1153,172,443,Lobules IV-V,right
593,817,2952,1151,181,609,Lobules IV-V,left
593,821,2960,1150,182,611,Lobules IV-V,left
593,827,2980,1150,184,615,Lobules IV-V,left
593,834,2579,1150,186,529,Lobules IV-V,right
593,847,3067,1151,189,634,Lobules IV-V,left
593,949,2374,1148,214,476,Lobules IV-V,right
593,954,2366,1148,214,473,Lobules IV-V,right
593,986,2324,1147,220,463,Lobules IV-V,right
593,1039,3328,1148,238,691,Lobules IV-V,left
593,1043,2091,1142,223,411,Lobules IV-V,right
593,1080,2082,1141,231,409,Lobules IV-V,right
593,1115,2045,1139,237,402,Lobules IV-V,right
593,1260,2029,1134,269,398,Lobules IV-V,right
593,520,3076,1159,92,635,Lobules IV-V,left
593,523,2650,1160,95,546,Lobules IV-V,right
593,538,2521,1164,96,517,Lobules IV-V,right
593,656,3182,1157,131,659,Lobules IV-V,left
593,721,3247,1156,151,673,Lobules IV-V,left
593,743,3258,1155,158,676,Lobules IV-V,left
593,811,2760,1151,179,568,Lobules IV-V,right
593,833,2598,1150,186,533,Lobules IV-V,right
593,842,2547,1150,188,520,Lobules IV-V,right
593,859,2494,1150,193,508,Lobules IV-V,right
593,893,2760,1147,201,568,Lobules IV-V,right
593,1075,2317,1143,241,460,Lobules IV-V,right
593,1329,1949,1131,281,381,Lobules IV-V,right
597,540,2468,1163,94,505,Lobules IV-V,right
597,1005,2100,1141,213,413,Lobules IV-V,right
597,517,3076,1158,91,635,Lobules IV-V,left
597,540,3136,1158,98,649,Lobules IV-V,left
597,517,2900,1155,92,598,Lobules IV-V,left
597,522,3066,1158,92,633,Lobules IV-V,left
597,604,3295,1157,116,684,Lobules IV-V,left
597,713,3267,1154,149,677,Lobules IV-V,left
597,794,2848,1149,175,587,Lobules IV-V,left
597,817,2613,1149,181,537,Lobules IV-V,right
597,819,2987,1149,182,616,Lobules IV-V,left
597,841,3070,1149,187,635,Lobules IV-V,left
597,561,3204,1158,103,664,Lobules IV-V,left
597,733,3283,1153,155,681,Lobules IV-V,left
597,786,3315,1152,170,687,Lobules IV-V,left
597,810,2942,1149,179,606,Lobules IV-V,left
597,811,2954,1149,179,610,Lobules IV-V,left
597,816,2975,1149,181,614,Lobules IV-V,left
597,842,2526,1149,187,516,Lobules IV-V,right
597,908,3167,1148,205,656,Lobules IV-V,left
597,971,2336,1146,217,466,Lobules IV-V,right
597,1056,2286,1143,235,454,Lobules IV-V,right
597,1106,2246,1140,245,444,Lobules IV-V,right
597,1156,2195,1138,254,433,Lobules IV-V,right
597,529,2974,1156,95,614,Lobules IV-V,left
597,530,3072,1157,95,634,Lobules IV-V,left
597,537,2916,1154,97,601,Lobules IV-V,left
597,555,3187,1158,102,660,Lobules IV-V,left
597,588,3267,1157,112,678,Lobules IV-V,left
597,687,3252,1155,140,674,Lobules IV-V,left
597,824,3027,1149,183,625,Lobules IV-V,left
597,930,2629,1142,209,539,Lobule III,right
597,1077,2047,1138,227,402,Lobules IV-V,right
597,1095,2012,1137,230,394,Lobules IV-V,right
597,1096,2249,1141,243,445,Lobules IV-V,right
597,1125,2256,1139,250,446,Lobules IV-V,right
596,1029,2275,1144,228,451,Lobules IV-V,right
596,573,3231,1158,107,670,Lobules IV-V,left
596,587,2973,1154,111,614,Lobules IV-V,left
596,805,2753,1149,178,567,Lobules IV-V,right
596,1068,2245,1142,237,444,Lobules IV-V,right
596,1189,2044,1135,254,402,Lobules IV-V,right
596,515,2946,1156,91,608,Lobules IV-V,left
596,645,3211,1156,128,666,Lobules IV-V,left
596,682,3245,1155,138,673,Lobules IV-V,left
596,805,2732,1149,178,562,Lobules IV-V,right
596,957,3236,1148,217,671,Lobules IV-V,left
596,989,2107,1142,210,414,Lobules IV-V,right
596,994,2309,1145,222,460,Lobules IV-V,right
596,1062,2077,1139,225,408,Lobules IV-V,right
596,1088,2262,1141,242,448,Lobules IV-V,right
596,568,3220,1158,106,668,Lobules IV-V,left
596,803,2774,1149,178,572,Lobules IV-V,left
596,816,2968,1149,181,613,Lobules IV-V,left
596,818,2820,1149,182,581,Lobules IV-V,left
596,818,2684,1148,182,552,Lobules IV-V,right
596,844,2842,1148,188,585,Lobules IV-V,left
596,855,2850,1147,191,587,Lobules IV-V,left
596,948,2136,1144,201,420,Lobules IV-V,right
596,1075,2019,1138,226,397,Lobules IV-V,right
596,1183,1991,1135,250,390,Lobules IV-V,right
596,1213,2004,1134,257,393,Lobules IV-V,right
596,1292,1930,1132,271,376,Lobules IV-V,right
594,515,2761,1156,93,570,Lobules IV-V,right
594,696,3238,1155,143,672,Lobules IV-V,left
594,762,3284,1154,163,681,Lobules IV-V,left
594,769,3292,1153,166,682,Lobules IV-V,left
594,812,2908,1150,179,600,Lobules IV-V,left
594,839,3050,1150,188,630,Lobules IV-V,left
594,841,3060,1150,188,633,Lobules IV-V,left
594,978,2333,1146,219,466,Lobules IV-V,right
594,1363,2008,1127,290,394,Lobules IV-V,right
594,808,2906,1150,179,599,Lobules IV-V,left
594,848,2531,1149,190,517,Lobules IV-V,right
594,896,3136,1149,202,650,Lobules IV-V,left
594,1117,2238,1141,247,443,Lobules IV-V,right
594,1120,2022,1138,237,396,Lobules IV-V,right
594,1201,2041,1135,256,400,Lobules IV-V,right
594,1343,1930,1130,284,376,Lobules IV-V,right
595,517,2782,1155,92,574,Lobules IV-V,left
595,807,2683,1149,178,553,Lobules IV-V,right
595,814,2642,1149,181,543,Lobules IV-V,right
595,616,3311,1156,119,688,Lobules IV-V,left
595,667,3227,1155,134,669,Lobules IV-V,left
595,745,2287,1155,153,455,Lobules IV-V,right
595,826,3013,1149,183,623,Lobules IV-V,left
595,947,3220,1149,214,668,Lobules IV-V,left
595,976,2119,1143,206,417,Lobules IV-V,right
595,976,3274,1148,222,680,Lobules IV-V,left
595,991,2316,1145,221,461,Lobules IV-V,right
595,1015,2100,1141,216,413,Lobules IV-V,right
595,1021,2285,1144,226,454,Lobules IV-V,right
595,1080,2237,1142,238,442,Lobules IV-V,right
595,1085,2074,1139,231,408,Lobules IV-V,right
595,525,2842,1154,95,586,Lobules IV-V,left
595,550,2920,1154,101,602,Lobules IV-V,left
595,599,3286,1157,114,682,Lobules IV-V,left
595,823,2844,1148,183,586,Lobules IV-V,left
595,888,3123,1148,200,647,Lobules IV-V,left
595,894,2648,1144,201,544,Lobules IV-V,right
595,910,2701,1144,204,555,Lobules IV-V,right
595,913,2953,1144,206,611,Lobules IV-V,left
595,916,3052,1145,206,631,Lobules IV-V,left
595,922,2850,1144,206,588,Lobules IV-V,left
595,1016,2314,1144,226,461,Lobules IV-V,right
595,1165,2051,1136,249,403,Lobules IV-V,right
598,1046,2258,1142,231,448,Lobules IV-V,right
598,519,3050,1157,92,630,Lobules IV-V,left
598,592,3277,1156,111,680,Lobules IV-V,left
598,597,3285,1156,113,682,Lobules IV-V,left
598,976,2110,1142,206,415,Lobules IV-V,right
598,1038,2079,1139,221,409,Lobules IV-V,right
598,1054,2249,1142,233,446,Lobules IV-V,right
598,1245,2024,1131,264,397,Lobules IV-V,right
598,514,2938,1155,91,607,Lobules IV-V,left
598,579,3250,1157,109,674,Lobules IV-V,left
598,610,3307,1156,117,687,Lobules IV-V,left
598,677,3255,1154,137,675,Lobules IV-V,left
598,744,3292,1152,158,682,Lobules IV-V,left
598,817,2994,1148,181,618,Lobules IV-V,left
598,817,3002,1148,181,619,Lobules IV-V,left
598,860,3061,1147,193,633,Lobules IV-V,left
598,870,3115,1148,195,645,Lobules IV-V,left
598,890,3144,1148,200,652,Lobules IV-V,left
598,899,3158,1148,203,655,Lobules IV-V,left
598,1125,2057,1136,239,404,Lobules IV-V,right
598,528,2573,1159,94,530,Lobules IV-V,right
598,555,3190,1157,102,661,Lobules IV-V,left
598,566,3218,1157,104,668,Lobules IV-V,left
598,584,3262,1156,110,677,Lobules IV-V,left
598,587,3267,1156,110,678,Lobules IV-V,left
598,795,2761,1148,175,568,Lobules IV-V,right
598,839,2896,1147,187,597,Lobules IV-V,left
598,851,2651,1146,190,545,Lobules IV-V,right
598,906,2730,1143,203,562,Lobules IV-V,right
598,1011,2054,1139,212,404,Lobules IV-V,right
598,1031,2381,1141,232,476,Lobules IV-V,right
598,1033,2071,1139,219,407,Lobules IV-V,right
598,1068,2346,1140,240,467,Lobules IV-V,right
598,1079,2027,1137,227,398,Lobules IV-V,right
598,1095,2067,1137,233,406,Lobules IV-V,right
598,1133,2042,1136,241,401,Lobules IV-V,right
598,1153,2255,1137,256,446,Lobules IV-V,right
602,1011,2285,1142,223,454,Lobules IV-V,right
602,1000,2294,1142,221,456,Lobules IV-V,right
602,524,2609,1157,93,538,Lobules IV-V,right
602,652,3265,1153,129,678,Lobules IV-V,left
602,784,2810,1147,172,579,Lobules IV-V,left
602,523,2632,1156,93,542,Lobules IV-V,right
602,548,2466,1160,96,504,Lobules IV-V,right
602,785,2863,1147,172,590,Lobules IV-V,left
602,788,2727,1147,173,561,Lobules IV-V,right
602,794,2923,1147,175,603,Lobules IV-V,left
602,825,3055,1147,183,631,Lobules IV-V,left
602,835,3377,1149,183,700,Lobules IV-V,left
602,851,2471,1146,189,502,Lobules IV-V,right
602,976,2103,1139,205,414,Lobules IV-V,right
602,1055,2244,1140,232,445,Lobules IV-V,right
602,1056,2281,1140,234,452,Lobules IV-V,right
602,1233,2021,1130,261,396,Lobules IV-V,right
602,553,2901,1151,102,598,Lobules IV-V,left
602,585,3017,1153,110,622,Lobules IV-V,left
602,797,2627,1147,174,540,Lobules IV-V,right
602,796,2803,1147,174,578,Lobules IV-V,left
602,799,2958,1147,176,611,Lobules IV-V,left
602,821,2799,1146,181,577,Lobules IV-V,left
602,823,3363,1149,180,698,Lobules IV-V,left
602,1043,3270,1142,239,679,Lobules IV-V,left
602,1071,2243,1139,236,445,Lobules IV-V,right
602,1081,2267,1139,239,449,Lobules IV-V,right
599,913,3178,1147,206,659,Lobules IV-V,left
599,651,3246,1154,129,673,Lobules IV-V,left
599,795,2770,1148,175,571,Lobules IV-V,left
599,809,2962,1147,179,611,Lobules IV-V,left
599,1029,2084,1138,218,410,Lobules IV-V,right
599,529,3071,1156,95,634,Lobules IV-V,left
599,664,3253,1154,133,675,Lobules IV-V,left
599,817,2596,1147,180,533,Lobules IV-V,right
599,978,2325,1144,218,464,Lobules IV-V,right
599,1071,3319,1143,245,689,Lobules IV-V,left
599,1293,2013,1128,274,395,Lobules IV-V,right
599,831,2884,1146,184,595,Lobules IV-V,left
599,871,2450,1147,194,497,Lobules IV-V,right
599,915,2933,1142,206,606,Lobules IV-V,left
599,919,2883,1142,206,595,Lobules IV-V,left
599,1061,2295,1140,236,456,Lobules IV-V,right
599,1159,2235,1136,256,442,Lobules IV-V,right
599,1231,2011,1131,260,394,Lobules IV-V,right
599,1234,1953,1132,259,382,Lobules IV-V,right
600,515,2772,1153,92,572,Lobules IV-V,left
600,1064,2068,1137,226,407,Lobules IV-V,right
600,796,2750,1148,175,566,Lobules IV-V,right
600,515,2923,1154,91,604,Lobules IV-V,left
600,819,3357,1150,179,696,Lobules IV-V,left
600,823,2691,1146,183,554,Lobules IV-V,right
600,990,2099,1140,209,413,Lobules IV-V,right
600,1018,2279,1142,226,453,Lobules IV-V,right
600,1033,2267,1142,229,449,Lobules IV-V,right
600,1121,3545,1142,252,736,Lobules IV-V,left
600,1186,2033,1133,252,399,Lobules IV-V,right
600,1277,2014,1129,270,395,Lobules IV-V,right
600,652,3241,1154,129,672,Lobules IV-V,left
600,839,2647,1146,187,544,Lobules IV-V,right
600,842,2696,1146,187,555,Lobules IV-V,right
600,845,2804,1146,188,578,Lobules IV-V,left
600,857,2712,1145,191,558,Lobules IV-V,right
600,877,2743,1144,196,565,Lobules IV-V,right
600,879,2899,1144,197,598,Lobules IV-V,left
600,882,3004,1144,198,621,Lobules IV-V,left
600,881,3137,1147,197,649,Lobules IV-V,left
600,950,2356,1145,212,471,Lobules IV-V,right
600,1075,3263,1141,246,678,Lobules IV-V,left
600,1087,2230,1139,239,441,Lobules IV-V,right
600,1096,2235,1139,241,442,Lobules IV-V,right
600,1115,2048,1135,237,403,Lobules IV-V,right
601,1128,2050,1135,240,403,Lobules IV-V,right
601,649,3255,1154,129,676,Lobules IV-V,left
601,810,2983,1148,179,616,Lobules IV-V,left
601,885,2428,1146,198,491,Lobules IV-V,right
601,948,3232,1147,215,670,Lobules IV-V,left
601,963,2114,1141,203,416,Lobules IV-V,right
601,1211,2029,1132,257,398,Lobules IV-V,right
601,514,2933,1154,91,606,Lobules IV-V,left
601,666,3272,1154,133,679,Lobules IV-V,left
601,684,3271,1153,140,679,Lobules IV-V,left
601,819,3021,1148,182,624,Lobules IV-V,left
601,862,3105,1147,192,643,Lobules IV-V,left
601,1014,3327,1146,231,690,Lobules IV-V,left
601,1018,2082,1138,215,409,Lobules IV-V,right
601,1048,3350,1144,240,695,Lobules IV-V,left
601,1080,2236,1140,238,442,Lobules IV-V,right
601,1117,2209,1138,245,437,Lobules IV-V,right
601,1131,2201,1137,248,435,Lobules IV-V,right
601,1159,2046,1134,247,402,Lobules IV-V,right
601,516,2782,1153,92,574,Lobules IV-V,left
601,515,2912,1153,92,600,Lobules IV-V,left
601,523,2621,1157,93,540,Lobules IV-V,right
601,526,2868,1153,95,592,Lobules IV-V,left
601,584,3008,1153,110,621,Lobules IV-V,left
601,805,2972,1148,178,613,Lobules IV-V,left
601,831,3067,1148,184,634,Lobules IV-V,left
601,843,3089,1148,188,639,Lobules IV-V,left
601,875,2439,1147,196,494,Lobules IV-V,right
601,929,2377,1145,208,477,Lobules IV-V,right
601,1035,2319,1141,231,462,Lobules IV-V,right
601,1065,2250,1140,235,446,Lobules IV-V,right
601,1077,2228,1140,237,441,Lobules IV-V,right
607,523,2850,1149,94,588,Lobules IV-V,left
607,935,3228,1144,211,670,Lobules IV-V,left
607,1024,2266,1138,225,449,Lobules IV-V,right
607,1076,2223,1136,235,440,Lobules IV-V,right
607,1101,2049,1132,232,403,Lobules IV-V,right
607,574,3245,1153,107,673,Lobules IV-V,left
607,687,3306,1150,139,686,Lobules IV-V,left
607,789,2941,1145,173,606,Lobules IV-V,left
607,789,2922,1145,173,602,Lobules IV-V,left
607,864,2704,1140,193,557,Lobules IV-V,right
607,870,2816,1141,194,580,Lobules IV-V,left
607,901,3181,1144,202,659,Lobules IV-V,left
607,954,2109,1137,199,415,Lobules IV-V,right
607,1083,2237,1136,238,442,Lobules IV-V,right
607,1229,2014,1127,259,395,Lobules IV-V,right
607,1258,1939,1127,263,378,Lobules IV-V,right
607,1375,1984,1120,289,388,Lobules IV-V,right
607,555,2894,1149,102,597,Lobules IV-V,left
607,674,3302,1150,136,685,Lobules IV-V,left
607,803,2706,1144,177,557,Lobules IV-V,right
607,814,2864,1144,180,591,Lobules IV-V,left
607,820,2679,1143,181,552,Lobules IV-V,right
607,837,2713,1142,185,559,Lobules IV-V,right
607,841,2992,1143,187,617,Lobules IV-V,left
607,861,3117,1144,192,645,Lobules IV-V,left
607,871,2727,1140,194,561,Lobules IV-V,right
607,890,2657,1139,199,546,Lobules IV-V,right
607,965,3198,1142,218,664,Lobules IV-V,left
607,977,2362,1140,217,472,Lobules IV-V,right
607,1064,2031,1132,223,399,Lobules IV-V,right
607,1120,2204,1134,245,436,Lobules IV-V,right
607,1121,2253,1134,247,447,Lobules IV-V,right
607,1138,2208,1133,249,437,Lobules IV-V,right
604,531,3082,1155,95,637,Lobules IV-V,left
604,802,2602,1146,176,534,Lobules IV-V,right
604,854,2464,1145,190,501,Lobules IV-V,right
604,873,3131,1146,196,648,Lobules IV-V,left
604,1028,2263,1140,227,449,Lobules IV-V,right
604,1088,2220,1137,239,439,Lobules IV-V,right
604,1279,2009,1127,270,394,Lobules IV-V,right
604,531,2557,1157,93,525,Lobules IV-V,right
604,553,3187,1155,101,660,Lobules IV-V,left
604,715,3306,1151,148,686,Lobules IV-V,left
604,792,2650,1146,173,545,Lobules IV-V,right
604,798,2951,1146,176,608,Lobules IV-V,left
604,804,2992,1146,177,617,Lobules IV-V,left
604,895,3165,1146,201,656,Lobules IV-V,left
604,911,2144,1142,190,422,Lobules IV-V,right
604,986,3309,1145,224,687,Lobules IV-V,left
604,996,3317,1145,226,688,Lobules IV-V,left
604,1071,2061,1134,226,405,Lobules IV-V,right
604,1118,2040,1133,237,401,Lobules IV-V,right
604,699,3298,1151,144,685,Lobules IV-V,left
604,797,2730,1146,174,562,Lobules IV-V,right
604,810,3020,1146,179,624,Lobules IV-V,left
604,817,2692,1145,180,554,Lobules IV-V,right
604,822,2847,1145,181,586,Lobules IV-V,left
604,846,2784,1144,188,574,Lobules IV-V,left
604,867,3005,1143,194,621,Lobules IV-V,left
604,889,2738,1141,199,564,Lobules IV-V,right
604,1020,2273,1140,225,452,Lobules IV-V,right
604,1051,2067,1135,221,406,Lobules IV-V,right
604,1079,2012,1133,226,394,Lobules IV-V,right
604,1101,2059,1134,233,405,Lobules IV-V,right
604,1103,2266,1136,244,449,Lobules IV-V,right
604,1109,2230,1136,244,441,Lobules IV-V,right
604,1137,1979,1132,237,388,Lobules IV-V,right
604,1151,1991,1132,241,390,Lobules IV-V,right
604,1186,1977,1131,248,386,Lobules IV-V,right
603,1065,2238,1138,234,443,Lobules IV-V,right
603,962,2333,1142,213,466,Lobules IV-V,right
603,992,2305,1141,219,459,Lobules IV-V,right
603,992,2090,1137,208,411,Lobules IV-V,right
603,1037,2258,1140,228,448,Lobules IV-V,right
603,1075,2259,1138,237,448,Lobules IV-V,right
603,519,2807,1151,93,579,Lobules IV-V,left
603,529,2569,1157,93,529,Lobules IV-V,right
603,785,2765,1146,171,570,Lobules IV-V,right
603,784,2801,1146,171,577,Lobules IV-V,left
603,786,2753,1146,171,568,Lobules IV-V,right
603,862,2454,1145,191,498,Lobules IV-V,right
603,972,2325,1142,215,464,Lobules IV-V,right
603,527,3075,1155,93,635,Lobules IV-V,left
603,699,3297,1151,144,684,Lobules IV-V,left
603,816,2993,1146,180,618,Lobules IV-V,left
603,853,2882,1143,191,594,Lobules IV-V,left
603,866,3088,1145,194,639,Lobules IV-V,left
603,912,2864,1140,204,591,Lobule III,left
603,916,3196,1146,206,663,Lobules IV-V,left
603,998,3264,1144,227,678,Lobules IV-V,left
603,1257,2017,1128,265,395,Lobules IV-V,right
606,519,2689,1153,93,555,Lobules IV-V,right
606,595,3286,1153,112,682,Lobules IV-V,left
606,538,3136,1154,97,649,Lobules IV-V,left
606,797,2960,1146,174,611,Lobules IV-V,left
606,757,3329,1149,160,691,Lobules IV-V,left
606,780,2759,1146,170,569,Lobules IV-V,right
606,921,3162,1144,207,655,Lobules IV-V,left
606,945,2536,1138,213,516,Lobule III,right
606,966,2102,1137,202,413,Lobules IV-V,right
606,1027,2042,1134,214,401,Lobules IV-V,right
606,1033,2068,1135,218,407,Lobules IV-V,right
606,1078,2052,1133,228,403,Lobules IV-V,right
606,1120,2218,1135,246,439,Lobules IV-V,right
606,516,3015,1153,91,622,Lobules IV-V,left
606,526,3071,1154,93,634,Lobules IV-V,left
606,547,2877,1150,100,593,Lobules IV-V,left
606,595,2316,1156,107,465,Lobules IV-V,right
606,638,2242,1153,120,445,Lobules IV-V,right
606,661,3293,1151,131,684,Lobules IV-V,left
606,800,2584,1146,175,531,Lobules IV-V,right
606,830,2736,1143,184,563,Lobules IV-V,right
606,882,2672,1140,197,549,Lobules IV-V,right
606,896,2713,1140,200,559,Lobules IV-V,right
606,911,2392,1143,203,481,Lobules IV-V,right
606,914,2799,1139,205,577,Lobule III,left
606,1031,2304,1139,228,459,Lobules IV-V,right
606,1059,1998,1133,220,392,Lobules IV-V,right
606,1076,2255,1137,237,447,Lobules IV-V,right
606,1079,1989,1132,225,390,Lobules IV-V,right
606,1083,2273,1136,240,451,Lobules IV-V,right
606,1090,2034,1133,229,400,Lobules IV-V,right
606,1095,2231,1136,240,441,Lobules IV-V,right
606,1166,2028,1131,246,398,Lobules IV-V,right
606,1169,2017,1130,247,395,Lobules IV-V,right
605,1264,2009,1128,267,394,Lobules IV-V,right
605,546,2473,1159,94,506,Lobules IV-V,right
605,802,2975,1146,176,614,Lobules IV-V,left
605,843,2492,1145,188,507,Lobules IV-V,right
605,983,2306,1142,218,459,Lobules IV-V,right
605,1044,2250,1139,230,446,Lobules IV-V,right
605,1207,2024,1130,255,397,Lobules IV-V,right
605,514,2927,1152,91,604,Lobules IV-V,left
605,566,3200,1155,104,663,Lobules IV-V,left
605,672,3291,1152,135,683,Lobules IV-V,left
605,776,2868,1147,169,591,Lobules IV-V,left
605,818,3044,1146,182,629,Lobules IV-V,left
605,926,3214,1146,209,667,Lobules IV-V,left
605,980,2094,1138,205,412,Lobules IV-V,right
605,1109,2205,1136,243,436,Lobules IV-V,right
605,1114,2017,1133,234,395,Lobules IV-V,right
605,1150,2041,1132,244,401,Lobules IV-V,right
605,780,2773,1146,170,572,Lobules IV-V,left
605,798,2892,1146,176,596,Lobules IV-V,left
605,856,2644,1143,191,544,Lobules IV-V,right
605,857,2796,1143,190,576,Lobules IV-V,left
605,888,2739,1141,199,564,Lobules IV-V,right
605,892,2723,1141,199,561,Lobules IV-V,right
605,950,3248,1146,215,674,Lobules IV-V,left
605,1325,1949,1125,278,380,Lobules IV-V,right
608,522,3070,1153,92,634,Lobules IV-V,left
608,589,3277,1152,111,680,Lobules IV-V,left
608,908,3188,1144,205,662,Lobules IV-V,left
608,1248,2008,1126,263,394,Lobules IV-V,right
608,914,2134,1139,190,420,Lobules IV-V,right
608,1012,2073,1134,212,408,Lobules IV-V,right
608,1134,2191,1133,247,432,Lobules IV-V,right
608,792,2802,1144,173,577,Lobules IV-V,left
608,819,2539,1144,181,520,Lobules IV-V,right
608,885,3156,1144,198,654,Lobules IV-V,left
608,932,2362,1142,206,473,Lobules IV-V,right
608,977,2311,1140,215,460,Lobules IV-V,right
608,982,3311,1144,222,687,Lobules IV-V,left
608,991,2083,1135,207,410,Lobules IV-V,right
608,1031,2252,1138,226,446,Lobules IV-V,right
608,664,3299,1150,133,685,Lobules IV-V,left
608,798,2965,1145,176,612,Lobules IV-V,left
608,804,2871,1144,177,592,Lobules IV-V,left
608,811,2678,1143,178,552,Lobules IV-V,right
608,813,2650,1143,180,545,Lobules IV-V,right
608,814,2862,1144,180,590,Lobules IV-V,left
608,826,2875,1143,183,593,Lobules IV-V,left
608,826,2891,1143,183,596,Lobules IV-V,left
608,830,2934,1143,184,605,Lobules IV-V,left
608,908,2870,1138,204,592,Lobule III,left
608,981,2036,1134,202,400,Lobules IV-V,right
608,1018,3302,1142,232,685,Lobules IV-V,left
608,1069,2012,1132,223,394,Lobules IV-V,right
608,1076,2233,1136,236,442,Lobules IV-V,right
608,1107,2287,1134,244,453,Lobules IV-V,right
608,1124,2240,1134,247,443,Lobules IV-V,right
609,970,2318,1140,214,463,Lobules IV-V,right
609,521,3048,1153,92,630,Lobules IV-V,left
609,1011,2273,1139,222,452,Lobules IV-V,right
609,773,2858,1145,168,589,Lobules IV-V,left
609,920,2128,1139,191,419,Lobules IV-V,right
609,927,3221,1144,208,668,Lobules IV-V,left
609,1044,2061,1133,220,405,Lobules IV-V,right
609,620,3222,1152,120,668,Lobules IV-V,left
609,644,3280,1151,127,681,Lobules IV-V,left
609,776,2732,1145,168,562,Lobules IV-V,right
609,794,2603,1145,174,535,Lobules IV-V,right
609,807,3024,1145,177,625,Lobules IV-V,left
609,925,2371,1142,206,476,Lobules IV-V,right
609,972,2091,1136,202,411,Lobules IV-V,right
609,995,2288,1139,219,455,Lobules IV-V,right
609,516,2905,1150,91,599,Lobules IV-V,left
609,638,2244,1152,119,446,Lobules IV-V,right
609,773,2786,1145,168,574,Lobules IV-V,left
609,799,2964,1145,176,612,Lobules IV-V,left
609,945,3176,1142,213,659,Lobules IV-V,left
609,1164,2015,1129,245,395,Lobules IV-V,right
610,1134,2036,1129,239,400,Lobules IV-V,right
610,514,2929,1150,91,605,Lobules IV-V,left
610,784,2944,1144,171,607,Lobules IV-V,left
610,988,2296,1139,218,457,Lobules IV-V,right
610,1044,2243,1136,229,445,Lobules IV-V,right
610,1124,2040,1130,237,401,Lobules IV-V,right
610,519,3057,1152,92,631,Lobules IV-V,left
610,767,2837,1144,165,584,Lobules IV-V,left
610,771,2767,1144,167,570,Lobules IV-V,right
610,805,3031,1144,177,626,Lobules IV-V,left
610,905,3446,1145,200,715,Lobules IV-V,left
610,990,3322,1142,224,689,Lobules IV-V,left
610,1031,2063,1133,216,406,Lobules IV-V,right
610,1053,2054,1132,222,404,Lobules IV-V,right
610,1467,1979,1116,310,386,Lobules IV-V,right
610,534,3041,1152,96,628,Lobules IV-V,left
610,716,2539,1149,148,521,Lobules IV-V,right
610,785,2711,1144,171,558,Lobules IV-V,right
610,797,2736,1143,174,564,Lobules IV-V,right
610,821,2647,1142,181,544,Lobules IV-V,right
610,865,2714,1139,193,559,Lobules IV-V,right
610,1248,1983,1125,262,388,Lobules IV-V,right
613,518,3020,1151,92,624,Lobules IV-V,left
613,527,2622,1152,92,540,Lobules IV-V,right
613,530,2520,1154,91,518,Lobules IV-V,right
613,992,2074,1133,206,408,Lobules IV-V,right
613,1119,2194,1132,244,434,Lobules IV-V,right
613,768,2763,1143,167,570,Lobules IV-V,right
613,773,2723,1143,168,562,Lobules IV-V,right
613,794,2982,1143,174,615,Lobules IV-V,left
613,840,2480,1142,185,505,Lobules IV-V,right
613,856,3077,1142,191,636,Lobules IV-V,left
613,939,2107,1135,195,414,Lobules IV-V,right
613,961,3281,1142,217,681,Lobules IV-V,left
613,980,2301,1138,215,458,Lobules IV-V,right
613,1003,2069,1132,210,407,Lobules IV-V,right
613,1031,2057,1131,215,404,Lobules IV-V,right
613,1072,2220,1134,233,439,Lobules IV-V,right
613,1093,2041,1129,230,401,Lobules IV-V,right
613,1101,2278,1133,242,452,Lobules IV-V,right
613,1288,1940,1123,269,378,Lobules IV-V,right
613,527,3076,1152,93,635,Lobules IV-V,left
613,681,3319,1148,137,690,Lobules IV-V,left
613,785,2857,1143,171,588,Lobules IV-V,left
613,805,2879,1142,177,594,Lobules IV-V,left
613,847,2695,1140,188,555,Lobules IV-V,right
613,854,2789,1140,190,575,Lobules IV-V,left
613,1192,1959,1127,248,383,Lobules IV-V,right
612,527,2606,1152,92,537,Lobules IV-V,right
612,877,3150,1143,196,653,Lobules IV-V,left
612,898,2138,1138,186,421,Lobules IV-V,right
612,1406,1974,1117,296,385,Lobules IV-V,right
612,783,2700,1143,171,556,Lobules IV-V,right
612,795,3000,1144,174,619,Lobules IV-V,left
612,802,2689,1142,175,554,Lobules IV-V,right
612,817,2527,1143,179,517,Lobules IV-V,right
612,862,2440,1142,190,495,Lobules IV-V,right
612,977,2083,1134,203,410,Lobules IV-V,right
612,979,2048,1132,202,403,Lobules IV-V,right
612,1063,2049,1130,223,403,Lobules IV-V,right
612,1095,3396,1137,249,704,Lobules IV-V,left
612,1109,2247,1132,243,445,Lobules IV-V,right
612,794,2779,1142,174,573,Lobules IV-V,left
612,794,2894,1143,174,597,Lobules IV-V,left
612,841,2832,1141,186,583,Lobules IV-V,left
612,913,3043,1138,206,630,Lobules IV-V,left
612,1033,2004,1130,214,394,Lobules IV-V,right
612,1097,2037,1129,230,400,Lobules IV-V,right
611,958,2328,1139,212,465,Lobules IV-V,right
611,1055,2233,1135,230,443,Lobules IV-V,right
611,791,2973,1144,173,614,Lobules IV-V,left
611,1002,2282,1137,219,453,Lobules IV-V,right
611,787,2957,1144,171,609,Lobules IV-V,left
611,798,2991,1143,176,617,Lobules IV-V,left
611,814,3059,1144,180,632,Lobules IV-V,left
611,944,2342,1139,209,468,Lobules IV-V,right
611,970,3289,1142,219,683,Lobules IV-V,left
611,1027,2260,1136,224,448,Lobules IV-V,right
611,1338,1979,1120,281,387,Lobules IV-V,right
611,517,3014,1151,90,622,Lobules IV-V,left
611,799,2789,1142,175,575,Lobules IV-V,left
611,810,2552,1143,178,523,Lobules IV-V,right
611,856,2703,1139,190,557,Lobules IV-V,right
611,900,2882,1137,201,594,Lobule III,left
611,912,3043,1138,205,630,Lobules IV-V,left
611,933,3236,1142,211,671,Lobules IV-V,left
611,1006,3266,1140,228,678,Lobules IV-V,left
611,1019,2363,1135,227,473,Lobule III,right
611,1124,2223,1132,246,440,Lobules IV-V,right
611,1130,2213,1132,247,438,Lobules IV-V,right
611,1174,2012,1127,247,394,Lobules IV-V,right
614,862,3132,1142,192,648,Lobules IV-V,left
614,1255,1997,1123,263,390,Lobules IV-V,right
614,787,2965,1143,171,612,Lobules IV-V,left
614,975,3313,1141,220,688,Lobules IV-V,left
614,1266,1997,1123,265,390,Lobules IV-V,right
614,786,2596,1143,170,533,Lobules IV-V,right
614,830,2491,1142,183,508,Lobules IV-V,right
614,917,2119,1136,189,417,Lobules IV-V,right
614,959,2316,1138,211,462,Lobules IV-V,right
614,1019,2057,1130,212,404,Lobules IV-V,right
614,529,3077,1151,94,635,Lobules IV-V,left
614,559,2467,1154,97,504,Lobules IV-V,right
614,786,3368,1145,168,700,Lobules IV-V,left
614,843,2815,1139,187,580,Lobules IV-V,left
614,844,3024,1141,188,625,Lobules IV-V,left
614,879,2728,1137,196,562,Lobules IV-V,right
614,891,3445,1144,196,716,Lobules IV-V,left
614,975,3240,1140,221,673,Lobules IV-V,left
614,975,2015,1131,199,395,Lobules IV-V,right
614,986,2378,1136,220,477,Lobules IV-V,right
614,1031,1995,1129,212,391,Lobules IV-V,right
614,1033,2297,1135,228,457,Lobules IV-V,right
614,1062,2226,1134,231,440,Lobules IV-V,right
614,1081,2297,1132,238,456,Lobules IV-V,right
614,1151,2024,1127,242,397,Lobules IV-V,right
614,1175,2011,1126,246,394,Lobules IV-V,right
614,1294,1969,1122,271,385,Lobules IV-V,right
615,817,3078,1142,179,637,Lobules IV-V,left
615,768,2747,1142,166,566,Lobules IV-V,right
615,790,2986,1142,172,616,Lobules IV-V,left
615,810,2803,1140,178,578,Lobules IV-V,left
615,919,3219,1141,207,668,Lobules IV-V,left
615,923,2361,1138,204,474,Lobules IV-V,right
615,940,2343,1137,207,470,Lobules IV-V,right
615,950,2097,1133,196,412,Lobules IV-V,right
615,963,2090,1132,200,411,Lobules IV-V,right
615,1009,2268,1135,221,451,Lobules IV-V,right
615,1022,2257,1134,222,447,Lobules IV-V,right
615,1099,2036,1127,230,400,Lobules IV-V,right
615,1120,2032,1127,235,399,Lobules IV-V,right
615,660,3312,1147,131,688,Lobules IV-V,left
615,690,3329,1146,140,692,Lobules IV-V,left
615,771,3361,1145,163,698,Lobules IV-V,left
615,864,2804,1137,192,578,Lobules IV-V,left
615,972,2082,1132,201,409,Lobules IV-V,right
615,1001,3310,1139,226,687,Lobules IV-V,left
615,1038,2053,1129,217,404,Lobules IV-V,right
616,1225,2004,1123,257,393,Lobules IV-V,right
616,776,2947,1142,168,607,Lobules IV-V,left
616,984,3322,1140,223,689,Lobules IV-V,left
616,551,3177,1150,99,658,Lobules IV-V,left
616,566,3223,1150,103,669,Lobules IV-V,left
616,791,2994,1142,172,618,Lobules IV-V,left
616,911,3208,1141,204,666,Lobules IV-V,left
616,982,2076,1131,203,408,Lobules IV-V,right
616,1034,2244,1134,225,445,Lobules IV-V,right
616,1041,2238,1133,226,444,Lobules IV-V,right
616,1073,1978,1127,222,388,Lobules IV-V,right
616,1107,2274,1130,243,451,Lobules IV-V,right
616,1173,1967,1125,244,384,Lobules IV-V,right
616,516,3057,1150,90,631,Lobules IV-V,left
616,782,2970,1142,169,613,Lobules IV-V,left
616,789,3002,1142,172,619,Lobules IV-V,left
616,815,2512,1141,178,513,Lobules IV-V,right
616,974,3221,1139,220,668,Lobules IV-V,left
616,1008,3343,1139,229,694,Lobules IV-V,left
616,1019,3284,1138,231,682,Lobules IV-V,left
616,1084,2250,1132,237,446,Lobules IV-V,right
616,1090,2240,1131,238,444,Lobules IV-V,right
620,643,2236,1145,119,444,Lobules IV-V,right
620,925,3232,1139,208,670,Lobules IV-V,left
620,929,2347,1136,204,470,Lobules IV-V,right
620,982,2290,1134,214,456,Lobules IV-V,right
620,528,3073,1148,94,635,Lobules IV-V,left
620,959,2089,1130,198,411,Lobules IV-V,right
620,1227,3605,1128,273,747,Lobules IV-V,left
620,522,2689,1147,91,555,Lobules IV-V,right
620,522,2803,1145,92,579,Lobules IV-V,left
620,785,3378,1143,167,702,Lobules IV-V,left
620,837,3103,1140,185,642,Lobules IV-V,left
620,925,2355,1136,203,472,Lobules IV-V,right
620,972,2075,1129,200,408,Lobules IV-V,right
620,1040,2020,1126,215,397,Lobules IV-V,right
620,1069,2273,1130,234,452,Lobules IV-V,right
620,1083,1974,1125,224,387,Lobules IV-V,right
620,1202,2004,1122,251,393,Lobules IV-V,right
620,520,2791,1145,92,576,Lobules IV-V,left
620,549,3174,1149,99,658,Lobules IV-V,left
620,758,2743,1140,163,566,Lobules IV-V,right
620,759,2849,1141,163,587,Lobules IV-V,left
620,769,2940,1141,166,606,Lobules IV-V,left
620,777,2687,1140,167,553,Lobules IV-V,right
620,778,2705,1140,169,558,Lobules IV-V,right
620,821,2662,1137,180,548,Lobules IV-V,right
620,1096,2266,1129,240,449,Lobules IV-V,right
620,1132,1953,1124,233,382,Lobules IV-V,right
620,1143,1949,1124,236,381,Lobules IV-V,right
617,1000,2275,1135,219,452,Lobules IV-V,right
617,521,2686,1149,92,554,Lobules IV-V,right
617,1099,2199,1131,239,435,Lobules IV-V,right
617,1123,2189,1130,244,433,Lobules IV-V,right
617,600,3297,1148,113,685,Lobules IV-V,left
617,757,2846,1142,162,586,Lobules IV-V,left
617,775,2621,1142,167,539,Lobules IV-V,right
617,786,2979,1142,171,615,Lobules IV-V,left
617,794,3008,1142,174,621,Lobules IV-V,left
617,846,3114,1142,187,645,Lobules IV-V,left
617,953,2323,1137,210,464,Lobules IV-V,right
617,978,2408,1134,219,485,Lobule III,right
617,989,2009,1129,203,394,Lobules IV-V,right
617,992,2282,1136,216,453,Lobules IV-V,right
617,1017,3352,1139,230,695,Lobules IV-V,left
617,1028,2250,1134,225,446,Lobules IV-V,right
617,525,2815,1146,94,581,Lobules IV-V,left
617,576,2886,1146,107,595,Lobules IV-V,left
617,581,3113,1149,108,644,Lobules IV-V,left
617,592,2958,1147,111,610,Lobules IV-V,left
617,949,2332,1137,209,466,Lobules IV-V,right
617,1088,2206,1131,237,436,Lobules IV-V,right
617,1088,2268,1131,239,450,Lobules IV-V,right
617,1160,2189,1128,252,433,Lobules IV-V,right
618,954,3275,1140,215,680,Lobules IV-V,left
618,779,2605,1141,168,536,Lobules IV-V,right
618,800,2558,1140,174,525,Lobules IV-V,right
618,962,2310,1136,210,461,Lobules IV-V,right
618,589,2979,1146,110,615,Lobules IV-V,left
618,754,2876,1142,162,593,Lobules IV-V,left
618,865,3142,1141,193,650,Lobules IV-V,left
618,911,3215,1140,204,667,Lobules IV-V,left
618,969,2018,1129,198,396,Lobules IV-V,right
618,1047,2232,1132,227,442,Lobules IV-V,right
618,1394,1960,1115,292,382,Lobules IV-V,right
618,538,3048,1149,97,630,Lobules IV-V,left
618,556,2902,1146,101,598,Lobules IV-V,left
618,651,3308,1146,127,688,Lobules IV-V,left
618,669,3323,1146,133,691,Lobules IV-V,left
618,761,2758,1141,163,569,Lobules IV-V,right
618,771,2698,1141,166,557,Lobules IV-V,right
618,778,2662,1141,169,548,Lobules IV-V,right
618,781,2871,1141,169,592,Lobules IV-V,left
618,998,2017,1128,205,396,Lobules IV-V,right
618,1009,2005,1128,207,394,Lobules IV-V,right
618,1012,2261,1134,220,449,Lobules IV-V,right
618,1047,1997,1127,215,391,Lobules IV-V,right
618,1243,1998,1121,260,391,Lobules IV-V,right
627,529,2844,1142,94,587,Lobules IV-V,left
627,1021,2047,1123,211,402,Lobules IV-V,right
627,552,3113,1145,99,644,Lobules IV-V,left
627,933,3257,1136,210,675,Lobules IV-V,left
627,568,3229,1145,104,670,Lobules IV-V,left
627,589,3275,1144,109,680,Lobules IV-V,left
627,844,3119,1137,187,646,Lobules IV-V,left
627,848,3128,1137,188,648,Lobules IV-V,left
627,941,3267,1136,211,678,Lobules IV-V,left
627,1021,3363,1133,230,698,Lobules IV-V,left
627,1066,2212,1126,229,438,Lobules IV-V,right
627,593,2952,1142,111,608,Lobules IV-V,left
627,887,3184,1137,197,660,Lobules IV-V,left
627,915,2355,1133,200,473,Lobules IV-V,right
627,926,2338,1132,202,469,Lobules IV-V,right
627,969,2297,1130,211,458,Lobules IV-V,right
627,975,2290,1130,212,456,Lobules IV-V,right
627,1005,2262,1129,217,449,Lobules IV-V,right
627,1183,1994,1119,246,391,Lobules IV-V,right
627,1358,1949,1112,282,380,Lobules IV-V,right
627,534,3080,1145,95,637,Lobules IV-V,left
627,539,2537,1146,92,521,Lobules IV-V,right
627,760,2891,1138,163,596,Lobules IV-V,left
627,766,2917,1138,164,601,Lobules IV-V,left
627,790,3031,1138,172,626,Lobules IV-V,left
627,926,2103,1128,189,414,Lobules IV-V,right
627,982,3292,1134,221,683,Lobules IV-V,left
627,990,2369,1129,219,476,Lobule III,right
627,1023,2281,1128,223,454,Lobules IV-V,right
627,1036,1989,1122,212,390,Lobules IV-V,right
627,1039,2230,1127,224,442,Lobules IV-V,right
627,1079,2220,1126,233,440,Lobules IV-V,right
627,1087,2241,1125,235,444,Lobules IV-V,right
627,1125,2186,1123,242,432,Lobules IV-V,right
627,1328,1953,1113,276,381,Lobules IV-V,right
621,551,3186,1149,99,660,Lobules IV-V,left
621,1047,2043,1127,218,402,Lobules IV-V,right
621,762,2921,1141,163,602,Lobules IV-V,left
621,1052,2227,1131,228,441,Lobules IV-V,right
621,1323,1969,1117,276,384,Lobules IV-V,right
621,781,2983,1141,169,616,Lobules IV-V,left
621,784,2990,1141,171,617,Lobules IV-V,left
621,795,3031,1141,174,626,Lobules IV-V,left
621,952,2318,1135,208,463,Lobules IV-V,right
621,1029,2243,1132,224,445,Lobules IV-V,right
621,1075,2035,1126,224,400,Lobules IV-V,right
621,1077,2213,1130,233,438,Lobules IV-V,right
621,1385,1958,1114,289,382,Lobules IV-V,right
621,1417,1956,1113,296,381,Lobules IV-V,right
621,772,2902,1141,166,598,Lobules IV-V,left
621,776,2851,1140,168,587,Lobules IV-V,left
621,784,2912,1140,171,600,Lobules IV-V,left
621,786,2810,1140,171,579,Lobules IV-V,left
621,821,2663,1137,180,549,Lobules IV-V,right
621,837,2718,1137,185,561,Lobules IV-V,right
621,848,2839,1136,189,586,Lobules IV-V,left
621,861,2738,1135,191,565,Lobules IV-V,right
621,885,2702,1133,197,556,Lobule III,right
621,942,2378,1135,208,479,Lobules IV-V,right
621,969,3242,1138,219,673,Lobules IV-V,left
621,975,3320,1139,220,689,Lobules IV-V,left
621,986,3225,1136,223,670,Lobules IV-V,left
621,1008,2057,1128,209,404,Lobules IV-V,right
621,1030,2269,1132,225,451,Lobules IV-V,right
621,1054,2259,1131,230,449,Lobules IV-V,right
621,1102,1995,1125,228,391,Lobules IV-V,right
621,1295,1951,1119,269,380,Lobules IV-V,right
619,543,3148,1149,98,652,Lobules IV-V,left
619,585,3272,1147,109,679,Lobules IV-V,left
619,941,2334,1136,206,467,Lobules IV-V,right
619,544,3158,1149,98,654,Lobules IV-V,left
619,861,2861,1136,191,590,Lobules IV-V,left
619,870,3150,1140,194,653,Lobules IV-V,left
619,945,2097,1131,195,412,Lobules IV-V,right
619,965,3295,1139,218,684,Lobules IV-V,left
619,969,3313,1139,219,688,Lobules IV-V,left
619,978,2297,1134,214,457,Lobules IV-V,right
619,1302,1980,1118,271,387,Lobules IV-V,right
619,755,2890,1141,162,596,Lobules IV-V,left
619,760,2744,1140,163,566,Lobules IV-V,right
619,771,2709,1140,166,559,Lobules IV-V,right
619,840,3026,1138,186,625,Lobules IV-V,left
619,969,2307,1134,212,460,Lobules IV-V,right
626,523,2799,1143,93,578,Lobules IV-V,left
626,581,3259,1145,107,677,Lobules IV-V,left
626,527,2634,1146,91,544,Lobules IV-V,right
626,600,3294,1144,112,685,Lobules IV-V,left
626,815,2501,1137,177,511,Lobules IV-V,right
626,1033,2235,1128,224,443,Lobules IV-V,right
626,585,3270,1145,108,679,Lobules IV-V,left
626,719,3356,1142,148,698,Lobules IV-V,left
626,783,3001,1139,170,619,Lobules IV-V,left
626,806,2517,1137,174,515,Lobules IV-V,right
626,902,3204,1137,201,665,Lobules IV-V,left
626,966,3312,1136,217,687,Lobules IV-V,left
626,999,2269,1130,217,451,Lobules IV-V,right
626,1157,2006,1121,240,393,Lobules IV-V,right
626,766,2623,1138,163,541,Lobules IV-V,right
626,790,3025,1139,172,625,Lobules IV-V,left
626,816,2635,1135,178,543,Lobules IV-V,right
626,925,2409,1132,205,487,Lobules IV-V,right
626,959,2081,1127,197,409,Lobules IV-V,right
626,1039,2288,1128,227,456,Lobules IV-V,right
626,1059,2301,1127,232,458,Lobules IV-V,right
626,1121,1990,1121,232,390,Lobules IV-V,right
622,1093,2198,1128,237,435,Lobules IV-V,right
622,1211,1999,1121,252,392,Lobules IV-V,right
622,557,3197,1148,100,662,Lobules IV-V,left
622,1084,2031,1124,226,399,Lobules IV-V,right
622,1143,2175,1126,247,430,Lobules IV-V,right
622,1043,2259,1130,228,449,Lobules IV-V,right
622,1060,1980,1125,218,388,Lobules IV-V,right
622,525,2995,1147,93,618,Lobules IV-V,left
622,774,2723,1139,167,562,Lobules IV-V,right
622,782,2885,1139,169,595,Lobules IV-V,left
622,786,2718,1138,170,561,Lobules IV-V,right
622,796,2849,1138,173,588,Lobules IV-V,left
622,798,2705,1138,175,558,Lobules IV-V,right
622,860,2688,1134,191,554,Lobules IV-V,right
622,877,2881,1134,195,594,Lobule III,left
622,958,2313,1134,210,462,Lobules IV-V,right
622,961,3216,1137,216,667,Lobules IV-V,left
622,997,3271,1136,225,679,Lobules IV-V,left
622,1013,2046,1126,210,402,Lobules IV-V,right
622,1025,2274,1131,224,452,Lobules IV-V,right
622,1107,2232,1128,240,442,Lobules IV-V,right
622,1136,2220,1126,247,439,Lobules IV-V,right
622,1159,2195,1125,251,434,Lobules IV-V,right
622,1289,1939,1118,268,378,Lobules IV-V,right
623,757,2763,1139,161,570,Lobules IV-V,right
623,1186,2006,1121,247,393,Lobules IV-V,right
623,755,2790,1139,161,575,Lobules IV-V,left
623,756,2743,1139,161,566,Lobules IV-V,right
623,859,3137,1138,191,649,Lobules IV-V,left
623,915,3222,1138,205,668,Lobules IV-V,left
623,1082,2205,1128,233,436,Lobules IV-V,right
623,773,2948,1139,168,608,Lobules IV-V,left
623,809,2818,1137,178,581,Lobules IV-V,left
623,837,2460,1137,182,501,Lobules IV-V,right
623,879,3054,1135,197,632,Lobules IV-V,left
623,945,2387,1133,209,480,Lobules IV-V,right
623,947,3267,1137,212,678,Lobules IV-V,left
623,1066,1975,1124,219,387,Lobules IV-V,right
623,1103,1963,1123,228,384,Lobules IV-V,right
623,1166,2010,1121,243,394,Lobules IV-V,right
623,547,2881,1144,98,594,Lobules IV-V,left
623,777,2830,1138,167,583,Lobules IV-V,left
623,800,2657,1137,174,547,Lobules IV-V,right
623,814,2804,1136,179,578,Lobules IV-V,left
623,1010,3264,1134,228,678,Lobules IV-V,left
623,1086,2225,1127,235,441,Lobules IV-V,right
623,1096,2224,1127,237,441,Lobules IV-V,right
623,1099,2269,1127,240,451,Lobules IV-V,right
623,1111,2207,1126,240,436,Lobules IV-V,right
624,776,2962,1139,168,611,Lobules IV-V,left
624,986,2282,1132,214,454,Lobules IV-V,right
624,797,3037,1139,173,627,Lobules IV-V,left
624,817,2944,1137,179,608,Lobules IV-V,left
624,849,2778,1134,188,573,Lobules IV-V,left
624,894,3011,1132,200,622,Lobule III,left
624,915,2113,1130,187,416,Lobules IV-V,right
624,916,2360,1135,201,474,Lobules IV-V,right
624,939,2328,1134,205,466,Lobules IV-V,right
624,975,3238,1136,220,673,Lobules IV-V,left
624,1006,3349,1136,227,695,Lobules IV-V,left
624,1025,3299,1134,232,685,Lobules IV-V,left
624,1089,2253,1127,238,447,Lobules IV-V,right
624,1375,1955,1113,286,381,Lobules IV-V,right
624,551,2989,1145,99,617,Lobules IV-V,left
624,761,2798,1139,163,577,Lobules IV-V,left
624,774,2927,1139,168,603,Lobules IV-V,left
624,807,2516,1138,174,515,Lobules IV-V,right
624,832,2724,1135,183,562,Lobules IV-V,right
624,874,2867,1133,195,591,Lobule III,left
624,934,2339,1134,205,469,Lobules IV-V,right
624,946,2093,1129,194,412,Lobules IV-V,right
624,1109,2018,1123,231,397,Lobules IV-V,right
624,1125,2199,1126,243,435,Lobules IV-V,right
624,1172,2204,1124,253,436,Lobules IV-V,right
628,522,2731,1143,91,564,Lobules IV-V,right
628,748,2854,1138,160,589,Lobules IV-V,left
628,1044,2225,1127,225,441,Lobules IV-V,right
628,919,2108,1128,188,415,Lobules IV-V,right
628,991,3305,1134,223,686,Lobules IV-V,left
628,1177,2006,1119,244,393,Lobules IV-V,right
628,540,2538,1146,92,523,Lobules IV-V,right
628,614,3236,1144,117,671,Lobules IV-V,left
628,768,2818,1137,166,581,Lobules IV-V,left
628,780,2677,1136,168,552,Lobules IV-V,right
628,938,2321,1132,204,464,Lobules IV-V,right
628,973,2072,1125,200,407,Lobules IV-V,right
628,985,2065,1125,203,406,Lobules IV-V,right
628,1052,2258,1127,228,449,Lobules IV-V,right
628,1131,2192,1123,243,433,Lobules IV-V,right
639,536,2582,1140,90,532,Lobules IV-V,right
639,531,2631,1140,90,543,Lobules IV-V,right
639,598,3287,1139,111,683,Lobules IV-V,left
639,551,3108,1141,98,643,Lobules IV-V,left
639,569,3225,1140,103,669,Lobules IV-V,left
639,558,3194,1140,101,662,Lobules IV-V,left
639,781,3021,1134,168,624,Lobules IV-V,left
639,528,2683,1139,91,555,Lobules IV-V,right
639,556,3122,1141,100,646,Lobules IV-V,left
639,976,3331,1130,218,691,Lobules IV-V,left
639,1059,2197,1120,226,435,Lobules IV-V,right
639,523,3071,1141,92,635,Lobules IV-V,left
639,540,2530,1141,90,521,Lobules IV-V,right
639,573,3215,1140,105,667,Lobules IV-V,left
639,811,2459,1131,173,502,Lobules IV-V,right
639,812,3035,1132,177,627,Lobules IV-V,left
639,968,2255,1124,207,449,Lobules IV-V,right
639,1042,2265,1121,224,451,Lobules IV-V,right
639,1094,2258,1119,237,449,Lobules IV-V,right
639,1162,2150,1115,247,425,Lobules IV-V,right
639,1188,1989,1112,246,390,Lobules IV-V,right
639,522,3062,1141,90,632,Lobules IV-V,left
639,767,2739,1132,163,565,Lobules IV-V,right
639,774,2804,1132,166,579,Lobules IV-V,left
639,776,2868,1132,167,592,Lobules IV-V,left
639,791,2881,1132,171,594,Lobules IV-V,left
639,798,2752,1130,174,567,Lobules IV-V,right
639,800,2893,1131,174,597,Lobules IV-V,left
639,808,2851,1130,177,588,Lobules IV-V,left
639,811,2699,1129,176,557,Lobules IV-V,right
639,981,2062,1119,200,405,Lobules IV-V,right
639,1019,2279,1122,220,455,Lobules IV-V,right
639,1046,2247,1121,225,446,Lobules IV-V,right
639,1160,1993,1113,239,391,Lobules IV-V,right
632,573,3239,1143,105,672,Lobules IV-V,left
632,564,3214,1143,102,667,Lobules IV-V,left
632,1157,2005,1117,240,393,Lobules IV-V,right
632,548,3139,1144,99,650,Lobules IV-V,left
632,942,2091,1125,192,411,Lobules IV-V,right
632,983,2273,1128,213,453,Lobules IV-V,right
632,1054,2216,1124,227,439,Lobules IV-V,right
632,1139,2009,1118,237,394,Lobules IV-V,right
632,880,3179,1135,196,659,Lobules IV-V,left
632,1024,2235,1126,220,444,Lobules IV-V,right
632,1054,1977,1120,216,387,Lobules IV-V,right
632,1169,2002,1117,243,392,Lobules IV-V,right
632,1174,1932,1118,241,376,Lobules IV-V,right
632,750,2762,1136,159,569,Lobules IV-V,right
632,764,2694,1135,163,556,Lobules IV-V,right
632,773,2905,1136,167,599,Lobules IV-V,left
632,788,2839,1135,172,586,Lobules IV-V,left
632,822,2720,1132,180,561,Lobules IV-V,right
632,1043,2213,1125,224,439,Lobules IV-V,right
632,1070,2255,1124,232,448,Lobules IV-V,right
632,1224,1987,1115,254,388,Lobules IV-V,right
632,1242,1941,1115,255,378,Lobules IV-V,right
633,543,2550,1144,93,525,Lobules IV-V,right
633,537,2527,1145,90,519,Lobules IV-V,right
633,1113,2177,1122,239,430,Lobules IV-V,right
633,1062,2031,1120,219,399,Lobules IV-V,right
633,917,2341,1131,198,469,Lobules IV-V,right
633,523,2761,1141,92,570,Lobules IV-V,right
633,547,3159,1144,97,654,Lobules IV-V,left
633,579,3252,1143,106,675,Lobules IV-V,left
633,650,3309,1141,126,688,Lobules IV-V,left
633,792,3038,1137,171,628,Lobules IV-V,left
633,909,2354,1131,198,473,Lobules IV-V,right
633,974,2287,1128,211,455,Lobules IV-V,right
633,1033,2231,1125,223,442,Lobules IV-V,right
633,1038,1987,1120,212,389,Lobules IV-V,right
633,1062,2210,1124,228,438,Lobules IV-V,right
633,544,3092,1144,97,639,Lobules IV-V,left
633,547,3099,1144,97,641,Lobules IV-V,left
633,576,3102,1143,105,641,Lobules IV-V,left
633,667,2210,1137,122,438,Lobules IV-V,right
633,774,2983,1137,167,616,Lobules IV-V,left
633,924,2329,1130,201,467,Lobules IV-V,right
633,939,2313,1130,204,463,Lobules IV-V,right
633,1038,2297,1125,227,457,Lobules IV-V,right
633,1044,2213,1125,224,439,Lobules IV-V,right
630,961,2302,1130,208,459,Lobules IV-V,right
630,518,3062,1145,91,632,Lobules IV-V,left
630,550,3165,1145,99,655,Lobules IV-V,left
630,565,3221,1144,103,668,Lobules IV-V,left
630,1066,3563,1131,235,741,Lobules IV-V,left
630,1085,2197,1124,233,434,Lobules IV-V,right
630,1093,2191,1124,235,433,Lobules IV-V,right
630,1101,2186,1123,236,432,Lobules IV-V,right
630,522,3070,1145,91,634,Lobules IV-V,left
630,545,3146,1145,97,651,Lobules IV-V,left
630,774,2978,1137,167,615,Lobules IV-V,left
630,801,2787,1135,174,574,Lobules IV-V,left
630,946,2311,1130,205,462,Lobules IV-V,right
630,997,2259,1128,215,449,Lobules IV-V,right
630,1013,2049,1122,209,403,Lobules IV-V,right
630,1014,2247,1127,219,446,Lobules IV-V,right
630,1018,3268,1131,230,679,Lobules IV-V,left
630,1062,2246,1125,229,446,Lobules IV-V,right
630,1070,2285,1125,233,455,Lobules IV-V,right
630,1129,2193,1122,243,434,Lobules IV-V,right
630,1189,1997,1117,247,391,Lobules IV-V,right
630,1300,1964,1113,269,383,Lobules IV-V,right
630,532,3081,1145,93,637,Lobules IV-V,left
630,540,2538,1145,92,523,Lobules IV-V,right
630,770,2605,1136,164,536,Lobules IV-V,right
630,775,2812,1136,167,579,Lobules IV-V,left
630,861,3037,1133,191,627,Lobules IV-V,left
630,887,3191,1136,197,661,Lobules IV-V,left
630,962,2074,1125,196,408,Lobules IV-V,right
630,1060,2269,1125,231,451,Lobules IV-V,right
630,1108,2012,1120,230,394,Lobules IV-V,right
630,1227,1973,1116,254,386,Lobules IV-V,right
631,559,3201,1144,101,663,Lobules IV-V,left
631,1123,2175,1121,241,430,Lobules IV-V,right
631,1105,3417,1127,248,709,Lobules IV-V,left
631,1128,2014,1118,235,396,Lobules IV-V,right
631,1285,1967,1113,266,383,Lobules IV-V,right
631,768,2963,1137,165,612,Lobules IV-V,left
631,856,3140,1135,189,650,Lobules IV-V,left
631,954,2083,1124,195,410,Lobules IV-V,right
631,1211,1989,1116,251,389,Lobules IV-V,right
631,1235,2130,1116,263,420,Lobules IV-V,right
631,547,3158,1144,97,654,Lobules IV-V,left
631,749,2761,1136,159,569,Lobules IV-V,right
631,774,2885,1136,167,595,Lobules IV-V,left
631,784,2852,1135,170,588,Lobules IV-V,left
631,795,2739,1134,173,565,Lobules IV-V,right
631,990,2339,1127,217,469,Lobules IV-V,right
631,1001,3266,1131,225,678,Lobules IV-V,left
631,1014,2324,1126,222,465,Lobules IV-V,right
631,1023,2284,1126,223,455,Lobules IV-V,right
631,1025,1991,1120,209,390,Lobules IV-V,right
631,1042,3307,1129,235,686,Lobules IV-V,left
631,1057,2262,1125,229,449,Lobules IV-V,right
631,1073,2278,1124,234,454,Lobules IV-V,right
631,1090,2220,1123,235,440,Lobules IV-V,right
631,1207,2157,1118,258,425,Lobules IV-V,right
629,893,3195,1136,200,662,Lobules IV-V,left
629,1025,2240,1128,221,445,Lobules IV-V,right
629,759,2851,1137,163,588,Lobules IV-V,left
629,797,2956,1137,173,610,Lobules IV-V,left
629,921,3230,1136,206,670,Lobules IV-V,left
629,1081,2004,1121,223,394,Lobules IV-V,right
629,1628,1703,1101,344,326,Simple lobule,right
629,522,2785,1142,91,575,Lobules IV-V,left
629,523,2718,1143,92,562,Lobules IV-V,right
629,550,3130,1145,99,648,Lobules IV-V,left
629,575,3209,1145,105,666,Lobules IV-V,left
629,751,2905,1138,160,599,Lobules IV-V,left
629,762,2642,1137,162,544,Lobules IV-V,right
629,770,2734,1137,165,564,Lobules IV-V,right
629,786,2695,1136,170,556,Lobules IV-V,right
629,788,2981,1137,172,615,Lobules IV-V,left
629,795,2871,1136,173,592,Lobules IV-V,left
629,859,2951,1132,191,609,Lobules IV-V,left
629,863,2877,1132,192,593,Lobule III,left
629,933,2329,1132,204,467,Lobules IV-V,right
629,984,2065,1125,203,406,Lobules IV-V,right
629,997,2365,1129,220,474,Lobule III,right
629,1028,3293,1132,233,684,Lobules IV-V,left
629,1038,2293,1127,227,457,Lobules IV-V,right
629,1137,1989,1120,235,390,Lobules IV-V,right
629,1166,1995,1119,242,391,Lobules IV-V,right
629,1174,1972,1119,243,385,Lobules IV-V,right
638,554,3180,1141,100,659,Lobules IV-V,left
638,578,3247,1140,106,674,Lobules IV-V,left
638,768,2603,1133,163,537,Lobules IV-V,right
638,1239,1976,1112,256,386,Lobules IV-V,right
638,551,3165,1142,98,655,Lobules IV-V,left
638,906,3231,1132,202,670,Lobules IV-V,left
638,908,2330,1128,196,467,Lobules IV-V,right
638,948,2284,1126,204,456,Lobules IV-V,right
638,1012,2047,1118,207,402,Lobules IV-V,right
638,821,2877,1131,180,593,Lobules IV-V,left
638,970,3216,1129,218,667,Lobules IV-V,left
638,1027,2039,1118,211,401,Lobules IV-V,right
638,1050,2253,1122,226,448,Lobules IV-V,right
638,1064,2218,1121,228,440,Lobules IV-V,right
638,1095,2018,1116,226,397,Lobules IV-V,right
638,1144,2189,1117,245,433,Lobules IV-V,right
638,1174,1994,1114,243,391,Lobules IV-V,right
638,1211,2135,1114,257,421,Lobules IV-V,right
638,552,3172,1142,98,657,Lobules IV-V,left
638,561,2919,1139,101,602,Lobules IV-V,left
638,562,3204,1141,101,664,Lobules IV-V,left
638,748,2802,1134,159,577,Lobules IV-V,left
638,758,2876,1134,162,593,Lobules IV-V,left
638,797,2919,1132,173,602,Lobules IV-V,left
638,1036,2035,1118,213,400,Lobules IV-V,right
638,1082,1963,1116,220,385,Lobules IV-V,right
638,1120,2194,1118,240,435,Lobules IV-V,right
638,1124,1982,1115,231,388,Lobules IV-V,right
638,1215,1980,1113,251,387,Lobules IV-V,right
638,1235,1946,1112,254,379,Lobules IV-V,right
638,1290,1958,1110,266,382,Lobules IV-V,right
638,1385,1928,1106,287,375,Lobules IV-V,right
644,592,3272,1138,108,679,Lobules IV-V,left
644,527,2759,1137,91,570,Lobules IV-V,right
644,859,2283,1126,179,456,Lobules IV-V,right
644,1117,2006,1112,229,393,Lobules IV-V,right
644,532,2994,1139,93,619,Lobules IV-V,left
644,535,2814,1136,94,581,Lobules IV-V,left
644,763,2929,1132,163,604,Lobules IV-V,left
644,856,2696,1124,189,556,Lobule III,right
644,878,3211,1131,195,666,Lobules IV-V,left
644,933,2225,1122,196,442,Lobules IV-V,right
644,988,3350,1127,221,695,Lobules IV-V,left
644,1027,3379,1126,229,702,Lobules IV-V,left
644,1275,1959,1107,262,382,Lobules IV-V,right
644,1317,1931,1106,270,375,Lobules IV-V,right
644,529,2681,1137,91,554,Lobules IV-V,right
644,747,2815,1131,157,581,Lobules IV-V,left
644,766,2749,1130,163,568,Lobules IV-V,right
644,767,2960,1132,163,611,Lobules IV-V,left
644,772,2975,1132,165,614,Lobules IV-V,left
644,914,2244,1124,191,446,Lobules IV-V,right
644,1427,1842,1103,295,355,Lobules IV-V,right
634,1044,2035,1119,216,400,Lobules IV-V,right
634,1249,1976,1113,258,386,Lobules IV-V,right
634,771,2969,1136,165,613,Lobules IV-V,left
634,1126,1950,1117,230,381,Lobules IV-V,right
634,1323,1952,1110,274,380,Lobules IV-V,right
634,665,2212,1136,122,438,Lobules IV-V,right
634,669,2206,1136,123,437,Lobules IV-V,right
634,752,2838,1135,159,586,Lobules IV-V,left
634,759,2638,1135,161,544,Lobules IV-V,right
634,825,2178,1130,165,430,Lobules IV-V,right
634,906,3225,1134,202,669,Lobules IV-V,left
634,956,2293,1128,206,458,Lobules IV-V,right
634,977,2280,1127,210,454,Lobules IV-V,right
634,1001,2051,1121,205,403,Lobules IV-V,right
634,1036,2226,1124,222,441,Lobules IV-V,right
634,1048,1979,1119,214,388,Lobules IV-V,right
634,1083,2022,1118,224,397,Lobules IV-V,right
634,1095,1961,1118,224,383,Lobules IV-V,right
634,551,2969,1142,99,613,Lobules IV-V,left
634,740,2832,1136,156,583,Lobules IV-V,left
634,805,2864,1133,176,591,Lobules IV-V,left
634,943,2432,1127,209,492,Lobule III,right
634,999,3272,1130,225,679,Lobules IV-V,left
634,1021,2248,1125,220,447,Lobules IV-V,right
634,1064,2242,1123,230,445,Lobules IV-V,right
636,1199,1988,1114,248,389,Lobules IV-V,right
636,759,2928,1135,162,604,Lobules IV-V,left
636,767,2854,1134,164,589,Lobules IV-V,left
636,768,2960,1135,165,611,Lobules IV-V,left
636,963,2075,1121,197,408,Lobules IV-V,right
636,968,2269,1126,208,452,Lobules IV-V,right
636,1070,2200,1121,229,436,Lobules IV-V,right
636,922,2320,1129,198,465,Lobules IV-V,right
636,940,2295,1128,202,458,Lobules IV-V,right
636,960,2284,1127,207,456,Lobules IV-V,right
636,967,2279,1126,208,455,Lobules IV-V,right
636,1009,3360,1130,227,697,Lobules IV-V,left
636,1010,2246,1124,217,446,Lobules IV-V,right
636,1025,2221,1123,219,440,Lobules IV-V,right
636,1067,3399,1127,239,706,Lobules IV-V,left
636,1086,1964,1117,222,385,Lobules IV-V,right
636,1291,1930,1111,265,375,Lobules IV-V,right
636,526,2713,1140,91,561,Lobules IV-V,right
636,609,3307,1140,114,687,Lobules IV-V,left
636,750,2853,1135,159,589,Lobules IV-V,left
636,862,2707,1128,190,558,Lobule III,right
636,875,3072,1130,195,635,Lobules IV-V,left
636,907,2337,1129,195,469,Lobules IV-V,right
636,1052,2294,1123,228,458,Lobules IV-V,right
637,529,2809,1139,93,580,Lobules IV-V,left
637,765,2942,1135,164,606,Lobules IV-V,left
637,518,3054,1143,91,631,Lobules IV-V,left
637,766,2951,1135,164,608,Lobules IV-V,left
637,1004,2231,1124,215,443,Lobules IV-V,right
637,1014,2224,1124,217,442,Lobules IV-V,right
637,1097,2177,1120,234,430,Lobules IV-V,right
637,1131,2164,1119,241,428,Lobules IV-V,right
637,870,3172,1134,193,657,Lobules IV-V,left
637,985,2305,1126,214,460,Lobules IV-V,right
637,1002,3353,1131,224,696,Lobules IV-V,left
637,1003,1997,1119,204,391,Lobules IV-V,right
637,1034,3381,1129,232,702,Lobules IV-V,left
637,1142,2004,1116,236,393,Lobules IV-V,right
637,560,3203,1142,101,664,Lobules IV-V,left
637,934,3269,1133,209,679,Lobules IV-V,left
637,1035,2004,1118,212,394,Lobules IV-V,right
637,1111,2245,1120,240,446,Lobules IV-V,right
637,1129,2002,1116,233,392,Lobules IV-V,right
637,1213,1939,1114,250,378,Lobules IV-V,right
635,534,2859,1140,95,590,Lobules IV-V,left
635,583,3259,1141,107,677,Lobules IV-V,left
635,604,3296,1140,113,685,Lobules IV-V,left
635,655,2226,1136,119,442,Lobules IV-V,right
635,969,2013,1120,196,395,Lobules IV-V,right
635,547,3157,1143,97,653,Lobules IV-V,left
635,576,3245,1141,105,674,Lobules IV-V,left
635,742,2784,1135,156,574,Lobules IV-V,left
635,756,2786,1134,160,574,Lobules IV-V,left
635,864,3160,1134,192,655,Lobules IV-V,left
635,916,2331,1129,197,467,Lobules IV-V,right
635,941,2306,1128,203,461,Lobules IV-V,right
635,948,3283,1132,213,682,Lobules IV-V,left
635,978,2269,1126,211,452,Lobules IV-V,right
635,988,2256,1125,212,449,Lobules IV-V,right
635,1055,1977,1118,215,387,Lobules IV-V,right
635,1172,2152,1117,249,425,Lobules IV-V,right
635,524,2770,1140,92,572,Lobules IV-V,left
635,750,2852,1135,159,588,Lobules IV-V,left
635,757,2811,1134,161,579,Lobules IV-V,left
635,788,2762,1132,171,569,Lobules IV-V,right
635,891,2367,1130,193,476,Lobules IV-V,right
635,942,2434,1126,208,493,Lobule III,right
635,999,3273,1129,225,680,Lobules IV-V,left
635,1145,2169,1118,245,429,Lobules IV-V,right
635,1202,2146,1116,256,423,Lobules IV-V,right
635,1215,1986,1114,251,388,Lobules IV-V,right
646,563,2461,1137,94,504,Lobules IV-V,right
646,544,2519,1138,90,519,Lobules IV-V,right
646,894,2240,1123,185,445,Lobules IV-V,right
646,1036,1985,1113,210,389,Lobules IV-V,right
646,574,3229,1137,104,670,Lobules IV-V,left
646,969,2187,1119,202,433,Lobules IV-V,right
646,994,2182,1118,209,432,Lobules IV-V,right
646,1228,1970,1108,253,385,Lobules IV-V,right
646,769,2980,1131,165,615,Lobules IV-V,left
646,902,2236,1123,187,444,Lobules IV-V,right
646,914,2220,1122,190,440,Lobules IV-V,right
646,939,3297,1128,209,684,Lobules IV-V,left
646,1043,2171,1116,220,430,Lobules IV-V,right
646,1060,2164,1116,224,429,Lobules IV-V,right
646,1151,2142,1112,243,423,Lobules IV-V,right
646,1349,1928,1104,278,375,Lobules IV-V,right
646,1393,1915,1102,288,371,Lobules IV-V,right
646,561,3127,1138,100,647,Lobules IV-V,left
646,752,2891,1131,158,596,Lobules IV-V,left
646,771,2627,1129,163,541,Lobules IV-V,right
646,781,2734,1128,167,565,Lobules IV-V,right
646,822,2701,1126,179,557,Lobules IV-V,right
646,903,2387,1124,196,482,Lobules IV-V,right
646,916,3267,1129,203,678,Lobules IV-V,left
646,972,3277,1126,217,680,Lobules IV-V,left
646,980,3284,1126,219,682,Lobules IV-V,left
646,1118,3381,1119,250,701,Lobules IV-V,left
646,1122,2227,1114,240,442,Lobules IV-V,right
646,1124,1997,1111,231,391,Lobules IV-V,right
646,1166,1939,1110,238,378,Lobules IV-V,right
640,1117,2163,1117,237,428,Lobules IV-V,right
640,1036,2210,1121,221,438,Lobules IV-V,right
640,1068,2026,1116,220,398,Lobules IV-V,right
640,565,3206,1140,102,665,Lobules IV-V,left
640,750,2814,1133,159,581,Lobules IV-V,left
640,869,3179,1132,193,659,Lobules IV-V,left
640,896,2328,1128,191,468,Lobules IV-V,right
640,929,3266,1131,208,678,Lobules IV-V,left
640,958,2078,1120,196,409,Lobules IV-V,right
640,1081,2181,1119,230,432,Lobules IV-V,right
640,1148,2154,1116,245,426,Lobules IV-V,right
640,755,2795,1132,160,577,Lobules IV-V,left
640,761,2837,1133,162,585,Lobules IV-V,left
640,770,2983,1134,165,616,Lobules IV-V,left
640,844,2878,1128,187,594,Lobules IV-V,left
640,858,2645,1125,190,545,Lobule III,right
640,1040,3330,1126,234,691,Lobules IV-V,left
640,1050,1989,1116,214,390,Lobules IV-V,right
640,1103,2245,1118,238,446,Lobules IV-V,right
645,673,2209,1130,123,439,Lobules IV-V,right
645,976,2198,1120,205,436,Lobules IV-V,right
645,570,3220,1138,103,668,Lobules IV-V,left
645,586,3259,1138,107,677,Lobules IV-V,left
645,897,3240,1131,198,672,Lobules IV-V,left
645,936,3289,1129,208,683,Lobules IV-V,left
645,964,2197,1121,202,435,Lobules IV-V,right
645,974,2209,1121,205,438,Lobules IV-V,right
645,1244,1967,1108,256,383,Lobules IV-V,right
645,551,3160,1139,98,654,Lobules IV-V,left
645,756,2665,1130,159,550,Lobules IV-V,right
645,769,2906,1131,165,599,Lobules IV-V,left
645,969,2071,1117,197,407,Lobules IV-V,right
645,986,2189,1120,207,434,Lobules IV-V,right
645,1068,1980,1113,218,388,Lobules IV-V,right
645,1119,2155,1115,237,426,Lobules IV-V,right
645,1286,1953,1107,264,381,Lobules IV-V,right
645,626,2281,1134,110,457,Lobules IV-V,right
645,750,2891,1132,159,596,Lobules IV-V,left
645,780,2735,1129,167,564,Lobules IV-V,right
645,795,2450,1131,167,499,Lobules IV-V,right
645,917,2401,1125,200,485,Lobules IV-V,right
645,962,2340,1123,208,470,Lobules IV-V,right
645,1020,2031,1115,208,399,Lobules IV-V,right
645,1035,2279,1119,223,455,Lobules IV-V,right
645,1078,1986,1113,221,389,Lobules IV-V,right
645,1161,2139,1113,246,423,Lobules IV-V,right
641,1043,2195,1120,222,435,Lobules IV-V,right
641,1055,1977,1116,215,387,Lobules IV-V,right
641,1299,1953,1108,268,381,Lobules IV-V,right
641,624,3255,1139,119,676,Lobules IV-V,left
641,767,2955,1134,163,610,Lobules IV-V,left
641,863,3174,1132,191,658,Lobules IV-V,left
641,955,2241,1124,202,445,Lobules IV-V,right
641,1031,2197,1121,219,435,Lobules IV-V,right
641,1052,2286,1121,227,456,Lobules IV-V,right
641,1099,2169,1118,234,429,Lobules IV-V,right
641,1135,2157,1116,241,426,Lobules IV-V,right
641,546,2554,1140,92,526,Lobules IV-V,right
641,656,2229,1133,118,444,Lobules IV-V,right
641,851,2362,1130,181,476,Lobules IV-V,right
641,853,3158,1133,189,655,Lobules IV-V,left
641,1000,3349,1129,224,695,Lobules IV-V,left
641,1288,1925,1109,265,374,Lobules IV-V,right
642,749,2891,1133,159,596,Lobules IV-V,left
642,874,2307,1127,184,461,Lobules IV-V,right
642,916,2267,1125,193,451,Lobules IV-V,right
642,933,3276,1130,209,680,Lobules IV-V,left
642,951,2250,1123,201,448,Lobules IV-V,right
642,1061,2187,1118,225,433,Lobules IV-V,right
642,804,2460,1131,171,502,Lobules IV-V,right
642,895,3226,1131,199,669,Lobules IV-V,left
642,952,2230,1123,200,443,Lobules IV-V,right
642,975,2217,1122,206,439,Lobules IV-V,right
642,1005,2189,1120,212,434,Lobules IV-V,right
642,1027,2306,1121,222,461,Lobules IV-V,right
642,1090,2170,1117,231,430,Lobules IV-V,right
642,1164,1993,1112,240,391,Lobules IV-V,right
642,764,2932,1133,163,604,Lobules IV-V,left
642,995,2347,1122,217,471,Lobule III,right
642,1067,2179,1118,226,432,Lobules IV-V,right
642,1084,2232,1118,233,443,Lobules IV-V,right
643,534,2614,1138,91,540,Lobules IV-V,right
643,904,3243,1130,201,673,Lobules IV-V,left
643,547,2554,1138,92,527,Lobules IV-V,right
643,576,3241,1138,104,673,Lobules IV-V,left
643,745,2873,1132,157,593,Lobules IV-V,left
643,848,2329,1128,178,468,Lobules IV-V,right
643,859,2304,1127,180,461,Lobules IV-V,right
643,869,3195,1131,192,662,Lobules IV-V,left
643,1059,2206,1118,226,437,Lobules IV-V,right
643,1147,1997,1112,236,391,Lobules IV-V,right
643,748,2799,1131,158,578,Lobules IV-V,left
643,806,3415,1134,171,712,Lobules IV-V,left
643,940,3280,1129,210,681,Lobules IV-V,left
643,953,2081,1118,194,409,Lobules IV-V,right
643,1049,2276,1118,227,454,Lobules IV-V,right
643,1064,2236,1118,228,444,Lobules IV-V,right
643,1108,1952,1113,226,381,Lobules IV-V,right
643,1155,2148,1113,245,425,Lobules IV-V,right
643,1167,2195,1114,249,435,Lobules IV-V,right
643,1438,1845,1102,299,357,Lobules IV-V,right
653,585,3248,1135,106,675,Lobules IV-V,left
653,979,2069,1113,199,407,Lobules IV-V,right
653,983,2137,1114,203,422,Lobules IV-V,right
653,993,2129,1114,205,421,Lobules IV-V,right
653,1047,2122,1112,217,419,Lobules IV-V,right
653,548,2948,1135,97,609,Lobules IV-V,left
653,752,2801,1128,158,578,Lobules IV-V,left
653,758,2931,1129,161,605,Lobules IV-V,left
653,800,2898,1126,173,598,Lobules IV-V,left
653,961,2081,1114,194,409,Lobules IV-V,right
653,963,3346,1125,214,695,Lobules IV-V,left
653,971,2137,1115,199,422,Lobules IV-V,right
653,1047,3404,1121,232,707,Lobules IV-V,left
653,1182,2115,1108,248,418,Lobules IV-V,right
653,1331,1933,1101,273,376,Lobules IV-V,right
653,797,2774,1125,172,573,Lobules IV-V,left
653,850,2659,1121,187,549,Lobule III,right
653,980,2154,1115,203,426,Lobules IV-V,right
653,994,2000,1112,200,392,Lobules IV-V,right
653,1010,2179,1115,212,432,Lobules IV-V,right
653,1038,2252,1115,222,448,Lobules IV-V,right
653,1046,2201,1114,221,437,Lobules IV-V,right
653,1198,1960,1106,245,383,Lobules IV-V,right
651,609,3297,1134,113,685,Lobules IV-V,left
651,579,3238,1135,105,673,Lobules IV-V,left
651,549,2556,1134,92,527,Lobules IV-V,right
651,601,3286,1134,110,683,Lobules IV-V,left
651,538,2858,1134,95,591,Lobules IV-V,left
651,550,3141,1136,98,650,Lobules IV-V,left
651,590,3017,1135,108,623,Lobules IV-V,left
651,923,2104,1115,186,414,Lobules IV-V,right
651,969,2155,1115,200,426,Lobules IV-V,right
651,998,2144,1114,207,424,Lobules IV-V,right
651,1024,2140,1113,213,423,Lobules IV-V,right
651,671,2276,1128,122,456,Lobules IV-V,right
651,750,2898,1129,158,598,Lobules IV-V,left
651,936,2168,1117,192,429,Lobules IV-V,right
651,1124,2131,1110,236,421,Lobules IV-V,right
651,530,2747,1134,91,567,Lobules IV-V,right
651,545,3079,1136,96,637,Lobules IV-V,left
651,548,3084,1136,97,638,Lobules IV-V,left
651,655,2240,1127,117,447,Lobules IV-V,right
651,766,2974,1129,163,614,Lobules IV-V,left
651,775,2355,1127,156,475,Lobules IV-V,right
651,787,2828,1126,169,584,Lobules IV-V,left
651,842,2247,1122,170,447,Lobules IV-V,right
651,913,2182,1118,187,431,Lobules IV-V,right
651,1180,1970,1106,241,385,Lobules IV-V,right
647,562,3198,1137,100,664,Lobules IV-V,left
647,1001,1997,1113,202,391,Lobules IV-V,right
647,1078,2152,1114,227,425,Lobules IV-V,right
647,1302,1949,1104,267,379,Lobules IV-V,right
647,635,3276,1135,121,681,Lobules IV-V,left
647,842,2892,1125,185,597,Lobules IV-V,left
647,921,2213,1121,191,439,Lobules IV-V,right
647,936,3275,1127,208,680,Lobules IV-V,left
647,958,2186,1118,200,433,Lobules IV-V,right
647,1044,2026,1112,214,398,Lobules IV-V,right
647,1076,2217,1115,229,440,Lobules IV-V,right
647,744,2838,1130,157,586,Lobules IV-V,left
647,765,2921,1130,163,602,Lobules IV-V,left
647,769,2956,1130,164,610,Lobules IV-V,left
647,784,2801,1128,169,578,Lobules IV-V,left
647,814,2878,1127,178,594,Lobules IV-V,left
647,900,2222,1121,185,440,Lobules IV-V,right
647,995,2309,1119,215,462,Lobules IV-V,right
647,1008,3271,1123,226,678,Lobules IV-V,left
647,1076,2235,1115,230,444,Lobules IV-V,right
647,1149,1990,1109,236,390,Lobules IV-V,right
647,1382,1915,1102,284,371,Lobules IV-V,right
647,1483,1893,1098,309,367,Lobules IV-V,right
648,852,2264,1124,174,451,Lobules IV-V,right
648,870,3246,1130,191,673,Lobules IV-V,left
648,975,2177,1118,203,430,Lobules IV-V,right
648,1104,2149,1113,233,425,Lobules IV-V,right
648,762,2939,1131,161,607,Lobules IV-V,left
648,990,2173,1117,207,431,Lobules IV-V,right
648,1022,2162,1116,214,427,Lobules IV-V,right
648,757,2885,1130,160,595,Lobules IV-V,left
648,871,3015,1124,193,623,Lobule III,left
648,953,3316,1127,213,688,Lobules IV-V,left
648,1005,2038,1113,205,401,Lobules IV-V,right
648,1030,2037,1113,211,400,Lobules IV-V,right
648,1093,2013,1111,225,396,Lobules IV-V,right
652,535,2632,1134,90,543,Lobules IV-V,right
652,969,2014,1112,194,395,Lobules IV-V,right
652,568,3209,1135,103,666,Lobules IV-V,left
652,922,2172,1117,188,429,Lobules IV-V,right
652,946,2162,1116,194,427,Lobules IV-V,right
652,970,2070,1113,196,407,Lobules IV-V,right
652,1036,1984,1110,209,389,Lobules IV-V,right
652,1129,1998,1108,232,392,Lobules IV-V,right
652,1155,1989,1107,237,390,Lobules IV-V,right
652,551,3155,1136,97,654,Lobules IV-V,left
652,572,3219,1135,102,668,Lobules IV-V,left
652,588,3258,1134,108,677,Lobules IV-V,left
652,765,2450,1128,156,500,Lobules IV-V,right
652,804,2261,1124,160,450,Lobules IV-V,right
652,959,3334,1125,213,693,Lobules IV-V,left
652,998,2204,1115,210,438,Lobules IV-V,right
652,1047,1978,1110,212,388,Lobules IV-V,right
652,530,2916,1135,92,602,Lobules IV-V,left
652,548,3083,1136,97,638,Lobules IV-V,left
652,558,2920,1134,100,603,Lobules IV-V,left
652,626,2287,1129,109,459,Lobules IV-V,right
652,655,2243,1127,117,449,Lobules IV-V,right
652,663,2230,1127,119,445,Lobules IV-V,right
652,910,3305,1127,201,686,Lobules IV-V,left
652,945,3192,1123,211,662,Lobules IV-V,left
652,978,2198,1116,205,436,Lobules IV-V,right
652,988,2194,1116,207,435,Lobules IV-V,right
652,993,2259,1117,212,451,Lobules IV-V,right
652,1011,3383,1123,225,703,Lobules IV-V,left
652,1031,2245,1115,219,447,Lobules IV-V,right
652,1419,1902,1098,293,368,Lobules IV-V,right
655,540,2616,1132,90,540,Lobules IV-V,right
655,560,3179,1134,100,659,Lobules IV-V,left
655,1097,2010,1107,224,395,Lobules IV-V,right
655,1221,1969,1103,249,385,Lobules IV-V,right
655,564,3195,1134,101,663,Lobules IV-V,left
655,940,2106,1113,190,415,Lobules IV-V,right
655,958,2120,1113,196,418,Lobules IV-V,right
655,980,2119,1112,201,418,Lobules IV-V,right
655,1234,1963,1103,252,383,Lobules IV-V,right
655,552,2483,1132,90,511,Lobules IV-V,right
655,562,3189,1134,100,662,Lobules IV-V,left
655,899,3322,1126,198,690,Lobules IV-V,left
655,930,2114,1114,187,417,Lobules IV-V,right
655,978,3366,1122,217,699,Lobules IV-V,left
655,1060,1973,1108,215,387,Lobules IV-V,right
655,1094,2119,1108,229,419,Lobules IV-V,right
655,1360,1919,1098,279,372,Lobules IV-V,right
655,1514,1880,1092,316,363,Lobules IV-V,right
655,775,2743,1124,165,567,Lobules IV-V,right
655,907,3317,1126,199,689,Lobules IV-V,left
655,978,2107,1112,200,415,Lobules IV-V,right
655,1022,2211,1113,215,439,Lobules IV-V,right
650,961,2169,1117,199,429,Lobules IV-V,right
650,971,2166,1117,201,428,Lobules IV-V,right
650,985,2060,1113,200,405,Lobules IV-V,right
650,994,2157,1115,207,426,Lobules IV-V,right
650,1022,2148,1114,213,425,Lobules IV-V,right
650,1163,2126,1109,245,420,Lobules IV-V,right
650,1209,1975,1107,248,386,Lobules IV-V,right
650,554,3111,1137,99,644,Lobules IV-V,left
650,739,2796,1129,155,577,Lobules IV-V,left
650,761,2619,1128,159,540,Lobules IV-V,right
650,765,2966,1130,163,612,Lobules IV-V,left
650,778,2457,1128,162,501,Lobules IV-V,right
650,918,2189,1119,189,434,Lobules IV-V,right
650,955,2080,1115,193,409,Lobules IV-V,right
650,996,2228,1117,211,443,Lobules IV-V,right
650,1137,3452,1117,252,716,Lobules IV-V,left
650,1149,2128,1110,242,421,Lobules IV-V,right
650,586,3046,1136,107,629,Lobules IV-V,left
650,765,2718,1127,162,562,Lobules IV-V,right
650,837,3208,1131,182,666,Lobules IV-V,left
650,964,2075,1114,196,408,Lobules IV-V,right
650,1055,2239,1115,225,446,Lobules IV-V,right
661,579,3224,1132,105,670,Lobules IV-V,left
661,577,2448,1129,95,502,Lobules IV-V,right
661,562,3172,1132,100,657,Lobules IV-V,left
661,765,2505,1124,157,514,Lobules IV-V,right
661,835,3314,1127,179,690,Lobules IV-V,left
661,1058,2031,1106,216,399,Lobules IV-V,right
661,566,2877,1131,100,594,Lobules IV-V,left
661,749,2863,1125,157,591,Lobules IV-V,left
661,1081,2084,1106,223,412,Lobules IV-V,right
661,541,2643,1130,90,547,Lobules IV-V,right
661,630,3325,1130,118,693,Lobules IV-V,left
661,647,2267,1124,113,455,Lobules IV-V,right
661,651,2262,1124,114,453,Lobules IV-V,right
661,664,2242,1123,118,448,Lobules IV-V,right
661,753,2969,1127,159,613,Lobules IV-V,left
661,755,2743,1124,158,567,Lobules IV-V,right
661,787,2895,1124,168,598,Lobules IV-V,left
661,962,2208,1113,199,439,Lobules IV-V,right
661,1081,1969,1105,219,386,Lobules IV-V,right
661,1151,2134,1105,241,423,Lobules IV-V,right
654,995,2071,1111,203,407,Lobules IV-V,right
654,996,3376,1122,221,701,Lobules IV-V,left
654,1120,2000,1107,229,392,Lobules IV-V,right
654,545,3021,1135,96,624,Lobules IV-V,left
654,566,3200,1135,101,664,Lobules IV-V,left
654,679,2210,1125,123,440,Lobules IV-V,right
654,753,2679,1126,158,553,Lobules IV-V,right
654,841,2920,1123,185,603,Lobules IV-V,left
654,884,3298,1127,194,686,Lobules IV-V,left
654,899,2277,1120,188,454,Lobules IV-V,right
654,968,2111,1113,198,416,Lobules IV-V,right
654,994,2001,1111,200,392,Lobules IV-V,right
654,998,2061,1111,204,405,Lobules IV-V,right
654,1023,2211,1114,216,439,Lobules IV-V,right
654,1036,3310,1119,231,687,Lobules IV-V,left
654,1046,1980,1109,212,388,Lobules IV-V,right
654,1074,1966,1108,218,385,Lobules IV-V,right
654,1397,1845,1099,286,356,Lobules IV-V,right
656,1021,2109,1110,210,417,Lobules IV-V,right
656,1385,1909,1098,284,370,Lobules IV-V,right
656,748,2893,1127,158,597,Lobules IV-V,left
656,943,3343,1124,209,695,Lobules IV-V,left
656,956,2107,1112,194,415,Lobules IV-V,right
656,1164,1985,1105,238,389,Lobules IV-V,right
656,1265,3492,1109,279,723,Lobules IV-V,left
656,922,2401,1119,199,486,Lobules IV-V,right
656,936,2127,1114,189,419,Lobules IV-V,right
656,994,2002,1110,200,392,Lobules IV-V,right
663,573,3203,1130,103,665,Lobules IV-V,left
663,568,3189,1130,102,662,Lobules IV-V,left
663,1068,2049,1104,219,404,Lobules IV-V,right
663,1077,2028,1103,219,399,Lobules IV-V,right
663,1155,1987,1101,235,389,Lobules IV-V,right
663,553,3133,1131,98,650,Lobules IV-V,left
663,566,2875,1129,100,594,Lobules IV-V,left
663,729,2420,1123,142,493,Lobules IV-V,right
663,874,3353,1124,190,699,Lobules IV-V,left
663,1110,1998,1102,226,393,Lobules IV-V,right
663,760,2683,1121,159,555,Lobules IV-V,right
663,784,2908,1122,168,601,Lobules IV-V,left
658,680,2215,1123,122,441,Lobules IV-V,right
658,555,2466,1131,90,506,Lobules IV-V,right
658,691,2201,1122,125,437,Lobules IV-V,right
658,1021,2090,1109,209,412,Lobules IV-V,right
658,1043,2099,1108,216,415,Lobules IV-V,right
658,738,2387,1126,145,484,Lobules IV-V,right
658,749,2662,1124,156,549,Lobules IV-V,right
658,756,2994,1128,159,619,Lobules IV-V,left
658,973,2017,1109,195,395,Lobules IV-V,right
658,1032,2043,1108,210,402,Lobules IV-V,right
658,722,3030,1130,147,626,Lobules IV-V,left
658,750,2839,1126,157,586,Lobules IV-V,left
658,758,2985,1127,160,616,Lobules IV-V,left
658,767,2956,1127,162,610,Lobules IV-V,left
658,829,2870,1121,182,593,Lobules IV-V,left
658,1064,1972,1107,215,386,Lobules IV-V,right
658,1064,2247,1110,227,447,Lobules IV-V,right
657,996,2097,1111,204,413,Lobules IV-V,right
657,749,2437,1127,150,496,Lobules IV-V,right
657,757,2931,1128,159,605,Lobules IV-V,left
657,810,2243,1121,161,447,Lobules IV-V,right
657,814,3277,1129,175,681,Lobules IV-V,left
657,967,2123,1113,197,419,Lobules IV-V,right
657,993,2125,1111,205,420,Lobules IV-V,right
657,1005,2085,1110,206,411,Lobules IV-V,right
657,1020,2045,1109,208,402,Lobules IV-V,right
657,1038,2037,1108,212,400,Lobules IV-V,right
657,1203,1973,1104,246,386,Lobules IV-V,right
657,1276,2104,1102,267,415,Lobules IV-V,right
657,1320,2103,1100,276,414,Lobules IV-V,right
657,533,2732,1132,91,564,Lobules IV-V,right
657,533,2722,1132,91,562,Lobules IV-V,right
657,658,2244,1125,118,449,Lobules IV-V,right
657,741,2378,1127,145,482,Lobules IV-V,right
657,757,3003,1129,159,621,Lobules IV-V,left
657,762,2974,1128,161,614,Lobules IV-V,left
657,800,3246,1130,171,674,Lobules IV-V,left
657,903,3209,1124,201,666,Lobules IV-V,left
657,1107,1954,1107,224,382,Lobules IV-V,right
657,1171,3470,1113,259,720,Lobules IV-V,left
665,537,2749,1129,91,569,Lobules IV-V,right
665,1008,1998,1105,203,392,Lobules IV-V,right
665,941,2041,1108,186,400,Lobules IV-V,right
665,680,2225,1120,122,444,Lobules IV-V,right
665,726,2443,1124,141,499,Lobules IV-V,right
665,740,3382,1127,150,706,Lobules IV-V,left
665,1098,2009,1102,224,395,Lobules IV-V,right
665,1503,1784,1089,312,344,Lobules IV-V,right
665,536,2727,1129,90,563,Lobules IV-V,right
665,554,3115,1131,98,645,Lobules IV-V,left
665,555,2529,1128,91,521,Lobules IV-V,right
665,555,3113,1131,98,645,Lobules IV-V,left
665,556,3135,1131,98,650,Lobules IV-V,left
665,595,2941,1130,108,607,Lobules IV-V,left
665,687,2214,1119,123,442,Lobules IV-V,right
665,689,2212,1119,124,440,Lobules IV-V,right
665,691,2209,1119,124,440,Lobules IV-V,right
665,692,2208,1119,124,440,Lobules IV-V,right
665,693,2207,1119,125,439,Lobules IV-V,right
665,696,2202,1119,125,438,Lobules IV-V,right
665,697,2201,1119,125,438,Lobules IV-V,right
665,705,3014,1128,142,623,Lobules IV-V,left
665,799,3014,1123,172,623,Lobules IV-V,left
665,821,2721,1118,178,562,Lobules IV-V,right
665,892,3179,1121,196,659,Lobules IV-V,left
665,994,2106,1107,203,415,Lobules IV-V,right
665,1012,2206,1109,211,439,Lobules IV-V,right
665,1017,2011,1105,205,395,Lobules IV-V,right
665,1087,2000,1103,221,393,Lobules IV-V,right
665,1345,1920,1095,274,372,Lobules IV-V,right
662,561,2459,1129,91,505,Lobules IV-V,right
662,544,2850,1130,95,589,Lobules IV-V,left
662,744,2790,1124,155,576,Lobules IV-V,left
662,557,3153,1132,98,654,Lobules IV-V,left
662,807,3299,1127,171,687,Lobules IV-V,left
662,542,2628,1129,90,544,Lobules IV-V,right
662,731,2434,1125,143,497,Lobules IV-V,right
662,984,2009,1107,197,394,Lobules IV-V,right
662,1146,1944,1103,232,380,Lobules IV-V,right
662,728,2981,1127,151,615,Lobules IV-V,left
662,731,3097,1129,150,641,Lobules IV-V,left
662,748,2774,1123,157,573,Lobules IV-V,left
662,767,2932,1125,162,605,Lobules IV-V,left
662,893,2445,1117,194,498,Lobules IV-V,right
662,959,2238,1112,201,446,Lobules IV-V,right
662,960,2239,1112,201,446,Lobules IV-V,right
662,974,2014,1108,195,395,Lobules IV-V,right
662,1111,2201,1106,235,437,Lobules IV-V,right
659,952,3362,1122,210,698,Lobules IV-V,left
659,1082,3439,1115,239,714,Lobules IV-V,left
659,1095,2093,1106,227,414,Lobules IV-V,right
659,1194,1974,1102,244,386,Lobules IV-V,right
659,542,2819,1131,93,583,Lobules IV-V,left
659,634,3338,1130,119,696,Lobules IV-V,left
659,740,2438,1125,147,498,Lobules IV-V,right
659,748,2875,1126,157,593,Lobules IV-V,left
659,755,2636,1123,156,544,Lobules IV-V,right
659,761,2966,1126,160,612,Lobules IV-V,left
659,763,3213,1129,160,668,Lobules IV-V,left
659,863,3321,1126,188,691,Lobules IV-V,left
659,883,3327,1125,193,691,Lobules IV-V,left
659,1007,2070,1108,205,408,Lobules IV-V,right
659,1054,1977,1106,213,387,Lobules IV-V,right
659,1139,2083,1104,237,412,Lobules IV-V,right
659,1186,1977,1102,242,386,Lobules IV-V,right
659,560,3108,1133,100,644,Lobules IV-V,left
659,588,2395,1128,99,488,Lobules IV-V,right
659,734,2403,1125,144,489,Lobules IV-V,right
659,747,2889,1126,156,596,Lobules IV-V,left
659,768,2956,1126,164,610,Lobules IV-V,left
659,936,2309,1116,198,464,Lobules IV-V,right
659,974,2205,1112,203,438,Lobules IV-V,right
659,1152,1980,1103,235,388,Lobules IV-V,right
664,559,2564,1128,93,529,Lobules IV-V,right
664,1179,1979,1100,241,388,Lobules IV-V,right
664,751,2955,1125,157,610,Lobules IV-V,left
664,1099,2062,1103,226,406,Lobules IV-V,right
664,1146,3477,1110,252,721,Lobules IV-V,left
664,1253,1958,1098,256,382,Lobules IV-V,right
664,663,2248,1121,118,451,Lobules IV-V,right
664,1052,2052,1104,214,404,Lobules IV-V,right
664,1059,2057,1104,217,405,Lobules IV-V,right
664,544,2807,1129,94,580,Lobules IV-V,left
664,554,2529,1128,91,521,Lobules IV-V,right
664,744,3166,1128,154,657,Lobules IV-V,left
664,1103,1962,1103,224,384,Lobules IV-V,right
664,1345,1921,1095,274,372,Lobules IV-V,right
660,595,3263,1131,108,679,Lobules IV-V,left
660,1126,1997,1104,230,391,Lobules IV-V,right
660,1295,1945,1098,264,378,Lobules IV-V,right
660,764,2484,1124,156,509,Lobules IV-V,right
660,769,2445,1124,156,499,Lobules IV-V,right
660,799,2595,1121,170,535,Lobules IV-V,right
660,846,2283,1119,172,457,Lobules IV-V,right
660,1020,2064,1107,208,407,Lobules IV-V,right
660,1237,2092,1101,257,412,Lobules IV-V,right
660,545,2845,1131,95,588,Lobules IV-V,left
660,590,2394,1128,99,488,Lobules IV-V,right
660,604,3280,1131,111,682,Lobules IV-V,left
660,663,2242,1123,118,448,Lobules IV-V,right
660,759,2945,1126,160,608,Lobules IV-V,left
660,804,2945,1123,174,608,Lobules IV-V,left
660,882,3125,1122,194,647,Lobules IV-V,left
660,968,3216,1118,216,667,Lobule III,left
660,983,3272,1119,220,678,Lobules IV-V,left
660,1018,1994,1107,206,391,Lobules IV-V,right
660,1024,1996,1107,207,391,Lobules IV-V,right
660,1127,2134,1105,236,423,Lobules IV-V,right
668,552,3116,1130,97,645,Lobules IV-V,left
668,568,2451,1125,93,503,Lobules IV-V,right
668,957,2030,1105,190,398,Lobules IV-V,right
668,749,2878,1122,157,595,Lobules IV-V,left
668,551,2611,1126,91,539,Lobules IV-V,right
668,741,2725,1121,152,563,Lobules IV-V,right
668,759,2632,1119,157,543,Lobules IV-V,right
668,1023,2145,1105,212,425,Lobules IV-V,right
668,1154,3491,1108,254,724,Lobules IV-V,left
668,1201,2052,1098,247,404,Lobules IV-V,right
668,579,3210,1128,104,667,Lobules IV-V,left
668,605,3271,1127,110,680,Lobules IV-V,left
668,610,2349,1123,103,477,Lobules IV-V,right
668,619,2330,1122,106,472,Lobules IV-V,right
668,680,2231,1118,121,446,Lobules IV-V,right
668,690,3321,1126,135,692,Lobules IV-V,left
668,742,3273,1126,151,682,Lobules IV-V,left
668,749,2735,1120,156,565,Lobules IV-V,right
668,759,2852,1121,160,589,Lobules IV-V,left
668,765,3208,1126,159,667,Lobules IV-V,left
668,774,2898,1121,165,599,Lobules IV-V,left
668,823,2815,1117,179,582,Lobules IV-V,left
668,938,3273,1118,208,680,Lobules IV-V,left
668,991,2180,1107,205,433,Lobules IV-V,right
668,1094,2173,1103,229,432,Lobules IV-V,right
668,1107,1964,1101,223,385,Lobules IV-V,right
666,542,2798,1128,93,579,Lobules IV-V,left
666,672,2236,1119,119,447,Lobules IV-V,right
666,611,3284,1128,112,684,Lobules IV-V,left
666,1091,2017,1102,222,396,Lobules IV-V,right
666,603,3271,1128,111,680,Lobules IV-V,left
666,753,2836,1122,158,585,Lobules IV-V,left
666,757,3281,1127,156,683,Lobules IV-V,left
666,899,3371,1122,196,702,Lobules IV-V,left
666,926,2051,1108,182,402,Lobules IV-V,right
666,970,2015,1106,193,395,Lobules IV-V,right
666,1103,2029,1101,226,399,Lobules IV-V,right
666,1151,1980,1100,234,388,Lobules IV-V,right
666,1268,1953,1096,259,381,Lobules IV-V,right
666,665,2248,1120,118,451,Lobules IV-V,right
666,688,2216,1118,124,442,Lobules IV-V,right
666,689,2214,1118,124,442,Lobules IV-V,right
666,697,2203,1118,125,439,Lobules IV-V,right
666,732,2969,1125,150,613,Lobules IV-V,left
666,820,2654,1117,177,548,Lobules IV-V,right
666,1216,2170,1100,256,430,Lobules IV-V,right
667,1255,2073,1096,260,409,Lobules IV-V,right
667,1576,1861,1084,330,359,Lobules IV-V,right
667,741,2759,1121,153,570,Lobules IV-V,right
667,743,2707,1120,153,559,Lobules IV-V,right
667,743,2817,1122,155,581,Lobules IV-V,left
667,749,2686,1120,155,555,Lobules IV-V,right
667,751,2651,1120,154,547,Lobules IV-V,right
667,759,2622,1119,157,541,Lobules IV-V,right
667,1179,3494,1107,259,725,Lobules IV-V,left
667,1204,1968,1097,245,385,Lobules IV-V,right
667,1217,1969,1097,247,385,Lobules IV-V,right
667,1228,1963,1096,250,384,Lobules IV-V,right
667,533,3049,1130,93,631,Lobules IV-V,left
667,538,2705,1127,91,559,Lobules IV-V,right
667,546,2627,1126,90,543,Lobules IV-V,right
667,557,2522,1126,90,519,Lobules IV-V,right
667,664,2250,1119,118,451,Lobules IV-V,right
667,699,2202,1116,126,438,Lobules IV-V,right
667,700,2201,1116,126,438,Lobules IV-V,right
667,740,2933,1124,153,606,Lobules IV-V,left
667,761,2844,1121,160,588,Lobules IV-V,left
667,978,2053,1105,197,404,Lobules IV-V,right
667,1009,2026,1103,203,398,Lobules IV-V,right
667,1303,2093,1095,271,412,Lobules IV-V,right
674,591,3230,1125,106,671,Lobules IV-V,left
674,744,2714,1118,153,561,Lobules IV-V,right
674,611,3270,1125,111,681,Lobules IV-V,left
674,652,2286,1117,113,461,Lobules IV-V,right
674,597,3247,1125,107,675,Lobules IV-V,left
674,621,2343,1119,106,476,Lobules IV-V,right
674,703,3234,1124,140,673,Lobules IV-V,left
674,712,3301,1124,141,688,Lobules IV-V,left
674,732,2940,1122,149,607,Lobules IV-V,left
674,804,3363,1122,169,703,Lobules IV-V,left
674,816,3365,1121,171,702,Lobules IV-V,left
674,1201,2016,1094,245,396,Lobules IV-V,right
674,643,2304,1117,112,466,Lobules IV-V,right
674,645,3218,1125,122,670,Lobules IV-V,left
674,678,3045,1125,133,630,Lobules IV-V,left
674,704,3249,1124,140,677,Lobules IV-V,left
674,760,2620,1116,156,541,Lobules IV-V,right
674,874,3200,1118,191,664,Lobules IV-V,left
674,999,2028,1101,201,399,Lobules IV-V,right
674,1155,3441,1103,254,713,Lobules IV-V,left
674,544,2782,1125,93,575,Lobules IV-V,left
674,549,2799,1125,94,579,Lobules IV-V,left
674,552,2845,1125,95,588,Lobules IV-V,left
674,593,2424,1121,99,496,Lobules IV-V,right
674,751,2650,1117,153,548,Lobules IV-V,right
674,756,2661,1117,155,550,Lobules IV-V,right
674,795,2945,1118,170,609,Lobules IV-V,left
674,874,3261,1119,190,678,Lobules IV-V,left
674,922,3329,1117,201,693,Lobules IV-V,left
674,1022,2072,1100,207,408,Lobules IV-V,right
674,1081,1964,1098,217,385,Lobules IV-V,right
674,1089,1977,1098,220,387,Lobules IV-V,right
674,1126,1951,1097,227,382,Lobules IV-V,right
674,1131,2107,1097,234,417,Lobules IV-V,right
670,602,3260,1127,109,678,Lobules IV-V,left
670,1138,2017,1098,233,396,Lobules IV-V,right
670,620,2333,1121,106,473,Lobules IV-V,right
670,634,2306,1120,110,466,Lobules IV-V,right
670,676,2239,1117,120,448,Lobules IV-V,right
670,1005,2000,1103,201,392,Lobules IV-V,right
670,1189,3501,1105,261,726,Lobules IV-V,left
670,1321,2085,1093,274,410,Lobules IV-V,right
670,1352,2081,1092,280,408,Lobules IV-V,right
670,559,3140,1128,99,651,Lobules IV-V,left
670,738,2945,1123,153,608,Lobules IV-V,left
670,786,2676,1117,166,553,Lobules IV-V,right
670,836,2882,1116,182,595,Lobule III,left
670,879,2268,1112,180,454,Lobules IV-V,right
670,943,2041,1105,187,400,Lobules IV-V,right
670,968,2085,1104,195,411,Lobules IV-V,right
670,1001,2047,1103,201,402,Lobules IV-V,right
670,1003,2105,1103,205,416,Lobules IV-V,right
670,1041,1986,1101,209,389,Lobules IV-V,right
670,1070,1986,1100,216,390,Lobules IV-V,right
670,1093,1979,1100,222,388,Lobules IV-V,right
670,1113,1973,1099,226,387,Lobules IV-V,right
670,1115,1992,1099,226,391,Lobules IV-V,right
670,1116,2085,1099,230,412,Lobules IV-V,right
670,1472,1794,1088,303,345,Lobules IV-V,right
669,765,2607,1119,158,538,Lobules IV-V,right
669,566,2465,1125,92,506,Lobules IV-V,right
669,593,3244,1128,108,675,Lobules IV-V,left
669,1279,2078,1095,265,409,Lobules IV-V,right
669,719,3230,1127,145,672,Lobules IV-V,left
669,756,2655,1120,156,548,Lobules IV-V,right
669,1192,1975,1098,242,387,Lobules IV-V,right
669,1297,2081,1095,268,409,Lobules IV-V,right
669,561,2561,1126,92,528,Lobules IV-V,right
669,606,3270,1127,110,680,Lobules IV-V,left
669,624,2323,1122,107,471,Lobules IV-V,right
669,629,2314,1121,109,468,Lobules IV-V,right
669,743,2770,1121,154,572,Lobules IV-V,left
669,753,2827,1121,158,583,Lobules IV-V,left
669,756,2689,1120,157,556,Lobules IV-V,right
669,792,2975,1121,169,615,Lobules IV-V,left
669,984,2025,1104,197,398,Lobules IV-V,right
669,990,2180,1107,205,433,Lobules IV-V,right
669,1014,2063,1103,206,407,Lobules IV-V,right
669,1024,2041,1103,208,401,Lobules IV-V,right
669,1041,2017,1102,210,396,Lobules IV-V,right
669,1127,1992,1100,229,390,Lobules IV-V,right
669,1150,1996,1099,234,391,Lobules IV-V,right
669,1504,1799,1087,312,346,Lobules IV-V,right
677,568,3157,1126,101,655,Lobules IV-V,left
677,677,3250,1124,130,677,Lobules IV-V,left
677,1243,1966,1092,253,384,Lobules IV-V,right
677,559,3119,1126,99,647,Lobules IV-V,left
677,570,2883,1125,100,596,Lobules IV-V,left
677,654,3220,1124,125,670,Lobules IV-V,left
677,667,3172,1124,128,658,Lobules IV-V,left
677,755,2770,1117,157,573,Lobules IV-V,left
677,812,2863,1115,174,592,Lobules IV-V,left
677,1050,1990,1098,211,391,Lobules IV-V,right
677,1088,2046,1097,222,403,Lobules IV-V,right
677,1119,2076,1096,230,410,Lobules IV-V,right
677,1152,1955,1095,232,383,Lobules IV-V,right
677,1219,1990,1092,248,390,Lobules IV-V,right
677,1278,2029,1090,262,398,Lobules IV-V,right
677,545,2742,1123,91,567,Lobules IV-V,right
677,565,2553,1122,93,527,Lobules IV-V,right
677,570,2491,1121,93,512,Lobules IV-V,right
677,618,3278,1124,114,683,Lobules IV-V,left
677,619,3282,1124,114,683,Lobules IV-V,left
677,759,3046,1121,158,630,Lobules IV-V,left
677,767,2859,1118,161,591,Lobules IV-V,left
677,811,2961,1116,174,612,Lobules IV-V,left
677,819,3053,1117,177,632,Lobules IV-V,left
677,819,2651,1112,176,547,Lobules IV-V,right
677,827,2954,1115,179,611,Lobules IV-V,left
677,835,3025,1115,181,626,Lobules IV-V,left
677,846,3047,1115,184,630,Lobules IV-V,left
677,888,3269,1117,194,680,Lobules IV-V,left
677,955,3305,1113,210,687,Lobules IV-V,left
677,1287,2041,1090,264,400,Lobules IV-V,right
671,576,3196,1127,103,663,Lobules IV-V,left
671,1033,1991,1101,208,391,Lobules IV-V,right
671,751,2833,1120,156,586,Lobules IV-V,left
671,800,2683,1115,170,555,Lobules IV-V,right
671,1155,1989,1097,235,390,Lobules IV-V,right
671,1176,2028,1096,241,399,Lobules IV-V,right
671,1255,1957,1094,255,381,Lobules IV-V,right
671,1262,2049,1093,259,403,Lobules IV-V,right
671,540,3047,1128,94,630,Lobules IV-V,left
671,558,3136,1128,99,650,Lobules IV-V,left
671,561,3149,1128,99,653,Lobules IV-V,left
672,550,2622,1124,91,542,Lobules IV-V,right
672,1307,2080,1092,270,409,Lobules IV-V,right
672,701,3214,1125,139,668,Lobules IV-V,left
672,729,3277,1125,147,682,Lobules IV-V,left
672,737,3301,1124,149,688,Lobules IV-V,left
672,743,2881,1121,155,595,Lobules IV-V,left
672,1224,1963,1094,249,384,Lobules IV-V,right
672,1290,2067,1093,266,406,Lobules IV-V,right
672,1327,2075,1092,274,408,Lobules IV-V,right
672,540,2925,1127,93,605,Lobules IV-V,left
672,541,3047,1128,94,630,Lobules IV-V,left
672,547,2799,1126,93,579,Lobules IV-V,left
672,591,2424,1122,98,496,Lobules IV-V,right
672,619,2342,1120,106,475,Lobules IV-V,right
672,625,2331,1120,107,472,Lobules IV-V,right
672,745,2764,1119,154,571,Lobules IV-V,left
672,760,2896,1120,159,598,Lobules IV-V,left
672,769,2653,1117,160,549,Lobules IV-V,right
672,789,2705,1116,168,559,Lobules IV-V,right
672,793,3163,1123,169,657,Lobules IV-V,left
672,801,2682,1115,170,554,Lobules IV-V,right
672,1301,2071,1092,269,407,Lobules IV-V,right
673,743,2743,1119,154,567,Lobules IV-V,right
673,541,2738,1125,91,567,Lobules IV-V,right
673,739,2933,1122,153,606,Lobules IV-V,left
673,1199,1978,1095,244,388,Lobules IV-V,right
673,1329,2083,1092,276,410,Lobules IV-V,right
673,553,3059,1128,97,633,Lobules IV-V,left
673,593,3188,1127,108,662,Lobules IV-V,left
673,633,2318,1119,110,469,Lobules IV-V,right
673,687,3285,1125,133,684,Lobules IV-V,left
673,693,3302,1125,136,688,Lobules IV-V,left
673,717,2969,1124,145,614,Lobules IV-V,left
673,749,2860,1120,156,591,Lobules IV-V,left
673,817,3374,1122,171,705,Lobules IV-V,left
673,1157,1965,1097,234,385,Lobules IV-V,right
673,1298,2062,1092,268,405,Lobules IV-V,right
673,1307,2064,1092,269,406,Lobules IV-V,right
673,1315,2067,1092,272,405,Lobules IV-V,right
673,1317,2078,1092,272,409,Lobules IV-V,right
673,542,2730,1125,91,565,Lobules IV-V,right
673,542,2776,1125,91,574,Lobules IV-V,left
673,548,2798,1125,94,579,Lobules IV-V,left
673,551,2846,1126,95,588,Lobules IV-V,left
673,566,2569,1124,94,530,Lobules IV-V,right
673,592,2424,1122,98,496,Lobules IV-V,right
673,665,2265,1117,117,455,Lobules IV-V,right
673,674,2253,1116,120,452,Lobules IV-V,right
673,719,2959,1123,146,612,Lobules IV-V,left
673,743,2752,1119,154,568,Lobules IV-V,right
673,757,3383,1124,154,707,Lobules IV-V,left
673,758,2925,1121,159,604,Lobules IV-V,left
673,787,3348,1123,163,699,Lobules IV-V,left
673,1007,2115,1103,205,418,Lobules IV-V,right
673,1098,2105,1099,227,416,Lobules IV-V,right
673,1114,1988,1098,226,391,Lobules IV-V,right
673,1479,1800,1087,305,346,Lobules IV-V,right
678,573,3171,1124,102,658,Lobules IV-V,left
678,553,2846,1123,96,588,Lobules IV-V,left
678,827,3395,1119,173,710,Lobules IV-V,left
678,1221,1978,1091,248,388,Lobules IV-V,right
678,1298,2040,1089,267,400,Lobules IV-V,right
678,1329,2031,1088,273,397,Lobules IV-V,right
678,666,3227,1123,128,671,Lobules IV-V,left
678,672,3161,1123,130,656,Lobules IV-V,left
678,702,2970,1122,139,614,Lobules IV-V,left
678,771,2831,1116,162,585,Lobules IV-V,left
678,797,3399,1120,165,711,Lobules IV-V,left
678,800,2813,1114,171,582,Lobules IV-V,left
678,814,2686,1112,174,555,Lobules IV-V,right
678,1250,2015,1090,255,395,Lobules IV-V,right
678,1288,2033,1089,264,399,Lobules IV-V,right
678,1308,2039,1088,269,400,Lobules IV-V,right
678,542,2962,1125,93,612,Lobules IV-V,left
678,561,3032,1125,98,627,Lobules IV-V,left
678,755,2747,1116,156,567,Lobules IV-V,right
678,757,2900,1118,157,599,Lobules IV-V,left
678,758,2686,1115,157,555,Lobules IV-V,right
678,780,2878,1116,165,595,Lobules IV-V,left
678,788,2895,1116,168,598,Lobules IV-V,left
678,793,2629,1113,167,543,Lobules IV-V,right
678,798,2672,1113,170,552,Lobules IV-V,right
678,804,3013,1117,172,624,Lobules IV-V,left
678,814,2924,1114,176,605,Lobules IV-V,left
678,843,3255,1119,181,677,Lobules IV-V,left
678,985,3349,1111,217,696,Lobules IV-V,left
678,999,2011,1099,200,395,Lobules IV-V,right
678,1032,2057,1098,208,405,Lobules IV-V,right
678,1087,1963,1096,218,385,Lobules IV-V,right
678,1139,1959,1094,230,384,Lobules IV-V,right
678,1545,1764,1080,320,339,Lobules IV-V,right
678,1618,1778,1076,339,342,Lobules IV-V,right
679,546,2764,1122,91,572,Lobules IV-V,left
679,565,3143,1124,100,653,Lobules IV-V,left
679,597,3233,1123,107,673,Lobules IV-V,left
679,599,3241,1122,108,674,Lobules IV-V,left
679,1229,1985,1090,250,389,Lobules IV-V,right
679,1506,1803,1081,310,347,Lobules IV-V,right
679,561,3025,1124,98,626,Lobules IV-V,left
679,736,2884,1118,150,596,Lobules IV-V,left
679,747,2766,1116,153,572,Lobules IV-V,left
679,556,2623,1120,91,543,Lobules IV-V,right
679,643,2315,1114,112,469,Lobules IV-V,right
679,665,3218,1122,127,670,Lobules IV-V,left
679,751,2810,1116,155,581,Lobules IV-V,left
679,760,2930,1117,158,606,Lobules IV-V,left
679,771,2913,1117,162,602,Lobules IV-V,left
679,792,2822,1114,168,583,Lobules IV-V,left
679,837,2849,1111,181,589,Lobule III,left
679,956,3304,1111,210,687,Lobules IV-V,left
679,1014,2035,1097,204,400,Lobules IV-V,right
679,1333,2102,1087,276,413,Lobules IV-V,right
675,552,2825,1124,94,584,Lobules IV-V,left
675,586,3217,1125,105,668,Lobules IV-V,left
675,583,2474,1121,97,508,Lobules IV-V,right
675,670,3269,1123,129,681,Lobules IV-V,left
675,681,3261,1123,132,679,Lobules IV-V,left
675,689,3230,1124,135,672,Lobules IV-V,left
675,701,3281,1123,138,683,Lobules IV-V,left
675,725,2951,1121,148,610,Lobules IV-V,left
675,745,2841,1119,154,587,Lobules IV-V,left
675,1083,2097,1097,223,414,Lobules IV-V,right
675,541,3042,1127,93,629,Lobules IV-V,left
675,555,2613,1122,91,540,Lobules IV-V,right
675,597,3240,1124,107,674,Lobules IV-V,left
675,597,3052,1126,108,632,Lobules IV-V,left
675,775,3356,1122,160,701,Lobules IV-V,left
675,845,3389,1120,179,708,Lobules IV-V,left
675,1133,1949,1096,229,382,Lobules IV-V,right
675,1206,2011,1093,246,395,Lobules IV-V,right
675,1313,2058,1090,271,404,Lobules IV-V,right
675,545,2782,1124,92,575,Lobules IV-V,left
675,554,2804,1124,95,580,Lobules IV-V,left
675,559,2602,1122,92,537,Lobules IV-V,right
675,560,2886,1125,97,597,Lobules IV-V,left
675,564,2516,1121,92,518,Lobules IV-V,right
675,575,3184,1125,102,661,Lobules IV-V,left
675,601,2400,1119,100,490,Lobules IV-V,right
675,616,3279,1124,112,683,Lobules IV-V,left
675,664,2270,1115,117,457,Lobules IV-V,right
675,665,2269,1115,117,457,Lobules IV-V,right
675,667,2267,1115,117,455,Lobules IV-V,right
675,727,2918,1121,148,603,Lobules IV-V,left
675,759,2861,1118,159,591,Lobules IV-V,left
675,762,2810,1117,159,581,Lobules IV-V,left
675,797,2906,1117,170,600,Lobules IV-V,left
675,800,2870,1116,171,593,Lobules IV-V,left
675,820,2418,1115,169,493,Lobules IV-V,right
675,837,3213,1120,179,668,Lobules IV-V,left
675,872,3403,1119,186,711,Lobules IV-V,left
675,934,3434,1115,202,716,Lobules IV-V,left
675,1012,2094,1100,205,414,Lobules IV-V,right
675,1152,2111,1095,238,418,Lobules IV-V,right
675,1164,2116,1095,242,419,Lobules IV-V,right
680,749,2681,1114,153,554,Lobules IV-V,right
680,580,3186,1123,103,662,Lobules IV-V,left
680,744,2805,1116,153,580,Lobules IV-V,left
680,1589,1835,1077,332,353,Lobules IV-V,right
680,779,2774,1114,164,574,Lobules IV-V,left
680,828,2640,1110,178,545,Lobules IV-V,right
680,1069,2037,1095,217,401,Lobules IV-V,right
680,1193,2091,1092,247,413,Lobules IV-V,right
680,1240,2006,1090,253,393,Lobules IV-V,right
680,1541,1775,1080,319,341,Lobules IV-V,right
680,573,3089,1124,102,641,Lobules IV-V,left
680,595,2990,1124,107,619,Lobules IV-V,left
680,625,2353,1116,107,479,Lobules IV-V,right
680,632,2340,1115,108,475,Lobules IV-V,right
680,644,2315,1114,112,469,Lobules IV-V,right
680,649,2308,1114,113,467,Lobules IV-V,right
680,651,2306,1114,113,466,Lobules IV-V,right
680,664,3218,1122,127,670,Lobules IV-V,left
680,665,3193,1122,128,664,Lobules IV-V,left
680,668,3058,1123,130,634,Lobules IV-V,left
680,750,2896,1117,155,598,Lobules IV-V,left
680,757,2624,1114,154,542,Lobules IV-V,right
680,767,2849,1116,160,589,Lobules IV-V,left
680,776,2693,1113,162,557,Lobules IV-V,right
680,793,2847,1114,169,588,Lobules IV-V,left
680,795,2621,1112,167,541,Lobules IV-V,right
680,818,2896,1113,177,598,Lobules IV-V,left
680,1075,3402,1104,236,705,Lobules IV-V,left
680,1545,1792,1079,320,344,Lobules IV-V,right
676,560,3130,1126,99,649,Lobules IV-V,left
676,584,3207,1125,105,666,Lobules IV-V,left
676,666,3249,1124,127,677,Lobules IV-V,left
676,669,3259,1124,129,679,Lobules IV-V,left
676,757,3354,1122,154,701,Lobules IV-V,left
676,550,2799,1124,94,579,Lobules IV-V,left
676,564,2553,1122,93,527,Lobules IV-V,right
676,677,3172,1124,131,658,Lobules IV-V,left
676,684,3219,1124,134,670,Lobules IV-V,left
676,1322,2057,1089,272,403,Lobules IV-V,right
676,544,2742,1123,91,567,Lobules IV-V,right
676,569,2490,1121,93,512,Lobules IV-V,right
676,617,3279,1124,112,683,Lobules IV-V,left
676,678,3231,1124,132,672,Lobules IV-V,left
676,766,2902,1118,161,599,Lobules IV-V,left
676,790,3058,1120,168,633,Lobules IV-V,left
676,792,2714,1114,167,561,Lobules IV-V,right
676,806,2631,1113,171,543,Lobules IV-V,right
676,810,2973,1116,174,615,Lobules IV-V,left
676,834,3007,1115,181,622,Lobules IV-V,left
676,1016,2069,1100,206,408,Lobules IV-V,right
676,1028,3371,1109,227,700,Lobules IV-V,left
676,1201,2124,1094,249,421,Lobules IV-V,right
683,572,2519,1117,93,519,Lobules IV-V,right
683,557,2816,1120,94,582,Lobules IV-V,left
683,608,2407,1115,103,492,Lobules IV-V,right
683,1598,1825,1074,334,351,Lobules IV-V,right
683,665,3025,1121,128,626,Lobules IV-V,left
683,749,2655,1112,152,549,Lobules IV-V,right
683,754,2879,1115,156,595,Lobules IV-V,left
683,764,2672,1112,157,552,Lobules IV-V,right
683,792,2940,1114,167,608,Lobules IV-V,left
683,1098,2009,1092,223,396,Lobules IV-V,right
683,555,2848,1121,95,590,Lobules IV-V,left
683,572,2882,1121,99,596,Lobules IV-V,left
683,601,3235,1121,108,673,Lobules IV-V,left
683,610,3254,1120,111,678,Lobules IV-V,left
683,628,2356,1113,108,479,Lobules IV-V,right
683,743,2938,1117,153,608,Lobules IV-V,left
683,758,2797,1114,158,578,Lobules IV-V,left
683,761,2868,1115,158,593,Lobules IV-V,left
683,767,2909,1115,160,602,Lobules IV-V,left
683,772,2682,1112,159,554,Lobules IV-V,right
683,794,2863,1113,169,592,Lobules IV-V,left
683,799,2838,1112,170,587,Lobules IV-V,left
683,810,2692,1109,172,556,Lobules IV-V,right
683,830,2663,1108,178,551,Lobules IV-V,right
683,832,2700,1108,178,558,Lobule III,right
683,998,2014,1096,199,396,Lobules IV-V,right
683,1024,2002,1095,205,393,Lobules IV-V,right
683,1085,1969,1093,218,387,Lobules IV-V,right
683,1091,2005,1092,220,394,Lobules IV-V,right
683,1118,1979,1092,226,389,Lobules IV-V,right
683,1244,2067,1088,256,407,Lobules IV-V,right
683,1464,1800,1082,300,346,Lobules IV-V,right
683,1559,1757,1077,323,337,Lobules IV-V,right
683,1589,1780,1075,331,342,Lobules IV-V,right
681,599,2430,1117,100,498,Lobules IV-V,right
681,620,3277,1122,114,682,Lobules IV-V,left
681,547,2752,1122,91,569,Lobules IV-V,right
681,552,2796,1122,93,578,Lobules IV-V,left
681,584,3198,1123,105,665,Lobules IV-V,left
681,588,3210,1123,106,667,Lobules IV-V,left
681,603,3050,1124,110,632,Lobules IV-V,left
681,686,2996,1122,134,620,Lobules IV-V,left
681,743,2829,1117,153,585,Lobules IV-V,left
681,748,2783,1116,155,576,Lobules IV-V,left
681,756,2826,1116,157,584,Lobules IV-V,left
681,786,2862,1115,166,591,Lobules IV-V,left
681,603,2413,1117,102,494,Lobules IV-V,right
681,610,3258,1122,111,679,Lobules IV-V,left
681,615,2629,1119,108,543,Lobules IV-V,right
681,657,3173,1123,125,660,Lobules IV-V,left
681,670,2278,1113,118,459,Lobules IV-V,right
681,731,2939,1119,149,608,Lobules IV-V,left
681,1140,2021,1093,232,398,Lobules IV-V,right
682,747,2731,1114,152,564,Lobules IV-V,right
682,560,2614,1119,92,541,Lobules IV-V,right
682,614,2383,1115,104,487,Lobules IV-V,right
682,598,2998,1123,108,621,Lobules IV-V,left
682,555,3045,1124,97,631,Lobules IV-V,left
682,650,3157,1122,123,655,Lobules IV-V,left
682,664,3183,1122,128,662,Lobules IV-V,left
682,688,2977,1120,136,615,Lobules IV-V,left
682,750,2667,1113,153,551,Lobules IV-V,right
682,757,2741,1114,156,567,Lobules IV-V,right
682,776,2807,1114,163,580,Lobules IV-V,left
682,829,2982,1112,179,616,Lobules IV-V,left
682,1471,1858,1082,302,358,Lobules IV-V,right
682,556,2827,1121,95,584,Lobules IV-V,left
682,558,2842,1122,96,587,Lobules IV-V,left
682,584,2843,1121,103,588,Lobules IV-V,left
682,637,2337,1114,109,474,Lobules IV-V,right
682,650,3330,1120,121,695,Lobules IV-V,left
682,661,2294,1113,116,463,Lobules IV-V,right
682,713,2936,1119,144,607,Lobules IV-V,left
682,718,3207,1121,144,667,Lobules IV-V,left
682,766,2840,1115,160,587,Lobules IV-V,left
682,780,2775,1113,164,574,Lobules IV-V,left
682,783,3306,1119,163,689,Lobules IV-V,left
682,785,2831,1114,166,585,Lobules IV-V,left
682,791,2876,1114,168,594,Lobules IV-V,left
682,861,3250,1116,185,676,Lobules IV-V,left
682,1048,2056,1095,213,405,Lobules IV-V,right
682,1073,3420,1103,235,710,Lobules IV-V,left
682,1109,1968,1093,224,386,Lobules IV-V,right
682,1536,1767,1079,317,339,Lobules IV-V,right
684,560,2833,1121,96,587,Lobules IV-V,left
684,558,3099,1123,98,643,Lobules IV-V,left
684,748,2722,1113,153,562,Lobules IV-V,right
684,565,3130,1122,99,649,Lobules IV-V,left
684,806,2885,1112,172,597,Lobules IV-V,left
684,1134,1945,1091,228,381,Lobules IV-V,right
684,1314,2056,1085,270,403,Lobules IV-V,right
684,716,2907,1117,143,601,Lobules IV-V,left
684,725,2893,1117,147,598,Lobules IV-V,left
684,729,2872,1116,148,593,Lobules IV-V,left
684,802,2797,1111,170,578,Lobules IV-V,left
684,1006,2038,1096,201,402,Lobules IV-V,right
684,1055,2005,1094,212,394,Lobules IV-V,right
684,1083,1988,1093,219,391,Lobules IV-V,right
684,1123,1949,1092,226,382,Lobules IV-V,right
684,1130,1996,1091,229,392,Lobules IV-V,right
684,554,2796,1120,94,578,Lobules IV-V,left
684,606,3242,1121,109,674,Lobules IV-V,left
684,616,3260,1120,112,679,Lobules IV-V,left
684,623,3083,1122,116,640,Lobules IV-V,left
684,626,2365,1114,106,482,Lobules IV-V,right
684,629,2361,1114,108,480,Lobules IV-V,right
684,722,3041,1119,145,630,Lobules IV-V,left
684,727,2882,1117,147,595,Lobules IV-V,left
684,742,2847,1115,151,588,Lobules IV-V,left
684,747,3082,1119,153,638,Lobules IV-V,left
684,748,2979,1117,155,616,Lobules IV-V,left
684,763,2783,1113,159,576,Lobules IV-V,left
684,767,2749,1113,159,569,Lobules IV-V,right
684,776,2929,1115,163,606,Lobules IV-V,left
684,779,2967,1115,164,613,Lobules IV-V,left
684,782,2647,1111,162,547,Lobules IV-V,right
684,1064,2014,1093,215,397,Lobules IV-V,right
684,1552,1796,1077,321,345,Lobules IV-V,right
685,599,3226,1121,108,671,Lobules IV-V,left
685,746,2742,1113,152,567,Lobules IV-V,right
685,757,2894,1115,156,598,Lobules IV-V,left
685,553,3006,1123,96,622,Lobules IV-V,left
685,559,2845,1121,96,589,Lobules IV-V,left
685,572,2541,1117,93,524,Lobules IV-V,right
685,573,3094,1122,102,642,Lobules IV-V,left
685,748,3092,1119,154,641,Lobules IV-V,left
685,749,2838,1115,155,587,Lobules IV-V,left
685,805,2787,1111,172,576,Lobules IV-V,left
685,829,3278,1117,176,683,Lobules IV-V,left
685,1088,1994,1093,220,392,Lobules IV-V,right
685,1164,2012,1090,237,395,Lobules IV-V,right
685,1393,1860,1084,284,358,Lobules IV-V,right
685,1448,1807,1082,297,346,Lobules IV-V,right
685,563,2882,1121,98,596,Lobules IV-V,left
685,587,3196,1121,104,664,Lobules IV-V,left
685,614,2397,1114,104,489,Lobules IV-V,right
685,725,2965,1118,147,613,Lobules IV-V,left
685,748,2824,1115,155,584,Lobules IV-V,left
685,756,2674,1112,154,553,Lobules IV-V,right
685,778,2889,1114,164,597,Lobules IV-V,left
685,787,2830,1113,166,585,Lobules IV-V,left
685,798,2938,1113,170,608,Lobules IV-V,left
685,824,2832,1110,178,585,Lobules IV-V,left
685,1046,2032,1094,211,400,Lobules IV-V,right
685,1047,1991,1094,209,391,Lobules IV-V,right
685,1094,2023,1092,222,399,Lobules IV-V,right
686,1638,1816,1071,344,349,Lobules IV-V,right
686,548,2953,1122,94,612,Lobules IV-V,left
686,551,2755,1119,92,570,Lobules IV-V,right
686,556,2795,1119,94,578,Lobules IV-V,left
686,613,3045,1121,113,631,Lobules IV-V,left
686,648,3059,1120,123,634,Lobules IV-V,left
686,748,2702,1112,153,558,Lobules IV-V,right
686,755,2804,1113,156,580,Lobules IV-V,left
686,770,2629,1110,158,543,Lobules IV-V,right
686,803,2979,1113,171,617,Lobules IV-V,left
686,1132,1975,1090,228,388,Lobules IV-V,right
686,1205,1986,1087,244,389,Lobules IV-V,right
686,1694,1725,1069,356,330,Lobules IV-V,right
686,553,2715,1118,92,562,Lobules IV-V,right
686,553,2704,1118,92,560,Lobules IV-V,right
686,565,2615,1117,93,541,Lobules IV-V,right
686,573,2559,1116,94,528,Lobules IV-V,right
686,583,3178,1121,104,661,Lobules IV-V,left
686,588,2875,1120,104,595,Lobules IV-V,left
686,589,3196,1120,106,664,Lobules IV-V,left
686,611,3245,1120,111,676,Lobules IV-V,left
686,615,3255,1119,112,678,Lobules IV-V,left
686,674,2993,1119,131,620,Lobules IV-V,left
686,744,2781,1113,152,575,Lobules IV-V,left
686,747,2821,1114,153,583,Lobules IV-V,left
686,755,2825,1113,156,584,Lobules IV-V,left
686,757,2852,1114,156,589,Lobules IV-V,left
686,768,3015,1116,161,624,Lobules IV-V,left
686,780,2958,1114,164,612,Lobules IV-V,left
686,791,2853,1112,167,590,Lobules IV-V,left
686,800,2836,1111,170,586,Lobules IV-V,left
686,803,2644,1109,170,547,Lobules IV-V,right
686,1040,2009,1093,209,395,Lobules IV-V,right
686,1047,2013,1093,210,396,Lobules IV-V,right
686,1069,1984,1092,215,390,Lobules IV-V,right
686,1082,2036,1092,219,401,Lobules IV-V,right
686,1109,1955,1091,223,383,Lobules IV-V,right
686,1119,1976,1091,226,388,Lobules IV-V,right
686,1123,1961,1090,226,384,Lobules IV-V,right
686,1151,1976,1089,232,388,Lobules IV-V,right
686,1159,1992,1089,235,391,Lobules IV-V,right
686,1161,1946,1089,233,381,Lobules IV-V,right
686,1206,1958,1088,243,383,Lobules IV-V,right
686,1488,1783,1080,306,343,Lobules IV-V,right
686,1524,1768,1078,315,340,Lobules IV-V,right
686,1573,1752,1075,327,336,Lobules IV-V,right
686,1690,1807,1068,356,347,Lobules IV-V,right
687,747,2687,1111,150,555,Lobules IV-V,right
687,777,2940,1113,162,608,Lobules IV-V,left
687,819,2958,1110,176,612,Lobules IV-V,left
687,836,2940,1109,180,608,Lobules IV-V,left
687,777,2948,1113,162,610,Lobules IV-V,left
691,748,2764,1110,153,572,Lobules IV-V,left
691,608,2430,1111,102,498,Lobules IV-V,right
691,603,2956,1118,109,612,Lobules IV-V,left
691,654,3006,1117,124,623,Lobules IV-V,left
691,681,2961,1116,131,613,Lobules IV-V,left
691,546,3022,1119,93,626,Lobules IV-V,left
691,593,3170,1118,107,659,Lobules IV-V,left
691,600,2459,1111,100,505,Lobules IV-V,right
691,624,3052,1118,115,633,Lobules IV-V,left
691,641,3039,1117,119,630,Lobules IV-V,left
691,648,3034,1117,122,629,Lobules IV-V,left
691,758,2775,1110,156,574,Lobules IV-V,left
691,758,3038,1114,157,630,Lobules IV-V,left
691,778,2781,1109,163,575,Lobules IV-V,left
691,819,2931,1108,175,606,Lobules IV-V,left
691,837,2918,1107,180,604,Lobule III,left
691,1545,1765,1074,319,339,Lobules IV-V,right
691,552,2817,1117,92,583,Lobules IV-V,left
691,556,2831,1117,94,586,Lobules IV-V,left
691,581,3072,1119,102,637,Lobules IV-V,left
691,582,3073,1119,102,638,Lobules IV-V,left
691,707,2967,1115,139,614,Lobules IV-V,left
691,724,2923,1114,146,605,Lobules IV-V,left
691,732,2964,1114,147,614,Lobules IV-V,left
691,743,2801,1111,152,579,Lobules IV-V,left
691,752,2939,1113,154,608,Lobules IV-V,left
691,759,2860,1111,157,592,Lobules IV-V,left
691,764,2889,1111,158,598,Lobules IV-V,left
691,787,2623,1107,162,542,Lobules IV-V,right
691,822,2747,1106,175,568,Lobules IV-V,right
691,833,2549,1105,175,525,Lobules IV-V,right
691,1129,1999,1087,228,394,Lobules IV-V,right
691,1149,1989,1086,232,391,Lobules IV-V,right
691,1179,1977,1085,238,387,Lobules IV-V,right
691,1696,1762,1065,356,338,Lobules IV-V,right
688,737,3000,1116,149,621,Lobules IV-V,left
688,789,2948,1112,167,610,Lobules IV-V,left
688,759,2916,1114,157,603,Lobules IV-V,left
688,810,2968,1111,173,615,Lobules IV-V,left
688,546,2946,1121,93,610,Lobules IV-V,left
688,604,2436,1113,101,499,Lobules IV-V,right
688,627,2371,1112,106,483,Lobules IV-V,right
688,757,2892,1114,156,598,Lobules IV-V,left
688,788,3050,1114,166,632,Lobules IV-V,left
688,792,3039,1114,166,630,Lobules IV-V,left
688,794,3004,1113,168,622,Lobules IV-V,left
690,537,2899,1119,90,601,Lobules IV-V,left
690,558,2777,1117,94,574,Lobules IV-V,left
690,574,3103,1119,101,644,Lobules IV-V,left
690,603,2999,1119,109,622,Lobules IV-V,left
690,640,3055,1119,120,634,Lobules IV-V,left
690,669,2997,1117,129,620,Lobules IV-V,left
690,678,2971,1117,132,615,Lobules IV-V,left
690,750,2736,1110,153,566,Lobules IV-V,right
690,559,2743,1116,94,568,Lobules IV-V,right
690,562,2989,1120,97,619,Lobules IV-V,left
690,587,3157,1119,104,655,Lobules IV-V,left
690,607,3031,1119,109,628,Lobules IV-V,left
690,613,3039,1119,112,630,Lobules IV-V,left
690,617,3053,1119,112,634,Lobules IV-V,left
690,624,2384,1111,106,487,Lobules IV-V,right
690,627,3089,1119,115,641,Lobules IV-V,left
690,630,3071,1119,117,637,Lobules IV-V,left
690,637,3065,1119,118,636,Lobules IV-V,left
690,648,3047,1118,123,631,Lobules IV-V,left
690,694,2944,1116,136,609,Lobules IV-V,left
690,724,3019,1116,146,626,Lobules IV-V,left
690,810,2770,1108,172,573,Lobules IV-V,left
690,819,2658,1106,174,550,Lobules IV-V,right
690,541,3010,1120,92,624,Lobules IV-V,left
690,551,2817,1118,92,583,Lobules IV-V,left
690,601,2975,1119,107,616,Lobules IV-V,left
690,614,3073,1119,112,638,Lobules IV-V,left
690,619,2395,1111,105,489,Lobules IV-V,right
690,632,2366,1110,107,482,Lobules IV-V,right
690,637,2357,1110,109,479,Lobules IV-V,right
690,648,2337,1110,113,474,Lobules IV-V,right
690,657,3311,1117,122,691,Lobules IV-V,left
690,728,2978,1115,148,617,Lobules IV-V,left
690,742,2859,1113,151,592,Lobules IV-V,left
690,761,3153,1116,156,656,Lobules IV-V,left
690,763,3076,1115,158,638,Lobules IV-V,left
690,769,3035,1114,160,629,Lobules IV-V,left
690,770,2973,1113,160,616,Lobules IV-V,left
690,771,2801,1110,160,579,Lobules IV-V,left
690,775,3005,1113,162,622,Lobules IV-V,left
690,807,2949,1110,171,610,Lobules IV-V,left
690,814,2750,1107,174,569,Lobules IV-V,right
690,821,2907,1109,176,601,Lobules IV-V,left
690,1134,1993,1088,229,392,Lobules IV-V,right
690,1218,1962,1085,246,383,Lobules IV-V,right
733,608,2702,1092,102,560,Lobules IV-V,right
733,764,2813,1091,151,584,Lobules IV-V,left
733,611,2974,1097,106,620,Lobules IV-V,left
733,619,2885,1095,108,600,Lobules IV-V,left
733,627,2821,1094,108,586,Lobules IV-V,left
733,651,2713,1091,114,563,Lobules IV-V,right
733,661,2972,1096,121,618,Lobules IV-V,left
733,668,2721,1091,120,564,Lobules IV-V,right
733,678,2962,1095,126,616,Lobules IV-V,left
733,696,2543,1089,126,525,Lobules IV-V,right
733,1627,1898,1051,339,366,Lobules IV-V,right
733,605,2820,1094,102,586,Lobules IV-V,left
733,633,2871,1095,112,597,Lobules IV-V,left
733,667,2910,1095,121,605,Lobules IV-V,left
733,697,2771,1092,129,575,Lobules IV-V,left
733,721,2746,1091,136,569,Lobules IV-V,right
733,726,2916,1093,140,606,Lobules IV-V,left
733,731,2894,1093,141,602,Lobules IV-V,left
733,752,2794,1091,147,580,Lobules IV-V,left
733,778,2771,1090,156,575,Lobules IV-V,left
733,1658,1730,1050,346,332,Lobules IV-V,right
693,562,3046,1119,97,631,Lobules IV-V,left
693,557,2835,1117,94,587,Lobules IV-V,left
693,666,2974,1116,127,616,Lobules IV-V,left
693,834,2946,1107,179,610,Lobules IV-V,left
693,1148,1965,1086,231,386,Lobules IV-V,right
693,580,3121,1118,103,648,Lobules IV-V,left
693,593,3158,1118,107,657,Lobules IV-V,left
693,599,2478,1111,100,510,Lobules IV-V,right
693,608,3197,1117,111,665,Lobules IV-V,left
693,732,3057,1115,147,633,Lobules IV-V,left
693,744,2799,1111,152,579,Lobules IV-V,left
693,747,3065,1115,152,636,Lobules IV-V,left
693,765,3011,1113,158,623,Lobules IV-V,left
693,797,2980,1111,168,617,Lobules IV-V,left
693,804,2910,1109,171,602,Lobules IV-V,left
693,1226,1955,1084,247,382,Lobules IV-V,right
693,1594,1750,1071,331,336,Lobules IV-V,right
693,1661,1740,1068,347,334,Lobules IV-V,right
693,548,3017,1119,94,625,Lobules IV-V,left
693,561,2746,1115,93,568,Lobules IV-V,right
693,565,2687,1115,93,556,Lobules IV-V,right
693,576,2627,1114,95,543,Lobules IV-V,right
693,610,3205,1117,110,667,Lobules IV-V,left
693,630,3249,1117,116,677,Lobules IV-V,left
693,667,2999,1117,127,622,Lobules IV-V,left
693,694,2961,1115,136,613,Lobules IV-V,left
693,723,3158,1116,145,657,Lobules IV-V,left
693,726,2932,1114,146,606,Lobules IV-V,left
693,747,3164,1116,151,658,Lobules IV-V,left
693,750,2724,1109,152,564,Lobules IV-V,right
693,753,3212,1116,154,668,Lobules IV-V,left
693,755,2925,1112,155,605,Lobules IV-V,left
693,761,2904,1112,157,601,Lobules IV-V,left
693,767,3070,1114,158,637,Lobules IV-V,left
693,778,2968,1111,163,615,Lobules IV-V,left
693,784,3290,1115,162,687,Lobules IV-V,left
693,793,2906,1110,168,601,Lobules IV-V,left
693,1198,1941,1085,241,379,Lobules IV-V,right
693,1386,1904,1080,281,368,Lobules IV-V,right
689,589,3165,1120,106,658,Lobules IV-V,left
689,599,3193,1119,108,664,Lobules IV-V,left
689,610,3048,1120,111,632,Lobules IV-V,left
689,615,3064,1120,112,636,Lobules IV-V,left
689,646,3063,1119,121,636,Lobules IV-V,left
689,655,3019,1119,124,626,Lobules IV-V,left
689,706,2913,1116,140,603,Lobules IV-V,left
689,746,2776,1112,152,574,Lobules IV-V,left
689,767,3017,1115,159,624,Lobules IV-V,left
689,782,2986,1114,164,618,Lobules IV-V,left
689,783,3080,1115,165,638,Lobules IV-V,left
689,1685,1810,1067,355,348,Lobules IV-V,right
689,539,2868,1120,91,594,Lobules IV-V,left
689,540,2860,1120,91,592,Lobules IV-V,left
689,556,2752,1118,93,569,Lobules IV-V,right
689,571,2628,1116,94,544,Lobules IV-V,right
689,575,2614,1116,95,541,Lobules IV-V,right
689,577,3065,1121,101,636,Lobules IV-V,left
689,582,2565,1115,96,529,Lobules IV-V,right
689,596,2965,1120,106,614,Lobules IV-V,left
689,596,2948,1120,106,611,Lobules IV-V,left
689,601,2981,1120,108,617,Lobules IV-V,left
689,613,3028,1120,112,628,Lobules IV-V,left
689,615,3074,1120,112,638,Lobules IV-V,left
689,637,3095,1120,118,642,Lobules IV-V,left
689,641,3075,1119,120,638,Lobules IV-V,left
689,647,2336,1111,111,474,Lobules IV-V,right
689,648,3024,1119,123,627,Lobules IV-V,left
689,653,3303,1118,123,690,Lobules IV-V,left
689,700,2937,1117,138,607,Lobules IV-V,left
689,728,2868,1114,148,593,Lobules IV-V,left
689,749,2725,1111,153,564,Lobules IV-V,right
689,751,3020,1116,154,625,Lobules IV-V,left
689,754,2647,1110,153,547,Lobules IV-V,right
689,789,2677,1109,165,553,Lobules IV-V,right
689,795,2658,1108,166,550,Lobules IV-V,right
689,807,2631,1108,169,543,Lobules IV-V,right
689,1135,1996,1089,229,392,Lobules IV-V,right
689,1192,1992,1087,241,391,Lobules IV-V,right
689,1194,2015,1087,243,396,Lobules IV-V,right
689,1559,1777,1075,323,341,Lobules IV-V,right
692,554,2810,1117,93,582,Lobules IV-V,left
692,586,3143,1118,104,653,Lobules IV-V,left
692,589,2586,1113,98,534,Lobules IV-V,right
692,630,3044,1118,116,631,Lobules IV-V,left
692,633,3035,1118,118,629,Lobules IV-V,left
692,552,2909,1118,93,603,Lobules IV-V,left
692,566,2868,1117,97,594,Lobules IV-V,left
692,612,3021,1118,110,626,Lobules IV-V,left
692,615,3029,1118,112,628,Lobules IV-V,left
692,622,3039,1118,113,630,Lobules IV-V,left
692,640,3028,1117,119,628,Lobules IV-V,left
692,732,2910,1113,147,602,Lobules IV-V,left
692,747,2969,1113,152,615,Lobules IV-V,left
692,764,3104,1114,158,644,Lobules IV-V,left
692,788,2880,1110,166,596,Lobules IV-V,left
692,1195,1934,1085,240,378,Lobules IV-V,right
692,1209,1956,1084,243,382,Lobules IV-V,right
692,553,2816,1117,93,583,Lobules IV-V,left
692,565,2678,1114,93,555,Lobules IV-V,right
692,569,2891,1117,98,598,Lobules IV-V,left
692,580,3071,1119,102,637,Lobules IV-V,left
692,581,3129,1118,103,650,Lobules IV-V,left
692,616,3223,1117,112,671,Lobules IV-V,left
692,618,2412,1110,105,493,Lobules IV-V,right
692,621,3238,1117,113,675,Lobules IV-V,left
692,629,3250,1117,116,677,Lobules IV-V,left
692,667,2998,1117,127,622,Lobules IV-V,left
692,670,3195,1117,128,665,Lobules IV-V,left
692,686,2940,1115,133,609,Lobules IV-V,left
692,743,3015,1114,152,624,Lobules IV-V,left
692,749,2964,1113,154,614,Lobules IV-V,left
692,751,2977,1113,154,616,Lobules IV-V,left
692,797,2791,1108,167,577,Lobules IV-V,left
692,812,2980,1110,172,617,Lobules IV-V,left
692,830,2909,1107,178,602,Lobules IV-V,left
692,1115,1968,1088,224,387,Lobules IV-V,right
692,1202,1965,1084,242,385,Lobules IV-V,right
692,1516,1795,1075,312,345,Lobules IV-V,right
692,1539,1760,1074,318,338,Lobules IV-V,right
694,761,2668,1107,154,552,Lobules IV-V,right
694,550,3016,1118,94,625,Lobules IV-V,left
694,551,3026,1118,94,627,Lobules IV-V,left
694,562,2876,1117,95,595,Lobules IV-V,left
694,600,3170,1117,108,659,Lobules IV-V,left
694,603,2462,1110,101,505,Lobules IV-V,right
694,622,3024,1117,113,627,Lobules IV-V,left
694,640,3019,1116,119,626,Lobules IV-V,left
694,717,2976,1114,142,616,Lobules IV-V,left
694,732,2990,1113,147,619,Lobules IV-V,left
694,741,3156,1115,150,656,Lobules IV-V,left
694,756,2846,1110,155,589,Lobules IV-V,left
694,762,2678,1107,154,554,Lobules IV-V,right
694,786,3026,1111,164,627,Lobules IV-V,left
694,1245,2003,1082,252,393,Lobules IV-V,right
694,1339,2000,1079,273,390,Lobules IV-V,right
694,1575,1755,1071,327,337,Lobules IV-V,right
694,549,2849,1116,92,590,Lobules IV-V,left
694,570,2803,1115,97,581,Lobules IV-V,left
694,607,2986,1117,109,619,Lobules IV-V,left
694,611,3005,1117,110,623,Lobules IV-V,left
694,628,3014,1117,116,625,Lobules IV-V,left
694,643,3011,1116,120,624,Lobules IV-V,left
694,650,2998,1116,122,622,Lobules IV-V,left
694,680,3047,1116,131,631,Lobules IV-V,left
694,696,2912,1114,136,602,Lobules IV-V,left
694,718,2958,1113,144,613,Lobules IV-V,left
694,728,2946,1113,147,610,Lobules IV-V,left
694,733,3031,1114,149,628,Lobules IV-V,left
694,745,2934,1112,152,607,Lobules IV-V,left
694,752,2755,1109,152,570,Lobules IV-V,right
694,755,2959,1112,155,613,Lobules IV-V,left
694,758,2796,1109,156,578,Lobules IV-V,left
694,765,2834,1109,158,587,Lobules IV-V,left
694,771,2909,1110,160,602,Lobules IV-V,left
694,772,3041,1112,159,630,Lobules IV-V,left
694,772,2891,1110,160,598,Lobules IV-V,left
694,807,2951,1109,170,611,Lobules IV-V,left
694,809,2854,1107,172,591,Lobules IV-V,left
694,1178,1963,1084,237,385,Lobules IV-V,right
694,1576,1763,1071,327,339,Lobules IV-V,right
694,1647,1733,1068,343,333,Lobules IV-V,right
700,590,2568,1108,97,531,Lobules IV-V,right
700,580,2627,1109,95,543,Lobules IV-V,right
700,557,2978,1115,95,618,Lobules IV-V,left
700,641,2996,1113,118,621,Lobules IV-V,left
700,794,2942,1106,167,609,Lobules IV-V,left
700,618,3008,1114,112,624,Lobules IV-V,left
700,620,2975,1113,112,617,Lobules IV-V,left
700,738,3002,1110,149,622,Lobules IV-V,left
700,757,2807,1107,154,581,Lobules IV-V,left
700,631,2993,1113,115,621,Lobules IV-V,left
700,644,2979,1113,120,618,Lobules IV-V,left
700,707,3240,1112,137,676,Lobules IV-V,left
700,713,3156,1112,141,656,Lobules IV-V,left
700,716,2957,1111,141,612,Lobules IV-V,left
700,722,2864,1109,143,593,Lobules IV-V,left
700,734,2962,1110,148,613,Lobules IV-V,left
700,758,2768,1106,155,573,Lobules IV-V,left
700,789,2927,1106,165,606,Lobules IV-V,left
700,828,2762,1102,177,571,Lobule III,left
700,1256,1922,1079,251,374,Lobules IV-V,right
700,1654,1714,1065,345,329,Lobules IV-V,right
700,566,2744,1111,94,568,Lobules IV-V,right
700,574,2654,1110,94,549,Lobules IV-V,right
700,590,2553,1108,97,527,Lobules IV-V,right
700,599,3157,1114,107,656,Lobules IV-V,left
700,612,3195,1113,110,665,Lobules IV-V,left
700,699,3137,1113,137,652,Lobules IV-V,left
700,702,3186,1113,136,663,Lobules IV-V,left
700,708,2672,1106,137,552,Lobules IV-V,right
700,733,2925,1109,148,606,Lobules IV-V,left
700,749,2825,1107,152,585,Lobules IV-V,left
700,759,2950,1109,156,611,Lobules IV-V,left
700,767,2775,1106,157,574,Lobules IV-V,left
700,768,2965,1108,159,614,Lobules IV-V,left
700,774,2980,1108,160,617,Lobules IV-V,left
700,778,2846,1106,162,589,Lobules IV-V,left
700,782,2888,1107,162,598,Lobules IV-V,left
700,796,2813,1105,166,583,Lobules IV-V,left
700,812,2866,1104,171,593,Lobules IV-V,left
700,1082,3513,1094,233,731,Lobules IV-V,left
700,1219,1958,1079,245,384,Lobules IV-V,right
697,652,2995,1115,122,621,Lobules IV-V,left
697,746,2786,1109,151,576,Lobules IV-V,left
697,751,2746,1108,152,568,Lobules IV-V,right
697,1640,1724,1067,342,331,Lobules IV-V,right
697,554,2904,1116,94,602,Lobules IV-V,left
697,570,2840,1115,97,588,Lobules IV-V,left
697,592,3158,1116,105,657,Lobules IV-V,left
697,597,2475,1109,98,509,Lobules IV-V,right
697,601,2454,1109,99,504,Lobules IV-V,right
697,621,3228,1115,113,673,Lobules IV-V,left
697,634,3022,1116,117,626,Lobules IV-V,left
697,660,2515,1108,118,517,Lobules IV-V,right
697,662,2986,1115,125,619,Lobules IV-V,left
697,666,3230,1115,126,673,Lobules IV-V,left
697,673,2941,1114,129,609,Lobules IV-V,left
697,682,2927,1113,131,606,Lobules IV-V,left
697,686,3179,1115,132,662,Lobules IV-V,left
697,696,2898,1112,135,600,Lobules IV-V,left
697,709,2674,1108,137,553,Lobules IV-V,right
697,710,2911,1112,140,602,Lobules IV-V,left
697,712,2682,1108,137,554,Lobules IV-V,right
697,726,2896,1111,145,599,Lobules IV-V,left
697,737,2615,1107,144,540,Lobules IV-V,right
697,737,3203,1114,147,668,Lobules IV-V,left
697,739,2903,1111,150,601,Lobules IV-V,left
697,741,2671,1107,147,552,Lobules IV-V,right
697,743,2798,1109,151,579,Lobules IV-V,left
697,765,2823,1108,158,585,Lobules IV-V,left
697,774,2968,1110,161,615,Lobules IV-V,left
697,777,2763,1107,160,572,Lobules IV-V,left
697,781,2924,1109,163,605,Lobules IV-V,left
697,789,2792,1106,165,577,Lobules IV-V,left
697,794,2964,1109,167,614,Lobules IV-V,left
697,805,2756,1105,170,570,Lobules IV-V,right
697,844,3419,1110,177,716,Lobules IV-V,left
697,1246,1919,1081,250,374,Lobules IV-V,right
697,1628,1732,1068,340,332,Lobules IV-V,right
695,708,2881,1112,140,596,Lobules IV-V,left
695,582,3110,1116,102,646,Lobules IV-V,left
695,746,3163,1114,151,658,Lobules IV-V,left
695,756,2731,1107,153,565,Lobules IV-V,right
696,723,3150,1114,145,655,Lobules IV-V,left
696,738,3225,1114,149,672,Lobules IV-V,left
696,741,3139,1114,149,653,Lobules IV-V,left
696,773,2644,1105,158,547,Lobules IV-V,right
696,833,2657,1102,177,549,Lobule III,right
696,568,2795,1114,96,579,Lobules IV-V,left
696,569,2797,1114,96,579,Lobules IV-V,left
696,1247,1920,1081,250,374,Lobules IV-V,right
696,1254,1956,1081,253,382,Lobules IV-V,right
698,554,2963,1116,95,615,Lobules IV-V,left
698,598,3170,1115,107,659,Lobules IV-V,left
698,613,2951,1114,111,611,Lobules IV-V,left
698,619,3016,1115,113,625,Lobules IV-V,left
698,650,2983,1114,121,619,Lobules IV-V,left
698,659,2973,1114,124,617,Lobules IV-V,left
698,577,3107,1116,101,645,Lobules IV-V,left
698,588,3140,1115,105,653,Lobules IV-V,left
698,613,2979,1115,111,618,Lobules IV-V,left
698,624,3000,1115,114,622,Lobules IV-V,left
698,627,2392,1107,106,488,Lobules IV-V,right
698,636,3001,1114,117,622,Lobules IV-V,left
698,635,3012,1114,117,624,Lobules IV-V,left
698,690,2916,1112,134,604,Lobules IV-V,left
698,704,3097,1113,139,643,Lobules IV-V,left
698,741,2623,1106,146,543,Lobules IV-V,right
698,755,2931,1109,154,607,Lobules IV-V,left
698,790,2953,1108,165,612,Lobules IV-V,left
698,801,2846,1106,168,589,Lobules IV-V,left
698,803,2919,1106,170,605,Lobules IV-V,left
698,979,1484,1095,182,278,Simple lobule,right
698,598,2476,1108,99,509,Lobules IV-V,right
698,610,3014,1115,110,625,Lobules IV-V,left
698,625,3192,1114,114,664,Lobules IV-V,left
698,710,2908,1111,140,602,Lobules IV-V,left
698,721,2677,1107,140,553,Lobules IV-V,right
698,721,2887,1110,143,597,Lobules IV-V,left
698,722,2902,1111,143,600,Lobules IV-V,left
698,725,3195,1113,144,665,Lobules IV-V,left
698,727,3127,1113,145,649,Lobules IV-V,left
698,757,2862,1108,154,592,Lobules IV-V,left
698,762,2835,1108,156,587,Lobules IV-V,left
698,775,2637,1104,158,545,Lobules IV-V,right
698,776,2876,1108,161,595,Lobules IV-V,left
698,783,2999,1109,164,622,Lobules IV-V,left
698,788,2640,1104,163,546,Lobules IV-V,right
698,817,2544,1103,168,524,Lobules IV-V,right
698,830,3399,1110,172,712,Lobules IV-V,left
698,1321,3746,1089,289,778,Lobules IV-V,left
698,1647,1732,1066,343,332,Lobules IV-V,right
699,560,2870,1113,95,595,Lobules IV-V,left
699,616,2966,1114,111,615,Lobules IV-V,left
699,639,2988,1113,118,620,Lobules IV-V,left
699,774,2941,1108,160,609,Lobules IV-V,left
699,568,2925,1114,98,606,Lobules IV-V,left
699,572,2810,1112,96,582,Lobules IV-V,left
699,579,3103,1114,102,645,Lobules IV-V,left
699,603,2454,1107,101,504,Lobules IV-V,right
699,619,2994,1114,112,621,Lobules IV-V,left
699,659,2965,1112,124,615,Lobules IV-V,left
699,692,3068,1113,134,637,Lobules IV-V,left
699,707,3206,1113,138,668,Lobules IV-V,left
699,738,3083,1111,149,641,Lobules IV-V,left
699,744,2872,1108,151,594,Lobules IV-V,left
699,793,2843,1105,167,589,Lobules IV-V,left
699,1730,1699,1061,363,325,Lobules IV-V,right
699,551,3021,1115,94,627,Lobules IV-V,left
699,599,2876,1113,105,596,Lobules IV-V,left
699,611,3195,1113,110,665,Lobules IV-V,left
699,632,2392,1106,107,488,Lobules IV-V,right
699,708,2894,1110,140,599,Lobules IV-V,left
699,709,2673,1106,137,553,Lobules IV-V,right
699,724,2932,1110,145,607,Lobules IV-V,left
699,725,2827,1108,144,585,Lobules IV-V,left
699,740,2888,1109,149,598,Lobules IV-V,left
699,747,2859,1108,151,592,Lobules IV-V,left
699,750,2821,1107,152,584,Lobules IV-V,left
699,769,2910,1107,159,603,Lobules IV-V,left
699,798,2658,1102,166,550,Lobules IV-V,right
699,804,2833,1104,170,587,Lobules IV-V,left
699,816,2546,1102,168,524,Lobules IV-V,right
699,825,2626,1101,173,542,Lobules IV-V,right
699,1116,3513,1093,241,730,Lobules IV-V,left
699,1578,1743,1069,327,335,Lobules IV-V,right
710,583,2818,1107,99,585,Lobules IV-V,left
710,642,2940,1107,117,610,Lobules IV-V,left
710,567,2970,1110,96,617,Lobules IV-V,left
710,572,2884,1108,96,599,Lobules IV-V,left
710,585,2909,1108,101,604,Lobules IV-V,left
710,616,2497,1101,103,514,Lobules IV-V,right
710,633,2958,1108,115,614,Lobules IV-V,left
710,654,3191,1108,122,665,Lobules IV-V,left
710,735,3015,1106,146,626,Lobules IV-V,left
710,743,2924,1104,149,606,Lobules IV-V,left
710,759,2793,1101,154,579,Lobules IV-V,left
710,769,2962,1103,157,614,Lobules IV-V,left
710,770,2948,1103,157,612,Lobules IV-V,left
710,1365,1934,1071,276,375,Lobules IV-V,right
710,1541,1787,1066,317,342,Lobules IV-V,right
710,556,2983,1110,94,620,Lobules IV-V,left
710,565,3004,1110,96,624,Lobules IV-V,left
710,572,2910,1109,97,604,Lobules IV-V,left
710,575,2929,1109,98,608,Lobules IV-V,left
710,591,3040,1109,103,632,Lobules IV-V,left
710,604,3111,1109,108,647,Lobules IV-V,left
710,619,2491,1101,104,512,Lobules IV-V,right
710,625,3163,1108,113,659,Lobules IV-V,left
710,627,2908,1107,112,604,Lobules IV-V,left
710,648,2931,1107,120,608,Lobules IV-V,left
710,658,3026,1108,123,628,Lobules IV-V,left
710,689,2910,1106,132,603,Lobules IV-V,left
710,689,2997,1107,132,622,Lobules IV-V,left
710,691,2960,1106,132,614,Lobules IV-V,left
710,703,3004,1107,137,624,Lobules IV-V,left
710,704,3030,1107,137,629,Lobules IV-V,left
710,705,2912,1105,137,603,Lobules IV-V,left
710,713,3018,1106,140,627,Lobules IV-V,left
710,714,2909,1105,140,603,Lobules IV-V,left
710,732,2977,1105,145,617,Lobules IV-V,left
710,732,2949,1105,145,612,Lobules IV-V,left
710,737,2695,1101,144,558,Lobules IV-V,right
710,739,2586,1099,143,534,Lobules IV-V,right
710,747,2930,1104,149,607,Lobules IV-V,left
710,750,2811,1102,150,582,Lobules IV-V,left
710,793,2748,1099,164,570,Lobules IV-V,right
710,820,2801,1098,172,580,Lobules IV-V,left
710,1597,1739,1063,331,334,Lobules IV-V,right
710,1711,1700,1057,358,325,Lobules IV-V,right
710,1723,1697,1057,361,324,Lobules IV-V,right
710,1823,1664,1053,385,316,Lobules IV-V,right
710,1870,1676,1050,396,318,Lobules IV-V,right
701,590,3125,1114,105,650,Lobules IV-V,left
701,619,3204,1113,113,668,Lobules IV-V,left
701,752,2725,1105,151,564,Lobules IV-V,right
701,585,3112,1114,103,646,Lobules IV-V,left
701,748,2769,1106,152,573,Lobules IV-V,left
701,751,2761,1106,152,571,Lobules IV-V,left
701,752,2837,1107,152,587,Lobules IV-V,left
701,778,2804,1105,162,581,Lobules IV-V,left
701,785,2897,1106,164,599,Lobules IV-V,left
701,1546,1764,1070,319,339,Lobules IV-V,right
701,1648,1724,1065,344,331,Lobules IV-V,right
701,617,2951,1113,111,612,Lobules IV-V,left
701,677,3125,1113,129,650,Lobules IV-V,left
701,679,3088,1113,131,642,Lobules IV-V,left
701,693,2374,1105,126,483,Midbrain,right
701,699,2992,1112,137,620,Lobules IV-V,left
701,713,2676,1106,138,553,Lobules IV-V,right
701,725,2882,1109,144,596,Lobules IV-V,left
701,728,3001,1111,146,622,Lobules IV-V,left
701,731,2854,1108,146,591,Lobules IV-V,left
701,732,2918,1110,146,605,Lobules IV-V,left
701,769,2841,1106,159,588,Lobules IV-V,left
701,788,2746,1104,164,568,Lobules IV-V,right
701,1609,1734,1067,335,333,Lobules IV-V,right
705,589,3066,1112,104,637,Lobules IV-V,left
705,572,2734,1109,94,566,Lobules IV-V,right
705,554,2980,1113,94,618,Lobules IV-V,left
705,811,2783,1102,170,577,Lobules IV-V,left
705,600,3131,1112,107,651,Lobules IV-V,left
705,603,3143,1112,108,654,Lobules IV-V,left
705,609,2953,1111,109,613,Lobules IV-V,left
705,613,2468,1104,103,508,Lobules IV-V,right
705,616,2962,1111,110,614,Lobules IV-V,left
705,616,2977,1112,110,617,Lobules IV-V,left
705,623,3197,1111,114,666,Lobules IV-V,left
705,625,2440,1104,106,500,Lobules IV-V,right
705,657,2956,1110,122,613,Lobules IV-V,left
705,727,3001,1109,144,622,Lobules IV-V,left
705,746,2814,1105,150,583,Lobules IV-V,left
705,749,3004,1108,152,623,Lobules IV-V,left
705,761,2735,1103,154,566,Lobules IV-V,right
705,773,2815,1104,159,583,Lobules IV-V,left
705,552,2970,1113,93,616,Lobules IV-V,left
705,557,2998,1113,94,623,Lobules IV-V,left
705,559,3005,1113,96,624,Lobules IV-V,left
705,584,2925,1112,101,607,Lobules IV-V,left
705,591,3099,1112,104,644,Lobules IV-V,left
705,593,3086,1112,106,641,Lobules IV-V,left
705,608,2941,1111,109,610,Lobules IV-V,left
705,610,3158,1112,110,658,Lobules IV-V,left
705,611,2990,1112,109,620,Lobules IV-V,left
705,611,2998,1112,109,623,Lobules IV-V,left
705,611,3148,1112,110,656,Lobules IV-V,left
705,612,2478,1105,102,510,Lobules IV-V,right
705,624,2997,1112,113,621,Lobules IV-V,left
705,629,3009,1112,115,625,Lobules IV-V,left
705,635,2676,1106,112,553,Lobules IV-V,right
705,636,3091,1112,117,642,Lobules IV-V,left
705,640,3061,1112,118,636,Lobules IV-V,left
705,642,2983,1111,118,619,Lobules IV-V,left
705,646,3082,1111,120,640,Lobules IV-V,left
705,650,2566,1104,115,529,Lobules IV-V,right
705,652,3061,1111,121,636,Lobules IV-V,left
705,656,2696,1106,118,558,Lobules IV-V,right
705,663,3114,1111,126,648,Lobules IV-V,left
705,666,2961,1110,125,614,Lobules IV-V,left
705,682,3172,1111,130,660,Lobules IV-V,left
705,684,3072,1111,132,638,Lobules IV-V,left
705,686,2955,1110,131,613,Lobules IV-V,left
705,697,3180,1111,135,662,Lobules IV-V,left
705,708,2876,1108,139,595,Lobules IV-V,left
705,710,2921,1108,139,605,Lobules IV-V,left
705,711,3091,1110,139,642,Lobules IV-V,left
705,751,2876,1106,152,595,Lobules IV-V,left
705,761,2796,1104,155,579,Lobules IV-V,left
703,569,2744,1109,94,569,Lobules IV-V,right
703,767,2894,1106,157,600,Lobules IV-V,left
703,734,2878,1107,147,596,Lobules IV-V,left
703,752,2878,1106,152,596,Lobules IV-V,left
703,769,2952,1106,158,611,Lobules IV-V,left
703,781,2931,1105,161,607,Lobules IV-V,left
703,801,3398,1108,163,713,Lobules IV-V,left
703,821,2803,1101,173,581,Lobules IV-V,left
703,770,2906,1105,158,602,Lobules IV-V,left
703,772,2961,1106,158,613,Lobules IV-V,left
703,775,2925,1105,160,606,Lobules IV-V,left
702,603,3163,1113,109,659,Lobules IV-V,left
702,617,2709,1108,107,561,Lobules IV-V,right
702,633,2392,1104,108,488,Lobules IV-V,right
702,642,2974,1112,118,617,Lobules IV-V,left
702,661,2952,1111,124,611,Lobules IV-V,left
702,678,2560,1105,124,528,Lobules IV-V,right
702,733,2621,1104,144,541,Lobules IV-V,right
702,742,2962,1109,149,613,Lobules IV-V,left
702,749,2849,1107,152,590,Lobules IV-V,left
702,761,2855,1106,155,591,Lobules IV-V,left
702,778,2965,1107,162,614,Lobules IV-V,left
702,1197,3512,1088,259,728,Lobules IV-V,left
702,1592,1744,1067,330,335,Lobules IV-V,right
702,1630,1727,1065,339,331,Lobules IV-V,right
702,586,2850,1112,101,591,Lobules IV-V,left
702,585,3063,1114,103,637,Lobules IV-V,left
702,588,2953,1113,103,613,Lobules IV-V,left
702,592,2924,1113,103,606,Lobules IV-V,left
702,600,3144,1113,107,654,Lobules IV-V,left
702,623,2973,1112,113,617,Lobules IV-V,left
702,633,2974,1112,116,617,Lobules IV-V,left
702,645,2965,1112,119,615,Lobules IV-V,left
702,662,3117,1112,124,648,Lobules IV-V,left
702,665,2936,1111,125,608,Lobules IV-V,left
702,680,3178,1112,130,662,Lobules IV-V,left
702,689,2953,1110,133,612,Lobules IV-V,left
702,718,2995,1110,143,621,Lobules IV-V,left
702,729,2999,1110,146,622,Lobules IV-V,left
702,738,2862,1107,149,592,Lobules IV-V,left
702,742,2920,1108,149,605,Lobules IV-V,left
702,752,2787,1105,151,577,Lobules IV-V,left
702,759,2768,1105,155,573,Lobules IV-V,left
702,787,2608,1102,160,539,Lobules IV-V,right
702,787,2797,1104,163,579,Lobules IV-V,left
702,803,2748,1102,169,569,Lobules IV-V,right
702,858,2598,1098,182,536,Lobule III,right
702,1561,1749,1069,322,336,Lobules IV-V,right
702,1840,1671,1056,389,317,Lobules IV-V,right
704,775,2786,1103,159,577,Lobules IV-V,left
704,774,2994,1107,160,621,Lobules IV-V,left
704,778,2911,1105,161,603,Lobules IV-V,left
704,800,2918,1104,167,605,Lobules IV-V,left
704,617,2987,1112,110,619,Lobules IV-V,left
704,660,2373,1103,115,484,Lobules IV-V,right
704,772,2962,1106,158,613,Lobules IV-V,left
704,821,2769,1101,173,574,Lobules IV-V,left
704,821,2802,1101,173,580,Lobules IV-V,left
706,552,2944,1112,92,611,Lobules IV-V,left
706,581,2662,1106,95,551,Lobules IV-V,right
706,611,2488,1104,102,512,Lobules IV-V,right
706,628,2982,1110,115,618,Lobules IV-V,left
706,636,2978,1110,116,618,Lobules IV-V,left
706,636,2999,1110,116,623,Lobules IV-V,left
706,740,2697,1102,146,558,Lobules IV-V,right
706,553,2878,1111,93,597,Lobules IV-V,left
706,622,2966,1110,111,615,Lobules IV-V,left
706,628,2969,1110,114,616,Lobules IV-V,left
706,673,2936,1109,128,608,Lobules IV-V,left
706,673,2905,1108,128,602,Lobules IV-V,left
706,679,2890,1108,129,599,Lobules IV-V,left
706,680,3150,1110,130,656,Lobules IV-V,left
706,700,2972,1108,136,616,Lobules IV-V,left
706,701,2907,1107,136,602,Lobules IV-V,left
706,704,3085,1109,138,641,Lobules IV-V,left
706,715,3072,1109,141,638,Lobules IV-V,left
706,726,2837,1105,143,587,Lobules IV-V,left
706,747,2764,1103,149,573,Lobules IV-V,left
706,763,2997,1106,156,621,Lobules IV-V,left
706,786,2814,1102,162,583,Lobules IV-V,left
706,791,2839,1103,164,588,Lobules IV-V,left
706,556,2983,1112,94,620,Lobules IV-V,left
706,619,2750,1107,108,569,Lobules IV-V,right
706,641,2413,1103,110,494,Lobules IV-V,right
706,645,3106,1110,120,646,Lobules IV-V,left
706,674,3039,1110,128,631,Lobules IV-V,left
706,689,3180,1110,133,663,Lobules IV-V,left
706,705,3035,1109,138,630,Lobules IV-V,left
706,742,2889,1106,148,599,Lobules IV-V,left
706,759,2718,1102,153,563,Lobules IV-V,right
706,791,2898,1103,164,601,Lobules IV-V,left
706,804,2761,1101,168,572,Lobules IV-V,left
706,1791,1764,1054,379,338,Lobules IV-V,right
708,557,2990,1111,94,621,Lobules IV-V,left
708,559,2858,1109,93,593,Lobules IV-V,left
708,557,2893,1110,93,601,Lobules IV-V,left
708,568,2818,1108,95,585,Lobules IV-V,left
708,633,2964,1109,116,615,Lobules IV-V,left
708,731,2648,1101,142,548,Lobules IV-V,right
708,772,2938,1104,158,609,Lobules IV-V,left
708,599,3113,1110,107,648,Lobules IV-V,left
708,612,3140,1110,109,654,Lobules IV-V,left
708,616,2485,1102,103,511,Lobules IV-V,right
708,623,2931,1109,112,608,Lobules IV-V,left
708,646,3083,1109,119,641,Lobules IV-V,left
708,668,2956,1108,126,613,Lobules IV-V,left
708,712,3056,1108,139,635,Lobules IV-V,left
708,714,2671,1102,137,552,Lobules IV-V,right
708,729,2983,1107,145,619,Lobules IV-V,left
708,729,3039,1107,145,631,Lobules IV-V,left
708,736,3030,1107,147,629,Lobules IV-V,left
708,754,2885,1104,153,598,Lobules IV-V,left
708,764,2959,1105,156,614,Lobules IV-V,left
708,788,2955,1103,164,613,Lobules IV-V,left
708,795,2930,1103,165,607,Lobules IV-V,left
708,825,2655,1097,172,549,Lobules IV-V,right
708,562,3007,1111,95,624,Lobules IV-V,left
708,597,3099,1110,105,645,Lobules IV-V,left
708,649,3150,1109,121,656,Lobules IV-V,left
708,698,3046,1108,136,632,Lobules IV-V,left
708,699,3049,1108,136,634,Lobules IV-V,left
708,717,2896,1106,140,600,Lobules IV-V,left
708,737,2838,1104,146,588,Lobules IV-V,left
708,748,2988,1106,151,620,Lobules IV-V,left
708,752,2736,1102,150,566,Lobules IV-V,right
708,753,2943,1105,153,610,Lobules IV-V,left
708,767,2983,1105,156,619,Lobules IV-V,left
708,768,2865,1103,158,594,Lobules IV-V,left
708,777,2805,1102,159,581,Lobules IV-V,left
708,785,2731,1100,161,565,Lobules IV-V,right
708,823,2786,1099,174,577,Lobules IV-V,left
708,1209,3671,1089,263,764,Lobules IV-V,left
707,641,2962,1109,117,614,Lobules IV-V,left
707,568,3022,1111,98,627,Lobules IV-V,left
707,568,2835,1109,96,588,Lobules IV-V,left
707,618,2923,1109,111,607,Lobules IV-V,left
707,628,2952,1109,114,612,Lobules IV-V,left
707,658,2937,1108,123,609,Lobules IV-V,left
707,720,2676,1102,139,554,Lobules IV-V,right
707,570,2893,1110,97,601,Lobules IV-V,left
707,573,2746,1107,95,569,Lobules IV-V,right
707,611,3150,1110,109,656,Lobules IV-V,left
707,649,2953,1108,120,613,Lobules IV-V,left
707,655,2390,1101,114,488,Lobules IV-V,right
707,731,2937,1106,145,608,Lobules IV-V,left
707,759,2896,1104,154,600,Lobules IV-V,left
707,1679,1713,1060,351,328,Lobules IV-V,right
707,566,2874,1109,95,596,Lobules IV-V,left
707,589,2938,1110,103,610,Lobules IV-V,left
707,638,3139,1109,118,654,Lobules IV-V,left
707,647,3105,1109,119,646,Lobules IV-V,left
707,685,3086,1109,131,641,Lobules IV-V,left
707,685,2988,1108,131,620,Lobules IV-V,left
707,687,3012,1108,131,625,Lobules IV-V,left
707,695,3131,1109,134,651,Lobules IV-V,left
707,720,2857,1105,141,592,Lobules IV-V,left
707,728,2944,1106,145,611,Lobules IV-V,left
707,766,2857,1103,156,591,Lobules IV-V,left
707,771,2917,1104,158,604,Lobules IV-V,left
707,787,2731,1100,161,565,Lobules IV-V,right
707,795,2801,1101,165,580,Lobules IV-V,left
707,1570,1747,1066,325,335,Lobules IV-V,right
707,1578,1747,1065,327,335,Lobules IV-V,right
707,1592,1739,1065,330,334,Lobules IV-V,right
707,1783,1731,1054,377,330,Lobules IV-V,right
709,563,2936,1110,96,609,Lobules IV-V,left
709,576,2877,1109,98,596,Lobules IV-V,left
709,629,2944,1109,114,611,Lobules IV-V,left
709,647,2945,1108,118,611,Lobules IV-V,left
709,651,2934,1108,120,609,Lobules IV-V,left
709,658,2927,1108,123,607,Lobules IV-V,left
709,723,2880,1105,143,597,Lobules IV-V,left
709,590,3049,1110,104,634,Lobules IV-V,left
709,605,2589,1104,101,535,Lobules IV-V,right
709,611,2714,1105,104,562,Lobules IV-V,right
709,621,3154,1110,112,657,Lobules IV-V,left
709,665,3050,1109,125,634,Lobules IV-V,left
709,689,3004,1108,133,624,Lobules IV-V,left
709,702,2941,1107,136,610,Lobules IV-V,left
709,705,2871,1106,137,595,Lobules IV-V,left
709,722,2973,1107,142,617,Lobules IV-V,left
709,735,2867,1105,146,594,Lobules IV-V,left
709,740,2977,1106,148,617,Lobules IV-V,left
709,758,2808,1103,154,582,Lobules IV-V,left
709,778,2800,1102,160,580,Lobules IV-V,left
709,792,2850,1102,164,590,Lobules IV-V,left
709,1574,1769,1065,326,340,Lobules IV-V,right
709,1584,1772,1065,329,340,Lobules IV-V,right
709,553,2977,1111,94,618,Lobules IV-V,left
709,579,2949,1110,100,612,Lobules IV-V,left
709,597,2768,1107,101,574,Lobules IV-V,left
709,604,3122,1110,108,649,Lobules IV-V,left
709,627,2465,1102,106,506,Lobules IV-V,right
709,637,2947,1109,115,611,Lobules IV-V,left
709,672,3026,1109,127,628,Lobules IV-V,left
709,678,3165,1109,130,659,Lobules IV-V,left
709,683,2961,1108,131,614,Lobules IV-V,left
709,692,3119,1109,133,649,Lobules IV-V,left
709,700,2966,1107,136,615,Lobules IV-V,left
709,714,2985,1107,140,619,Lobules IV-V,left
709,725,3047,1107,144,632,Lobules IV-V,left
709,728,2991,1107,145,620,Lobules IV-V,left
709,735,2966,1106,147,615,Lobules IV-V,left
709,751,2999,1106,151,622,Lobules IV-V,left
709,756,2656,1100,150,549,Lobules IV-V,right
709,761,2733,1101,153,566,Lobules IV-V,right
709,761,2755,1102,153,571,Lobules IV-V,left
709,797,2794,1101,165,579,Lobules IV-V,left
709,873,2895,1096,188,600,Lobule III,left
709,1642,1723,1062,342,331,Lobules IV-V,right
709,1693,3858,1067,377,800,Lobules IV-V,left
712,578,2741,1104,96,568,Lobules IV-V,right
712,674,3139,1107,128,654,Lobules IV-V,left
712,679,3131,1107,129,652,Lobules IV-V,left
712,791,2882,1100,163,597,Lobules IV-V,left
712,587,2807,1106,99,582,Lobules IV-V,left
712,617,3147,1108,111,655,Lobules IV-V,left
712,623,3164,1107,113,659,Lobules IV-V,left
712,676,3159,1107,128,659,Lobules IV-V,left
712,752,2930,1103,151,608,Lobules IV-V,left
712,829,2629,1095,173,544,Lobules IV-V,right
711,610,3131,1108,109,652,Lobules IV-V,left
711,747,2978,1104,149,618,Lobules IV-V,left
711,1415,1975,1068,288,383,Lobules IV-V,right
711,566,3003,1109,96,624,Lobules IV-V,left
711,607,2605,1102,101,538,Lobules IV-V,right
711,618,2492,1100,104,512,Lobules IV-V,right
713,637,2929,1106,115,608,Lobules IV-V,left
713,1354,1933,1070,273,376,Lobules IV-V,right
713,601,2769,1104,102,574,Lobules IV-V,left
713,601,3110,1108,106,647,Lobules IV-V,left
713,617,2492,1100,103,512,Lobules IV-V,right
713,632,3162,1107,115,658,Lobules IV-V,left
713,672,2580,1100,120,533,Lobules IV-V,right
713,701,2617,1099,131,540,Lobules IV-V,right
713,727,2669,1099,140,553,Lobules IV-V,right
713,731,2652,1099,141,548,Lobules IV-V,right
713,742,2966,1104,148,615,Lobules IV-V,left
713,784,2768,1099,161,574,Lobules IV-V,left
713,561,2994,1109,95,622,Lobules IV-V,left
713,571,2986,1108,97,620,Lobules IV-V,left
713,584,2970,1108,101,617,Lobules IV-V,left
713,590,2905,1107,102,603,Lobules IV-V,left
713,591,3055,1108,103,635,Lobules IV-V,left
713,592,2925,1107,102,607,Lobules IV-V,left
713,602,3032,1108,106,630,Lobules IV-V,left
713,608,3092,1108,109,643,Lobules IV-V,left
713,621,2480,1100,104,510,Lobules IV-V,right
713,623,2746,1103,109,569,Lobules IV-V,right
713,636,2894,1106,114,601,Lobules IV-V,left
713,647,3154,1107,119,657,Lobules IV-V,left
713,653,2928,1106,121,608,Lobules IV-V,left
713,661,2914,1106,122,605,Lobules IV-V,left
713,663,2893,1105,124,600,Lobules IV-V,left
713,671,2906,1105,125,603,Lobules IV-V,left
713,698,2608,1099,131,539,Lobules IV-V,right
713,699,2969,1105,135,616,Lobules IV-V,left
713,709,2733,1101,136,566,Lobules IV-V,right
713,713,2687,1100,137,556,Lobules IV-V,right
713,719,2878,1103,141,597,Lobules IV-V,left
713,719,2944,1104,141,611,Lobules IV-V,left
713,721,2855,1103,141,592,Lobules IV-V,left
713,723,2846,1103,142,590,Lobules IV-V,left
713,725,2746,1101,141,569,Lobules IV-V,right
713,729,2859,1103,144,593,Lobules IV-V,left
713,736,2879,1103,146,597,Lobules IV-V,left
713,796,2837,1099,164,587,Lobules IV-V,left
713,1516,1955,1066,312,377,Lobules IV-V,right
716,574,2938,1106,98,611,Lobules IV-V,left
716,574,2975,1106,98,618,Lobules IV-V,left
716,724,2678,1098,139,555,Lobules IV-V,right
716,733,2692,1097,143,557,Lobules IV-V,right
716,591,2811,1103,100,583,Lobules IV-V,left
716,594,2875,1104,102,597,Lobules IV-V,left
716,643,3083,1105,119,642,Lobules IV-V,left
716,669,2575,1098,120,532,Lobules IV-V,right
716,722,2863,1101,140,594,Lobules IV-V,left
716,723,2880,1101,142,597,Lobules IV-V,left
716,750,2958,1101,150,614,Lobules IV-V,left
716,785,2861,1098,161,593,Lobules IV-V,left
716,804,2809,1097,167,582,Lobules IV-V,left
716,810,2847,1097,168,590,Lobules IV-V,left
716,823,2812,1096,173,582,Lobules IV-V,left
716,665,2892,1103,123,600,Lobules IV-V,left
716,692,2877,1102,131,596,Lobules IV-V,left
716,695,2926,1103,133,607,Lobules IV-V,left
716,698,2918,1103,134,606,Lobules IV-V,left
716,706,2565,1097,131,529,Lobules IV-V,right
716,720,2909,1102,141,604,Lobules IV-V,left
716,730,2842,1100,143,589,Lobules IV-V,left
716,746,2847,1100,148,590,Lobules IV-V,left
716,770,2871,1099,156,595,Lobules IV-V,left
716,793,2805,1097,164,581,Lobules IV-V,left
716,1546,1771,1064,318,339,Lobules IV-V,right
714,607,2534,1100,100,523,Lobules IV-V,right
714,643,2905,1105,117,603,Lobules IV-V,left
714,660,2904,1104,122,603,Lobules IV-V,left
714,609,3119,1107,109,650,Lobules IV-V,left
714,615,3076,1107,110,640,Lobules IV-V,left
714,639,2916,1105,116,605,Lobules IV-V,left
714,642,2886,1105,116,599,Lobules IV-V,left
714,650,3104,1106,120,646,Lobules IV-V,left
714,672,2891,1104,125,599,Lobules IV-V,left
714,674,2941,1105,127,610,Lobules IV-V,left
714,690,2887,1103,131,598,Lobules IV-V,left
714,700,2855,1102,134,592,Lobules IV-V,left
714,717,2807,1101,138,581,Lobules IV-V,left
714,738,2729,1099,146,565,Lobules IV-V,right
714,745,2763,1099,148,573,Lobules IV-V,left
714,758,2677,1097,151,554,Lobules IV-V,right
714,788,2618,1096,160,542,Lobules IV-V,right
714,801,2844,1098,166,590,Lobules IV-V,left
714,806,2835,1098,167,588,Lobules IV-V,left
714,817,2832,1097,170,587,Lobules IV-V,left
714,1610,1735,1061,334,333,Lobules IV-V,right
714,587,2972,1107,101,617,Lobules IV-V,left
714,595,2915,1106,103,605,Lobules IV-V,left
714,595,2988,1107,104,621,Lobules IV-V,left
714,602,2617,1101,99,541,Lobules IV-V,right
714,642,3081,1106,117,641,Lobules IV-V,left
714,648,2429,1098,113,498,Lobules IV-V,right
714,695,2609,1098,129,539,Lobules IV-V,right
714,709,2661,1099,134,550,Lobules IV-V,right
714,710,2979,1104,138,619,Lobules IV-V,left
714,747,2927,1102,149,607,Lobules IV-V,left
714,763,2853,1100,155,592,Lobules IV-V,left
714,765,2953,1102,155,613,Lobules IV-V,left
714,766,2809,1100,155,582,Lobules IV-V,left
714,815,2765,1096,170,573,Lobules IV-V,left
714,1442,2023,1066,295,394,Lobules IV-V,right
715,606,2605,1099,100,539,Lobules IV-V,right
715,614,2507,1098,103,516,Lobules IV-V,right
715,663,2914,1103,123,605,Lobules IV-V,left
715,737,2706,1098,143,560,Lobules IV-V,right
715,740,2858,1100,147,593,Lobules IV-V,left
715,789,2848,1098,162,591,Lobules IV-V,left
715,563,2993,1107,96,623,Lobules IV-V,left
715,620,3140,1106,112,654,Lobules IV-V,left
715,629,2948,1105,113,613,Lobules IV-V,left
715,646,2912,1104,117,604,Lobules IV-V,left
715,664,2882,1103,123,598,Lobules IV-V,left
715,736,2887,1101,145,598,Lobules IV-V,left
715,1616,1732,1060,335,332,Lobules IV-V,right
715,1646,1722,1058,342,330,Lobules IV-V,right
715,610,3110,1106,109,648,Lobules IV-V,left
715,612,2516,1098,101,518,Lobules IV-V,right
715,641,3132,1105,117,652,Lobules IV-V,left
715,657,3151,1105,122,657,Cerebellum,left
715,662,3144,1105,123,655,Cerebellum,left
715,671,2959,1104,125,615,Lobules IV-V,left
715,680,3059,1105,129,637,Lobules IV-V,left
715,698,2926,1103,134,607,Lobules IV-V,left
715,710,2884,1102,137,598,Lobules IV-V,left
715,718,2977,1103,141,618,Lobules IV-V,left
715,719,2956,1102,141,613,Lobules IV-V,left
715,725,2834,1100,142,588,Lobules IV-V,left
715,746,2968,1102,149,616,Lobules IV-V,left
715,769,2820,1098,156,585,Lobules IV-V,left
715,769,2890,1100,156,599,Lobules IV-V,left
715,770,2910,1100,156,604,Lobules IV-V,left
715,799,2861,1098,165,593,Lobules IV-V,left
715,1343,2481,1078,275,494,Lobule III,right
715,1475,1853,1066,301,356,Lobules IV-V,right
715,1587,1755,1061,328,337,Lobules IV-V,right
715,1712,1705,1055,358,326,Lobules IV-V,right
717,762,2935,1101,153,609,Lobules IV-V,left
717,611,2533,1099,101,523,Lobules IV-V,right
717,608,2892,1104,107,600,Lobules IV-V,left
717,724,2667,1097,139,552,Lobules IV-V,right
717,570,2994,1106,97,623,Lobules IV-V,left
717,607,2870,1104,105,596,Lobules IV-V,left
717,609,3083,1106,109,642,Lobules IV-V,left
717,650,2702,1100,115,559,Lobules IV-V,right
717,656,2646,1099,116,547,Lobules IV-V,right
717,668,3074,1105,126,640,Lobules IV-V,left
717,669,2604,1098,120,538,Lobules IV-V,right
717,681,2926,1103,128,607,Lobules IV-V,left
717,688,2824,1101,130,586,Lobules IV-V,left
717,724,2949,1102,142,612,Lobules IV-V,left
717,727,2709,1098,140,561,Lobules IV-V,right
717,745,2915,1101,148,605,Lobules IV-V,left
717,750,2858,1100,150,593,Lobules IV-V,left
717,762,2886,1100,153,598,Lobules IV-V,left
717,769,2877,1099,156,596,Lobules IV-V,left
717,779,2817,1098,159,583,Lobules IV-V,left
717,782,2829,1098,159,587,Lobules IV-V,left
717,1587,1799,1061,329,346,Lobules IV-V,right
717,577,3008,1106,99,626,Lobules IV-V,left
717,589,2778,1103,99,576,Lobules IV-V,left
717,592,2839,1104,100,589,Lobules IV-V,left
717,593,2903,1105,103,603,Lobules IV-V,left
717,605,3076,1106,107,640,Lobules IV-V,left
717,672,2956,1104,125,614,Lobules IV-V,left
717,680,3071,1105,129,639,Lobules IV-V,left
717,714,2685,1098,136,556,Lobules IV-V,right
717,718,2976,1103,141,618,Lobules IV-V,left
717,734,2984,1102,146,620,Lobules IV-V,left
717,767,2654,1096,152,549,Lobules IV-V,right
717,783,2903,1099,161,602,Lobules IV-V,left
717,784,2896,1099,161,600,Lobules IV-V,left
720,718,2789,1098,139,578,Lobules IV-V,left
720,790,2865,1096,162,594,Lobules IV-V,left
720,770,2914,1098,156,605,Lobules IV-V,left
720,612,2559,1097,101,529,Lobules IV-V,right
720,612,2592,1097,101,535,Lobules IV-V,right
720,689,2940,1101,131,611,Lobules IV-V,left
718,1476,1875,1065,301,361,Lobules IV-V,right
718,588,2892,1104,101,600,Lobules IV-V,left
718,681,2882,1101,127,598,Lobules IV-V,left
718,694,3021,1103,133,628,Lobules IV-V,left
718,701,2610,1096,130,539,Lobules IV-V,right
718,724,2853,1100,141,592,Lobules IV-V,left
718,729,2696,1097,141,558,Lobules IV-V,right
718,732,2747,1098,142,569,Lobules IV-V,right
718,731,2761,1098,142,572,Lobules IV-V,left
718,743,2885,1099,148,598,Lobules IV-V,left
718,760,2828,1098,152,587,Lobules IV-V,left
718,808,2801,1095,168,580,Lobules IV-V,left
718,1418,3775,1075,311,784,Lobules IV-V,left
718,1543,1987,1062,320,384,Lobules IV-V,right
718,1688,1718,1055,353,330,Lobules IV-V,right
718,585,2989,1105,101,622,Lobules IV-V,left
718,588,3024,1105,103,629,Lobules IV-V,left
718,589,3025,1105,103,629,Lobules IV-V,left
718,590,2844,1103,100,590,Lobules IV-V,left
718,590,2946,1104,102,612,Lobules IV-V,left
718,592,2841,1103,100,589,Lobules IV-V,left
718,593,2833,1103,101,588,Lobules IV-V,left
718,596,2868,1103,102,596,Lobules IV-V,left
718,605,2613,1098,100,541,Lobules IV-V,right
718,611,2766,1101,104,573,Lobules IV-V,left
718,677,3042,1103,127,632,Lobules IV-V,left
718,683,2960,1102,130,615,Lobules IV-V,left
718,684,3052,1103,130,634,Lobules IV-V,left
718,693,2938,1102,133,610,Lobules IV-V,left
718,708,2976,1102,138,618,Lobules IV-V,left
718,715,2943,1101,139,611,Lobules IV-V,left
718,717,2869,1100,138,595,Lobules IV-V,left
718,719,2977,1102,141,618,Lobules IV-V,left
718,733,2961,1101,145,615,Lobules IV-V,left
718,737,2869,1100,145,595,Lobules IV-V,left
718,745,2830,1099,148,587,Lobules IV-V,left
718,748,2838,1099,149,589,Lobules IV-V,left
718,756,2917,1100,151,605,Lobules IV-V,left
718,761,2817,1098,152,584,Lobules IV-V,left
718,763,2791,1097,154,578,Lobules IV-V,left
718,1331,3553,1078,287,738,Lobules IV-V,left
721,589,3013,1104,102,627,Lobules IV-V,left
721,570,2952,1104,96,613,Lobules IV-V,left
721,572,2978,1104,97,620,Lobules IV-V,left
721,589,2762,1100,98,572,Lobules IV-V,left
721,595,2959,1103,103,615,Lobules IV-V,left
721,597,2747,1100,99,569,Lobules IV-V,right
721,601,3034,1104,105,632,Lobules IV-V,left
721,606,3051,1104,107,635,Lobules IV-V,left
721,613,2552,1096,103,526,Lobules IV-V,right
721,650,2698,1098,115,559,Lobules IV-V,right
721,675,2880,1100,126,598,Lobules IV-V,left
721,682,2617,1096,123,541,Lobules IV-V,right
721,730,2963,1100,143,616,Lobules IV-V,left
721,754,2917,1099,151,605,Lobules IV-V,left
721,1350,3757,1078,295,781,Lobules IV-V,left
721,583,2835,1102,98,588,Lobules IV-V,left
721,600,2890,1102,103,600,Lobules IV-V,left
721,608,2918,1103,107,607,Lobules IV-V,left
721,610,2621,1097,102,542,Lobules IV-V,right
721,611,2602,1097,102,537,Lobules IV-V,right
721,614,2864,1102,107,595,Lobules IV-V,left
721,613,3073,1104,110,640,Lobules IV-V,left
721,618,2541,1096,104,524,Lobules IV-V,right
721,619,3088,1103,111,644,Lobules IV-V,left
721,621,2530,1096,104,522,Lobules IV-V,right
721,625,2516,1096,105,518,Lobules IV-V,right
721,630,2893,1102,112,601,Lobules IV-V,left
721,634,2938,1102,114,611,Lobules IV-V,left
721,635,2887,1101,113,599,Lobules IV-V,left
721,635,3110,1103,116,648,Lobules IV-V,left
721,636,2495,1096,108,513,Lobules IV-V,right
721,637,2716,1098,111,562,Lobules IV-V,right
721,640,2961,1102,116,615,Lobules IV-V,left
721,641,3083,1103,117,642,Lobules IV-V,left
721,643,2992,1103,118,622,Lobules IV-V,left
721,648,3018,1103,119,628,Lobules IV-V,left
721,653,2468,1095,114,507,Lobules IV-V,right
721,660,2891,1101,121,600,Lobules IV-V,left
721,662,2647,1096,117,547,Lobules IV-V,right
721,662,2907,1101,121,603,Lobules IV-V,left
721,663,3032,1102,124,630,Lobules IV-V,left
721,683,2817,1099,128,584,Lobules IV-V,left
721,686,2877,1100,129,597,Lobules IV-V,left
721,689,3011,1102,131,626,Lobules IV-V,left
721,704,2870,1099,135,596,Lobules IV-V,left
721,703,2979,1101,136,619,Lobules IV-V,left
721,715,2966,1101,139,616,Lobules IV-V,left
721,720,2849,1099,139,591,Lobules IV-V,left
721,722,2663,1095,137,552,Lobules IV-V,right
721,792,2650,1093,159,548,Lobules IV-V,right
721,809,2790,1094,167,578,Lobules IV-V,left
721,810,2842,1095,168,589,Lobules IV-V,left
721,824,2805,1094,172,582,Lobules IV-V,left
721,1563,1830,1060,324,352,Lobules IV-V,right
721,1777,1730,1049,374,331,Lobules IV-V,right
719,742,2901,1099,146,602,Lobules IV-V,left
719,677,3063,1103,127,638,Lobules IV-V,left
719,738,2853,1098,146,592,Lobules IV-V,left
723,571,2891,1101,95,601,Lobules IV-V,left
723,587,2865,1100,98,595,Lobules IV-V,left
723,677,2929,1099,126,609,Lobules IV-V,left
723,725,2705,1094,139,560,Lobules IV-V,right
723,750,2857,1096,148,592,Lobules IV-V,left
723,607,3033,1102,106,632,Lobules IV-V,left
723,618,3074,1101,111,641,Lobules IV-V,left
723,645,3010,1101,117,626,Lobules IV-V,left
723,657,2866,1098,119,595,Lobules IV-V,left
723,685,2943,1099,129,612,Lobules IV-V,left
723,723,2979,1098,141,619,Lobules IV-V,left
723,733,2798,1095,143,581,Lobules IV-V,left
723,757,2799,1095,150,581,Lobules IV-V,left
723,997,2897,1082,212,601,Lobule III,left
723,577,2973,1102,97,619,Lobules IV-V,left
723,598,2784,1098,101,578,Lobules IV-V,left
723,598,3022,1102,105,629,Lobules IV-V,left
723,601,2770,1098,101,575,Lobules IV-V,left
723,608,2890,1100,106,601,Lobules IV-V,left
723,614,2599,1095,103,537,Lobules IV-V,right
723,617,3065,1101,109,638,Lobules IV-V,left
723,625,3023,1101,112,630,Lobules IV-V,left
723,628,2520,1094,107,519,Lobules IV-V,right
723,638,2501,1093,110,515,Lobules IV-V,right
723,683,2563,1093,124,529,Lobules IV-V,right
723,686,2879,1098,128,598,Lobules IV-V,left
723,712,2652,1093,133,548,Lobules IV-V,right
723,730,2756,1095,141,571,Lobules IV-V,left
723,747,2801,1095,146,581,Lobules IV-V,left
723,755,2758,1094,149,572,Lobules IV-V,left
723,1391,1898,1064,280,367,Lobules IV-V,right
723,1729,1697,1050,362,324,Lobules IV-V,right
723,1752,1743,1048,368,334,Lobules IV-V,right
724,579,2966,1102,99,617,Lobules IV-V,left
724,583,2812,1099,97,583,Lobules IV-V,left
724,582,2945,1101,98,612,Lobules IV-V,left
724,610,2609,1095,101,540,Lobules IV-V,right
724,672,2671,1094,120,553,Lobules IV-V,right
724,711,2859,1097,136,594,Lobules IV-V,left
724,741,2886,1097,145,599,Lobules IV-V,left
724,617,3042,1101,109,633,Lobules IV-V,left
724,640,2720,1096,112,564,Lobules IV-V,right
724,687,2911,1099,128,604,Lobules IV-V,left
724,708,2891,1098,136,600,Lobules IV-V,left
724,709,2928,1098,136,609,Lobules IV-V,left
724,715,2753,1095,136,571,Lobules IV-V,left
724,586,2871,1100,98,596,Lobules IV-V,left
724,603,3025,1101,106,630,Lobules IV-V,left
724,603,2936,1101,105,610,Lobules IV-V,left
724,616,2754,1097,105,571,Lobules IV-V,left
724,635,2738,1096,111,568,Lobules IV-V,right
724,679,2991,1100,128,622,Lobules IV-V,left
724,710,2792,1096,135,579,Lobules IV-V,left
724,742,2873,1096,145,597,Lobules IV-V,left
724,802,2829,1094,164,587,Lobules IV-V,left
724,595,3004,1102,103,625,Lobules IV-V,left
724,599,3015,1102,105,628,Lobules IV-V,left
724,606,2638,1095,100,546,Lobules IV-V,right
724,616,2599,1095,103,537,Lobules IV-V,right
724,627,3014,1101,112,628,Lobules IV-V,left
724,638,2503,1093,110,516,Lobules IV-V,right
724,656,2971,1100,120,618,Lobules IV-V,left
724,657,2867,1098,119,595,Lobules IV-V,left
724,658,2957,1100,121,614,Lobules IV-V,left
724,682,2977,1100,128,619,Lobules IV-V,left
724,693,2949,1099,132,613,Lobules IV-V,left
724,715,2728,1095,136,566,Lobules IV-V,right
724,724,2694,1094,139,558,Lobules IV-V,right
722,580,2992,1103,99,622,Lobules IV-V,left
722,677,2650,1095,122,548,Lobules IV-V,right
722,731,2741,1095,141,568,Lobules IV-V,right
722,612,2598,1096,101,537,Lobules IV-V,right
722,614,3056,1102,109,636,Lobules IV-V,left
722,633,2918,1101,114,607,Lobules IV-V,left
722,640,2899,1100,115,602,Lobules IV-V,left
722,641,3105,1102,117,647,Lobules IV-V,left
722,649,2916,1100,118,606,Lobules IV-V,left
722,651,2737,1097,115,567,Lobules IV-V,right
722,670,2628,1095,120,544,Lobules IV-V,right
722,677,2841,1099,125,589,Lobules IV-V,left
722,692,2996,1101,131,623,Lobules IV-V,left
722,711,2992,1100,137,621,Lobules IV-V,left
722,714,2867,1098,138,595,Lobules IV-V,left
722,718,2681,1095,137,555,Lobules IV-V,right
722,744,2895,1098,147,601,Lobules IV-V,left
722,746,2834,1097,147,588,Lobules IV-V,left
722,753,2940,1098,151,610,Lobules IV-V,left
722,589,2960,1102,101,616,Lobules IV-V,left
722,596,2800,1100,100,581,Lobules IV-V,left
722,600,3026,1103,105,630,Lobules IV-V,left
722,616,3072,1102,110,639,Lobules IV-V,left
722,623,2527,1095,105,520,Lobules IV-V,right
722,630,2983,1102,113,621,Lobules IV-V,left
722,636,2659,1096,110,551,Lobules IV-V,right
722,637,2495,1095,108,513,Lobules IV-V,right
722,641,2923,1101,115,608,Lobules IV-V,left
722,652,3035,1102,119,632,Lobules IV-V,left
722,653,3003,1101,120,625,Lobules IV-V,left
722,686,2878,1099,128,598,Lobules IV-V,left
722,708,2913,1099,137,605,Lobules IV-V,left
722,730,2757,1096,141,571,Lobules IV-V,left
722,731,2702,1095,141,559,Lobules IV-V,right
722,735,2866,1098,144,594,Lobules IV-V,left
722,806,2754,1093,165,571,Lobules IV-V,left
722,1671,1791,1053,349,344,Lobules IV-V,right
722,1710,1783,1050,359,343,Lobules IV-V,right
726,727,2689,1093,138,557,Lobules IV-V,right
726,589,2804,1098,98,582,Lobules IV-V,left
726,590,2909,1100,100,605,Lobules IV-V,left
726,593,2897,1099,101,602,Lobules IV-V,left
726,622,2560,1093,104,529,Lobules IV-V,right
726,638,2996,1099,116,623,Lobules IV-V,left
726,703,2787,1095,133,578,Lobules IV-V,left
726,708,2958,1098,136,615,Lobules IV-V,left
726,724,2872,1096,140,596,Lobules IV-V,left
726,725,2928,1097,141,609,Lobules IV-V,left
726,745,2836,1095,146,588,Lobules IV-V,left
726,766,2859,1094,153,594,Lobules IV-V,left
726,767,2791,1093,152,579,Lobules IV-V,left
726,774,2817,1093,156,584,Lobules IV-V,left
726,775,2850,1094,156,591,Lobules IV-V,left
726,1526,1840,1060,313,353,Lobules IV-V,right
726,1536,1689,1061,315,323,Simple lobule,right
726,601,2924,1100,103,608,Lobules IV-V,left
726,611,2991,1100,107,622,Lobules IV-V,left
726,613,3018,1100,109,629,Lobules IV-V,left
726,617,3020,1100,109,629,Lobules IV-V,left
726,625,2550,1093,105,526,Lobules IV-V,right
726,631,3060,1100,113,637,Lobules IV-V,left
726,640,2669,1094,111,553,Lobules IV-V,right
726,644,3037,1100,117,632,Lobules IV-V,left
726,648,2974,1099,118,619,Lobules IV-V,left
726,665,2919,1098,122,607,Lobules IV-V,left
726,667,2711,1094,119,562,Lobules IV-V,right
726,674,2917,1098,125,606,Lobules IV-V,left
726,679,2801,1096,125,581,Lobules IV-V,left
726,692,2853,1096,129,593,Lobules IV-V,left
726,697,2981,1098,132,620,Lobules IV-V,left
726,700,2924,1097,133,608,Lobules IV-V,left
726,700,2960,1098,133,615,Lobules IV-V,left
726,706,2915,1097,134,606,Lobules IV-V,left
726,708,2711,1093,134,562,Lobules IV-V,right
726,710,2902,1097,136,602,Lobules IV-V,left
726,715,2910,1097,138,604,Lobules IV-V,left
726,727,2751,1094,139,570,Lobules IV-V,right
726,729,2740,1093,140,568,Lobules IV-V,right
726,731,2896,1096,142,601,Lobules IV-V,left
726,737,2877,1096,144,597,Lobules IV-V,left
726,747,2897,1096,147,601,Lobules IV-V,left
726,824,1863,1084,145,366,Simple lobule,right
726,825,2732,1090,170,566,Lobules IV-V,right
726,1601,2622,1058,342,523,Lobule II,right
726,1640,1728,1054,341,332,Lobules IV-V,right
726,1666,1715,1053,347,329,Lobules IV-V,right
725,758,2903,1096,152,603,Lobules IV-V,left
725,583,2845,1100,98,591,Lobules IV-V,left
725,695,2988,1099,132,622,Lobules IV-V,left
725,599,2908,1100,103,605,Lobules IV-V,left
725,611,2912,1100,106,605,Lobules IV-V,left
725,617,3021,1101,109,629,Lobules IV-V,left
725,647,2733,1096,114,567,Lobules IV-V,right
725,660,3013,1100,122,627,Lobules IV-V,left
725,660,2775,1097,119,576,Lobules IV-V,left
725,683,2893,1098,128,601,Lobules IV-V,left
725,691,2864,1098,130,595,Lobules IV-V,left
725,697,2880,1098,131,598,Lobules IV-V,left
725,724,2893,1097,141,601,Lobules IV-V,left
725,728,2955,1098,143,614,Lobules IV-V,left
725,753,2850,1096,150,591,Lobules IV-V,left
725,761,2885,1096,152,599,Lobules IV-V,left
725,775,2894,1095,156,601,Lobules IV-V,left
725,597,2867,1100,101,595,Lobules IV-V,left
725,618,2605,1095,104,539,Lobules IV-V,right
725,625,2972,1101,111,618,Lobules IV-V,left
725,677,2982,1100,126,620,Lobules IV-V,left
725,690,2876,1098,130,597,Lobules IV-V,left
725,702,2966,1099,134,616,Lobules IV-V,left
725,712,2783,1096,135,578,Lobules IV-V,left
725,736,2869,1097,144,596,Lobules IV-V,left
725,764,2770,1094,152,574,Lobules IV-V,left
725,803,2818,1093,165,585,Lobules IV-V,left
730,615,2614,1092,102,541,Lobules IV-V,right
730,592,2889,1097,100,601,Lobules IV-V,left
730,607,2982,1098,105,620,Lobules IV-V,left
730,680,2798,1094,125,581,Lobules IV-V,left
730,687,2974,1096,128,619,Lobules IV-V,left
730,695,2782,1093,129,577,Lobules IV-V,left
730,595,2718,1094,98,564,Lobules IV-V,right
730,604,2810,1095,102,584,Lobules IV-V,left
730,609,2721,1093,102,564,Lobules IV-V,right
730,619,2576,1091,104,532,Lobules IV-V,right
730,625,2597,1091,105,536,Lobules IV-V,right
730,637,3052,1098,114,636,Lobules IV-V,left
730,641,2512,1090,109,517,Lobules IV-V,right
730,640,3032,1098,116,631,Lobules IV-V,left
730,641,2860,1095,113,594,Lobules IV-V,left
730,657,2930,1096,119,609,Lobules IV-V,left
730,660,3023,1097,121,630,Lobules IV-V,left
730,669,2808,1094,122,583,Lobules IV-V,left
730,680,2673,1091,123,554,Lobules IV-V,right
730,680,2721,1092,124,564,Lobules IV-V,right
730,686,2693,1091,125,558,Lobules IV-V,right
730,692,2607,1090,125,538,Lobules IV-V,right
730,700,2683,1091,129,556,Lobules IV-V,right
730,712,2755,1092,134,571,Lobules IV-V,left
730,722,2713,1091,136,563,Lobules IV-V,right
730,748,2809,1092,147,583,Lobules IV-V,left
730,764,2835,1092,152,588,Lobules IV-V,left
730,1883,1691,1040,398,322,Lobules IV-V,right
730,594,2942,1098,102,612,Lobules IV-V,left
730,616,2632,1092,103,544,Lobules IV-V,right
730,625,2550,1091,105,526,Lobules IV-V,right
730,628,2900,1096,111,603,Lobules IV-V,left
730,628,2543,1091,106,525,Lobules IV-V,right
730,630,2540,1091,106,524,Lobules IV-V,right
730,633,2996,1097,114,624,Lobules IV-V,left
730,642,2970,1097,115,618,Lobules IV-V,left
730,642,3046,1098,116,635,Lobules IV-V,left
730,646,2505,1090,111,516,Lobules IV-V,right
730,658,2899,1096,120,603,Lobules IV-V,left
730,665,2725,1092,119,565,Lobules IV-V,right
730,666,2978,1097,122,620,Lobules IV-V,left
730,681,2876,1095,126,597,Lobules IV-V,left
730,714,2946,1095,137,612,Lobules IV-V,left
730,727,2900,1094,140,603,Lobules IV-V,left
730,749,2851,1093,147,592,Lobules IV-V,left
730,766,2880,1093,152,598,Lobules IV-V,left
727,702,2522,1091,128,519,Midbrain,right
727,617,2752,1095,104,570,Lobules IV-V,right
727,708,2932,1096,136,609,Lobules IV-V,left
727,1472,1939,1060,300,375,Lobules IV-V,right
727,767,2668,1090,150,553,Lobules IV-V,right
727,1394,1892,1063,281,365,Lobules IV-V,right
728,1512,1982,1058,310,383,Lobules IV-V,right
728,716,2768,1093,136,575,Lobules IV-V,left
728,753,2797,1093,149,580,Lobules IV-V,left
728,628,3056,1099,113,637,Lobules IV-V,left
728,702,2790,1094,131,579,Lobules IV-V,left
728,733,2872,1095,143,596,Lobules IV-V,left
728,748,2909,1095,148,604,Lobules IV-V,left
728,758,2596,1090,148,536,Lobules IV-V,right
728,764,2603,1090,149,538,Lobules IV-V,right
729,630,2528,1092,107,522,Lobules IV-V,right
729,592,2943,1099,101,613,Lobules IV-V,left
729,621,2562,1092,104,529,Lobules IV-V,right
729,637,2671,1093,109,553,Lobules IV-V,right
729,637,2930,1098,113,609,Lobules IV-V,left
729,699,2673,1092,130,554,Lobules IV-V,right
729,708,2913,1096,136,606,Lobules IV-V,left
729,722,2571,1090,134,530,Cerebellum,right
729,748,2861,1094,148,594,Lobules IV-V,left
729,748,2793,1093,147,580,Lobules IV-V,left
729,766,2669,1090,150,553,Lobules IV-V,right
729,823,2736,1089,170,567,Lobules IV-V,right
729,603,2798,1096,102,581,Lobules IV-V,left
729,607,2930,1098,105,609,Lobules IV-V,left
729,609,2898,1098,105,603,Lobules IV-V,left
729,623,2552,1092,105,526,Lobules IV-V,right
729,638,2962,1098,115,616,Lobules IV-V,left
729,653,2979,1098,120,620,Lobules IV-V,left
729,657,2965,1098,119,617,Lobules IV-V,left
729,660,2699,1093,117,559,Lobules IV-V,right
729,664,2711,1093,119,562,Lobules IV-V,right
729,666,2726,1093,119,565,Lobules IV-V,right
729,678,2824,1095,125,586,Lobules IV-V,left
729,679,2884,1096,126,599,Lobules IV-V,left
729,679,2957,1097,127,615,Lobules IV-V,left
729,684,2928,1097,128,609,Lobules IV-V,left
729,687,2935,1097,128,610,Lobules IV-V,left
729,688,2712,1093,127,562,Lobules IV-V,right
729,696,2800,1094,130,581,Lobules IV-V,left
729,702,2791,1094,131,579,Lobules IV-V,left
729,719,2872,1095,138,596,Lobules IV-V,left
729,721,2722,1092,137,564,Lobules IV-V,right
729,731,2742,1092,140,568,Lobules IV-V,right
729,730,2807,1094,141,582,Lobules IV-V,left
729,732,2814,1094,141,584,Lobules IV-V,left
729,746,2875,1094,146,597,Lobules IV-V,left
729,764,2776,1092,152,576,Lobules IV-V,left
729,781,2762,1091,156,572,Lobules IV-V,left
729,798,2701,1090,162,559,Lobules IV-V,right
729,800,2815,1091,163,584,Lobules IV-V,left
735,601,2945,1094,103,613,Lobules IV-V,left
735,662,2698,1089,116,560,Lobules IV-V,right
735,678,2932,1092,126,610,Lobules IV-V,left
735,703,2936,1092,133,611,Lobules IV-V,left
735,745,2857,1090,145,593,Lobules IV-V,left
735,754,2874,1090,148,597,Lobules IV-V,left
735,783,2650,1086,155,549,Lobules IV-V,right
731,638,2524,1089,109,520,Lobules IV-V,right
731,669,2898,1094,123,603,Lobules IV-V,left
731,680,2730,1091,123,566,Lobules IV-V,right
731,711,2928,1094,135,609,Lobules IV-V,left
731,723,2755,1091,138,572,Lobules IV-V,left
731,606,2747,1093,101,570,Lobules IV-V,right
731,628,2585,1090,107,534,Lobules IV-V,right
731,641,2933,1096,114,611,Lobules IV-V,left
731,643,2950,1096,116,614,Lobules IV-V,left
731,663,2986,1096,122,622,Lobules IV-V,left
731,684,2869,1094,127,596,Lobules IV-V,left
731,698,2710,1090,130,562,Lobules IV-V,right
731,702,2770,1092,130,575,Lobules IV-V,left
731,714,2552,1088,132,526,Midbrain,right
731,726,2893,1093,140,602,Lobules IV-V,left
731,732,2915,1093,141,606,Lobules IV-V,left
731,752,2838,1092,147,590,Lobules IV-V,left
731,1519,1788,1058,312,343,Lobules IV-V,right
731,598,2960,1097,103,616,Lobules IV-V,left
731,609,2863,1095,105,596,Lobules IV-V,left
731,617,2633,1091,102,545,Lobules IV-V,right
731,624,2562,1090,105,529,Lobules IV-V,right
731,628,2548,1090,106,526,Lobules IV-V,right
731,648,2702,1091,114,560,Lobules IV-V,right
731,688,2787,1092,127,578,Lobules IV-V,left
731,724,2570,1088,136,530,Midbrain,right
731,1560,3829,1063,344,794,Lobules IV-V,left
732,689,2894,1094,129,602,Lobules IV-V,left
732,723,2850,1092,139,592,Lobules IV-V,left
732,635,2532,1089,108,522,Lobules IV-V,right
732,650,2728,1092,114,566,Lobules IV-V,right
732,690,2776,1092,127,576,Lobules IV-V,left
732,606,2965,1097,105,617,Lobules IV-V,left
732,617,2866,1095,106,596,Lobules IV-V,left
732,723,2858,1093,139,594,Lobules IV-V,left
732,1528,1993,1056,315,386,Lobules IV-V,right
732,1539,1970,1055,318,380,Lobules IV-V,right
732,627,2562,1090,105,529,Lobules IV-V,right
732,653,2890,1095,118,601,Lobules IV-V,left
732,662,2697,1091,117,559,Lobules IV-V,right
732,664,2881,1094,121,599,Lobules IV-V,left
732,683,2950,1095,128,614,Lobules IV-V,left
732,698,2879,1093,132,599,Lobules IV-V,left
732,707,2766,1091,132,574,Lobules IV-V,left
732,724,2569,1088,136,530,Midbrain,right
734,711,2719,1089,133,564,Lobules IV-V,right
734,712,2747,1090,133,569,Lobules IV-V,right
734,606,2991,1096,105,623,Lobules IV-V,left
734,616,2842,1093,105,590,Lobules IV-V,left
734,624,2576,1089,105,532,Lobules IV-V,right
734,672,2738,1090,120,568,Lobules IV-V,right
734,675,2723,1090,122,565,Lobules IV-V,right
734,675,2874,1093,124,598,Lobules IV-V,left
734,686,2854,1092,126,593,Lobules IV-V,left
734,716,2828,1091,136,588,Lobules IV-V,left
734,734,2871,1091,142,596,Lobules IV-V,left
734,737,2831,1091,142,588,Lobules IV-V,left
734,1468,1826,1060,300,350,Lobules IV-V,right
734,600,2902,1095,102,603,Lobules IV-V,left
734,615,2820,1093,105,586,Lobules IV-V,left
734,620,2977,1095,109,620,Lobules IV-V,left
734,656,2734,1091,116,567,Lobules IV-V,right
734,660,2687,1090,116,556,Lobules IV-V,right
734,679,2975,1094,126,619,Lobules IV-V,left
734,686,2769,1091,125,575,Lobules IV-V,left
734,686,2961,1094,128,616,Lobules IV-V,left
734,701,2892,1093,132,601,Lobules IV-V,left
734,702,2751,1090,130,571,Lobules IV-V,left
734,701,2768,1090,130,575,Lobules IV-V,left
734,711,2882,1092,135,599,Lobules IV-V,left
734,725,2807,1091,138,582,Lobules IV-V,left
736,724,2876,1091,139,598,Lobules IV-V,left
736,735,2671,1087,140,553,Lobules IV-V,right
736,718,2886,1091,137,600,Lobules IV-V,left
736,710,2913,1092,135,606,Lobules IV-V,left
736,796,2676,1086,158,554,Lobules IV-V,right
736,706,2934,1092,133,611,Lobules IV-V,left
736,752,2661,1087,144,551,Lobules IV-V,right
736,768,2718,1087,151,564,Lobules IV-V,right
736,1477,1936,1056,301,374,Lobules IV-V,right
737,740,2693,1087,142,559,Lobules IV-V,right
737,632,2607,1088,106,539,Lobules IV-V,right
737,637,2997,1094,113,624,Lobules IV-V,left
737,677,2963,1093,125,617,Lobules IV-V,left
737,703,2746,1089,131,570,Lobules IV-V,right
737,708,2882,1091,134,599,Lobules IV-V,left
737,782,2791,1088,155,579,Lobules IV-V,left
737,609,2865,1093,104,596,Lobules IV-V,left
737,614,2799,1092,104,582,Lobules IV-V,left
737,621,2840,1092,107,590,Lobules IV-V,left
737,628,2799,1091,109,582,Lobules IV-V,left
737,632,2885,1093,110,600,Lobules IV-V,left
737,633,2962,1094,113,617,Lobules IV-V,left
737,639,2562,1087,109,529,Lobules IV-V,right
737,650,2543,1087,112,525,Lobules IV-V,right
737,663,2728,1089,118,566,Lobules IV-V,right
737,667,2567,1087,117,530,Lobules IV-V,right
737,672,2872,1092,122,597,Lobules IV-V,left
737,679,2692,1088,122,558,Lobules IV-V,right
737,734,2869,1090,142,596,Lobules IV-V,left
737,735,2827,1090,141,587,Lobules IV-V,left
737,753,2749,1088,147,571,Lobules IV-V,left
737,753,2759,1088,147,573,Lobules IV-V,left
737,757,2785,1089,147,578,Lobules IV-V,left
737,777,2733,1087,153,567,Lobules IV-V,right
737,800,2780,1087,161,577,Lobules IV-V,left
737,1535,1803,1056,316,346,Lobules IV-V,right
738,685,2712,1087,124,562,Lobules IV-V,right
738,597,2907,1093,101,605,Lobules IV-V,left
738,617,2972,1093,107,619,Lobules IV-V,left
738,677,2934,1092,124,611,Lobules IV-V,left
738,712,2741,1088,132,569,Lobules IV-V,right
738,723,2853,1089,138,593,Lobules IV-V,left
738,610,2961,1093,106,617,Lobules IV-V,left
738,613,2884,1092,106,600,Lobules IV-V,left
738,626,2980,1093,110,621,Lobules IV-V,left
738,638,2574,1086,109,532,Lobules IV-V,right
738,640,2955,1092,114,616,Lobules IV-V,left
738,661,2765,1089,117,574,Lobules IV-V,left
738,666,2703,1088,118,561,Lobules IV-V,right
738,675,2743,1088,121,570,Lobules IV-V,right
738,675,2678,1087,121,555,Lobules IV-V,right
738,680,2887,1091,125,600,Lobules IV-V,left
738,723,2695,1087,137,559,Lobules IV-V,right
738,735,2689,1086,140,558,Lobules IV-V,right
738,737,2749,1087,140,571,Lobules IV-V,left
738,744,2763,1088,144,574,Lobules IV-V,left
738,754,2799,1088,147,581,Lobules IV-V,left
738,753,2869,1089,148,597,Lobules IV-V,left
738,784,2738,1086,156,568,Lobules IV-V,right
738,784,2759,1086,156,573,Lobules IV-V,left
738,1615,1804,1050,335,347,Lobules IV-V,right
738,612,2779,1090,102,578,Lobules IV-V,left
738,616,2795,1090,104,581,Lobules IV-V,left
738,627,2908,1092,109,606,Lobules IV-V,left
738,657,2541,1086,113,524,Lobules IV-V,right
738,692,2723,1088,126,565,Lobules IV-V,right
738,692,2945,1091,129,613,Lobules IV-V,left
738,693,3017,1092,131,628,"Inferior colliculus, external nucleus",left
738,693,2557,1085,126,527,Midbrain,right
738,713,2732,1087,134,566,Lobules IV-V,right
738,765,2772,1087,150,575,Lobules IV-V,left
738,787,2798,1087,156,581,Lobules IV-V,left
738,794,2784,1086,159,578,Lobules IV-V,left
739,722,2865,1089,137,596,Lobules IV-V,left
739,608,2841,1090,103,591,Lobules IV-V,left
739,628,2610,1086,106,540,Lobules IV-V,right
739,629,2682,1087,107,556,Lobules IV-V,right
739,703,2716,1086,130,563,Lobules IV-V,right
739,661,2726,1087,116,565,Lobules IV-V,right
739,750,2775,1087,145,576,Lobules IV-V,left
739,769,2710,1085,151,562,Lobules IV-V,right
739,775,2769,1086,153,575,Lobules IV-V,left
739,792,2784,1086,157,578,Lobules IV-V,left
739,799,2711,1084,160,562,Lobules IV-V,right
739,656,2902,1090,117,604,Lobules IV-V,left
739,686,2739,1087,124,569,Lobules IV-V,right
739,702,2867,1089,130,596,Lobules IV-V,left
739,720,2907,1089,137,604,Lobules IV-V,left
739,725,2839,1088,138,590,Lobules IV-V,left
739,742,2610,1084,140,540,Midbrain,right
739,744,2854,1088,144,593,Lobules IV-V,left
739,746,2875,1088,144,598,Lobules IV-V,left
739,802,2753,1085,160,572,Lobules IV-V,left
739,806,2743,1085,162,570,Lobules IV-V,right
739,1703,1722,1044,356,329,Lobules IV-V,right
739,1875,1679,1035,395,320,Lobules IV-V,right
740,609,2892,1091,104,602,Lobules IV-V,left
740,705,2738,1087,131,569,Lobules IV-V,right
740,603,2824,1090,102,588,Lobules IV-V,left
740,667,2950,1091,121,615,Lobules IV-V,left
740,691,2744,1087,126,570,Lobules IV-V,right
740,692,2733,1087,126,568,Lobules IV-V,right
740,775,2799,1086,153,581,Lobules IV-V,left
740,603,2852,1091,102,593,Lobules IV-V,left
740,648,2910,1091,116,606,Lobules IV-V,left
740,700,2848,1089,130,593,Lobules IV-V,left
740,706,2918,1090,133,608,Lobules IV-V,left
740,1661,1783,1046,346,343,Lobules IV-V,right
740,644,2780,1088,113,578,Lobules IV-V,left
740,648,2553,1085,112,527,Lobules IV-V,right
740,671,2913,1090,122,607,Lobules IV-V,left
740,678,2918,1090,125,608,Lobules IV-V,left
740,707,2575,1084,129,532,Midbrain,right
740,759,2854,1088,149,593,Lobules IV-V,left
740,774,2812,1087,153,584,Lobules IV-V,left
740,775,2779,1086,153,577,Lobules IV-V,left
740,796,2765,1085,159,574,Lobules IV-V,left
740,621,2970,1092,108,619,Lobules IV-V,left
740,630,2921,1091,110,608,Lobules IV-V,left
740,636,2851,1090,111,593,Lobules IV-V,left
740,645,2563,1085,110,530,Lobules IV-V,right
740,678,2688,1086,122,558,Lobules IV-V,right
740,693,2723,1087,127,565,Lobules IV-V,right
740,697,2585,1085,126,534,Lobules IV-V,right
746,628,2891,1087,109,602,Lobules IV-V,left
746,743,2675,1082,141,554,Lobules IV-V,right
746,616,2802,1086,104,582,Lobules IV-V,left
746,622,2876,1087,106,599,Lobules IV-V,left
746,624,2861,1087,107,596,Lobules IV-V,left
746,625,2905,1088,108,605,Lobules IV-V,left
746,1643,1770,1044,342,340,Lobules IV-V,right
746,647,2579,1082,110,533,Lobules IV-V,right
746,688,2746,1084,125,570,Lobules IV-V,right
746,724,2761,1084,136,573,Lobules IV-V,left
746,973,2676,1074,203,553,Midbrain,right
746,637,2923,1088,111,610,Lobules IV-V,left
746,640,2764,1085,110,575,Lobules IV-V,left
746,674,2908,1087,123,606,Lobules IV-V,left
746,694,2588,1081,125,535,Midbrain,right
746,714,2856,1086,134,594,Lobules IV-V,left
746,720,2658,1082,134,551,Lobules IV-V,right
746,764,2759,1083,149,573,Lobules IV-V,left
746,1217,3688,1070,262,768,Lobules IV-V,left
741,632,2748,1088,108,571,Lobules IV-V,left
741,653,2755,1088,115,572,Lobules IV-V,left
741,660,2684,1086,116,557,Lobules IV-V,right
741,732,2850,1088,140,592,Lobules IV-V,left
741,606,2911,1092,103,606,Lobules IV-V,left
741,610,2737,1088,102,568,Lobules IV-V,right
741,612,2928,1092,105,610,Lobules IV-V,left
741,621,2964,1092,108,618,Lobules IV-V,left
741,646,2876,1090,114,598,Lobules IV-V,left
741,650,2942,1091,117,612,Lobules IV-V,left
741,654,2887,1090,117,600,Lobules IV-V,left
741,654,2930,1091,118,610,Lobules IV-V,left
741,663,2961,1091,121,617,Lobules IV-V,left
741,663,2851,1089,120,593,Lobules IV-V,left
741,666,2924,1091,121,609,Lobules IV-V,left
741,668,2701,1086,119,560,Lobules IV-V,right
741,689,2914,1090,128,607,Lobules IV-V,left
741,698,2601,1085,127,537,Lobules IV-V,right
741,740,2872,1088,143,597,Lobules IV-V,left
741,803,2742,1085,162,568,Lobules IV-V,right
741,1408,2704,1061,288,550,Lobule II,right
741,1915,1684,1034,405,321,Lobules IV-V,right
741,619,2955,1092,108,616,Lobules IV-V,left
741,633,2969,1092,113,619,Lobules IV-V,left
741,636,2852,1090,111,593,Lobules IV-V,left
741,672,2897,1090,122,603,Lobules IV-V,left
741,677,2700,1086,121,560,Lobules IV-V,right
741,695,2905,1090,129,605,Lobules IV-V,left
741,1812,1728,1037,381,331,Lobules IV-V,right
744,644,2744,1086,112,570,Lobules IV-V,right
744,630,2831,1088,109,589,Lobules IV-V,left
745,733,2841,1086,140,591,Lobules IV-V,left
745,638,2612,1083,109,540,Lobules IV-V,right
745,706,2884,1087,132,600,Lobules IV-V,left
745,756,2754,1084,146,572,Lobules IV-V,left
745,623,2831,1088,107,589,Lobules IV-V,left
745,628,2806,1087,108,583,Lobules IV-V,left
745,629,2922,1089,110,609,Lobules IV-V,left
745,633,2933,1089,112,612,Lobules IV-V,left
745,663,2913,1088,120,607,Lobules IV-V,left
745,678,2877,1087,124,598,Lobules IV-V,left
745,680,2921,1088,125,608,Lobules IV-V,left
745,707,2729,1084,130,567,Lobules IV-V,right
745,730,2622,1082,136,542,Midbrain,right
745,734,2852,1086,140,593,Lobules IV-V,left
745,742,2844,1086,142,592,Lobules IV-V,left
745,794,2730,1083,158,566,Lobules IV-V,right
745,1556,1854,1050,320,357,Lobules IV-V,right
745,629,2753,1086,107,572,Lobules IV-V,left
745,631,2703,1085,107,561,Lobules IV-V,right
745,631,2870,1088,109,598,Lobules IV-V,left
745,635,2637,1084,108,546,Lobules IV-V,right
745,638,2858,1088,112,595,Lobules IV-V,left
745,642,2936,1089,113,612,Lobules IV-V,left
745,645,2880,1088,114,600,Lobules IV-V,left
745,648,2662,1084,112,551,Lobules IV-V,right
745,650,2589,1083,112,535,Lobules IV-V,right
745,655,2838,1087,116,591,Lobules IV-V,left
745,656,2682,1084,114,556,Lobules IV-V,right
745,658,2688,1084,116,558,Lobules IV-V,right
745,671,2576,1083,118,532,Lobules IV-V,right
745,672,2609,1083,118,540,Lobules IV-V,right
745,674,2840,1087,122,591,Lobules IV-V,left
745,681,2908,1088,125,606,Lobules IV-V,left
745,690,2737,1085,125,568,Lobules IV-V,right
745,696,2900,1088,129,604,Lobules IV-V,left
745,732,2859,1086,139,595,Lobules IV-V,left
745,733,2858,1086,141,595,Lobules IV-V,left
745,740,2771,1085,141,575,Lobules IV-V,left
745,746,2733,1084,142,568,Lobules IV-V,right
745,755,2779,1085,146,577,Lobules IV-V,left
745,755,2813,1085,146,585,Lobules IV-V,left
745,755,2683,1083,145,557,Lobules IV-V,right
745,769,2807,1085,151,583,Lobules IV-V,left
745,769,2708,1083,150,562,Lobules IV-V,right
745,771,2783,1084,151,578,Lobules IV-V,left
745,1855,3845,1040,414,794,Lobules IV-V,left
745,1988,1639,1029,422,311,Lobules IV-V,right
742,732,2869,1087,139,597,Lobules IV-V,left
742,605,2885,1090,103,601,Lobules IV-V,left
742,617,2914,1090,106,607,Lobules IV-V,left
742,625,2800,1088,107,582,Lobules IV-V,left
742,625,2687,1086,105,557,Lobules IV-V,right
742,635,2786,1088,109,579,Lobules IV-V,left
742,657,2725,1086,115,565,Lobules IV-V,right
742,682,2895,1089,125,603,Lobules IV-V,left
742,688,2920,1089,128,608,Lobules IV-V,left
742,690,2929,1089,128,610,Lobules IV-V,left
742,706,2909,1089,132,606,Lobules IV-V,left
742,712,2824,1087,133,587,Lobules IV-V,left
742,729,2857,1087,139,594,Lobules IV-V,left
742,739,2716,1085,141,563,Lobules IV-V,right
742,751,2752,1085,144,571,Lobules IV-V,left
742,760,2830,1086,148,588,Lobules IV-V,left
742,760,2644,1083,146,548,Cerebellum,right
742,783,2784,1085,156,578,Lobules IV-V,left
742,1552,1859,1052,319,358,Lobules IV-V,right
742,610,2814,1089,103,585,Lobules IV-V,left
742,610,2903,1090,104,605,Lobules IV-V,left
742,616,2944,1091,106,614,Lobules IV-V,left
742,631,2780,1088,108,578,Lobules IV-V,left
742,649,2893,1089,116,603,Lobules IV-V,left
742,662,2734,1086,116,568,Lobules IV-V,right
742,662,2896,1089,119,603,Lobules IV-V,left
742,678,2925,1089,125,609,Lobules IV-V,left
742,708,2726,1085,132,565,Lobules IV-V,right
742,709,2903,1088,134,605,Lobules IV-V,left
742,736,2735,1085,140,568,Lobules IV-V,right
742,760,2809,1086,148,584,Lobules IV-V,left
742,783,2752,1084,155,571,Lobules IV-V,left
742,789,2775,1085,157,576,Lobules IV-V,left
742,790,2705,1083,156,561,Lobules IV-V,right
742,798,2778,1084,160,577,Lobules IV-V,left
742,1333,3671,1067,289,763,Lobules IV-V,left
742,1648,1761,1046,344,338,Lobules IV-V,right
742,1656,1779,1045,345,342,Lobules IV-V,right
742,1795,1751,1037,378,336,Lobules IV-V,right
743,620,2902,1089,107,604,Lobules IV-V,left
743,1504,1926,1052,308,372,Lobules IV-V,right
743,762,2820,1085,148,586,Lobules IV-V,left
743,792,2712,1083,156,562,Lobules IV-V,right
747,629,2820,1085,108,587,Lobules IV-V,left
747,701,2603,1081,127,539,Lobules IV-V,right
747,639,2695,1083,109,559,Lobules IV-V,right
747,653,2906,1086,117,605,Lobules IV-V,left
747,664,2872,1085,119,598,Lobules IV-V,left
747,724,2836,1084,137,590,Lobules IV-V,left
747,767,2724,1081,148,566,Lobules IV-V,right
747,639,2635,1082,109,546,Lobules IV-V,right
747,650,2895,1086,115,603,Lobules IV-V,left
747,688,2695,1082,124,559,Lobules IV-V,right
747,742,2695,1081,140,559,Lobules IV-V,right
747,747,2757,1082,142,572,Lobules IV-V,left
747,751,2654,1081,143,550,Midbrain,right
747,750,2815,1083,144,585,Lobules IV-V,left
747,764,2793,1083,149,581,Lobules IV-V,left
747,764,2784,1083,149,579,Lobules IV-V,left
747,768,2681,1081,149,556,Lobules IV-V,right
747,775,2695,1081,151,559,Lobules IV-V,right
747,1613,1758,1046,335,338,Lobules IV-V,right
747,1719,1958,1037,362,379,Lobules IV-V,right
747,647,2652,1082,111,549,Lobules IV-V,right
747,681,2856,1085,123,594,Lobules IV-V,left
747,690,2587,1080,124,534,Midbrain,right
747,692,2628,1081,124,544,Lobules IV-V,right
747,718,2806,1084,135,583,Lobules IV-V,left
747,760,2664,1081,146,552,Cerebellum,right
747,760,2725,1082,146,566,Lobules IV-V,right
748,648,2918,1086,116,609,Lobules IV-V,left
748,667,2900,1086,120,604,Lobules IV-V,left
748,683,2898,1086,125,604,Lobules IV-V,left
748,628,2854,1086,109,595,Lobules IV-V,left
748,630,2836,1086,108,590,Lobules IV-V,left
748,742,2772,1083,141,575,Lobules IV-V,left
748,638,2873,1086,112,599,Lobules IV-V,left
748,643,2713,1083,111,564,Lobules IV-V,right
748,671,2911,1086,121,606,Lobules IV-V,left
748,692,2885,1085,127,601,Lobules IV-V,left
748,713,2853,1084,134,594,Lobules IV-V,left
748,749,2736,1082,143,568,Lobules IV-V,right
748,620,2807,1085,105,584,Lobules IV-V,left
748,666,2702,1082,117,560,Lobules IV-V,right
748,684,2840,1085,125,591,Lobules IV-V,left
748,719,2784,1083,135,579,Lobules IV-V,left
748,720,2746,1083,134,570,Lobules IV-V,right
748,739,2645,1081,139,548,Cerebellum,right
748,759,2664,1081,146,552,Cerebellum,right
748,787,2759,1082,154,573,Lobules IV-V,left
748,789,2711,1081,155,562,Lobules IV-V,right
754,626,2868,1083,107,598,Lobules IV-V,left
754,646,2809,1082,112,585,Lobules IV-V,left
754,729,2743,1079,137,570,Lobules IV-V,right
754,732,2808,1081,137,585,Lobules IV-V,left
754,826,2746,1077,165,570,Midbrain,right
754,637,2899,1083,111,605,Lobules IV-V,left
754,647,2801,1081,112,583,Lobules IV-V,left
754,650,2718,1080,112,565,Lobules IV-V,right
754,659,2622,1078,114,542,Lobules IV-V,right
754,660,2810,1081,116,585,Lobules IV-V,left
754,683,2612,1078,122,540,Lobules IV-V,right
754,708,2825,1081,131,588,Lobules IV-V,left
754,648,2657,1079,112,550,Lobules IV-V,right
754,649,2448,1078,111,504,"Inferior colliculus, external nucleus",right
754,652,2852,1082,114,594,Lobules IV-V,left
754,664,2861,1082,118,596,Lobules IV-V,left
754,697,2734,1080,126,568,Lobules IV-V,right
754,1902,1661,1028,400,315,Lobules IV-V,right
749,777,2712,1081,151,562,Lobules IV-V,right
749,641,2899,1086,112,604,Lobules IV-V,left
749,641,2980,1087,114,622,Lobules IV-V,left
749,653,2883,1086,116,601,Lobules IV-V,left
749,671,2886,1086,121,601,Lobules IV-V,left
749,737,2802,1083,139,582,Lobules IV-V,left
749,757,2776,1083,145,576,Lobules IV-V,left
749,1268,3713,1067,275,774,Lobules IV-V,left
749,1465,1845,1053,298,355,Lobules IV-V,right
749,1877,1646,1032,394,312,Lobules IV-V,right
749,622,2808,1085,105,585,Lobules IV-V,left
749,624,2810,1085,106,585,Lobules IV-V,left
749,667,2702,1082,117,560,Lobules IV-V,right
749,704,2875,1085,131,599,Lobules IV-V,left
749,704,2719,1082,129,565,Lobules IV-V,right
749,735,2720,1082,139,564,Lobules IV-V,right
750,734,2768,1082,139,576,Lobules IV-V,left
750,633,2881,1085,110,600,Lobules IV-V,left
750,659,2717,1082,115,564,Lobules IV-V,right
750,672,2816,1083,120,586,Lobules IV-V,left
750,679,2871,1084,123,598,Lobules IV-V,left
750,685,2847,1084,125,592,Lobules IV-V,left
750,696,2874,1084,128,599,Lobules IV-V,left
750,708,2740,1082,131,569,Lobules IV-V,right
750,743,2817,1082,142,585,Lobules IV-V,left
750,1373,2849,1057,279,590,Lobule II,left
750,1510,1882,1050,309,362,Lobules IV-V,right
750,625,2810,1084,106,585,Lobules IV-V,left
750,631,2868,1085,109,598,Lobules IV-V,left
750,633,3191,1087,113,667,Midbrain,left
750,638,2907,1085,112,606,Lobules IV-V,left
750,641,2966,1086,113,619,Lobules IV-V,left
750,658,2892,1085,118,602,Lobules IV-V,left
750,660,2782,1083,116,578,Lobules IV-V,left
750,673,2902,1085,122,604,Lobules IV-V,left
750,676,2854,1084,122,594,Lobules IV-V,left
750,693,2627,1080,125,543,Lobules IV-V,right
750,710,2862,1084,132,595,Lobules IV-V,left
750,745,2805,1082,142,583,Lobules IV-V,left
750,1391,3706,1062,302,771,Lobules IV-V,left
751,758,2685,1079,145,557,Lobules IV-V,right
751,731,2641,1079,136,547,Midbrain,right
755,654,2768,1080,114,576,Lobules IV-V,left
755,645,2739,1079,111,569,Lobules IV-V,right
755,637,2863,1082,110,597,Lobules IV-V,left
755,698,2621,1077,126,542,Cerebellum,right
755,713,2634,1077,131,546,Midbrain,right
755,628,2842,1081,108,592,Lobules IV-V,left
755,645,2647,1078,110,548,Lobules IV-V,right
755,644,2892,1082,113,603,Lobules IV-V,left
755,648,2623,1077,112,544,Lobules IV-V,right
755,626,2849,1082,107,594,Lobules IV-V,left
755,676,2876,1081,121,599,Lobules IV-V,left
755,681,2955,1082,124,617,"Inferior colliculus, dorsal nucleus",left
755,717,2691,1078,131,558,Lobules IV-V,right
755,762,3673,1085,143,778,Simple lobule,left
755,1140,1452,1063,218,266,Simple lobule,right
753,747,2785,1081,142,579,Lobules IV-V,left
753,624,2833,1083,107,590,Lobules IV-V,left
753,629,2892,1084,109,603,Lobules IV-V,left
753,635,2661,1080,107,551,Lobules IV-V,right
753,641,2649,1080,109,549,Lobules IV-V,right
753,645,2763,1082,111,575,Lobules IV-V,left
753,661,2780,1082,116,578,Lobules IV-V,left
753,666,2741,1081,117,569,Lobules IV-V,right
753,691,2873,1083,126,599,Lobules IV-V,left
753,721,2807,1082,134,583,Lobules IV-V,left
753,764,2697,1079,147,559,Lobules IV-V,right
753,625,2848,1084,107,594,Lobules IV-V,left
753,627,2814,1083,106,586,Lobules IV-V,left
753,628,2797,1083,107,582,Lobules IV-V,left
753,634,2907,1084,111,606,Lobules IV-V,left
753,638,2874,1084,112,599,Lobules IV-V,left
753,648,2863,1084,114,597,Lobules IV-V,left
753,653,2891,1084,116,602,Lobules IV-V,left
753,656,2664,1080,113,552,Lobules IV-V,right
753,659,2642,1079,115,547,Lobules IV-V,right
753,662,2656,1080,115,550,Lobules IV-V,right
753,667,2903,1084,119,606,Lobules IV-V,left
753,668,2891,1084,121,602,Lobules IV-V,left
753,681,2843,1083,123,592,Lobules IV-V,left
753,687,2750,1081,123,571,Lobules IV-V,left
753,698,2597,1078,126,537,Midbrain,right
753,698,2633,1079,127,546,Lobules IV-V,right
753,712,2739,1081,131,569,Lobules IV-V,right
753,719,2718,1080,134,565,Lobules IV-V,right
753,723,2799,1081,136,582,Lobules IV-V,left
753,730,2731,1080,137,567,Lobules IV-V,right
753,732,2698,1080,136,560,Lobules IV-V,right
753,1372,2845,1056,278,589,Lobule II,left
753,1588,1875,1045,329,361,Lobules IV-V,right
753,2398,2023,1009,525,390,Motor nucleus of trigeminal,right
756,633,2878,1082,110,601,Lobules IV-V,left
756,639,2813,1081,110,586,Lobules IV-V,left
756,645,2882,1082,113,601,Lobules IV-V,left
756,654,2695,1078,113,559,Lobules IV-V,right
756,674,2869,1081,121,598,Lobules IV-V,left
756,688,2856,1081,126,595,Lobules IV-V,left
756,659,2884,1082,117,602,Lobules IV-V,left
756,672,2850,1081,120,594,Lobules IV-V,left
756,728,2787,1079,137,579,Lobules IV-V,left
756,633,2781,1080,108,578,Lobules IV-V,left
756,657,2842,1081,115,592,Lobules IV-V,left
756,684,2832,1080,124,589,Lobules IV-V,left
756,714,2723,1078,132,566,Lobules IV-V,right
756,670,2704,1078,118,562,Lobules IV-V,right
756,704,2742,1079,129,569,Lobules IV-V,right
752,644,2898,1084,113,605,Lobules IV-V,left
752,650,2882,1084,115,600,Lobules IV-V,left
752,705,2810,1082,130,585,Lobules IV-V,left
758,648,2778,1079,113,578,Lobules IV-V,left
758,648,2717,1078,112,564,Lobules IV-V,right
758,654,2330,1076,112,477,"Inferior colliculus, external nucleus",right
758,658,2787,1079,116,580,Lobules IV-V,left
758,668,2754,1078,118,573,Lobules IV-V,left
758,1723,1788,1033,361,344,Lobules IV-V,right
761,692,2744,1077,124,571,Lobules IV-V,left
761,699,2737,1077,127,568,Lobules IV-V,right
761,651,2754,1077,112,573,Lobules IV-V,left
761,684,2734,1077,122,568,Lobules IV-V,right
761,687,2754,1077,123,573,Lobules IV-V,left
761,696,2840,1078,126,592,Lobules IV-V,left
761,725,2725,1076,134,566,Lobules IV-V,right
761,2396,2310,1004,523,454,Peritrigeminal zone,right
761,2797,2157,980,617,416,"Superior olivary complex, lateral part",right
761,656,2847,1079,115,593,Lobules IV-V,left
761,664,2815,1078,117,586,Lobules IV-V,left
761,670,2856,1079,119,595,Lobules IV-V,left
761,685,2774,1077,123,577,Lobules IV-V,left
761,688,2847,1079,125,593,Lobules IV-V,left
761,696,2810,1078,126,585,Lobules IV-V,left
761,695,2690,1076,125,558,Lobules IV-V,right
761,698,2636,1075,126,546,Lobules IV-V,right
761,702,2767,1077,127,575,Lobules IV-V,left
761,705,2675,1075,128,555,Lobules IV-V,right
761,707,2789,1078,129,581,Lobules IV-V,left
761,710,2719,1076,130,565,Lobules IV-V,right
761,709,2746,1077,130,571,Lobules IV-V,left
761,711,2830,1078,131,589,Lobules IV-V,left
761,734,2777,1077,138,577,Lobules IV-V,left
761,734,2692,1075,137,558,Lobules IV-V,right
761,735,2766,1077,138,575,Lobules IV-V,left
761,1599,1843,1040,331,355,Lobules IV-V,right
761,1716,1779,1033,359,342,Lobules IV-V,right
761,2865,3066,984,640,610,"Pontine reticular nucleus, caudal part",left
757,664,2851,1081,118,594,Lobules IV-V,left
757,660,2873,1081,117,599,Lobules IV-V,left
757,644,2725,1079,111,566,Lobules IV-V,right
757,664,2680,1078,116,556,Lobules IV-V,right
757,1513,1835,1048,310,353,Lobules IV-V,right
757,1575,1859,1044,325,358,Lobules IV-V,right
757,663,2782,1080,117,578,Lobules IV-V,left
759,672,2792,1078,119,581,Lobules IV-V,left
759,711,2744,1077,130,571,Lobules IV-V,left
763,678,2651,1073,120,549,Lobules IV-V,right
763,718,2782,1075,133,578,Lobules IV-V,left
763,667,2746,1075,116,571,Lobules IV-V,left
763,675,2769,1075,120,576,Lobules IV-V,left
763,710,2782,1075,130,578,Lobules IV-V,left
763,725,2776,1075,134,577,Lobules IV-V,left
763,1761,1728,1029,369,331,Lobules IV-V,right
763,672,2780,1076,118,579,Lobules IV-V,left
763,673,2845,1077,120,593,Lobules IV-V,left
763,676,2701,1074,119,561,Lobules IV-V,right
763,715,2817,1076,132,586,Lobules IV-V,left
763,673,2688,1074,119,558,Lobules IV-V,right
763,679,2662,1073,120,552,Lobules IV-V,right
763,725,2722,1074,134,565,Lobules IV-V,right
762,689,2787,1077,124,580,Lobules IV-V,left
762,703,2789,1077,129,581,Lobules IV-V,left
762,714,2721,1075,131,565,Lobules IV-V,right
762,734,2746,1075,137,571,Lobules IV-V,left
762,640,2774,1077,110,578,Lobules IV-V,left
762,658,2779,1077,115,579,Lobules IV-V,left
762,659,2656,1075,114,551,Lobules IV-V,right
762,665,2843,1078,118,593,Lobules IV-V,left
762,669,2706,1075,118,562,Lobules IV-V,right
762,671,2677,1075,117,555,Lobules IV-V,right
762,677,2812,1077,120,585,Lobules IV-V,left
762,681,2741,1076,121,570,Lobules IV-V,right
762,687,2809,1077,123,585,Lobules IV-V,left
762,706,2818,1077,129,587,Lobules IV-V,left
762,721,2666,1074,132,553,Lobules IV-V,right
762,736,2758,1076,137,574,Lobules IV-V,left
762,736,2739,1075,137,569,Lobules IV-V,right
762,744,2767,1076,140,575,Lobules IV-V,left
762,1539,1879,1043,316,363,Lobules IV-V,right
762,1644,1751,1037,342,336,Lobules IV-V,right
762,1677,1741,1035,349,334,Lobules IV-V,right
762,1913,1878,1018,407,363,Lobules IV-V,right
762,643,2704,1076,110,562,Lobules IV-V,right
762,643,2790,1077,111,581,Lobules IV-V,left
762,657,2698,1075,113,561,Lobules IV-V,right
762,689,2619,1074,123,543,Lobules IV-V,right
762,695,2722,1075,125,565,Lobules IV-V,right
762,717,2688,1075,131,558,Lobules IV-V,right
762,723,2667,1074,134,553,Cerebellum,right
762,734,2693,1074,137,559,Lobules IV-V,right
762,738,2731,1075,139,567,Lobules IV-V,right
760,694,2764,1077,126,575,Lobules IV-V,left
760,718,2750,1077,133,572,Lobules IV-V,left
760,724,2753,1077,135,573,Lobules IV-V,left
770,659,2725,1072,115,567,Lobules IV-V,right
770,937,2744,1065,191,570,Midbrain,right
770,652,2778,1073,112,579,Lobules IV-V,left
770,665,2704,1071,116,562,Lobules IV-V,right
770,1551,1818,1040,319,350,Lobules IV-V,right
770,1557,1832,1039,320,352,Lobules IV-V,right
764,662,2684,1074,114,557,Lobules IV-V,right
764,1597,1763,1040,330,338,Lobules IV-V,right
764,646,2730,1075,110,568,Lobules IV-V,right
764,725,2764,1075,134,575,Lobules IV-V,left
764,1509,1851,1044,309,356,Lobules IV-V,right
764,652,2765,1076,112,575,Lobules IV-V,left
764,681,2756,1075,121,573,Lobules IV-V,left
764,692,2817,1076,124,586,Lobules IV-V,left
764,694,2721,1074,125,565,Lobules IV-V,right
764,721,2747,1075,133,571,Lobules IV-V,left
764,733,2696,1074,137,559,Lobules IV-V,right
764,737,2703,1074,137,562,Lobules IV-V,right
765,650,2689,1074,112,559,Lobules IV-V,right
765,701,2731,1074,127,567,Lobules IV-V,right
765,739,2720,1074,138,565,Lobules IV-V,right
765,1600,1809,1039,331,348,Lobules IV-V,right
765,708,2765,1075,130,575,Lobules IV-V,left
765,738,2754,1075,139,573,Lobules IV-V,left
765,675,2740,1075,119,570,Lobules IV-V,right
765,693,2720,1074,125,565,Lobules IV-V,right
765,696,2754,1075,125,573,Lobules IV-V,left
765,695,2764,1075,125,575,Lobules IV-V,left
765,701,2779,1075,127,579,Lobules IV-V,left
766,651,2673,1073,112,555,Lobules IV-V,right
766,679,2778,1075,121,579,Lobules IV-V,left
766,707,2818,1075,129,588,Lobules IV-V,left
766,653,2860,1076,115,597,Lobules IV-V,left
766,677,2723,1074,119,566,Lobules IV-V,right
766,684,2765,1074,122,575,Lobules IV-V,left
766,696,2771,1074,125,576,Lobules IV-V,left
766,697,2754,1074,125,573,Lobules IV-V,left
766,725,2701,1073,133,561,Lobules IV-V,right
766,734,2792,1074,137,581,Cerebellum,left
769,656,2671,1072,113,554,Lobules IV-V,right
769,720,2763,1073,132,575,Lobules IV-V,left
769,660,2695,1072,114,560,Lobules IV-V,right
769,663,2745,1073,116,571,Lobules IV-V,left
769,667,2692,1072,116,559,Lobules IV-V,right
769,673,2729,1073,119,568,Lobules IV-V,right
769,677,2719,1073,119,565,Lobules IV-V,right
769,684,2599,1071,121,538,Midbrain,right
769,1645,1860,1033,342,359,Lobules IV-V,right
769,3113,2917,961,695,572,trapezoid body,left
771,656,2790,1072,114,581,Lobules IV-V,left
773,648,2459,1069,111,507,"Inferior colliculus, external nucleus",right
773,655,2317,1069,111,474,"Inferior colliculus, external nucleus",right
773,687,2181,1067,116,443,"Inferior colliculus, external nucleus",right
779,646,2456,1066,110,506,"Inferior colliculus, external nucleus",right
779,1575,1834,1033,325,354,Lobules IV-V,right
778,1696,1743,1026,353,334,Lobules IV-V,right
777,738,2623,1067,136,544,"Inferior colliculus, dorsal nucleus",right
777,696,2722,1069,124,566,Lobules IV-V,right
777,1820,1787,1018,383,344,Lobules IV-V,right
780,714,2805,1068,130,585,Midbrain,left
780,1600,1826,1031,331,352,Lobules IV-V,right
780,766,2635,1065,143,546,"Inferior colliculus, dorsal nucleus",right
781,1619,1811,1030,336,349,Lobules IV-V,right
785,653,2524,1064,113,522,Midbrain,right
785,1675,3065,1026,357,633,Periaqueductal gray,left
785,2813,2068,967,624,398,rubrospinal tract,right
785,2849,2071,965,634,397,Pons,right
787,2798,2059,966,620,396,rubrospinal tract,right
787,3123,2837,951,695,553,trapezoid body,right
786,2824,2063,966,627,396,Pons,right
786,2833,2064,965,630,396,Pons,right
786,2846,2065,964,633,396,Pons,right
788,1613,2336,1021,338,464,Periaqueductal gray,right
789,1983,2807,1010,428,564,Dorsal nucleus raphe,right
793,1982,2811,1009,426,565,Dorsal nucleus raphe,right
793,2772,2043,966,612,394,Parvicellular motor 5 nucleus,right
793,2534,3635,987,574,734,Peritrigeminal zone,left
793,2798,2036,964,620,391,Parvicellular motor 5 nucleus,right
793,2805,2061,964,621,396,Parvicellular motor 5 nucleus,right
793,2821,2063,963,625,397,Parvicellular motor 5 nucleus,right
793,2829,2064,962,628,396,Parvicellular motor 5 nucleus,right
793,2851,2072,961,635,397,Pons,right
794,2338,1610,987,508,304,Flocculus,right
794,2840,2067,961,632,396,Parvicellular motor 5 nucleus,right
794,2384,1989,989,517,384,Pons,right
797,1651,1773,1020,343,341,Lobules IV-V,right
797,1666,1780,1019,346,342,Lobules IV-V,right
795,1767,1718,1012,368,328,Lobules IV-V,right
795,3123,2837,948,695,553,trapezoid body,right
796,1655,1796,1020,344,346,Lobules IV-V,right
796,669,2242,1058,112,459,"Inferior colliculus, external nucleus",right
796,1845,1667,1009,385,315,Lobules IV-V,right
798,663,2291,1057,112,470,"Inferior colliculus, external nucleus",right
798,1724,1791,1014,360,345,Lobules IV-V,right
798,1766,1749,1011,369,335,Lobules IV-V,right
798,2803,2067,961,621,397,Parvicellular motor 5 nucleus,right
801,2757,2661,972,609,523,Tegmental reticular nucleus,right
801,2759,2683,972,609,528,Tegmental reticular nucleus,right
801,2773,2690,971,613,529,Tegmental reticular nucleus,right
801,2807,2063,960,621,397,Parvicellular motor 5 nucleus,right
801,2862,2079,957,638,399,ventral spinocerebellar tract,right
801,1684,1784,1016,351,344,root,right
801,2085,2251,996,444,443,Pedunculopontine nucleus,right
801,2807,2634,968,620,516,"Pontine reticular nucleus, caudal part",right
802,2668,2645,976,589,521,Tegmental reticular nucleus,right
802,2786,2051,960,616,395,Parvicellular motor 5 nucleus,right
802,2824,2079,958,627,400,ventral spinocerebellar tract,right
802,2877,2071,956,643,396,Parvicellular motor 5 nucleus,right
803,1890,4004,1012,418,828,Lobules IV-V,left
803,658,2289,1055,110,471,"Inferior colliculus, external nucleus",right
803,2776,2062,960,613,397,Parvicellular motor 5 nucleus,right
803,2888,2761,962,636,541,Pons,right
804,2783,2059,959,616,397,Parvicellular motor 5 nucleus,right
809,2877,2079,953,643,398,Pons,right
809,2716,2611,970,599,513,Pontine reticular nucleus,right
809,2852,2699,963,628,529,Tegmental reticular nucleus,right
809,2899,2721,959,639,532,Pons,right
809,2818,2065,956,626,397,Parvicellular motor 5 nucleus,right
809,2861,2740,963,630,538,Tegmental reticular nucleus,right
809,2875,2777,962,633,545,Tegmental reticular nucleus,right
805,2704,1648,976,605,305,Pons,right
805,2845,2070,956,633,397,Parvicellular motor 5 nucleus,right
808,655,2506,1053,112,519,Midbrain,right
810,2810,2666,964,620,522,Tegmental reticular nucleus,right
810,2837,2646,962,625,517,Tegmental reticular nucleus,right
810,2279,2172,987,490,428,Supratrigeminal nucleus,right
811,3153,2666,938,704,514,Pons,right
811,2768,2634,966,611,517,Tegmental reticular nucleus,right
812,669,2251,1051,112,462,"Inferior colliculus, external nucleus",right
812,2867,2078,952,640,399,ventral spinocerebellar tract,right
812,1276,1829,1029,253,360,Midbrain,right
813,2845,2788,963,626,549,Tegmental reticular nucleus,right
813,2854,2079,952,637,399,ventral spinocerebellar tract,right
814,2827,2718,962,622,534,Tegmental reticular nucleus,right
814,2792,3104,966,621,620,Tegmental reticular nucleus,left
817,2737,3125,969,609,625,Tegmental reticular nucleus,left
817,2823,2696,961,622,529,Tegmental reticular nucleus,right
817,2843,2729,960,626,536,Tegmental reticular nucleus,right
817,2872,2810,959,631,553,medial lemniscus,right
817,2882,2696,957,634,527,Tegmental reticular nucleus,right
817,807,2725,1049,151,567,Midbrain,right
817,2833,2731,961,624,536,Tegmental reticular nucleus,right
817,2851,2990,961,630,594,Tegmental reticular nucleus,left
817,2886,2560,955,636,496,Pontine reticular nucleus,right
817,2931,3021,954,650,600,Pons,left
817,3001,2993,948,666,593,Pons,left
818,2784,3108,965,620,621,Tegmental reticular nucleus,left
818,2906,2988,955,642,593,Tegmental reticular nucleus,left
818,2781,3072,965,617,612,Tegmental reticular nucleus,left
818,2848,2820,960,627,556,medial lemniscus,right
818,2852,2849,960,627,563,medial lemniscus,right
819,2844,2744,959,626,539,Tegmental reticular nucleus,right
819,2242,3441,987,495,697,Supratrigeminal nucleus,left
819,2725,3131,967,607,626,Tegmental reticular nucleus,left
819,2794,3020,963,618,601,Tegmental reticular nucleus,left
819,2964,2553,947,655,493,Pons,right
819,2520,2234,972,549,443,Pontine reticular nucleus,right
819,2833,3016,960,627,599,Tegmental reticular nucleus,left
819,2877,3003,957,636,597,Tegmental reticular nucleus,left
819,2933,3057,952,652,608,Pons,left
822,2565,1916,965,561,368,Principal sensory nucleus of the trigeminal,right
820,2794,3052,963,620,608,Tegmental reticular nucleus,left
820,3143,2598,934,703,500,Pons,right
820,2782,3111,964,619,621,Tegmental reticular nucleus,left
821,2711,3690,961,619,746,Parvicellular motor 5 nucleus,left
821,2996,2989,947,664,592,Pons,left
824,2884,3008,955,638,598,Tegmental reticular nucleus,left
824,2891,2501,951,637,483,Pontine reticular nucleus,right
824,2907,2548,950,640,494,Tegmental reticular nucleus,right
824,2925,3011,951,648,597,Pons,left
826,2741,2543,960,603,498,Pontine reticular nucleus,right
826,2828,2774,958,622,547,Tegmental reticular nucleus,right
826,2872,3019,955,635,600,Tegmental reticular nucleus,left
826,2877,2949,955,634,584,medial lemniscus,left
826,2914,3117,951,650,622,Pons,left
826,2884,2959,954,637,586,medial lemniscus,left
826,2907,2976,952,642,589,medial lemniscus,left
826,2930,2726,949,644,532,Tegmental reticular nucleus,right
827,628,3070,1049,110,644,Midbrain,left
827,2830,3011,957,626,598,Tegmental reticular nucleus,left
827,2945,2831,948,648,556,Pons,right
825,2550,1953,964,557,377,Pons,right
825,2794,3050,962,619,608,Tegmental reticular nucleus,left
825,2806,3060,961,622,610,Tegmental reticular nucleus,left
825,2806,3019,961,621,601,Tegmental reticular nucleus,left
825,2854,2972,957,630,589,medial lemniscus,left
825,2870,3005,956,635,597,Tegmental reticular nucleus,left
825,2882,2982,955,636,591,Tegmental reticular nucleus,left
825,2890,2557,951,637,495,Tegmental reticular nucleus,right
825,2891,2958,954,638,586,medial lemniscus,left
825,2897,2503,951,638,484,Pontine reticular nucleus,right
825,2906,2994,953,642,594,Tegmental reticular nucleus,left
825,2915,3014,952,646,599,Pons,left
825,2932,2807,951,644,551,medial lemniscus,right
825,2930,3047,951,650,605,Pons,left
825,2418,3861,979,550,788,Principal sensory nucleus of the trigeminal,left
825,2757,3686,957,631,745,Parvicellular motor 5 nucleus,left
825,2787,3102,962,619,619,Tegmental reticular nucleus,left
825,2855,2816,957,628,555,medial lemniscus,right
825,2888,2759,954,635,542,Tegmental reticular nucleus,right
829,2920,3082,950,650,613,Pons,left
829,2977,2809,946,654,551,Pons,right
828,2911,3026,951,645,601,Tegmental reticular nucleus,left
828,2951,2748,947,649,537,Tegmental reticular nucleus,right
828,2439,3866,975,554,790,Principal sensory nucleus of the trigeminal,left
828,2882,2960,953,636,586,medial lemniscus,left
830,740,2652,1043,133,551,Midbrain,right
830,722,2144,1040,122,440,"Inferior colliculus, external nucleus",right
830,2835,2763,955,623,544,Tegmental reticular nucleus,right
832,2807,3225,957,629,646,Pontine reticular nucleus,left
832,2836,3089,955,630,616,Tegmental reticular nucleus,left
832,2875,3004,952,636,597,Tegmental reticular nucleus,left
832,2890,3042,951,641,604,Tegmental reticular nucleus,left
833,2887,3003,951,638,596,Tegmental reticular nucleus,left
833,2755,3133,960,613,627,Tegmental reticular nucleus,left
833,2821,3043,956,625,606,Tegmental reticular nucleus,left
833,2857,3202,953,640,641,Pons,left
833,2865,2915,953,631,577,medial lemniscus,left
833,2879,2940,952,635,582,medial lemniscus,left
833,2886,2924,951,636,579,medial lemniscus,left
833,2912,2946,949,642,583,medial lemniscus,left
833,2922,3056,948,648,608,Tegmental reticular nucleus,left
833,2928,3090,947,652,616,Tegmental reticular nucleus,left
833,2929,3000,947,648,595,Tegmental reticular nucleus,left
833,3019,2973,940,670,588,Pons,left
833,1966,2178,985,414,430,Pedunculopontine nucleus,right
833,2357,2175,974,507,431,Pontine reticular nucleus,right
833,2812,3023,957,622,602,Tegmental reticular nucleus,left
833,2878,2974,952,636,590,Tegmental reticular nucleus,left
833,2879,3032,951,638,602,Tegmental reticular nucleus,left
833,2894,2992,950,640,593,Tegmental reticular nucleus,left
833,2928,2979,947,648,590,Tegmental reticular nucleus,left
834,2932,2832,947,644,556,Tegmental reticular nucleus,right
834,2949,2707,944,649,527,Tegmental reticular nucleus,right
834,2899,2978,949,641,591,Tegmental reticular nucleus,left
834,2931,2944,947,647,582,Tegmental reticular nucleus,left
834,2938,2842,946,647,558,Tegmental reticular nucleus,right
834,2878,3048,951,639,607,Tegmental reticular nucleus,left
834,2913,3130,948,651,625,Tegmental reticular nucleus,left
834,2992,2978,941,662,590,Pons,left
834,2993,2972,941,663,587,Pons,left
835,2650,3061,964,585,612,Tegmental reticular nucleus,left
835,2795,3076,956,620,613,Tegmental reticular nucleus,left
835,2896,3084,948,644,615,Tegmental reticular nucleus,left
835,2916,3069,947,648,611,Tegmental reticular nucleus,left
835,2961,2752,943,651,537,Tegmental reticular nucleus,right
835,2728,3671,952,623,742,Parvicellular motor 5 nucleus,left
835,2792,3027,957,617,602,Tegmental reticular nucleus,left
835,2869,3185,950,642,637,Tegmental reticular nucleus,left
835,2894,2996,949,640,594,Tegmental reticular nucleus,left
835,2895,3097,948,644,617,Tegmental reticular nucleus,left
835,2916,3091,947,649,616,Tegmental reticular nucleus,left
835,2925,3004,946,647,596,Tegmental reticular nucleus,left
835,2957,3025,943,655,600,Pons,left
835,3021,2986,938,670,590,Pontine gray,left
835,3099,2554,931,690,491,Pons,right
835,2885,3001,949,638,595,Tegmental reticular nucleus,left
835,2903,3015,948,643,599,Tegmental reticular nucleus,left
835,2992,3034,941,664,602,Pons,left
835,3098,2529,931,691,486,Pons,right
837,2900,2912,948,639,575,Tegmental reticular nucleus,left
837,2814,3056,955,624,608,Tegmental reticular nucleus,left
837,2875,2954,950,634,585,medial lemniscus,left
837,2877,2811,950,632,553,medial lemniscus,right
837,2991,2801,941,658,548,Pons,right
837,3062,2518,933,679,484,Pontine gray,right
837,2825,3244,954,634,651,Pontine reticular nucleus,left
837,2875,3016,950,636,599,Tegmental reticular nucleus,left
837,2881,3005,950,637,597,Tegmental reticular nucleus,left
837,2906,3163,948,650,633,Tegmental reticular nucleus,left
837,2919,2970,947,645,588,Tegmental reticular nucleus,left
837,2934,3038,945,651,604,Tegmental reticular nucleus,left
837,2971,2977,942,657,589,Pons,left
837,2983,2983,941,661,591,Pons,left
836,2943,2797,945,648,548,Tegmental reticular nucleus,right
836,2869,3092,950,638,616,Tegmental reticular nucleus,left
836,2870,2921,951,632,578,medial lemniscus,left
836,2897,3068,948,643,611,Tegmental reticular nucleus,left
836,2900,3137,948,647,626,Tegmental reticular nucleus,left
836,2920,2919,947,644,577,Tegmental reticular nucleus,left
836,2996,2779,940,659,543,Pons,right
836,3056,2522,934,678,484,Pontine gray,right
836,2829,3058,954,628,609,Tegmental reticular nucleus,left
836,2882,3061,950,639,609,Tegmental reticular nucleus,left
836,3005,3023,939,668,600,Pontine gray,left
836,3020,3005,938,671,595,Pontine gray,left
836,3101,2568,931,690,494,Pons,right
838,2884,3112,948,642,620,Tegmental reticular nucleus,left
838,2925,3014,945,648,598,Tegmental reticular nucleus,left
838,2998,2984,939,665,591,Pontine gray,left
838,3067,2556,932,680,492,Pontine gray,right
838,3145,2669,927,700,516,Pons,right
838,2907,3100,947,647,618,Tegmental reticular nucleus,left
838,2939,2781,944,646,545,Tegmental reticular nucleus,right
838,3084,2635,931,684,509,Pontine gray,right
840,2920,2935,945,644,580,Tegmental reticular nucleus,left
840,2905,2819,946,639,555,Tegmental reticular nucleus,right
840,3075,2745,932,680,534,Pontine gray,right
840,2849,2938,951,628,582,medial lemniscus,left
840,3008,3033,937,669,602,Pontine gray,left
839,3016,3043,937,671,604,Pontine gray,left
839,3090,2568,930,687,495,Pontine gray,right
841,2904,2905,946,640,574,Tegmental reticular nucleus,left
841,2820,3018,953,624,601,Tegmental reticular nucleus,left
841,2847,3138,950,634,627,Tegmental reticular nucleus,left
841,2855,3113,950,636,622,Tegmental reticular nucleus,left
841,2886,3146,947,644,628,Tegmental reticular nucleus,left
841,2892,2949,947,638,584,medial lemniscus,left
841,2895,3031,947,641,602,Tegmental reticular nucleus,left
841,2949,3019,942,654,599,Tegmental reticular nucleus,left
841,2973,2967,940,658,586,Pons,left
841,3000,2758,938,660,539,Pontine gray,right
841,1925,2328,984,404,463,Pedunculopontine nucleus,right
841,2520,2865,967,550,572,Superior central nucleus raphe,left
841,2807,3250,953,629,652,Pontine reticular nucleus,left
841,2828,3097,952,629,617,Tegmental reticular nucleus,left
841,2900,2991,946,641,593,Tegmental reticular nucleus,left
841,2912,3102,945,648,618,Tegmental reticular nucleus,left
841,2927,2778,944,643,545,Tegmental reticular nucleus,right
841,3009,3060,937,671,608,Pontine gray,left
841,3017,3071,937,672,610,Pontine gray,left
841,3108,2632,929,691,508,Pons,right
843,2909,2959,944,643,586,Tegmental reticular nucleus,left
843,2873,2979,947,635,591,Tegmental reticular nucleus,left
843,2952,2935,940,651,580,Tegmental reticular nucleus,left
843,2959,2948,940,654,583,Pons,left
843,3007,2954,936,665,584,Pontine gray,left
843,2688,2907,958,591,578,Tegmental reticular nucleus,left
843,2850,3161,948,636,632,Tegmental reticular nucleus,left
843,2886,3271,945,649,656,Pons,left
843,2926,2862,943,644,563,Tegmental reticular nucleus,right
843,2942,3022,941,652,599,Tegmental reticular nucleus,left
843,3007,3031,936,668,601,Pontine gray,left
843,3064,3158,933,690,630,Pons,left
843,3100,2671,928,687,517,Pontine gray,right
843,2829,3243,949,635,651,Pons,left
843,2879,3159,946,643,632,Tegmental reticular nucleus,left
843,3033,3016,934,675,597,Pontine gray,left
843,3100,2545,927,690,490,Pontine gray,right
842,2968,2825,940,654,554,Pons,right
842,3002,3080,937,669,613,Pons,left
842,3035,2522,933,672,485,Pontine gray,right
842,2695,3109,959,597,622,Tegmental reticular nucleus,left
842,2804,3024,953,620,602,Tegmental reticular nucleus,left
842,2815,3236,951,631,648,Pontine reticular nucleus,left
842,2844,2991,950,629,594,Tegmental reticular nucleus,left
842,2873,3192,947,643,638,Tegmental reticular nucleus,left
842,2926,2988,943,647,593,Tegmental reticular nucleus,left
842,2927,3001,943,647,595,Tegmental reticular nucleus,left
842,2982,3040,939,662,604,Pons,left
842,2868,2960,948,634,587,medial lemniscus,left
842,2879,3008,947,637,598,Tegmental reticular nucleus,left
842,3012,3054,936,670,607,Pontine gray,left
842,3016,3070,936,672,610,Pontine gray,left
842,3035,3075,935,678,611,Pontine gray,left
848,2912,2925,942,642,578,Tegmental reticular nucleus,left
848,2981,2999,936,661,594,Pontine gray,left
848,2982,2918,936,658,576,Pons,left
848,2998,3015,935,666,598,Pontine gray,left
848,3033,3080,932,678,612,Pontine gray,left
848,3084,2629,927,683,508,Pontine gray,right
844,2912,2920,944,642,577,Tegmental reticular nucleus,left
844,2959,2924,940,653,577,Pons,left
844,2809,2752,950,618,542,Tegmental reticular nucleus,right
844,2866,2913,947,631,577,medial lemniscus,left
844,2888,3146,945,645,628,Tegmental reticular nucleus,left
844,2965,2997,939,657,593,Pontine gray,left
844,2999,2998,936,666,594,Pontine gray,left
844,3045,2516,931,675,484,Pontine gray,right
844,2941,2947,941,649,582,Tegmental reticular nucleus,left
844,3027,3023,934,673,600,Pontine gray,left
845,3027,3001,934,672,594,Pontine gray,left
845,2951,2921,941,651,576,Pons,left
845,3044,3176,934,685,633,Pontine gray,left
845,3102,2603,927,688,502,Pontine gray,right
845,2853,3151,948,637,630,Tegmental reticular nucleus,left
845,3007,3080,936,670,613,Pontine gray,left
847,1724,2614,987,362,524,Periaqueductal gray,right
847,3021,3011,933,671,596,Pontine gray,left
847,3037,3177,933,682,633,Pontine gray,left
847,3037,3195,933,683,638,Pontine gray,left
847,3050,2555,929,675,493,Pontine gray,right
846,2903,2946,943,641,583,Tegmental reticular nucleus,left
846,2927,2911,942,645,575,Tegmental reticular nucleus,left
846,3003,2941,935,665,580,Pons,left
846,3021,2808,934,666,550,Pontine gray,right
846,3036,3013,933,675,597,Pontine gray,left
846,3037,3089,933,678,614,Pontine gray,left
846,3052,2437,930,678,467,Pontine gray,right
846,3069,2638,929,679,511,Pontine gray,right
846,2958,3015,939,656,598,Pontine gray,left
846,3042,2978,932,675,589,Pons,left
849,2861,2974,946,632,590,Tegmental reticular nucleus,left
849,2898,3140,942,647,627,Tegmental reticular nucleus,left
849,2947,3153,939,658,630,corticospinal tract,left
849,2952,2959,939,652,586,Pontine gray,left
849,3001,3248,936,677,650,Pons,left
849,3045,2430,929,677,466,Pontine gray,right
849,3049,2502,929,676,481,Pontine gray,right
849,3071,2595,928,680,501,Pontine gray,right
849,3110,2583,925,691,498,Pons,right
849,2096,2284,974,441,452,Pedunculopontine nucleus,right
849,2835,3268,947,637,656,Pontine reticular nucleus,left
849,2985,3006,936,662,596,Pontine gray,left
849,3033,3199,933,683,639,Pontine gray,left
849,3059,3053,930,683,606,Pontine gray,left
850,2899,3056,941,643,608,Tegmental reticular nucleus,left
850,2868,2958,944,634,587,Tegmental reticular nucleus,left
850,2989,3056,935,665,607,Pontine gray,left
850,3005,2570,931,662,497,Tegmental reticular nucleus,right
850,3045,2779,930,672,543,Pontine gray,right
850,3087,2556,926,685,492,Pontine gray,right
850,2807,3320,948,631,666,Pontine reticular nucleus,left
850,2940,2955,938,650,585,Tegmental reticular nucleus,left
850,2996,3065,934,667,609,Pontine gray,left
850,3027,3225,933,682,645,Pontine gray,left
850,3047,3189,932,685,637,Pontine gray,left
850,3054,3169,931,687,632,Pontine gray,left
850,3068,2428,927,684,466,Pontine gray,right
851,3027,3193,932,680,638,Pontine gray,left
851,3036,3108,931,679,619,Pontine gray,left
851,3049,2518,927,675,485,Pontine gray,right
851,2809,2435,944,616,473,Pontine reticular nucleus,right
851,2885,3024,942,639,601,Tegmental reticular nucleus,left
851,2888,2989,941,639,593,Tegmental reticular nucleus,left
851,3001,2938,933,664,580,Pontine gray,left
851,3024,2939,931,670,580,Pons,left
851,3057,2466,927,678,474,Pontine gray,right
851,1114,1565,1026,212,296,"Posterolateral visual area, layer 1",right
851,3005,3182,933,674,635,Pontine gray,left
851,3048,3149,930,685,628,Pontine gray,left
851,3105,2652,924,688,513,Pontine gray,right
852,2905,2836,940,640,558,Tegmental reticular nucleus,right
852,2824,2908,946,623,576,medial lemniscus,left
852,2917,2918,940,643,577,Tegmental reticular nucleus,left
852,2962,2908,936,654,574,Pons,left
852,2995,2478,931,661,478,Pontine gray,right
852,3016,3166,932,676,631,Pontine gray,left
852,3061,3147,929,687,626,Pontine gray,left
852,3068,2657,926,679,514,Pontine gray,right
852,3084,2646,925,683,512,Pontine gray,right
852,2878,2464,939,632,478,Tegmental reticular nucleus,right
852,3017,2987,932,669,591,Pontine gray,left
852,3018,3207,932,679,640,Pontine gray,left
852,3027,3144,932,678,627,Pontine gray,left
852,3039,3127,931,681,622,Pontine gray,left
852,3045,3221,931,687,643,Pontine gray,left
853,3038,3145,931,682,627,Pontine gray,left
853,3030,2510,928,670,484,Pontine gray,right
853,3080,2651,926,682,513,Pontine gray,right
853,2760,3188,950,615,639,Tegmental reticular nucleus,left
854,2955,2932,935,653,579,Pontine gray,left
854,2967,2998,935,657,595,Pontine gray,left
854,3022,3010,930,671,596,Pontine gray,left
854,3031,3155,931,679,629,Pontine gray,left
854,3059,3130,929,686,623,Pontine gray,left
854,3061,2646,926,676,512,Pontine gray,right
854,3092,2667,924,684,516,Pontine gray,right
854,2893,3064,940,643,610,Tegmental reticular nucleus,left
854,2903,2943,939,642,583,Tegmental reticular nucleus,left
854,3009,3200,932,676,639,Pontine gray,left
855,3016,3158,931,675,630,Pontine gray,left
855,3006,3193,931,674,638,Pontine gray,left
855,3027,3197,930,680,638,Pontine gray,left
856,3067,2588,925,678,500,Pontine gray,right
856,1740,2569,983,364,515,Periaqueductal gray,right
856,3105,2550,922,690,491,Pontine gray,right
856,2948,3011,935,654,597,Pontine gray,left
856,3007,3224,932,676,645,Pontine gray,left
856,3007,3210,931,675,641,Pontine gray,left
856,3042,3127,929,681,622,Pontine gray,left
856,3050,3112,928,683,619,Pontine gray,left
857,2683,2906,952,589,578,Tegmental reticular nucleus,left
857,2780,3241,947,622,649,Tegmental reticular nucleus,left
857,2867,3119,941,638,622,Tegmental reticular nucleus,left
857,2948,3284,935,665,658,Tegmental reticular nucleus,left
857,2950,3269,935,664,655,Tegmental reticular nucleus,left
857,2986,3148,933,667,628,Tegmental reticular nucleus,left
857,2997,3292,932,677,659,Pontine gray,left
857,3006,3270,932,678,655,Pontine gray,left
857,3015,3247,931,679,649,Pontine gray,left
857,3015,3219,931,678,643,Pontine gray,left
857,3018,3310,931,684,663,Pontine gray,left
857,3032,3338,931,689,669,Pons,left
857,3037,3180,930,682,634,Pontine gray,left
857,3048,3264,929,690,653,Pons,left
857,3057,3159,928,686,630,Pontine gray,left
857,3062,3124,928,686,622,Pontine gray,left
857,3071,2446,924,683,470,Pontine gray,right
857,3075,3144,927,691,626,Pons,left
857,3105,2602,922,689,502,Pontine gray,right
857,2818,2929,945,622,581,medial lemniscus,left
857,2946,2993,935,652,594,Pontine gray,left
857,2982,3284,933,672,658,Pontine gray,left
857,2986,3002,932,662,595,Pontine gray,left
857,2989,3076,932,666,612,Pontine gray,left
857,3036,3049,929,676,605,Pontine gray,left
857,3039,3269,930,687,654,Pontine gray,left
857,3052,3128,928,683,623,Pontine gray,left
857,3054,3072,928,682,610,Pontine gray,left
857,3066,3146,928,688,626,Pontine gray,left
858,2716,3145,950,603,629,Tegmental reticular nucleus,left
858,3010,2993,929,668,593,Pontine gray,left
858,3016,2388,926,670,459,Pons,right
858,3019,3290,930,683,659,Pontine gray,left
858,3052,3239,928,688,647,Pontine gray,left
858,3064,3212,927,691,640,Pons,left
858,2992,3270,932,674,655,Pontine gray,left
858,3027,3295,930,685,660,Pontine gray,left
858,3047,3207,928,685,640,Pontine gray,left
858,3060,3198,927,689,638,Pontine gray,left
858,3071,2716,924,678,528,Pontine gray,right
858,3072,2560,923,680,494,Pontine gray,right
858,3076,3165,926,692,630,Pons,left
858,3077,3159,926,691,629,Pons,left
858,2981,3091,932,664,615,Pontine gray,left
858,3002,3235,931,675,647,Pontine gray,left
858,3030,3280,929,685,656,Pontine gray,left
858,3035,3049,928,676,605,Pontine gray,left
858,3073,3187,926,692,635,Pons,left
858,3095,2537,922,687,489,Pontine gray,right
859,3060,3183,926,688,635,Pontine gray,left
859,2840,2933,941,627,582,medial lemniscus,left
859,2963,2923,932,656,578,Pontine gray,left
859,3030,3255,928,684,651,Pontine gray,left
859,3034,3216,928,683,642,Pontine gray,left
859,2899,2799,936,638,551,Tegmental reticular nucleus,right
859,2923,2906,935,646,574,Pons,left
859,2999,3269,930,676,654,Pontine gray,left
859,3013,3306,929,682,662,Pontine gray,left
859,3031,3071,927,676,610,Pontine gray,left
859,3052,3110,926,682,619,Pontine gray,left
859,3058,2564,923,677,495,Pontine gray,right
859,3062,2747,924,676,535,Pontine gray,right
859,3010,3289,930,680,659,Pontine gray,left
859,3013,3177,929,676,634,Pontine gray,left
859,3017,3018,928,670,599,Pontine gray,left
859,3026,3320,929,686,665,Pontine gray,left
859,3055,2576,924,675,498,Pontine gray,right
860,2998,3255,930,676,651,Pontine gray,left
860,2996,3288,930,676,659,Pontine gray,left
860,3037,3261,928,685,652,Pontine gray,left
860,3042,2436,924,675,468,Pontine gray,right
860,3054,3188,927,687,636,Pontine gray,left
860,3055,3100,926,683,616,Pontine gray,left
860,2978,3019,931,662,599,Pontine gray,left
860,3038,3126,927,680,622,Pontine gray,left
861,3036,2748,926,670,536,Pontine gray,right
861,3047,3220,927,686,643,Pontine gray,left
861,3010,3085,929,671,614,Pontine gray,left
861,3017,3234,929,678,647,Pontine gray,left
861,3096,2583,921,686,499,Pontine gray,right
862,2982,2937,930,660,580,Pontine gray,left
862,3080,2507,921,683,483,Pontine gray,right
863,3002,3224,928,674,645,Pontine gray,left
863,2998,3201,928,673,639,Pontine gray,left
863,3042,3187,926,682,635,Pontine gray,left
863,3061,2532,921,677,488,Pontine gray,right
864,2866,2915,937,632,577,Tegmental reticular nucleus,left
864,3071,2565,921,679,496,Pontine gray,right
864,3038,3181,926,682,634,Pontine gray,left
864,3049,2459,921,676,474,Pontine gray,right
864,3052,3094,925,682,615,Pontine gray,left
865,3061,2452,921,679,471,Pontine gray,right
865,2777,3261,943,621,653,Tegmental reticular nucleus,left
865,2896,2900,935,639,573,Pons,left
865,2982,3269,929,671,655,Pontine gray,left
865,2998,3041,928,667,604,Pontine gray,left
865,3000,3313,928,679,664,Pontine gray,left
865,3004,3239,928,676,648,Pontine gray,left
865,3016,2986,926,670,591,Pontine gray,left
865,3017,2473,924,666,478,Pontine gray,right
865,3019,3337,927,685,668,Pontine gray,left
865,3021,3150,927,676,628,Pontine gray,left
865,3023,3299,927,684,661,Pontine gray,left
865,3026,3224,927,680,644,Pontine gray,left
865,3031,2420,923,672,466,Pontine gray,right
865,3032,3322,927,687,665,Pontine gray,left
865,3041,3275,926,687,655,Pontine gray,left
865,3058,2610,922,676,505,Pontine gray,right
865,3076,3185,924,692,635,Pons,left
865,2921,3272,933,656,655,Tegmental reticular nucleus,left
865,2982,3311,929,673,663,Pontine gray,left
865,3008,3376,928,685,677,Pons,left
865,3040,3048,925,678,605,Pontine gray,left
865,3048,3324,926,693,666,Pons,left
866,2975,2953,928,659,585,Pontine gray,left
866,3071,3107,923,687,617,Pontine gray,left
866,3083,2425,919,688,466,Pons,right
866,2988,3205,928,670,640,Pontine gray,left
866,3001,3256,927,675,651,Pontine gray,left
866,3074,3197,923,692,637,Pons,left
866,3068,3195,924,691,637,Pons,left
867,3032,3204,925,680,640,Pontine gray,left
867,3035,3237,925,683,646,Pontine gray,left
867,926,1690,1028,166,337,"Retrosplenial area, lateral agranular part, layer 1",right
867,2965,3109,928,660,619,Pontine gray,left
867,2981,3277,928,671,655,Pontine gray,left
867,2987,3214,927,669,642,Pontine gray,left
867,2990,2930,926,662,579,Pontine gray,left
867,2990,3246,927,672,649,Pontine gray,left
867,2995,3281,927,675,656,Pontine gray,left
867,3013,3197,926,676,638,Pontine gray,left
867,3034,3216,924,682,642,Pontine gray,left
867,3039,3254,924,685,650,Pontine gray,left
867,2981,3213,928,668,642,Pontine gray,left
868,960,1710,1025,175,341,"Retrosplenial area, lateral agranular part, layer 1",right
868,2932,2946,930,648,583,Pontine gray,left
868,3061,3154,923,686,628,Pontine gray,left
868,3006,3306,926,679,662,Pontine gray,left
868,3040,2607,921,670,505,Pontine gray,right
870,3060,3178,922,687,634,Pontine gray,left
870,759,2607,1024,133,541,Midbrain,right
870,3013,3220,925,677,643,Pontine gray,left
870,3052,3236,923,687,646,Pontine gray,left
870,2745,3200,942,611,641,Tegmental reticular nucleus,left
870,3023,3248,924,681,649,Pontine gray,left
870,3030,2402,920,673,462,Pontine gray,right
870,3042,3204,923,683,640,Pontine gray,left
869,2936,2912,930,649,575,Pontine gray,left
869,2774,3269,941,621,655,Tegmental reticular nucleus,left
869,3019,3263,925,681,653,Pontine gray,left
869,3020,3302,925,683,660,Pontine gray,left
869,3044,3246,924,686,648,Pontine gray,left
869,3029,3291,925,685,658,Pontine gray,left
869,3049,3222,924,686,643,Pontine gray,left
869,3052,3253,924,688,650,Pontine gray,left
869,3057,3164,923,685,631,Pontine gray,left
869,3059,3220,923,689,643,Pontine gray,left
872,3017,3242,924,677,647,Pontine gray,left
872,3018,3295,923,682,659,Pontine gray,left
872,2981,3222,926,668,643,Pontine gray,left
872,3063,3247,921,691,648,Pons,left
872,3071,3220,921,691,642,Pons,left
871,3025,2383,919,672,459,Pontine gray,right
871,3037,3302,923,686,660,Pontine gray,left
871,788,2647,1022,140,550,Midbrain,right
871,2977,3254,926,668,651,Pontine gray,left
871,791,2589,1022,138,537,Midbrain,right
873,3022,3276,923,681,655,Pontine gray,left
873,3029,2414,919,672,465,Pontine gray,right
873,3048,2400,918,679,461,Pontine gray,right
873,3060,2373,917,683,456,Pons,right
873,761,2854,1026,134,597,Midbrain,left
873,2740,3211,941,610,643,Tegmental reticular nucleus,left
873,2982,3273,926,670,655,Pontine gray,left
873,3002,3257,925,674,651,Pontine gray,left
873,3016,2386,919,670,459,Pontine gray,right
873,3022,3361,923,686,673,Pontine gray,left
873,3030,3313,923,686,663,Pontine gray,left
873,3035,3254,923,684,650,Pontine gray,left
873,3049,3202,922,685,638,Pontine gray,left
873,3056,3279,922,690,656,Pontine gray,left
873,3058,3229,922,689,645,Pontine gray,left
873,3059,3238,922,689,647,Pontine gray,left
873,3071,2470,917,681,476,Pontine gray,right
873,791,2811,1024,141,586,Midbrain,left
873,3064,3227,921,690,643,Pontine gray,left
875,3021,3208,922,677,641,Pontine gray,left
875,2759,3235,938,615,648,Tegmental reticular nucleus,left
875,3009,3249,922,676,649,Pontine gray,left
875,3015,2652,919,664,516,Pontine gray,right
875,3019,3260,922,679,652,Pontine gray,left
875,3040,3264,921,685,652,Pontine gray,left
875,3053,3175,920,685,633,Pontine gray,left
875,3057,2411,915,679,464,Pontine gray,right
875,3057,2397,915,680,461,Pontine gray,right
875,3069,3132,919,687,623,Pontine gray,left
875,3030,3253,921,682,650,Pontine gray,left
875,3055,3311,920,692,662,Pons,left
875,3059,3301,920,692,660,Pons,left
874,3020,3135,922,675,624,Pontine gray,left
874,3032,3100,922,676,617,Pontine gray,left
874,2770,2561,935,606,502,Tegmental reticular nucleus,right
874,2993,3241,924,672,648,Pontine gray,left
874,3004,2579,921,661,501,Pontine gray,right
874,3028,2348,918,676,451,Pons,right
874,3040,2438,917,674,470,Pontine gray,right
874,3058,3219,921,688,642,Pontine gray,left
874,3072,3166,920,689,630,Pontine gray,left
874,759,2831,1025,134,591,Midbrain,left
874,3075,3158,920,690,629,Pontine gray,left
877,3047,3295,920,688,659,Pontine gray,left
877,2989,3329,923,676,667,Pontine gray,left
877,3010,3333,922,681,668,Pontine gray,left
877,3041,3250,921,684,649,Pontine gray,left
877,2947,3293,926,662,660,Pontine gray,left
877,3020,3316,922,683,663,Pontine gray,left
879,3005,3359,920,681,673,Pontine gray,left
879,3059,3250,918,689,649,Pontine gray,left
879,2962,3233,923,663,647,Pontine gray,left
879,2997,3368,921,679,675,Pontine gray,left
876,3056,3263,920,689,652,Pontine gray,left
876,2748,3175,938,611,635,Tegmental reticular nucleus,left
876,3004,3176,923,672,633,Pontine gray,left
876,3007,3321,922,679,665,Pontine gray,left
876,3016,3283,922,679,657,Pontine gray,left
876,3020,3243,922,679,648,Pontine gray,left
876,3028,3359,921,688,673,Pons,left
876,3030,3303,921,685,661,Pontine gray,left
876,3041,3215,921,682,642,Pontine gray,left
876,761,2923,1023,132,612,Midbrain,left
876,2408,745,952,504,113,"Entorhinal area, lateral part, layer 2",right
876,3011,3346,922,682,670,Pontine gray,left
876,3070,3206,919,690,639,Pontine gray,left
878,3051,3245,919,686,648,Pontine gray,left
878,3074,2412,913,685,464,Pons,right
878,3024,3310,920,683,662,Pontine gray,left
878,3043,2357,915,680,452,Pons,right
878,3048,3231,919,686,645,Pontine gray,left
878,3049,2367,915,681,454,Pons,right
880,1099,1155,1023,216,201,"Posterolateral visual area, layer 1",right
883,3027,3351,917,686,671,Pontine gray,left
883,2965,3331,920,669,667,Pontine gray,left
883,2999,3243,919,673,648,Pontine gray,left
883,3048,3318,916,690,664,Pons,left
883,2952,3258,922,661,652,Pontine gray,left
881,2855,3362,929,643,674,Pons,left
881,2956,3306,923,665,662,Pontine gray,left
881,2994,3200,921,670,639,Pontine gray,left
881,3048,3333,918,692,667,Pons,left
881,3025,2341,915,675,449,Pons,right
882,2989,2336,916,665,449,Pontine gray,right
882,3011,3380,919,684,677,Pontine gray,left
882,2871,3351,927,646,672,Pontine gray,left
882,2998,3209,920,671,641,Pontine gray,left
882,3004,3330,919,679,667,Pontine gray,left
884,1614,3208,977,340,664,Periaqueductal gray,left
884,2754,3234,934,614,648,Tegmental reticular nucleus,left
884,2973,3347,920,672,670,Pontine gray,left
885,2998,3383,919,682,679,Pontine gray,left
885,3012,2365,914,669,455,Pontine gray,right
885,3037,3196,918,680,637,Pontine gray,left
886,3022,3337,917,683,668,Pontine gray,left
886,3031,2367,912,675,455,Pons,right
886,3064,2441,910,680,471,Pontine gray,right
886,3002,3305,918,676,661,Pontine gray,left
888,1645,2767,964,340,563,Dorsal nucleus raphe,right
888,2997,3327,917,676,666,Pontine gray,left
888,3021,3222,917,676,643,Pontine gray,left
887,3023,3365,915,686,674,Pons,left
887,3030,3316,915,684,663,Pontine gray,left
887,3042,3276,915,684,654,Pontine gray,left
889,2627,3080,939,576,617,Tegmental reticular nucleus,left
889,2962,3239,919,662,648,Pontine gray,left
889,2983,3405,917,679,683,Pontine gray,left
890,2996,3147,917,668,627,Pontine gray,left
890,2957,3399,918,670,682,Pontine gray,left
890,2981,3306,917,670,661,Pontine gray,left
890,2991,3286,917,672,657,Pontine gray,left
892,2974,3277,916,667,655,Pontine gray,left
893,3048,3242,913,684,647,Pontine gray,left
894,2983,3338,915,673,669,Pontine gray,left
897,2928,2288,912,651,441,Pons,right
897,3006,3357,913,680,672,Pontine gray,left
899,3014,3316,911,679,663,Pontine gray,left
899,3034,3275,910,682,654,Pontine gray,left
901,3022,3305,910,680,661,Pontine gray,left
904,1355,2427,973,268,489,Periaqueductal gray,right
907,2772,3189,920,615,638,Tegmental reticular nucleus,left
907,2974,3362,908,671,673,Pontine gray,left
906,3002,3328,908,676,666,Pontine gray,left
909,2352,702,942,488,106,"Entorhinal area, lateral part, layer 2",right
908,1089,4491,1018,238,963,"Postrhinal area, layer 1",left
905,2919,3423,913,662,687,Pontine gray,left
910,1091,4504,1017,238,967,"Postrhinal area, layer 1",left
913,2714,3253,923,602,652,Tegmental reticular nucleus,left
916,2812,2308,910,614,449,Pontine gray,right
916,2898,3416,908,655,685,Pontine gray,left
915,2988,2902,903,664,574,Pons,left
920,3038,3255,902,680,650,Pontine gray,left
919,2868,1682,917,636,312,sensory root of the trigeminal nerve,right
921,1683,2532,953,345,511,Periaqueductal gray,right
925,2868,3465,907,649,696,Pontine gray,left
928,3051,3211,899,680,640,Pontine gray,left
937,2731,3161,909,601,632,Tegmental reticular nucleus,left
937,3033,3247,896,677,648,Pontine gray,left
939,2800,3478,904,628,700,Pontine gray,left
941,673,3600,1014,122,752,"Retrosplenial area, lateral agranular part, layer 1",left
947,1769,2780,941,361,566,Dorsal nucleus raphe,right
946,2901,1037,894,617,178,"Entorhinal area, medial part, dorsal zone, layer 1",right
950,2503,682,911,517,107,"Entorhinal area, lateral part, layer 2",right
952,2704,1251,906,572,226,"Entorhinal area, medial part, dorsal zone, layer 6",right
951,2907,1314,894,622,233,"Entorhinal area, medial part, dorsal zone, layer 3",right
959,2620,698,897,541,113,"Entorhinal area, lateral part, layer 2",right
961,2095,4952,934,472,1049,"Entorhinal area, lateral part, layer 1",left
962,2148,4948,930,484,1047,"Entorhinal area, lateral part, layer 1",left
962,2908,2184,882,644,418,middle cerebellar peduncle,right
960,2188,4956,928,494,1046,"Entorhinal area, lateral part, layer 1",left
964,790,4281,1010,163,905,"Primary visual area, layer 1",left
963,2515,679,904,519,108,"Entorhinal area, lateral part, layer 2",right
963,2608,694,896,539,112,"Entorhinal area, lateral part, layer 2",right
963,2775,1320,897,587,238,"Entorhinal area, medial part, dorsal zone, layer 6",right
966,2595,693,896,536,112,"Entorhinal area, lateral part, layer 2",right
965,2203,4955,926,497,1045,"Entorhinal area, lateral part, layer 1",left
965,2981,3227,888,660,645,Pontine gray,left
968,2178,4950,926,491,1045,"Entorhinal area, lateral part, layer 1",left
967,2524,681,901,521,108,"Entorhinal area, lateral part, layer 2",right
970,2539,675,899,524,108,"Entorhinal area, lateral part, layer 2",right
970,2525,687,900,521,110,"Entorhinal area, lateral part, layer 2",right
969,2631,2176,894,564,424,Midbrain,right
971,1007,1302,982,194,245,"Primary visual area, layer 4",right
973,1009,1312,982,194,247,"Primary visual area, layer 5",right
978,2786,1304,890,588,235,"Entorhinal area, medial part, dorsal zone, layer 6",right
981,2989,3115,883,659,621,Pontine gray,left
989,2360,699,906,487,109,"Entorhinal area, lateral part, layer 2",right
997,1973,4964,924,442,1052,"Entorhinal area, lateral part, layer 2",left
1001,1960,4957,923,438,1049,"Entorhinal area, lateral part, layer 2",left
1002,2711,1181,881,566,212,"Endopiriform nucleus, ventral part",right
1002,2703,1172,882,565,210,Cortical subplate,right
1012,2000,4935,915,446,1045,"Entorhinal area, lateral part, layer 2",left
1012,2734,1200,875,571,215,"Endopiriform nucleus, ventral part",right
1012,2749,1207,875,574,216,"Endopiriform nucleus, ventral part",right
1014,2743,1208,874,573,217,"Endopiriform nucleus, ventral part",right
1014,2534,3653,880,558,745,root,left
1009,2973,2505,868,643,490,Pons,right
1011,2751,1216,875,574,218,"Endopiriform nucleus, ventral part",right
1017,2730,1192,874,569,213,"Endopiriform nucleus, ventral part",right
1017,2825,1317,871,593,235,Postpiriform transition area,right
1025,2843,2331,858,609,453,root,right
1029,1934,5002,910,429,1056,"Entorhinal area, lateral part, layer 1",left
1027,2775,2207,859,593,428,root,right
1030,2402,654,881,494,98,"Entorhinal area, lateral part, layer 2",right
1031,1972,4951,906,437,1047,"Entorhinal area, lateral part, layer 2",left
1031,1932,5009,908,428,1058,"Entorhinal area, lateral part, layer 1",left
1033,2927,1358,860,622,239,Postpiriform transition area,right
1036,2776,2299,855,590,449,root,right
1051,2771,1142,853,575,202,"Endopiriform nucleus, ventral part",right
1048,3089,1319,842,672,222,"Cortical amygdalar area, posterior part, lateral zone",right
1050,1643,4963,922,367,1058,Ectorhinal area/Layer 1,left
1050,2917,1075,847,621,181,Postpiriform transition area,right
1058,2105,4907,887,467,1033,"Entorhinal area, lateral part, layer 3",left
1058,2946,2781,842,630,551,root,right
1061,2811,2448,845,595,482,root,right
1063,1998,4935,889,440,1042,"Entorhinal area, lateral part, layer 2",left
1065,1875,2810,886,380,573,Edinger-Westphal nucleus,left
1066,2870,2913,841,614,580,"Medial mammillary nucleus, posterior part",left
1074,2079,5059,878,457,1066,"Entorhinal area, lateral part, layer 1",left
1073,2734,667,836,568,111,"Entorhinal area, lateral part, layer 2",right
1076,2727,2855,841,576,569,root,right
1078,2065,4918,879,455,1037,"Entorhinal area, lateral part, layer 3",left
1078,2766,655,831,576,108,Piriform area,right
1077,2874,949,834,610,159,Postpiriform transition area,right
1081,1950,4962,883,427,1047,"Perirhinal area, layer 2/3",left
1081,2946,1352,837,626,233,"Cortical amygdalar area, posterior part, lateral zone",right
1085,1704,5023,899,377,1069,Ectorhinal area/Layer 1,left
1085,2070,5047,874,454,1062,"Entorhinal area, lateral part, layer 1",left
1089,2785,668,826,582,111,Piriform area,right
1086,1992,4946,878,436,1044,"Perirhinal area, layer 2/3",left
1090,1975,4938,877,432,1043,"Perirhinal area, layer 2/3",left
1090,1964,4948,878,430,1045,"Perirhinal area, layer 2/3",left
1097,1949,4983,875,426,1052,"Perirhinal area, layer 1",left
1097,2867,2570,828,604,507,Supramammillary nucleus,right
1094,2887,761,821,612,123,Piriform area,right
1103,1968,4963,871,430,1048,"Perirhinal area, layer 2/3",left
1103,2864,921,820,607,153,Piriform area,right
1102,2371,582,845,483,76,"Entorhinal area, lateral part, layer 1",right
1111,1960,4962,867,428,1047,"Perirhinal area, layer 2/3",left
1116,780,3041,912,118,643,"Superior colliculus, zonal layer",left
1116,3051,1157,812,669,183,Postpiriform transition area,right
1120,2446,580,830,499,80,"Entorhinal area, lateral part, layer 1",right
1119,1935,5018,865,422,1061,Ectorhinal area/Layer 1,left
1119,871,3244,911,148,691,"Superior colliculus, zonal layer",left
1128,844,3181,908,139,677,"Superior colliculus, zonal layer",left
1134,2803,1201,810,580,210,"Basolateral amygdalar nucleus, posterior part",right
1134,2849,740,802,603,121,Piriform area,right
1136,2825,730,802,595,120,Piriform area,right
1142,1962,4981,853,428,1052,Ectorhinal area/Layer 2/3,left
1144,2835,961,801,597,163,Piriform area,right
1146,2433,551,816,495,74,"Entorhinal area, lateral part, layer 1",right
1145,815,3008,897,128,637,"Superior colliculus, zonal layer",left
1153,809,2423,896,118,496,"Retrosplenial area, ventral part, layer 1",right
1158,2047,4927,841,449,1036,"Perirhinal area, layer 2/3",left
1158,2846,788,791,602,130,Piriform area,right
1161,831,2974,887,132,630,"Superior colliculus, zonal layer",left
1162,3088,1191,791,689,184,Olfactory areas,right
1166,895,2444,886,141,499,"Superior colliculus, superficial gray layer",right
1172,851,2964,881,137,628,"Superior colliculus, zonal layer",left
1172,2984,1165,788,650,187,Piriform area,right
1169,1956,5018,842,429,1061,Ectorhinal area/Layer 1,left
1169,867,2500,885,134,512,"Superior colliculus, zonal layer",right
1174,889,3115,883,150,664,"Superior colliculus, zonal layer",left
1174,3081,1196,785,687,185,Piriform-amygdalar area,right
1179,3129,2428,771,666,475,root,right
1180,1932,5081,838,425,1075,Ectorhinal area/Layer 1,left
1178,2056,5054,832,453,1062,"Perirhinal area, layer 1",left
1182,2971,1143,782,645,185,Piriform area,right
1183,2067,5085,829,456,1068,"Perirhinal area, layer 1",left
1184,2824,873,781,595,148,Piriform area,right
1187,2079,5107,826,460,1071,"Perirhinal area, layer 1",left
1190,3015,1204,779,663,192,Piriform area,right
1191,910,3004,872,152,637,"Superior colliculus, superficial gray layer",left
1194,3092,2385,765,657,467,"Tuberomammillary nucleus, ventral part",right
1198,3153,2439,762,672,477,"Tuberomammillary nucleus, ventral part",right
1202,1560,2754,833,294,568,Periaqueductal gray,right
1204,2258,539,797,450,75,Ectorhinal area/Layer 1,right
1208,2582,1223,776,522,220,lateral ventricle,right
1208,2766,1140,773,572,200,"Basolateral amygdalar nucleus, posterior part",right
1211,2458,503,781,497,72,"Entorhinal area, lateral part, layer 1",right
1212,2987,1121,766,652,178,Piriform area,right
1212,2821,921,767,593,158,Piriform area,right
1216,2957,1091,764,640,176,Piriform area,right
1215,943,2884,858,160,609,"Superior colliculus, superficial gray layer",left
1220,2819,965,764,593,166,Piriform area,right
1235,2826,796,754,592,137,Piriform area,right
1221,2804,1041,765,587,180,Piriform area,right
1228,1947,5083,816,433,1074,Ectorhinal area/Layer 1,left
1230,2296,515,781,458,72,Ectorhinal area/Layer 1,right
1230,2851,1090,759,603,186,"Endopiriform nucleus, ventral part",right
1238,2738,773,757,567,137,Piriform area,right
1243,2878,914,749,612,154,Piriform area,right
1239,1333,5067,837,288,1072,"Primary auditory area, layer 1",left
1237,2823,805,754,593,139,Piriform area,right
1250,1958,5074,805,437,1070,Ectorhinal area/Layer 1,left
1252,2997,1061,743,655,168,Piriform area,right
1252,2990,1066,743,653,169,Piriform area,right
1258,2882,884,742,610,150,Piriform area,right
1262,3092,3370,741,666,684,"Tuberomammillary nucleus, ventral part",left
1265,1085,4931,834,228,1042,"Primary auditory area, layer 1",left
1267,2702,1248,747,553,226,Lateral amygdalar nucleus,right
1268,531,1828,844,68,373,"Primary visual area, layer 2/3",right
1269,2861,759,737,600,132,Piriform area,right
1269,917,2911,832,152,620,"Retrosplenial area, ventral part, layer 5",left
1272,3074,3382,737,662,686,"Tuberomammillary nucleus, ventral part",left
1273,537,1814,841,69,369,"Primary visual area, layer 2/3",right
1273,596,1834,837,85,374,"Primary visual area, layer 4",right
1274,515,1836,842,63,373,"Primary visual area, layer 2/3",right
1277,2804,823,736,584,146,Piriform area,right
1278,476,1845,842,51,375,"posteromedial visual area, layer 2/3",right
1279,2721,1217,740,560,219,"Basolateral amygdalar nucleus, posterior part",right
1279,481,1867,841,52,379,"posteromedial visual area, layer 2/3",right
1279,496,1957,841,53,400,"posteromedial visual area, layer 2/3",right
1279,501,1862,839,58,378,"posteromedial visual area, layer 2/3",right
1279,630,2005,831,88,409,"posteromedial visual area, layer 5",right
1280,464,2120,846,44,442,"Retrosplenial area, lateral agranular part, layer 2/3",right
1280,533,1752,835,69,355,"Primary visual area, layer 2/3",right
1281,476,1840,841,51,373,"posteromedial visual area, layer 2/3",right
1281,517,1981,840,58,406,"posteromedial visual area, layer 2/3",right
1281,657,2023,829,93,413,"posteromedial visual area, layer 5",right
1282,465,1896,842,47,386,"posteromedial visual area, layer 2/3",right
1282,1054,4901,825,220,1035,"Primary auditory area, layer 1",left
1282,1644,5099,803,360,1080,"Ventral auditory area, layer 1",left
1282,477,1840,840,51,373,"posteromedial visual area, layer 2/3",right
1283,664,1954,826,97,397,"posteromedial visual area, layer 5",right
1283,579,1780,830,81,362,"Primary visual area, layer 4",right
1283,608,1937,829,85,395,"posteromedial visual area, layer 5",right
1289,485,1776,834,55,359,"Primary visual area, layer 2/3",right
1289,538,1758,830,70,357,"Primary visual area, layer 2/3",right
1289,483,1834,835,54,372,"posteromedial visual area, layer 2/3",right
1289,482,1850,836,52,375,"posteromedial visual area, layer 2/3",right
1289,537,2072,835,61,426,"posteromedial visual area, layer 5",right
1289,561,1805,830,76,367,"Primary visual area, layer 4",right
1289,594,1802,827,85,366,"Primary visual area, layer 4",right
1288,590,2014,830,77,412,"posteromedial visual area, layer 5",right
1290,518,1749,830,64,354,"Primary visual area, layer 2/3",right
1290,521,1852,832,63,376,"posteromedial visual area, layer 2/3",right
1290,562,1788,828,76,364,"Primary visual area, layer 2/3",right
1290,576,1784,827,80,363,"Primary visual area, layer 4",right
1290,608,2079,828,80,426,"posteromedial visual area, layer 5",right
1290,2999,3723,744,656,766,"Cortical amygdalar area, posterior part, medial zone",left
1291,604,1605,823,84,325,"Primary visual area, layer 2/3",right
1292,2651,1287,738,540,236,Lateral amygdalar nucleus,right
1292,528,2043,832,60,420,"posteromedial visual area, layer 4",right
1293,425,1803,836,38,364,"posteromedial visual area, layer 1",right
1293,642,2125,825,86,436,"Retrosplenial area, lateral agranular part, layer 5",right
1293,2684,1264,736,550,231,Lateral amygdalar nucleus,right
1296,423,1813,834,38,366,"posteromedial visual area, layer 1",right
1296,506,1836,829,59,372,"posteromedial visual area, layer 2/3",right
1296,508,1816,828,61,368,"posteromedial visual area, layer 2/3",right
1296,511,2036,831,55,418,"posteromedial visual area, layer 2/3",right
1296,660,2088,821,92,427,"posteromedial visual area, layer 6a",right
1294,541,1769,827,70,359,"Primary visual area, layer 2/3",right
1297,465,1996,834,43,409,"posteromedial visual area, layer 2/3",right
1297,509,1698,827,61,343,"Primary visual area, layer 2/3",right
1297,630,2089,823,85,428,"posteromedial visual area, layer 5",right
1297,2639,1316,737,537,242,Lateral amygdalar nucleus,right
1295,625,2126,824,83,436,"Retrosplenial area, lateral agranular part, layer 5",right
1299,2649,1289,734,540,238,Lateral amygdalar nucleus,right
1299,502,1783,826,58,361,"Primary visual area, layer 2/3",right
1299,584,1644,820,79,333,"Primary visual area, layer 2/3",right
1299,513,2023,828,56,416,"posteromedial visual area, layer 2/3",right
1299,517,1723,825,62,348,"Primary visual area, layer 2/3",right
1299,552,1971,825,67,403,"posteromedial visual area, layer 4",right
1299,576,1750,821,79,355,"Primary visual area, layer 4",right
1299,655,2150,820,89,441,"Retrosplenial area, lateral agranular part, layer 6a",right
1299,656,2107,820,90,431,"posteromedial visual area, layer 6a",right
1299,706,1964,815,104,399,"posteromedial visual area, layer 6a",right
1298,518,1913,828,61,390,"posteromedial visual area, layer 2/3",right
1298,585,1800,822,82,366,"Primary visual area, layer 4",right
1300,512,2038,829,55,419,"posteromedial visual area, layer 2/3",right
1300,530,1930,826,63,394,"posteromedial visual area, layer 2/3",right
1300,555,1745,822,73,354,"Primary visual area, layer 2/3",right
1300,553,2105,827,66,434,"Retrosplenial area, lateral agranular part, layer 5",right
1300,568,1743,822,77,354,"Primary visual area, layer 2/3",right
1301,543,1740,823,71,352,"Primary visual area, layer 2/3",right
1301,666,2055,818,94,419,"posteromedial visual area, layer 5",right
1301,642,2072,820,88,423,"posteromedial visual area, layer 5",right
1302,528,1863,824,65,379,"posteromedial visual area, layer 2/3",right
1302,526,1774,823,65,359,"Primary visual area, layer 2/3",right
1302,564,1833,821,76,373,"posteromedial visual area, layer 4",right
1302,586,2047,822,74,419,"posteromedial visual area, layer 5",right
1305,2822,801,722,586,142,Piriform area,right
1305,569,2070,823,70,425,"posteromedial visual area, layer 5",right
1305,586,2139,823,73,442,"Retrosplenial area, lateral agranular part, layer 5",right
1304,2915,861,717,618,144,Piriform area,right
1307,2632,1333,732,534,247,Lateral amygdalar nucleus,right
1307,545,1976,821,65,404,"posteromedial visual area, layer 4",right
1307,2905,1097,718,623,183,Piriform area,right
1308,2634,1316,732,536,243,Lateral amygdalar nucleus,right
1308,545,1705,818,70,345,"Primary visual area, layer 2/3",right
1308,562,1704,817,74,345,"Primary visual area, layer 2/3",right
1308,627,1607,814,88,326,"Primary visual area, layer 4",right
1308,639,2096,816,87,429,"posteromedial visual area, layer 5",right
1306,481,1988,827,47,407,"posteromedial visual area, layer 2/3",right
1310,2857,825,717,598,144,Piriform area,right
1310,610,1641,814,85,333,"Primary visual area, layer 2/3",right
1309,537,2007,822,62,411,"posteromedial visual area, layer 4",right
1309,564,1729,817,75,351,"Primary visual area, layer 2/3",right
1312,2802,763,719,579,138,Piriform area,right
1311,541,1744,816,69,353,"Primary visual area, layer 2/3",right
1319,2110,5053,767,469,1055,Ectorhinal area/Layer 1,left
1319,2905,750,709,609,129,Piriform area,right
1314,2624,1345,730,533,250,"Central amygdalar nucleus, capsular part",right
1313,486,2065,824,48,426,"posteromedial visual area, layer 2/3",right
1313,504,1770,819,59,357,"Primary visual area, layer 2/3",right
1313,530,2170,822,59,451,"Retrosplenial area, lateral agranular part, layer 5",right
1313,612,2134,816,79,440,"Retrosplenial area, lateral agranular part, layer 5",right
1313,627,2111,815,83,433,"posteromedial visual area, layer 5",right
1313,672,2102,812,93,430,"posteromedial visual area, layer 6a",right
1313,748,2104,808,110,428,"posteromedial visual area, layer 6a",right
1315,522,1654,814,61,333,"Primary visual area, layer 2/3",right
1315,461,2164,824,43,453,"Retrosplenial area, lateral agranular part, layer 2/3",right
1315,492,2090,821,49,432,"Retrosplenial area, lateral agranular part, layer 2/3",right
1315,522,1955,817,58,399,"posteromedial visual area, layer 2/3",right
1317,594,1643,811,81,333,"Primary visual area, layer 2/3",right
1317,2883,811,712,606,139,Piriform area,right
1317,522,1990,818,57,407,"posteromedial visual area, layer 2/3",right
1317,573,1649,812,76,334,"Primary visual area, layer 2/3",right
1316,2596,538,723,525,88,"Entorhinal area, lateral part, layer 1",right
1316,2651,553,721,538,93,"Entorhinal area, lateral part, layer 1",right
1316,612,2167,815,79,447,"Retrosplenial area, lateral agranular part, layer 5",right
1318,3165,2235,705,662,436,root,right
1318,545,1754,813,70,355,"Primary visual area, layer 2/3",right
1318,548,1731,812,71,350,"Primary visual area, layer 2/3",right
1318,563,1743,812,75,354,"Primary visual area, layer 2/3",right
1318,639,2149,811,86,443,"Retrosplenial area, lateral agranular part, layer 6a",right
1318,2880,801,712,604,138,Piriform area,right
1318,3153,2116,705,661,406,root,right
1320,487,2025,818,47,415,"posteromedial visual area, layer 2/3",right
1320,523,2101,816,58,434,"Retrosplenial area, lateral agranular part, layer 2/3",right
1320,477,2085,819,45,431,"Retrosplenial area, lateral agranular part, layer 2/3",right
1320,2905,749,709,609,129,Piriform area,right
1321,530,2048,815,59,421,"posteromedial visual area, layer 4",right
1323,521,2041,814,56,419,"posteromedial visual area, layer 2/3",right
1323,492,2128,817,49,442,"Retrosplenial area, lateral agranular part, layer 2/3",right
1323,595,2049,809,76,421,"posteromedial visual area, layer 5",right
1323,612,1640,806,84,333,"Primary visual area, layer 2/3",right
1324,496,1966,814,50,401,"posteromedial visual area, layer 2/3",right
1324,666,2136,807,92,439,"Retrosplenial area, lateral agranular part, layer 6a",right
1324,1672,5116,782,365,1079,"Ventral auditory area, layer 1",left
1325,2718,751,717,556,138,Piriform area,right
1325,475,1986,816,45,405,"posteromedial visual area, layer 2/3",right
1326,549,2026,810,64,415,"posteromedial visual area, layer 4",right
1326,550,2012,810,65,412,"posteromedial visual area, layer 4",right
1330,481,2114,813,46,439,"Retrosplenial area, lateral agranular part, layer 2/3",right
1330,2818,784,709,584,140,Piriform area,right
1330,479,1949,811,46,397,"posteromedial visual area, layer 2/3",right
1330,490,2102,813,48,434,"Retrosplenial area, lateral agranular part, layer 2/3",right
1330,545,2037,808,63,418,"posteromedial visual area, layer 4",right
1330,597,2033,806,76,417,"posteromedial visual area, layer 5",right
1329,512,2009,811,54,412,"posteromedial visual area, layer 2/3",right
1329,548,1628,806,68,328,"Primary visual area, layer 2/3",right
1331,2801,1019,711,585,180,Piriform area,right
1337,2801,1033,709,586,183,Cortical subplate,right
1337,2747,787,710,562,144,Piriform area,right
1332,564,2081,807,68,428,"Anteromedial visual area, layer 5",right
1332,1603,5117,780,348,1079,"Ventral auditory area, layer 1",left
1333,605,1585,802,80,321,"Primary visual area, layer 2/3",right
1334,2842,909,707,595,158,Piriform area,right
1334,493,1958,808,50,399,"posteromedial visual area, layer 2/3",right
1335,572,1580,801,71,318,"Primary visual area, layer 2/3",right
1338,1194,5017,790,250,1060,"Primary auditory area, layer 1",left
1342,2920,872,698,618,145,Piriform area,right
1345,2900,901,698,613,151,Piriform area,right
1353,524,1955,796,57,399,"Anteromedial visual area, layer 2/3",right
1352,2864,860,696,600,148,Piriform area,right
1352,1769,5143,765,389,1083,"Temporal association areas, layer 1",left
1356,2181,450,719,425,63,"Temporal association areas, layer 1",right
1358,3158,4457,707,734,919,Piriform-amygdalar area,left
1359,2114,5100,749,470,1065,Ectorhinal area/Layer 1,left
1364,2707,1175,703,557,216,Lateral amygdalar nucleus,right
1363,480,1991,791,44,406,"Anteromedial visual area, layer 2/3",right
1366,2079,5107,747,462,1067,Ectorhinal area/Layer 1,left
1365,1533,751,743,276,132,"Primary auditory area, layer 5",right
1367,2684,1166,702,551,215,Lateral amygdalar nucleus,right
1371,2699,1160,699,555,214,Lateral amygdalar nucleus,right
1374,2770,651,689,564,117,Piriform area,right
1374,2806,730,687,576,130,Piriform area,right
1374,1970,476,718,373,65,"Temporal association areas, layer 1",right
1375,2818,727,686,580,129,Piriform area,right
1377,2814,725,686,578,129,Piriform area,right
1378,2645,1289,700,538,241,"Basolateral amygdalar nucleus, anterior part",right
1379,2623,1342,701,532,251,"Central amygdalar nucleus, capsular part",right
1384,1990,5089,743,440,1066,Ectorhinal area/Layer 1,left
1386,1974,5094,742,436,1067,"Temporal association areas, layer 1",left
1386,2630,1320,697,534,247,"Central amygdalar nucleus, capsular part",right
1387,1978,5068,741,437,1062,"Temporal association areas, layer 2/3",left
1390,2029,5064,739,448,1060,Ectorhinal area/Layer 1,left
1389,2632,1309,696,534,245,Striatum,right
1391,2864,865,676,598,148,Piriform area,right
1396,1942,485,708,365,69,"Ventral auditory area, layer 1",right
1399,1895,482,707,354,68,"Ventral auditory area, layer 1",right
1402,2634,1308,690,535,245,Striatum,right
1406,2797,1133,679,581,206,Cortical subplate,right
1413,2880,1025,669,605,179,Piriform area,right
1417,2749,1062,675,567,194,"Endopiriform nucleus, dorsal part",right
1416,1888,504,700,353,76,"Ventral auditory area, layer 2/3",right
1420,2603,1370,683,526,258,"Central amygdalar nucleus, capsular part",right
1421,1153,4904,749,234,1038,"Dorsal auditory area, layer 1",left
1428,1902,472,693,355,67,"Supplemental somatosensory area, layer 1",right
1428,1139,4886,746,229,1033,"Dorsal auditory area, layer 1",left
1425,2013,5044,724,443,1056,Ectorhinal area/Layer 2/3,left
1425,2611,1364,681,527,257,"Central amygdalar nucleus, capsular part",right
1429,2793,893,663,576,158,Piriform area,right
1432,2753,1013,666,567,185,"Endopiriform nucleus, dorsal part",right
1434,893,2692,745,135,569,"Retrosplenial area, ventral part, layer 1",right
1435,1927,488,689,361,73,"Supplemental somatosensory area, layer 1",right
1435,2676,1218,671,546,227,"Basolateral amygdalar nucleus, anterior part",right
1439,2785,1026,661,574,186,Piriform area,right
1443,2974,868,647,623,147,Piriform area,right
1441,1150,4856,739,230,1027,"Dorsal auditory area, layer 1",left
1442,2850,2005,666,587,397,Lateral hypothalamic area,right
1445,2970,872,647,621,147,Piriform area,right
1446,2776,793,654,566,139,Piriform area,right
1446,2050,5073,712,451,1064,Ectorhinal area/Layer 1,left
1448,2783,887,654,571,157,Piriform area,right
1452,2758,1136,659,568,209,"Endopiriform nucleus, dorsal part",right
1455,2603,1389,666,524,262,Striatum,right
1455,2771,698,649,561,123,Piriform area,right
1457,2722,758,651,550,135,Piriform area,right
1460,2828,1057,651,585,193,Piriform area,right
1463,2610,1365,662,526,257,Striatum,right
1463,2678,703,649,538,127,"Agranular insular area, posterior part, layer 2/3",right
1466,2681,1184,655,546,220,Lateral amygdalar nucleus,right
1469,2783,939,646,571,169,Piriform area,right
1470,2709,755,645,547,134,Piriform area,right
1473,2870,1011,643,594,184,Piriform area,right
1476,1981,5107,701,433,1071,"Temporal association areas, layer 1",left
1475,2801,1016,643,575,186,Piriform area,right
1475,2669,1211,651,543,225,Lateral amygdalar nucleus,right
1481,1814,5122,705,392,1076,"Temporal association areas, layer 1",left
1482,2747,799,638,557,141,Piriform area,right
1485,2673,1209,647,544,225,Lateral amygdalar nucleus,right
1487,2698,748,637,543,133,"Agranular insular area, posterior part, layer 2/3",right
1486,2790,1080,641,572,200,Cortical subplate,right
1492,2785,738,631,565,128,Piriform area,right
1493,2721,681,634,546,120,"Agranular insular area, posterior part, layer 1",right
1494,2727,833,634,552,148,Piriform area,right
1495,2754,854,632,560,152,Piriform area,right
1495,2776,771,629,563,133,Piriform area,right
1498,2719,687,631,546,120,"Agranular insular area, posterior part, layer 1",right
1499,2702,698,631,542,124,"Agranular insular area, posterior part, layer 1",right
1501,3308,1841,615,731,366,"Nucleus of the lateral olfactory tract, molecular layer",right
1502,1210,1295,690,205,262,"Primary somatosensory area, barrel field, layer 6a",right
1506,2775,1025,631,566,190,Piriform area,right
1505,2771,1053,632,565,196,Cortical subplate,right
1505,2776,1054,632,566,196,Piriform area,right
1505,2784,1051,632,569,195,Piriform area,right
1507,2704,1227,635,550,229,Lateral amygdalar nucleus,right
1509,2774,1031,630,565,191,Piriform area,right
1508,2866,877,623,587,155,Piriform area,right
1514,2578,1427,639,516,272,Caudoputamen,right
1521,2738,734,620,553,127,"Agranular insular area, posterior part, layer 1",right
1528,2540,3069,647,523,633,Ventral medial nucleus of the thalamus,left
1531,2796,889,615,568,160,Piriform area,right
1531,2671,1222,624,539,229,Striatum,right
1539,2851,874,609,580,157,Piriform area,right
1540,1825,561,647,337,93,"Supplemental somatosensory area, layer 2/3",right
1540,2666,718,613,533,126,"Agranular insular area, posterior part, layer 1",right
1543,3253,2268,603,667,452,fiber tracts,right
1542,2668,713,612,534,125,"Agranular insular area, posterior part, layer 1",right
1547,1881,533,641,349,88,"Supplemental somatosensory area, layer 1",right
1547,1076,4772,693,206,1009,"Supplemental somatosensory area, layer 1",left
1551,3250,2245,599,666,447,Supraoptic nucleus,right
1552,2125,2998,655,418,621,Mediodorsal nucleus of thalamus,left
1560,2858,862,599,581,154,Piriform area,right
1568,1479,3243,670,274,676,Field CA3,left
1569,1484,3247,670,276,676,"Dentate gyrus, granule cell layer",left
1572,2807,832,595,567,146,Piriform area,right
1572,1488,3256,668,277,679,"Dentate gyrus, granule cell layer",left
1574,1500,3275,666,279,683,alveus,left
1576,3245,2704,604,666,535,Anterior hypothalamic nucleus,right
1576,2236,2858,641,440,589,Central medial nucleus of the thalamus,left
1577,2771,971,597,558,182,Piriform area,right
1580,2593,646,597,515,110,"Agranular insular area, posterior part, layer 1",right
1579,2719,767,593,546,132,"Agranular insular area, posterior part, layer 1",right
1581,2852,856,591,576,154,Piriform area,right
1590,2081,4933,645,449,1030,"Visceral area, layer 4",left
1596,2740,785,585,550,136,"Agranular insular area, posterior part, layer 1",right
1599,1915,529,619,357,92,"Supplemental somatosensory area, layer 1",right
1600,1906,1370,622,354,278,Caudoputamen,right
1603,1991,5084,643,430,1066,"Visceral area, layer 1",left
1610,2618,1292,588,524,246,Caudoputamen,right
1612,2780,817,577,558,143,Piriform area,right
1619,1811,587,615,334,104,"Supplemental somatosensory area, layer 2/3",right
1618,2930,898,572,590,168,Piriform area,right
1625,1675,3087,635,310,644,root,left
1626,2406,566,584,470,93,"Visceral area, layer 1",right
1630,2374,560,584,463,93,"Visceral area, layer 1",right
1633,2372,564,583,462,94,"Visceral area, layer 1",right
1633,2391,636,581,468,109,"Visceral area, layer 2/3",right
1633,3105,2752,584,633,549,Subparaventricular zone,right
1645,2907,922,561,582,173,Piriform area,right
1651,2008,5070,621,433,1064,"Visceral area, layer 1",left
1651,2373,576,574,463,96,"Visceral area, layer 1",right
1649,2037,5047,621,438,1058,"Visceral area, layer 1",left
1657,1875,561,599,348,103,"Supplemental somatosensory area, layer 2/3",right
1658,2295,523,577,444,89,"Visceral area, layer 1",right
1663,1561,2956,618,283,619,"Dentate gyrus, granule cell layer",left
1669,1683,5019,626,351,1055,"Supplemental somatosensory area, layer 1",left
1669,2328,607,569,453,105,"Visceral area, layer 2/3",right
1674,2339,637,565,455,111,"Visceral area, layer 2/3",right
1677,2904,901,544,580,167,Piriform area,right
1679,2315,645,564,449,114,"Visceral area, layer 2/3",right
1681,2283,545,568,441,94,"Visceral area, layer 1",right
1682,2372,606,561,461,103,"Visceral area, layer 2/3",right
1683,2286,622,565,442,110,"Visceral area, layer 2/3",right
1690,2311,607,561,447,106,"Visceral area, layer 2/3",right
1692,1014,4623,633,182,976,"Primary somatosensory area, barrel field, layer 1",left
1692,2268,602,562,438,107,"Visceral area, layer 2/3",right
1691,2398,581,555,467,96,"Visceral area, layer 1",right
1698,2318,572,557,448,98,"Visceral area, layer 1",right
1699,2274,585,559,438,103,"Supplemental somatosensory area, layer 2/3",right
1702,2252,541,561,432,94,"Supplemental somatosensory area, layer 1",right
1707,2274,633,555,439,114,"Visceral area, layer 2/3",right
1721,1273,4870,617,250,1024,"Supplemental somatosensory area, layer 1",left
1722,1263,4863,617,248,1023,"Supplemental somatosensory area, layer 1",left
1725,926,4539,623,160,958,"Primary somatosensory area, barrel field, layer 1",left
1728,1258,4854,614,246,1021,"Supplemental somatosensory area, layer 1",left
1727,2248,565,549,431,101,"Supplemental somatosensory area, layer 1",right
1726,3412,2274,522,696,449,Pallidum,right
1740,2272,593,542,435,107,"Supplemental somatosensory area, layer 2/3",right
1751,2555,1358,520,499,270,Caudoputamen,right
1749,2302,600,537,441,106,"Visceral area, layer 1",right
1753,928,2248,589,135,485,"Secondary motor area, layer 6a",right
1756,1221,4774,602,232,1005,"Primary somatosensory area, nose, layer 1",left
1758,2393,651,525,462,111,"Visceral area, layer 1",right
1761,2463,784,517,481,136,"Gustatory areas, layer 2/3",right
1762,2312,622,530,443,110,"Visceral area, layer 1",right
1764,2362,686,524,455,121,"Visceral area, layer 2/3",right
1765,2351,687,525,453,121,"Visceral area, layer 2/3",right
1766,1785,607,557,324,110,"Supplemental somatosensory area, layer 1",right
1777,2463,835,509,480,148,"Gustatory areas, layer 2/3",right
1781,2365,649,517,454,113,"Visceral area, layer 1",right
1794,2354,724,510,452,129,"Visceral area, layer 2/3",right
1796,1853,630,541,337,117,"Supplemental somatosensory area, layer 1",right
1798,2346,688,510,449,122,"Visceral area, layer 1",right
1798,2412,706,505,464,122,"Gustatory areas, layer 1",right
1805,1896,596,536,345,109,"Supplemental somatosensory area, layer 1",right
1805,2550,813,492,496,140,"Agranular insular area, posterior part, layer 1",right
1809,2362,715,503,452,126,"Visceral area, layer 1",right
1807,2397,768,499,461,136,"Gustatory areas, layer 2/3",right
1810,2110,566,524,394,106,"Supplemental somatosensory area, layer 1",right
1814,2490,794,491,482,137,"Gustatory areas, layer 1",right
1821,2397,764,494,460,135,"Gustatory areas, layer 2/3",right
1822,2443,789,490,471,138,"Gustatory areas, layer 1",right
1825,2387,745,493,457,131,"Gustatory areas, layer 1",right
1856,2265,1301,482,420,268,Caudoputamen,right
1858,834,2476,545,108,535,"Secondary motor area, layer 2/3",right
1871,1121,4554,550,196,967,"Primary somatosensory area, nose, layer 1",left
1866,1132,4557,552,199,966,"Primary somatosensory area, nose, layer 1",left
1884,2167,680,484,401,124,"Supplemental somatosensory area, layer 1",right
1893,1157,4533,540,204,962,"Primary somatosensory area, nose, layer 1",left
1929,2655,3935,457,554,816,Caudoputamen,left
1948,707,3283,519,80,698,"Primary motor area, Layer 1",left
1956,2426,1726,432,449,369,Caudoputamen,right
1962,2755,3621,436,567,748,Caudoputamen,left
1962,2979,1516,411,587,312,Piriform area,right
1967,2554,1654,418,481,349,Caudoputamen,right
1973,2884,1525,407,565,316,Piriform area,right
1996,3494,2003,382,702,403,Olfactory tubercle,right
1991,1885,791,454,330,156,"Primary somatosensory area, mouth, layer 1",right
2033,2462,2704,404,477,567,Striatum,right
2045,2017,829,426,354,167,"Primary somatosensory area, mouth, layer 1",right
2080,1479,4517,441,277,964,"Primary somatosensory area, mouth, layer 1",left
2094,1931,967,401,333,201,"Primary somatosensory area, mouth, layer 2/3",right
2103,920,3489,447,129,739,"Primary motor area, Layer 1",left
2102,1964,994,394,339,208,"Primary somatosensory area, mouth, layer 2/3",right
2104,1925,981,396,331,205,"Primary somatosensory area, mouth, layer 2/3",right
2107,1958,1080,389,337,231,"Primary somatosensory area, mouth, layer 4",right
2134,1938,1022,380,332,215,"Primary somatosensory area, mouth, layer 2/3",right
2138,947,3165,426,131,675,"Secondary motor area, layer 2/3",left
2148,2292,1050,355,405,214,"Gustatory areas, layer 1",right
2151,2029,1010,367,349,209,"Primary somatosensory area, mouth, layer 1",right
2157,2451,2060,336,457,444,Piriform area,right
2166,1989,1127,360,339,243,"Primary motor area, Layer 2/3",right
2166,2890,1531,320,556,322,Piriform area,right
2169,2912,3399,337,591,707,Anterior olfactory nucleus,left
2186,1986,1089,352,337,233,"Primary motor area, Layer 2/3",right
2192,2018,1389,337,343,311,"Primary motor area, Layer 5",right
2207,2072,1295,330,353,286,"Primary motor area, Layer 5",right
2207,2081,1305,329,355,289,"Primary motor area, Layer 5",right
2209,2599,1415,303,481,301,"Agranular insular area, ventral part, layer 1",right
2219,1998,1196,331,338,262,"Primary motor area, Layer 2/3",right
2229,2041,1440,317,345,323,"Secondary motor area, layer 5",right
2234,2364,1859,300,426,405,"Orbital area, lateral part, layer 2/3",right
2234,1976,1179,326,332,259,"Primary motor area, Layer 2/3",right
2234,2054,1476,312,348,331,"Secondary motor area, layer 5",right
2241,2050,1472,309,346,330,"Secondary motor area, layer 5",right
2256,2019,1294,308,339,289,"Primary motor area, Layer 2/3",right
2259,2030,1170,310,341,255,"Primary motor area, Layer 2/3",right
2259,2609,2511,276,503,537,Main olfactory bulb,right
2266,2074,1566,292,350,352,"Secondary motor area, layer 5",right
2280,2050,1380,290,344,310,"Secondary motor area, layer 5",right
2282,2062,1465,285,346,330,"Secondary motor area, layer 5",right
2289,1401,2557,316,228,565,"Anterior cingulate area, dorsal part, layer 1",right
2289,2566,1704,262,466,373,Olfactory areas,right
2299,2543,1718,257,461,377,Olfactory areas,right
2299,2067,1451,275,346,326,"Secondary motor area, layer 5",right
2300,2590,2467,255,497,532,Main olfactory bulb,right
2307,2072,1361,274,347,305,"Secondary motor area, layer 2/3",right
2306,2542,1725,254,460,379,Olfactory areas,right
2310,1971,1203,283,326,265,"Primary motor area, Layer 1",right
2312,2075,1451,267,348,326,"Secondary motor area, layer 2/3",right
2316,2487,1694,250,445,374,"Agranular insular area, ventral part, layer 1",right
2333,1521,2471,281,252,549,"Prelimbic area, layer 2/3",right
2337,2261,2400,240,414,527,Main olfactory bulb,right
2338,2099,1361,255,352,306,"Secondary motor area, layer 1",right
2345,2399,1764,238,425,392,"Orbital area, lateral part, layer 1",right
2345,2976,2342,233,584,499,Main olfactory bulb,right
2356,2371,1782,231,418,397,Olfactory areas,right
2358,2369,1776,230,418,396,Olfactory areas,right
2359,2367,1778,229,417,397,Olfactory areas,right
2364,2331,1793,227,408,401,Olfactory areas,right
2370,2297,1869,224,402,417,Olfactory areas,right
2369,2032,1400,236,337,317,"Secondary motor area, layer 1",right
2378,1933,1387,233,316,314,"Secondary motor area, layer 1",right
2378,2994,2906,220,611,614,Main olfactory bulb,left
2380,2393,1757,217,423,394,Olfactory areas,right
2381,2480,2359,217,465,518,Main olfactory bulb,right
2382,3001,2879,218,614,609,Main olfactory bulb,left
2386,2208,1812,215,377,407,Olfactory areas,right
2393,2201,1747,212,373,393,"Orbital area, lateral part, layer 1",right
2394,2126,2283,210,379,510,Main olfactory bulb,right
2395,2405,1735,208,424,391,Olfactory areas,right
2398,2145,1804,210,361,409,Olfactory areas,right
2399,2531,1877,209,458,417,Anterior olfactory nucleus,right
2407,2072,2221,205,364,499,Main olfactory bulb,right
2414,1909,2004,209,322,461,"Orbital area, lateral part, layer 1",right
2417,2741,1877,200,508,412,Olfactory areas,right
2419,2242,1681,196,380,382,Main olfactory bulb,right
2426,1965,1790,197,323,417,Olfactory areas,right
2427,1735,2496,208,301,554,"Orbital area, medial part, layer 1",right
2428,1806,2194,204,308,498,"Orbital area, ventrolateral part, layer 1",right
2429,2691,1843,192,494,407,Olfactory areas,right
2430,1940,1777,195,319,416,Olfactory areas,right
2431,1937,1780,194,318,417,Olfactory areas,right
2456,2047,3396,208,362,741,Olfactory areas,left
2457,2269,3429,204,425,742,"lateral olfactory tract, body",left
2459,2022,3395,206,355,741,Olfactory areas,left
2459,2391,3425,199,454,737,Olfactory areas,left
2460,1719,2084,189,285,485,"Frontal pole, layer 1",right
2461,2885,2606,178,583,560,olfactory nerve layer of main olfactory bulb,right
2466,1884,1670,175,307,398,Main olfactory bulb,right
2475,1908,3350,195,328,731,Main olfactory bulb,left
2475,1666,2188,182,274,508,"Frontal pole, layer 1",right
2479,1656,2199,180,272,511,Olfactory areas,right
2484,2323,1701,162,397,397,Main olfactory bulb,right
2486,2983,2737,166,617,590,olfactory nerve layer of main olfactory bulb,left
2492,2441,2872,163,464,624,Main olfactory bulb,left
2493,2413,1821,162,421,421,Main olfactory bulb,right
2500,3015,2728,158,627,591,olfactory nerve layer of main olfactory bulb,left
2501,2088,2582,158,381,580,olfactory nerve layer of main olfactory bulb,left
2502,1986,1611,156,324,385,Main olfactory bulb,right
2509,3061,2765,152,641,600,olfactory nerve layer of main olfactory bulb,left
2510,2158,1619,150,358,386,Main olfactory bulb,right
2510,2194,1644,149,366,391,Main olfactory bulb,right
2516,3001,2892,153,623,630,olfactory nerve layer of main olfactory bulb,left
2518,1763,2906,164,296,639,Main olfactory bulb,left
2528,2163,2534,145,397,573,olfactory nerve layer of main olfactory bulb,left
2530,2658,1996,143,488,448,Main olfactory bulb,right
2537,2288,1748,137,388,415,Main olfactory bulb,right
2536,2317,1755,137,394,416,Main olfactory bulb,right
2536,2257,1745,136,380,414,Main olfactory bulb,right
2540,2303,1752,135,392,416,Main olfactory bulb,right
2539,2105,2565,140,383,582,olfactory nerve layer of main olfactory bulb,left
2546,1779,1759,141,283,427,Main olfactory bulb,right
2550,2891,1868,120,549,407,olfactory nerve layer of main olfactory bulb,right
2553,2942,2463,128,600,540,olfactory nerve layer of main olfactory bulb,right
2558,1918,2179,138,329,520,Main olfactory bulb,right
2557,1779,3379,158,300,735,Main olfactory bulb,left
2557,2070,1693,127,340,406,Main olfactory bulb,right
2560,1786,3405,156,301,740,Main olfactory bulb,left
2563,2979,2461,120,612,539,olfactory nerve layer of main olfactory bulb,right
2563,1809,2163,137,304,520,Main olfactory bulb,right
2574,2940,2438,116,599,536,olfactory nerve layer of main olfactory bulb,right
2576,2920,2407,116,591,529,olfactory nerve layer of main olfactory bulb,right
2586,1895,3230,140,331,706,Main olfactory bulb,left
