coordinate_raw_axis_0,coordinate_raw_axis_1,coordinate_raw_axis_2,coordinate_atlas_axis_0,coordinate_atlas_axis_1,coordinate_atlas_axis_2,structure_name,hemisphere
14,1345,2130,1316,419,490,Uvula (IX),right
25,1338,1776,1316,425,398,Copula pyramidis,right
30,1172,1845,1315,384,416,Copula pyramidis,right
33,1115,1882,1315,370,425,Copula pyramidis,right
37,1176,1781,1313,385,399,Copula pyramidis,right
41,2643,2710,1275,726,624,Inferior olivary complex,left
41,2594,2639,1276,714,608,Medulla,left
41,1195,1767,1310,390,395,Copula pyramidis,right
42,1181,1776,1309,386,398,Copula pyramidis,right
42,1100,1731,1313,365,387,Paramedian lobule,right
42,1157,1795,1310,379,403,Copula pyramidis,right
43,2619,1973,1284,708,447,"Lateral reticular nucleus, magnocellular part",right
43,2558,2620,1275,705,603,Medulla,left
45,1292,1600,1306,412,354,Paramedian lobule,right
46,1023,1721,1315,345,386,Paramedian lobule,right
49,2535,2507,1275,696,576,Medulla,left
49,2640,2694,1271,724,620,Medulla,left
51,1307,1447,1302,414,318,Paramedian lobule,right
50,2509,2503,1274,689,577,Medulla,left
53,995,1857,1312,336,420,Paramedian lobule,right
53,994,1850,1312,336,418,Paramedian lobule,right
52,2607,2677,1270,715,616,Inferior olivary complex,left
57,2511,2532,1270,689,582,Inferior olivary complex,left
57,1173,1499,1305,382,330,Paramedian lobule,right
58,1277,2283,1295,399,530,Uvula (IX),right
58,2554,2611,1268,702,601,Medulla,left
58,2635,2015,1277,710,457,"Lateral reticular nucleus, magnocellular part",right
60,998,1846,1309,337,417,Paramedian lobule,right
60,2506,2568,1268,688,592,crossed tectospinal pathway,left
60,2526,2566,1268,693,591,Inferior olivary complex,left
59,2492,2549,1268,684,587,crossed tectospinal pathway,left
59,1090,1571,1305,361,349,Paramedian lobule,right
59,2630,1892,1275,709,427,"Lateral reticular nucleus, magnocellular part",right
62,2481,2525,1267,680,581,Inferior olivary complex,left
63,1010,1553,1307,339,347,Paramedian lobule,right
65,2500,2483,1267,684,572,Inferior olivary complex,left
65,2523,2556,1266,693,588,Inferior olivary complex,left
65,2577,2511,1267,705,577,Medulla,left
65,2643,3015,1265,719,693,"Lateral reticular nucleus, magnocellular part",left
65,959,1883,1308,326,427,Paramedian lobule,right
65,2552,2578,1266,699,594,Medulla,left
65,2576,2520,1267,705,579,Medulla,left
65,2583,2506,1267,708,576,Medulla,left
67,1120,1443,1302,367,318,Paramedian lobule,right
67,2519,2562,1264,691,589,Inferior olivary complex,left
67,2535,2590,1264,695,596,Inferior olivary complex,left
67,2532,2579,1264,694,594,Inferior olivary complex,left
67,2602,2507,1265,711,575,Medulla,left
66,2567,2511,1266,702,577,Inferior olivary complex,left
66,2544,2551,1265,697,587,Inferior olivary complex,left
68,2541,2573,1264,696,593,Inferior olivary complex,left
70,759,2114,1313,279,487,Folium-tuber vermis (VII),right
70,1565,2416,1284,457,559,Uvula (IX),right
69,765,2138,1314,280,493,Folium-tuber vermis (VII),right
69,2542,2491,1265,695,572,Medulla,left
73,1400,1547,1289,434,342,Paramedian lobule,right
73,2473,2546,1262,678,586,crossed tectospinal pathway,left
73,2503,2573,1262,687,593,crossed tectospinal pathway,left
73,1270,1723,1293,405,384,Copula pyramidis,right
74,2511,2531,1262,687,582,Inferior olivary complex,left
74,2549,2550,1262,698,587,Inferior olivary complex,left
74,1141,1765,1296,373,396,Paramedian lobule,right
74,2705,2134,1265,727,486,Medulla,right
75,2478,2504,1261,678,577,Inferior olivary complex,left
75,2508,2548,1260,687,587,Inferior olivary complex,left
75,1271,1723,1291,404,384,Copula pyramidis,right
75,2526,2580,1260,691,594,Inferior olivary complex,left
75,1167,2327,1292,374,540,Pyramus (VIII),right
77,1139,1440,1297,371,317,Paramedian lobule,right
77,2487,2530,1260,680,583,Inferior olivary complex,left
77,2516,2555,1260,688,588,Inferior olivary complex,left
77,2530,2489,1261,691,573,Inferior olivary complex,left
76,1541,1385,1282,464,312,Paramedian lobule,right
78,1077,1468,1298,355,325,Paramedian lobule,right
78,1593,1478,1278,474,335,Cerebellum,right
78,2522,2561,1259,690,589,Inferior olivary complex,left
78,2528,2568,1259,692,592,Inferior olivary complex,left
80,895,1618,1305,307,366,Paramedian lobule,right
80,1014,1463,1300,339,325,Paramedian lobule,right
81,1194,1642,1291,386,364,Paramedian lobule,right
81,2474,2486,1259,676,572,Inferior olivary complex,left
81,2531,2552,1259,692,587,Inferior olivary complex,left
81,2545,2538,1259,696,584,Inferior olivary complex,left
81,2594,2575,1258,709,592,Medulla,left
81,2651,2510,1259,722,576,Medulla,left
82,2546,2568,1258,696,591,Inferior olivary complex,left
82,2606,2499,1258,710,574,Inferior olivary complex,left
82,698,2114,1315,261,487,Folium-tuber vermis (VII),right
82,2519,2539,1258,689,585,Inferior olivary complex,left
82,2523,2557,1258,690,588,Inferior olivary complex,left
82,726,2109,1312,268,486,Folium-tuber vermis (VII),right
82,2630,2529,1258,717,581,Medulla,left
82,2643,2511,1258,720,576,Medulla,left
83,2549,2579,1257,697,594,Inferior olivary complex,left
83,1030,1436,1298,342,318,Paramedian lobule,right
83,1301,2256,1288,400,523,Uvula (IX),right
83,2547,2551,1257,695,587,Inferior olivary complex,left
83,2583,2550,1257,705,586,Inferior olivary complex,left
83,2592,2562,1257,707,589,Inferior olivary complex,left
83,2616,2503,1257,712,575,Inferior olivary complex,left
90,2614,2514,1254,712,578,Inferior olivary complex,left
90,2528,2552,1254,690,587,Inferior olivary complex,left
90,1668,1938,1273,479,449,External cuneate nucleus,right
90,2519,2549,1254,688,587,Inferior olivary complex,left
90,2535,2493,1255,691,574,Inferior olivary complex,left
90,2625,2542,1254,714,584,Inferior olivary complex,left
90,2503,2541,1254,684,585,Inferior olivary complex,left
90,2590,2614,1253,706,602,Inferior olivary complex,left
90,2600,2582,1254,709,593,Medulla,left
84,956,1549,1300,323,348,Paramedian lobule,right
84,2594,2521,1257,708,579,Inferior olivary complex,left
84,2598,2580,1257,710,593,Medulla,left
85,689,2115,1315,258,488,Folium-tuber vermis (VII),right
85,2535,2559,1257,693,589,Inferior olivary complex,left
85,2614,2494,1257,712,573,Nucleus raphe pallidus,left
85,1048,1556,1295,349,347,Paramedian lobule,right
85,1231,3185,1295,403,751,Copula pyramidis,left
85,2563,2539,1257,700,584,Inferior olivary complex,left
89,2627,2515,1255,714,578,Inferior olivary complex,left
89,671,2164,1316,252,499,Folium-tuber vermis (VII),right
89,2542,2602,1254,694,598,Inferior olivary complex,left
89,2565,2589,1255,700,596,Inferior olivary complex,left
89,2578,2556,1255,704,587,Inferior olivary complex,left
89,2598,2692,1253,709,619,Inferior olivary complex,left
89,2617,2532,1255,712,581,Inferior olivary complex,left
89,2639,2497,1255,718,573,Nucleus raphe pallidus,left
89,2654,1956,1261,713,445,"Lateral reticular nucleus, magnocellular part",right
89,1106,1410,1293,361,311,Paramedian lobule,right
89,2549,2599,1254,697,598,Inferior olivary complex,left
89,2575,2619,1254,703,603,Inferior olivary complex,left
89,2580,2594,1255,704,597,Inferior olivary complex,left
89,2605,2553,1255,710,587,Inferior olivary complex,left
89,2676,2507,1254,727,575,Nucleus raphe pallidus,left
86,2523,2594,1255,690,597,Medulla,left
86,876,1683,1304,301,381,Paramedian lobule,right
86,2594,2527,1256,707,580,Inferior olivary complex,left
87,1607,2415,1277,467,560,Uvula (IX),right
87,2618,2493,1255,713,573,Nucleus raphe pallidus,left
88,2601,2522,1255,708,579,Inferior olivary complex,left
88,818,1852,1307,287,422,Paramedian lobule,right
88,826,1802,1307,288,410,Paramedian lobule,right
88,1619,2388,1277,471,554,Uvula (IX),right
88,2570,2489,1256,700,572,Inferior olivary complex,left
88,2576,2573,1255,703,592,Inferior olivary complex,left
88,2645,2515,1255,719,577,Medulla,left
88,2671,2513,1254,725,577,Medulla,left
91,2593,2525,1253,706,580,Inferior olivary complex,left
91,1938,2210,1260,544,513,Dorsal motor nucleus of the vagus nerve,right
92,851,1706,1303,293,387,Paramedian lobule,right
92,2518,2485,1254,686,572,Inferior olivary complex,left
92,2534,2599,1253,692,598,Medulla,left
92,2547,2632,1252,695,605,Medulla,left
92,2559,2592,1253,698,596,Inferior olivary complex,left
93,2543,2572,1253,694,591,Inferior olivary complex,left
93,2581,2552,1253,703,586,Inferior olivary complex,left
94,655,2169,1315,248,501,Folium-tuber vermis (VII),right
94,909,1578,1297,311,356,Paramedian lobule,right
94,2569,2489,1253,699,572,Inferior olivary complex,left
95,2587,2510,1252,703,577,Inferior olivary complex,left
97,1005,1552,1292,336,347,Paramedian lobule,right
97,2456,2493,1251,669,575,Inferior olivary complex,left
97,2500,2525,1251,681,581,Inferior olivary complex,left
97,2539,2602,1251,693,598,Inferior olivary complex,left
97,2558,2652,1250,698,610,Medulla,left
97,2596,2634,1250,707,606,Inferior olivary complex,left
97,1111,1411,1289,361,311,Paramedian lobule,right
97,2545,2667,1250,695,613,Medulla,left
97,2576,2489,1252,700,572,Inferior olivary complex,left
97,2612,2509,1252,709,576,Inferior olivary complex,left
98,2581,2638,1250,703,607,Inferior olivary complex,left
98,710,2254,1310,264,522,Folium-tuber vermis (VII),right
98,2511,2544,1250,684,586,Inferior olivary complex,left
98,2603,2616,1250,709,601,Inferior olivary complex,left
99,2495,2514,1249,679,579,Inferior olivary complex,left
99,897,1449,1296,306,326,Crus 2,right
99,2500,2519,1249,681,580,Inferior olivary complex,left
99,2661,2518,1249,721,579,Medulla,left
99,2565,2659,1248,699,612,Medulla,left
102,646,2169,1313,245,501,Folium-tuber vermis (VII),right
102,2599,2503,1249,706,575,Inferior olivary complex,left
102,2614,2584,1248,711,594,Inferior olivary complex,left
102,661,2034,1309,250,470,Folium-tuber vermis (VII),right
100,2526,2542,1249,688,585,Inferior olivary complex,left
100,2560,3159,1251,698,724,"Lateral reticular nucleus, magnocellular part",left
100,2625,2492,1250,712,572,Nucleus raphe pallidus,left
101,2659,2001,1254,714,457,"Lateral reticular nucleus, magnocellular part",right
101,2666,1949,1254,715,445,"Lateral reticular nucleus, magnocellular part",right
104,1550,2108,1278,452,488,Uvula (IX),right
105,2598,2700,1246,707,621,Inferior olivary complex,left
105,1151,2299,1285,367,535,Pyramus (VIII),right
105,2524,2538,1248,687,585,Inferior olivary complex,left
105,2662,2525,1247,721,580,Medulla,left
106,2605,2511,1247,707,577,Inferior olivary complex,left
106,2610,2518,1247,708,579,Inferior olivary complex,left
106,2624,2558,1246,712,588,Inferior olivary complex,left
107,2638,2532,1245,715,581,Inferior olivary complex,left
107,2638,2498,1246,715,574,Medulla,left
107,840,1710,1296,290,388,Paramedian lobule,right
107,2466,2485,1245,670,573,Inferior olivary complex,left
108,1217,1301,1282,386,285,Paramedian lobule,right
108,1431,1522,1271,435,337,Paramedian lobule,right
108,2594,2635,1245,705,606,Inferior olivary complex,left
108,2613,2542,1246,709,584,Inferior olivary complex,left
109,966,1908,1291,324,434,Paramedian lobule,right
109,2627,2546,1246,712,585,Inferior olivary complex,left
109,2630,2493,1246,712,573,Medulla,left
110,683,2174,1306,256,502,Folium-tuber vermis (VII),right
110,2651,2517,1244,717,578,Medulla,left
110,648,2170,1309,246,501,Folium-tuber vermis (VII),right
112,757,1763,1299,268,404,Crus 2,right
113,1747,1933,1259,495,452,External cuneate nucleus,right
113,2497,2499,1244,678,576,Inferior olivary complex,left
113,2543,2483,1244,690,571,Medulla,left
113,2560,2483,1244,694,571,Medulla,left
113,2599,1940,1248,699,447,"Lateral reticular nucleus, magnocellular part",right
113,2620,2550,1244,710,586,Inferior olivary complex,left
113,2546,2699,1243,693,621,Medulla,left
113,2556,2531,1244,694,582,Inferior olivary complex,left
113,2697,1862,1245,722,425,"Lateral reticular nucleus, magnocellular part",right
114,2194,2076,1243,605,483,Intermediate reticular nucleus,right
114,2616,1918,1246,702,442,"Lateral reticular nucleus, magnocellular part",right
114,2624,1968,1247,705,453,"Lateral reticular nucleus, magnocellular part",right
114,854,2942,1299,300,691,Folium-tuber vermis (VII),left
114,2580,2605,1243,701,599,Inferior olivary complex,left
114,2726,1985,1244,729,453,"Lateral reticular nucleus, magnocellular part",right
117,628,2115,1307,240,489,Folium-tuber vermis (VII),right
117,766,1762,1297,270,403,Crus 2,right
117,2586,2557,1242,701,588,Inferior olivary complex,left
117,2662,1919,1245,713,441,"Lateral reticular nucleus, magnocellular part",right
117,2600,2593,1242,705,597,Inferior olivary complex,left
117,2650,1937,1245,711,444,"Lateral reticular nucleus, magnocellular part",right
116,2493,2495,1242,677,575,Inferior olivary complex,left
116,2626,2656,1241,711,611,Inferior olivary complex,left
116,2595,2455,1242,702,564,Inferior olivary complex,right
116,2673,3077,1241,726,707,"Lateral reticular nucleus, magnocellular part",left
115,685,2115,1303,256,488,Folium-tuber vermis (VII),right
115,1700,3153,1263,491,726,Medulla,left
115,1848,1892,1252,520,444,Medulla,right
115,2678,3053,1240,727,702,"Lateral reticular nucleus, magnocellular part",left
115,2571,2529,1242,697,582,Inferior olivary complex,left
115,2578,2594,1242,700,597,Inferior olivary complex,left
119,606,2216,1309,233,512,Folium-tuber vermis (VII),right
118,610,2210,1310,234,511,Folium-tuber vermis (VII),right
118,2580,2605,1241,700,599,Inferior olivary complex,left
121,1559,2338,1273,459,544,Uvula (IX),right
121,2539,3150,1242,692,720,"Lateral reticular nucleus, magnocellular part",left
121,2553,3005,1241,695,687,"Lateral reticular nucleus, magnocellular part",left
121,2624,2533,1240,710,583,Inferior olivary complex,left
121,2624,2586,1240,710,594,Inferior olivary complex,left
121,2631,2574,1240,711,592,Inferior olivary complex,left
121,1079,1247,1282,350,274,Crus 2,right
121,2574,2978,1240,699,682,"Lateral reticular nucleus, magnocellular part",left
121,2576,1789,1240,691,415,"Lateral reticular nucleus, magnocellular part",right
121,2595,2557,1240,703,587,Inferior olivary complex,left
121,2638,2499,1240,713,574,Medulla,left
120,1187,1748,1277,378,393,Paramedian lobule,right
120,1566,2201,1274,458,511,Uvula (IX),right
120,698,2381,1305,261,553,Folium-tuber vermis (VII),right
122,2608,2531,1239,706,581,Inferior olivary complex,left
122,2610,2572,1239,706,591,Inferior olivary complex,left
122,2633,2989,1238,714,685,"Lateral reticular nucleus, magnocellular part",left
122,612,2210,1308,234,511,Folium-tuber vermis (VII),right
122,2572,2538,1239,696,584,Inferior olivary complex,left
122,2572,2732,1238,698,627,Medulla,left
122,2626,2517,1239,709,578,Inferior olivary complex,left
122,2631,2608,1239,711,600,Inferior olivary complex,left
122,2643,2562,1239,714,589,Inferior olivary complex,left
122,2606,2543,1239,705,585,Inferior olivary complex,left
122,2614,2581,1239,708,593,Inferior olivary complex,left
122,2634,2598,1239,713,598,Inferior olivary complex,left
123,2526,2507,1238,684,577,Inferior olivary complex,left
123,2642,1874,1240,707,432,"Lateral reticular nucleus, magnocellular part",right
123,2647,2545,1238,714,585,Inferior olivary complex,left
123,2604,2519,1238,704,579,Inferior olivary complex,left
123,2605,2597,1238,705,597,Inferior olivary complex,left
123,2618,2604,1238,709,599,Inferior olivary complex,left
123,810,2200,1290,290,509,Folium-tuber vermis (VII),right
123,951,1582,1281,320,357,Paramedian lobule,right
123,2597,1800,1238,696,417,"Lateral reticular nucleus, magnocellular part",right
123,2622,1832,1239,702,423,"Lateral reticular nucleus, magnocellular part",right
125,727,1810,1296,261,416,Crus 2,right
125,595,2291,1310,230,530,Folium-tuber vermis (VII),right
125,1489,2721,1270,444,626,Uvula (IX),left
125,2589,2537,1239,701,583,Inferior olivary complex,left
125,2646,2582,1238,714,593,Inferior olivary complex,left
125,2610,2528,1238,705,582,Inferior olivary complex,left
124,2622,2530,1238,708,581,Inferior olivary complex,left
124,837,1648,1287,288,375,Crus 2,right
124,1215,1245,1276,384,273,Paramedian lobule,right
124,2609,2605,1238,706,599,Inferior olivary complex,left
124,2616,2591,1238,707,596,Inferior olivary complex,left
126,706,1766,1295,255,407,Crus 2,right
126,2601,2527,1238,703,580,Inferior olivary complex,left
126,869,1603,1284,298,364,Crus 2,right
126,2608,2517,1237,705,578,Inferior olivary complex,left
127,2638,2583,1236,713,595,Inferior olivary complex,left
127,2647,2600,1236,714,598,Medulla,left
128,670,2207,1301,251,510,Folium-tuber vermis (VII),right
128,2630,2555,1236,710,587,Inferior olivary complex,left
129,829,2197,1287,295,508,Folium-tuber vermis (VII),right
129,903,1535,1281,307,347,Crus 2,right
129,2505,2579,1236,680,594,crossed tectospinal pathway,left
129,2524,3175,1238,688,726,"Lateral reticular nucleus, magnocellular part",left
129,2541,2958,1237,691,677,"Lateral reticular nucleus, magnocellular part",left
129,2547,3120,1238,692,713,"Lateral reticular nucleus, magnocellular part",left
129,2437,2487,1236,661,573,Inferior olivary complex,left
129,2539,1733,1235,682,406,"Lateral reticular nucleus, magnocellular part",right
129,2596,2005,1240,698,463,"Lateral reticular nucleus, magnocellular part",right
129,2605,1930,1239,699,447,"Lateral reticular nucleus, magnocellular part",right
129,2611,2536,1237,705,583,Inferior olivary complex,left
130,1699,1917,1255,483,448,External cuneate nucleus,right
130,2555,2700,1235,693,621,Medulla,left
130,2538,3146,1237,691,719,"Lateral reticular nucleus, magnocellular part",left
130,2565,2483,1236,693,571,Medulla,left
131,673,2218,1299,252,514,Folium-tuber vermis (VII),right
131,2526,2672,1234,686,614,Medulla,left
131,2528,2494,1235,684,574,Inferior olivary complex,left
131,2589,1804,1234,694,420,"Lateral reticular nucleus, magnocellular part",right
131,2631,2550,1234,709,586,Inferior olivary complex,left
131,1299,2238,1278,395,521,Uvula (IX),right
131,2541,2715,1234,690,624,Medulla,left
131,2547,2668,1234,691,614,Medulla,left
131,2621,2535,1235,707,583,Inferior olivary complex,left
131,2621,2769,1233,709,637,Medulla,left
132,762,1424,1286,269,326,Crus 2,right
132,2542,2510,1235,687,578,Inferior olivary complex,left
132,2606,2539,1235,703,584,Inferior olivary complex,left
132,2631,2565,1234,709,590,Inferior olivary complex,left
132,2619,2550,1235,707,586,Inferior olivary complex,left
132,2644,2599,1234,713,598,Inferior olivary complex,left
134,573,2291,1306,224,531,Declive (VI),right
134,1214,2107,1277,379,487,Pyramus (VIII),right
134,1582,2336,1269,464,543,Uvula (IX),right
138,2554,2713,1232,693,624,Medulla,left
138,2566,2550,1232,693,587,Inferior olivary complex,left
138,2598,2539,1232,701,584,Inferior olivary complex,left
138,2604,2423,1232,701,557,Inferior olivary complex,right
138,967,1196,1278,319,267,Crus 2,right
138,2656,2644,1231,715,609,Inferior olivary complex,left
137,2476,3156,1234,675,721,Intermediate reticular nucleus,left
137,2594,2707,1232,702,622,Medulla,left
137,1029,1445,1273,338,322,Paramedian lobule,right
137,1841,2887,1246,519,664,Parasolitary nucleus,left
137,2512,2525,1233,679,582,Inferior olivary complex,left
141,539,2286,1305,215,530,Declive (VI),right
141,545,2190,1303,216,508,Declive (VI),right
141,573,2130,1301,225,494,Declive (VI),right
141,567,2404,1306,222,559,Declive (VI),right
141,537,2201,1304,214,510,Declive (VI),right
141,1043,1517,1270,342,339,Paramedian lobule,right
141,1036,1856,1277,337,421,Paramedian lobule,right
141,2621,2560,1231,706,589,Inferior olivary complex,left
139,548,2308,1305,218,536,Declive (VI),right
139,620,2211,1300,236,512,Folium-tuber vermis (VII),right
139,2626,2598,1231,707,598,Inferior olivary complex,left
139,540,2298,1305,215,533,Declive (VI),right
139,561,2151,1302,221,498,Declive (VI),right
139,574,2289,1304,224,531,Declive (VI),right
139,610,2011,1297,235,467,Folium-tuber vermis (VII),right
139,2594,2549,1231,700,587,Inferior olivary complex,left
143,528,2255,1303,212,523,Declive (VI),right
143,529,2226,1302,212,516,Declive (VI),right
140,673,1786,1291,248,413,Crus 2,right
140,1225,2092,1275,380,483,Pyramus (VIII),right
140,2601,2553,1231,701,588,Inferior olivary complex,left
140,2508,2485,1231,678,572,Inferior olivary complex,left
140,2512,2519,1231,679,580,Inferior olivary complex,left
146,523,2238,1302,211,519,Declive (VI),right
146,537,2150,1300,214,499,Declive (VI),right
146,2521,2491,1228,680,574,Inferior olivary complex,left
146,2591,2530,1228,697,582,Inferior olivary complex,left
146,526,2219,1302,211,515,Declive (VI),right
146,1027,1892,1276,334,430,Paramedian lobule,right
146,2589,2720,1228,700,625,Medulla,left
146,539,2145,1300,215,498,Declive (VI),right
146,2552,3158,1229,692,722,"Lateral reticular nucleus, magnocellular part",left
146,2622,2517,1228,704,578,Inferior olivary complex,left
142,533,2261,1304,214,524,Declive (VI),right
142,575,2102,1299,225,487,Declive (VI),right
142,596,2089,1298,230,485,Declive (VI),right
142,654,1645,1287,241,381,Crus 2,right
142,559,2412,1305,221,560,Declive (VI),right
142,570,2109,1300,223,490,Declive (VI),right
145,551,2142,1300,218,496,Declive (VI),right
145,521,2290,1304,210,531,Declive (VI),right
145,1463,2695,1265,438,621,Uvula (IX),left
145,2564,2684,1229,694,617,Medulla,left
145,2556,2968,1229,694,680,"Lateral reticular nucleus, magnocellular part",left
145,2627,1914,1230,703,445,"Lateral reticular nucleus, magnocellular part",right
144,557,2121,1299,219,492,Declive (VI),right
144,545,2310,1303,216,536,Declive (VI),right
144,2570,2529,1229,693,582,Inferior olivary complex,left
147,563,2686,1303,221,627,Declive (VI),left
147,528,2194,1300,212,509,Declive (VI),right
147,579,2084,1296,226,484,Declive (VI),right
147,518,2297,1302,210,532,Declive (VI),right
147,526,2213,1301,211,514,Declive (VI),right
147,849,1661,1277,291,378,Crus 2,right
147,2462,2885,1228,671,661,"Lateral reticular nucleus, magnocellular part",left
148,520,2228,1301,210,517,Declive (VI),right
148,523,2204,1300,211,511,Declive (VI),right
148,514,2310,1303,209,536,Declive (VI),right
148,652,1752,1288,241,407,Crus 2,right
148,554,2115,1298,219,491,Declive (VI),right
148,537,2138,1299,214,497,Declive (VI),right
148,543,2126,1298,217,493,Declive (VI),right
148,1116,1436,1264,357,318,Paramedian lobule,right
149,561,2099,1297,221,488,Declive (VI),right
149,1169,1424,1262,371,315,Paramedian lobule,right
149,565,2194,1299,221,509,Declive (VI),right
149,1577,1397,1248,463,317,Paramedian lobule,right
149,533,2134,1299,214,496,Declive (VI),right
149,547,2621,1304,216,611,Declive (VI),left
149,935,1933,1277,314,443,Paramedian lobule,right
151,516,2382,1302,209,553,Declive (VI),right
151,654,1782,1287,243,414,Crus 2,right
150,508,2336,1302,207,542,Declive (VI),right
150,549,2689,1302,217,627,Declive (VI),left
150,526,2443,1303,211,568,Declive (VI),right
150,538,2122,1297,215,492,Declive (VI),right
150,547,2114,1297,217,491,Declive (VI),right
150,532,2133,1298,213,496,Declive (VI),right
150,546,2588,1304,216,604,Declive (VI),left
150,2589,2518,1226,697,580,Inferior olivary complex,left
154,500,2252,1299,205,522,Declive (VI),right
154,706,2079,1286,261,482,Folium-tuber vermis (VII),right
154,2593,2564,1225,698,590,Inferior olivary complex,left
154,497,2289,1300,203,531,Declive (VI),right
154,502,2213,1299,205,514,Declive (VI),right
154,503,2201,1298,206,511,Declive (VI),right
154,508,2145,1297,207,498,Declive (VI),right
154,534,2692,1301,213,627,Declive (VI),left
154,540,2081,1295,216,484,Declive (VI),right
154,2620,2540,1224,703,584,Inferior olivary complex,left
154,2632,2518,1224,706,580,Inferior olivary complex,left
154,2673,2691,1222,718,620,Inferior olivary complex,left
154,497,2277,1300,203,528,Declive (VI),right
154,509,2270,1299,207,527,Declive (VI),right
154,524,2227,1298,211,516,Declive (VI),right
154,2235,2047,1227,613,479,Intermediate reticular nucleus,right
154,2297,3079,1226,629,705,Parvicellular reticular nucleus,left
154,2522,2534,1225,680,584,Inferior olivary complex,left
153,941,3313,1283,322,774,Paramedian lobule,left
153,1070,2027,1272,345,466,Pyramus (VIII),right
153,2493,3132,1227,679,715,Intermediate reticular nucleus,left
153,2501,3196,1227,679,730,"Lateral reticular nucleus, magnocellular part",left
153,2602,2739,1225,702,630,Medulla,left
153,510,2255,1300,207,523,Declive (VI),right
153,515,2129,1297,209,495,Declive (VI),right
153,532,2095,1296,213,487,Declive (VI),right
153,533,2098,1296,214,488,Declive (VI),right
153,536,2087,1296,214,485,Declive (VI),right
153,547,2091,1296,217,486,Declive (VI),right
153,1018,1983,1273,334,456,Pyramus (VIII),right
153,1031,1998,1273,336,460,Pyramus (VIII),right
153,1812,2895,1241,511,664,Parasolitary nucleus,left
153,2486,3167,1227,676,723,Intermediate reticular nucleus,left
153,2560,1960,1228,689,457,"Lateral reticular nucleus, magnocellular part",right
157,497,2184,1297,203,508,Declive (VI),right
157,499,2176,1297,205,505,Declive (VI),right
157,505,2391,1300,206,555,Declive (VI),right
157,550,2047,1293,218,476,Declive (VI),right
157,572,2020,1292,224,471,Declive (VI),right
157,492,2278,1299,202,529,Declive (VI),right
157,530,2083,1294,213,485,Declive (VI),right
157,545,2055,1293,217,479,Declive (VI),right
157,627,1685,1284,234,393,Crus 2,right
157,2496,2489,1224,673,574,Inferior olivary complex,left
155,497,2221,1298,203,515,Declive (VI),right
155,578,2033,1292,226,474,Declive (VI),right
155,497,2236,1298,203,519,Declive (VI),right
155,1015,1569,1266,333,353,Paramedian lobule,right
155,496,2226,1298,203,516,Declive (VI),right
155,2519,2476,1224,679,570,Medulla,right
152,556,2083,1295,220,485,Declive (VI),right
158,534,2074,1293,214,483,Declive (VI),right
158,508,2125,1295,208,494,Declive (VI),right
158,489,2227,1297,202,517,Declive (VI),right
158,489,2286,1298,202,530,Declive (VI),right
158,489,2236,1297,202,519,Declive (VI),right
158,492,2189,1296,202,509,Declive (VI),right
158,501,2380,1300,204,553,Declive (VI),right
158,508,2150,1295,207,500,Declive (VI),right
158,511,2113,1294,208,492,Declive (VI),right
158,513,2228,1297,208,518,Declive (VI),right
158,516,2098,1294,209,489,Declive (VI),right
158,535,2061,1293,214,480,Declive (VI),right
158,559,2024,1291,221,472,Declive (VI),right
158,1020,1983,1271,333,456,Pyramus (VIII),right
158,2530,2509,1223,681,578,Inferior olivary complex,left
158,2553,2506,1223,687,577,Inferior olivary complex,left
156,549,2063,1293,218,481,Declive (VI),right
156,519,2109,1295,210,491,Declive (VI),right
156,523,2096,1294,212,488,Declive (VI),right
156,1697,2457,1253,491,571,Area postrema,left
156,544,2092,1294,217,486,Declive (VI),right
156,577,2263,1296,224,525,Declive (VI),right
156,1022,1988,1271,333,457,Pyramus (VIII),right
156,495,2226,1298,203,516,Declive (VI),right
156,505,2138,1296,206,498,Declive (VI),right
156,524,2144,1296,211,498,Declive (VI),right
156,1028,1627,1266,336,366,Paramedian lobule,right
156,2174,2171,1229,597,506,Intermediate reticular nucleus,right
156,2517,1760,1222,675,415,Medulla,right
159,491,2336,1298,202,542,Declive (VI),right
159,488,2235,1296,202,519,Declive (VI),right
159,492,2202,1296,202,511,Declive (VI),right
161,486,2210,1296,201,513,Declive (VI),right
161,1048,1535,1262,341,344,Paramedian lobule,right
161,2578,2493,1222,693,574,Inferior olivary complex,left
161,2617,2478,1221,701,571,Nucleus raphe pallidus,left
161,526,2093,1293,211,488,Declive (VI),right
161,573,1982,1289,225,462,Declive (VI),right
161,2360,2827,1222,646,647,Gigantocellular reticular nucleus,left
161,2514,3177,1223,683,725,"Lateral reticular nucleus, magnocellular part",left
160,488,2196,1296,202,510,Declive (VI),right
160,532,2288,1296,212,531,Declive (VI),right
160,537,2052,1291,214,478,Declive (VI),right
160,1223,1068,1262,384,236,Crus 2,right
162,493,2141,1293,203,498,Declive (VI),right
162,538,2070,1291,215,482,Declive (VI),right
162,2513,2055,1224,679,479,"Lateral reticular nucleus, magnocellular part",right
162,2610,2507,1221,700,577,Inferior olivary complex,left
162,526,2180,1294,211,506,Declive (VI),right
162,554,2255,1294,218,523,Declive (VI),right
162,689,1525,1277,250,353,Crus 2,right
162,1024,1976,1269,333,454,Copula pyramidis,right
162,2637,2603,1220,707,600,Inferior olivary complex,left
162,535,2054,1291,214,479,Declive (VI),right
164,479,2285,1296,199,530,Declive (VI),right
164,988,1404,1262,324,315,Crus 2,right
164,480,2200,1294,199,511,Declive (VI),right
164,486,2399,1297,200,557,Declive (VI),right
164,570,2272,1293,222,527,Declive (VI),right
164,479,2238,1295,199,520,Declive (VI),right
164,497,2235,1295,203,519,Declive (VI),right
165,477,2274,1296,198,528,Declive (VI),right
165,476,2259,1295,198,525,Declive (VI),right
165,478,2226,1295,199,517,Declive (VI),right
165,481,2187,1294,199,508,Declive (VI),right
165,483,2167,1293,201,504,Declive (VI),right
165,489,2429,1298,201,565,Declive (VI),right
165,512,2081,1291,208,485,Declive (VI),right
165,538,2029,1289,216,474,Declive (VI),right
165,575,2209,1292,223,513,Declive (VI),right
165,501,2107,1292,205,490,Declive (VI),right
165,514,2074,1291,209,484,Declive (VI),right
165,537,2081,1290,214,485,Declive (VI),right
165,541,2015,1289,216,471,Declive (VI),right
165,552,2014,1289,218,470,Declive (VI),right
165,487,2202,1294,200,511,Declive (VI),right
165,500,2113,1292,205,493,Declive (VI),right
163,495,2500,1299,202,581,Declive (VI),left
163,527,2060,1290,212,480,Declive (VI),right
163,627,1812,1283,236,422,Crus 2,right
163,2540,2480,1220,682,571,Medulla,left
163,546,2079,1290,217,484,Declive (VI),right
163,565,1981,1288,222,463,Declive (VI),right
163,799,2356,1278,285,548,Folium-tuber vermis (VII),right
166,549,1991,1287,218,465,Declive (VI),right
166,556,2220,1292,218,515,Declive (VI),right
166,559,2194,1291,219,510,Declive (VI),right
166,504,2099,1291,206,489,Declive (VI),right
166,535,2037,1289,214,475,Declive (VI),right
166,552,2238,1292,217,520,Declive (VI),right
166,561,1970,1287,221,461,Declive (VI),right
166,581,2170,1290,225,504,Declive (VI),right
166,597,2211,1290,228,513,Declive (VI),right
166,473,2249,1294,198,523,Declive (VI),right
166,477,2194,1293,198,510,Declive (VI),right
166,490,2286,1295,201,530,Declive (VI),right
166,504,2090,1290,206,487,Declive (VI),right
166,517,2066,1290,209,482,Declive (VI),right
166,522,2050,1289,210,478,Declive (VI),right
166,551,1984,1287,218,464,Declive (VI),right
166,993,1683,1266,325,381,Paramedian lobule,right
167,559,2599,1295,219,606,Declive (VI),left
167,570,1961,1285,223,458,Declive (VI),right
167,558,2275,1291,219,528,Declive (VI),right
167,697,1759,1279,252,408,Crus 2,right
167,499,2099,1290,205,490,Declive (VI),right
167,560,2136,1289,220,496,Declive (VI),right
167,1624,2373,1255,474,553,Uvula (IX),right
170,536,2236,1291,213,519,Declive (VI),right
170,550,2279,1291,216,529,Declive (VI),right
170,563,2121,1288,221,493,Declive (VI),right
170,570,2690,1293,222,627,Declive (VI),left
170,589,2162,1287,227,502,Declive (VI),right
170,463,2254,1293,195,524,Declive (VI),right
170,491,2088,1289,202,488,Declive (VI),right
170,527,2018,1287,212,472,Declive (VI),right
170,534,1999,1286,214,468,Declive (VI),right
170,561,2131,1288,220,495,Declive (VI),right
170,564,2152,1288,221,500,Declive (VI),right
170,2470,2036,1220,669,476,"Lateral reticular nucleus, magnocellular part",right
170,493,2681,1295,201,624,Declive (VI),left
170,2486,2011,1220,672,471,"Lateral reticular nucleus, magnocellular part",right
170,2622,2541,1217,701,585,Inferior olivary complex,left
168,630,1782,1281,236,416,Crus 2,right
168,551,1976,1286,218,462,Declive (VI),right
168,558,2281,1291,219,529,Declive (VI),right
168,923,3329,1276,316,776,Paramedian lobule,left
168,550,2260,1292,217,525,Declive (VI),right
176,455,2227,1290,192,517,Declive (VI),right
176,538,2196,1287,214,510,Declive (VI),right
176,549,2100,1285,217,489,Declive (VI),right
176,551,2145,1286,217,499,Declive (VI),right
176,454,2196,1289,192,511,Declive (VI),right
176,548,2134,1286,217,497,Declive (VI),right
176,1119,2268,1263,352,530,Pyramus (VIII),right
176,1547,1392,1237,453,316,Paramedian lobule,right
169,537,2227,1292,213,517,Declive (VI),right
169,502,2064,1289,205,482,Declive (VI),right
169,522,2023,1288,210,473,Declive (VI),right
169,545,2201,1291,215,511,Declive (VI),right
169,546,2238,1291,215,520,Declive (VI),right
169,1470,1911,1253,431,438,Uvula (IX),right
169,2574,2559,1218,691,589,Inferior olivary complex,left
169,482,2126,1291,200,495,Declive (VI),right
169,558,2290,1292,219,532,Declive (VI),right
169,1463,2035,1258,430,470,Uvula (IX),right
169,2410,2082,1222,655,486,Intermediate reticular nucleus,right
169,2497,3195,1219,677,730,"Lateral reticular nucleus, magnocellular part",left
173,469,2145,1290,197,500,Declive (VI),right
173,488,2081,1288,202,486,Declive (VI),right
173,476,2119,1289,198,494,Declive (VI),right
173,542,2288,1291,214,532,Declive (VI),right
173,538,1975,1285,215,462,Declive (VI),right
173,554,2136,1288,218,497,Declive (VI),right
173,479,2110,1289,199,492,Declive (VI),right
173,510,2024,1286,208,474,Declive (VI),right
173,530,2140,1288,212,498,Declive (VI),right
173,548,2306,1290,216,535,Declive (VI),right
173,2522,2520,1216,677,581,Inferior olivary complex,left
173,487,2704,1294,199,630,Declive (VI),left
175,458,2187,1289,194,509,Declive (VI),right
175,518,2228,1288,208,518,Declive (VI),right
175,534,2233,1288,212,519,Declive (VI),right
175,550,2161,1286,217,502,Declive (VI),right
175,563,2406,1289,220,559,Declive (VI),right
175,566,1930,1282,221,452,Declive (VI),right
175,1118,2266,1263,352,529,Pyramus (VIII),right
172,522,2009,1286,210,470,Declive (VI),right
172,474,2128,1289,198,496,Declive (VI),right
172,496,2065,1287,204,482,Declive (VI),right
172,498,2054,1287,205,480,Declive (VI),right
172,568,2414,1291,222,562,Declive (VI),right
172,901,3331,1276,309,775,Crus 2,left
172,504,2340,1292,205,543,Declive (VI),right
172,590,2125,1286,228,494,Declive (VI),right
172,668,1689,1277,245,393,Crus 2,right
172,856,1707,1269,291,389,Crus 2,right
171,552,2186,1289,217,508,Declive (VI),right
171,554,2296,1290,218,533,Declive (VI),right
171,561,2145,1288,219,499,Declive (VI),right
171,471,2193,1291,196,511,Declive (VI),right
171,523,2270,1291,210,527,Declive (VI),right
171,535,1991,1285,214,466,Declive (VI),right
171,539,2212,1289,214,513,Declive (VI),right
171,545,1972,1284,217,461,Declive (VI),right
171,552,2144,1288,217,499,Declive (VI),right
171,1043,1489,1257,338,334,Paramedian lobule,right
171,472,2340,1293,196,543,Declive (VI),right
171,475,2283,1292,197,531,Declive (VI),right
171,487,2652,1295,199,617,Declive (VI),left
171,514,2030,1286,209,475,Declive (VI),right
171,515,2025,1286,209,474,Declive (VI),right
171,2630,2700,1215,706,621,Inferior olivary complex,left
174,503,2041,1286,206,477,Declive (VI),right
174,456,2256,1291,192,524,Declive (VI),right
174,480,2100,1288,199,490,Declive (VI),right
174,481,2661,1294,197,619,Declive (VI),left
174,1548,1397,1237,455,317,Paramedian lobule,right
174,531,2132,1287,212,496,Declive (VI),right
174,539,2186,1288,214,508,Declive (VI),right
174,565,2111,1286,221,491,Declive (VI),right
174,573,1931,1282,224,452,Declive (VI),right
174,589,2100,1285,228,489,Declive (VI),right
174,606,2167,1285,231,503,Declive (VI),right
174,690,1317,1271,249,305,Crus 2,right
174,486,2704,1294,199,629,Declive (VI),left
174,498,2046,1286,205,478,Declive (VI),right
174,504,2029,1286,206,475,Declive (VI),right
174,531,1989,1284,213,466,Declive (VI),right
178,525,2219,1287,210,516,Declive (VI),right
178,528,2251,1288,211,523,Declive (VI),right
178,530,2258,1288,211,525,Declive (VI),right
178,532,2292,1288,211,532,Declive (VI),right
178,551,2431,1289,216,565,Declive (VI),right
178,562,2093,1284,220,488,Declive (VI),right
178,564,2629,1291,220,613,Declive (VI),left
178,571,2090,1284,222,487,Declive (VI),right
178,571,2691,1290,221,627,Declive (VI),left
178,518,1994,1283,210,467,Declive (VI),right
178,526,2206,1287,210,513,Declive (VI),right
178,531,2285,1288,211,531,Declive (VI),right
178,540,2301,1288,213,534,Declive (VI),right
178,547,2120,1285,215,494,Declive (VI),right
178,557,2108,1284,218,492,Declive (VI),right
178,2652,2550,1212,707,587,Inferior olivary complex,left
178,476,2094,1286,198,489,Declive (VI),right
178,481,2078,1285,199,486,Declive (VI),right
178,520,1970,1282,210,462,Declive (VI),right
178,1023,1431,1254,332,320,Crus 2,right
178,1088,1462,1253,347,326,Paramedian lobule,right
181,450,2176,1287,191,507,Declive (VI),right
181,463,2121,1286,195,495,Declive (VI),right
181,445,2244,1289,189,522,Declive (VI),right
181,446,2329,1290,189,541,Declive (VI),right
181,448,2212,1288,191,514,Declive (VI),right
181,461,2472,1292,192,574,Declive (VI),left
181,521,2256,1287,208,524,Declive (VI),right
181,551,2405,1288,216,559,Declive (VI),right
181,551,2377,1288,216,552,Declive (VI),right
181,552,2492,1289,216,579,Declive (VI),left
181,558,2616,1290,218,609,Declive (VI),left
181,608,1774,1277,231,416,Crus 2,right
181,518,2266,1287,208,526,Declive (VI),right
181,524,2130,1285,210,496,Declive (VI),right
181,534,2120,1284,213,494,Declive (VI),right
181,539,2152,1285,214,501,Declive (VI),right
181,550,2070,1283,217,483,Declive (VI),right
181,2659,2552,1211,709,588,Inferior olivary complex,left
181,446,2217,1288,190,515,Declive (VI),right
181,452,2389,1291,190,555,Declive (VI),right
181,469,2667,1292,194,620,Declive (VI),left
181,569,2494,1289,221,581,Declive (VI),left
180,467,2109,1285,195,493,Declive (VI),right
180,447,2309,1290,189,537,Declive (VI),right
180,549,1915,1280,217,450,Declive (VI),right
180,523,2246,1287,210,522,Declive (VI),right
180,544,2433,1289,215,566,Declive (VI),right
180,568,2482,1288,221,577,Declive (VI),left
180,1700,2401,1245,490,559,Area postrema,right
180,558,2084,1283,220,486,Declive (VI),right
180,682,1777,1275,249,413,Crus 2,right
180,1102,1492,1252,349,332,Paramedian lobule,right
180,570,1896,1279,222,445,Declive (VI),right
180,576,1888,1279,224,443,Declive (VI),right
180,578,1887,1279,225,442,Declive (VI),right
180,2645,2571,1211,706,592,Inferior olivary complex,left
177,519,2236,1289,208,519,Declive (VI),right
177,575,2393,1289,223,557,Declive (VI),right
177,539,2283,1289,214,531,Declive (VI),right
177,482,2659,1293,197,619,Declive (VI),left
177,482,2079,1286,199,486,Declive (VI),right
177,506,2039,1285,206,477,Declive (VI),right
177,545,1931,1282,216,453,Declive (VI),right
177,583,1897,1281,226,444,Declive (VI),right
177,592,2099,1284,228,489,Declive (VI),right
177,632,1709,1277,235,399,Crus 2,right
179,550,2449,1289,216,570,Declive (VI),right
179,513,2203,1286,207,513,Declive (VI),right
179,544,2129,1284,215,496,Declive (VI),right
179,557,2476,1289,217,576,Declive (VI),left
179,565,1905,1280,221,447,Declive (VI),right
179,1021,1429,1254,330,321,Crus 2,right
179,459,2135,1286,194,498,Declive (VI),right
179,504,2015,1283,206,472,Declive (VI),right
179,539,2115,1284,214,493,Declive (VI),right
179,593,2068,1282,229,483,Declive (VI),right
179,2634,2499,1211,703,576,Inferior olivary complex,left
179,451,2197,1287,191,511,Declive (VI),right
179,563,1917,1280,221,449,Declive (VI),right
179,584,1889,1279,226,443,Declive (VI),right
185,516,1950,1280,208,458,Declive (VI),right
185,467,2069,1283,195,484,Declive (VI),right
185,527,2153,1283,210,502,Declive (VI),right
185,528,2123,1283,211,495,Declive (VI),right
185,542,2339,1286,213,544,Declive (VI),right
185,551,2426,1287,216,564,Declive (VI),right
185,555,2063,1281,218,482,Declive (VI),right
185,557,2489,1287,217,580,Declive (VI),left
185,576,2049,1280,224,479,Declive (VI),right
185,2652,2553,1209,706,589,Inferior olivary complex,left
185,441,2175,1285,188,507,Declive (VI),right
185,487,2009,1281,201,471,Declive (VI),right
185,489,2003,1281,202,470,Declive (VI),right
185,490,2023,1281,202,475,Declive (VI),right
185,498,1997,1281,204,468,Declive (VI),right
185,501,1982,1280,204,465,Declive (VI),right
185,562,2044,1281,220,478,Declive (VI),right
185,575,2491,1286,222,580,Declive (VI),left
185,2462,3186,1212,667,728,Parvicellular reticular nucleus,left
185,2635,2558,1210,703,590,Inferior olivary complex,left
182,532,2181,1285,211,507,Declive (VI),right
182,442,2265,1288,188,526,Declive (VI),right
182,455,2414,1290,191,561,Declive (VI),right
182,543,2411,1287,215,560,Declive (VI),right
182,477,2065,1283,198,483,Declive (VI),right
182,517,2233,1286,207,520,Declive (VI),right
182,531,2145,1284,211,500,Declive (VI),right
182,546,2111,1283,215,492,Declive (VI),right
182,563,1889,1279,221,444,Declive (VI),right
182,442,2258,1288,188,525,Declive (VI),right
182,445,2217,1287,189,515,Declive (VI),right
182,495,2017,1282,203,472,Declive (VI),right
182,502,2015,1282,204,472,Declive (VI),right
182,502,2828,1287,203,657,Declive (VI),left
182,526,2196,1285,210,511,Declive (VI),right
182,525,2206,1285,209,513,Declive (VI),right
182,537,2107,1283,213,491,Declive (VI),right
182,549,1904,1279,217,447,Declive (VI),right
182,557,2078,1282,218,485,Declive (VI),right
182,1016,1426,1253,329,320,Crus 2,right
183,595,1733,1276,226,407,Crus 2,right
183,477,2721,1289,195,633,Declive (VI),left
183,549,2390,1286,216,556,Declive (VI),right
183,479,2746,1289,197,638,Declive (VI),left
183,522,2290,1286,208,532,Declive (VI),right
183,545,2093,1282,215,489,Declive (VI),right
183,548,2083,1281,217,487,Declive (VI),right
183,440,2246,1287,188,522,Declive (VI),right
187,447,2132,1283,189,497,Declive (VI),right
187,551,1893,1276,217,446,Declive (VI),right
187,475,2030,1280,198,476,Declive (VI),right
187,494,2830,1285,201,657,Declive (VI),left
187,504,1964,1278,205,462,Declive (VI),right
187,540,2427,1285,213,564,Declive (VI),right
187,517,2186,1282,207,509,Declive (VI),right
187,531,2092,1280,211,488,Declive (VI),right
187,537,2084,1280,213,487,Declive (VI),right
187,507,2116,1281,205,494,Declive (VI),right
187,507,2197,1283,204,511,Declive (VI),right
187,517,2081,1280,207,486,Declive (VI),right
187,557,2049,1279,218,479,Declive (VI),right
187,569,1869,1276,222,440,Declive (VI),right
187,2625,2506,1208,700,577,Inferior olivary complex,left
187,2660,2543,1207,708,587,Inferior olivary complex,left
187,462,2070,1281,194,485,Declive (VI),right
187,499,2083,1281,204,487,Declive (VI),right
187,2692,2586,1206,716,596,Inferior olivary complex,left
184,508,2234,1285,205,520,Declive (VI),right
184,546,2381,1286,214,553,Declive (VI),right
184,513,1963,1280,208,461,Declive (VI),right
188,432,2277,1286,185,529,Declive (VI),right
188,433,2208,1285,186,515,Declive (VI),right
188,432,2219,1285,185,517,Declive (VI),right
188,466,2043,1281,195,479,Declive (VI),right
188,435,2175,1284,187,507,Declive (VI),right
188,447,2409,1287,188,560,Declive (VI),right
188,548,2066,1279,217,483,Declive (VI),right
188,506,2235,1283,204,520,Declive (VI),right
188,506,2254,1284,204,524,Declive (VI),right
188,575,1884,1276,223,443,Declive (VI),right
188,432,2228,1285,185,519,Declive (VI),right
188,460,2228,1284,193,519,Declive (VI),right
188,472,2034,1280,196,477,Declive (VI),right
188,481,2006,1279,199,471,Declive (VI),right
186,532,2100,1281,211,490,Declive (VI),right
186,532,2108,1282,211,492,Declive (VI),right
186,562,1885,1277,219,443,Declive (VI),right
186,2622,2662,1209,701,612,Inferior olivary complex,left
186,434,2244,1286,186,522,Declive (VI),right
186,482,2021,1281,199,474,Declive (VI),right
186,508,2212,1284,205,514,Declive (VI),right
186,515,2213,1284,207,515,Declive (VI),right
186,568,2514,1286,221,586,Declive (VI),left
186,2024,3217,1217,561,736,"Spinal nucleus of the trigeminal, interpolar part",left
189,430,2263,1286,185,527,Declive (VI),right
189,459,2712,1288,191,630,Declive (VI),left
189,484,1997,1279,200,469,Declive (VI),right
189,551,1880,1276,217,442,Declive (VI),right
189,428,2254,1285,185,524,Declive (VI),right
189,476,2014,1280,198,473,Declive (VI),right
189,495,1974,1279,203,464,Declive (VI),right
189,509,2277,1284,205,529,Declive (VI),right
189,532,2623,1287,210,611,Declive (VI),left
189,544,2057,1279,215,480,Declive (VI),right
189,550,2487,1286,215,578,Declive (VI),left
189,471,2180,1283,195,508,Declive (VI),right
189,521,2134,1281,208,498,Declive (VI),right
189,525,2115,1281,210,494,Declive (VI),right
189,553,2503,1286,217,583,Declive (VI),left
189,532,1937,1277,212,455,Declive (VI),right
190,435,2165,1283,187,505,Declive (VI),right
190,461,2725,1287,191,633,Declive (VI),left
190,656,1740,1271,242,406,Crus 2,right
190,430,2227,1284,185,518,Declive (VI),right
190,429,2237,1284,185,520,Declive (VI),right
190,431,2335,1286,185,542,Declive (VI),right
190,479,2005,1279,199,471,Declive (VI),right
190,524,2658,1286,208,619,Declive (VI),left
190,553,2526,1285,216,588,Declive (VI),left
190,472,2019,1279,196,474,Declive (VI),right
190,539,2595,1286,212,604,Declive (VI),left
190,539,2062,1279,214,482,Declive (VI),right
190,553,1869,1275,218,440,Declive (VI),right
190,559,1864,1275,219,439,Declive (VI),right
191,464,2752,1285,192,639,Declive (VI),left
191,517,2136,1280,207,498,Declive (VI),right
191,428,2245,1283,185,522,Declive (VI),right
191,496,2268,1282,201,528,Declive (VI),right
191,531,2072,1278,211,484,Declive (VI),right
191,430,2199,1283,185,513,Declive (VI),right
192,501,2261,1282,202,526,Declive (VI),right
192,636,1629,1271,235,381,Crus 2,right
192,1013,1663,1255,326,376,Paramedian lobule,right
195,430,2148,1280,185,502,Declive (VI),right
195,507,2194,1279,203,511,Declive (VI),right
195,515,1900,1274,207,448,Declive (VI),right
195,522,2097,1277,208,490,Declive (VI),right
195,520,2402,1282,207,558,Declive (VI),right
195,421,2220,1281,182,517,Declive (VI),right
195,434,2413,1284,185,561,Declive (VI),right
195,491,1942,1275,201,457,Declive (VI),right
195,557,1845,1273,217,435,Declive (VI),right
193,503,2224,1281,204,518,Declive (VI),right
193,426,2267,1284,183,527,Declive (VI),right
193,505,2251,1282,204,523,Declive (VI),right
193,512,2284,1282,205,531,Declive (VI),right
193,517,2107,1279,207,492,Declive (VI),right
193,518,2439,1284,207,567,Declive (VI),right
193,525,2454,1284,209,571,Declive (VI),left
193,542,2057,1278,214,481,Declive (VI),right
193,425,2338,1285,183,544,Declive (VI),right
193,427,2230,1283,184,519,Declive (VI),right
193,427,2247,1284,183,522,Declive (VI),right
193,439,2452,1286,186,569,Declive (VI),right
193,447,2132,1281,189,498,Declive (VI),right
193,473,1999,1278,197,470,Declive (VI),right
193,486,1961,1277,200,461,Declive (VI),right
193,2659,2541,1205,708,585,Inferior olivary complex,left
196,424,2173,1281,183,507,Declive (VI),right
196,422,2194,1281,182,512,Declive (VI),right
196,420,2313,1283,182,538,Declive (VI),right
196,504,2900,1280,204,672,Declive (VI),left
196,548,1849,1273,216,436,Declive (VI),right
196,423,2207,1281,183,514,Declive (VI),right
196,522,2082,1277,208,487,Declive (VI),right
196,486,2190,1280,198,510,Declive (VI),right
196,485,1952,1275,200,459,Declive (VI),right
196,535,1875,1273,212,442,Declive (VI),right
196,562,2000,1275,219,469,Declive (VI),right
196,420,2220,1281,182,517,Declive (VI),right
196,552,2024,1275,216,474,Declive (VI),right
196,557,1872,1273,217,440,Declive (VI),right
194,474,2808,1283,195,652,Declive (VI),left
194,474,1989,1277,197,468,Declive (VI),right
194,485,1970,1276,200,464,Declive (VI),right
194,524,2343,1282,209,545,Declive (VI),right
194,536,2067,1277,212,483,Declive (VI),right
194,547,2030,1276,215,476,Declive (VI),right
194,558,2033,1276,219,476,Declive (VI),right
194,492,1944,1276,201,458,Declive (VI),right
194,509,2185,1280,205,509,Declive (VI),right
194,522,2123,1279,208,496,Declive (VI),right
194,565,2022,1276,220,473,Declive (VI),right
194,608,1623,1272,228,381,Crus 2,right
194,1697,2392,1240,488,557,Area postrema,right
194,424,2338,1284,183,544,Declive (VI),right
194,462,2722,1285,191,632,Declive (VI),left
194,494,2207,1281,201,513,Declive (VI),right
194,549,1872,1274,216,440,Declive (VI),right
194,677,2823,1275,248,659,Folium-tuber vermis (VII),left
194,2373,2919,1209,648,667,Intermediate reticular nucleus,left
207,460,1970,1271,192,465,Declive (VI),right
207,443,2012,1272,188,473,Declive (VI),right
207,409,2173,1276,179,508,Declive (VI),right
207,418,2113,1274,181,495,Declive (VI),right
199,416,2255,1280,180,525,Declive (VI),right
199,482,2213,1278,197,516,Declive (VI),right
199,517,2065,1275,207,484,Declive (VI),right
199,429,2119,1278,185,496,Declive (VI),right
199,487,2221,1278,198,517,Declive (VI),right
199,500,2191,1277,202,510,Declive (VI),right
199,414,2244,1280,180,523,Declive (VI),right
199,416,2222,1280,180,517,Declive (VI),right
199,561,1993,1273,219,468,Declive (VI),right
197,520,1887,1274,208,445,Declive (VI),right
197,426,2158,1280,184,504,Declive (VI),right
197,430,2129,1280,185,498,Declive (VI),right
197,417,2230,1282,181,519,Declive (VI),right
197,451,2049,1278,190,481,Declive (VI),right
197,466,1994,1276,194,469,Declive (VI),right
197,487,2262,1281,198,526,Declive (VI),right
197,496,2233,1280,201,520,Declive (VI),right
197,502,2283,1281,202,531,Declive (VI),right
197,528,2680,1283,209,624,Declive (VI),left
197,428,2388,1284,184,555,Declive (VI),right
197,431,2121,1279,185,496,Declive (VI),right
197,433,2430,1284,185,564,Declive (VI),right
197,442,2174,1280,187,507,Declive (VI),right
197,465,2004,1276,194,471,Declive (VI),right
197,528,2058,1276,211,482,Declive (VI),right
197,577,1996,1274,223,468,Declive (VI),right
197,420,2328,1283,181,541,Declive (VI),right
197,469,1983,1276,196,467,Declive (VI),right
197,522,2476,1283,207,576,Declive (VI),left
198,492,1930,1274,201,455,Declive (VI),right
198,552,2000,1274,216,469,Declive (VI),right
198,420,2338,1282,181,544,Declive (VI),right
198,431,2414,1283,183,561,Declive (VI),right
198,487,1940,1274,199,457,Declive (VI),right
198,498,2256,1279,202,525,Declive (VI),right
198,855,2346,1260,295,547,Folium-tuber vermis (VII),right
198,418,2219,1281,182,517,Declive (VI),right
198,434,2107,1278,186,493,Declive (VI),right
198,466,2807,1282,192,651,Declive (VI),left
198,498,2198,1278,202,512,Declive (VI),right
198,419,2328,1282,181,541,Declive (VI),right
198,432,2113,1278,185,495,Declive (VI),right
198,434,2522,1284,184,585,Declive (VI),left
198,434,2562,1284,184,595,Declive (VI),left
198,458,2021,1276,193,475,Declive (VI),right
198,461,2012,1276,193,473,Declive (VI),right
198,480,1949,1274,198,460,Declive (VI),right
198,532,2549,1282,209,593,Declive (VI),left
204,415,2164,1277,180,506,Declive (VI),right
204,410,2192,1278,179,511,Declive (VI),right
204,418,2134,1276,182,499,Declive (VI),right
204,462,2823,1279,190,655,Declive (VI),left
204,489,2237,1277,199,520,Declive (VI),right
204,503,2329,1277,203,542,Declive (VI),right
204,558,1973,1271,218,464,Declive (VI),right
204,429,2091,1275,184,490,Declive (VI),right
204,436,2717,1281,183,631,Declive (VI),left
204,445,2080,1275,188,488,Declive (VI),right
204,504,1943,1271,204,458,Declive (VI),right
204,515,2102,1274,206,491,Declive (VI),right
204,522,2072,1273,207,485,Declive (VI),right
204,541,2001,1272,213,470,Declive (VI),right
204,422,2421,1280,180,562,Declive (VI),right
204,434,2074,1275,186,487,Declive (VI),right
204,511,2397,1278,204,557,Declive (VI),right
204,2275,2873,1206,623,657,Linear nucleus of the medulla,left
204,2643,2584,1200,703,596,Inferior olivary complex,left
204,2644,2603,1200,703,600,Inferior olivary complex,left
200,476,2231,1279,195,519,Declive (VI),right
200,519,2104,1276,208,492,Declive (VI),right
200,427,2398,1282,182,557,Declive (VI),right
200,430,2260,1280,184,526,Declive (VI),right
200,462,2807,1281,191,651,Declive (VI),left
200,2241,2773,1208,614,636,Intermediate reticular nucleus,left
201,505,2307,1279,203,536,Declive (VI),right
201,533,2051,1274,212,480,Declive (VI),right
201,560,1981,1273,219,465,Declive (VI),right
201,576,1984,1272,223,466,Declive (VI),right
201,429,2400,1282,183,557,Declive (VI),right
201,453,2026,1275,191,476,Declive (VI),right
201,515,2632,1282,205,612,Declive (VI),left
201,519,2113,1276,208,494,Declive (VI),right
201,622,1870,1270,234,439,Declive (VI),right
201,1268,1247,1237,388,278,Paramedian lobule,right
201,2398,1775,1204,646,423,Linear nucleus of the medulla,right
201,2652,2539,1201,704,586,Inferior olivary complex,left
203,425,2450,1281,181,569,Declive (VI),right
203,468,2838,1278,193,659,Declive (VI),left
203,515,2134,1274,206,499,Declive (VI),right
203,1469,1409,1229,431,317,Paramedian lobule,right
203,452,2328,1279,188,542,Declive (VI),right
203,545,1999,1272,214,470,Declive (VI),right
203,550,2823,1277,214,656,Declive (VI),left
208,452,1984,1271,189,468,Declive (VI),right
208,641,1700,1265,236,399,Crus 2,right
208,407,2174,1276,177,508,Declive (VI),right
208,465,1952,1270,193,460,Declive (VI),right
208,487,2249,1275,197,524,Declive (VI),right
202,509,2411,1279,204,560,Declive (VI),right
202,511,2155,1276,204,503,Declive (VI),right
202,511,2356,1278,204,547,Declive (VI),right
202,509,2463,1280,204,573,Declive (VI),left
202,517,2124,1275,206,496,Declive (VI),right
202,2393,2312,1205,644,537,Gigantocellular reticular nucleus,right
202,417,2170,1278,180,507,Declive (VI),right
202,439,2717,1282,185,631,Declive (VI),left
205,412,2182,1277,179,509,Declive (VI),right
205,408,2308,1279,178,537,Declive (VI),right
205,414,2153,1277,180,503,Declive (VI),right
205,425,2103,1276,183,493,Declive (VI),right
205,439,2741,1281,185,636,Declive (VI),left
205,406,2244,1279,177,523,Declive (VI),right
205,414,2380,1280,179,553,Declive (VI),right
205,419,2402,1280,180,557,Declive (VI),right
205,422,2501,1281,180,580,Declive (VI),left
205,438,2095,1275,187,491,Declive (VI),right
205,497,2183,1276,200,509,Declive (VI),right
205,532,2737,1279,208,636,Declive (VI),left
205,549,1982,1271,216,465,Declive (VI),right
205,406,2234,1278,177,521,Declive (VI),right
205,438,2050,1274,187,481,Declive (VI),right
205,501,2633,1280,200,613,Declive (VI),left
205,532,2024,1272,210,475,Declive (VI),right
211,397,2255,1275,174,525,Declive (VI),right
211,407,2146,1273,177,502,Declive (VI),right
211,510,2491,1275,203,579,Declive (VI),left
211,521,2035,1269,207,478,Declive (VI),right
211,431,2038,1271,184,480,Declive (VI),right
211,462,1952,1269,192,461,Declive (VI),right
211,581,1919,1266,223,452,Declive (VI),right
211,427,2050,1271,182,482,Declive (VI),right
211,445,1996,1270,188,470,Declive (VI),right
211,497,2325,1274,199,541,Declive (VI),right
211,511,2716,1276,202,631,Declive (VI),left
211,403,2171,1274,177,507,Declive (VI),right
211,411,2274,1275,178,529,Declive (VI),right
211,495,2648,1277,198,616,Declive (VI),left
211,507,1867,1267,203,441,Declive (VI),right
211,531,1826,1267,209,432,Declive (VI),right
211,539,1990,1268,212,468,Declive (VI),right
211,578,1828,1266,222,432,Declive (VI),right
211,2596,2533,1197,690,584,Inferior olivary complex,left
206,421,2459,1280,180,571,Declive (VI),left
206,422,2523,1280,180,586,Declive (VI),left
206,421,2566,1281,179,595,Declive (VI),left
206,406,2213,1277,177,516,Declive (VI),right
206,419,2118,1275,182,496,Declive (VI),right
206,445,2774,1279,186,644,Declive (VI),left
206,489,2219,1275,199,517,Declive (VI),right
206,491,2200,1275,199,513,Declive (VI),right
206,529,2039,1272,210,479,Declive (VI),right
206,574,1944,1269,222,457,Declive (VI),right
206,405,2259,1278,177,526,Declive (VI),right
206,405,2288,1278,177,533,Declive (VI),right
206,406,2302,1278,177,535,Declive (VI),right
206,408,2324,1279,178,540,Declive (VI),right
206,408,2340,1279,178,544,Declive (VI),right
206,427,2204,1277,182,514,Declive (VI),right
206,427,2090,1275,183,490,Declive (VI),right
206,454,2811,1278,189,652,Declive (VI),left
206,472,1977,1272,195,465,Declive (VI),right
206,489,2268,1276,199,528,Declive (VI),right
206,493,2282,1276,200,530,Declive (VI),right
206,504,2362,1277,202,549,Declive (VI),right
206,526,2030,1272,209,476,Declive (VI),right
210,436,2028,1272,185,478,Declive (VI),right
210,468,2462,1277,193,571,Declive (VI),left
210,511,2078,1271,204,487,Declive (VI),right
210,510,2060,1271,204,483,Declive (VI),right
210,552,1966,1268,215,462,Declive (VI),right
210,403,2189,1275,177,511,Declive (VI),right
210,411,2256,1276,178,525,Declive (VI),right
210,414,2119,1274,180,496,Declive (VI),right
210,418,2324,1277,180,540,Declive (VI),right
210,446,2813,1277,186,653,Declive (VI),left
210,496,2175,1273,200,508,Declive (VI),right
210,498,2066,1271,202,484,Declive (VI),right
210,509,2703,1277,202,629,Declive (VI),left
210,575,1928,1267,222,454,Declive (VI),right
210,582,1929,1267,223,454,Declive (VI),right
210,2458,3208,1200,665,733,Linear nucleus of the medulla,left
210,2591,2528,1198,689,583,Inferior olivary complex,left
210,404,2171,1275,177,507,Declive (VI),right
210,492,1978,1270,199,466,Declive (VI),right
210,520,1892,1268,207,446,Declive (VI),right
210,533,1825,1267,210,432,Declive (VI),right
210,552,1804,1267,214,427,Declive (VI),right
210,913,3281,1256,309,762,Crus 2,left
210,1562,1283,1220,456,296,Paramedian lobule,right
210,2622,2665,1198,698,613,Inferior olivary complex,left
209,487,2258,1275,197,526,Declive (VI),right
209,505,2116,1273,203,495,Declive (VI),right
209,517,2050,1271,206,481,Declive (VI),right
209,532,2012,1270,210,472,Declive (VI),right
209,547,1986,1270,214,467,Declive (VI),right
209,570,1949,1268,221,459,Declive (VI),right
209,577,1946,1268,222,457,Declive (VI),right
209,2418,2738,1202,656,627,Gigantocellular reticular nucleus,left
209,404,2306,1277,177,536,Declive (VI),right
209,406,2174,1276,177,508,Declive (VI),right
209,410,2132,1275,179,498,Declive (VI),right
209,421,2705,1279,179,628,Declive (VI),left
209,425,2721,1279,180,631,Declive (VI),left
209,429,2097,1274,184,491,Declive (VI),right
209,498,2084,1272,202,488,Declive (VI),right
209,502,2145,1273,201,501,Declive (VI),right
209,2375,3128,1202,645,715,Linear nucleus of the medulla,left
209,2516,2040,1201,675,479,"Lateral reticular nucleus, magnocellular part",right
213,415,2698,1278,177,627,Declive (VI),left
213,418,2081,1272,181,488,Declive (VI),right
213,412,2524,1278,177,586,Declive (VI),left
213,420,2068,1272,181,486,Declive (VI),right
213,483,1904,1268,198,451,Declive (VI),right
213,397,2292,1276,174,533,Declive (VI),right
213,399,2309,1276,175,537,Declive (VI),right
213,543,1972,1268,214,464,Declive (VI),right
213,588,1895,1266,225,446,Declive (VI),right
213,399,2326,1276,175,540,Declive (VI),right
213,401,2342,1276,175,544,Declive (VI),right
213,404,2352,1276,176,546,Declive (VI),right
213,413,2447,1277,178,568,Declive (VI),right
213,412,2481,1277,177,576,Declive (VI),left
213,422,2058,1272,181,484,Declive (VI),right
213,444,1994,1270,188,470,Declive (VI),right
213,671,1744,1262,245,409,Crus 2,right
213,410,2108,1273,178,494,Declive (VI),right
213,411,2682,1278,176,622,Declive (VI),left
213,412,2503,1277,177,581,Declive (VI),left
213,446,2061,1271,187,484,Declive (VI),right
213,505,2088,1270,203,490,Declive (VI),right
213,516,2046,1269,205,480,Declive (VI),right
212,525,2008,1269,208,473,Declive (VI),right
212,421,2730,1277,179,634,Declive (VI),left
212,484,2222,1273,197,517,Declive (VI),right
212,566,1932,1267,219,455,Declive (VI),right
212,590,1917,1266,225,451,Declive (VI),right
212,431,2189,1274,183,511,Declive (VI),right
212,460,2229,1274,190,520,Declive (VI),right
212,483,2253,1273,197,525,Declive (VI),right
212,503,2454,1275,202,571,Declive (VI),left
212,567,1943,1267,219,458,Declive (VI),right
212,578,1909,1266,223,450,Declive (VI),right
212,412,2110,1273,178,494,Declive (VI),right
212,473,1925,1268,195,455,Declive (VI),right
212,474,1923,1268,195,455,Declive (VI),right
212,498,2414,1275,200,561,Declive (VI),right
216,419,2745,1275,178,637,Declive (VI),left
216,425,2775,1275,180,644,Declive (VI),left
216,482,2208,1271,195,515,Declive (VI),right
216,421,2345,1274,180,545,Declive (VI),right
216,427,2284,1273,181,532,Declive (VI),right
214,564,1616,1267,214,381,Crus 2,right
214,553,1794,1266,215,424,Declive (VI),right
214,569,1915,1266,220,451,Declive (VI),right
214,396,2202,1274,174,513,Declive (VI),right
214,399,2318,1275,175,539,Declive (VI),right
214,411,2536,1277,176,588,Declive (VI),left
214,412,2415,1276,177,561,Declive (VI),right
214,412,2458,1276,177,571,Declive (VI),left
214,412,2491,1276,177,578,Declive (VI),left
214,484,2275,1272,197,530,Declive (VI),right
214,488,1890,1267,199,447,Declive (VI),right
214,577,1887,1265,221,444,Declive (VI),right
214,578,1895,1265,222,447,Declive (VI),right
214,586,1886,1265,224,444,Declive (VI),right
214,606,1930,1265,229,454,Declive (VI),right
214,688,1756,1261,250,410,Crus 2,right
214,406,2384,1276,176,554,Declive (VI),right
214,409,2106,1272,178,493,Declive (VI),right
214,411,2505,1277,176,581,Declive (VI),left
214,425,2049,1271,182,482,Declive (VI),right
214,426,2767,1276,180,641,Declive (VI),left
214,432,2791,1276,181,647,Declive (VI),left
214,489,1917,1267,199,453,Declive (VI),right
214,498,1884,1267,201,446,Declive (VI),right
215,417,2722,1276,177,631,Declive (VI),left
215,549,2888,1270,212,670,Declive (VI),left
215,424,2119,1271,182,497,Declive (VI),right
215,427,2178,1272,181,509,Declive (VI),right
215,487,2307,1272,196,536,Declive (VI),right
215,571,1901,1265,220,448,Declive (VI),right
215,406,2226,1273,176,519,Declive (VI),right
215,425,2047,1270,182,481,Declive (VI),right
217,491,2171,1270,198,507,Declive (VI),right
217,515,2799,1273,203,650,Declive (VI),left
217,419,2062,1270,181,484,Declive (VI),right
217,482,2219,1271,195,518,Declive (VI),right
217,490,2631,1275,197,611,Declive (VI),left
217,498,2456,1273,200,571,Declive (VI),left
217,506,2524,1274,201,587,Declive (VI),left
217,531,2002,1267,209,471,Declive (VI),right
217,562,1908,1265,217,450,Declive (VI),right
217,569,1877,1264,219,442,Declive (VI),right
217,582,1869,1264,222,441,Declive (VI),right
217,1701,2463,1231,486,574,root,left
217,1706,2549,1230,486,592,root,left
217,390,2288,1274,172,533,Declive (VI),right
217,405,2483,1275,175,577,Declive (VI),left
217,407,2183,1272,176,510,Declive (VI),right
217,425,2044,1270,182,481,Declive (VI),right
217,434,2550,1276,183,592,Declive (VI),left
217,474,1908,1267,195,452,Declive (VI),right
217,500,1854,1266,201,439,Declive (VI),right
217,500,2608,1274,199,607,Declive (VI),left
217,509,1844,1265,203,437,Declive (VI),right
217,568,1892,1265,220,446,Declive (VI),right
217,610,1842,1263,230,433,Declive (VI),right
218,410,2086,1270,178,489,Declive (VI),right
218,494,2336,1271,199,543,Declive (VI),right
218,507,2578,1273,201,600,Declive (VI),left
218,512,2817,1272,201,653,Declive (VI),left
218,524,2831,1271,205,657,Declive (VI),left
218,408,2192,1272,177,511,Declive (VI),right
218,478,2238,1270,195,522,Declive (VI),right
218,489,1922,1266,198,454,Declive (VI),right
218,495,2142,1269,199,500,Declive (VI),right
218,508,1878,1265,204,445,Declive (VI),right
218,570,1869,1264,219,441,Declive (VI),right
218,608,1888,1263,230,445,Declive (VI),right
218,425,2043,1269,182,481,Declive (VI),right
218,456,2115,1269,189,495,Declive (VI),right
218,539,1964,1265,212,463,Declive (VI),right
218,678,1755,1260,247,411,Crus 2,right
224,503,1835,1262,201,435,Declive (VI),right
224,511,1922,1263,203,454,Declive (VI),right
224,652,1611,1258,237,378,Crus 2,right
224,383,2322,1271,170,540,Declive (VI),right
224,408,2072,1267,177,487,Declive (VI),right
224,415,2784,1271,176,645,Declive (VI),left
224,472,2218,1268,192,518,Declive (VI),right
224,520,2008,1264,206,473,Declive (VI),right
224,617,1877,1260,231,442,Declive (VI),right
220,387,2298,1272,170,535,Declive (VI),right
220,388,2311,1272,172,537,Declive (VI),right
220,409,2729,1274,175,633,Declive (VI),left
220,478,2261,1270,195,526,Declive (VI),right
220,556,1903,1263,215,450,Declive (VI),right
220,392,2258,1272,172,526,Declive (VI),right
220,476,2244,1270,193,523,Declive (VI),right
220,483,2201,1269,196,513,Declive (VI),right
220,610,1878,1262,230,443,Declive (VI),right
220,381,2261,1272,169,526,Declive (VI),right
220,405,2702,1274,174,626,Declive (VI),left
220,406,2705,1274,174,628,Declive (VI),left
220,408,2239,1271,177,522,Declive (VI),right
220,434,2516,1273,182,584,Declive (VI),left
220,514,2045,1266,205,480,Declive (VI),right
220,527,2000,1265,207,471,Declive (VI),right
221,396,2390,1273,173,555,Declive (VI),right
221,383,2278,1272,170,531,Declive (VI),right
221,399,2412,1273,174,560,Declive (VI),right
221,1701,2537,1229,485,589,root,left
221,400,2444,1273,174,568,Declive (VI),right
221,401,2495,1274,173,579,Declive (VI),left
221,483,2306,1270,196,536,Declive (VI),right
221,517,2036,1266,205,478,Declive (VI),right
221,400,2486,1274,173,577,Declive (VI),left
221,401,2531,1274,173,587,Declive (VI),left
221,503,2076,1267,202,487,Declive (VI),right
221,577,1851,1263,220,437,Declive (VI),right
221,404,2705,1274,174,628,Declive (VI),left
221,428,2411,1272,182,560,Declive (VI),right
221,495,2134,1268,199,499,Declive (VI),right
219,464,2431,1272,191,565,Declive (VI),right
219,490,2385,1271,197,554,Declive (VI),right
219,494,2462,1271,198,572,Declive (VI),left
219,582,1861,1263,222,439,Declive (VI),right
219,600,1867,1262,227,440,Declive (VI),right
219,389,2323,1272,172,541,Declive (VI),right
219,405,2217,1271,176,517,Declive (VI),right
219,407,2190,1271,176,511,Declive (VI),right
219,407,2704,1274,174,628,Declive (VI),left
219,411,2113,1270,178,496,Declive (VI),right
219,420,2341,1272,179,544,Declive (VI),right
219,430,2162,1270,182,505,Declive (VI),right
219,435,2324,1272,183,541,Declive (VI),right
219,564,1880,1263,218,444,Declive (VI),right
222,386,2323,1272,170,541,Declive (VI),right
222,401,2506,1273,173,581,Declive (VI),left
222,515,2804,1270,202,651,Declive (VI),left
222,388,2343,1272,171,545,Declive (VI),right
222,392,2369,1272,171,551,Declive (VI),right
222,400,2472,1272,173,573,Declive (VI),left
222,400,2517,1273,173,584,Declive (VI),left
222,407,2080,1268,176,489,Declive (VI),right
222,415,2765,1273,176,641,Declive (VI),left
222,558,1862,1262,216,440,Declive (VI),right
222,382,2239,1271,169,522,Declive (VI),right
222,383,2232,1271,170,520,Declive (VI),right
222,383,2254,1271,170,525,Declive (VI),right
222,385,2207,1270,171,515,Declive (VI),right
222,385,2215,1271,171,517,Declive (VI),right
222,400,2694,1273,173,625,Declive (VI),left
222,403,2705,1273,174,627,Declive (VI),left
222,404,2243,1271,175,523,Declive (VI),right
222,405,2720,1273,174,631,Declive (VI),left
222,419,2780,1272,178,645,Declive (VI),left
222,427,2808,1272,179,651,Declive (VI),left
222,482,2403,1270,194,559,Declive (VI),right
222,491,2147,1267,197,502,Declive (VI),right
222,523,2846,1269,205,660,Declive (VI),left
222,757,1079,1245,260,251,Crus 2,right
228,379,2325,1269,168,541,Declive (VI),right
228,397,2738,1270,171,635,Declive (VI),left
228,410,2029,1265,177,478,Declive (VI),right
228,502,2035,1263,200,479,Declive (VI),right
228,398,2168,1267,174,507,Declive (VI),right
228,562,1846,1260,215,437,Declive (VI),right
228,378,2192,1268,169,512,Declive (VI),right
228,422,2470,1269,178,573,Declive (VI),left
228,447,1940,1263,186,459,Declive (VI),right
228,476,2277,1266,192,530,Declive (VI),right
228,478,2174,1265,194,508,Declive (VI),right
228,532,2883,1266,205,668,Declive (VI),left
228,551,1733,1261,211,411,Crus 1,right
223,424,2450,1271,180,569,Declive (VI),right
223,481,2192,1267,194,511,Declive (VI),right
223,486,2168,1267,196,507,Declive (VI),right
223,552,1752,1262,212,414,Crus 1,right
223,384,2203,1270,170,515,Declive (VI),right
223,390,2156,1269,172,504,Declive (VI),right
223,400,2699,1272,172,626,Declive (VI),left
223,404,2719,1272,174,631,Declive (VI),left
223,418,2033,1266,180,479,Declive (VI),right
223,481,2212,1267,194,516,Declive (VI),right
223,485,2320,1268,195,540,Declive (VI),right
223,560,1732,1262,214,409,Crus 1,right
226,558,1720,1262,214,407,Crus 1,right
226,596,1844,1260,225,435,Declive (VI),right
226,386,2155,1268,170,504,Declive (VI),right
226,398,2722,1271,172,631,Declive (VI),left
226,405,2323,1269,175,541,Declive (VI),right
226,409,2769,1271,175,642,Declive (VI),left
226,477,2205,1266,193,515,Declive (VI),right
226,479,2303,1267,194,536,Declive (VI),right
226,492,2571,1269,196,597,Declive (VI),left
226,513,2829,1268,202,656,Declive (VI),left
226,518,1991,1263,205,469,Declive (VI),right
226,554,1898,1261,215,449,Declive (VI),right
226,2636,2619,1189,699,604,Inferior olivary complex,left
226,2653,2557,1188,703,589,Inferior olivary complex,left
226,379,2213,1269,169,517,Declive (VI),right
226,380,2319,1270,168,540,Declive (VI),right
226,394,2212,1269,173,516,Declive (VI),right
226,393,2703,1271,171,627,Declive (VI),left
226,401,2254,1269,174,525,Declive (VI),right
226,415,2305,1269,177,536,Declive (VI),right
226,414,2786,1271,176,645,Declive (VI),left
226,416,2467,1270,177,572,Declive (VI),left
226,417,2269,1269,177,529,Declive (VI),right
226,434,2313,1269,182,539,Declive (VI),right
226,454,1934,1263,188,458,Declive (VI),right
225,480,2165,1267,194,506,Declive (VI),right
225,484,2147,1266,196,502,Declive (VI),right
225,488,2133,1266,197,500,Declive (VI),right
225,496,1891,1263,199,448,Declive (VI),right
225,582,1841,1261,221,435,Declive (VI),right
225,583,1849,1261,222,437,Declive (VI),right
225,592,1852,1261,224,437,Declive (VI),right
225,683,1618,1256,246,380,Crus 2,right
225,844,1629,1246,287,378,Crus 2,right
225,381,2321,1271,169,540,Declive (VI),right
225,384,2172,1269,171,507,Declive (VI),right
225,389,2259,1270,171,526,Declive (VI),right
225,390,2384,1271,171,554,Declive (VI),right
225,393,2700,1272,171,626,Declive (VI),left
225,402,2162,1269,174,505,Declive (VI),right
225,411,2774,1272,175,643,Declive (VI),left
225,412,2039,1267,177,480,Declive (VI),right
225,424,2491,1271,180,578,Declive (VI),left
225,480,2280,1268,194,531,Declive (VI),right
225,484,2139,1266,196,501,Declive (VI),right
225,493,2561,1270,198,595,Declive (VI),left
225,497,2080,1265,199,488,Declive (VI),right
225,2648,2491,1188,701,575,Inferior olivary complex,left
227,510,2014,1262,202,475,Declive (VI),right
227,563,1856,1260,217,439,Declive (VI),right
227,406,2053,1265,175,484,Declive (VI),right
227,432,1992,1264,182,470,Declive (VI),right
227,554,1875,1260,214,443,Declive (VI),right
227,403,2750,1270,173,638,Declive (VI),left
227,475,2254,1266,192,525,Declive (VI),right
227,488,2123,1264,197,498,Declive (VI),right
227,490,2097,1264,197,491,Declive (VI),right
227,499,2054,1263,200,483,Declive (VI),right
227,497,2816,1268,196,653,Declive (VI),left
227,512,2808,1267,200,652,Declive (VI),left
227,554,1888,1260,214,447,Declive (VI),right
227,393,2704,1270,171,627,Declive (VI),left
227,396,2199,1268,172,514,Declive (VI),right
227,453,1932,1262,188,457,Declive (VI),right
227,485,2416,1267,195,561,Declive (VI),right
227,490,2684,1269,195,624,Declive (VI),left
227,491,2692,1269,195,625,Declive (VI),left
227,503,2027,1263,201,477,Declive (VI),right
229,389,2113,1267,172,496,Declive (VI),right
229,400,2066,1266,174,486,Declive (VI),right
229,380,2161,1267,169,505,Declive (VI),right
229,385,2376,1269,169,552,Declive (VI),right
229,516,1977,1262,204,466,Declive (VI),right
229,371,2274,1269,166,530,Declive (VI),right
229,375,2220,1268,167,518,Declive (VI),right
229,375,2246,1268,167,523,Declive (VI),right
229,388,2530,1270,170,587,Declive (VI),left
229,406,2043,1265,175,482,Declive (VI),right
229,415,2007,1264,178,473,Declive (VI),right
229,499,2044,1263,200,481,Declive (VI),right
229,584,1831,1259,222,432,Declive (VI),right
229,372,2264,1269,166,528,Declive (VI),right
229,385,2580,1270,169,598,Declive (VI),left
229,385,2563,1270,169,595,Declive (VI),left
229,389,2474,1270,170,574,Declive (VI),left
229,420,2339,1268,178,544,Declive (VI),right
229,451,1933,1263,187,458,Declive (VI),right
229,476,2271,1266,192,529,Declive (VI),right
229,478,2653,1269,193,617,Declive (VI),left
229,482,2326,1266,194,541,Declive (VI),right
229,484,2673,1269,194,621,Declive (VI),left
229,388,2520,1270,170,585,Declive (VI),left
229,391,2247,1268,171,523,Declive (VI),right
229,391,2450,1270,170,569,Declive (VI),right
229,398,2071,1266,174,487,Declive (VI),right
229,435,1957,1263,183,463,Declive (VI),right
229,475,2644,1269,192,614,Declive (VI),left
229,511,1984,1262,202,468,Declive (VI),right
229,513,1937,1261,204,457,Declive (VI),right
230,375,2200,1267,167,514,Declive (VI),right
230,418,1994,1263,179,471,Declive (VI),right
230,382,2589,1269,167,601,Declive (VI),left
230,387,2507,1269,169,581,Declive (VI),left
230,386,2699,1269,168,626,Declive (VI),left
230,400,2757,1269,172,639,Declive (VI),left
230,422,1985,1263,179,469,Declive (VI),right
230,442,1955,1262,184,463,Declive (VI),right
230,447,1927,1262,185,456,Declive (VI),right
230,481,2426,1266,193,563,Declive (VI),right
230,489,2552,1267,196,592,Declive (VI),left
230,524,1954,1260,206,462,Declive (VI),right
230,549,1731,1260,211,410,Crus 1,right
230,372,2255,1268,166,526,Declive (VI),right
230,387,2518,1269,169,584,Declive (VI),left
230,386,2537,1269,169,588,Declive (VI),left
230,388,2710,1269,169,628,Declive (VI),left
230,390,2448,1269,170,569,Declive (VI),right
230,410,2198,1266,176,514,Declive (VI),right
230,410,2793,1269,174,647,Declive (VI),left
230,413,2805,1269,176,650,Declive (VI),left
230,416,2232,1267,177,520,Declive (VI),right
230,417,2348,1268,177,546,Declive (VI),right
230,425,2304,1267,179,536,Declive (VI),right
230,429,2001,1263,182,472,Declive (VI),right
230,440,1936,1262,184,458,Declive (VI),right
230,443,2025,1263,185,477,Declive (VI),right
230,480,2133,1264,194,500,Declive (VI),right
230,544,1910,1259,211,452,Declive (VI),right
230,610,1844,1257,228,435,Declive (VI),right
235,521,1769,1258,203,421,Declive (VI),right
235,387,2080,1263,169,489,Declive (VI),right
235,426,1956,1260,179,463,Declive (VI),right
235,482,1841,1258,193,438,Declive (VI),right
235,502,2030,1259,199,478,Declive (VI),right
235,472,2272,1262,190,529,Declive (VI),right
235,379,2126,1264,168,498,Declive (VI),right
235,412,2044,1262,176,482,Declive (VI),right
235,467,2140,1262,189,501,Declive (VI),right
235,468,2300,1263,190,535,Declive (VI),right
235,470,2219,1262,190,518,Declive (VI),right
235,481,2107,1261,193,494,Declive (VI),right
235,543,1868,1257,211,443,Declive (VI),right
235,365,2289,1265,164,533,Declive (VI),right
235,365,2310,1265,164,538,Declive (VI),right
235,374,2383,1266,166,554,Declive (VI),right
235,379,2464,1266,167,572,Declive (VI),left
235,380,2438,1266,167,566,Declive (VI),right
235,380,2457,1266,167,570,Declive (VI),right
235,380,2465,1266,167,572,Declive (VI),left
235,441,2002,1261,183,472,Declive (VI),right
235,469,2291,1262,190,533,Declive (VI),right
235,472,2191,1262,190,512,Declive (VI),right
235,472,2207,1262,190,515,Declive (VI),right
235,475,2372,1263,191,551,Declive (VI),right
235,475,2612,1265,191,606,Declive (VI),left
235,484,2537,1264,194,589,Declive (VI),left
231,473,2264,1264,192,528,Declive (VI),right
231,476,2160,1263,192,505,Declive (VI),right
231,478,2145,1263,194,502,Declive (VI),right
231,495,2717,1266,196,630,Declive (VI),left
231,449,1916,1261,186,454,Declive (VI),right
231,407,2173,1265,175,509,Declive (VI),right
231,424,1978,1262,180,468,Declive (VI),right
231,434,2135,1264,182,500,Declive (VI),right
231,482,2134,1263,194,500,Declive (VI),right
233,489,2076,1262,196,487,Declive (VI),right
233,502,2769,1266,197,643,Declive (VI),left
233,395,2319,1267,172,540,Declive (VI),right
233,463,2144,1263,190,502,Declive (VI),right
233,473,2253,1264,192,526,Declive (VI),right
233,472,2445,1266,191,568,Declive (VI),right
233,475,2383,1265,192,554,Declive (VI),right
233,474,2316,1264,192,539,Declive (VI),right
233,477,2404,1265,192,559,Declive (VI),right
233,484,2120,1262,195,497,Declive (VI),right
233,493,2055,1261,198,483,Declive (VI),right
233,521,1952,1260,205,461,Declive (VI),right
233,543,1885,1258,211,446,Declive (VI),right
233,382,2503,1268,167,581,Declive (VI),left
233,391,2262,1266,170,527,Declive (VI),right
233,404,2243,1266,174,523,Declive (VI),right
233,417,2569,1268,176,596,Declive (VI),left
233,428,2710,1268,179,629,Declive (VI),left
233,472,2244,1264,191,523,Declive (VI),right
233,472,2235,1264,191,521,Declive (VI),right
233,478,2168,1263,194,507,Declive (VI),right
233,484,2527,1266,194,586,Declive (VI),left
233,506,1807,1259,200,429,Declive (VI),right
233,514,1958,1260,203,463,Declive (VI),right
233,733,1706,1251,260,399,Crus 2,right
236,536,1739,1258,206,413,Crus 1,right
236,380,2110,1263,168,495,Declive (VI),right
236,392,2061,1262,171,485,Declive (VI),right
236,433,1928,1260,182,458,Declive (VI),right
236,529,1753,1258,205,417,Declive (VI),right
236,373,2250,1265,166,525,Declive (VI),right
236,382,2204,1264,168,515,Declive (VI),right
236,404,2165,1264,174,507,Declive (VI),right
236,405,2177,1264,174,509,Declive (VI),right
236,410,2279,1264,175,531,Declive (VI),right
236,427,2108,1262,179,495,Declive (VI),right
236,477,2491,1264,191,578,Declive (VI),left
236,496,2048,1260,197,482,Declive (VI),right
236,499,2740,1264,197,636,Declive (VI),left
236,539,1900,1257,209,450,Declive (VI),right
236,580,1807,1256,219,427,Declive (VI),right
236,361,2282,1265,162,531,Declive (VI),right
236,373,2387,1266,166,554,Declive (VI),right
236,376,2132,1264,167,500,Declive (VI),right
236,375,2401,1266,166,557,Declive (VI),right
236,377,2531,1266,166,587,Declive (VI),left
236,380,2116,1263,168,496,Declive (VI),right
236,381,2313,1265,167,539,Declive (VI),right
236,380,2326,1265,167,541,Declive (VI),right
236,408,2217,1264,175,517,Declive (VI),right
236,451,1909,1259,186,453,Declive (VI),right
236,469,2408,1263,190,560,Declive (VI),right
236,478,2592,1264,193,601,Declive (VI),left
236,497,1984,1259,198,469,Declive (VI),right
236,520,1936,1258,204,458,Declive (VI),right
232,408,2126,1265,176,498,Declive (VI),right
232,473,2198,1264,192,514,Declive (VI),right
232,479,2124,1263,194,498,Declive (VI),right
232,458,1899,1260,189,451,Declive (VI),right
232,474,2307,1264,192,537,Declive (VI),right
234,530,1931,1258,207,456,Declive (VI),right
234,425,2141,1264,179,501,Declive (VI),right
234,429,1948,1261,181,462,Declive (VI),right
234,476,2133,1262,192,500,Declive (VI),right
234,491,2066,1261,196,485,Declive (VI),right
234,488,2691,1266,195,625,Declive (VI),left
234,504,1990,1260,200,470,Declive (VI),right
234,608,1836,1256,228,433,Declive (VI),right
234,363,2281,1266,164,531,Declive (VI),right
234,372,2173,1265,166,509,Declive (VI),right
234,375,2382,1266,166,553,Declive (VI),right
234,378,2143,1265,168,503,Declive (VI),right
234,383,2274,1266,169,530,Declive (VI),right
234,383,2335,1266,169,543,Declive (VI),right
234,390,2378,1266,170,553,Declive (VI),right
234,423,2270,1265,179,529,Declive (VI),right
234,475,2475,1265,192,575,Declive (VI),left
234,481,2550,1265,193,592,Declive (VI),left
234,620,1846,1255,231,435,Declive (VI),right
237,372,2389,1266,165,555,Declive (VI),right
237,366,2337,1265,163,543,Declive (VI),right
237,360,2275,1265,162,530,Declive (VI),right
237,360,2260,1265,163,527,Declive (VI),right
237,363,2315,1265,164,539,Declive (VI),right
237,368,2177,1264,165,509,Declive (VI),right
237,376,2419,1266,166,562,Declive (VI),right
237,377,2476,1266,166,574,Declive (VI),left
237,378,2429,1266,167,564,Declive (VI),right
237,440,1905,1259,183,452,Declive (VI),right
237,1716,1229,1199,493,295,Paraflocculus,right
237,374,2551,1266,166,591,Declive (VI),left
237,374,2407,1266,166,558,Declive (VI),right
237,377,2459,1266,166,571,Declive (VI),left
237,429,2022,1261,181,477,Declive (VI),right
237,468,2415,1263,190,561,Declive (VI),right
237,469,2241,1262,190,522,Declive (VI),right
237,485,2084,1260,195,490,Declive (VI),right
237,376,2512,1266,166,582,Declive (VI),left
237,376,2532,1266,166,587,Declive (VI),left
237,408,2166,1263,175,507,Declive (VI),right
237,416,2357,1265,176,547,Declive (VI),right
237,470,2312,1263,190,538,Declive (VI),right
237,472,2400,1263,190,558,Declive (VI),right
237,497,1985,1259,198,469,Declive (VI),right
237,606,1822,1255,226,430,Declive (VI),right
239,468,2175,1260,190,509,Declive (VI),right
239,357,2298,1263,161,536,Declive (VI),right
239,469,2187,1260,190,511,Declive (VI),right
239,361,2237,1263,162,522,Declive (VI),right
239,370,2134,1262,165,501,Declive (VI),right
239,474,2149,1259,191,503,Declive (VI),right
239,489,2741,1262,194,636,Declive (VI),left
238,362,2224,1264,162,519,Declive (VI),right
238,367,2358,1265,163,548,Declive (VI),right
238,371,2152,1263,165,504,Declive (VI),right
238,372,2144,1263,165,503,Declive (VI),right
238,374,2699,1266,165,626,Declive (VI),left
238,374,2562,1265,165,593,Declive (VI),left
238,382,2730,1266,166,632,Declive (VI),left
238,385,2316,1264,168,539,Declive (VI),right
238,427,2093,1261,179,492,Declive (VI),right
238,479,2118,1260,193,497,Declive (VI),right
238,552,1639,1258,208,389,Crus 1,right
238,361,2234,1264,162,522,Declive (VI),right
238,360,2251,1264,162,525,Declive (VI),right
238,363,2209,1264,164,516,Declive (VI),right
238,375,2507,1265,165,581,Declive (VI),left
238,375,2520,1265,165,584,Declive (VI),left
238,375,2531,1265,165,587,Declive (VI),left
238,392,2047,1261,170,482,Declive (VI),right
238,403,2019,1261,174,477,Declive (VI),right
238,424,1942,1259,179,460,Declive (VI),right
238,462,2441,1263,187,567,Declive (VI),right
238,468,2199,1261,190,514,Declive (VI),right
238,468,2250,1261,190,525,Declive (VI),right
238,468,2230,1261,190,520,Declive (VI),right
238,479,2095,1260,193,492,Declive (VI),right
238,504,1977,1258,200,467,Declive (VI),right
238,521,1761,1257,202,418,Declive (VI),right
242,531,1717,1256,203,408,Crus 1,right
242,463,2206,1259,188,515,Declive (VI),right
242,462,2216,1260,187,517,Declive (VI),right
242,462,2276,1260,187,530,Declive (VI),right
242,467,2406,1260,188,559,Declive (VI),right
242,467,2151,1259,188,504,Declive (VI),right
242,465,2445,1261,188,568,Declive (VI),right
242,468,2334,1260,189,543,Declive (VI),right
242,482,2722,1262,191,631,Declive (VI),left
242,498,1989,1256,198,470,Declive (VI),right
242,351,2276,1263,159,530,Declive (VI),right
242,364,2148,1261,164,504,Declive (VI),right
242,367,2243,1262,163,524,Declive (VI),right
242,375,2733,1264,164,633,Declive (VI),left
242,404,2287,1262,173,532,Declive (VI),right
242,426,2017,1259,179,476,Declive (VI),right
242,445,2115,1259,184,496,Declive (VI),right
242,451,2680,1263,184,622,Declive (VI),left
242,457,2236,1260,186,522,Declive (VI),right
242,461,2395,1261,187,557,Declive (VI),right
242,462,2252,1260,187,525,Declive (VI),right
242,466,2324,1260,188,541,Declive (VI),right
242,469,2574,1261,189,598,Declive (VI),left
242,472,2115,1258,190,496,Declive (VI),right
242,476,2105,1258,191,494,Declive (VI),right
242,475,2491,1261,191,578,Declive (VI),left
242,486,1975,1257,194,467,Declive (VI),right
242,495,1792,1256,196,426,Declive (VI),right
242,502,1872,1255,198,444,Declive (VI),right
242,548,1597,1257,206,378,Crus 1,right
240,539,1890,1255,209,448,Declive (VI),right
240,433,1921,1258,181,456,Declive (VI),right
240,476,2500,1262,191,580,Declive (VI),left
240,423,1944,1258,179,461,Declive (VI),right
240,452,2040,1259,185,481,Declive (VI),right
240,467,2196,1260,189,513,Declive (VI),right
240,515,1956,1256,202,462,Declive (VI),right
245,483,2074,1257,194,488,Declive (VI),right
245,348,2266,1262,159,528,Declive (VI),right
245,351,2301,1262,159,536,Declive (VI),right
245,352,2318,1262,159,540,Declive (VI),right
245,384,2045,1259,168,482,Declive (VI),right
245,434,1895,1256,181,451,Declive (VI),right
245,461,2193,1258,187,513,Declive (VI),right
245,475,1830,1255,191,436,Declive (VI),right
245,516,1740,1255,200,414,Crus 1,right
245,348,2291,1262,159,533,Declive (VI),right
245,362,2398,1262,161,557,Declive (VI),right
245,376,2083,1260,166,491,Declive (VI),right
245,384,2785,1263,166,645,Declive (VI),left
245,464,2157,1258,188,505,Declive (VI),right
245,491,1801,1255,194,429,Declive (VI),right
245,513,1946,1254,202,460,Declive (VI),right
245,369,2734,1263,163,633,Declive (VI),left
245,382,2288,1261,166,533,Declive (VI),right
245,407,1976,1258,173,468,Declive (VI),right
245,412,2033,1258,175,480,Declive (VI),right
245,429,2013,1258,180,476,Declive (VI),right
245,454,2030,1257,186,479,Declive (VI),right
245,460,2315,1259,187,539,Declive (VI),right
245,461,2338,1259,187,544,Declive (VI),right
245,462,2685,1261,186,623,Declive (VI),left
245,487,1886,1255,194,448,Declive (VI),right
245,491,1994,1256,195,471,Declive (VI),right
245,555,1550,1256,206,366,Crus 1,right
241,410,2275,1263,175,530,Declive (VI),right
241,462,2184,1260,187,511,Declive (VI),right
241,467,2345,1261,188,545,Declive (VI),right
241,468,2164,1260,190,507,Declive (VI),right
241,473,2688,1263,190,624,Declive (VI),left
241,493,2034,1258,197,479,Declive (VI),right
241,492,2782,1262,193,645,Declive (VI),left
241,494,2010,1257,197,474,Declive (VI),right
241,508,1971,1257,201,466,Declive (VI),right
241,513,1764,1256,201,420,Declive (VI),right
241,352,2277,1263,160,530,Declive (VI),right
241,357,2323,1264,161,541,Declive (VI),right
241,368,2702,1265,163,626,Declive (VI),left
241,383,2533,1264,168,588,Declive (VI),left
241,389,2040,1260,170,481,Declive (VI),right
241,416,2206,1262,176,515,Declive (VI),right
241,416,2541,1264,176,589,Declive (VI),left
241,422,2032,1260,178,479,Declive (VI),right
241,430,2007,1259,180,474,Declive (VI),right
241,434,2122,1261,181,497,Declive (VI),right
241,452,1937,1258,185,459,Declive (VI),right
241,461,2284,1261,187,532,Declive (VI),right
241,463,2621,1263,188,608,Declive (VI),left
241,467,2602,1263,188,603,Declive (VI),left
241,468,2316,1261,190,539,Declive (VI),right
241,482,1827,1256,192,434,Declive (VI),right
241,545,1638,1258,206,389,Crus 1,right
241,604,1402,1253,218,327,Crus 2,right
243,488,2046,1256,195,482,Declive (VI),right
243,359,2187,1261,162,511,Declive (VI),right
243,465,2370,1259,188,551,Declive (VI),right
243,365,2704,1263,162,626,Declive (VI),left
243,401,1997,1258,172,472,Declive (VI),right
243,464,2357,1259,188,548,Declive (VI),right
243,464,2665,1261,187,618,Declive (VI),left
243,471,2125,1258,190,498,Declive (VI),right
243,489,1813,1255,194,432,Declive (VI),right
243,526,1726,1255,202,410,Crus 1,right
243,382,2065,1259,167,486,Declive (VI),right
243,395,2187,1260,171,511,Declive (VI),right
243,432,2068,1258,180,487,Declive (VI),right
243,474,2115,1257,191,496,Declive (VI),right
243,482,2741,1261,190,636,Declive (VI),left
243,545,1670,1256,206,396,Crus 1,right
243,552,1589,1256,206,376,Crus 1,right
243,813,1656,1241,278,386,Crus 2,right
244,390,2031,1259,170,479,Declive (VI),right
244,416,1955,1257,176,463,Declive (VI),right
244,479,2087,1257,192,490,Declive (VI),right
244,543,1653,1256,206,393,Crus 1,right
244,360,2355,1262,161,547,Declive (VI),right
244,458,2263,1259,187,528,Declive (VI),right
244,361,2562,1263,161,593,Declive (VI),left
244,382,2060,1259,167,485,Declive (VI),right
244,456,1984,1257,186,469,Declive (VI),right
244,464,2674,1261,187,621,Declive (VI),left
244,477,2098,1257,191,493,Declive (VI),right
244,485,1817,1255,193,432,Declive (VI),right
244,486,2058,1256,194,485,Declive (VI),right
244,489,2039,1256,195,481,Declive (VI),right
244,391,2244,1261,169,524,Declive (VI),right
244,396,2271,1261,170,529,Declive (VI),right
244,401,2106,1260,172,495,Declive (VI),right
244,414,1994,1258,176,472,Declive (VI),right
244,420,2014,1258,177,476,Declive (VI),right
244,432,2069,1258,180,487,Declive (VI),right
244,461,2327,1259,187,541,Declive (VI),right
244,460,2291,1259,187,533,Declive (VI),right
244,486,2761,1261,192,640,Declive (VI),left
244,544,1668,1256,206,396,Crus 1,right
244,552,1570,1256,205,371,Crus 1,right
248,497,1772,1253,194,422,Declive (VI),right
248,479,2752,1259,190,638,Declive (VI),left
248,485,2062,1255,193,485,Declive (VI),right
248,367,2180,1259,163,510,Declive (VI),right
248,429,2280,1258,179,531,Declive (VI),right
248,448,1861,1254,184,443,Declive (VI),right
248,644,1826,1248,235,431,Crus 1,right
246,423,1919,1256,178,456,Declive (VI),right
246,518,1729,1254,200,412,Crus 1,right
246,350,2231,1261,159,521,Declive (VI),right
246,352,2333,1261,159,543,Declive (VI),right
246,359,2386,1261,161,554,Declive (VI),right
246,361,2708,1262,160,628,Declive (VI),left
246,363,2509,1261,162,582,Declive (VI),left
246,395,2011,1258,171,475,Declive (VI),right
246,398,1998,1257,172,473,Declive (VI),right
246,530,1703,1255,203,406,Crus 1,right
246,359,2563,1262,161,594,Declive (VI),left
246,360,2554,1262,161,592,Declive (VI),left
246,362,2407,1261,161,558,Declive (VI),right
246,406,1976,1257,173,468,Declive (VI),right
246,407,2288,1260,173,533,Declive (VI),right
246,407,1973,1257,173,468,Declive (VI),right
246,419,2181,1259,177,510,Declive (VI),right
246,440,2066,1257,182,486,Declive (VI),right
246,457,2387,1259,185,554,Declive (VI),right
247,466,2141,1256,188,502,Declive (VI),right
247,475,2735,1259,189,634,Declive (VI),left
247,564,1510,1254,208,356,Crus 1,right
247,361,2501,1260,161,580,Declive (VI),left
247,454,2268,1257,185,529,Declive (VI),right
247,441,1879,1254,181,448,Declive (VI),right
247,460,2387,1257,186,554,Declive (VI),right
249,508,1746,1254,198,416,Declive (VI),right
249,448,2244,1257,184,524,Declive (VI),right
249,455,2306,1257,185,537,Declive (VI),right
249,456,2216,1257,185,517,Declive (VI),right
249,472,2110,1256,189,495,Declive (VI),right
249,492,2009,1254,195,475,Declive (VI),right
249,573,1483,1253,210,349,Crus 1,right
249,347,2193,1259,158,514,Declive (VI),right
249,377,2230,1259,165,521,Declive (VI),right
249,385,2209,1259,167,516,Declive (VI),right
249,447,1861,1254,183,443,Declive (VI),right
249,450,2232,1257,184,521,Declive (VI),right
249,454,2429,1258,185,564,Declive (VI),right
249,479,1904,1253,192,452,Declive (VI),right
249,491,1953,1254,195,463,Declive (VI),right
249,507,1944,1253,199,461,Declive (VI),right
249,516,1926,1253,201,456,Declive (VI),right
249,524,1908,1252,204,453,Declive (VI),right
249,576,1474,1253,210,347,Crus 1,right
249,581,1461,1253,211,343,Crus 1,right
250,469,2122,1255,189,498,Declive (VI),right
250,477,2099,1254,190,493,Declive (VI),right
250,512,1936,1252,200,459,Declive (VI),right
250,351,2385,1259,158,554,Declive (VI),right
250,451,2290,1256,183,533,Declive (VI),right
250,463,2490,1257,187,578,Declive (VI),left
250,468,2131,1255,189,500,Declive (VI),right
250,467,2706,1258,186,627,Declive (VI),left
250,479,2777,1258,189,643,Declive (VI),left
250,482,2763,1258,189,641,Declive (VI),left
250,350,2166,1258,159,507,Declive (VI),right
250,381,2179,1258,166,510,Declive (VI),right
250,390,2719,1260,167,630,Declive (VI),left
250,394,2220,1258,170,519,Declive (VI),right
250,411,2061,1256,174,485,Declive (VI),right
250,430,2300,1257,178,536,Declive (VI),right
250,441,2422,1257,181,562,Declive (VI),right
250,450,2416,1257,183,561,Declive (VI),right
250,459,1837,1253,186,438,Declive (VI),right
250,465,1828,1253,187,436,Declive (VI),right
250,466,2152,1255,187,504,Declive (VI),right
250,471,2720,1258,187,631,Declive (VI),left
250,492,1976,1253,194,467,Declive (VI),right
250,504,1753,1253,196,418,Declive (VI),right
250,546,1562,1254,203,369,Crus 1,right
250,570,1491,1253,208,351,Crus 1,right
250,578,1464,1252,211,344,Crus 1,right
250,684,1556,1245,242,366,Crus 2,right
251,476,1804,1252,189,431,Declive (VI),right
251,453,2335,1255,184,543,Declive (VI),right
251,462,2160,1255,186,506,Declive (VI),right
251,345,2192,1258,157,513,Declive (VI),right
251,409,2044,1255,174,482,Declive (VI),right
251,423,1909,1253,177,454,Declive (VI),right
251,460,2536,1256,186,588,Declive (VI),left
251,488,2801,1257,191,649,Declive (VI),left
251,340,2264,1258,156,528,Declive (VI),right
251,343,2212,1258,157,517,Declive (VI),right
251,349,2160,1257,159,506,Declive (VI),right
251,355,2510,1259,159,582,Declive (VI),left
251,372,2206,1258,163,516,Declive (VI),right
251,389,2259,1257,168,527,Declive (VI),right
251,411,2014,1255,174,476,Declive (VI),right
251,421,2162,1256,176,506,Declive (VI),right
251,451,2236,1255,183,522,Declive (VI),right
251,533,1657,1253,202,394,Crus 1,right
251,656,1817,1246,238,429,Crus 1,right
251,724,1353,1238,249,315,Crus 2,right
252,338,2301,1258,156,536,Declive (VI),right
252,355,2116,1257,160,497,Declive (VI),right
252,453,2191,1255,185,512,Declive (VI),right
252,342,2224,1258,156,520,Declive (VI),right
252,432,1885,1253,178,449,Declive (VI),right
252,451,2359,1256,183,549,Declive (VI),right
252,449,2393,1256,183,556,Declive (VI),right
252,483,2052,1253,193,483,Declive (VI),right
252,488,2017,1252,194,476,Declive (VI),right
252,338,2292,1258,156,534,Declive (VI),right
252,374,2062,1256,165,486,Declive (VI),right
252,458,2550,1256,186,592,Declive (VI),left
252,486,2031,1253,193,479,Declive (VI),right
253,457,1834,1252,184,438,Declive (VI),right
253,366,2080,1256,162,490,Declive (VI),right
253,576,1451,1251,209,340,Crus 1,right
253,340,2202,1258,156,515,Declive (VI),right
253,346,2164,1258,157,507,Declive (VI),right
253,352,2511,1259,158,582,Declive (VI),left
253,517,1714,1252,198,409,Crus 1,right
253,338,2317,1258,156,539,Declive (VI),right
253,340,2332,1258,156,542,Declive (VI),right
253,352,2714,1260,157,628,Declive (VI),left
253,352,2464,1258,158,572,Declive (VI),left
253,363,2092,1257,162,492,Declive (VI),right
253,410,1951,1254,173,463,Declive (VI),right
253,445,2275,1256,182,530,Declive (VI),right
253,445,2290,1256,182,534,Declive (VI),right
253,452,2310,1256,183,538,Declive (VI),right
253,585,1437,1250,211,336,Crus 1,right
253,339,2222,1258,156,519,Declive (VI),right
253,340,2223,1258,156,520,Declive (VI),right
253,353,2484,1258,159,576,Declive (VI),left
253,360,2100,1257,161,494,Declive (VI),right
253,446,2226,1255,182,520,Declive (VI),right
253,482,2064,1253,191,486,Declive (VI),right
253,559,1493,1252,205,352,Crus 1,right
253,570,1462,1251,208,343,Crus 1,right
254,350,2136,1256,158,501,Declive (VI),right
254,481,1787,1251,190,426,Declive (VI),right
254,352,2449,1257,158,568,Declive (VI),right
254,564,1475,1251,206,347,Crus 1,right
254,336,2270,1257,154,529,Declive (VI),right
254,336,2279,1257,154,532,Declive (VI),right
254,338,2219,1257,156,519,Declive (VI),right
254,347,2395,1257,156,556,Declive (VI),right
254,369,2066,1255,163,487,Declive (VI),right
254,453,2403,1255,184,559,Declive (VI),right
254,466,2122,1253,187,498,Declive (VI),right
254,590,1421,1249,212,333,Crus 1,right
254,641,1303,1243,224,303,Crus 2,right
254,336,2317,1257,154,539,Declive (VI),right
254,338,2230,1257,156,521,Declive (VI),right
254,341,2188,1257,156,513,Declive (VI),right
254,348,2406,1257,158,558,Declive (VI),right
254,350,2427,1257,158,563,Declive (VI),right
254,351,2436,1257,158,565,Declive (VI),right
254,351,2482,1258,158,575,Declive (VI),left
254,359,2098,1256,161,494,Declive (VI),right
254,364,2228,1257,162,521,Declive (VI),right
254,497,1755,1251,193,419,Declive (VI),right
254,502,2907,1255,194,671,Declive (VI),left
254,529,1696,1252,201,404,Crus 1,right
254,595,1413,1248,214,331,Crus 1,right
255,412,1927,1252,173,458,Declive (VI),right
255,427,1889,1251,176,450,Declive (VI),right
255,334,2274,1256,154,531,Declive (VI),right
255,430,1882,1251,178,448,Declive (VI),right
255,516,1703,1251,197,407,Crus 1,right
259,416,1903,1250,173,454,Declive (VI),right
259,424,1885,1249,176,449,Declive (VI),right
259,480,2033,1249,190,480,Declive (VI),right
259,437,2214,1252,178,518,Declive (VI),right
259,440,2250,1252,180,525,Declive (VI),right
259,484,1766,1249,190,422,Declive (VI),right
259,333,2201,1254,154,515,Declive (VI),right
259,335,2171,1254,154,509,Declive (VI),right
259,375,2029,1252,164,480,Declive (VI),right
259,396,1971,1251,169,467,Declive (VI),right
259,424,1977,1251,176,468,Declive (VI),right
259,458,1967,1250,185,466,Declive (VI),right
259,460,2093,1251,185,493,Declive (VI),right
259,583,1406,1246,210,329,Crus 1,right
258,331,2274,1256,153,531,Declive (VI),right
258,445,2202,1253,181,515,Declive (VI),right
258,459,2136,1252,185,501,Declive (VI),right
258,475,2058,1251,189,485,Declive (VI),right
258,601,1389,1246,214,325,Crus 1,right
258,448,2705,1255,182,627,Declive (VI),left
258,459,2114,1252,185,497,Declive (VI),right
258,513,1891,1248,200,449,Declive (VI),right
258,568,1434,1248,206,337,Crus 1,right
258,737,1318,1234,250,306,Crus 2,right
258,343,2397,1256,156,556,Declive (VI),right
258,349,2729,1257,157,632,Declive (VI),left
258,442,2283,1253,180,533,Declive (VI),right
258,442,2696,1255,179,625,Declive (VI),left
258,443,2323,1253,181,541,Declive (VI),right
258,461,1915,1250,185,455,Declive (VI),right
258,469,2771,1254,186,642,Declive (VI),left
258,478,1943,1250,191,461,Declive (VI),right
258,587,1404,1247,210,329,Crus 1,right
257,402,1996,1253,170,472,Declive (VI),right
257,446,2192,1253,182,512,Declive (VI),right
257,447,2213,1254,181,518,Declive (VI),right
257,450,2173,1253,183,509,Declive (VI),right
257,495,1970,1250,195,467,Declive (VI),right
257,366,2058,1255,162,486,Declive (VI),right
257,372,2044,1254,163,483,Declive (VI),right
257,396,2337,1256,169,543,Declive (VI),right
257,440,2260,1254,180,527,Declive (VI),right
257,441,2283,1254,180,532,Declive (VI),right
257,442,2332,1254,180,542,Declive (VI),right
257,444,2599,1255,182,603,Declive (VI),left
257,445,2587,1255,182,599,Declive (VI),left
257,447,2233,1254,181,522,Declive (VI),right
257,454,2548,1254,184,591,Declive (VI),left
257,457,2153,1253,184,505,Declive (VI),right
257,459,2724,1255,184,632,Declive (VI),left
257,465,2105,1252,187,495,Declive (VI),right
257,488,1982,1250,193,469,Declive (VI),right
257,493,1956,1250,195,463,Declive (VI),right
257,510,1936,1249,199,459,Declive (VI),right
257,548,1486,1251,202,350,Crus 1,right
257,549,1484,1251,202,350,Crus 1,right
257,552,1475,1251,202,348,Crus 1,right
257,580,1417,1248,209,332,Crus 1,right
257,592,1401,1248,212,328,Crus 1,right
256,453,1907,1251,184,453,Declive (VI),right
256,501,2882,1254,193,666,Declive (VI),left
272,527,1517,1245,193,359,Crus 1,right
272,597,1345,1239,210,314,Crus 1,right
272,330,2107,1249,151,496,Declive (VI),right
272,333,2095,1249,153,494,Declive (VI),right
272,430,2512,1247,176,582,Declive (VI),left
272,589,1352,1239,209,315,Crus 1,right
272,385,1941,1246,164,462,Declive (VI),right
272,389,1931,1246,166,460,Declive (VI),right
272,420,2199,1247,173,515,Declive (VI),right
272,495,1939,1243,193,461,Declive (VI),right
272,500,1700,1244,190,407,Crus 1,right
260,354,2082,1253,159,490,Declive (VI),right
260,368,2045,1253,163,483,Declive (VI),right
260,465,1808,1248,185,432,Declive (VI),right
260,604,1373,1244,215,321,Crus 1,right
260,449,1837,1249,182,438,Declive (VI),right
260,956,2175,1230,308,511,Declive (VI),right
260,341,2396,1255,155,556,Declive (VI),right
260,474,1783,1248,188,427,Declive (VI),right
260,476,2042,1250,189,481,Declive (VI),right
260,499,1727,1249,193,412,Crus 1,right
260,517,1914,1247,200,455,Declive (VI),right
260,328,2274,1255,152,531,Declive (VI),right
260,332,2200,1254,153,515,Declive (VI),right
260,372,2181,1254,162,511,Declive (VI),right
260,436,2044,1251,179,483,Declive (VI),right
260,439,2277,1252,180,530,Declive (VI),right
260,438,2303,1252,180,537,Declive (VI),right
260,440,2182,1252,180,510,Declive (VI),right
260,484,2008,1249,192,475,Declive (VI),right
260,569,1427,1247,206,334,Crus 1,right
260,599,1380,1245,214,322,Crus 1,right
261,434,1861,1249,178,444,Declive (VI),right
261,580,1405,1246,208,329,Crus 1,right
261,511,1704,1249,195,407,Crus 1,right
261,332,2183,1254,153,512,Declive (VI),right
261,340,2130,1254,155,501,Declive (VI),right
261,375,2019,1252,164,478,Declive (VI),right
261,470,1791,1249,186,428,Declive (VI),right
261,328,2301,1255,152,536,Declive (VI),right
261,328,2232,1255,153,521,Declive (VI),right
261,334,2574,1255,153,596,Declive (VI),left
261,337,2143,1254,154,504,Declive (VI),right
261,340,2716,1256,154,628,Declive (VI),left
261,343,2729,1256,155,632,Declive (VI),left
261,454,1823,1249,183,436,Declive (VI),right
261,331,2198,1254,153,515,Declive (VI),right
261,333,2168,1254,154,509,Declive (VI),right
261,336,2705,1256,153,626,Declive (VI),left
261,360,2059,1253,160,486,Declive (VI),right
297,385,1864,1235,161,447,Declive (VI),right
297,372,2279,1237,158,532,Declive (VI),right
297,379,2338,1237,160,545,Declive (VI),right
297,381,2362,1237,160,549,Declive (VI),right
297,458,1931,1233,180,460,Declive (VI),right
297,481,1676,1234,180,402,Crus 1,right
297,493,1615,1234,183,387,Crus 1,right
297,735,1592,1222,248,375,Crus 1,right
297,280,2262,1240,136,528,Declive (VI),right
297,318,2032,1238,146,481,Declive (VI),right
297,344,1955,1237,152,466,Declive (VI),right
297,349,1980,1237,153,471,Declive (VI),right
297,370,2290,1237,158,534,Declive (VI),right
297,375,2172,1237,159,509,Declive (VI),right
297,399,2078,1236,165,491,Declive (VI),right
297,405,2069,1236,167,489,Declive (VI),right
297,409,1810,1234,166,435,Declive (VI),right
297,414,1969,1235,169,469,Declive (VI),right
297,453,1942,1233,179,462,Declive (VI),right
297,460,1920,1233,180,458,Declive (VI),right
297,568,1320,1228,200,310,Crus 1,right
297,580,1305,1227,202,305,Crus 1,right
297,658,1503,1226,227,355,Crus 1,right
297,679,1527,1225,233,360,Crus 1,right
297,786,1094,1211,254,252,Crus 2,right
262,489,1745,1248,190,417,Declive (VI),right
262,325,2274,1254,151,531,Declive (VI),right
262,328,2214,1254,152,518,Declive (VI),right
262,329,2332,1254,152,542,Declive (VI),right
262,334,2157,1253,154,506,Declive (VI),right
262,338,2390,1254,154,555,Declive (VI),right
262,339,2403,1254,154,558,Declive (VI),right
262,383,2000,1251,166,474,Declive (VI),right
262,325,2263,1254,151,529,Declive (VI),right
262,327,2321,1254,151,540,Declive (VI),right
262,331,2343,1254,152,546,Declive (VI),right
262,333,2167,1253,154,508,Declive (VI),right
262,337,2502,1254,153,579,Declive (VI),left
262,343,2111,1253,156,496,Declive (VI),right
262,370,2028,1252,162,480,Declive (VI),right
262,448,2511,1251,182,582,Declive (VI),left
262,481,1998,1248,190,473,Declive (VI),right
262,609,1361,1243,216,317,Crus 1,right
263,406,1916,1248,170,456,Declive (VI),right
268,331,2131,1251,152,501,Declive (VI),right
268,349,2061,1250,157,486,Declive (VI),right
268,452,1804,1245,180,432,Declive (VI),right
268,586,1377,1242,208,322,Crus 1,right
268,339,2090,1250,154,493,Declive (VI),right
268,412,2250,1249,171,525,Declive (VI),right
268,316,2281,1251,148,532,Declive (VI),right
268,318,2222,1251,149,519,Declive (VI),right
268,319,2338,1251,149,545,Declive (VI),right
268,329,2417,1251,151,561,Declive (VI),right
268,335,2110,1250,153,497,Declive (VI),right
268,394,2225,1250,167,520,Declive (VI),right
268,423,2256,1249,175,526,Declive (VI),right
268,425,2283,1249,175,533,Declive (VI),right
268,439,2172,1248,179,509,Declive (VI),right
268,607,1339,1240,213,312,Crus 1,right
268,616,1327,1239,216,308,Crus 1,right
265,385,2195,1252,166,514,Declive (VI),right
265,425,2217,1251,175,518,Declive (VI),right
265,426,2465,1251,176,572,Declive (VI),left
265,437,2396,1250,178,556,Declive (VI),right
265,450,1820,1247,181,435,Declive (VI),right
265,699,1776,1239,247,419,Crus 1,right
265,331,2387,1253,152,554,Declive (VI),right
265,338,2113,1252,155,498,Declive (VI),right
265,349,2069,1252,157,488,Declive (VI),right
265,357,2257,1253,158,526,Declive (VI),right
265,422,2208,1251,174,517,Declive (VI),right
265,429,2234,1250,177,522,Declive (VI),right
265,428,2273,1251,177,530,Declive (VI),right
265,435,2502,1251,178,580,Declive (VI),left
265,448,2714,1252,181,629,Declive (VI),left
265,462,2779,1252,182,644,Declive (VI),left
265,463,1790,1247,184,428,Declive (VI),right
265,470,2061,1248,187,486,Declive (VI),right
265,473,2041,1248,188,482,Declive (VI),right
265,479,1966,1247,190,466,Declive (VI),right
265,506,1703,1248,193,407,Crus 1,right
265,596,1360,1243,211,317,Crus 1,right
265,603,1355,1242,214,316,Crus 1,right
265,613,1341,1241,217,312,Crus 1,right
265,629,1322,1240,220,307,Crus 2,right
264,416,2109,1251,173,496,Declive (VI),right
264,459,2768,1252,183,641,Declive (VI),left
266,427,2223,1250,175,520,Declive (VI),right
266,383,2063,1250,165,487,Declive (VI),right
266,430,2306,1250,176,537,Declive (VI),right
266,437,2542,1250,178,589,Declive (VI),left
266,439,2485,1249,179,576,Declive (VI),left
266,466,1783,1246,184,427,Declive (VI),right
266,659,1491,1240,232,350,Crus 2,right
266,337,2111,1251,153,497,Declive (VI),right
266,356,2043,1250,158,483,Declive (VI),right
266,365,2017,1250,161,477,Declive (VI),right
266,420,1901,1247,174,453,Declive (VI),right
266,681,1761,1240,242,416,Crus 1,right
266,1467,1939,1210,422,453,Nodulus (X),right
267,484,1960,1245,191,465,Declive (VI),right
267,426,2200,1249,175,515,Declive (VI),right
267,428,2189,1248,176,513,Declive (VI),right
267,438,2159,1248,179,506,Declive (VI),right
267,494,1939,1245,193,461,Declive (VI),right
267,611,1337,1240,215,311,Crus 1,right
267,317,2281,1251,148,532,Declive (VI),right
267,336,2111,1250,153,497,Declive (VI),right
267,380,2414,1250,164,561,Declive (VI),right
267,392,2234,1250,166,522,Declive (VI),right
267,449,1815,1245,180,434,Declive (VI),right
267,462,2790,1250,182,646,Declive (VI),left
267,515,1651,1247,194,394,Crus 1,right
267,991,2180,1226,315,513,Declive (VI),right
269,320,2187,1251,149,512,Declive (VI),right
269,322,2169,1251,149,509,Declive (VI),right
269,325,2154,1251,151,506,Declive (VI),right
269,317,2212,1251,148,517,Declive (VI),right
269,340,2082,1250,154,491,Declive (VI),right
269,485,1732,1246,188,414,Declive (VI),right
269,315,2281,1251,148,532,Declive (VI),right
269,318,2202,1251,149,515,Declive (VI),right
269,323,2587,1251,150,598,Declive (VI),left
269,326,2389,1251,150,555,Declive (VI),right
269,332,2116,1250,152,498,Declive (VI),right
269,335,2102,1250,153,495,Declive (VI),right
269,358,2191,1251,159,513,Declive (VI),right
269,474,1758,1245,186,421,Declive (VI),right
270,342,2071,1249,154,489,Declive (VI),right
270,442,2134,1247,179,501,Declive (VI),right
270,313,2271,1250,148,530,Declive (VI),right
270,316,2222,1250,148,520,Declive (VI),right
270,316,2316,1250,147,539,Declive (VI),right
270,498,1712,1245,191,409,Crus 1,right
270,501,1704,1245,191,408,Crus 1,right
270,314,2279,1250,148,532,Declive (VI),right
270,314,2297,1250,148,535,Declive (VI),right
270,314,2329,1250,147,542,Declive (VI),right
270,318,2195,1250,149,514,Declive (VI),right
270,317,2204,1250,148,516,Declive (VI),right
270,321,2587,1251,149,598,Declive (VI),left
270,326,2495,1250,150,578,Declive (VI),left
270,333,2101,1249,153,495,Declive (VI),right
270,350,2043,1249,156,483,Declive (VI),right
270,431,2166,1247,176,508,Declive (VI),right
270,459,1787,1244,182,427,Declive (VI),right
270,462,1782,1244,182,426,Declive (VI),right
270,467,1768,1245,183,424,Declive (VI),right
270,473,1758,1245,186,421,Declive (VI),right
270,479,1743,1245,187,418,Declive (VI),right
270,573,1391,1242,206,326,Crus 1,right
271,353,2028,1248,157,480,Declive (VI),right
271,415,2231,1247,172,521,Declive (VI),right
271,337,2082,1248,153,491,Declive (VI),right
276,339,2055,1246,153,486,Declive (VI),right
276,377,1951,1245,162,464,Declive (VI),right
276,409,2197,1246,170,514,Declive (VI),right
276,314,2164,1247,147,508,Declive (VI),right
276,317,2147,1247,147,504,Declive (VI),right
276,439,1816,1242,177,435,Declive (VI),right
276,409,2297,1246,170,535,Declive (VI),right
276,410,2222,1246,170,519,Declive (VI),right
276,423,2508,1245,175,582,Declive (VI),left
276,677,1698,1236,238,403,Crus 1,right
276,308,2325,1248,146,542,Declive (VI),right
276,309,2200,1248,146,516,Declive (VI),right
276,378,1986,1245,163,471,Declive (VI),right
276,383,1936,1244,164,461,Declive (VI),right
276,432,2092,1244,175,492,Declive (VI),right
276,473,1982,1242,187,470,Declive (VI),right
273,411,2246,1247,171,524,Declive (VI),right
273,432,2527,1247,176,585,Declive (VI),left
273,443,2774,1248,178,642,Declive (VI),left
273,451,2064,1245,181,487,Declive (VI),right
273,449,2088,1245,181,492,Declive (VI),right
273,462,2046,1245,183,483,Declive (VI),right
273,565,1390,1241,202,326,Crus 1,right
273,671,1719,1238,238,407,Crus 1,right
273,681,1730,1237,240,409,Crus 1,right
273,1347,1992,1212,394,464,Uvula (IX),right
273,312,2219,1249,146,520,Declive (VI),right
273,326,2117,1249,150,498,Declive (VI),right
273,354,2023,1248,157,479,Declive (VI),right
273,356,2294,1249,157,535,Declive (VI),right
273,385,1938,1246,164,462,Declive (VI),right
273,413,1922,1245,172,457,Declive (VI),right
273,418,2267,1247,173,528,Declive (VI),right
273,421,2311,1247,173,538,Declive (VI),right
273,426,2173,1247,174,510,Declive (VI),right
273,438,2136,1246,178,501,Declive (VI),right
273,463,2059,1245,185,486,Declive (VI),right
273,466,2005,1244,185,475,Declive (VI),right
273,465,2016,1244,185,477,Declive (VI),right
273,477,1968,1244,187,467,Declive (VI),right
273,482,1960,1243,189,465,Declive (VI),right
273,495,1710,1244,189,409,Crus 1,right
273,500,1699,1244,190,407,Crus 1,right
273,666,1709,1238,236,405,Crus 1,right
274,424,2141,1246,174,503,Declive (VI),right
274,411,2230,1247,170,521,Declive (VI),right
274,414,2278,1246,172,532,Declive (VI),right
274,414,2681,1247,171,620,Declive (VI),left
274,420,2299,1246,173,536,Declive (VI),right
274,422,2382,1246,173,553,Declive (VI),right
274,424,2157,1246,174,506,Declive (VI),right
274,437,2099,1245,177,494,Declive (VI),right
274,449,2785,1247,179,644,Declive (VI),left
274,509,1674,1244,192,400,Crus 1,right
274,315,2174,1248,148,510,Declive (VI),right
274,336,2075,1247,152,490,Declive (VI),right
274,352,2022,1247,156,478,Declive (VI),right
274,423,2339,1246,174,544,Declive (VI),right
274,486,1938,1242,190,461,Declive (VI),right
274,2628,2522,1164,692,581,Inferior olivary complex,left
277,364,1980,1245,159,470,Declive (VI),right
277,415,1860,1243,171,445,Declive (VI),right
277,423,1843,1242,173,442,Declive (VI),right
277,310,2187,1248,146,513,Declive (VI),right
277,327,2095,1247,150,494,Declive (VI),right
277,333,2075,1247,152,490,Declive (VI),right
277,346,2027,1246,155,480,Declive (VI),right
277,454,1779,1242,180,427,Declive (VI),right
277,463,1755,1242,182,421,Declive (VI),right
277,580,1355,1238,206,317,Crus 1,right
277,406,2232,1246,169,521,Declive (VI),right
277,424,2125,1245,174,500,Declive (VI),right
277,443,2077,1244,179,489,Declive (VI),right
277,447,2067,1244,179,487,Declive (VI),right
277,447,1795,1242,178,430,Declive (VI),right
277,458,1768,1242,181,424,Declive (VI),right
277,1340,1620,1204,388,369,Copula pyramidis,right
277,307,2325,1248,144,542,Declive (VI),right
277,311,2178,1248,146,512,Declive (VI),right
277,321,2119,1247,149,499,Declive (VI),right
277,403,2251,1246,169,525,Declive (VI),right
275,313,2176,1247,147,510,Declive (VI),right
275,417,1974,1244,172,469,Declive (VI),right
275,429,2039,1244,175,482,Declive (VI),right
275,481,1721,1242,185,412,Declive (VI),right
275,595,1340,1237,209,313,Crus 1,right
275,683,1715,1235,241,406,Crus 1,right
278,307,2212,1247,145,518,Declive (VI),right
278,318,2130,1246,148,501,Declive (VI),right
278,321,2110,1246,148,497,Declive (VI),right
278,443,1801,1241,177,431,Declive (VI),right
278,306,2323,1247,144,542,Declive (VI),right
278,307,2200,1247,145,516,Declive (VI),right
278,310,2177,1247,146,511,Declive (VI),right
278,320,2118,1246,148,499,Declive (VI),right
278,329,2081,1246,151,491,Declive (VI),right
278,330,2080,1246,151,491,Declive (VI),right
278,350,2017,1245,155,478,Declive (VI),right
278,419,2138,1244,173,503,Declive (VI),right
278,466,1989,1242,184,472,Declive (VI),right
278,504,1642,1242,189,392,Crus 1,right
278,587,1344,1237,207,314,Crus 1,right
279,423,2115,1243,174,498,Declive (VI),right
279,411,1863,1241,169,446,Declive (VI),right
280,588,2125,1233,216,500,Declive (VI),right
280,414,2168,1243,171,509,Declive (VI),right
280,412,2179,1244,170,511,Declive (VI),right
280,350,2138,1245,155,503,Declive (VI),right
280,386,1914,1242,163,457,Declive (VI),right
280,409,1863,1241,169,446,Declive (VI),right
280,452,1773,1240,178,426,Declive (VI),right
280,502,1676,1241,188,401,Crus 1,right
281,394,2251,1244,166,526,Declive (VI),right
281,399,2258,1244,167,528,Declive (VI),right
281,408,2426,1243,170,563,Declive (VI),right
281,411,2159,1244,170,507,Declive (VI),right
281,419,2151,1243,172,505,Declive (VI),right
281,437,2074,1242,176,489,Declive (VI),right
281,444,2089,1242,179,492,Declive (VI),right
281,629,1578,1237,222,374,Crus 1,right
281,683,1692,1233,240,400,Crus 1,right
281,331,2060,1245,151,487,Declive (VI),right
281,379,1952,1243,162,464,Declive (VI),right
281,396,2275,1244,166,531,Declive (VI),right
281,399,2209,1244,167,517,Declive (VI),right
281,404,2680,1245,168,620,Declive (VI),left
281,411,2322,1244,170,540,Declive (VI),right
281,411,2534,1243,171,587,Declive (VI),left
281,413,2445,1243,171,567,Declive (VI),right
281,422,2087,1243,172,491,Declive (VI),right
281,451,1771,1240,178,425,Declive (VI),right
281,454,2042,1241,181,482,Declive (VI),right
283,333,2044,1243,151,484,Declive (VI),right
283,396,2241,1242,165,523,Declive (VI),right
283,437,2062,1240,176,486,Declive (VI),right
283,450,2027,1240,179,479,Declive (VI),right
283,619,1286,1231,214,299,Crus 1,right
283,400,2193,1242,167,514,Declive (VI),right
283,402,2307,1242,167,537,Declive (VI),right
283,409,2150,1242,169,505,Declive (VI),right
283,409,2439,1241,170,566,Declive (VI),right
283,410,2128,1242,169,501,Declive (VI),right
283,463,2854,1242,181,659,Declive (VI),left
283,474,1954,1238,186,465,Declive (VI),right
283,484,1902,1237,188,453,Declive (VI),right
283,595,1316,1233,208,307,Crus 1,right
283,316,2330,1244,146,543,Declive (VI),right
283,350,2291,1244,154,534,Declive (VI),right
283,362,1963,1242,157,467,Declive (VI),right
283,392,2174,1242,164,510,Declive (VI),right
283,395,2289,1242,165,534,Declive (VI),right
283,407,2457,1241,168,569,Declive (VI),right
283,408,2713,1243,169,628,Declive (VI),left
283,415,2511,1241,171,582,Declive (VI),left
283,416,2487,1241,171,576,Declive (VI),left
283,449,2821,1243,177,651,Declive (VI),left
283,481,1927,1238,187,458,Declive (VI),right
283,522,1472,1239,189,349,Crus 1,right
283,606,1300,1232,210,303,Crus 1,right
283,645,1603,1234,226,380,Crus 1,right
283,649,1266,1228,222,293,Crus 1,right
282,399,2221,1243,167,519,Declive (VI),right
282,404,2278,1243,168,532,Declive (VI),right
282,409,2367,1242,169,550,Declive (VI),right
282,413,2417,1242,171,561,Declive (VI),right
282,471,1983,1239,185,471,Declive (VI),right
282,581,1337,1235,205,312,Crus 1,right
282,672,1662,1233,235,393,Crus 1,right
282,326,2328,1245,149,543,Declive (VI),right
282,346,2412,1244,153,559,Declive (VI),right
282,355,2037,1243,156,482,Declive (VI),right
282,389,2046,1243,165,483,Declive (VI),right
282,415,2497,1242,171,578,Declive (VI),left
282,447,1928,1240,178,460,Declive (VI),right
282,598,1314,1233,210,307,Crus 1,right
282,676,1673,1233,236,397,Crus 1,right
284,442,1780,1239,175,427,Declive (VI),right
284,399,2164,1242,167,508,Declive (VI),right
284,394,2208,1242,165,517,Declive (VI),right
284,674,1654,1232,236,392,Crus 1,right
284,340,2022,1243,152,479,Declive (VI),right
284,377,1922,1241,160,458,Declive (VI),right
284,410,2530,1241,170,586,Declive (VI),left
284,469,1964,1238,184,467,Declive (VI),right
284,480,1926,1238,187,458,Declive (VI),right
329,516,1390,1213,183,333,Crus 1,right
329,325,2293,1224,143,535,Declive (VI),right
329,331,2167,1224,144,509,Declive (VI),right
329,334,2137,1224,146,503,Declive (VI),right
329,356,2052,1222,151,486,Declive (VI),right
329,355,2076,1223,151,491,Declive (VI),right
329,376,1984,1221,156,473,Declive (VI),right
329,652,1642,1211,219,390,Crus 1,right
329,262,2127,1226,128,501,Declive (VI),right
329,267,2207,1226,129,517,Declive (VI),right
329,271,2343,1226,130,546,Declive (VI),right
329,272,2130,1226,130,502,Declive (VI),right
329,321,2223,1224,142,521,Declive (VI),right
329,332,2338,1224,144,544,Declive (VI),right
329,335,2348,1223,145,546,Declive (VI),right
329,339,1952,1222,147,466,Declive (VI),right
329,363,2027,1222,153,481,Declive (VI),right
329,364,1811,1221,151,436,Declive (VI),right
329,559,1275,1210,194,302,Crus 1,right
329,673,1129,1203,222,263,Crus 1,right
329,688,1265,1205,227,295,Crus 1,right
329,717,1095,1200,232,254,Crus 1,right
329,808,969,1195,256,223,Crus 2,right
329,965,2171,1200,300,510,Lobules IV-V,right
285,405,2139,1242,168,503,Declive (VI),right
285,295,2313,1244,141,540,Declive (VI),right
285,308,2140,1244,145,504,Declive (VI),right
285,310,2121,1244,145,499,Declive (VI),right
285,316,2096,1244,147,494,Declive (VI),right
285,320,2078,1243,148,491,Declive (VI),right
285,390,2263,1242,164,529,Declive (VI),right
285,391,2200,1242,164,515,Declive (VI),right
285,391,2218,1242,164,519,Declive (VI),right
285,407,2389,1242,168,555,Declive (VI),right
285,588,1319,1233,207,308,Crus 1,right
285,700,1672,1230,243,395,Crus 1,right
285,311,2115,1244,145,498,Declive (VI),right
285,389,2255,1242,164,527,Declive (VI),right
285,392,2189,1242,164,513,Declive (VI),right
285,400,2331,1242,167,542,Declive (VI),right
285,428,2080,1241,174,491,Declive (VI),right
285,679,1648,1232,237,391,Crus 1,right
291,599,1300,1228,208,303,Crus 1,right
291,379,1897,1237,160,453,Declive (VI),right
291,379,2218,1239,161,520,Declive (VI),right
291,383,2298,1239,162,536,Declive (VI),right
291,388,2327,1238,163,541,Declive (VI),right
291,405,2101,1238,167,495,Declive (VI),right
291,691,1602,1227,237,378,Crus 1,right
291,296,2158,1241,141,508,Declive (VI),right
291,301,2125,1240,142,501,Declive (VI),right
291,343,2131,1240,153,501,Declive (VI),right
291,345,2371,1240,152,551,Declive (VI),right
291,361,1935,1238,156,462,Declive (VI),right
291,362,2022,1239,156,479,Declive (VI),right
291,381,2244,1239,161,525,Declive (VI),right
291,381,2206,1239,161,516,Declive (VI),right
291,384,1978,1238,162,471,Declive (VI),right
291,387,1881,1237,161,450,Declive (VI),right
291,396,2726,1240,164,630,Declive (VI),left
291,398,2379,1238,166,553,Declive (VI),right
291,412,2068,1238,168,489,Declive (VI),right
291,420,2035,1237,171,482,Declive (VI),right
291,426,2014,1237,172,478,Declive (VI),right
291,428,2030,1237,173,481,Declive (VI),right
291,676,1559,1228,232,368,Crus 1,right
286,305,2150,1243,144,506,Declive (VI),right
286,323,2063,1242,149,488,Declive (VI),right
286,599,1306,1231,209,304,Crus 1,right
286,299,2191,1243,143,514,Declive (VI),right
286,300,2182,1243,143,512,Declive (VI),right
286,300,2171,1243,143,510,Declive (VI),right
286,486,1690,1238,184,405,Crus 1,right
286,718,1679,1228,248,397,Crus 1,right
286,763,1907,1223,260,451,Declive (VI),right
286,296,2225,1244,141,521,Declive (VI),right
286,296,2214,1243,141,519,Declive (VI),right
286,296,2338,1244,141,545,Declive (VI),right
286,302,2547,1243,142,589,Declive (VI),left
286,302,2158,1243,143,508,Declive (VI),right
286,306,2140,1243,144,504,Declive (VI),right
286,312,2106,1243,145,496,Declive (VI),right
286,317,2086,1243,146,492,Declive (VI),right
286,329,2040,1242,150,483,Declive (VI),right
286,338,2015,1242,152,478,Declive (VI),right
286,347,2374,1243,153,552,Declive (VI),right
286,401,2349,1241,166,547,Declive (VI),right
286,423,2092,1240,173,493,Declive (VI),right
286,427,2069,1240,173,489,Declive (VI),right
286,491,1681,1238,185,403,Crus 1,right
286,612,1287,1230,211,299,Crus 1,right
286,646,1262,1227,220,292,Crus 1,right
286,660,1604,1232,230,380,Crus 1,right
287,396,2180,1240,165,511,Declive (VI),right
287,458,1901,1236,181,454,Declive (VI),right
287,310,2108,1242,145,497,Declive (VI),right
287,318,2071,1242,147,489,Declive (VI),right
288,393,2308,1240,165,538,Declive (VI),right
288,404,2498,1239,168,579,Declive (VI),left
288,696,1147,1220,233,265,Crus 2,right
288,317,2072,1242,146,489,Declive (VI),right
288,398,2334,1240,166,543,Declive (VI),right
288,399,2148,1240,166,505,Declive (VI),right
289,384,2229,1241,163,522,Declive (VI),right
289,386,2221,1241,163,519,Declive (VI),right
289,389,2198,1241,164,515,Declive (VI),right
289,389,2186,1241,164,512,Declive (VI),right
289,396,2387,1240,165,554,Declive (VI),right
289,404,2373,1240,167,552,Declive (VI),right
289,406,2507,1239,168,580,Declive (VI),left
289,442,2005,1238,176,475,Declive (VI),right
289,451,1981,1237,179,470,Declive (VI),right
289,461,1961,1237,181,466,Declive (VI),right
289,473,1935,1236,185,461,Declive (VI),right
289,688,1627,1229,238,385,Crus 1,right
289,698,1637,1228,241,387,Crus 1,right
289,716,1654,1228,246,391,Crus 1,right
289,318,2063,1242,147,488,Declive (VI),right
289,342,1988,1241,152,473,Declive (VI),right
289,344,2129,1242,153,501,Declive (VI),right
289,357,1951,1240,155,465,Declive (VI),right
289,358,1950,1240,156,465,Declive (VI),right
289,359,1947,1240,156,463,Declive (VI),right
289,364,1934,1239,157,461,Declive (VI),right
289,365,1931,1239,157,460,Declive (VI),right
289,370,1997,1240,159,474,Declive (VI),right
289,386,1888,1238,162,452,Declive (VI),right
289,394,2318,1240,165,540,Declive (VI),right
289,401,2127,1240,166,500,Declive (VI),right
289,401,2070,1240,166,489,Declive (VI),right
289,402,2112,1240,166,497,Declive (VI),right
289,401,2516,1239,167,583,Declive (VI),left
289,410,1838,1237,168,441,Declive (VI),right
289,453,2871,1241,178,662,Declive (VI),left
289,456,1969,1237,180,468,Declive (VI),right
289,615,1286,1229,212,299,Crus 1,right
290,396,2368,1239,165,551,Declive (VI),right
290,414,2085,1239,170,492,Declive (VI),right
290,426,2048,1238,172,485,Declive (VI),right
290,446,1992,1237,177,472,Declive (VI),right
290,497,1613,1237,184,387,Crus 1,right
290,394,2572,1239,166,595,Declive (VI),left
290,680,1590,1228,235,376,Crus 1,right
290,364,1989,1239,158,473,Declive (VI),right
290,365,2009,1239,158,477,Declive (VI),right
290,382,2183,1240,161,512,Declive (VI),right
290,386,2307,1240,162,537,Declive (VI),right
290,388,1881,1237,163,450,Declive (VI),right
290,412,2007,1238,169,476,Declive (VI),right
290,971,2181,1216,307,513,Declive (VI),right
292,423,1798,1235,170,432,Declive (VI),right
292,304,2105,1240,143,497,Declive (VI),right
292,388,2136,1239,163,502,Declive (VI),right
292,288,2311,1241,139,539,Declive (VI),right
292,393,2355,1238,164,548,Declive (VI),right
292,422,2023,1237,171,480,Declive (VI),right
292,443,1978,1236,177,470,Declive (VI),right
292,353,1995,1239,155,474,Declive (VI),right
292,395,1865,1236,164,447,Declive (VI),right
292,399,1979,1237,166,471,Declive (VI),right
292,399,2517,1237,167,582,Declive (VI),left
292,453,1924,1235,180,459,Declive (VI),right
292,587,1314,1229,204,308,Crus 1,right
293,478,1695,1235,182,407,Simple lobule,right
293,296,2142,1241,141,504,Declive (VI),right
293,311,2075,1240,144,490,Declive (VI),right
293,314,2063,1240,146,488,Declive (VI),right
293,326,2026,1239,148,480,Declive (VI),right
293,487,1673,1236,182,402,Crus 1,right
293,633,1261,1225,217,293,Crus 1,right
293,289,2206,1241,139,517,Declive (VI),right
293,297,2127,1241,141,501,Declive (VI),right
293,318,2046,1240,147,484,Declive (VI),right
293,322,2035,1240,147,482,Declive (VI),right
293,387,1874,1237,161,449,Declive (VI),right
293,394,1860,1236,164,446,Declive (VI),right
293,414,1820,1236,168,437,Declive (VI),right
293,417,2052,1237,170,485,Declive (VI),right
293,427,1787,1235,170,429,Declive (VI),right
293,449,1970,1236,178,468,Declive (VI),right
293,719,1610,1225,245,380,Crus 1,right
293,286,2301,1241,138,537,Declive (VI),right
293,290,2202,1241,139,516,Declive (VI),right
293,291,2181,1241,139,512,Declive (VI),right
293,316,2051,1240,146,485,Declive (VI),right
293,353,1996,1239,155,474,Declive (VI),right
293,386,2347,1239,162,546,Declive (VI),right
293,691,1566,1227,237,369,Crus 1,right
296,496,1665,1233,184,400,Crus 1,right
296,379,2183,1237,160,512,Declive (VI),right
296,401,2089,1236,165,493,Declive (VI),right
296,390,2393,1236,163,556,Declive (VI),right
296,401,2752,1238,164,635,Declive (VI),left
296,404,2056,1236,167,486,Declive (VI),right
296,429,1769,1234,170,426,Declive (VI),right
296,440,1746,1234,172,420,Declive (VI),right
296,667,1524,1226,229,360,Crus 1,right
296,684,1543,1225,234,365,Crus 1,right
294,617,1275,1226,212,297,Crus 1,right
294,290,2188,1240,139,514,Declive (VI),right
294,391,2117,1238,163,498,Declive (VI),right
294,428,2009,1236,173,477,Declive (VI),right
294,438,1993,1235,176,474,Declive (VI),right
294,285,2301,1240,138,537,Declive (VI),right
294,289,2201,1240,139,516,Declive (VI),right
294,290,2177,1240,139,511,Declive (VI),right
294,293,2158,1240,140,508,Declive (VI),right
294,352,2008,1238,154,477,Declive (VI),right
294,389,2128,1238,163,501,Declive (VI),right
294,390,1970,1237,163,469,Declive (VI),right
294,392,2529,1237,164,586,Declive (VI),left
294,690,1544,1225,236,364,Crus 1,right
295,428,2823,1238,171,652,Declive (VI),left
295,421,1789,1234,168,430,Declive (VI),right
300,285,2151,1237,137,506,Declive (VI),right
300,288,2131,1237,139,502,Declive (VI),right
300,560,1326,1226,197,311,Crus 1,right
300,582,1296,1225,202,303,Crus 1,right
300,609,1264,1223,209,295,Crus 1,right
300,599,1274,1224,207,298,Crus 1,right
300,363,2291,1236,156,534,Declive (VI),right
300,364,2198,1236,156,516,Declive (VI),right
300,1397,2265,1196,405,528,Nodulus (X),right
298,303,2075,1237,143,491,Declive (VI),right
298,368,2223,1236,158,521,Declive (VI),right
298,370,2257,1236,158,527,Declive (VI),right
298,388,2100,1236,163,495,Declive (VI),right
298,409,2031,1235,168,481,Declive (VI),right
298,443,1958,1233,176,467,Declive (VI),right
298,658,1222,1220,222,283,Crus 1,right
298,278,2251,1239,136,526,Declive (VI),right
298,285,2171,1238,138,510,Declive (VI),right
298,293,2112,1238,140,498,Declive (VI),right
298,296,2105,1238,140,497,Declive (VI),right
298,343,1955,1236,152,466,Declive (VI),right
298,372,2312,1236,158,538,Declive (VI),right
298,376,2329,1236,159,542,Declive (VI),right
298,444,1734,1233,173,418,Declive (VI),right
299,366,2233,1236,156,523,Declive (VI),right
299,370,2207,1236,157,517,Declive (VI),right
299,429,1975,1233,172,470,Declive (VI),right
299,665,1210,1218,223,281,Crus 1,right
299,278,2264,1238,136,529,Declive (VI),right
299,325,1992,1236,147,473,Declive (VI),right
299,368,2270,1235,157,530,Declive (VI),right
299,379,2355,1235,160,548,Declive (VI),right
299,379,2125,1235,160,500,Declive (VI),right
299,393,2085,1235,164,492,Declive (VI),right
299,404,1814,1232,164,436,Declive (VI),right
299,405,1812,1232,164,435,Declive (VI),right
299,407,1807,1232,164,434,Declive (VI),right
299,433,1964,1232,174,468,Declive (VI),right
301,302,2063,1237,141,489,Declive (VI),right
301,276,2251,1238,135,526,Declive (VI),right
301,275,2264,1238,135,529,Declive (VI),right
301,291,2113,1237,139,499,Declive (VI),right
301,329,1985,1235,148,472,Declive (VI),right
301,669,1203,1218,225,279,Crus 1,right
301,275,2272,1238,135,531,Declive (VI),right
301,278,2206,1238,136,517,Declive (VI),right
301,299,2076,1237,141,491,Declive (VI),right
301,307,2040,1236,142,484,Declive (VI),right
301,450,1925,1231,177,459,Declive (VI),right
301,451,1898,1231,177,454,Declive (VI),right
301,656,1212,1219,221,281,Crus 1,right
301,277,2235,1238,135,523,Declive (VI),right
301,293,2100,1237,140,496,Declive (VI),right
301,358,2309,1236,155,538,Declive (VI),right
301,378,2373,1235,160,552,Declive (VI),right
301,401,2039,1234,165,483,Declive (VI),right
301,596,1277,1224,206,298,Crus 1,right
301,616,1256,1222,211,292,Crus 1,right
301,617,1255,1222,211,292,Crus 1,right
301,670,1490,1223,229,351,Crus 1,right
301,669,2271,1218,233,530,Lobules IV-V,right
302,276,2339,1237,134,545,Declive (VI),right
302,280,2180,1237,136,512,Declive (VI),right
302,279,2197,1237,136,515,Declive (VI),right
302,361,2268,1235,155,530,Declive (VI),right
302,274,2304,1237,134,538,Declive (VI),right
302,275,2319,1237,134,541,Declive (VI),right
302,276,2222,1237,135,520,Declive (VI),right
302,281,2162,1237,136,508,Declive (VI),right
302,290,2109,1236,138,498,Declive (VI),right
302,292,2101,1236,139,496,Declive (VI),right
302,294,2091,1236,140,494,Declive (VI),right
302,320,1992,1235,145,473,Declive (VI),right
302,367,2333,1235,156,543,Declive (VI),right
302,569,1311,1225,199,308,Crus 1,right
302,594,1278,1223,205,299,Crus 1,right
302,595,1277,1223,205,298,Crus 1,right
302,596,1275,1223,205,298,Crus 1,right
302,597,1274,1223,205,298,Crus 1,right
302,663,1203,1217,223,279,Crus 1,right
303,281,2172,1236,136,510,Declive (VI),right
303,302,2053,1235,141,487,Declive (VI),right
308,618,1248,1218,211,292,Crus 1,right
308,375,1852,1230,156,444,Declive (VI),right
308,284,2115,1234,137,499,Declive (VI),right
308,301,2042,1233,140,484,Declive (VI),right
308,351,2020,1232,152,479,Declive (VI),right
308,427,1945,1229,170,464,Declive (VI),right
308,920,2081,1208,291,491,Lobules IV-V,right
305,425,1976,1231,171,470,Declive (VI),right
305,365,2286,1234,156,533,Declive (VI),right
305,364,2321,1234,156,540,Declive (VI),right
305,366,2335,1234,156,543,Declive (VI),right
305,367,1923,1232,156,460,Declive (VI),right
305,369,2356,1233,157,548,Declive (VI),right
305,397,2023,1232,163,480,Declive (VI),right
305,397,2062,1233,163,487,Declive (VI),right
305,669,1435,1220,228,337,Crus 1,right
305,701,1486,1219,236,349,Crus 1,right
305,334,1950,1233,148,465,Declive (VI),right
305,347,2198,1234,151,516,Declive (VI),right
305,356,2264,1234,153,529,Declive (VI),right
305,357,2225,1234,153,521,Declive (VI),right
305,364,1883,1232,155,452,Declive (VI),right
305,365,2153,1234,156,507,Declive (VI),right
305,366,2344,1234,156,546,Declive (VI),right
305,374,1959,1232,158,467,Declive (VI),right
305,394,2040,1232,163,483,Declive (VI),right
305,438,1947,1230,174,464,Declive (VI),right
305,453,1700,1230,173,409,Simple lobule,right
305,488,1660,1230,181,399,Crus 1,right
305,497,1654,1230,182,398,Crus 1,right
305,602,1273,1222,206,298,Crus 1,right
305,614,1259,1221,210,294,Crus 1,right
305,629,1332,1221,215,311,Crus 1,right
305,635,1356,1221,217,317,Crus 1,right
305,650,1404,1221,222,330,Crus 1,right
305,673,1448,1220,229,341,Crus 1,right
304,361,2209,1234,155,518,Declive (VI),right
304,365,1883,1232,155,452,Declive (VI),right
304,465,1681,1230,175,404,Simple lobule,right
304,505,1446,1228,183,344,Crus 1,right
307,393,2050,1231,163,485,Declive (VI),right
307,715,1143,1210,235,265,Crus 2,right
307,343,2099,1232,151,496,Declive (VI),right
307,405,2012,1230,165,477,Declive (VI),right
307,681,1451,1218,230,341,Crus 1,right
307,278,2170,1234,135,510,Declive (VI),right
307,285,2115,1234,137,499,Declive (VI),right
307,297,2060,1233,139,488,Declive (VI),right
307,380,2775,1233,158,640,Declive (VI),left
307,491,1590,1228,179,382,Crus 1,right
306,645,1368,1220,220,321,Crus 1,right
306,316,2004,1233,144,477,Declive (VI),right
306,359,2183,1233,154,513,Declive (VI),right
306,370,2127,1233,157,500,Declive (VI),right
306,658,1405,1220,224,329,Crus 1,right
306,325,2216,1234,146,519,Declive (VI),right
306,332,1952,1232,147,465,Declive (VI),right
306,350,2212,1233,152,518,Declive (VI),right
306,361,2301,1233,154,536,Declive (VI),right
306,363,2312,1233,155,538,Declive (VI),right
306,372,2531,1231,158,586,Declive (VI),left
306,373,1982,1232,158,471,Declive (VI),right
306,381,2067,1232,159,488,Declive (VI),right
306,381,2094,1232,159,494,Declive (VI),right
306,413,1997,1230,168,474,Declive (VI),right
306,431,1734,1229,168,418,Simple lobule,right
306,1195,2058,1202,356,485,Fastigial nucleus,right
309,324,1967,1232,146,468,Declive (VI),right
309,331,1947,1231,147,464,Declive (VI),right
309,279,2141,1234,135,504,Declive (VI),right
309,319,1982,1232,145,471,Declive (VI),right
309,603,1264,1219,207,296,Crus 1,right
309,276,2173,1234,134,511,Declive (VI),right
309,292,2072,1233,138,490,Declive (VI),right
309,300,2042,1233,140,484,Declive (VI),right
309,405,2001,1230,165,475,Declive (VI),right
309,468,1669,1228,176,402,Simple lobule,right
309,635,1199,1216,214,279,Crus 1,right
309,273,2200,1234,134,516,Declive (VI),right
309,274,2185,1234,134,513,Declive (VI),right
309,281,2126,1234,135,501,Declive (VI),right
309,286,2097,1234,137,495,Declive (VI),right
309,677,1175,1213,225,273,Crus 1,right
309,271,2221,1235,133,520,Declive (VI),right
309,315,1995,1232,144,475,Declive (VI),right
309,316,1987,1232,144,473,Declive (VI),right
309,317,2027,1233,144,481,Declive (VI),right
309,358,2139,1232,154,504,Declive (VI),right
309,370,2094,1232,157,494,Declive (VI),right
309,433,1930,1228,172,461,Declive (VI),right
311,289,2083,1232,137,493,Declive (VI),right
311,360,2355,1230,153,548,Declive (VI),right
311,389,1809,1227,159,436,Declive (VI),right
310,276,2161,1233,134,508,Declive (VI),right
310,282,2114,1233,135,499,Declive (VI),right
310,360,2347,1231,154,546,Declive (VI),right
310,377,1841,1229,156,442,Declive (VI),right
310,269,2264,1234,132,530,Declive (VI),right
310,270,2217,1234,132,519,Declive (VI),right
310,270,2335,1234,132,544,Declive (VI),right
310,309,2009,1232,142,478,Declive (VI),right
310,311,2004,1232,142,477,Declive (VI),right
310,313,1996,1231,143,475,Declive (VI),right
310,315,1988,1231,143,474,Declive (VI),right
310,351,2297,1231,151,535,Declive (VI),right
310,375,2053,1230,158,486,Declive (VI),right
310,460,1676,1227,173,404,Simple lobule,right
314,479,1618,1225,176,390,Crus 1,right
314,388,2027,1228,161,480,Declive (VI),right
314,390,2006,1228,161,476,Declive (VI),right
314,411,1963,1227,166,468,Declive (VI),right
314,425,1922,1226,169,459,Declive (VI),right
314,486,1547,1225,176,371,Crus 1,right
314,646,1305,1215,218,305,Crus 1,right
314,306,2424,1231,140,563,Declive (VI),right
314,316,2017,1230,143,479,Declive (VI),right
314,347,2156,1230,150,507,Declive (VI),right
314,354,2320,1229,152,540,Declive (VI),right
314,398,1981,1227,163,471,Declive (VI),right
314,411,1754,1226,162,423,Declive (VI),right
314,412,1951,1227,166,465,Declive (VI),right
314,507,1407,1222,182,335,Crus 1,right
314,656,1172,1211,219,272,Crus 1,right
314,669,1349,1214,225,316,Crus 1,right
312,353,2339,1230,152,545,Declive (VI),right
312,359,2145,1230,154,505,Declive (VI),right
312,488,1573,1226,178,378,Crus 1,right
312,322,1957,1230,144,467,Declive (VI),right
312,389,1807,1227,159,435,Declive (VI),right
313,356,2331,1230,152,542,Declive (VI),right
313,357,2311,1230,152,538,Declive (VI),right
313,303,2181,1232,141,512,Declive (VI),right
313,346,2199,1231,150,516,Declive (VI),right
313,346,2209,1231,150,518,Declive (VI),right
313,365,1955,1229,155,466,Declive (VI),right
313,367,2087,1230,155,493,Declive (VI),right
313,666,1364,1215,224,319,Crus 1,right
313,320,2371,1231,144,551,Declive (VI),right
313,332,1998,1230,147,476,Declive (VI),right
313,343,2139,1231,150,504,Declive (VI),right
313,345,2711,1231,150,626,Declive (VI),left
313,347,2223,1231,150,521,Declive (VI),right
313,347,2294,1231,150,535,Declive (VI),right
313,350,1886,1229,150,452,Declive (VI),right
313,352,2172,1230,151,510,Declive (VI),right
313,358,2469,1229,154,572,Declive (VI),left
313,368,2076,1230,156,490,Declive (VI),right
313,369,2117,1230,156,499,Declive (VI),right
313,372,1838,1228,155,442,Declive (VI),right
313,378,2777,1231,158,640,Declive (VI),left
313,389,1996,1229,161,474,Declive (VI),right
313,398,1966,1228,163,468,Declive (VI),right
313,410,1974,1228,166,470,Declive (VI),right
313,410,1940,1227,166,463,Declive (VI),right
313,508,1405,1223,183,335,Crus 1,right
313,629,1222,1215,213,284,Crus 1,right
313,696,1144,1210,229,265,Crus 1,right
313,1226,2025,1198,363,476,Fastigial nucleus,right
315,348,2179,1229,151,512,Declive (VI),right
315,387,2016,1227,159,478,Declive (VI),right
315,359,2107,1228,153,497,Declive (VI),right
315,358,2122,1228,153,500,Declive (VI),right
315,271,2161,1231,132,508,Declive (VI),right
315,344,2208,1229,149,518,Declive (VI),right
315,348,2005,1228,151,477,Declive (VI),right
315,634,1199,1212,214,280,Crus 1,right
315,635,1192,1212,214,278,Crus 1,right
315,1128,1279,1190,347,296,Crus 2,right
320,468,1624,1222,172,392,Simple lobule,right
320,368,2069,1226,155,490,Declive (VI),right
320,371,2038,1226,155,484,Declive (VI),right
320,373,1979,1225,156,472,Declive (VI),right
320,386,2001,1225,159,476,Declive (VI),right
320,676,1340,1210,225,313,Crus 1,right
320,918,1963,1202,289,465,Lobules IV-V,right
316,267,2180,1231,131,512,Declive (VI),right
316,291,2045,1230,137,485,Declive (VI),right
316,303,2005,1229,140,477,Declive (VI),right
316,444,1691,1225,168,408,Simple lobule,right
316,629,1203,1213,212,281,Crus 1,right
316,352,2393,1228,151,556,Declive (VI),right
316,409,1753,1225,162,424,Declive (VI),right
316,485,1550,1224,176,373,Crus 1,right
316,485,1573,1224,176,379,Crus 1,right
316,505,2088,1221,190,494,Declive (VI),right
316,680,1149,1209,225,267,Crus 1,right
316,267,2196,1231,131,515,Declive (VI),right
316,270,2161,1231,132,508,Declive (VI),right
316,295,2030,1229,138,482,Declive (VI),right
316,310,2093,1230,141,495,Declive (VI),right
316,328,2066,1229,146,489,Declive (VI),right
316,337,1951,1228,147,466,Declive (VI),right
316,343,2219,1229,149,520,Declive (VI),right
316,343,2050,1228,150,486,Declive (VI),right
316,346,2187,1229,150,513,Declive (VI),right
316,353,2352,1228,152,547,Declive (VI),right
316,355,2383,1228,152,554,Declive (VI),right
316,572,1284,1217,198,303,Crus 1,right
316,573,1283,1217,199,302,Crus 1,right
316,690,1393,1212,231,327,Crus 1,right
317,284,2077,1230,136,491,Declive (VI),right
317,639,1185,1212,215,276,Crus 1,right
317,265,2216,1231,130,519,Declive (VI),right
317,376,2052,1227,157,486,Declive (VI),right
317,929,2300,1205,294,537,Lobules IV-V,right
317,455,1675,1224,170,404,Simple lobule,right
318,304,1996,1228,140,475,Declive (VI),right
318,257,2282,1231,128,533,Declive (VI),right
318,265,2195,1230,130,515,Declive (VI),right
318,269,2161,1230,132,508,Declive (VI),right
318,271,2146,1230,132,505,Declive (VI),right
318,279,2093,1229,134,495,Declive (VI),right
318,642,1177,1210,215,274,Crus 1,right
318,256,2272,1231,128,531,Declive (VI),right
318,265,2206,1231,130,517,Declive (VI),right
318,465,1633,1223,172,394,Simple lobule,right
318,472,1634,1223,173,394,Simple lobule,right
318,484,1565,1223,176,376,Crus 1,right
318,628,1218,1212,212,285,Crus 1,right
318,674,1149,1208,223,267,Crus 1,right
318,689,1381,1211,230,323,Crus 1,right
318,706,3229,1221,237,742,Crus 1,left
319,340,1975,1226,148,471,Declive (VI),right
319,285,2058,1228,135,488,Declive (VI),right
319,339,1964,1226,148,469,Declive (VI),right
319,358,1935,1225,153,462,Declive (VI),right
319,409,1940,1224,165,463,Declive (VI),right
322,484,1532,1220,175,368,Crus 1,right
322,349,1963,1225,150,469,Declive (VI),right
322,721,1111,1203,234,257,Crus 1,right
322,786,1442,1203,255,336,Crus 1,right
322,281,2068,1228,134,490,Declive (VI),right
322,331,2266,1227,145,529,Declive (VI),right
322,345,2340,1226,148,544,Declive (VI),right
322,347,2139,1226,149,504,Declive (VI),right
322,391,1983,1224,160,473,Declive (VI),right
322,395,1970,1223,161,469,Declive (VI),right
322,302,1988,1226,138,474,Declive (VI),right
322,335,1894,1225,146,454,Declive (VI),right
322,342,1996,1225,148,475,Declive (VI),right
322,345,2091,1226,149,494,Declive (VI),right
322,348,2129,1226,150,502,Declive (VI),right
322,358,1918,1224,152,459,Declive (VI),right
322,372,1811,1223,153,436,Declive (VI),right
322,376,1993,1224,156,475,Declive (VI),right
322,379,1798,1223,155,434,Declive (VI),right
322,429,1698,1222,164,411,Simple lobule,right
322,463,1649,1221,171,398,Simple lobule,right
322,483,1559,1220,175,375,Crus 1,right
322,593,1251,1212,203,294,Crus 1,right
322,727,1105,1203,235,256,Crus 1,right
322,1004,2162,1202,310,508,Lobules IV-V,right
323,335,2183,1225,146,513,Declive (VI),right
323,360,2079,1224,152,492,Declive (VI),right
323,349,2110,1225,150,498,Declive (VI),right
323,353,1847,1223,149,444,Declive (VI),right
323,367,1819,1223,151,439,Declive (VI),right
323,406,1939,1222,163,463,Declive (VI),right
323,301,1989,1226,138,474,Declive (VI),right
323,303,2086,1226,139,493,Declive (VI),right
323,315,2098,1226,142,496,Declive (VI),right
323,326,1915,1224,143,459,Declive (VI),right
323,327,2033,1225,144,483,Declive (VI),right
323,339,2163,1225,147,509,Declive (VI),right
323,378,1797,1222,154,433,Declive (VI),right
323,537,1326,1214,188,315,Crus 1,right
323,650,1268,1209,217,297,Crus 1,right
326,333,1896,1223,145,454,Declive (VI),right
326,257,2334,1228,127,544,Declive (VI),right
326,261,2162,1227,128,508,Declive (VI),right
326,374,1799,1221,153,434,Declive (VI),right
326,712,1108,1202,231,258,Crus 1,right
326,256,2237,1228,127,523,Declive (VI),right
326,285,2037,1225,134,483,Declive (VI),right
326,380,1784,1221,154,431,Declive (VI),right
326,423,1698,1220,162,411,Simple lobule,right
326,432,1687,1220,163,407,Simple lobule,right
326,733,1091,1200,237,252,Crus 1,right
326,826,2118,1202,266,499,Lobules IV-V,right
326,256,2284,1228,127,534,Declive (VI),right
326,297,1990,1225,137,474,Declive (VI),right
326,327,1903,1223,143,457,Declive (VI),right
326,343,2447,1223,148,567,Declive (VI),right
326,358,2058,1223,152,488,Declive (VI),right
326,389,1956,1222,159,467,Declive (VI),right
326,399,1938,1221,162,464,Declive (VI),right
326,435,1683,1220,164,407,Simple lobule,right
326,456,1649,1220,168,398,Simple lobule,right
326,484,1489,1217,175,358,Crus 1,right
326,532,1329,1213,187,317,Crus 1,right
326,726,1105,1201,235,256,Crus 1,right
326,727,1093,1201,235,254,Crus 1,right
321,345,2312,1227,149,538,Declive (VI),right
321,351,2348,1227,150,547,Declive (VI),right
321,356,2756,1228,151,636,Declive (VI),left
321,375,2024,1225,157,481,Declive (VI),right
321,384,2825,1228,157,651,Declive (VI),left
321,320,2046,1227,143,485,Declive (VI),right
321,327,2095,1227,145,495,Declive (VI),right
321,336,2197,1227,147,515,Declive (VI),right
321,336,1894,1226,146,454,Declive (VI),right
321,345,2153,1227,149,507,Declive (VI),right
321,350,2121,1227,150,500,Declive (VI),right
321,354,1851,1225,150,445,Declive (VI),right
321,373,1812,1224,154,436,Declive (VI),right
321,380,1797,1224,155,433,Declive (VI),right
321,385,2015,1225,159,479,Declive (VI),right
321,411,1927,1224,165,460,Declive (VI),right
321,431,1698,1223,164,411,Simple lobule,right
321,465,1648,1222,172,398,Simple lobule,right
321,607,1550,1217,208,368,Crus 1,right
321,699,1131,1205,230,262,Crus 1,right
321,843,2203,1205,272,517,Lobules IV-V,right
321,922,2076,1202,289,490,Lobules IV-V,right
321,1213,2091,1195,360,491,Fastigial nucleus,right
324,404,1739,1222,159,420,Simple lobule,right
324,444,1673,1221,167,405,Simple lobule,right
324,691,1129,1204,227,263,Crus 1,right
324,796,1435,1201,257,335,Crus 1,right
324,291,2059,1226,136,488,Declive (VI),right
324,378,2003,1223,157,477,Declive (VI),right
324,723,1104,1202,235,256,Crus 1,right
324,265,2148,1228,130,506,Declive (VI),right
324,279,2067,1227,134,489,Declive (VI),right
324,327,2253,1226,143,527,Declive (VI),right
324,329,1904,1224,145,457,Declive (VI),right
324,338,2333,1225,147,543,Declive (VI),right
324,356,2778,1227,150,641,Declive (VI),left
324,376,1797,1222,153,433,Declive (VI),right
324,390,1768,1222,156,427,Declive (VI),right
324,485,1489,1218,175,358,Crus 1,right
324,600,1242,1211,204,291,Crus 1,right
325,484,1522,1219,175,366,Crus 1,right
325,671,1146,1205,222,267,Crus 1,right
325,276,2081,1227,132,492,Declive (VI),right
325,294,2007,1226,137,477,Declive (VI),right
325,701,1120,1203,229,260,Crus 1,right
325,266,2130,1228,130,502,Declive (VI),right
325,272,2100,1227,131,496,Declive (VI),right
325,417,1712,1221,160,413,Simple lobule,right
325,697,1357,1207,230,317,Crus 1,right
325,261,2174,1228,128,511,Declive (VI),right
325,279,2060,1227,134,488,Declive (VI),right
325,283,2045,1226,135,485,Declive (VI),right
325,289,2029,1226,136,482,Declive (VI),right
325,323,2242,1226,143,524,Declive (VI),right
325,345,2459,1224,149,570,Declive (VI),right
325,381,1990,1223,157,474,Declive (VI),right
325,260,2190,1228,128,514,Declive (VI),right
325,342,2114,1225,148,499,Declive (VI),right
325,347,2008,1225,149,478,Declive (VI),right
325,354,1910,1223,151,457,Declive (VI),right
325,355,2070,1224,151,490,Declive (VI),right
325,458,1640,1221,170,396,Simple lobule,right
325,458,1652,1221,170,398,Simple lobule,right
325,479,1578,1220,174,381,Crus 1,right
325,600,1241,1211,204,291,Crus 1,right
325,633,1196,1208,213,279,Crus 1,right
327,339,2148,1223,147,506,Declive (VI),right
327,349,1849,1221,148,445,Declive (VI),right
327,323,1909,1222,143,458,Declive (VI),right
327,343,2101,1223,148,496,Declive (VI),right
327,369,1806,1221,152,435,Declive (VI),right
327,324,2199,1224,143,516,Declive (VI),right
327,364,1817,1221,151,438,Declive (VI),right
327,391,1760,1220,155,425,Declive (VI),right
328,347,2090,1223,148,494,Declive (VI),right
328,330,2180,1224,144,512,Declive (VI),right
328,323,2200,1224,143,516,Declive (VI),right
328,358,1824,1221,150,440,Declive (VI),right
328,510,1369,1213,182,328,Crus 1,right
328,690,1291,1205,227,301,Crus 1,right
330,329,2326,1223,144,541,Declive (VI),right
330,352,2066,1222,149,489,Declive (VI),right
330,819,2115,1200,264,498,Lobules IV-V,right
330,333,2128,1223,146,502,Declive (VI),right
330,393,1928,1219,160,462,Declive (VI),right
330,407,1719,1219,157,416,Simple lobule,right
330,675,1617,1209,225,383,Crus 1,right
330,678,1126,1201,223,262,Crus 1,right
330,733,1081,1198,237,250,Crus 1,right
330,322,2211,1223,142,518,Declive (VI),right
330,338,2469,1222,147,572,Declive (VI),left
330,344,2081,1222,148,492,Declive (VI),right
330,365,1933,1221,153,463,Declive (VI),right
330,391,1941,1220,159,464,Declive (VI),right
330,509,1379,1212,181,330,Crus 1,right
330,523,1334,1211,185,318,Crus 1,right
330,621,1186,1205,208,278,Crus 1,right
330,629,1206,1206,211,282,Crus 1,right
330,943,2208,1199,295,518,Lobules IV-V,right
331,682,1119,1200,223,261,Crus 1,right
331,694,1105,1199,227,257,Crus 1,right
331,328,2312,1222,143,538,Declive (VI),right
331,316,2233,1223,140,523,Declive (VI),right
331,385,1964,1219,157,469,Declive (VI),right
331,485,1481,1214,174,356,Crus 1,right
331,319,2269,1223,141,530,Declive (VI),right
331,322,2173,1222,141,511,Declive (VI),right
331,333,1929,1221,145,462,Declive (VI),right
331,345,2082,1221,148,492,Declive (VI),right
331,350,1841,1220,147,443,Declive (VI),right
331,364,1806,1219,150,435,Declive (VI),right
331,365,1803,1219,150,435,Declive (VI),right
331,375,1967,1219,155,469,Declive (VI),right
331,502,1397,1212,179,335,Crus 1,right
331,504,1391,1211,180,333,Crus 1,right
332,342,2112,1221,147,498,Declive (VI),right
332,396,1735,1218,155,420,Simple lobule,right
332,585,1240,1207,199,293,Crus 1,right
332,654,1143,1202,217,268,Crus 1,right
332,252,2185,1225,125,513,Declive (VI),right
332,316,1982,1222,141,472,Declive (VI),right
332,400,1726,1218,156,417,Simple lobule,right
332,670,1246,1203,221,291,Crus 1,right
332,278,2308,1224,132,538,Declive (VI),right
332,302,2235,1223,136,523,Declive (VI),right
332,322,2286,1223,141,533,Declive (VI),right
332,323,2299,1222,142,536,Declive (VI),right
332,331,2143,1222,144,505,Declive (VI),right
332,345,2067,1221,148,489,Declive (VI),right
332,356,2045,1221,150,485,Declive (VI),right
332,396,1915,1218,160,459,Declive (VI),right
332,727,1080,1198,234,250,Crus 1,right
332,985,2163,1198,304,508,Lobules IV-V,right
333,390,1747,1218,154,422,Declive (VI),right
333,269,2063,1224,130,489,Declive (VI),right
333,253,2159,1225,126,508,Declive (VI),right
333,257,2138,1225,126,504,Declive (VI),right
333,265,2081,1224,129,492,Declive (VI),right
333,272,2045,1223,130,485,Declive (VI),right
333,286,1990,1222,134,474,Declive (VI),right
333,327,2167,1222,143,509,Declive (VI),right
333,415,1700,1218,159,411,Simple lobule,right
333,742,1067,1197,238,246,Crus 1,right
333,798,1391,1197,256,324,Crus 1,right
333,251,2176,1225,125,511,Declive (VI),right
333,259,2337,1225,127,544,Declive (VI),right
333,280,2010,1223,133,478,Declive (VI),right
333,304,1952,1222,138,466,Declive (VI),right
333,325,2185,1222,143,513,Declive (VI),right
333,383,2869,1223,156,659,Declive (VI),left
333,444,1657,1217,165,400,Simple lobule,right
333,478,1562,1215,173,376,Crus 1,right
333,500,1400,1212,179,336,Crus 1,right
333,262,2101,1224,128,496,Declive (VI),right
333,268,2184,1224,130,513,Declive (VI),right
333,289,2137,1223,135,503,Declive (VI),right
333,302,1960,1222,137,468,Declive (VI),right
333,376,1977,1220,155,471,Declive (VI),right
333,663,1129,1201,220,264,Crus 1,right
334,704,1093,1198,229,255,Crus 1,right
334,258,2122,1224,127,500,Declive (VI),right
334,321,2174,1221,141,511,Declive (VI),right
334,434,1674,1216,163,405,Simple lobule,right
334,482,1503,1213,172,363,Crus 1,right
334,667,1123,1200,219,263,Crus 1,right
334,1029,2106,1195,314,496,Lobules IV-V,right
334,254,2145,1224,126,505,Declive (VI),right
334,257,2129,1224,126,502,Declive (VI),right
334,261,2102,1223,127,496,Declive (VI),right
334,262,2093,1223,127,495,Declive (VI),right
334,277,2022,1222,131,480,Declive (VI),right
334,279,2107,1223,132,497,Declive (VI),right
334,312,2213,1222,139,519,Declive (VI),right
334,313,1921,1220,140,460,Declive (VI),right
334,418,1691,1217,159,409,Simple lobule,right
334,462,1601,1215,167,386,Simple lobule,right
334,480,1547,1214,172,373,Crus 1,right
334,484,1486,1213,174,358,Crus 1,right
334,577,1246,1206,197,294,Crus 1,right
334,608,1197,1204,205,281,Crus 1,right
334,638,1153,1202,213,271,Crus 1,right
334,640,1150,1202,213,270,Crus 1,right
334,657,1136,1201,217,266,Crus 1,right
334,730,1083,1197,235,251,Crus 1,right
334,755,1056,1195,241,244,Crus 1,right
334,759,1053,1195,242,244,Crus 1,right
335,644,1664,1207,217,397,Simple lobule,right
336,434,1649,1215,162,399,Simple lobule,right
336,480,1509,1212,172,364,Crus 1,right
336,256,2136,1223,126,503,Declive (VI),right
336,321,2297,1221,140,535,Declive (VI),right
336,381,1758,1217,152,425,Declive (VI),right
337,260,2130,1223,127,502,Declive (VI),right
337,326,2333,1220,142,543,Declive (VI),right
337,328,2321,1220,143,540,Declive (VI),right
337,338,2117,1220,146,499,Declive (VI),right
337,341,2079,1219,146,492,Declive (VI),right
337,469,1560,1213,169,377,Simple lobule,right
337,536,1304,1207,187,311,Crus 1,right
337,571,1255,1206,195,297,Crus 1,right
337,703,1273,1200,230,297,Crus 1,right
337,939,2081,1196,292,491,Lobules IV-V,right
337,282,2017,1221,132,479,Declive (VI),right
337,283,2013,1221,133,479,Declive (VI),right
337,298,2686,1222,137,620,Declive (VI),left
337,308,2113,1221,139,499,Declive (VI),right
337,319,1892,1219,141,454,Declive (VI),right
337,322,1885,1219,140,453,Declive (VI),right
337,327,2135,1220,142,503,Declive (VI),right
337,349,2067,1219,149,489,Declive (VI),right
337,473,1545,1213,171,373,Crus 1,right
337,549,1284,1207,190,306,Crus 1,right
337,567,1260,1206,194,299,Crus 1,right
337,690,1247,1200,226,290,Crus 1,right
337,771,1040,1194,245,240,Crus 2,right
337,782,1365,1196,250,318,Crus 1,right
397,432,1491,1183,152,363,Simple lobule,right
397,801,900,1162,246,212,Crus 1,right
397,967,768,1155,291,181,Crus 1,right
397,786,920,1163,243,217,Crus 1,right
397,896,805,1158,272,189,Crus 1,right
397,946,776,1155,286,182,Crus 1,right
397,631,1057,1168,204,255,Crus 1,right
397,639,1046,1167,207,252,Crus 1,right
397,743,952,1164,233,225,Crus 1,right
397,749,1026,1165,234,242,Crus 1,right
397,851,980,1162,258,230,Crus 1,right
397,857,973,1161,260,229,Crus 1,right
338,864,1368,1190,273,319,Crus 1,right
338,253,2158,1222,125,508,Declive (VI),right
338,263,2097,1221,128,495,Declive (VI),right
338,314,2226,1220,139,521,Declive (VI),right
338,314,2191,1220,139,514,Declive (VI),right
338,483,1487,1210,174,358,Crus 1,right
338,526,1899,1209,192,455,Declive (VI),right
338,646,1141,1199,214,268,Crus 1,right
338,706,1081,1196,229,252,Crus 1,right
338,301,1943,1219,136,465,Declive (VI),right
338,305,1931,1219,137,462,Declive (VI),right
338,305,2214,1220,137,519,Declive (VI),right
338,318,1894,1218,140,455,Declive (VI),right
338,329,1951,1218,143,466,Declive (VI),right
338,343,1932,1218,147,462,Declive (VI),right
338,345,2059,1218,147,488,Declive (VI),right
338,590,1233,1203,200,292,Crus 1,right
338,684,1099,1197,224,257,Crus 1,right
338,751,1050,1194,239,243,Crus 1,right
338,892,2034,1195,279,481,Lobules IV-V,right
340,268,2063,1220,129,489,Declive (VI),right
340,667,1111,1197,219,260,Crus 1,right
340,376,1949,1216,154,466,Declive (VI),right
340,397,1712,1215,153,414,Simple lobule,right
340,405,1699,1214,155,412,Simple lobule,right
340,733,1060,1193,236,246,Crus 1,right
340,265,2080,1220,128,492,Declive (VI),right
340,299,1944,1218,136,465,Declive (VI),right
340,327,2117,1218,142,499,Declive (VI),right
340,431,1657,1214,160,401,Simple lobule,right
340,588,1234,1202,200,292,Crus 1,right
340,618,1187,1200,207,279,Crus 1,right
340,254,2148,1221,125,506,Declive (VI),right
340,261,2097,1221,127,495,Declive (VI),right
340,264,2170,1221,127,510,Declive (VI),right
340,333,2061,1218,145,488,Declive (VI),right
340,334,1849,1217,143,445,Declive (VI),right
340,336,2090,1218,144,494,Declive (VI),right
340,395,1719,1215,153,416,Simple lobule,right
340,1030,1975,1192,313,467,Lobules IV-V,right
342,285,1988,1218,132,474,Declive (VI),right
342,315,1897,1216,139,455,Declive (VI),right
342,324,1869,1216,141,449,Declive (VI),right
342,301,1934,1217,136,463,Declive (VI),right
342,336,2073,1217,144,491,Declive (VI),right
342,317,2160,1218,139,508,Declive (VI),right
342,341,1830,1215,143,441,Declive (VI),right
342,249,2178,1221,123,512,Declive (VI),right
342,757,1038,1191,240,241,Crus 1,right
342,259,2097,1220,126,495,Declive (VI),right
342,265,2074,1220,128,491,Declive (VI),right
342,278,2017,1219,131,479,Declive (VI),right
342,316,2315,1218,138,539,Declive (VI),right
342,329,1856,1216,142,446,Declive (VI),right
342,575,1245,1202,196,295,Crus 1,right
342,651,1123,1197,215,264,Crus 1,right
342,722,1286,1196,233,300,Crus 1,right
342,767,1032,1191,243,238,Crus 1,right
342,262,2088,1220,126,494,Declive (VI),right
342,297,1946,1217,135,465,Declive (VI),right
342,312,2057,1218,138,487,Declive (VI),right
342,316,2177,1218,139,511,Declive (VI),right
342,319,2339,1218,140,544,Declive (VI),right
342,339,2056,1217,145,487,Declive (VI),right
342,556,1266,1203,191,301,Crus 1,right
342,659,1116,1196,217,262,Crus 1,right
342,707,1072,1194,228,250,Crus 1,right
342,777,1025,1190,245,236,Crus 1,right
339,338,2098,1218,146,496,Declive (VI),right
339,347,1821,1216,145,439,Declive (VI),right
339,369,1968,1216,153,470,Declive (VI),right
339,664,1119,1197,219,263,Crus 1,right
339,305,1927,1218,137,461,Declive (VI),right
339,323,2342,1219,141,544,Declive (VI),right
339,465,1580,1212,168,382,Simple lobule,right
339,659,1125,1197,217,264,Crus 1,right
339,690,1224,1198,225,286,Crus 1,right
339,713,1074,1194,231,250,Crus 1,right
339,754,1044,1192,240,242,Crus 1,right
339,775,1034,1191,245,239,Crus 1,right
339,277,2026,1220,130,481,Declive (VI),right
339,290,2107,1220,134,497,Declive (VI),right
339,311,2291,1219,138,534,Declive (VI),right
339,311,1911,1218,138,458,Declive (VI),right
339,312,2299,1219,138,536,Declive (VI),right
339,318,2175,1219,140,511,Declive (VI),right
339,318,2314,1219,140,539,Declive (VI),right
339,334,1850,1217,143,445,Declive (VI),right
339,346,2004,1217,147,477,Declive (VI),right
339,383,1924,1215,156,461,Declive (VI),right
341,388,1732,1215,152,419,Simple lobule,right
341,691,1088,1195,225,255,Crus 1,right
341,427,1645,1214,158,398,Simple lobule,right
341,647,1133,1198,214,267,Crus 1,right
341,703,1234,1197,229,288,Crus 1,right
341,571,1250,1203,195,297,Crus 1,right
341,609,1180,1201,205,278,Crus 1,right
341,674,1100,1196,221,258,Crus 1,right
341,743,1048,1193,238,243,Crus 1,right
341,260,2113,1221,126,499,Declive (VI),right
341,286,1985,1219,133,473,Declive (VI),right
341,291,1968,1219,134,470,Declive (VI),right
341,304,1926,1218,137,461,Declive (VI),right
341,309,2236,1219,138,523,Declive (VI),right
341,310,2251,1219,138,526,Declive (VI),right
341,317,1985,1218,140,473,Declive (VI),right
341,347,1992,1217,147,474,Declive (VI),right
341,359,1999,1216,151,476,Declive (VI),right
345,556,1261,1202,191,300,Crus 1,right
345,352,1802,1214,145,435,Declive (VI),right
345,354,1998,1215,149,476,Declive (VI),right
345,370,1948,1214,152,466,Declive (VI),right
345,611,1180,1198,204,279,Crus 1,right
345,700,1181,1195,227,275,Crus 1,right
345,736,1301,1194,237,303,Crus 1,right
345,251,2181,1220,123,512,Declive (VI),right
345,301,2249,1218,135,526,Declive (VI),right
345,311,2311,1218,137,538,Declive (VI),right
345,314,2337,1217,138,543,Declive (VI),right
345,337,2005,1216,144,477,Declive (VI),right
345,342,2013,1215,145,479,Declive (VI),right
345,357,1988,1215,149,474,Declive (VI),right
345,363,1968,1214,151,470,Declive (VI),right
345,442,1584,1211,160,384,Simple lobule,right
345,645,1114,1196,213,263,Crus 1,right
345,675,1197,1196,221,280,Crus 1,right
345,694,1490,1199,227,351,Crus 1,right
345,712,1590,1199,231,375,Crus 1,right
345,713,1215,1195,231,283,Crus 1,right
345,1406,1676,1171,399,391,Interposed nucleus,right
351,284,1968,1214,131,470,Declive (VI),right
351,885,1978,1189,276,469,Lobules IV-V,right
351,849,1945,1190,268,461,Lobules IV-V,right
351,331,2067,1212,142,489,Declive (VI),right
351,516,1323,1199,180,319,Crus 1,right
351,752,1021,1186,238,237,Crus 1,right
351,763,1017,1186,241,235,Crus 1,right
346,332,1845,1214,141,444,Declive (VI),right
346,327,2101,1215,141,496,Declive (VI),right
346,727,1263,1194,234,295,Crus 1,right
346,741,1292,1193,238,301,Crus 1,right
346,301,2240,1217,134,524,Declive (VI),right
346,319,2148,1216,140,506,Declive (VI),right
346,321,2138,1216,140,504,Declive (VI),right
346,339,2044,1215,145,485,Declive (VI),right
346,454,2242,1209,172,524,Declive (VI),right
346,511,1341,1203,180,322,Crus 1,right
346,731,1272,1194,235,296,Crus 1,right
346,1974,1045,1132,552,264,Paraflocculus,right
346,292,2022,1216,133,480,Declive (VI),right
346,341,1826,1214,143,440,Declive (VI),right
346,370,1938,1213,152,464,Declive (VI),right
346,375,1752,1213,149,423,Declive (VI),right
346,541,1282,1201,187,306,Crus 1,right
346,672,1076,1193,220,253,Crus 1,right
346,711,1058,1191,229,247,Crus 1,right
343,747,1042,1191,238,241,Crus 1,right
343,274,2027,1218,130,481,Declive (VI),right
343,286,2053,1218,132,487,Declive (VI),right
343,309,2265,1218,137,529,Declive (VI),right
347,422,1661,1210,156,402,Simple lobule,right
347,749,1034,1189,238,240,Crus 1,right
347,757,1027,1188,239,237,Crus 1,right
347,790,1315,1189,251,306,Crus 1,right
347,317,2462,1215,138,570,Declive (VI),right
347,383,1728,1211,150,419,Simple lobule,right
347,392,1709,1211,151,414,Simple lobule,right
347,728,1248,1192,235,291,Crus 1,right
347,277,2120,1217,129,500,Declive (VI),right
347,319,1875,1214,139,451,Declive (VI),right
347,320,1873,1214,139,451,Declive (VI),right
347,322,1913,1214,139,459,Declive (VI),right
347,332,1966,1214,142,469,Declive (VI),right
347,340,2028,1214,145,482,Declive (VI),right
347,727,1046,1190,232,243,Crus 1,right
344,343,1954,1215,146,467,Declive (VI),right
344,353,2010,1215,149,478,Declive (VI),right
348,353,1791,1212,145,432,Declive (VI),right
348,604,1188,1197,202,282,Crus 1,right
348,736,1039,1189,235,242,Crus 1,right
348,295,2216,1217,133,519,Declive (VI),right
348,744,1265,1192,239,295,Crus 1,right
348,299,2224,1216,134,521,Declive (VI),right
348,300,2275,1216,134,531,Declive (VI),right
348,302,2207,1216,134,517,Declive (VI),right
348,304,2027,1215,136,481,Declive (VI),right
348,640,1100,1193,212,260,Crus 1,right
348,656,1224,1196,215,288,Crus 1,right
352,536,1284,1198,185,308,Crus 1,right
352,276,1998,1214,129,476,Declive (VI),right
352,267,2033,1215,126,483,Declive (VI),right
352,305,1967,1213,136,469,Declive (VI),right
352,310,1887,1212,136,453,Declive (VI),right
352,322,1942,1212,139,464,Declive (VI),right
352,920,1968,1189,285,466,Lobules IV-V,right
349,344,1814,1213,143,438,Declive (VI),right
349,361,1775,1212,146,429,Declive (VI),right
349,777,1009,1187,244,233,Crus 1,right
349,266,2038,1217,127,484,Declive (VI),right
349,337,1830,1213,141,441,Declive (VI),right
349,610,1175,1196,204,278,Crus 1,right
349,264,2063,1217,127,489,Declive (VI),right
349,332,2065,1214,142,489,Declive (VI),right
349,337,1939,1213,143,464,Declive (VI),right
349,362,1953,1213,149,467,Declive (VI),right
349,617,1163,1196,205,276,Crus 1,right
349,713,1050,1190,230,245,Crus 1,right
349,731,1239,1192,234,289,Crus 1,right
349,779,1303,1190,248,304,Crus 1,right
349,259,2091,1217,125,494,Declive (VI),right
349,260,2080,1217,126,492,Declive (VI),right
349,270,2023,1216,128,481,Declive (VI),right
349,327,2084,1215,141,493,Declive (VI),right
349,336,2037,1214,144,483,Declive (VI),right
349,349,1801,1212,144,435,Declive (VI),right
349,350,1799,1212,144,435,Declive (VI),right
349,726,1574,1196,233,371,Crus 1,right
350,566,1246,1198,192,297,Crus 1,right
350,687,1070,1190,223,251,Crus 1,right
350,795,1303,1188,251,304,Crus 1,right
350,703,1057,1189,228,247,Crus 1,right
350,791,1000,1186,248,231,Crus 1,right
350,255,2102,1217,124,496,Declive (VI),right
350,310,2176,1215,136,511,Declive (VI),right
350,344,2011,1212,146,478,Declive (VI),right
350,508,1343,1200,179,324,Crus 1,right
350,509,1341,1200,179,323,Crus 1,right
350,541,1276,1199,186,305,Crus 1,right
350,625,1150,1194,207,272,Crus 1,right
350,740,1244,1191,237,290,Crus 1,right
350,752,1025,1187,238,238,Crus 1,right
350,796,998,1186,249,231,Crus 1,right
354,363,1757,1209,145,425,Declive (VI),right
354,343,2004,1211,145,477,Declive (VI),right
354,726,1177,1189,232,274,Crus 1,right
354,292,2267,1214,131,529,Declive (VI),right
354,300,2301,1214,133,536,Declive (VI),right
354,306,2150,1213,135,506,Declive (VI),right
354,310,2069,1212,137,490,Declive (VI),right
354,359,1960,1210,149,468,Declive (VI),right
354,586,1221,1195,197,290,Crus 1,right
354,673,1075,1189,220,253,Crus 1,right
354,788,995,1184,247,230,Crus 1,right
354,797,989,1184,248,228,Crus 1,right
354,290,2256,1214,131,527,Declive (VI),right
354,316,2059,1212,138,488,Declive (VI),right
354,352,1980,1210,146,472,Declive (VI),right
354,765,1008,1185,241,234,Crus 1,right
353,321,2097,1213,139,495,Declive (VI),right
353,747,1250,1190,238,291,Crus 1,right
353,324,2076,1213,140,491,Declive (VI),right
353,348,1988,1211,147,474,Declive (VI),right
353,362,1946,1211,149,465,Declive (VI),right
353,373,1737,1210,147,420,Simple lobule,right
353,382,1875,1210,153,450,Declive (VI),right
353,681,1149,1191,221,270,Crus 1,right
353,737,1241,1190,235,289,Crus 1,right
353,247,2166,1217,121,509,Declive (VI),right
353,273,2100,1215,128,496,Declive (VI),right
353,286,2123,1215,131,501,Declive (VI),right
353,309,1887,1212,136,453,Declive (VI),right
353,313,1910,1212,138,458,Declive (VI),right
353,317,2110,1213,138,498,Declive (VI),right
353,334,2030,1212,143,482,Declive (VI),right
353,633,1237,1194,210,292,Crus 1,right
353,696,1054,1189,225,247,Crus 1,right
353,716,1150,1190,229,268,Crus 1,right
353,727,1197,1190,232,279,Crus 1,right
353,728,1030,1187,233,240,Crus 1,right
353,743,1022,1187,237,237,Crus 1,right
353,783,999,1185,246,231,Crus 1,right
357,308,1882,1210,136,452,Declive (VI),right
357,342,1792,1209,140,432,Declive (VI),right
357,320,1852,1210,137,445,Declive (VI),right
357,365,1747,1208,145,422,Simple lobule,right
357,601,1179,1192,200,281,Crus 1,right
357,634,1114,1190,210,264,Crus 1,right
357,698,1046,1186,226,245,Crus 1,right
357,747,1216,1188,237,283,Crus 1,right
357,284,2227,1214,129,521,Declive (VI),right
357,290,2245,1213,130,525,Declive (VI),right
357,310,2109,1212,136,498,Declive (VI),right
357,337,1807,1209,140,436,Declive (VI),right
357,758,1006,1184,240,233,Crus 1,right
357,775,997,1183,243,230,Crus 1,right
357,788,987,1183,247,228,Crus 1,right
357,889,1274,1179,276,297,Crus 1,right
357,331,2016,1210,141,479,Declive (VI),right
357,362,1926,1209,148,461,Declive (VI),right
357,454,1519,1203,163,369,Simple lobule,right
357,561,1238,1195,190,296,Crus 1,right
357,724,1026,1185,232,239,Crus 1,right
355,742,1144,1187,235,267,Crus 1,right
355,265,2028,1213,126,482,Declive (VI),right
355,291,2113,1213,131,499,Declive (VI),right
355,298,2310,1213,133,538,Declive (VI),right
355,704,1048,1186,227,246,Crus 1,right
355,298,1952,1211,134,466,Declive (VI),right
355,307,2371,1213,134,550,Declive (VI),right
355,327,2042,1211,140,484,Declive (VI),right
355,373,1734,1208,147,420,Simple lobule,right
355,669,1959,1193,225,467,Lobules IV-V,right
355,743,1016,1185,236,236,Crus 1,right
355,784,994,1183,246,230,Crus 1,right
356,334,1819,1209,140,439,Declive (VI),right
356,680,1062,1187,221,250,Crus 1,right
356,244,2164,1215,120,509,Declive (VI),right
356,257,2074,1214,123,491,Declive (VI),right
356,530,1290,1196,183,310,Crus 1,right
356,607,1171,1192,202,278,Crus 1,right
356,744,1014,1185,236,236,Crus 1,right
356,268,2227,1215,126,521,Declive (VI),right
356,273,2062,1213,128,488,Declive (VI),right
356,295,2201,1213,132,516,Declive (VI),right
356,302,2330,1213,133,542,Declive (VI),right
356,782,993,1183,244,230,Crus 1,right
365,294,1905,1208,131,457,Declive (VI),right
365,786,973,1179,245,226,Crus 1,right
365,361,1740,1205,142,421,Simple lobule,right
365,323,2027,1207,139,481,Declive (VI),right
365,364,1731,1205,143,419,Simple lobule,right
365,738,1001,1181,234,234,Crus 1,right
365,281,1947,1208,128,465,Declive (VI),right
365,281,1972,1209,128,470,Declive (VI),right
365,299,1891,1207,132,453,Declive (VI),right
365,355,1929,1205,146,462,Declive (VI),right
365,651,1077,1184,213,255,Crus 1,right
365,762,984,1180,239,229,Crus 1,right
358,541,1271,1194,185,305,Crus 1,right
358,350,1771,1208,142,428,Declive (VI),right
358,640,1102,1188,211,261,Crus 1,right
358,663,1073,1187,217,254,Crus 1,right
358,713,1035,1185,229,242,Crus 1,right
358,289,2281,1213,130,532,Declive (VI),right
358,326,1835,1209,138,442,Declive (VI),right
358,607,1166,1191,201,277,Crus 1,right
358,254,2333,1215,122,543,Declive (VI),right
358,267,2018,1212,125,480,Declive (VI),right
358,334,1813,1209,140,438,Declive (VI),right
358,345,1783,1208,141,431,Declive (VI),right
358,385,1705,1207,148,413,Simple lobule,right
358,527,1293,1195,182,312,Crus 1,right
358,528,1291,1195,183,310,Crus 1,right
358,529,1289,1195,183,310,Crus 1,right
362,724,1015,1182,231,238,Crus 1,right
362,344,1972,1207,144,470,Declive (VI),right
362,282,2048,1210,128,486,Declive (VI),right
362,308,2095,1209,135,495,Declive (VI),right
362,535,1271,1192,183,305,Crus 1,right
362,609,1151,1188,202,274,Crus 1,right
362,660,1447,1191,216,342,Crus 1,right
362,747,1164,1184,236,272,Crus 1,right
362,807,969,1179,250,224,Crus 1,right
362,294,1910,1209,132,458,Declive (VI),right
362,508,1329,1194,178,321,Crus 1,right
362,526,1287,1193,181,310,Crus 1,right
362,533,1273,1192,183,307,Crus 1,right
362,634,1113,1187,209,265,Crus 1,right
359,746,1202,1186,236,280,Crus 1,right
359,766,1240,1185,242,289,Crus 1,right
359,254,2078,1212,123,492,Declive (VI),right
359,764,997,1182,241,231,Crus 1,right
359,777,990,1181,243,229,Crus 1,right
359,253,2087,1213,122,493,Declive (VI),right
359,288,2013,1210,131,479,Declive (VI),right
359,319,1915,1208,138,459,Declive (VI),right
359,332,2015,1208,141,479,Declive (VI),right
359,403,1660,1205,151,402,Simple lobule,right
359,522,1300,1194,180,313,Crus 1,right
359,560,1235,1192,190,296,Crus 1,right
359,749,1004,1182,237,234,Crus 1,right
360,800,976,1180,249,225,Crus 1,right
360,372,1721,1206,144,417,Simple lobule,right
360,355,1943,1207,147,465,Declive (VI),right
360,318,1849,1208,137,445,Declive (VI),right
360,428,1559,1202,156,379,Simple lobule,right
360,522,1299,1194,180,313,Crus 1,right
360,748,1003,1182,237,234,Crus 1,right
361,734,1010,1183,234,236,Crus 1,right
361,839,1262,1181,262,293,Crus 1,right
361,330,2013,1208,141,479,Declive (VI),right
361,340,1980,1208,143,472,Declive (VI),right
361,348,1963,1207,146,469,Declive (VI),right
361,691,1044,1185,223,246,Crus 1,right
361,769,1230,1185,243,287,Crus 1,right
361,811,1259,1182,254,293,Crus 1,right
361,294,2165,1211,131,509,Declive (VI),right
361,295,2734,1213,132,631,Declive (VI),left
361,326,2024,1209,140,481,Declive (VI),right
361,414,1607,1204,152,389,Simple lobule,right
361,684,1050,1185,222,247,Crus 1,right
361,716,1112,1185,228,260,Crus 1,right
364,304,1883,1207,134,452,Declive (VI),right
364,749,995,1180,237,232,Crus 1,right
364,333,1807,1206,139,436,Declive (VI),right
364,646,1085,1185,211,258,Crus 1,right
364,331,2003,1207,140,477,Declive (VI),right
364,599,1163,1188,199,278,Crus 1,right
364,761,1092,1182,239,254,Crus 1,right
364,1563,1671,1155,433,397,Superior vestibular nucleus,right
364,314,1853,1207,135,446,Declive (VI),right
364,337,1995,1206,141,475,Declive (VI),right
364,346,1768,1206,140,428,Declive (VI),right
364,551,1239,1190,187,298,Crus 1,right
368,340,1776,1204,139,429,Declive (VI),right
368,802,961,1176,248,222,Crus 1,right
368,621,1112,1184,204,265,Crus 1,right
368,762,1161,1181,239,271,Crus 1,right
368,843,925,1174,260,214,Crus 1,right
368,282,2260,1209,126,527,Declive (VI),right
368,767,1175,1181,241,274,Crus 1,right
368,254,2066,1209,121,489,Declive (VI),right
368,281,2271,1209,126,529,Declive (VI),right
363,805,1251,1181,252,291,Crus 1,right
363,282,2236,1211,127,522,Declive (VI),right
363,481,1439,1195,170,350,Crus 1,right
363,653,1187,1187,213,280,Crus 1,right
363,775,982,1179,243,227,Crus 1,right
363,262,2024,1210,123,481,Declive (VI),right
363,294,1984,1208,132,473,Declive (VI),right
363,299,1893,1207,132,455,Declive (VI),right
363,304,2079,1208,134,491,Declive (VI),right
363,307,1871,1207,133,449,Declive (VI),right
363,322,2815,1211,137,648,Declive (VI),left
366,262,2015,1209,123,479,Declive (VI),right
366,682,1042,1182,220,246,Crus 1,right
366,759,1178,1182,240,275,Crus 1,right
366,771,1201,1182,242,280,Crus 1,right
366,277,1960,1208,127,468,Declive (VI),right
366,280,1948,1208,128,466,Declive (VI),right
366,314,2054,1207,136,486,Declive (VI),right
366,609,1140,1186,202,272,Crus 1,right
366,663,1060,1183,216,251,Crus 1,right
366,761,984,1179,239,229,Crus 1,right
367,753,988,1178,237,231,Crus 1,right
367,769,978,1178,241,228,Crus 1,right
367,320,1832,1205,136,441,Declive (VI),right
367,361,1899,1203,147,455,Declive (VI),right
367,654,1070,1182,214,254,Crus 1,right
367,851,917,1174,261,212,Crus 1,right
367,279,1952,1207,128,466,Declive (VI),right
367,410,1596,1200,150,387,Simple lobule,right
367,474,1463,1194,168,356,Simple lobule,right
367,597,1159,1186,198,278,Crus 1,right
367,628,1101,1183,207,262,Crus 1,right
367,732,1001,1179,232,234,Crus 1,right
367,836,933,1175,257,216,Crus 1,right
369,787,964,1177,245,224,Crus 1,right
369,321,2019,1205,137,479,Declive (VI),right
369,352,1913,1204,144,459,Declive (VI),right
369,288,1959,1206,130,468,Declive (VI),right
369,551,1232,1188,186,296,Crus 1,right
369,714,1099,1181,228,258,Crus 1,right
369,777,1069,1179,242,249,Crus 1,right
369,787,1450,1181,245,339,Crus 1,right
370,269,1982,1207,125,472,Declive (VI),right
370,272,2202,1208,124,515,Declive (VI),right
370,299,2096,1206,131,494,Declive (VI),right
370,317,1906,1204,135,456,Declive (VI),right
370,659,1060,1181,215,252,Crus 1,right
370,286,2128,1207,128,501,Declive (VI),right
370,320,1944,1204,137,464,Declive (VI),right
370,762,976,1177,238,227,Crus 1,right
370,849,907,1173,261,210,Crus 1,right
373,825,930,1173,254,216,Crus 1,right
373,310,1850,1203,133,445,Declive (VI),right
373,591,1161,1184,196,278,Crus 1,right
373,705,1013,1178,225,240,Crus 1,right
373,764,969,1176,239,226,Crus 1,right
373,357,1734,1202,140,420,Simple lobule,right
373,380,1667,1201,143,404,Simple lobule,right
373,527,1271,1187,179,307,Crus 1,right
373,780,1164,1178,244,272,Crus 1,right
373,323,2001,1203,138,475,Declive (VI),right
373,495,1357,1189,173,329,Crus 1,right
373,742,985,1176,234,231,Crus 1,right
373,784,1075,1177,244,250,Crus 1,right
373,258,2029,1207,122,481,Declive (VI),right
373,307,1919,1204,133,459,Declive (VI),right
373,328,1970,1203,139,469,Declive (VI),right
373,845,906,1172,260,210,Crus 1,right
372,892,1875,1181,276,445,Lobules IV-V,right
372,331,1795,1203,136,433,Declive (VI),right
372,571,1204,1185,190,289,Crus 1,right
372,864,890,1171,265,206,Crus 1,right
372,276,1954,1205,126,466,Declive (VI),right
372,762,1050,1177,238,245,Crus 1,right
372,782,1087,1177,243,253,Crus 1,right
372,294,1922,1204,130,459,Declive (VI),right
372,782,1054,1177,243,246,Crus 1,right
374,831,920,1172,255,213,Crus 1,right
374,855,894,1171,262,208,Crus 1,right
374,274,1961,1204,126,467,Declive (VI),right
374,536,1254,1186,181,303,Crus 1,right
374,291,1903,1203,129,456,Declive (VI),right
374,641,1074,1179,209,257,Crus 1,right
374,786,1109,1176,244,259,Crus 1,right
374,278,2268,1206,125,529,Declive (VI),right
374,384,1676,1200,145,406,Simple lobule,right
374,676,1035,1178,218,246,Crus 1,right
374,709,1007,1176,226,237,Crus 1,right
374,731,991,1176,231,233,Crus 1,right
374,748,979,1175,236,229,Crus 1,right
374,283,1929,1204,128,461,Declive (VI),right
374,350,1742,1201,139,421,Simple lobule,right
374,568,1205,1184,190,290,Crus 1,right
374,782,960,1174,243,224,Crus 1,right
374,818,947,1173,253,219,Crus 1,right
374,819,938,1173,253,218,Crus 1,right
374,843,904,1171,259,210,Crus 1,right
371,856,902,1172,262,209,Crus 1,right
371,260,2019,1207,122,479,Declive (VI),right
371,292,1902,1204,129,455,Declive (VI),right
371,311,1949,1204,134,465,Declive (VI),right
371,552,1228,1186,185,296,Crus 1,right
371,643,1188,1183,210,283,Crus 1,right
371,654,1997,1186,219,474,Lobules IV-V,right
375,295,1893,1202,130,454,Declive (VI),right
375,652,1061,1178,212,253,Crus 1,right
375,278,1948,1203,126,465,Declive (VI),right
375,313,2019,1202,135,479,Declive (VI),right
375,730,1406,1180,231,330,Crus 1,right
375,268,2714,1207,124,627,Declive (VI),left
375,275,2216,1206,124,518,Declive (VI),right
375,281,2282,1206,125,531,Declive (VI),right
375,558,1215,1183,187,293,Crus 1,right
375,666,1041,1177,215,248,Crus 1,right
375,739,983,1174,233,231,Crus 1,right
375,842,903,1170,258,210,Crus 1,right
375,858,886,1169,263,205,Crus 1,right
376,346,1747,1200,138,422,Simple lobule,right
376,258,2021,1205,121,479,Declive (VI),right
376,278,1997,1204,126,474,Declive (VI),right
376,290,1906,1203,129,456,Declive (VI),right
376,787,954,1173,244,222,Crus 1,right
376,844,901,1170,259,209,Crus 1,right
376,864,879,1169,265,204,Crus 1,right
376,882,862,1168,269,200,Crus 1,right
380,684,1019,1174,220,243,Crus 1,right
380,883,852,1166,270,198,Crus 1,right
380,558,1210,1181,187,292,Crus 1,right
380,420,2258,1195,157,527,Declive (VI),right
380,534,1253,1182,181,304,Crus 1,right
380,291,2120,1202,127,499,Declive (VI),right
380,800,1114,1173,248,261,Crus 1,right
380,802,1080,1173,247,252,Crus 1,right
380,811,926,1170,250,215,Crus 1,right
380,256,2025,1203,120,480,Declive (VI),right
380,791,1023,1172,245,239,Crus 1,right
378,266,1991,1203,122,473,Declive (VI),right
378,790,1153,1175,246,270,Crus 1,right
378,797,1052,1173,246,245,Crus 1,right
378,855,884,1169,262,206,Crus 1,right
378,320,1995,1201,136,474,Declive (VI),right
378,644,1168,1179,209,279,Crus 1,right
378,681,1582,1184,217,374,Simple lobule,right
378,720,1076,1176,228,253,Crus 1,right
378,763,1035,1174,239,242,Crus 1,right
378,837,902,1170,257,209,Crus 1,right
378,274,1963,1203,125,468,Declive (VI),right
378,345,1924,1199,142,460,Declive (VI),right
378,530,1261,1184,180,305,Crus 1,right
378,534,1255,1183,181,303,Crus 1,right
378,711,998,1174,226,236,Crus 1,right
378,783,1033,1173,244,242,Crus 1,right
378,799,1073,1173,248,251,Crus 1,right
378,891,850,1167,271,198,Crus 1,right
377,323,1811,1201,135,436,Declive (VI),right
377,520,1286,1185,178,311,Crus 1,right
377,715,1087,1177,227,256,Crus 1,right
377,761,1401,1178,238,328,Crus 1,right
377,769,960,1173,240,224,Crus 1,right
377,776,1128,1176,242,264,Crus 1,right
377,829,913,1171,255,212,Crus 1,right
377,241,2115,1207,116,498,Declive (VI),right
377,324,1979,1201,137,471,Declive (VI),right
377,333,1940,1201,140,463,Declive (VI),right
377,533,1257,1184,181,303,Crus 1,right
377,638,1073,1178,209,257,Crus 1,right
377,684,1122,1178,219,265,Crus 1,right
377,752,1402,1179,236,328,Crus 1,right
377,793,1079,1175,247,252,Crus 1,right
377,800,1065,1174,248,248,Crus 1,right
377,907,843,1167,276,197,Crus 1,right
381,780,952,1171,242,222,Crus 1,right
381,589,1149,1179,195,277,Crus 1,right
381,660,1040,1175,214,248,Crus 1,right
381,753,964,1172,236,226,Crus 1,right
381,900,840,1165,274,196,Crus 1,right
381,334,1775,1199,136,429,Declive (VI),right
381,340,1758,1199,137,425,Declive (VI),right
381,799,1151,1174,248,269,Crus 1,right
381,332,1778,1199,135,430,Declive (VI),right
381,727,982,1173,229,231,Crus 1,right
381,855,876,1168,262,204,Crus 1,right
379,775,1026,1172,241,240,Crus 1,right
379,299,2071,1201,130,489,Declive (VI),right
379,308,2036,1200,133,482,Declive (VI),right
379,308,2027,1200,133,480,Declive (VI),right
379,585,1164,1180,193,280,Crus 1,right
379,247,2088,1205,117,493,Declive (VI),right
379,263,2065,1203,122,488,Declive (VI),right
379,275,1963,1202,125,468,Declive (VI),right
379,308,1932,1200,133,461,Declive (VI),right
379,328,1793,1199,136,433,Declive (VI),right
379,860,878,1167,263,205,Crus 1,right
388,322,1800,1196,132,434,Declive (VI),right
388,541,1232,1178,180,298,Crus 1,right
388,281,1931,1198,125,461,Declive (VI),right
388,306,2010,1197,130,477,Declive (VI),right
388,548,1219,1177,183,295,Crus 1,right
388,671,1021,1170,215,244,Crus 1,right
382,743,969,1171,234,228,Crus 1,right
382,584,1159,1178,193,279,Crus 1,right
382,703,999,1172,224,237,Crus 1,right
382,917,829,1164,278,194,Crus 1,right
382,808,1051,1171,250,245,Crus 1,right
382,826,904,1168,254,211,Crus 1,right
382,847,882,1167,259,205,Crus 1,right
382,313,2009,1199,134,477,Declive (VI),right
382,321,1809,1199,133,436,Declive (VI),right
382,375,1684,1196,142,408,Simple lobule,right
382,854,876,1167,262,204,Crus 1,right
383,666,1029,1173,215,246,Crus 1,right
383,811,1071,1170,250,250,Crus 1,right
383,806,1096,1171,249,256,Crus 1,right
383,261,1996,1201,120,474,Declive (VI),right
383,278,2012,1200,125,477,Declive (VI),right
383,307,1847,1198,130,444,Declive (VI),right
383,329,1786,1197,135,431,Declive (VI),right
383,400,2144,1193,153,503,Declive (VI),right
383,829,897,1167,255,209,Crus 1,right
383,833,890,1167,256,207,Crus 1,right
384,284,1919,1199,126,459,Declive (VI),right
384,692,1005,1172,221,239,Crus 1,right
384,282,1994,1200,125,474,Declive (VI),right
384,315,1826,1198,132,439,Declive (VI),right
384,816,1017,1169,250,237,Crus 1,right
384,260,1998,1201,120,475,Declive (VI),right
384,261,1997,1201,120,474,Declive (VI),right
384,294,1902,1199,129,455,Declive (VI),right
384,301,2048,1199,130,485,Declive (VI),right
384,314,1827,1198,132,439,Declive (VI),right
384,344,1909,1197,141,457,Declive (VI),right
384,662,1038,1173,213,249,Crus 1,right
384,788,1021,1170,244,239,Crus 1,right
384,797,1014,1170,245,237,Crus 1,right
384,920,931,1164,278,217,Crus 1,right
385,302,1864,1199,130,448,Declive (VI),right
385,741,1046,1172,232,246,Crus 1,right
385,765,1375,1174,239,322,Crus 1,right
385,251,2045,1202,118,484,Declive (VI),right
385,291,1942,1199,128,463,Declive (VI),right
385,338,1929,1197,140,461,Declive (VI),right
385,441,2263,1192,161,527,Declive (VI),right
385,550,1218,1179,183,295,Crus 1,right
385,747,961,1170,234,226,Crus 1,right
385,786,1014,1170,243,237,Crus 1,right
385,799,924,1168,247,216,Crus 1,right
385,803,1375,1172,248,321,Crus 1,right
385,815,1009,1169,250,236,Crus 1,right
385,822,1005,1169,252,234,Crus 1,right
386,306,1848,1198,130,445,Declive (VI),right
386,269,1969,1200,122,469,Declive (VI),right
386,277,1941,1199,124,463,Declive (VI),right
386,441,2262,1191,161,526,Declive (VI),right
386,713,1555,1179,225,367,Simple lobule,right
386,735,1364,1175,231,321,Crus 1,right
386,788,1012,1169,244,236,Crus 1,right
386,814,1384,1171,251,323,Crus 1,right
387,636,1061,1172,206,255,Crus 1,right
387,873,844,1163,267,197,Crus 1,right
387,378,2264,1194,146,527,Declive (VI),right
387,549,1219,1177,183,295,Crus 1,right
387,276,1982,1199,123,471,Declive (VI),right
387,324,1923,1196,136,460,Declive (VI),right
387,340,1918,1195,139,459,Declive (VI),right
387,652,1040,1171,210,250,Crus 1,right
392,732,964,1167,230,229,Crus 1,right
392,338,1910,1193,139,457,Declive (VI),right
392,745,1355,1171,233,319,Crus 1,right
392,787,1363,1170,243,320,Crus 1,right
392,379,1621,1191,139,393,Simple lobule,right
392,830,1000,1165,254,234,Crus 1,right
389,929,806,1160,282,188,Crus 1,right
389,718,979,1169,228,232,Crus 1,right
389,809,909,1166,249,213,Crus 1,right
389,683,1006,1170,219,240,Crus 1,right
389,1325,1858,1156,381,439,Infracerebellar nucleus,right
389,287,2214,1200,124,517,Declive (VI),right
389,306,1846,1197,130,443,Declive (VI),right
390,826,1040,1166,253,243,Crus 1,right
390,862,848,1162,263,199,Crus 1,right
390,669,1021,1169,215,244,Crus 1,right
390,748,954,1167,235,225,Crus 1,right
390,812,901,1165,249,211,Crus 1,right
390,821,1073,1167,252,252,Crus 1,right
390,823,1053,1167,253,247,Crus 1,right
390,827,1026,1166,253,240,Crus 1,right
390,329,1775,1195,134,428,Declive (VI),right
390,385,1610,1192,141,391,Simple lobule,right
390,622,1078,1172,202,261,Crus 1,right
390,2046,660,1075,609,168,Paraflocculus,right
398,790,911,1162,244,214,Crus 1,right
398,859,836,1158,262,196,Crus 1,right
398,712,974,1164,224,233,Crus 1,right
398,870,1117,1162,265,262,Crus 1,right
398,939,779,1155,284,183,Crus 1,right
398,629,1058,1167,204,256,Crus 1,right
398,789,1001,1163,243,236,Crus 1,right
398,271,1968,1194,121,468,Declive (VI),right
398,279,1960,1194,123,466,Declive (VI),right
398,293,1931,1193,127,460,Declive (VI),right
398,355,1694,1190,135,410,Simple lobule,right
398,719,967,1164,227,230,Crus 1,right
398,964,764,1154,291,180,Crus 1,right
391,831,1018,1165,254,239,Crus 1,right
391,315,1976,1195,132,470,Declive (VI),right
391,358,1683,1193,137,408,Simple lobule,right
391,380,1619,1191,139,393,Simple lobule,right
391,765,1356,1171,238,318,Crus 1,right
391,809,901,1164,249,211,Crus 1,right
396,299,1865,1193,128,447,Declive (VI),right
396,329,1768,1192,133,427,Declive (VI),right
396,737,1042,1166,230,247,Crus 1,right
396,513,1785,1183,180,430,Simple lobule,right
396,838,1045,1163,256,245,Crus 1,right
396,756,1026,1165,235,242,Crus 1,right
395,305,1852,1193,129,444,Declive (VI),right
395,839,1026,1163,256,240,Crus 1,right
395,409,2019,1187,155,478,Declive (VI),right
395,804,991,1163,247,233,Crus 1,right
395,815,888,1162,250,209,Crus 1,right
395,762,1021,1165,236,241,Crus 1,right
395,819,988,1163,251,232,Crus 1,right
395,842,993,1162,256,233,Crus 1,right
395,845,987,1162,257,231,Crus 1,right
394,324,1787,1193,132,430,Declive (VI),right
394,285,1911,1195,125,456,Declive (VI),right
394,340,1899,1192,139,455,Declive (VI),right
394,810,985,1164,248,231,Crus 1,right
394,371,2535,1192,144,586,Declive (VI),left
394,767,1346,1170,238,316,Crus 1,right
394,792,1005,1165,243,236,Crus 1,right
394,857,845,1161,261,198,Crus 1,right
393,831,1050,1165,254,246,Crus 1,right
393,294,2212,1197,126,516,Declive (VI),right
393,307,2274,1197,128,529,Declive (VI),right
393,313,1821,1195,131,438,Declive (VI),right
393,676,1122,1171,215,268,Crus 1,right
393,732,1054,1168,229,250,Crus 1,right
393,835,1009,1164,255,236,Crus 1,right
393,254,2030,1198,117,480,Declive (VI),right
393,271,1962,1197,122,467,Declive (VI),right
393,273,1946,1197,123,464,Declive (VI),right
393,284,1926,1196,125,460,Declive (VI),right
393,323,1959,1194,135,467,Declive (VI),right
393,628,1177,1173,203,282,Crus 1,right
393,637,1150,1172,205,276,Crus 1,right
393,780,1004,1166,241,236,Crus 1,right
393,791,997,1166,244,234,Crus 1,right
408,315,1808,1188,129,435,Declive (VI),right
408,709,1069,1161,223,256,Crus 1,right
408,751,1025,1159,233,244,Crus 1,right
408,887,933,1154,266,221,Crus 1,right
408,660,1119,1163,209,270,Crus 1,right
407,843,839,1154,258,198,Crus 1,right
407,991,737,1148,297,173,Crus 1,right
407,388,1579,1183,139,383,Simple lobule,right
407,514,1278,1169,171,313,Crus 1,right
407,656,1127,1163,208,271,Crus 1,right
402,290,1896,1191,125,453,Declive (VI),right
402,283,1918,1192,124,458,Declive (VI),right
402,995,742,1150,299,174,Crus 1,right
402,303,1925,1191,129,459,Declive (VI),right
402,569,1357,1172,189,329,Crus 1,right
402,799,986,1160,245,232,Crus 1,right
402,842,943,1159,255,222,Crus 1,right
402,876,900,1157,265,212,Crus 1,right
402,286,1913,1192,124,457,Declive (VI),right
402,672,1119,1166,213,269,Crus 1,right
402,701,977,1162,222,233,Crus 1,right
402,720,962,1162,226,229,Crus 1,right
400,253,2032,1195,116,480,Declive (VI),right
400,319,1799,1191,131,433,Declive (VI),right
400,768,1012,1163,238,239,Crus 1,right
400,262,2085,1195,117,491,Declive (VI),right
400,318,2187,1192,130,511,Declive (VI),right
400,729,958,1163,229,228,Crus 1,right
400,815,977,1161,249,229,Crus 1,right
400,865,918,1158,262,216,Crus 1,right
400,960,761,1153,289,179,Crus 1,right
401,752,1025,1163,233,243,Crus 1,right
401,279,1934,1193,123,461,Declive (VI),right
401,721,1056,1164,226,251,Crus 1,right
401,789,999,1162,243,236,Crus 1,right
401,792,991,1162,243,233,Crus 1,right
401,840,1064,1161,256,251,Crus 1,right
401,873,931,1158,265,219,Crus 1,right
401,431,1465,1180,151,358,Simple lobule,right
401,678,1107,1166,215,265,Crus 1,right
401,710,1072,1165,223,255,Crus 1,right
401,713,1067,1165,225,254,Crus 1,right
401,720,963,1163,227,230,Crus 1,right
401,740,1540,1171,229,362,Simple lobule,right
401,863,968,1159,262,228,Crus 1,right
401,871,942,1158,263,221,Crus 1,right
403,763,1018,1161,237,242,Crus 1,right
403,1004,736,1149,301,173,Crus 1,right
403,740,946,1160,231,225,Crus 1,right
403,880,922,1156,266,217,Crus 1,right
403,955,758,1151,288,179,Crus 1,right
403,654,1130,1165,208,272,Crus 1,right
403,655,1550,1173,209,369,Simple lobule,right
403,787,1329,1164,242,313,Crus 1,right
403,867,977,1157,262,230,Crus 1,right
403,870,961,1157,263,226,Crus 1,right
403,881,907,1156,266,213,Crus 1,right
403,721,960,1161,226,229,Crus 1,right
403,819,970,1159,250,229,Crus 1,right
399,777,1005,1162,239,237,Crus 1,right
399,824,976,1161,252,229,Crus 1,right
405,730,952,1160,229,226,Crus 1,right
405,790,896,1158,244,212,Crus 1,right
405,349,1704,1188,134,412,Simple lobule,right
405,670,1113,1164,212,268,Crus 1,right
405,701,1079,1163,220,259,Crus 1,right
405,733,1038,1162,229,248,Crus 1,right
405,743,1031,1162,232,245,Crus 1,right
405,289,1906,1190,125,455,Declive (VI),right
405,802,1331,1164,245,312,Crus 1,right
405,826,856,1157,253,202,Crus 1,right
405,851,831,1156,259,196,Crus 1,right
404,343,2059,1187,137,486,Declive (VI),right
404,684,990,1162,218,238,Crus 1,right
404,774,920,1159,240,218,Crus 1,right
404,808,969,1159,248,229,Crus 1,right
404,848,1337,1161,258,312,Crus 1,right
404,865,1469,1162,260,343,Simple lobule,right
404,970,749,1151,292,176,Crus 1,right
404,293,1886,1190,126,451,Declive (VI),right
404,573,1149,1167,187,280,Crus 1,right
404,621,1160,1166,199,281,Crus 1,right
404,791,1332,1164,243,312,Crus 1,right
404,860,911,1156,261,214,Crus 1,right
404,951,944,1153,284,223,Crus 1,right
406,715,961,1160,225,230,Crus 1,right
406,392,1572,1183,140,381,Simple lobule,right
406,865,1007,1157,262,237,Crus 1,right
406,443,1898,1181,163,454,Declive (VI),right
406,518,1270,1169,173,310,Crus 1,right
406,689,1091,1163,217,262,Crus 1,right
406,706,970,1160,222,232,Crus 1,right
406,871,988,1156,263,233,Crus 1,right
406,873,807,1154,266,190,Crus 1,right
406,404,1529,1181,143,372,Simple lobule,right
406,517,1272,1169,171,310,Crus 1,right
406,637,1710,1174,206,409,Simple lobule,right
406,809,873,1157,249,207,Crus 1,right
406,950,755,1150,286,178,Crus 1,right
409,295,1875,1188,125,449,Declive (VI),right
409,515,1273,1169,171,311,Crus 1,right
409,804,978,1157,246,232,Crus 1,right
409,829,951,1156,253,224,Crus 1,right
409,889,945,1154,268,223,Crus 1,right
409,277,1937,1190,120,461,Declive (VI),right
409,324,1937,1187,133,461,Declive (VI),right
409,645,1134,1163,205,274,Crus 1,right
409,748,1299,1164,233,308,Crus 1,right
409,810,1324,1162,247,311,Crus 1,right
409,843,925,1155,256,218,Crus 1,right
409,884,875,1153,267,207,Crus 1,right
409,941,1343,1155,280,315,Crus 1,right
410,774,1004,1158,239,239,Crus 1,right
410,876,993,1154,264,235,Crus 1,right
410,757,1020,1158,234,243,Crus 1,right
410,808,969,1156,247,230,Crus 1,right
410,895,934,1153,269,221,Crus 1,right
410,899,918,1152,270,218,Crus 1,right
410,907,904,1152,272,214,Crus 1,right
410,1048,1091,1148,311,259,Crus 1,right
410,276,1945,1189,120,463,Declive (VI),right
410,307,1922,1187,128,458,Declive (VI),right
410,772,1312,1162,237,309,Crus 1,right
410,924,1405,1156,275,328,Crus 1,right
410,971,1393,1153,287,326,Crus 1,right
414,285,1912,1186,122,455,Declive (VI),right
414,420,1906,1179,156,455,Declive (VI),right
414,849,821,1151,259,194,Crus 1,right
414,896,1321,1155,268,309,Crus 1,right
414,394,1560,1179,140,379,Simple lobule,right
414,670,993,1157,213,241,Crus 1,right
414,455,1884,1178,165,451,Declive (VI),right
414,635,1680,1170,205,402,Simple lobule,right
414,745,1030,1157,231,246,Crus 1,right
414,772,905,1154,238,216,Crus 1,right
414,911,921,1150,273,218,Crus 1,right
412,519,1261,1166,172,308,Crus 1,right
412,436,1885,1179,160,451,Declive (VI),right
412,787,992,1156,241,235,Crus 1,right
412,886,980,1153,266,232,Crus 1,right
412,728,949,1157,228,227,Crus 1,right
412,916,858,1150,275,204,Crus 1,right
412,739,1036,1158,230,247,Crus 1,right
411,912,881,1151,273,208,Crus 1,right
411,511,1281,1167,169,313,Crus 1,right
411,610,1536,1171,197,368,Simple lobule,right
411,775,904,1155,239,215,Crus 1,right
411,942,1333,1153,279,312,Crus 1,right
411,625,1182,1162,199,286,Crus 1,right
411,703,1074,1159,221,258,Crus 1,right
411,714,1062,1159,223,254,Crus 1,right
411,775,1494,1164,237,351,Simple lobule,right
411,776,1297,1161,239,306,Crus 1,right
413,343,1705,1185,132,412,Simple lobule,right
413,696,971,1157,220,233,Crus 1,right
413,793,983,1156,244,234,Crus 1,right
413,920,880,1150,276,208,Crus 1,right
413,298,1899,1186,126,454,Declive (VI),right
413,611,1060,1160,197,258,Crus 1,right
413,773,904,1155,239,215,Crus 1,right
413,804,972,1155,246,230,Crus 1,right
413,810,864,1154,248,205,Crus 1,right
415,382,1582,1180,136,383,Simple lobule,right
415,925,864,1148,277,205,Crus 1,right
415,629,1165,1160,200,283,Crus 1,right
415,914,903,1149,274,215,Crus 1,right
415,723,952,1155,227,228,Crus 1,right
415,749,1025,1156,232,245,Crus 1,right
415,760,916,1154,235,218,Crus 1,right
415,821,945,1153,250,224,Crus 1,right
415,879,1300,1155,264,305,Crus 1,right
415,1031,870,1144,304,208,Crus 1,right
416,448,1845,1177,163,442,Declive (VI),right
416,818,853,1151,251,203,Crus 1,right
416,681,1083,1158,214,262,Crus 1,right
416,863,1312,1155,260,307,Crus 1,right
416,306,1931,1184,127,459,Declive (VI),right
416,340,1924,1182,135,458,Declive (VI),right
416,516,1270,1164,170,311,Crus 1,right
416,692,1310,1162,217,313,Crus 1,right
416,762,1015,1155,235,242,Crus 1,right
416,775,896,1153,239,213,Crus 1,right
416,796,983,1154,243,234,Crus 1,right
416,880,1314,1155,264,308,Crus 1,right
416,905,1314,1153,270,308,Crus 1,right
424,347,1644,1179,128,397,Simple lobule,right
424,866,792,1146,263,188,Crus 1,right
424,925,932,1145,276,222,Crus 1,right
424,930,915,1145,277,218,Crus 1,right
424,464,2101,1171,162,492,Lobules IV-V,right
424,841,1283,1153,254,303,Crus 1,right
424,919,961,1146,274,229,Crus 1,right
424,966,822,1142,287,196,Crus 1,right
424,356,1625,1178,130,393,Simple lobule,right
424,403,1517,1173,141,368,Simple lobule,right
424,811,848,1148,248,203,Crus 1,right
417,358,1964,1181,140,466,Declive (VI),right
417,906,949,1150,271,225,Crus 1,right
417,364,1953,1181,141,464,Declive (VI),right
417,772,1001,1155,237,238,Crus 1,right
417,782,997,1154,240,237,Crus 1,right
417,911,937,1149,272,222,Crus 1,right
417,932,875,1148,278,208,Crus 1,right
417,296,1879,1185,124,449,Declive (VI),right
417,391,1565,1179,138,380,Simple lobule,right
417,532,1699,1174,179,409,Simple lobule,right
417,669,1095,1158,211,265,Crus 1,right
417,698,1064,1157,219,256,Crus 1,right
417,815,956,1153,248,227,Crus 1,right
417,945,1298,1151,281,305,Crus 1,right
419,385,1574,1178,137,382,Simple lobule,right
419,391,1926,1178,147,458,Declive (VI),right
419,525,1249,1162,172,306,Crus 1,right
419,424,1878,1176,157,449,Declive (VI),right
419,650,1108,1157,205,269,Crus 1,right
419,359,1857,1180,140,444,Declive (VI),right
419,376,1933,1179,144,460,Declive (VI),right
419,661,1099,1156,208,267,Crus 1,right
419,732,942,1153,228,226,Crus 1,right
419,842,910,1150,255,216,Crus 1,right
419,931,829,1146,278,197,Crus 1,right
419,281,1930,1184,120,459,Declive (VI),right
419,389,1568,1177,138,381,Simple lobule,right
419,830,929,1150,252,221,Crus 1,right
418,294,1890,1184,124,451,Declive (VI),right
418,439,1857,1177,160,444,Declive (VI),right
418,444,1836,1177,162,440,Declive (VI),right
418,891,1007,1150,267,238,Crus 1,right
418,753,1018,1154,233,244,Crus 1,right
418,775,1484,1161,236,349,Simple lobule,right
418,859,1304,1155,259,306,Crus 1,right
418,946,836,1146,282,199,Crus 1,right
418,390,1566,1178,138,379,Simple lobule,right
418,396,1551,1177,139,376,Simple lobule,right
418,438,1846,1177,160,442,Declive (VI),right
418,621,1173,1159,197,286,Crus 1,right
418,910,1061,1150,273,251,Crus 1,right
420,356,1940,1180,139,461,Declive (VI),right
420,382,1918,1178,145,457,Declive (VI),right
420,398,1914,1177,150,456,Declive (VI),right
420,423,1870,1177,157,447,Declive (VI),right
420,793,872,1150,244,208,Crus 1,right
420,366,1932,1179,141,459,Declive (VI),right
420,448,1824,1176,162,438,Declive (VI),right
420,520,1258,1162,171,308,Crus 1,right
420,752,920,1152,233,220,Crus 1,right
420,846,818,1148,257,195,Crus 1,right
420,930,1285,1150,277,302,Crus 1,right
420,955,808,1144,285,193,Crus 1,right
420,1015,1068,1145,300,255,Crus 1,right
420,349,1905,1180,138,454,Declive (VI),right
420,836,1465,1157,251,343,Simple lobule,right
420,938,881,1146,280,210,Crus 1,right
420,947,1408,1151,279,329,Crus 1,right
420,962,1294,1149,284,304,Crus 1,right
421,394,1554,1176,139,377,Simple lobule,right
421,333,1710,1182,129,412,Simple lobule,right
421,772,893,1151,238,214,Crus 1,right
421,782,881,1151,240,210,Crus 1,right
421,893,772,1146,271,183,Crus 1,right
421,357,1916,1180,139,456,Declive (VI),right
421,375,1909,1179,144,455,Declive (VI),right
421,398,1540,1176,141,374,Simple lobule,right
421,473,1773,1175,168,427,Simple lobule,right
421,835,827,1149,255,196,Crus 1,right
421,914,951,1148,273,226,Crus 1,right
421,959,816,1144,286,194,Crus 1,right
421,392,1559,1177,138,378,Simple lobule,right
421,740,1036,1154,229,248,Crus 1,right
421,775,998,1153,238,239,Crus 1,right
421,861,800,1148,261,190,Crus 1,right
422,625,1156,1157,198,281,Crus 1,right
422,353,1929,1179,138,459,Declive (VI),right
422,635,1129,1156,201,275,Crus 1,right
422,803,859,1149,247,205,Crus 1,right
422,912,965,1147,272,230,Crus 1,right
422,921,945,1146,275,225,Crus 1,right
422,923,1048,1148,276,250,Crus 1,right
422,375,1935,1178,143,460,Declive (VI),right
422,838,821,1148,256,195,Crus 1,right
423,652,1100,1154,205,267,Crus 1,right
423,906,1003,1147,271,239,Crus 1,right
423,977,804,1142,290,192,Crus 1,right
423,667,989,1152,211,240,Crus 1,right
423,452,1828,1174,162,439,Declive (VI),right
426,761,1012,1150,234,242,Crus 1,right
426,293,1900,1181,123,453,Declive (VI),right
426,753,1019,1151,233,245,Crus 1,right
426,354,1626,1178,129,392,Simple lobule,right
426,880,861,1145,265,205,Crus 1,right
426,937,905,1144,278,216,Crus 1,right
426,358,1919,1177,139,457,Declive (VI),right
426,407,1898,1175,151,453,Declive (VI),right
426,830,825,1146,253,197,Crus 1,right
426,858,1269,1151,259,299,Crus 1,right
426,954,1265,1146,282,297,Crus 1,right
426,988,777,1140,294,185,Crus 1,right
426,996,1314,1145,292,308,Crus 1,right
426,1033,1347,1144,302,315,Crus 1,right
426,1102,827,1137,322,199,Crus 1,right
429,329,1714,1178,127,413,Simple lobule,right
429,797,858,1147,244,206,Crus 1,right
429,352,1627,1177,128,392,Simple lobule,right
429,903,1272,1148,270,299,Crus 1,right
429,916,1281,1148,272,301,Crus 1,right
429,962,867,1141,285,207,Crus 1,right
429,965,780,1140,288,186,Crus 1,right
429,348,1635,1177,128,395,Simple lobule,right
429,363,1607,1176,131,388,Simple lobule,right
429,710,1053,1151,221,255,Crus 1,right
429,819,944,1147,249,226,Crus 1,right
429,834,818,1145,254,196,Crus 1,right
429,996,1329,1144,291,311,Crus 1,right
429,997,1365,1145,291,319,Crus 1,right
429,1020,748,1138,302,179,Crus 1,right
425,286,1925,1182,120,458,Declive (VI),right
425,416,1852,1176,154,443,Declive (VI),right
425,426,1831,1175,156,439,Declive (VI),right
425,463,1783,1174,165,429,Simple lobule,right
425,573,1119,1156,184,274,Crus 1,right
425,638,1117,1155,202,271,Crus 1,right
425,691,1067,1153,216,257,Crus 1,right
425,720,1052,1153,224,253,Crus 1,right
425,965,832,1142,287,198,Crus 1,right
425,1005,1298,1145,295,305,Crus 1,right
425,288,1913,1182,122,456,Declive (VI),right
425,295,1887,1181,123,450,Declive (VI),right
425,301,1876,1181,124,448,Declive (VI),right
425,351,1633,1179,129,395,Simple lobule,right
425,356,1624,1178,130,393,Simple lobule,right
425,372,1900,1177,142,453,Declive (VI),right
425,405,1507,1172,141,366,Simple lobule,right
425,418,1839,1175,155,441,Declive (VI),right
425,629,1128,1155,199,275,Crus 1,right
425,902,837,1145,270,199,Crus 1,right
425,945,882,1144,281,210,Crus 1,right
425,977,783,1142,290,187,Crus 1,right
434,295,1908,1177,122,454,Declive (VI),right
434,916,740,1139,276,177,Crus 1,right
434,1004,820,1136,297,197,Crus 1,right
434,404,1497,1167,140,364,Simple lobule,right
434,655,1086,1149,205,264,Crus 1,right
434,682,1057,1149,212,256,Crus 1,right
434,734,1032,1148,227,248,Crus 1,right
434,822,1256,1150,249,298,Crus 1,right
434,863,1260,1148,260,298,Crus 1,right
434,896,1250,1146,267,295,Crus 1,right
434,1016,1373,1142,296,322,Crus 1,right
434,1093,722,1132,322,171,Crus 1,right
434,386,1899,1172,145,453,Declive (VI),right
434,450,1776,1170,160,426,Simple lobule,right
434,586,1090,1151,186,267,Crus 1,right
434,599,1068,1150,191,262,Crus 1,right
434,635,1017,1148,201,248,Crus 1,right
434,825,932,1144,250,223,Crus 1,right
434,1026,1279,1140,299,300,Crus 1,right
427,393,1900,1174,148,453,Declive (VI),right
427,774,997,1149,238,238,Crus 1,right
427,945,895,1142,281,214,Crus 1,right
427,978,1275,1144,288,299,Crus 1,right
427,671,1079,1152,210,262,Crus 1,right
427,825,831,1145,252,199,Crus 1,right
427,930,1032,1144,277,246,Crus 1,right
427,950,797,1141,283,190,Crus 1,right
427,1008,784,1139,299,188,Crus 1,right
427,1091,1034,1138,319,248,Crus 1,right
427,582,1104,1154,186,270,Crus 1,right
427,624,1677,1165,201,401,Simple lobule,right
427,764,895,1148,236,215,Crus 1,right
427,971,1354,1146,285,317,Crus 1,right
428,719,1045,1151,223,252,Crus 1,right
428,741,1027,1150,229,247,Crus 1,right
428,372,1904,1176,142,454,Declive (VI),right
428,676,1303,1156,212,314,Crus 1,right
428,981,1045,1142,290,249,Crus 1,right
428,1000,758,1139,297,181,Crus 1,right
428,1014,779,1138,300,186,Crus 1,right
428,1018,774,1138,302,185,Crus 1,right
428,1020,754,1138,302,180,Crus 1,right
428,401,1520,1171,140,369,Simple lobule,right
428,640,1015,1151,203,247,Crus 1,right
428,783,991,1149,240,237,Crus 1,right
428,891,1277,1149,266,300,Crus 1,right
428,1032,753,1138,305,180,Crus 1,right
432,529,1238,1156,171,304,Crus 1,right
432,380,1849,1174,144,443,Declive (VI),right
432,972,1260,1143,286,296,Crus 1,right
432,1061,757,1135,312,180,Crus 1,right
432,354,1619,1175,129,391,Simple lobule,right
432,848,802,1142,258,192,Crus 1,right
432,869,868,1143,262,208,Crus 1,right
432,945,1258,1145,279,296,Crus 1,right
435,363,1600,1172,130,386,Simple lobule,right
435,815,834,1142,249,201,Crus 1,right
435,660,1079,1148,207,263,Crus 1,right
435,390,1549,1169,136,375,Simple lobule,right
435,644,1101,1149,202,268,Crus 1,right
435,727,1040,1147,224,251,Crus 1,right
435,744,1483,1155,228,351,Simple lobule,right
435,904,1253,1145,269,296,Crus 1,right
435,993,837,1136,294,201,Crus 1,right
435,1085,756,1132,318,181,Crus 1,right
435,330,1683,1175,125,406,Simple lobule,right
435,421,1955,1169,152,463,Lobules IV-V,right
435,741,1028,1147,228,249,Crus 1,right
435,806,841,1142,246,202,Crus 1,right
435,1020,1329,1140,297,311,Crus 1,right
430,686,962,1149,216,233,Crus 1,right
430,929,965,1143,277,231,Crus 1,right
430,356,1618,1176,129,391,Simple lobule,right
430,382,1569,1173,134,380,Simple lobule,right
430,393,1546,1172,138,375,Simple lobule,right
430,590,1087,1152,188,266,Crus 1,right
430,862,791,1143,261,189,Crus 1,right
430,928,994,1143,277,238,Crus 1,right
430,956,880,1141,283,211,Crus 1,right
430,1042,765,1136,307,183,Crus 1,right
430,1050,751,1136,310,179,Crus 1,right
430,348,1634,1176,128,395,Simple lobule,right
430,349,1633,1176,128,395,Simple lobule,right
430,350,1630,1176,128,393,Simple lobule,right
430,372,1942,1174,141,461,Declive (VI),right
430,388,1856,1174,146,444,Declive (VI),right
430,394,1914,1173,147,456,Declive (VI),right
430,491,1332,1160,163,326,Simple lobule,right
430,645,1006,1150,205,245,Crus 1,right
430,785,869,1146,241,209,Crus 1,right
430,849,803,1143,258,193,Crus 1,right
430,963,1409,1146,283,330,Simple lobule,right
430,1026,770,1137,303,184,Crus 1,right
431,882,770,1141,266,184,Crus 1,right
431,808,843,1144,248,203,Crus 1,right
431,945,913,1141,280,219,Crus 1,right
431,774,879,1145,239,212,Crus 1,right
431,979,845,1138,290,203,Crus 1,right
431,1006,751,1136,298,179,Crus 1,right
431,663,1658,1162,210,396,Simple lobule,right
431,679,1069,1150,212,260,Crus 1,right
431,882,854,1142,265,205,Crus 1,right
431,931,733,1139,280,175,Crus 1,right
431,987,1378,1144,288,323,Crus 1,right
436,835,810,1141,254,195,Crus 1,right
436,398,1525,1168,139,370,Simple lobule,right
436,351,1622,1173,127,391,Simple lobule,right
436,970,875,1137,287,210,Crus 1,right
436,334,1666,1175,125,401,Simple lobule,right
436,769,878,1144,237,212,Crus 1,right
436,958,1246,1142,283,293,Crus 1,right
436,1038,794,1134,306,191,Crus 1,right
436,303,1885,1176,124,449,Declive (VI),right
436,329,1682,1175,124,405,Simple lobule,right
436,628,1121,1149,198,273,Crus 1,right
436,642,1092,1149,201,266,Crus 1,right
436,706,1050,1147,219,254,Crus 1,right
436,744,1022,1146,229,246,Crus 1,right
436,1012,1338,1141,294,314,Crus 1,right
436,1044,1351,1139,303,316,Crus 1,right
433,962,879,1140,285,211,Crus 1,right
433,634,1112,1151,200,271,Crus 1,right
433,995,830,1138,294,199,Crus 1,right
433,1028,1364,1142,300,319,Crus 1,right
433,1073,729,1134,316,174,Crus 1,right
433,418,1821,1172,154,436,Declive (VI),right
433,444,1788,1171,159,430,Simple lobule,right
433,563,1154,1153,180,283,Crus 1,right
433,608,1053,1150,194,258,Crus 1,right
433,764,1002,1147,235,240,Crus 1,right
433,813,952,1145,248,227,Crus 1,right
433,836,1222,1149,253,290,Crus 1,right
433,939,951,1141,279,227,Crus 1,right
433,961,1256,1144,283,295,Crus 1,right
433,996,1395,1144,290,326,Simple lobule,right
433,1007,1384,1143,293,324,Crus 1,right
437,324,1718,1175,125,414,Simple lobule,right
437,370,1584,1172,131,383,Simple lobule,right
437,330,1678,1175,124,405,Simple lobule,right
437,377,1573,1171,132,381,Simple lobule,right
437,916,1244,1144,272,294,Crus 1,right
437,950,923,1139,281,222,Crus 1,right
437,565,1148,1151,180,282,Crus 1,right
437,697,1048,1147,216,255,Crus 1,right
437,1031,803,1135,303,194,Crus 1,right
437,359,1607,1173,129,387,Simple lobule,right
437,388,1554,1170,136,377,Simple lobule,right
437,665,1051,1148,208,255,Crus 1,right
437,673,1064,1148,211,259,Crus 1,right
437,692,955,1146,216,232,Crus 1,right
437,738,916,1145,229,221,Crus 1,right
437,777,869,1143,238,210,Crus 1,right
437,1112,745,1131,325,178,Crus 1,right
438,401,1515,1167,139,368,Simple lobule,right
438,803,839,1141,246,202,Crus 1,right
438,348,1628,1173,127,393,Simple lobule,right
438,358,1608,1172,129,389,Simple lobule,right
438,681,1044,1147,212,254,Crus 1,right
438,848,796,1140,258,191,Crus 1,right
438,906,743,1137,273,179,Crus 1,right
438,1109,708,1129,325,169,Crus 1,right
438,337,1656,1174,124,399,Simple lobule,right
438,349,1625,1172,127,392,Simple lobule,right
438,359,1606,1172,129,387,Simple lobule,right
438,427,1875,1169,154,447,Declive (VI),right
438,776,868,1143,238,210,Crus 1,right
438,1004,1357,1140,292,317,Crus 1,right
439,944,1243,1141,279,294,Crus 1,right
439,951,1237,1141,280,291,Crus 1,right
439,639,1101,1147,200,269,Crus 1,right
439,829,1246,1147,251,296,Crus 1,right
439,300,1903,1174,122,453,Declive (VI),right
439,337,1654,1173,124,399,Simple lobule,right
439,627,1121,1148,196,274,Crus 1,right
439,780,986,1143,238,237,Crus 1,right
442,676,1060,1145,210,258,Crus 1,right
442,304,1886,1173,123,449,Declive (VI),right
442,878,765,1136,266,184,Crus 1,right
442,1018,834,1133,300,202,Crus 1,right
442,1099,707,1128,323,168,Crus 1,right
442,740,1024,1144,228,248,Crus 1,right
442,794,950,1141,242,229,Crus 1,right
442,1106,760,1129,323,183,Crus 1,right
442,1184,715,1124,345,172,Crus 1,right
442,323,1715,1173,124,412,Simple lobule,right
442,391,1541,1166,136,373,Simple lobule,right
442,475,1731,1166,164,416,Simple lobule,right
442,965,1400,1142,282,327,Simple lobule,right
442,1005,1303,1138,292,306,Crus 1,right
442,1026,1343,1138,297,315,Crus 1,right
442,1047,1316,1137,303,308,Crus 1,right
440,666,1070,1146,208,261,Crus 1,right
440,687,1053,1146,213,256,Crus 1,right
440,954,941,1137,282,226,Crus 1,right
440,997,846,1134,293,204,Crus 1,right
440,748,898,1142,232,218,Crus 1,right
440,1121,747,1129,327,179,Crus 1,right
440,1148,732,1127,335,175,Crus 1,right
440,1035,1361,1139,300,318,Crus 1,right
440,1044,1315,1137,303,308,Crus 1,right
440,1129,706,1128,331,168,Crus 1,right
444,343,1633,1170,125,394,Simple lobule,right
444,710,1036,1143,220,251,Crus 1,right
444,379,1566,1167,133,378,Simple lobule,right
444,806,833,1139,246,202,Crus 1,right
444,822,929,1140,248,224,Crus 1,right
444,890,840,1136,267,202,Crus 1,right
444,1154,744,1125,336,180,Crus 1,right
444,616,1134,1146,193,278,Crus 1,right
444,733,1019,1143,226,247,Crus 1,right
444,848,890,1138,256,214,Crus 1,right
444,1026,1366,1137,297,319,Crus 1,right
444,1040,1305,1136,301,306,Crus 1,right
441,1045,803,1132,307,194,Crus 1,right
441,1169,709,1126,341,170,Crus 1,right
441,307,1873,1174,123,447,Declive (VI),right
441,864,1238,1145,259,294,Crus 1,right
441,956,777,1135,284,186,Crus 1,right
441,972,984,1137,286,237,Crus 1,right
441,1035,1007,1135,303,242,Crus 1,right
441,1080,1310,1136,312,307,Crus 1,right
441,1134,740,1128,331,178,Crus 1,right
441,312,1834,1174,124,439,Declive (VI),right
441,313,1843,1174,126,441,Declive (VI),right
441,392,1540,1167,136,373,Simple lobule,right
441,395,1533,1167,137,372,Simple lobule,right
441,609,1153,1148,192,283,Crus 1,right
441,691,958,1144,216,233,Crus 1,right
441,726,1027,1145,224,248,Crus 1,right
441,733,912,1143,228,220,Crus 1,right
441,741,1238,1149,228,298,Crus 1,right
441,814,837,1140,248,201,Crus 1,right
441,847,896,1140,255,215,Crus 1,right
441,862,874,1139,259,210,Crus 1,right
441,959,1382,1142,281,323,Simple lobule,right
441,1017,1311,1139,295,307,Crus 1,right
441,1071,1330,1137,310,311,Crus 1,right
441,1075,1318,1136,311,309,Crus 1,right
441,1089,1253,1134,316,295,Crus 1,right
441,1128,698,1127,331,167,Crus 1,right
443,556,1154,1148,176,284,Crus 1,right
443,907,1413,1144,266,331,Simple lobule,right
443,968,918,1134,286,222,Crus 1,right
443,977,891,1134,287,215,Crus 1,right
443,1059,798,1130,310,193,Crus 1,right
443,799,841,1139,245,203,Crus 1,right
443,1035,818,1131,304,198,Crus 1,right
443,1052,1291,1135,304,303,Crus 1,right
443,1081,783,1129,316,190,Crus 1,right
443,1196,720,1123,348,173,Crus 1,right
443,1026,1322,1137,297,309,Crus 1,right
445,398,1519,1164,138,369,Simple lobule,right
445,763,878,1140,235,213,Crus 1,right
445,610,1146,1146,192,280,Crus 1,right
445,743,897,1141,230,217,Crus 1,right
445,993,872,1133,293,210,Crus 1,right
445,1007,851,1132,296,205,Crus 1,right
445,1042,820,1131,305,198,Crus 1,right
445,403,1507,1163,139,366,Simple lobule,right
445,439,1764,1167,156,424,Simple lobule,right
445,725,916,1141,225,222,Crus 1,right
445,1016,1371,1138,294,320,Simple lobule,right
445,1056,1216,1134,306,287,Crus 1,right
445,1094,990,1130,318,239,Crus 1,right
445,791,968,1141,241,234,Crus 1,right
445,978,1351,1139,285,316,Crus 1,right
445,1038,1344,1136,301,315,Crus 1,right
446,350,1618,1169,126,390,Simple lobule,right
446,322,1737,1171,123,417,Simple lobule,right
446,328,1675,1170,123,403,Simple lobule,right
446,364,1589,1168,129,384,Simple lobule,right
446,738,901,1140,229,219,Crus 1,right
446,815,1226,1144,247,292,Crus 1,right
446,332,1661,1170,122,399,Simple lobule,right
446,356,1603,1168,127,387,Simple lobule,right
446,656,1075,1144,204,262,Crus 1,right
446,720,922,1141,224,224,Crus 1,right
446,744,1011,1142,229,244,Crus 1,right
446,840,905,1138,253,218,Crus 1,right
446,876,1223,1142,261,291,Crus 1,right
446,1068,799,1129,313,193,Crus 1,right
446,330,1670,1170,123,402,Simple lobule,right
446,395,1531,1164,137,371,Simple lobule,right
446,651,990,1142,204,242,Crus 1,right
446,792,845,1138,242,205,Crus 1,right
446,796,840,1138,243,203,Crus 1,right
446,805,958,1140,244,231,Crus 1,right
446,904,740,1133,272,178,Crus 1,right
446,1024,1326,1136,297,310,Crus 1,right
446,1045,1334,1135,302,313,Crus 1,right
446,1061,1342,1135,306,314,Crus 1,right
447,814,820,1136,248,199,Crus 1,right
447,337,1650,1169,123,397,Simple lobule,right
447,604,1045,1143,191,256,Crus 1,right
447,706,1043,1142,218,254,Crus 1,right
447,684,960,1141,214,234,Crus 1,right
447,781,976,1139,238,236,Crus 1,right
447,835,915,1137,252,221,Crus 1,right
450,390,1539,1163,135,373,Simple lobule,right
450,681,1044,1141,211,255,Crus 1,right
450,1037,1202,1132,301,284,Crus 1,right
450,1103,784,1125,322,190,Crus 1,right
450,558,1177,1145,177,289,Crus 1,right
450,658,980,1140,207,239,Crus 1,right
450,733,1230,1144,226,296,Crus 1,right
450,788,964,1138,240,233,Crus 1,right
450,871,1211,1140,260,288,Crus 1,right
450,923,804,1132,276,194,Crus 1,right
450,931,1208,1137,275,287,Crus 1,right
450,1068,1198,1130,310,284,Crus 1,right
450,1168,692,1121,341,165,Crus 1,right
450,1832,492,1051,536,126,Paraflocculus,right
450,321,1735,1169,123,417,Simple lobule,right
450,643,1080,1142,201,264,Crus 1,right
450,1022,1211,1133,297,286,Crus 1,right
450,1039,1263,1133,301,297,Crus 1,right
450,1068,1291,1132,309,303,Crus 1,right
450,1091,657,1124,321,155,Crus 1,right
449,771,864,1138,237,210,Crus 1,right
449,1011,977,1132,296,235,Crus 1,right
449,438,1760,1165,156,422,Simple lobule,right
449,846,894,1136,255,216,Crus 1,right
449,848,885,1136,256,214,Crus 1,right
449,956,1389,1140,278,325,Simple lobule,right
449,1028,842,1130,302,203,Crus 1,right
449,1047,1205,1132,303,285,Crus 1,right
449,1087,792,1127,317,191,Crus 1,right
449,740,895,1139,229,218,Crus 1,right
449,747,1242,1145,228,298,Crus 1,right
449,765,999,1140,234,242,Crus 1,right
449,1047,1316,1134,302,308,Crus 1,right
449,1091,658,1125,321,156,Crus 1,right
448,457,1743,1164,159,419,Simple lobule,right
448,986,897,1132,290,216,Crus 1,right
448,667,1059,1142,207,258,Crus 1,right
448,709,1256,1146,219,303,Crus 1,right
448,824,922,1137,249,222,Crus 1,right
448,907,1194,1139,269,284,Crus 1,right
448,1060,1212,1132,307,286,Crus 1,right
448,1157,751,1124,336,181,Crus 1,right
448,393,1534,1163,136,372,Simple lobule,right
448,869,866,1135,261,209,Crus 1,right
448,1064,1318,1133,307,309,Crus 1,right
451,901,737,1131,271,178,Crus 1,right
451,323,1719,1168,123,413,Simple lobule,right
451,904,1208,1138,268,287,Crus 1,right
451,1042,975,1129,303,236,Crus 1,right
451,1057,818,1127,308,199,Crus 1,right
451,407,1469,1158,139,358,Simple lobule,right
451,697,1039,1140,215,253,Crus 1,right
451,808,944,1137,245,228,Crus 1,right
451,897,833,1132,267,202,Crus 1,right
451,1203,697,1118,350,167,Crus 1,right
451,451,1363,1152,150,335,Simple lobule,right
451,752,880,1137,231,214,Crus 1,right
451,777,980,1138,236,237,Crus 1,right
451,1002,1201,1133,291,284,Crus 1,right
451,1019,1335,1134,295,313,Crus 1,right
451,1079,1253,1130,311,295,Crus 1,right
452,405,1480,1159,139,360,Simple lobule,right
452,719,1023,1140,222,249,Crus 1,right
452,996,901,1130,292,218,Crus 1,right
452,1065,816,1126,311,198,Crus 1,right
452,1152,761,1122,334,184,Crus 1,right
452,314,2264,1170,120,524,Lobules IV-V,right
452,477,2096,1159,159,489,Lobules IV-V,right
452,559,1163,1144,177,286,Crus 1,right
452,636,1092,1141,198,267,Crus 1,right
452,707,1030,1140,218,250,Crus 1,right
452,347,1618,1166,124,390,Simple lobule,right
452,722,1222,1143,222,295,Crus 1,right
452,800,946,1137,243,229,Crus 1,right
452,1027,1341,1134,296,314,Crus 1,right
452,1038,1280,1132,301,301,Crus 1,right
452,1053,1252,1131,305,294,Crus 1,right
452,1082,1274,1130,311,299,Crus 1,right
452,1106,1303,1130,318,306,Crus 1,right
453,667,1051,1141,207,256,Crus 1,right
453,819,807,1134,250,196,Crus 1,right
453,1028,1192,1131,299,282,Crus 1,right
453,325,1687,1168,122,405,Simple lobule,right
453,345,1621,1166,124,390,Simple lobule,right
453,897,1205,1138,266,286,Crus 1,right
453,1047,835,1127,305,203,Crus 1,right
453,1054,1189,1130,305,282,Crus 1,right
453,321,1739,1168,123,418,Simple lobule,right
453,326,1681,1168,121,404,Simple lobule,right
453,622,1115,1142,194,273,Crus 1,right
453,686,1040,1140,212,253,Crus 1,right
453,819,930,1136,248,225,Crus 1,right
453,836,908,1135,252,220,Crus 1,right
453,881,1200,1139,263,286,Crus 1,right
453,322,1717,1168,122,412,Simple lobule,right
453,381,1557,1163,132,376,Simple lobule,right
453,449,1737,1163,157,416,Simple lobule,right
453,691,1237,1144,213,299,Crus 1,right
453,715,920,1138,222,224,Crus 1,right
453,790,962,1137,240,232,Crus 1,right
453,800,954,1137,243,231,Crus 1,right
453,845,1324,1142,252,313,Crus 1,right
453,1044,1189,1130,303,282,Crus 1,right
453,1050,1271,1131,303,298,Crus 1,right
453,1055,1293,1132,304,304,Crus 1,right
453,1072,1291,1131,308,303,Crus 1,right
453,1238,724,1117,359,176,Crus 1,right
454,665,970,1138,208,237,Crus 1,right
454,794,836,1134,243,203,Crus 1,right
454,812,817,1134,247,198,Crus 1,right
454,402,1498,1159,137,364,Simple lobule,right
454,679,1242,1143,211,301,Crus 1,right
454,852,871,1133,256,211,Crus 1,right
454,900,1396,1140,264,327,Simple lobule,right
454,1057,964,1127,307,234,Crus 1,right
454,1087,1248,1129,312,294,Crus 1,right
454,336,1650,1166,122,397,Simple lobule,right
454,370,1573,1163,129,380,Simple lobule,right
454,458,1750,1162,160,420,Simple lobule,right
454,946,1196,1135,278,284,Crus 1,right
454,1060,1313,1131,305,308,Crus 1,right
455,1006,909,1128,294,221,Crus 1,right
455,742,889,1135,228,217,Crus 1,right
455,806,823,1133,245,201,Crus 1,right
455,1079,811,1124,314,197,Crus 1,right
455,445,1746,1162,156,419,Simple lobule,right
455,1070,1334,1130,308,313,Crus 1,right
455,367,1579,1163,128,381,Simple lobule,right
455,626,1014,1139,196,249,Crus 1,right
455,674,1045,1139,209,255,Crus 1,right
455,835,904,1133,252,219,Crus 1,right
455,1000,1362,1134,289,319,Simple lobule,right
455,1038,1302,1131,300,305,Crus 1,right
455,1095,1225,1127,315,289,Crus 1,right
456,1019,1185,1130,296,281,Crus 1,right
456,737,1009,1137,225,245,Crus 1,right
456,919,1200,1135,272,285,Crus 1,right
456,362,2279,1165,130,527,Lobules IV-V,right
456,915,807,1129,273,195,Crus 1,right
456,1047,1183,1129,303,281,Crus 1,right
456,713,922,1136,222,224,Crus 1,right
456,729,1015,1138,224,246,Crus 1,right
456,829,911,1134,250,220,Crus 1,right
456,895,829,1130,267,201,Crus 1,right
456,1063,1262,1129,307,296,Crus 1,right
456,801,826,1133,244,201,Crus 1,right
456,813,938,1135,246,228,Crus 1,right
456,828,1409,1142,247,332,Simple lobule,right
456,883,1195,1137,263,285,Crus 1,right
456,1020,1358,1133,295,318,Simple lobule,right
456,1031,1306,1131,297,306,Crus 1,right
456,1047,1314,1131,301,308,Crus 1,right
456,1124,1286,1127,323,302,Crus 1,right
458,774,853,1133,238,209,Crus 1,right
458,1047,851,1125,305,207,Crus 1,right
458,1054,946,1126,307,230,Crus 1,right
458,637,1081,1139,198,264,Crus 1,right
458,836,897,1132,252,217,Crus 1,right
458,869,864,1131,261,210,Crus 1,right
458,1005,1175,1130,292,279,Crus 1,right
458,1009,1361,1133,292,319,Simple lobule,right
458,770,982,1135,235,238,Crus 1,right
458,967,1173,1132,283,279,Crus 1,right
458,1054,1170,1127,305,278,Crus 1,right
458,1060,1328,1130,305,312,Crus 1,right
458,1103,691,1120,323,165,Crus 1,right
458,1143,1280,1125,328,301,Crus 1,right
458,728,903,1135,226,221,Crus 1,right
458,748,1001,1136,229,243,Crus 1,right
458,898,1308,1137,265,309,Crus 1,right
458,1037,1280,1130,299,301,Crus 1,right
458,1072,655,1121,315,156,Crus 1,right
461,383,1546,1159,133,373,Simple lobule,right
461,596,1054,1138,187,259,Crus 1,right
461,795,831,1131,243,203,Crus 1,right
461,817,915,1132,246,222,Crus 1,right
461,1112,806,1121,322,196,Crus 1,right
461,1160,778,1119,336,190,Crus 1,right
461,758,875,1133,233,214,Crus 1,right
461,957,1171,1132,280,279,Crus 1,right
461,982,747,1124,290,180,Crus 1,right
461,1087,932,1123,315,227,Crus 1,right
461,339,1634,1163,122,393,Simple lobule,right
461,441,1377,1149,147,337,Simple lobule,right
461,448,1736,1160,156,416,Simple lobule,right
461,726,905,1134,224,221,Crus 1,right
461,1007,1369,1132,290,321,Simple lobule,right
461,1038,1195,1127,301,283,Crus 1,right
461,1054,1287,1128,304,302,Crus 1,right
461,1102,1215,1125,316,287,Crus 1,right
459,903,1188,1134,268,283,Crus 1,right
459,623,1016,1137,196,249,Crus 1,right
459,672,963,1136,209,236,Crus 1,right
459,719,1014,1136,221,247,Crus 1,right
459,977,1171,1131,285,278,Crus 1,right
459,1024,914,1125,299,223,Crus 1,right
459,1070,832,1123,311,202,Crus 1,right
459,1118,792,1121,325,193,Crus 1,right
459,694,1026,1136,214,250,Crus 1,right
459,871,848,1130,261,207,Crus 1,right
459,893,1190,1135,266,284,Crus 1,right
459,949,774,1126,282,188,Crus 1,right
459,1017,1167,1128,295,277,Crus 1,right
459,1068,1332,1129,307,312,Crus 1,right
459,1113,1305,1126,319,306,Crus 1,right
459,1157,647,1116,337,153,Crus 1,right
459,461,1344,1147,152,330,Simple lobule,right
459,475,2005,1156,161,471,Lobules IV-V,right
459,625,1105,1138,195,271,Crus 1,right
459,763,982,1135,233,238,Crus 1,right
457,1114,951,1124,323,231,Crus 1,right
457,629,1098,1140,196,269,Crus 1,right
457,759,993,1137,232,241,Crus 1,right
457,789,958,1136,240,233,Crus 1,right
457,798,943,1135,243,229,Crus 1,right
457,824,918,1134,249,223,Crus 1,right
457,1045,712,1123,307,170,Crus 1,right
457,1275,739,1113,369,181,Crus 1,right
457,631,1466,1149,199,353,Simple lobule,right
457,726,1441,1146,222,342,Simple lobule,right
457,740,1002,1137,227,243,Crus 1,right
457,801,825,1133,244,201,Crus 1,right
457,826,1200,1139,249,287,Crus 1,right
457,854,881,1132,257,213,Crus 1,right
457,868,1396,1140,257,327,Simple lobule,right
457,930,1238,1135,274,293,Crus 1,right
457,1049,1260,1130,303,296,Crus 1,right
457,1135,1183,1124,326,281,Crus 1,right
460,396,1513,1157,135,367,Simple lobule,right
460,877,1182,1135,261,282,Crus 1,right
460,1029,665,1121,304,159,Crus 1,right
460,1029,1170,1128,298,278,Crus 1,right
460,1062,840,1123,309,205,Crus 1,right
460,273,2216,1168,110,514,Lobules IV-V,right
460,371,1568,1160,129,379,Simple lobule,right
460,402,1489,1156,137,362,Simple lobule,right
460,883,834,1129,265,203,Crus 1,right
460,1001,1166,1129,291,277,Crus 1,right
460,1038,1170,1127,301,278,Crus 1,right
460,1053,708,1121,309,171,Crus 1,right
460,674,1040,1137,209,254,Crus 1,right
460,727,1012,1136,223,246,Crus 1,right
460,740,999,1135,227,243,Crus 1,right
460,750,893,1133,231,218,Crus 1,right
460,776,964,1134,236,234,Crus 1,right
460,862,1186,1136,257,283,Crus 1,right
460,989,1199,1130,288,284,Crus 1,right
460,1005,1209,1129,292,286,Crus 1,right
460,1020,1345,1131,294,315,Simple lobule,right
460,1050,1170,1127,304,278,Crus 1,right
460,1059,1272,1128,305,299,Crus 1,right
460,1165,684,1116,339,164,Crus 1,right
462,1055,1233,1126,304,291,Crus 1,right
462,401,1492,1155,136,362,Simple lobule,right
462,404,1475,1154,138,358,Simple lobule,right
462,646,1062,1137,200,259,Crus 1,right
462,700,1020,1135,216,248,Crus 1,right
462,813,923,1132,246,225,Crus 1,right
462,840,1181,1136,252,283,Crus 1,right
462,984,1168,1129,287,278,Crus 1,right
462,1011,1159,1128,293,276,Crus 1,right
462,1016,1152,1127,295,274,Crus 1,right
462,1030,1160,1127,298,276,Crus 1,right
462,1093,1289,1126,314,303,Crus 1,right
462,1106,1226,1124,317,289,Crus 1,right
462,425,1413,1151,143,346,Simple lobule,right
462,800,938,1132,242,228,Crus 1,right
462,828,793,1129,252,194,Crus 1,right
462,903,735,1126,272,179,Crus 1,right
462,1032,1188,1127,298,282,Crus 1,right
462,1060,1151,1125,306,274,Crus 1,right
462,1070,654,1119,314,156,Crus 1,right
462,1072,1229,1125,308,290,Crus 1,right
467,414,1442,1149,140,351,Simple lobule,right
467,979,1149,1127,286,274,Crus 1,right
467,397,1501,1153,135,363,Simple lobule,right
467,1074,882,1120,312,216,Crus 1,right
467,1147,1155,1118,327,275,Crus 1,right
467,775,960,1131,235,234,Crus 1,right
467,838,1160,1133,252,279,Crus 1,right
467,872,1157,1132,259,277,Crus 1,right
467,1007,1207,1126,291,286,Crus 1,right
467,1028,1336,1127,296,313,Simple lobule,right
467,1053,1143,1123,304,273,Crus 1,right
467,1075,1137,1121,309,271,Crus 1,right
467,1160,1155,1117,331,275,Crus 1,right
467,271,2216,1165,108,513,Lobules IV-V,right
467,515,1268,1140,165,312,Simple lobule,right
467,904,1163,1131,268,278,Crus 1,right
467,997,1351,1129,287,317,Simple lobule,right
467,1013,1296,1127,293,304,Crus 1,right
467,1021,1205,1125,295,285,Crus 1,right
467,1047,1290,1125,300,303,Crus 1,right
467,1051,1239,1124,302,293,Crus 1,right
467,1086,1135,1121,312,271,Crus 1,right
467,1291,788,1108,371,195,Crus 1,right
464,498,1291,1143,162,317,Simple lobule,right
464,684,1028,1135,211,251,Crus 1,right
464,1094,1317,1125,314,309,Crus 1,right
464,663,1043,1135,206,255,Crus 1,right
464,846,1180,1135,253,283,Crus 1,right
464,852,1173,1135,255,281,Crus 1,right
464,935,1173,1131,275,280,Crus 1,right
464,1099,822,1120,319,201,Crus 1,right
464,1182,781,1116,341,191,Crus 1,right
464,231,2118,1169,99,494,Lobules IV-V,right
464,1025,714,1121,301,172,Crus 1,right
464,453,1727,1158,157,414,Simple lobule,right
464,649,1057,1136,202,258,Crus 1,right
464,875,1385,1137,258,326,Simple lobule,right
464,949,1168,1130,279,279,Crus 1,right
464,1053,1280,1126,303,301,Crus 1,right
464,1088,1214,1123,313,287,Crus 1,right
463,915,1179,1132,270,281,Crus 1,right
463,962,1160,1130,281,277,Crus 1,right
463,999,1153,1127,291,275,Crus 1,right
463,1051,909,1123,305,222,Crus 1,right
463,1085,924,1122,314,226,Crus 1,right
463,613,1132,1137,191,277,Crus 1,right
463,728,1008,1134,224,246,Crus 1,right
463,768,975,1133,234,237,Crus 1,right
463,779,956,1132,237,232,Crus 1,right
463,849,877,1129,255,213,Crus 1,right
463,903,1173,1132,268,280,Crus 1,right
463,1038,1305,1128,299,306,Crus 1,right
463,1137,1165,1120,325,277,Crus 1,right
463,369,1571,1159,129,378,Simple lobule,right
463,388,1535,1157,134,371,Simple lobule,right
463,440,1379,1148,147,338,Simple lobule,right
466,1024,1148,1125,297,274,Crus 1,right
466,814,1175,1135,246,282,Crus 1,right
466,823,907,1129,249,220,Crus 1,right
466,953,770,1123,283,187,Crus 1,right
466,1054,1152,1123,304,274,Crus 1,right
466,328,1669,1161,121,401,Simple lobule,right
466,560,1136,1137,176,279,Crus 1,right
466,732,1002,1133,224,243,Crus 1,right
466,735,1172,1136,225,284,Crus 1,right
466,804,1179,1135,243,284,Crus 1,right
466,830,1163,1134,250,280,Crus 1,right
466,845,1164,1134,253,280,Crus 1,right
466,1003,733,1121,296,178,Crus 1,right
466,1189,1255,1119,339,296,Crus 1,right
466,457,1771,1157,158,424,Simple lobule,right
466,822,1158,1134,247,279,Crus 1,right
466,830,890,1129,250,217,Crus 1,right
466,1052,1279,1126,302,301,Crus 1,right
466,1101,1278,1123,315,301,Crus 1,right
465,829,1173,1135,250,282,Crus 1,right
465,858,1167,1134,257,279,Crus 1,right
465,867,1166,1134,258,279,Crus 1,right
465,1168,923,1118,337,227,Crus 1,right
465,792,937,1132,240,227,Crus 1,right
465,806,914,1131,244,223,Crus 1,right
465,812,906,1130,245,220,Crus 1,right
465,834,883,1129,251,215,Crus 1,right
465,838,1392,1138,249,327,Simple lobule,right
465,922,801,1125,274,195,Crus 1,right
465,956,1157,1130,280,276,Crus 1,right
465,985,1151,1128,287,274,Crus 1,right
465,1006,1154,1127,292,275,Crus 1,right
465,1034,1156,1125,299,275,Crus 1,right
465,1178,1198,1119,336,284,Crus 1,right
465,431,1741,1159,151,417,Simple lobule,right
465,594,1057,1136,187,259,Crus 1,right
465,599,1431,1145,191,346,Simple lobule,right
465,624,1101,1136,194,269,Crus 1,right
465,699,1018,1135,216,249,Crus 1,right
465,720,1010,1134,221,246,Crus 1,right
465,945,1157,1130,278,276,Crus 1,right
465,949,1169,1130,279,279,Crus 1,right
465,1053,1234,1126,304,291,Crus 1,right
465,1061,1299,1127,305,305,Crus 1,right
465,1071,1292,1126,307,303,Crus 1,right
465,1089,1285,1125,313,302,Crus 1,right
465,1187,1183,1118,338,281,Crus 1,right
468,996,1142,1126,289,272,Crus 1,right
468,441,1374,1146,147,337,Simple lobule,right
468,809,1162,1134,244,279,Crus 1,right
468,822,1163,1134,247,280,Crus 1,right
468,856,1161,1133,256,278,Crus 1,right
468,1075,1155,1122,309,275,Crus 1,right
468,1133,811,1117,328,199,Crus 1,right
468,371,1562,1157,128,376,Simple lobule,right
468,801,1141,1134,242,275,Crus 1,right
468,801,817,1127,244,200,Crus 1,right
468,847,877,1127,254,213,Crus 1,right
468,858,860,1126,258,210,Crus 1,right
468,918,1155,1130,271,276,Crus 1,right
468,1010,1139,1125,293,272,Crus 1,right
468,1089,1307,1124,312,306,Crus 1,right
468,1105,683,1115,322,165,Crus 1,right
468,338,1633,1160,122,393,Simple lobule,right
468,431,1397,1147,144,341,Simple lobule,right
468,496,1286,1141,160,316,Simple lobule,right
468,711,1012,1133,218,246,Crus 1,right
468,742,986,1132,226,240,Crus 1,right
468,805,1153,1134,243,278,Crus 1,right
468,985,1201,1127,286,285,Crus 1,right
468,1040,1282,1126,299,301,Crus 1,right
468,1078,1297,1124,309,304,Crus 1,right
469,736,882,1130,227,216,Crus 1,right
469,473,1696,1155,161,407,Simple lobule,right
469,865,1154,1132,258,277,Crus 1,right
469,970,1148,1127,283,275,Crus 1,right
469,1082,877,1120,313,214,Crus 1,right
469,433,1391,1146,145,340,Simple lobule,right
469,520,1259,1140,166,310,Simple lobule,right
469,786,834,1128,240,205,Crus 1,right
469,832,1152,1133,249,277,Crus 1,right
469,848,1155,1133,254,277,Crus 1,right
469,945,1152,1128,277,275,Crus 1,right
469,1068,653,1116,314,156,Crus 1,right
469,1102,837,1118,319,205,Crus 1,right
469,1133,1142,1118,325,272,Crus 1,right
469,1181,1152,1116,336,274,Crus 1,right
469,401,1482,1152,136,359,Simple lobule,right
469,790,1148,1134,239,278,Crus 1,right
469,800,1161,1134,242,280,Crus 1,right
469,831,1140,1133,249,274,Crus 1,right
469,883,1155,1131,263,277,Crus 1,right
469,934,1157,1129,275,276,Crus 1,right
469,1040,1134,1123,301,271,Crus 1,right
469,729,995,1132,223,242,Crus 1,right
469,779,939,1130,237,229,Crus 1,right
469,822,1143,1133,247,276,Crus 1,right
469,828,1393,1137,246,329,Simple lobule,right
469,1033,1121,1123,300,268,Crus 1,right
469,1036,1240,1125,298,293,Crus 1,right
469,1071,1289,1124,307,303,Crus 1,right
469,1117,1240,1121,319,292,Crus 1,right
470,380,1543,1155,130,373,Simple lobule,right
470,764,854,1128,234,210,Crus 1,right
470,776,845,1127,237,207,Crus 1,right
470,901,722,1122,270,176,Crus 1,right
470,342,1621,1158,121,389,Simple lobule,right
470,810,1147,1133,244,276,Crus 1,right
470,862,1147,1131,257,275,Crus 1,right
470,884,1146,1130,263,275,Crus 1,right
470,1153,812,1115,333,199,Crus 1,right
470,1179,905,1115,339,223,Crus 1,right
470,397,1500,1152,134,363,Simple lobule,right
470,502,1277,1140,161,313,Simple lobule,right
470,740,876,1129,228,215,Crus 1,right
470,759,860,1128,233,211,Crus 1,right
470,766,966,1130,233,235,Crus 1,right
470,844,1144,1132,253,275,Crus 1,right
470,894,1157,1130,265,277,Crus 1,right
470,908,1156,1129,269,276,Crus 1,right
470,912,1146,1129,269,274,Crus 1,right
470,955,1152,1127,279,275,Crus 1,right
470,1035,1146,1123,299,273,Crus 1,right
470,1075,1308,1124,308,308,Crus 1,right
470,1093,1261,1121,313,297,Crus 1,right
470,1099,648,1114,321,155,Crus 1,right
472,496,1284,1139,160,316,Simple lobule,right
472,839,1151,1131,252,277,Crus 1,right
472,797,925,1128,241,226,Crus 1,right
472,815,1132,1132,245,273,Crus 1,right
472,964,1139,1126,282,273,Crus 1,right
472,1098,1315,1122,314,309,Crus 1,right
472,751,1547,1142,228,366,Simple lobule,right
472,848,1137,1131,254,273,Crus 1,right
472,934,1140,1127,275,273,Crus 1,right
472,1008,1133,1123,293,271,Crus 1,right
472,1022,1199,1123,295,285,Crus 1,right
472,1052,1300,1124,301,306,Crus 1,right
472,1070,1133,1120,308,271,Crus 1,right
472,1122,1292,1120,320,303,Crus 1,right
472,752,975,1130,229,237,Crus 1,right
472,769,846,1127,236,207,Crus 1,right
472,787,1160,1133,238,280,Crus 1,right
472,898,1160,1129,266,278,Crus 1,right
472,984,1132,1125,287,270,Crus 1,right
472,1044,1121,1121,302,268,Crus 1,right
472,1072,1138,1120,308,272,Crus 1,right
472,1083,1120,1119,312,268,Crus 1,right
472,1121,1134,1117,321,271,Crus 1,right
472,1134,1227,1118,324,290,Crus 1,right
471,855,1147,1131,255,275,Crus 1,right
471,390,1523,1153,133,368,Simple lobule,right
471,744,869,1128,229,214,Crus 1,right
471,821,795,1125,249,195,Crus 1,right
471,823,1135,1131,248,274,Crus 1,right
471,1032,1136,1122,298,271,Crus 1,right
471,1127,1131,1117,322,270,Crus 1,right
471,1158,1140,1115,331,272,Crus 1,right
471,1182,804,1113,340,198,Crus 1,right
471,719,1009,1131,220,246,Crus 1,right
471,889,1141,1129,264,274,Crus 1,right
471,976,1141,1125,284,273,Crus 1,right
471,1108,1130,1118,318,270,Crus 1,right
471,694,1016,1131,214,248,Crus 1,right
471,1093,1139,1119,314,272,Crus 1,right
471,1097,1291,1121,313,303,Crus 1,right
471,1135,1226,1118,324,290,Crus 1,right
473,759,962,1129,231,234,Crus 1,right
473,842,1136,1131,252,273,Crus 1,right
473,902,1139,1129,266,273,Crus 1,right
473,1000,1128,1124,290,270,Crus 1,right
473,1136,878,1116,327,216,Crus 1,right
473,712,1006,1131,218,245,Crus 1,right
473,800,1145,1132,242,276,Crus 1,right
473,839,862,1125,253,210,Crus 1,right
473,914,1139,1128,270,273,Crus 1,right
473,968,1147,1125,283,274,Crus 1,right
473,979,1144,1125,285,274,Crus 1,right
473,1114,1312,1121,318,308,Crus 1,right
473,1132,1302,1120,322,306,Crus 1,right
473,1154,825,1115,333,203,Crus 1,right
473,1161,819,1114,334,202,Crus 1,right
473,1189,1146,1114,339,273,Crus 1,right
473,388,1525,1153,133,368,Simple lobule,right
473,421,1417,1146,141,345,Simple lobule,right
473,722,1000,1131,221,244,Crus 1,right
473,722,1146,1133,220,278,Crus 1,right
473,746,979,1130,227,239,Crus 1,right
473,822,1150,1132,247,277,Crus 1,right
473,846,1148,1131,253,276,Crus 1,right
473,1010,1139,1123,293,272,Crus 1,right
473,1200,1140,1113,341,273,Crus 1,right
473,1230,1234,1114,348,292,Crus 1,right
474,779,1145,1132,236,277,Crus 1,right
474,785,933,1127,238,228,Crus 1,right
474,1031,1123,1121,298,269,Crus 1,right
474,1114,1123,1117,319,269,Crus 1,right
474,641,1072,1132,198,262,Crus 1,right
474,662,1040,1131,204,254,Crus 1,right
474,671,1033,1131,207,253,Crus 1,right
474,735,981,1129,225,239,Crus 1,right
474,750,860,1126,230,211,Crus 1,right
474,762,955,1128,231,233,Crus 1,right
474,849,869,1124,255,213,Crus 1,right
474,857,1133,1130,255,273,Crus 1,right
474,927,1139,1127,272,273,Crus 1,right
474,938,783,1120,278,192,Crus 1,right
474,981,1205,1125,285,286,Crus 1,right
474,983,1132,1124,287,271,Crus 1,right
474,1133,1227,1117,324,290,Crus 1,right
474,1162,1126,1114,331,269,Crus 1,right
474,722,1147,1132,220,278,Crus 1,right
474,821,897,1126,247,219,Crus 1,right
474,1011,1138,1122,293,272,Crus 1,right
474,1090,1270,1120,312,299,Crus 1,right
474,1107,1216,1118,316,287,Crus 1,right
474,1128,1301,1119,322,306,Crus 1,right
478,857,756,1120,258,186,Crus 1,right
478,1084,1110,1116,312,266,Crus 1,right
478,1165,1124,1112,332,270,Crus 1,right
478,380,1537,1151,130,370,Simple lobule,right
478,448,1724,1152,154,413,Simple lobule,right
478,782,2154,1132,234,500,Lobule III,right
478,831,1111,1128,249,268,Crus 1,right
478,361,1573,1153,125,379,Simple lobule,right
478,375,1545,1151,128,372,Simple lobule,right
478,820,1113,1129,246,269,Crus 1,right
478,855,862,1122,256,211,Crus 1,right
478,855,1108,1127,255,268,Crus 1,right
478,858,852,1122,257,208,Crus 1,right
478,869,1114,1127,259,269,Crus 1,right
478,1122,1104,1115,321,265,Crus 1,right
478,469,1313,1138,153,323,Simple lobule,right
478,472,1308,1138,153,322,Simple lobule,right
478,473,1307,1138,155,320,Simple lobule,right
478,564,1161,1132,177,285,Crus 1,right
478,806,1112,1129,242,268,Crus 1,right
475,887,1134,1128,262,273,Crus 1,right
475,1175,827,1112,338,203,Crus 1,right
475,1230,817,1109,353,201,Crus 1,right
475,620,1113,1132,192,273,Crus 1,right
475,822,1396,1134,244,330,Simple lobule,right
475,833,779,1122,253,192,Crus 1,right
475,847,1122,1129,253,270,Crus 1,right
475,867,1179,1129,257,283,Crus 1,right
475,994,1125,1122,289,270,Crus 1,right
475,1145,1123,1114,327,269,Crus 1,right
475,1161,836,1113,334,206,Crus 1,right
475,385,1529,1151,131,369,Simple lobule,right
475,727,994,1129,222,243,Crus 1,right
475,835,1143,1130,250,276,Crus 1,right
475,864,1127,1128,258,271,Crus 1,right
475,1052,1274,1122,301,300,Crus 1,right
475,1074,1110,1118,309,266,Crus 1,right
475,1079,1132,1118,310,270,Crus 1,right
475,1110,1136,1116,318,271,Crus 1,right
475,1150,1135,1114,328,271,Crus 1,right
475,1178,1130,1112,336,271,Crus 1,right
476,390,1518,1151,133,367,Simple lobule,right
476,946,1131,1125,277,271,Crus 1,right
476,1186,869,1112,340,215,Crus 1,right
476,776,833,1125,237,205,Crus 1,right
476,973,1127,1123,284,270,Crus 1,right
476,1186,856,1112,340,211,Crus 1,right
476,211,2177,1164,93,505,Lobules IV-V,right
476,485,1678,1152,162,403,Simple lobule,right
476,631,1093,1131,195,268,Crus 1,right
476,653,974,1129,204,239,Crus 1,right
476,691,1015,1129,212,248,Crus 1,right
476,795,913,1126,241,224,Crus 1,right
476,845,1143,1129,253,276,Crus 1,right
476,896,1137,1127,265,273,Crus 1,right
476,1019,1118,1121,295,268,Crus 1,right
476,1121,1229,1117,319,291,Crus 1,right
476,1148,1201,1115,327,285,Crus 1,right
476,382,1534,1152,130,370,Simple lobule,right
476,458,1708,1153,156,410,Simple lobule,right
476,812,1119,1130,244,271,Crus 1,right
476,838,1108,1129,251,268,Crus 1,right
476,844,867,1123,254,212,Crus 1,right
476,1061,1320,1122,304,310,Simple lobule,right
477,561,1134,1133,176,279,Crus 1,right
477,437,1377,1142,145,336,Simple lobule,right
477,808,897,1125,245,219,Crus 1,right
477,1237,1139,1110,350,273,Crus 1,right
477,370,1556,1153,127,375,Simple lobule,right
477,465,1696,1152,157,406,Simple lobule,right
477,769,946,1127,234,231,Crus 1,right
477,831,874,1124,250,214,Crus 1,right
477,846,1109,1129,253,268,Crus 1,right
477,878,1129,1128,261,272,Crus 1,right
477,999,1112,1122,290,266,Crus 1,right
477,1055,1187,1120,303,281,Crus 1,right
477,1059,1307,1122,304,307,Simple lobule,right
477,771,1137,1131,233,275,Crus 1,right
477,854,1118,1128,255,270,Crus 1,right
477,927,1354,1129,269,319,Simple lobule,right
477,1078,1279,1120,309,301,Crus 1,right
477,1083,1132,1117,311,270,Crus 1,right
477,1123,1296,1118,321,305,Crus 1,right
479,907,1124,1125,267,270,Crus 1,right
479,565,1154,1131,177,284,Crus 1,right
479,718,989,1127,220,242,Crus 1,right
479,759,848,1123,233,209,Crus 1,right
479,883,1116,1126,262,269,Crus 1,right
479,700,1011,1128,215,246,Crus 1,right
479,787,820,1122,240,202,Crus 1,right
479,967,1123,1122,281,270,Crus 1,right
479,1109,1127,1114,318,270,Crus 1,right
479,1224,1128,1109,347,271,Crus 1,right
479,724,884,1125,223,218,Crus 1,right
479,749,957,1126,228,233,Crus 1,right
479,751,856,1124,230,211,Crus 1,right
479,786,912,1124,238,223,Crus 1,right
479,831,867,1122,250,212,Crus 1,right
479,869,1123,1126,259,271,Crus 1,right
479,872,840,1120,260,206,Crus 1,right
479,926,792,1117,274,194,Crus 1,right
479,982,1115,1121,285,268,Crus 1,right
479,1052,1274,1120,301,300,Crus 1,right
479,1069,1297,1119,306,305,Simple lobule,right
479,1102,1119,1115,315,269,Crus 1,right
479,920,1139,1125,271,274,Crus 1,right
479,962,1202,1123,279,286,Crus 1,right
479,973,1140,1122,284,273,Crus 1,right
479,1006,1199,1121,290,285,Crus 1,right
479,1105,1139,1115,316,273,Crus 1,right
479,1125,1139,1114,321,273,Crus 1,right
480,922,1117,1124,271,268,Crus 1,right
480,428,1397,1141,143,341,Simple lobule,right
480,699,912,1126,217,224,Crus 1,right
480,867,1101,1126,257,265,Crus 1,right
480,995,1114,1121,289,268,Crus 1,right
480,472,1686,1151,158,404,Simple lobule,right
480,608,1029,1129,190,252,Crus 1,right
480,645,1064,1129,199,261,Crus 1,right
480,680,1025,1128,209,250,Crus 1,right
480,735,970,1126,224,237,Crus 1,right
480,798,898,1124,242,220,Crus 1,right
480,806,882,1123,243,216,Crus 1,right
480,1066,1307,1120,305,307,Simple lobule,right
480,885,1122,1126,262,270,Crus 1,right
480,1039,1138,1118,300,273,Crus 1,right
480,1130,1287,1116,322,303,Crus 1,right
480,1131,1119,1113,323,269,Crus 1,right
480,1139,1284,1116,324,303,Crus 1,right
480,1160,684,1108,336,166,Crus 1,right
481,874,1109,1126,260,268,Crus 1,right
481,794,1120,1128,240,271,Crus 1,right
481,842,1101,1127,251,266,Crus 1,right
481,890,1113,1125,263,268,Crus 1,right
481,1007,1110,1120,291,267,Crus 1,right
481,1104,1105,1115,317,266,Crus 1,right
481,1180,1113,1111,336,268,Crus 1,right
481,812,878,1123,245,216,Crus 1,right
481,851,1104,1127,254,267,Crus 1,right
481,896,1129,1125,265,272,Crus 1,right
481,921,1140,1125,271,274,Crus 1,right
481,1110,1252,1116,316,295,Crus 1,right
481,1139,1294,1116,324,305,Crus 1,right
481,560,1145,1131,176,282,Crus 1,right
481,671,1037,1128,206,253,Crus 1,right
481,897,1119,1125,265,270,Crus 1,right
481,995,1101,1120,289,265,Crus 1,right
481,1184,1123,1110,337,270,Crus 1,right
483,828,1090,1125,248,264,Crus 1,right
483,894,1101,1123,265,265,Crus 1,right
483,879,734,1116,264,181,Crus 1,right
483,917,1104,1123,269,266,Crus 1,right
483,414,1436,1142,139,349,Simple lobule,right
483,562,1144,1129,176,281,Crus 1,right
483,714,994,1125,219,243,Crus 1,right
483,744,859,1122,229,212,Crus 1,right
483,772,831,1121,236,205,Crus 1,right
483,805,888,1121,243,218,Crus 1,right
483,843,1079,1125,252,261,Crus 1,right
483,853,1082,1124,255,261,Crus 1,right
483,889,1107,1124,263,267,Crus 1,right
483,912,1115,1123,268,268,Crus 1,right
483,1013,1102,1118,294,265,Crus 1,right
483,1053,1296,1118,302,305,Simple lobule,right
483,1148,1250,1112,327,295,Crus 1,right
483,465,1696,1149,156,406,Simple lobule,right
483,677,1032,1126,207,252,Crus 1,right
483,691,921,1124,213,226,Crus 1,right
483,799,1113,1127,241,270,Crus 1,right
483,838,1089,1125,251,264,Crus 1,right
483,883,1104,1124,262,267,Crus 1,right
483,915,789,1116,272,194,Crus 1,right
483,969,1340,1124,280,315,Simple lobule,right
483,1173,1246,1111,333,294,Crus 1,right
483,1192,1111,1109,338,267,Crus 1,right
483,1196,1121,1108,339,269,Crus 1,right
482,945,1117,1122,277,268,Crus 1,right
482,961,1116,1121,280,268,Crus 1,right
482,877,1094,1125,260,264,Crus 1,right
482,1029,1105,1118,297,266,Crus 1,right
482,458,1703,1150,156,408,Simple lobule,right
482,815,1103,1127,245,267,Crus 1,right
482,854,1092,1125,255,263,Crus 1,right
482,862,1084,1125,256,262,Crus 1,right
482,900,1109,1124,266,267,Crus 1,right
482,1051,1101,1117,303,265,Crus 1,right
482,966,1111,1121,281,267,Crus 1,right
482,994,734,1113,292,179,Crus 1,right
482,1139,1099,1112,326,265,Crus 1,right
482,1167,1121,1111,332,269,Crus 1,right
482,1194,1240,1111,338,293,Crus 1,right
482,1272,719,1102,366,177,Crus 1,right
484,1083,651,1108,316,156,Crus 1,right
484,1096,1094,1113,314,264,Crus 1,right
484,484,1672,1148,161,400,Simple lobule,right
484,821,1099,1126,246,266,Crus 1,right
484,212,2175,1160,92,505,Lobules IV-V,right
484,781,917,1123,236,224,Crus 1,right
484,781,1111,1127,236,269,Crus 1,right
484,879,1086,1124,261,262,Crus 1,right
484,881,1077,1123,261,260,Crus 1,right
484,946,1101,1121,277,265,Crus 1,right
484,1005,1097,1118,291,264,Crus 1,right
484,1106,1125,1113,316,270,Crus 1,right
484,1114,689,1108,323,167,Crus 1,right
484,1124,1303,1115,320,307,Simple lobule,right
484,345,1607,1151,121,385,Simple lobule,right
484,649,1058,1127,200,259,Crus 1,right
484,735,971,1125,224,237,Crus 1,right
484,746,958,1124,227,235,Crus 1,right
484,843,1371,1129,250,324,Simple lobule,right
484,939,1084,1121,276,262,Crus 1,right
484,1054,1207,1117,302,286,Crus 1,right
484,1106,1095,1113,316,264,Crus 1,right
484,1187,1136,1109,336,272,Crus 1,right
485,392,1503,1146,132,364,Simple lobule,right
485,448,1348,1137,148,331,Simple lobule,right
485,860,1079,1124,256,261,Crus 1,right
485,887,1097,1124,262,264,Crus 1,right
485,889,1087,1123,263,262,Crus 1,right
485,931,703,1114,277,173,Crus 1,right
485,1035,1094,1117,299,264,Crus 1,right
485,1059,1091,1115,305,263,Crus 1,right
485,1168,1102,1109,333,265,Crus 1,right
485,217,2155,1160,93,501,Lobules IV-V,right
485,458,1327,1136,151,325,Simple lobule,right
485,765,935,1123,232,229,Crus 1,right
485,835,862,1120,251,211,Crus 1,right
485,903,1101,1123,267,265,Crus 1,right
485,937,1108,1122,274,267,Crus 1,right
485,1107,1307,1116,315,307,Simple lobule,right
485,1113,1090,1112,319,263,Crus 1,right
485,491,1275,1134,158,313,Simple lobule,right
485,624,1125,1128,193,276,Crus 1,right
485,626,1003,1127,195,246,Crus 1,right
485,627,1103,1128,193,271,Crus 1,right
485,695,1011,1126,213,247,Crus 1,right
485,789,1097,1126,238,265,Crus 1,right
485,920,1347,1126,268,317,Simple lobule,right
485,1083,1307,1117,310,307,Simple lobule,right
485,1198,1104,1108,341,266,Crus 1,right
486,887,1074,1122,262,260,Crus 1,right
486,532,1228,1131,168,302,Simple lobule,right
486,896,1093,1122,264,264,Crus 1,right
486,921,1091,1121,271,263,Crus 1,right
486,960,1106,1120,280,266,Crus 1,right
486,987,1104,1118,286,266,Crus 1,right
486,1141,1097,1110,325,264,Crus 1,right
486,592,1060,1127,184,260,Crus 1,right
486,811,879,1120,244,216,Crus 1,right
486,828,860,1119,250,211,Crus 1,right
486,869,829,1117,260,204,Crus 1,right
486,905,804,1116,269,198,Crus 1,right
486,938,1097,1120,275,264,Crus 1,right
486,1009,1129,1117,292,271,Crus 1,right
486,1187,1098,1108,337,265,Crus 1,right
486,275,1966,1155,108,463,Lobules IV-V,right
486,387,1515,1146,131,365,Simple lobule,right
486,439,1366,1137,146,334,Simple lobule,right
486,443,1357,1137,147,332,Simple lobule,right
486,693,1010,1125,213,247,Crus 1,right
486,727,970,1124,221,237,Crus 1,right
486,774,828,1120,237,205,Crus 1,right
486,787,1102,1126,237,267,Crus 1,right
486,797,1100,1126,239,267,Crus 1,right
486,838,763,1117,254,189,Crus 1,right
486,891,726,1115,267,179,Crus 1,right
486,952,1098,1120,278,265,Crus 1,right
486,961,1204,1121,279,287,Crus 1,right
486,985,1088,1118,286,263,Crus 1,right
486,1016,1136,1117,293,272,Crus 1,right
486,1060,1302,1118,303,306,Simple lobule,right
486,1061,1301,1118,303,306,Simple lobule,right
486,1066,1179,1115,305,281,Crus 1,right
486,1068,1278,1117,306,302,Simple lobule,right
486,1120,1295,1114,319,305,Simple lobule,right
486,1128,1238,1112,321,293,Crus 1,right
488,1151,1093,1109,328,264,Crus 1,right
488,472,1682,1147,157,402,Simple lobule,right
488,1093,1310,1115,312,308,Simple lobule,right
488,857,1066,1122,255,258,Crus 1,right
488,692,1008,1124,211,247,Crus 1,right
488,747,948,1122,227,232,Crus 1,right
488,817,1073,1124,244,261,Crus 1,right
488,835,854,1118,251,210,Crus 1,right
488,833,1080,1123,250,262,Crus 1,right
488,860,834,1117,257,206,Crus 1,right
488,892,1058,1121,263,257,Crus 1,right
488,917,1098,1121,269,265,Crus 1,right
488,921,1085,1120,270,262,Crus 1,right
488,1060,1084,1114,305,262,Crus 1,right
488,1068,1095,1113,307,264,Crus 1,right
488,1110,1081,1111,318,261,Crus 1,right
488,1222,1102,1106,346,265,Crus 1,right
488,1269,1100,1103,359,265,Crus 1,right
488,772,1104,1125,233,268,Crus 1,right
488,794,1089,1125,239,264,Crus 1,right
488,803,1090,1124,242,264,Crus 1,right
488,820,1083,1124,246,263,Crus 1,right
488,882,1060,1122,261,257,Crus 1,right
488,900,801,1115,268,197,Crus 1,right
488,993,1083,1117,289,262,Crus 1,right
488,1088,1301,1115,311,306,Simple lobule,right
488,1092,1246,1114,311,294,Crus 1,right
487,912,1084,1121,268,262,Crus 1,right
487,877,1068,1122,260,259,Crus 1,right
487,895,1081,1121,264,261,Crus 1,right
487,902,1088,1121,266,263,Crus 1,right
487,902,1077,1121,266,260,Crus 1,right
487,1079,1081,1112,310,261,Crus 1,right
487,1214,1098,1106,345,265,Crus 1,right
487,695,914,1122,215,225,Crus 1,right
487,775,911,1121,235,223,Crus 1,right
487,892,1068,1121,263,259,Crus 1,right
487,977,1096,1118,284,264,Crus 1,right
487,993,1095,1117,289,264,Crus 1,right
487,1061,1144,1114,304,274,Crus 1,right
487,1172,1280,1111,332,302,Crus 1,right
489,847,1065,1123,252,258,Crus 1,right
489,938,1080,1119,275,261,Crus 1,right
489,1125,1078,1110,322,261,Crus 1,right
489,812,863,1119,245,213,Crus 1,right
489,928,1076,1120,273,260,Crus 1,right
489,928,1087,1120,273,262,Crus 1,right
489,1031,1088,1115,297,263,Crus 1,right
489,627,1099,1126,193,269,Crus 1,right
489,632,1089,1126,195,267,Crus 1,right
489,654,1050,1125,202,257,Crus 1,right
489,713,1134,1126,218,276,Crus 1,right
489,771,829,1119,235,205,Crus 1,right
489,836,1364,1128,247,323,Simple lobule,right
489,858,1057,1122,256,256,Crus 1,right
489,904,1065,1121,267,258,Crus 1,right
489,918,1078,1120,271,261,Crus 1,right
489,960,1082,1119,280,261,Crus 1,right
489,966,1093,1118,281,264,Crus 1,right
489,326,1703,1152,118,408,Simple lobule,right
489,325,1716,1152,119,410,Simple lobule,right
489,330,1680,1151,119,402,Simple lobule,right
489,674,1135,1127,207,277,Crus 1,right
489,720,976,1123,220,238,Crus 1,right
489,728,872,1121,225,215,Crus 1,right
489,886,1299,1125,260,308,Simple lobule,right
489,906,1075,1121,267,260,Crus 1,right
489,989,1333,1121,285,314,Simple lobule,right
489,1032,1106,1115,297,266,Crus 1,right
489,1061,1247,1115,303,294,Crus 1,right
489,1069,1230,1115,306,291,Crus 1,right
489,1202,1094,1106,341,264,Crus 1,right
489,1234,1218,1106,348,290,Crus 1,right
492,579,1094,1125,181,269,Crus 1,right
492,819,783,1115,248,195,Crus 1,right
492,904,1046,1119,267,254,Crus 1,right
492,1106,1303,1113,315,308,Simple lobule,right
492,936,1058,1118,274,257,Crus 1,right
492,951,1063,1117,278,258,Crus 1,right
492,737,951,1121,224,233,Crus 1,right
492,768,1107,1124,233,268,Crus 1,right
492,809,1071,1122,243,260,Crus 1,right
492,853,826,1115,256,204,Crus 1,right
492,857,1044,1120,254,254,Crus 1,right
492,916,1052,1118,269,255,Crus 1,right
492,1091,1216,1111,311,288,Crus 1,right
492,1136,689,1103,328,168,Crus 1,right
492,254,2022,1154,101,473,Lobules IV-V,right
492,474,1685,1145,158,403,Simple lobule,right
492,710,977,1122,217,238,Crus 1,right
492,723,972,1121,221,237,Crus 1,right
492,795,1085,1123,239,263,Crus 1,right
492,806,1134,1123,242,275,Crus 1,right
492,811,1370,1127,241,325,Simple lobule,right
492,811,789,1115,246,196,Crus 1,right
492,818,1068,1122,246,260,Crus 1,right
492,836,1059,1121,249,257,Crus 1,right
492,842,839,1116,252,207,Crus 1,right
492,905,1337,1123,264,316,Simple lobule,right
492,944,1072,1117,277,259,Crus 1,right
492,991,1147,1116,287,274,Crus 1,right
492,1006,1318,1118,289,311,Simple lobule,right
492,1058,1277,1114,303,301,Simple lobule,right
492,1090,1096,1110,312,264,Crus 1,right
492,1183,1244,1107,335,295,Crus 1,right
492,1343,1145,1099,378,275,Crus 1,right
491,662,1043,1124,203,255,Crus 1,right
491,841,1052,1121,251,255,Crus 1,right
491,850,1055,1121,253,256,Crus 1,right
491,920,1070,1118,270,259,Crus 1,right
491,531,1626,1143,172,389,Simple lobule,right
491,783,898,1119,238,221,Crus 1,right
491,824,858,1117,248,212,Crus 1,right
491,835,1064,1121,249,258,Crus 1,right
491,886,1051,1119,262,255,Crus 1,right
491,892,798,1113,265,198,Crus 1,right
491,911,1070,1119,268,259,Crus 1,right
491,913,1060,1119,269,257,Crus 1,right
491,1161,1084,1107,330,262,Crus 1,right
491,1188,1087,1105,338,262,Crus 1,right
491,438,1368,1135,145,335,Simple lobule,right
491,756,1123,1124,229,273,Crus 1,right
491,774,902,1119,235,221,Crus 1,right
491,812,790,1115,246,196,Crus 1,right
491,865,815,1114,259,201,Crus 1,right
491,865,825,1115,259,204,Crus 1,right
491,995,1074,1115,289,260,Crus 1,right
491,1067,1286,1114,304,303,Simple lobule,right
491,1104,1072,1109,316,259,Crus 1,right
491,1133,1269,1110,322,300,Simple lobule,right
491,1158,1290,1110,329,304,Simple lobule,right
490,828,1068,1122,248,260,Crus 1,right
490,903,1055,1120,267,256,Crus 1,right
490,928,772,1112,275,190,Crus 1,right
490,958,1074,1118,280,260,Crus 1,right
490,972,1081,1117,283,261,Crus 1,right
490,479,1675,1146,160,401,Simple lobule,right
490,678,1026,1124,208,250,Crus 1,right
490,794,891,1119,240,219,Crus 1,right
490,808,1083,1123,243,263,Crus 1,right
490,876,1054,1121,259,256,Crus 1,right
490,879,1046,1120,261,254,Crus 1,right
490,934,1065,1119,274,258,Crus 1,right
490,935,1073,1119,274,260,Crus 1,right
490,948,1082,1118,278,261,Crus 1,right
490,994,724,1109,292,177,Crus 1,right
490,1063,1074,1112,306,260,Crus 1,right
490,1310,1104,1101,370,267,Crus 1,right
490,493,1661,1145,163,397,Simple lobule,right
490,712,987,1123,217,241,Crus 1,right
490,742,1117,1125,225,271,Crus 1,right
490,751,942,1121,228,230,Crus 1,right
490,785,1088,1124,237,265,Crus 1,right
490,833,846,1117,251,208,Crus 1,right
490,906,1076,1120,267,260,Crus 1,right
490,1019,1123,1115,294,270,Crus 1,right
490,1064,1309,1116,304,309,Simple lobule,right
490,1088,1295,1114,311,305,Simple lobule,right
490,1160,1290,1111,329,304,Simple lobule,right
495,526,1228,1126,167,302,Simple lobule,right
495,968,1054,1114,283,256,Crus 1,right
495,1062,1066,1110,305,258,Crus 1,right
495,939,1039,1115,275,253,Crus 1,right
495,945,1046,1115,277,254,Crus 1,right
495,1048,1069,1111,302,259,Crus 1,right
495,1250,1083,1101,354,263,Crus 1,right
495,860,1034,1118,256,252,Crus 1,right
495,977,1072,1114,284,259,Crus 1,right
495,1078,1307,1113,308,308,Simple lobule,right
495,1103,1064,1108,316,258,Crus 1,right
495,1287,1081,1100,364,262,Crus 1,right
495,1043,1258,1113,299,298,Simple lobule,right
495,1060,1297,1113,303,306,Simple lobule,right
495,1078,1242,1111,308,294,Simple lobule,right
495,1127,1257,1109,319,297,Simple lobule,right
495,1132,1063,1107,323,258,Crus 1,right
493,882,1036,1119,261,252,Crus 1,right
493,926,1062,1118,272,257,Crus 1,right
493,458,1320,1132,150,323,Simple lobule,right
493,892,1042,1119,263,253,Crus 1,right
493,917,1033,1118,269,252,Crus 1,right
493,1093,1307,1113,312,308,Simple lobule,right
493,1150,1079,1107,328,261,Crus 1,right
493,744,941,1120,227,230,Crus 1,right
493,867,1039,1120,257,253,Crus 1,right
493,908,1033,1118,268,252,Crus 1,right
493,964,1073,1117,281,260,Crus 1,right
493,983,1089,1116,286,263,Crus 1,right
493,1083,1066,1110,311,258,Crus 1,right
493,1211,1267,1107,342,299,Crus 1,right
493,484,1280,1130,156,314,Simple lobule,right
493,537,1218,1128,169,300,Simple lobule,right
493,671,1033,1123,206,253,Crus 1,right
493,749,845,1118,230,209,Crus 1,right
493,805,1067,1122,242,259,Crus 1,right
493,910,1044,1118,268,254,Crus 1,right
493,931,1050,1118,273,255,Crus 1,right
493,994,1090,1115,289,263,Crus 1,right
493,1005,1317,1118,289,310,Simple lobule,right
493,1067,1150,1112,305,275,Crus 1,right
493,1097,1088,1110,314,263,Crus 1,right
493,1099,1125,1110,314,270,Crus 1,right
493,1120,1150,1109,319,275,Crus 1,right
493,1277,1087,1102,361,262,Crus 1,right
494,1027,1072,1113,296,259,Crus 1,right
494,779,1081,1122,235,262,Crus 1,right
494,899,1033,1118,266,252,Crus 1,right
494,923,1045,1117,272,254,Crus 1,right
494,1016,1070,1113,294,259,Crus 1,right
494,633,1111,1124,196,272,Crus 1,right
494,723,873,1118,223,216,Crus 1,right
494,822,1058,1121,245,257,Crus 1,right
494,848,1043,1120,253,254,Crus 1,right
494,894,721,1111,268,178,Crus 1,right
494,931,700,1109,277,172,Crus 1,right
494,951,1053,1116,278,256,Crus 1,right
494,1112,1068,1108,318,259,Crus 1,right
494,1120,1239,1109,318,293,Crus 1,right
494,1313,1089,1099,371,264,Crus 1,right
494,434,1378,1134,144,337,Simple lobule,right
494,461,1316,1131,150,322,Simple lobule,right
494,601,1051,1123,187,257,Crus 1,right
494,715,880,1119,220,217,Crus 1,right
494,937,1046,1117,274,254,Crus 1,right
494,1047,1102,1112,301,265,Crus 1,right
494,1057,1083,1111,303,262,Crus 1,right
494,1070,1276,1113,305,301,Simple lobule,right
494,1072,1084,1110,307,262,Crus 1,right
494,1074,1258,1112,307,298,Simple lobule,right
494,1079,1127,1110,309,270,Crus 1,right
494,1094,699,1104,317,171,Crus 1,right
494,1095,1056,1109,314,256,Crus 1,right
494,1096,1290,1112,312,304,Simple lobule,right
494,1107,1223,1110,314,290,Crus 1,right
494,1110,1270,1111,316,300,Simple lobule,right
494,1231,1112,1103,348,267,Crus 1,right
496,469,1297,1129,152,318,Simple lobule,right
496,810,1063,1120,243,259,Crus 1,right
496,831,1041,1119,248,253,Crus 1,right
496,891,1028,1117,263,251,Crus 1,right
496,927,1039,1116,272,253,Crus 1,right
496,978,1061,1114,285,257,Crus 1,right
496,991,1064,1114,287,258,Crus 1,right
496,1160,1068,1105,330,259,Crus 1,right
496,1183,1074,1104,337,261,Crus 1,right
496,470,1681,1144,156,401,Simple lobule,right
496,794,1073,1121,239,261,Crus 1,right
496,932,1033,1116,273,252,Crus 1,right
496,534,1218,1126,169,300,Simple lobule,right
496,791,872,1116,239,215,Crus 1,right
496,872,1034,1118,258,252,Crus 1,right
497,1108,1058,1108,318,257,Crus 1,right
497,1141,1061,1106,325,257,Crus 1,right
497,846,1031,1119,252,251,Crus 1,right
497,1170,1072,1105,333,260,Crus 1,right
497,681,1118,1123,208,273,Crus 1,right
497,879,805,1112,262,199,Crus 1,right
497,897,1337,1122,261,316,Simple lobule,right
497,903,1019,1116,267,249,Crus 1,right
497,1026,1083,1112,296,262,Crus 1,right
497,1064,1297,1113,304,306,Simple lobule,right
497,1086,1060,1109,311,257,Crus 1,right
497,1153,1060,1105,329,257,Crus 1,right
497,1204,1072,1103,342,260,Crus 1,right
497,1229,1077,1102,349,261,Crus 1,right
497,1263,1079,1101,358,262,Crus 1,right
497,1275,1077,1100,361,261,Crus 1,right
497,1320,1084,1098,373,263,Crus 1,right
497,329,1751,1148,120,418,Simple lobule,right
497,792,872,1116,239,215,Crus 1,right
497,855,1037,1119,254,252,Crus 1,right
497,982,1137,1115,284,273,Crus 1,right
497,983,1069,1114,286,259,Crus 1,right
497,989,1310,1117,285,309,Simple lobule,right
497,991,1140,1114,286,274,Crus 1,right
497,1013,1077,1112,294,260,Crus 1,right
497,1035,1097,1112,298,264,Crus 1,right
497,1049,1143,1111,301,274,Crus 1,right
497,1074,1077,1109,309,260,Crus 1,right
497,1082,1113,1109,309,268,Crus 1,right
497,1105,1280,1111,314,302,Simple lobule,right
497,1178,1276,1107,334,301,Crus 1,right
497,1180,1285,1107,334,303,Simple lobule,right
497,1238,1074,1102,352,261,Crus 1,right
497,1241,1245,1103,349,295,Crus 1,right
497,1278,1098,1100,362,266,Crus 1,right
498,912,1017,1115,268,248,Crus 1,right
498,936,1023,1115,274,250,Crus 1,right
498,959,1048,1114,280,255,Crus 1,right
498,970,1044,1113,283,254,Crus 1,right
498,984,1050,1113,286,255,Crus 1,right
498,1033,1058,1111,299,257,Crus 1,right
498,767,906,1116,232,223,Crus 1,right
498,927,1020,1115,272,249,Crus 1,right
498,966,1035,1114,282,252,Crus 1,right
498,1075,1061,1109,309,257,Crus 1,right
498,809,864,1114,244,214,Crus 1,right
498,955,1028,1114,279,251,Crus 1,right
498,978,1041,1113,285,253,Crus 1,right
498,995,1053,1112,289,256,Crus 1,right
498,1054,1255,1112,301,297,Simple lobule,right
498,1097,1046,1107,314,254,Crus 1,right
498,1168,1062,1104,333,258,Crus 1,right
498,1237,1254,1103,348,297,Crus 1,right
498,1286,1075,1099,364,261,Crus 1,right
498,763,920,1117,232,226,Crus 1,right
498,818,1050,1119,245,255,Crus 1,right
498,1058,1115,1110,304,268,Crus 1,right
498,1072,1086,1109,307,262,Crus 1,right
498,1073,1294,1112,306,306,Simple lobule,right
498,1303,1085,1098,369,263,Crus 1,right
499,1060,1055,1108,305,257,Crus 1,right
499,998,1037,1111,290,252,Crus 1,right
499,1009,1039,1111,293,253,Crus 1,right
499,1055,1093,1109,303,265,Crus 1,right
499,1131,1050,1105,323,256,Crus 1,right
499,491,1661,1141,161,397,Simple lobule,right
499,689,1112,1121,211,271,Crus 1,right
499,733,949,1117,224,233,Crus 1,right
499,853,1153,1119,254,278,Crus 1,right
499,877,1026,1116,259,250,Crus 1,right
499,920,1012,1114,271,247,Crus 1,right
499,949,1018,1113,278,249,Crus 1,right
499,961,1020,1113,280,249,Crus 1,right
499,1112,1051,1106,318,256,Crus 1,right
499,1188,1062,1102,338,258,Crus 1,right
499,1254,1076,1099,355,261,Crus 1,right
499,257,2021,1150,101,473,Lobules IV-V,right
499,708,1106,1121,216,269,Crus 1,right
499,793,1066,1119,239,259,Crus 1,right
499,830,845,1112,249,209,Crus 1,right
499,861,1028,1117,255,251,Crus 1,right
499,996,1116,1112,288,269,Crus 1,right
499,1042,1116,1110,299,269,Crus 1,right
499,1049,1127,1109,301,271,Crus 1,right
499,1114,1278,1108,317,302,Simple lobule,right
499,1160,1134,1103,329,272,Crus 1,right
500,976,1021,1112,284,249,Crus 1,right
500,928,1010,1114,273,247,Crus 1,right
500,938,1012,1113,276,247,Crus 1,right
500,982,1037,1112,285,252,Crus 1,right
500,1029,1048,1110,297,255,Crus 1,right
500,1084,1052,1107,311,256,Crus 1,right
500,807,1056,1119,241,257,Crus 1,right
500,839,1034,1117,250,252,Crus 1,right
500,889,1015,1115,263,248,Crus 1,right
500,899,1013,1115,266,248,Crus 1,right
500,972,1029,1112,283,251,Crus 1,right
500,1014,1145,1111,292,275,Crus 1,right
500,1141,1050,1104,326,256,Crus 1,right
500,1141,1290,1107,323,305,Simple lobule,right
500,1208,1098,1101,343,266,Crus 1,right
500,483,1671,1141,160,399,Simple lobule,right
500,967,1107,1114,281,267,Crus 1,right
500,989,1017,1111,288,248,Crus 1,right
500,1019,1062,1110,295,258,Crus 1,right
500,1045,1300,1112,299,307,Simple lobule,right
500,1054,1104,1109,303,267,Crus 1,right
500,1061,1284,1111,302,304,Simple lobule,right
500,1072,1126,1108,306,271,Crus 1,right
500,1075,1284,1111,306,304,Simple lobule,right
500,1079,1138,1108,309,274,Crus 1,right
500,1161,1133,1103,329,272,Crus 1,right
500,1164,1059,1103,332,258,Crus 1,right
500,1180,1126,1102,334,271,Crus 1,right
501,293,1926,1148,111,454,Lobules IV-V,right
501,526,1220,1124,166,300,Simple lobule,right
501,920,1003,1114,271,245,Crus 1,right
501,956,1010,1113,279,247,Crus 1,right
501,1016,1037,1110,294,252,Crus 1,right
501,1051,1045,1109,303,254,Crus 1,right
501,1069,1046,1108,308,255,Crus 1,right
501,1204,1056,1102,343,257,Crus 1,right
501,1222,1059,1101,346,258,Crus 1,right
501,842,1024,1117,250,250,Crus 1,right
501,857,1022,1116,254,249,Crus 1,right
501,876,1013,1116,259,248,Crus 1,right
501,970,1142,1114,282,274,Crus 1,right
501,982,1029,1112,285,251,Crus 1,right
501,1023,1110,1111,295,268,Crus 1,right
501,1098,698,1101,318,171,Crus 1,right
501,1103,1047,1106,317,255,Crus 1,right
501,834,838,1112,251,208,Crus 1,right
501,922,1115,1116,270,269,Crus 1,right
501,959,1154,1114,279,277,Crus 1,right
501,1015,1071,1111,293,260,Crus 1,right
501,1041,1089,1110,299,264,Crus 1,right
501,1061,1026,1108,305,250,Crus 1,right
501,1075,1031,1108,309,251,Crus 1,right
501,1088,1300,1110,310,307,Simple lobule,right
502,926,772,1107,274,191,Crus 1,right
502,869,1021,1115,258,249,Crus 1,right
502,935,1003,1113,274,246,Crus 1,right
502,968,745,1105,285,184,Crus 1,right
502,1001,1027,1110,290,250,Crus 1,right
502,1089,1039,1106,313,254,Crus 1,right
502,1159,1044,1103,331,255,Crus 1,right
502,885,1017,1115,262,248,Crus 1,right
502,907,1012,1114,267,247,Crus 1,right
502,994,1027,1110,289,250,Crus 1,right
502,1087,1064,1106,311,259,Crus 1,right
502,1104,1040,1105,317,254,Crus 1,right
502,1147,1045,1103,327,255,Crus 1,right
502,1290,1059,1097,365,258,Crus 1,right
502,455,1323,1128,149,324,Simple lobule,right
502,485,1272,1126,156,312,Simple lobule,right
502,780,875,1114,236,216,Crus 1,right
502,801,866,1113,241,214,Crus 1,right
502,847,1030,1116,252,251,Crus 1,right
502,908,1072,1115,268,260,Crus 1,right
502,947,1140,1114,275,274,Crus 1,right
502,974,1123,1112,283,271,Crus 1,right
502,1028,1072,1109,297,260,Crus 1,right
502,1037,1131,1109,297,272,Crus 1,right
502,1040,1153,1109,298,277,Crus 1,right
502,1049,1078,1108,302,262,Crus 1,right
502,1054,1255,1110,301,297,Simple lobule,right
502,1075,1104,1107,308,267,Crus 1,right
502,1084,1084,1106,311,263,Crus 1,right
502,1092,1243,1108,310,295,Simple lobule,right
502,1096,1295,1109,311,306,Simple lobule,right
502,1098,1269,1108,313,300,Simple lobule,right
502,1111,1126,1105,316,271,Crus 1,right
502,1117,1287,1108,317,304,Simple lobule,right
502,1175,1281,1105,332,303,Simple lobule,right
502,1235,1050,1100,351,256,Crus 1,right
502,1260,1062,1098,357,258,Crus 1,right
503,949,1001,1111,278,245,Crus 1,right
503,964,1009,1111,282,247,Crus 1,right
503,1057,1037,1107,304,253,Crus 1,right
503,1173,1044,1101,335,255,Crus 1,right
503,1273,1060,1097,361,258,Crus 1,right
503,797,858,1112,240,213,Crus 1,right
503,914,999,1112,269,245,Crus 1,right
503,1009,1024,1109,293,250,Crus 1,right
503,1020,1092,1109,294,264,Crus 1,right
503,1252,1058,1098,354,258,Crus 1,right
503,1337,1068,1095,377,260,Crus 1,right
503,800,867,1112,241,214,Crus 1,right
503,922,1117,1114,270,269,Crus 1,right
503,984,1013,1110,287,248,Crus 1,right
503,1037,1031,1108,299,252,Crus 1,right
503,1134,1129,1103,323,272,Crus 1,right
504,1048,1032,1107,303,252,Crus 1,right
504,1136,1283,1106,322,304,Simple lobule,right
504,1019,724,1102,298,178,Crus 1,right
504,850,1358,1121,250,323,Simple lobule,right
504,882,1006,1114,260,246,Crus 1,right
504,990,1009,1110,288,247,Crus 1,right
504,994,735,1103,291,181,Crus 1,right
504,1002,1010,1109,290,247,Crus 1,right
504,1084,1031,1105,312,252,Crus 1,right
504,1101,651,1098,319,157,Crus 1,right
504,717,964,1116,218,236,Crus 1,right
504,746,920,1115,227,226,Crus 1,right
504,806,853,1112,243,212,Crus 1,right
504,890,1332,1118,260,315,Simple lobule,right
504,891,1012,1113,263,247,Crus 1,right
504,1079,1260,1108,307,298,Simple lobule,right
505,1093,1027,1105,314,251,Crus 1,right
505,1105,1031,1105,317,252,Crus 1,right
505,288,1935,1146,110,456,Lobules IV-V,right
505,486,1670,1140,160,399,Simple lobule,right
505,588,1084,1120,183,266,Crus 1,right
505,763,903,1114,232,223,Crus 1,right
505,778,887,1113,236,218,Crus 1,right
505,795,1068,1117,239,260,Crus 1,right
505,896,1004,1113,264,246,Crus 1,right
505,915,780,1106,271,193,Crus 1,right
505,1062,1103,1107,304,267,Crus 1,right
505,1226,1043,1099,348,255,Crus 1,right
505,1281,1057,1097,363,257,Crus 1,right
505,1320,1064,1095,373,259,Crus 1,right
505,1359,1072,1094,384,260,Crus 1,right
505,345,1623,1142,120,388,Simple lobule,right
505,494,1668,1139,162,399,Simple lobule,right
505,574,1129,1120,179,277,Crus 1,right
505,581,1106,1120,181,271,Crus 1,right
505,583,1098,1120,182,270,Crus 1,right
505,772,894,1113,233,221,Crus 1,right
505,855,1014,1115,254,248,Crus 1,right
505,1024,1015,1108,297,248,Crus 1,right
505,1101,1099,1105,314,266,Crus 1,right
505,1195,1241,1102,337,294,Crus 1,right
506,595,1065,1118,185,261,Crus 1,right
506,752,1070,1117,227,260,Crus 1,right
506,1058,1294,1109,302,306,Simple lobule,right
506,1194,1042,1100,340,254,Crus 1,right
506,1248,1049,1097,355,256,Crus 1,right
506,229,2122,1148,94,493,Lobules IV-V,right
506,485,1267,1124,156,310,Simple lobule,right
506,1124,1033,1103,322,253,Crus 1,right
506,1174,1276,1103,332,302,Simple lobule,right
506,1218,1258,1100,344,299,Simple lobule,right
506,1235,1046,1098,351,255,Crus 1,right
506,1258,1048,1097,357,256,Crus 1,right
506,727,1376,1123,221,330,Simple lobule,right
506,758,909,1113,230,224,Crus 1,right
506,858,1338,1119,253,318,Simple lobule,right
506,902,1322,1117,262,313,Simple lobule,right
506,1040,1025,1107,300,251,Crus 1,right
506,1058,1102,1106,304,266,Crus 1,right
506,1073,706,1099,312,173,Crus 1,right
506,1100,1250,1106,313,296,Simple lobule,right
506,1299,1048,1095,368,256,Crus 1,right
506,1309,1050,1095,371,256,Crus 1,right
506,1385,1098,1092,390,266,arbor vitae,right
507,333,1744,1143,120,416,Simple lobule,right
507,578,1121,1119,181,275,Crus 1,right
507,623,1017,1117,193,248,Crus 1,right
507,478,1277,1123,155,313,Simple lobule,right
507,584,1097,1118,182,268,Crus 1,right
507,903,995,1111,267,244,Crus 1,right
507,954,984,1109,279,242,Crus 1,right
507,971,986,1108,283,242,Crus 1,right
507,982,990,1108,285,243,Crus 1,right
507,1113,1024,1102,319,251,Crus 1,right
507,1206,1264,1100,340,300,Simple lobule,right
507,1246,1040,1097,353,254,Crus 1,right
507,798,1048,1115,240,256,Crus 1,right
507,886,1099,1114,261,267,Crus 1,right
507,989,1098,1109,287,266,Crus 1,right
507,1012,1147,1108,291,275,Crus 1,right
507,1051,1287,1109,300,304,Simple lobule,right
507,1123,1130,1102,320,272,Crus 1,right
507,1210,1034,1098,344,253,Crus 1,right
509,541,1194,1120,170,294,Simple lobule,right
509,515,1631,1136,167,389,Simple lobule,right
509,522,1623,1136,168,388,Simple lobule,right
509,612,1033,1117,189,253,Crus 1,right
509,1020,669,1099,298,164,Crus 1,right
509,1021,1004,1106,295,247,Crus 1,right
509,1084,660,1096,315,160,Crus 1,right
509,742,1368,1122,224,328,Simple lobule,right
509,1077,1268,1107,306,301,Simple lobule,right
509,1149,1264,1103,325,300,Simple lobule,right
509,1289,1041,1095,366,254,Crus 1,right
509,1306,1043,1095,370,255,Crus 1,right
509,1387,1107,1091,389,267,Crus 1,right
509,595,1070,1118,185,262,Crus 1,right
509,956,975,1108,279,240,Crus 1,right
509,995,991,1107,289,243,Crus 1,right
509,1021,1107,1107,294,267,Crus 1,right
509,1047,1017,1106,302,249,Crus 1,right
509,1064,1106,1105,305,267,Crus 1,right
509,1083,1292,1107,309,305,Simple lobule,right
509,1111,1085,1103,317,263,Crus 1,right
509,1141,1140,1101,324,274,Crus 1,right
509,1160,1256,1102,328,297,Simple lobule,right
509,1185,1035,1099,337,253,Crus 1,right
508,989,680,1100,291,167,Crus 1,right
508,1071,1292,1108,305,305,Simple lobule,right
508,1121,1285,1105,318,304,Simple lobule,right
508,1273,1043,1096,361,255,Crus 1,right
508,472,1687,1139,156,402,Simple lobule,right
508,699,1088,1117,213,266,Crus 1,right
508,1027,1011,1106,297,248,Crus 1,right
508,1070,1101,1105,307,266,Crus 1,right
508,1101,656,1096,319,159,Crus 1,right
508,1138,1213,1102,323,289,Simple lobule,right
508,1151,1028,1101,328,252,Crus 1,right
508,1158,690,1095,334,169,Crus 1,right
508,1218,1260,1099,344,299,Simple lobule,right
508,1326,1054,1094,375,257,Crus 1,right
508,584,1100,1118,182,270,Crus 1,right
508,588,1149,1119,183,282,Crus 1,right
508,974,1147,1110,282,275,Crus 1,right
508,995,990,1107,289,243,Crus 1,right
508,1076,1082,1104,308,262,Crus 1,right
508,1130,1107,1102,322,267,Crus 1,right
508,1132,1281,1104,320,303,Simple lobule,right
508,1133,1254,1103,322,297,Simple lobule,right
508,1135,1019,1102,325,250,Crus 1,right
508,1146,1275,1103,324,302,Simple lobule,right
508,1151,1274,1103,326,302,Simple lobule,right
508,1161,1206,1101,328,287,Crus 1,right
508,1260,1122,1096,355,270,Crus 1,right
508,1342,1053,1093,379,257,Crus 1,right
510,672,931,1113,207,229,Crus 1,right
510,775,886,1110,235,219,Crus 1,right
510,781,810,1108,237,202,Crus 1,right
510,1086,1012,1103,312,248,Crus 1,right
510,1196,1023,1098,340,251,Crus 1,right
510,1257,1030,1096,356,252,Crus 1,right
510,748,917,1112,228,225,Crus 1,right
510,756,911,1112,229,224,Crus 1,right
510,855,1002,1112,254,245,Crus 1,right
510,969,1069,1109,282,260,Crus 1,right
510,1003,988,1106,292,243,Crus 1,right
510,1025,992,1105,297,243,Crus 1,right
510,1053,1012,1104,304,248,Crus 1,right
510,1073,1211,1105,306,288,Simple lobule,right
510,1078,1249,1105,307,297,Simple lobule,right
510,1082,1290,1106,307,305,Simple lobule,right
510,1103,659,1095,320,160,Crus 1,right
510,1119,1222,1102,318,290,Simple lobule,right
510,1143,1227,1101,324,291,Simple lobule,right
510,1147,1016,1100,327,249,Crus 1,right
510,1206,1100,1097,341,266,Crus 1,right
511,1009,1000,1105,293,246,Crus 1,right
511,600,1062,1116,186,259,Crus 1,right
511,261,2020,1144,101,472,Lobules IV-V,right
511,1183,1016,1098,338,249,Crus 1,right
512,1069,1004,1103,308,247,Crus 1,right
512,1048,995,1103,303,245,Crus 1,right
512,1074,1273,1105,306,302,Simple lobule,right
512,1155,1109,1099,328,268,Crus 1,right
512,907,1046,1110,266,255,Crus 1,right
513,1005,978,1105,292,241,Crus 1,right
513,1054,1280,1106,301,303,Simple lobule,right
513,1057,1000,1103,304,246,Crus 1,right
513,1120,1000,1101,321,246,Crus 1,right
513,1140,1008,1100,326,248,Crus 1,right
513,1162,701,1093,333,172,Crus 1,right
513,1183,1009,1098,338,248,Crus 1,right
513,1233,1012,1096,351,248,Crus 1,right
513,1251,1019,1095,355,250,Crus 1,right
513,1324,1032,1092,376,252,Crus 1,right
513,304,1910,1142,113,451,Lobules IV-V,right
513,336,1733,1141,119,413,Simple lobule,right
513,536,1194,1119,169,293,Simple lobule,right
513,688,1069,1115,210,261,Crus 1,right
513,700,1356,1121,214,327,Simple lobule,right
513,784,1104,1115,236,269,Crus 1,right
513,829,1137,1114,247,275,Crus 1,right
513,858,1141,1113,255,276,Crus 1,right
513,971,1043,1108,282,255,Crus 1,right
513,1005,1135,1107,290,274,Crus 1,right
513,1012,1076,1106,292,261,Crus 1,right
513,1044,987,1103,302,243,Crus 1,right
513,1057,1263,1106,301,300,Simple lobule,right
513,1076,1247,1105,306,296,Simple lobule,right
513,1078,1282,1105,307,303,Simple lobule,right
513,1091,1233,1104,310,293,Simple lobule,right
513,1110,1137,1101,316,273,Crus 1,right
513,1163,1007,1099,333,247,Crus 1,right
513,1224,1014,1096,348,249,Crus 1,right
514,1018,981,1104,296,241,Crus 1,right
514,1027,983,1103,297,243,Crus 1,right
514,1092,998,1101,313,246,Crus 1,right
514,1102,1002,1101,316,246,Crus 1,right
514,1132,1000,1099,323,246,Crus 1,right
514,716,1066,1114,217,260,Crus 1,right
514,786,1042,1113,236,254,Crus 1,right
514,794,1035,1112,238,252,Crus 1,right
514,852,1325,1115,250,316,Simple lobule,right
514,992,1034,1106,287,253,Crus 1,right
514,1052,1098,1103,301,266,Crus 1,right
514,1112,997,1100,318,245,Crus 1,right
514,1143,1265,1101,324,300,Simple lobule,right
514,762,1055,1113,229,257,Crus 1,right
514,769,1051,1113,232,256,Crus 1,right
514,779,1051,1113,234,256,Crus 1,right
514,814,1026,1112,243,250,Crus 1,right
514,922,1073,1109,270,261,Crus 1,right
514,1032,995,1103,298,245,Crus 1,right
514,1049,1046,1103,302,255,Crus 1,right
514,1075,1248,1104,306,297,Simple lobule,right
514,1193,1010,1097,340,248,Crus 1,right
515,1067,993,1101,307,245,Crus 1,right
515,683,1350,1119,211,326,Simple lobule,right
515,731,1063,1113,221,260,Crus 1,right
515,960,967,1105,281,238,Crus 1,right
515,986,969,1104,287,239,Crus 1,right
515,1033,985,1102,299,243,Crus 1,right
515,1050,982,1101,303,242,Crus 1,right
515,700,1358,1119,214,328,Simple lobule,right
515,824,1020,1110,246,249,Crus 1,right
515,845,1006,1110,251,246,Crus 1,right
515,854,999,1109,254,245,Crus 1,right
515,911,976,1107,268,240,Crus 1,right
515,1079,996,1100,311,245,Crus 1,right
515,1105,704,1093,319,173,Crus 1,right
515,1153,998,1097,330,246,Crus 1,right
515,1171,1004,1097,334,247,Crus 1,right
515,1251,1008,1094,355,248,Crus 1,right
515,760,1349,1118,229,324,Simple lobule,right
515,838,1105,1112,250,268,Crus 1,right
515,861,996,1109,255,244,Crus 1,right
515,935,977,1106,274,240,Crus 1,right
515,1048,1001,1102,303,246,Crus 1,right
515,1115,987,1099,320,243,Crus 1,right
515,1126,1081,1099,321,263,Crus 1,right
515,1160,655,1090,334,159,Crus 1,right
516,699,1062,1113,213,258,Crus 1,right
516,725,1062,1113,220,258,Crus 1,right
516,745,1057,1113,225,257,Crus 1,right
516,827,1012,1110,246,247,Crus 1,right
516,842,1062,1111,250,258,Crus 1,right
516,929,968,1106,273,239,Crus 1,right
516,1059,978,1101,306,242,Crus 1,right
516,1094,987,1100,315,243,Crus 1,right
516,1125,994,1099,322,245,Crus 1,right
516,901,976,1107,265,240,Crus 1,right
516,1102,995,1100,316,245,Crus 1,right
516,1145,995,1098,327,245,Crus 1,right
516,718,949,1111,219,233,Crus 1,right
516,736,1135,1114,222,276,Crus 1,right
516,870,991,1108,258,243,Crus 1,right
516,901,1074,1109,265,262,Crus 1,right
516,940,960,1105,276,237,Crus 1,right
516,956,1072,1107,278,261,Crus 1,right
516,1021,1120,1104,294,271,Crus 1,right
516,1031,1108,1104,296,269,Crus 1,right
516,1085,1059,1101,311,259,Crus 1,right
516,1161,656,1090,334,159,Crus 1,right
517,755,1047,1112,228,255,Crus 1,right
517,778,1039,1112,234,254,Crus 1,right
517,878,985,1108,260,242,Crus 1,right
517,966,964,1104,282,238,Crus 1,right
517,1014,971,1103,294,239,Crus 1,right
517,1187,998,1096,338,246,Crus 1,right
517,530,1197,1117,168,293,Simple lobule,right
517,542,1612,1132,173,384,Simple lobule,right
517,731,926,1110,222,228,Crus 1,right
517,790,1036,1112,237,252,Crus 1,right
517,826,1332,1116,244,318,Simple lobule,right
517,855,1009,1109,254,247,Crus 1,right
517,917,963,1106,269,238,Crus 1,right
517,944,1135,1108,275,274,Crus 1,right
517,1024,969,1102,297,239,Crus 1,right
517,1104,1275,1102,314,302,Simple lobule,right
517,1233,1248,1095,347,297,Simple lobule,right
517,1360,1030,1089,385,252,Crus 1,right
517,498,1241,1118,160,304,Simple lobule,right
517,597,1089,1115,185,267,Crus 1,right
517,690,995,1112,210,243,Crus 1,right
517,697,996,1112,212,243,Crus 1,right
517,803,1025,1111,241,250,Crus 1,right
517,930,1120,1109,272,271,Crus 1,right
517,1008,1041,1104,292,254,Crus 1,right
517,1030,977,1102,298,241,Crus 1,right
517,1063,1088,1102,305,265,Crus 1,right
517,1064,1048,1102,306,257,Crus 1,right
517,1271,1009,1093,361,248,Crus 1,right
517,1339,1024,1090,380,251,Crus 1,right
523,538,1184,1113,170,291,Simple lobule,right
523,722,871,1105,221,216,Crus 1,right
523,929,958,1102,273,237,Crus 1,right
523,1181,984,1093,337,243,Crus 1,right
523,1183,725,1088,339,179,Crus 1,right
523,660,955,1108,203,234,Crus 1,right
523,732,927,1106,222,228,Crus 1,right
523,759,895,1105,230,221,Crus 1,right
523,796,1023,1108,238,250,Crus 1,right
523,839,830,1101,251,207,Crus 1,right
523,1091,1097,1097,311,266,Crus 1,right
523,1098,975,1096,316,241,Crus 1,right
523,1150,975,1094,329,241,Crus 1,right
523,717,950,1107,218,233,Crus 1,right
523,781,1079,1109,234,263,Crus 1,right
523,925,991,1103,271,244,Crus 1,right
523,1120,1221,1097,317,291,Simple lobule,right
523,1157,1239,1095,326,295,Simple lobule,right
523,1164,710,1088,334,175,Crus 1,right
523,1189,1045,1093,338,256,Crus 1,right
519,953,961,1103,279,237,Crus 1,right
519,809,1020,1109,242,249,Crus 1,right
519,890,976,1106,263,240,Crus 1,right
519,700,979,1110,213,240,Crus 1,right
519,797,1031,1110,238,251,Crus 1,right
519,833,1006,1108,249,246,Crus 1,right
519,1000,961,1101,291,237,Crus 1,right
519,1038,975,1100,301,241,Crus 1,right
519,731,933,1108,222,230,Crus 1,right
519,738,1053,1111,223,257,Crus 1,right
519,784,1032,1110,235,251,Crus 1,right
519,798,857,1104,241,212,Crus 1,right
519,971,1031,1104,282,252,Crus 1,right
519,986,1025,1103,286,251,Crus 1,right
519,1072,977,1099,308,241,Crus 1,right
519,1126,987,1097,322,243,Crus 1,right
519,1152,988,1096,329,244,Crus 1,right
519,1220,995,1093,347,245,Crus 1,right
519,686,1009,1111,209,247,Crus 1,right
519,961,981,1103,280,241,Crus 1,right
519,990,1281,1106,284,304,Simple lobule,right
521,976,957,1102,284,236,Crus 1,right
521,1116,1266,1100,316,300,Simple lobule,right
521,499,1238,1117,160,304,Simple lobule,right
521,860,989,1107,255,243,Crus 1,right
521,1079,1271,1102,307,302,Simple lobule,right
521,1142,987,1096,326,243,Crus 1,right
521,768,1036,1110,231,252,Crus 1,right
521,823,1011,1108,246,247,Crus 1,right
521,946,957,1103,277,236,Crus 1,right
521,1063,969,1099,307,240,Crus 1,right
521,1165,992,1095,333,244,Crus 1,right
521,1169,709,1090,335,175,Crus 1,right
521,1175,1245,1096,332,296,Simple lobule,right
521,1182,995,1095,336,245,Crus 1,right
521,1181,1222,1095,333,291,Simple lobule,right
521,337,1956,1137,119,459,Lobules IV-V,right
521,515,1640,1131,166,391,Simple lobule,right
521,795,829,1104,240,207,Crus 1,right
521,1063,1262,1102,303,299,Simple lobule,right
521,1067,1080,1100,305,263,Crus 1,right
521,1108,976,1097,318,241,Crus 1,right
521,1285,1216,1091,360,290,Crus 1,right
521,1335,1016,1089,378,249,Crus 1,right
521,1353,1013,1088,384,248,Crus 1,right
521,1405,1052,1086,396,256,arbor vitae,right
518,696,902,1109,214,222,Crus 1,right
518,817,1017,1110,243,248,Crus 1,right
518,847,997,1108,251,244,Crus 1,right
518,986,961,1103,287,237,Crus 1,right
518,1043,981,1101,302,242,Crus 1,right
518,1085,986,1099,312,243,Crus 1,right
518,1106,986,1099,317,243,Crus 1,right
518,1166,996,1096,333,245,Crus 1,right
518,533,1617,1131,172,385,Simple lobule,right
518,598,1087,1114,186,265,Crus 1,right
518,671,937,1110,206,230,Crus 1,right
518,706,890,1108,217,220,Crus 1,right
518,949,1001,1105,278,246,Crus 1,right
518,995,980,1103,289,242,Crus 1,right
518,1112,992,1098,318,244,Crus 1,right
518,520,1210,1117,165,297,Simple lobule,right
518,682,1045,1112,207,255,Crus 1,right
518,764,1044,1111,230,255,Crus 1,right
518,923,1066,1107,271,260,Crus 1,right
518,939,1034,1106,275,253,Crus 1,right
518,969,1046,1105,282,255,Crus 1,right
518,975,1290,1108,281,306,Simple lobule,right
524,711,883,1105,218,219,Crus 1,right
524,483,1264,1116,156,310,Simple lobule,right
524,801,797,1101,242,199,Crus 1,right
524,909,964,1103,268,238,Crus 1,right
524,1196,980,1093,341,242,Crus 1,right
524,1254,1228,1090,352,293,Simple lobule,right
524,507,1644,1130,163,392,Simple lobule,right
524,794,801,1101,241,200,Crus 1,right
524,814,1014,1107,243,248,Crus 1,right
524,872,978,1105,258,241,Crus 1,right
524,920,960,1102,270,237,Crus 1,right
524,1014,1270,1103,291,302,Simple lobule,right
524,1105,967,1096,317,239,Crus 1,right
524,789,1031,1108,237,252,Crus 1,right
524,919,1030,1104,270,252,Crus 1,right
524,977,1090,1103,283,265,Crus 1,right
524,1056,1255,1101,301,299,Simple lobule,right
524,1062,960,1097,306,238,Crus 1,right
524,1074,1046,1098,309,256,Crus 1,right
524,1074,1060,1098,308,259,Crus 1,right
524,1097,666,1088,316,163,Crus 1,right
524,1106,1198,1097,314,287,Simple lobule,right
524,1149,1132,1094,326,273,Crus 1,right
524,1159,978,1094,331,242,Crus 1,right
524,1178,1133,1093,334,274,Crus 1,right
524,1230,1107,1091,347,268,Crus 1,right
520,747,908,1107,226,224,Crus 1,right
520,905,968,1105,267,239,Crus 1,right
520,610,1052,1112,189,257,Crus 1,right
520,1025,964,1100,297,239,Crus 1,right
520,531,1783,1132,173,423,Lobules IV-V,right
520,839,1000,1108,250,245,Crus 1,right
520,1087,977,1098,312,241,Crus 1,right
520,661,952,1109,203,233,Crus 1,right
520,868,988,1107,258,243,Crus 1,right
525,517,1211,1114,164,297,Simple lobule,right
525,987,951,1100,287,235,Crus 1,right
525,779,815,1102,237,204,Crus 1,right
525,565,1597,1127,180,381,Simple lobule,right
525,534,1623,1129,172,387,Simple lobule,right
525,759,1040,1109,229,254,Crus 1,right
525,799,1020,1108,239,249,Crus 1,right
525,826,776,1100,248,194,Crus 1,right
525,836,769,1099,251,193,Crus 1,right
525,954,950,1101,279,235,Crus 1,right
525,999,950,1099,291,235,Crus 1,right
525,1071,1118,1098,306,271,Crus 1,right
525,695,996,1108,212,243,Crus 1,right
525,814,1109,1109,243,270,Crus 1,right
525,1060,1049,1098,305,257,Crus 1,right
525,1061,961,1097,306,238,Crus 1,right
525,1095,1082,1097,313,263,Crus 1,right
525,1126,972,1095,322,240,Crus 1,right
525,1168,1120,1093,331,271,Crus 1,right
522,662,950,1109,203,233,Crus 1,right
522,966,954,1101,282,236,Crus 1,right
522,1055,970,1099,304,240,Crus 1,right
522,1135,978,1096,325,242,Crus 1,right
522,714,960,1108,217,235,Crus 1,right
522,794,865,1104,240,215,Crus 1,right
522,1042,968,1099,301,240,Crus 1,right
522,1138,1019,1096,326,251,Crus 1,right
522,1172,1222,1095,330,291,Simple lobule,right
522,1222,1049,1092,346,257,Crus 1,right
522,1329,1003,1088,377,246,Crus 1,right
522,1336,1185,1088,373,284,Crus 1,right
522,1398,1038,1085,395,254,Crus 1,right
522,743,1048,1110,225,256,Crus 1,right
522,949,1101,1105,277,267,Crus 1,right
522,1108,977,1097,318,241,Crus 1,right
522,1117,978,1096,320,242,Crus 1,right
522,1146,1106,1095,325,268,Crus 1,right
522,1186,1006,1094,338,247,Crus 1,right
522,1201,1249,1094,338,297,Simple lobule,right
522,1242,985,1092,353,243,Crus 1,right
527,729,863,1102,223,215,Crus 1,right
527,1166,972,1092,333,240,Crus 1,right
527,1065,1219,1098,303,292,Simple lobule,right
527,1095,1259,1097,311,300,Simple lobule,right
527,1264,1191,1088,355,285,Simple lobule,right
527,1313,1196,1086,368,286,Simple lobule,right
527,744,913,1104,226,226,Crus 1,right
527,815,815,1099,245,204,Crus 1,right
527,868,1096,1105,257,267,Crus 1,right
527,926,1100,1103,271,268,Crus 1,right
527,965,1051,1101,281,257,Crus 1,right
527,1069,1040,1096,307,255,Crus 1,right
527,1075,1006,1096,309,248,Crus 1,right
527,1134,1028,1093,324,253,Crus 1,right
527,1138,1254,1095,322,299,Simple lobule,right
527,1346,1180,1085,376,283,Crus 1,right
526,761,832,1102,231,207,Crus 1,right
526,1041,960,1097,301,238,Crus 1,right
526,655,964,1107,202,236,Crus 1,right
526,667,945,1107,205,232,Crus 1,right
526,528,1630,1128,170,388,Simple lobule,right
526,950,773,1094,279,193,Crus 1,right
526,1188,1247,1093,335,296,Simple lobule,right
526,1346,998,1086,381,245,Crus 1,right
526,733,860,1103,225,214,Crus 1,right
526,734,859,1103,225,214,Crus 1,right
526,735,858,1103,225,214,Crus 1,right
526,830,774,1098,250,194,Crus 1,right
526,863,1060,1106,256,259,Crus 1,right
526,897,1036,1104,264,253,Crus 1,right
526,1077,1257,1099,306,299,Simple lobule,right
526,1117,1168,1095,317,281,Simple lobule,right
526,1153,1090,1093,328,265,Crus 1,right
526,1171,1244,1094,330,296,Simple lobule,right
526,1201,1244,1092,338,296,Simple lobule,right
526,1346,1178,1086,376,283,Crus 1,right
529,1052,959,1096,303,238,Crus 1,right
529,547,1617,1126,174,385,Simple lobule,right
529,815,848,1100,245,212,Crus 1,right
529,980,945,1098,286,234,Crus 1,right
529,1025,952,1097,297,236,Crus 1,right
529,1186,970,1091,338,240,Crus 1,right
529,418,1426,1121,138,344,Simple lobule,right
529,654,964,1106,202,236,Crus 1,right
529,699,1034,1108,213,252,Crus 1,right
529,746,1038,1107,225,254,Crus 1,right
529,751,907,1103,227,224,Crus 1,right
529,780,1026,1106,234,250,Crus 1,right
529,994,945,1097,289,234,Crus 1,right
529,1004,947,1097,292,234,Crus 1,right
529,1056,1087,1097,303,264,Crus 1,right
529,1106,963,1094,317,239,Crus 1,right
529,1408,1034,1082,398,253,Crus 1,right
529,445,1349,1117,145,329,Simple lobule,right
529,456,1321,1116,148,322,Simple lobule,right
529,643,987,1107,199,241,Crus 1,right
529,1076,1201,1097,306,287,Simple lobule,right
529,1102,970,1094,316,240,Crus 1,right
529,1107,1239,1096,313,296,Simple lobule,right
529,1131,968,1093,324,240,Crus 1,right
528,1140,973,1093,326,241,Crus 1,right
528,1183,764,1087,339,190,Crus 1,right
528,515,1642,1128,166,390,Simple lobule,right
528,818,1004,1105,245,246,Crus 1,right
528,963,948,1099,282,235,Crus 1,right
528,1270,982,1088,361,242,Crus 1,right
528,738,922,1104,225,227,Crus 1,right
528,881,1039,1104,260,254,Crus 1,right
528,941,974,1100,275,241,Crus 1,right
528,965,1086,1101,281,264,Crus 1,right
528,1061,1242,1099,302,296,Simple lobule,right
528,1077,1200,1097,306,287,Simple lobule,right
528,1152,1089,1093,327,265,Crus 1,right
530,878,972,1101,260,239,Crus 1,right
530,707,889,1103,216,220,Crus 1,right
530,729,933,1104,222,230,Crus 1,right
530,953,948,1098,279,235,Crus 1,right
530,1083,959,1094,312,238,Crus 1,right
530,1117,967,1093,320,239,Crus 1,right
530,724,1041,1107,219,254,Crus 1,right
530,758,1034,1106,229,253,Crus 1,right
530,771,886,1101,233,219,Crus 1,right
530,771,1317,1110,231,316,Simple lobule,right
530,797,1013,1105,238,248,Crus 1,right
530,863,979,1102,256,241,Crus 1,right
530,1029,1007,1097,298,248,Crus 1,right
530,1144,968,1092,327,240,Crus 1,right
530,954,941,1098,279,233,Crus 1,right
530,1079,1210,1096,307,290,Simple lobule,right
530,1090,1108,1095,311,269,Crus 1,right
530,1118,1256,1095,317,299,Simple lobule,right
530,1229,1234,1089,345,294,Simple lobule,right
530,1346,987,1084,381,242,Crus 1,right
530,1387,1008,1083,392,247,Crus 1,right
531,855,983,1102,254,242,Crus 1,right
531,932,952,1098,273,235,Crus 1,right
531,557,1607,1124,177,382,Simple lobule,right
531,811,1007,1103,242,246,Crus 1,right
531,1037,949,1094,299,236,Crus 1,right
531,1076,1223,1096,306,293,Simple lobule,right
531,571,1596,1123,181,380,Simple lobule,right
531,708,961,1104,216,235,Crus 1,right
531,778,819,1098,236,205,Crus 1,right
531,784,1021,1104,235,249,Crus 1,right
531,839,990,1102,250,243,Crus 1,right
531,924,1282,1104,269,306,Simple lobule,right
531,1030,1263,1099,294,302,Simple lobule,right
531,1041,1264,1099,297,302,Simple lobule,right
531,1136,1249,1093,321,298,Simple lobule,right
531,1204,798,1086,344,199,Crus 1,right
531,1345,988,1084,381,243,Crus 1,right
531,1356,990,1083,384,243,Crus 1,right
531,1405,1024,1081,397,251,Crus 1,right
531,938,972,1098,275,240,Crus 1,right
531,1017,1060,1097,293,260,Crus 1,right
531,1038,1014,1096,300,250,Crus 1,right
531,1059,1261,1097,302,300,Simple lobule,right
531,1073,959,1093,309,238,Crus 1,right
531,1126,966,1092,322,239,Crus 1,right
531,1130,1204,1093,320,288,Simple lobule,right
531,1180,1239,1091,333,296,Simple lobule,right
532,888,965,1100,263,238,Crus 1,right
532,650,977,1105,200,239,Crus 1,right
532,969,942,1096,283,233,Crus 1,right
532,712,884,1101,218,219,Crus 1,right
532,790,1016,1104,237,248,Crus 1,right
532,824,1001,1103,246,245,Crus 1,right
532,1024,946,1095,297,235,Crus 1,right
532,1101,957,1092,316,237,Crus 1,right
532,1111,958,1092,318,238,Crus 1,right
532,1135,964,1091,325,239,Crus 1,right
532,1230,969,1088,350,240,Crus 1,right
532,534,1187,1110,169,290,Simple lobule,right
532,711,970,1104,216,238,Crus 1,right
532,735,1037,1105,222,253,Crus 1,right
532,746,912,1102,226,225,Crus 1,right
532,771,1022,1105,231,249,Crus 1,right
532,897,796,1094,265,199,Crus 1,right
532,1072,1001,1094,308,247,Crus 1,right
532,1093,1035,1093,314,254,Crus 1,right
532,1122,728,1086,321,180,Crus 1,right
532,1225,1231,1089,344,293,Simple lobule,right
532,535,1186,1110,169,290,Simple lobule,right
532,834,774,1095,250,194,Crus 1,right
532,869,972,1101,258,239,Crus 1,right
532,913,1044,1101,269,256,Crus 1,right
532,916,1069,1102,268,261,Crus 1,right
532,1028,940,1094,298,233,Crus 1,right
532,1074,1069,1095,308,262,Crus 1,right
532,1074,958,1093,309,238,Crus 1,right
532,1138,786,1087,326,195,Crus 1,right
533,909,957,1099,268,236,Crus 1,right
533,685,922,1103,210,227,Crus 1,right
533,675,936,1103,207,230,Crus 1,right
533,702,980,1104,213,240,Crus 1,right
533,1007,942,1095,292,233,Crus 1,right
533,1059,949,1094,306,236,Crus 1,right
533,739,920,1102,224,227,Crus 1,right
533,843,768,1095,253,193,Crus 1,right
533,899,961,1099,265,237,Crus 1,right
533,992,940,1096,288,233,Crus 1,right
533,1075,954,1093,309,237,Crus 1,right
533,1102,728,1086,316,181,Crus 1,right
533,1121,746,1086,321,184,Crus 1,right
533,1157,791,1087,330,196,Crus 1,right
533,1194,809,1087,341,202,Crus 1,right
533,1216,809,1086,346,201,Crus 1,right
533,533,1189,1110,169,292,Simple lobule,right
533,707,893,1102,216,221,Crus 1,right
533,728,867,1101,223,215,Crus 1,right
533,734,1274,1109,223,309,Simple lobule,right
533,830,995,1103,247,244,Crus 1,right
533,894,737,1092,265,184,Crus 1,right
533,1074,725,1087,310,179,Crus 1,right
533,1352,1178,1083,377,283,Crus 1,right
534,723,873,1100,222,217,Crus 1,right
534,829,780,1095,249,196,Crus 1,right
534,944,949,1097,277,235,Crus 1,right
534,1093,952,1092,315,236,Crus 1,right
534,1111,730,1085,319,181,Crus 1,right
534,1142,774,1086,326,192,Crus 1,right
534,639,1000,1105,197,244,Crus 1,right
534,678,1232,1109,209,300,Simple lobule,right
534,742,1032,1104,223,251,Crus 1,right
534,781,821,1097,236,205,Crus 1,right
534,800,1008,1103,239,247,Crus 1,right
534,869,975,1100,257,240,Crus 1,right
534,909,731,1091,269,183,Crus 1,right
534,1017,938,1094,294,233,Crus 1,right
534,1020,689,1086,296,171,Crus 1,right
534,1031,941,1093,298,234,Crus 1,right
534,1050,1039,1095,302,256,Crus 1,right
534,1064,1049,1094,306,258,Crus 1,right
534,1084,954,1092,312,237,Crus 1,right
534,1115,751,1086,320,186,Crus 1,right
534,1130,956,1091,324,237,Crus 1,right
534,1175,962,1089,335,238,Crus 1,right
534,654,972,1104,201,238,Crus 1,right
534,706,896,1101,216,221,Crus 1,right
534,716,1028,1105,217,251,Crus 1,right
534,723,947,1102,220,232,Crus 1,right
534,761,1030,1104,229,252,Crus 1,right
534,797,1297,1107,237,312,Simple lobule,right
534,899,1031,1100,265,253,Crus 1,right
534,964,1012,1098,281,249,Crus 1,right
534,982,935,1095,286,232,Crus 1,right
534,1082,1229,1095,307,294,Simple lobule,right
534,1101,1107,1093,314,269,Crus 1,right
534,1115,789,1087,320,196,Crus 1,right
534,1122,796,1087,321,198,Crus 1,right
534,1131,1061,1091,322,260,Crus 1,right
534,1139,1100,1091,324,268,Crus 1,right
534,1153,1244,1091,326,297,Simple lobule,right
535,550,1618,1123,175,385,Simple lobule,right
535,739,859,1098,226,214,Crus 1,right
535,818,791,1094,246,198,Crus 1,right
535,998,938,1093,291,233,Crus 1,right
535,869,818,1094,258,205,Crus 1,right
535,878,966,1098,260,238,Crus 1,right
535,935,1006,1098,274,248,Crus 1,right
535,1013,1255,1098,291,300,Simple lobule,right
535,1164,817,1086,333,203,Crus 1,right
535,895,739,1090,265,185,Crus 1,right
535,926,724,1089,273,181,Crus 1,right
535,1010,1003,1095,293,248,Crus 1,right
535,1065,1022,1093,306,252,Crus 1,right
536,942,720,1088,276,180,Crus 1,right
536,1137,815,1086,325,203,Crus 1,right
536,220,2256,1133,90,521,Lobules IV-V,right
536,896,741,1090,265,185,Crus 1,right
536,927,725,1089,273,181,Crus 1,right
536,962,1055,1098,280,259,Crus 1,right
536,1091,1223,1094,310,293,Simple lobule,right
536,1268,1110,1084,358,269,Crus 1,right
536,1371,988,1081,388,243,Crus 1,right
537,1163,1233,1090,329,295,Simple lobule,right
537,922,950,1097,270,235,Crus 1,right
537,982,1046,1097,285,257,Crus 1,right
537,1116,1243,1093,316,297,Simple lobule,right
537,1121,952,1090,321,236,Crus 1,right
537,832,784,1094,249,197,Crus 1,right
537,865,760,1092,258,191,Crus 1,right
537,1090,762,1086,313,189,Crus 1,right
537,1110,951,1090,318,236,Crus 1,right
537,1149,1237,1091,325,295,Simple lobule,right
537,1188,958,1088,339,238,Crus 1,right
537,1261,962,1085,358,237,Crus 1,right
537,1341,968,1082,380,239,Crus 1,right
537,1432,1041,1078,402,254,Crus 1,right
537,584,1593,1121,185,380,Simple lobule,right
537,1013,934,1093,294,232,Crus 1,right
537,1067,749,1086,307,186,Crus 1,right
537,1074,1252,1095,306,298,Simple lobule,right
537,1088,1252,1094,310,298,Simple lobule,right
537,1126,1232,1092,319,294,Simple lobule,right
537,1158,961,1089,331,238,Crus 1,right
537,1165,977,1089,333,242,Crus 1,right
537,1195,823,1085,341,205,Crus 1,right
537,1207,960,1087,343,238,Crus 1,right
537,1237,1223,1086,347,292,Simple lobule,right
537,1269,961,1085,361,237,Crus 1,right
537,1357,986,1082,384,242,Crus 1,right
537,1369,1165,1081,382,280,Simple lobule,right
537,1400,1005,1079,395,246,Crus 1,right
538,783,825,1095,237,206,Crus 1,right
538,950,784,1089,278,196,Crus 1,right
538,1042,941,1091,301,234,Crus 1,right
538,1084,778,1085,312,194,Crus 1,right
538,1149,958,1088,329,238,Crus 1,right
538,1221,1226,1086,343,293,Simple lobule,right
538,1409,1012,1078,398,247,Crus 1,right
538,570,1603,1121,181,382,Simple lobule,right
538,868,974,1098,257,240,Crus 1,right
538,913,796,1090,270,199,Crus 1,right
538,1001,697,1085,291,172,Crus 1,right
538,1019,1013,1094,295,250,Crus 1,right
538,1077,947,1090,309,235,Crus 1,right
538,1091,748,1084,313,186,Crus 1,right
538,1378,988,1080,390,243,Crus 1,right
538,707,898,1099,216,222,Crus 1,right
538,770,901,1098,232,223,Crus 1,right
538,1020,1006,1093,295,248,Crus 1,right
538,1035,1064,1094,298,261,Crus 1,right
538,1036,1252,1096,296,299,Simple lobule,right
538,1067,1058,1092,306,260,Crus 1,right
538,1069,947,1090,308,235,Crus 1,right
538,1096,1245,1093,311,297,Simple lobule,right
538,1120,1067,1090,320,261,Crus 1,right
538,1153,1027,1088,329,252,Crus 1,right
538,1185,981,1087,338,243,Crus 1,right
538,1232,961,1086,350,238,Crus 1,right
538,1234,1169,1085,347,281,Simple lobule,right
538,1272,830,1082,361,206,Crus 1,right
539,1217,958,1085,346,238,Crus 1,right
539,564,1611,1120,179,383,Simple lobule,right
539,710,896,1098,217,221,Crus 1,right
539,715,888,1098,219,220,Crus 1,right
539,743,1220,1105,225,296,Simple lobule,right
539,821,795,1093,246,199,Crus 1,right
539,1017,761,1085,294,189,Crus 1,right
539,1139,828,1085,326,207,Crus 1,right
539,1165,994,1087,332,246,Crus 1,right
539,1176,1231,1088,331,294,Simple lobule,right
539,1203,1226,1086,339,293,Simple lobule,right
539,1234,1075,1084,349,262,Crus 1,right
539,297,1969,1129,107,461,Lobules IV-V,right
539,699,911,1099,214,225,Crus 1,right
539,753,1232,1105,228,298,Simple lobule,right
539,943,723,1086,277,181,Crus 1,right
539,1038,1252,1095,297,299,Simple lobule,right
539,1047,1020,1092,301,252,Crus 1,right
539,1074,809,1086,309,202,Crus 1,right
539,1082,1242,1093,307,297,Simple lobule,right
539,1103,811,1085,317,202,Crus 1,right
539,1133,949,1088,325,236,Crus 1,right
539,1169,1030,1087,333,254,Crus 1,right
540,907,740,1088,267,185,Crus 1,right
540,925,732,1087,272,183,Crus 1,right
540,1173,959,1086,335,238,Crus 1,right
540,1056,945,1090,304,235,Crus 1,right
540,1061,1065,1092,305,261,Crus 1,right
540,1133,1237,1090,321,295,Simple lobule,right
540,1152,953,1087,329,237,Crus 1,right
540,1180,952,1086,337,236,Crus 1,right
540,1192,955,1086,339,237,Crus 1,right
540,1386,983,1078,391,242,Crus 1,right
540,1423,1016,1076,401,248,Crus 1,right
540,1087,1206,1092,309,289,Simple lobule,right
540,1090,991,1090,313,245,Crus 1,right
540,1090,1171,1091,310,282,Simple lobule,right
540,1180,1188,1087,333,286,Simple lobule,right
540,1183,1173,1087,334,283,Simple lobule,right
540,1204,1105,1085,341,268,Simple lobule,right
540,1207,953,1085,343,237,Crus 1,right
540,1241,1101,1084,350,267,Crus 1,right
540,1267,1145,1083,355,276,Simple lobule,right
541,556,1618,1121,176,385,Simple lobule,right
541,696,915,1099,213,226,Crus 1,right
541,1003,774,1086,292,193,Crus 1,right
541,1067,1247,1094,303,298,Simple lobule,right
541,1163,954,1087,333,237,Crus 1,right
541,1243,957,1084,354,236,Crus 1,right
541,599,1583,1118,189,377,Simple lobule,right
541,721,884,1098,220,219,Crus 1,right
541,868,766,1090,259,192,Crus 1,right
541,993,775,1086,289,193,Crus 1,right
541,1048,1092,1093,302,266,Simple lobule,right
541,1070,1119,1092,306,272,Simple lobule,right
541,1073,1196,1092,306,287,Simple lobule,right
541,1140,1178,1089,323,284,Simple lobule,right
541,1156,834,1085,330,208,Crus 1,right
541,1177,1161,1087,332,280,Simple lobule,right
541,1180,831,1084,337,207,Crus 1,right
541,1209,1172,1085,341,281,Simple lobule,right
541,1331,957,1081,377,235,Crus 1,right
541,872,762,1090,259,191,Crus 1,right
541,918,737,1087,271,184,Crus 1,right
541,1036,1245,1095,296,298,Simple lobule,right
541,1089,1090,1091,312,266,Simple lobule,right
541,1095,1068,1090,313,262,Crus 1,right
541,1124,1057,1089,321,259,Crus 1,right
541,1135,1190,1089,321,286,Simple lobule,right
541,1169,1193,1087,330,287,Simple lobule,right
541,1178,1029,1087,336,253,Crus 1,right
541,1189,1027,1086,338,252,Crus 1,right
541,1222,1170,1085,343,281,Simple lobule,right
541,1275,1202,1083,357,287,Simple lobule,right
542,530,1190,1106,168,291,Simple lobule,right
542,942,1018,1095,275,251,Crus 1,right
542,1000,1060,1094,290,260,Crus 1,right
542,1091,1241,1091,310,297,Simple lobule,right
542,1106,1239,1091,314,297,Simple lobule,right
542,1152,1077,1087,327,263,Crus 1,right
542,1313,1123,1080,369,272,Simple lobule,right
542,1359,1167,1079,380,280,Simple lobule,right
542,1060,1084,1091,304,265,Simple lobule,right
542,1091,1178,1091,310,284,Simple lobule,right
542,1093,1089,1090,313,266,Simple lobule,right
542,1106,1098,1089,315,268,Simple lobule,right
542,1132,1228,1089,320,294,Simple lobule,right
542,1151,841,1084,329,209,Crus 1,right
542,1152,1001,1087,328,247,Crus 1,right
542,1188,1226,1086,335,293,Simple lobule,right
542,1191,1044,1085,338,257,Crus 1,right
542,1202,1220,1086,338,292,Simple lobule,right
542,1203,1027,1085,342,252,Crus 1,right
542,1230,1071,1084,348,261,Crus 1,right
542,1247,1097,1083,351,266,Crus 1,right
542,1262,1047,1083,357,256,Crus 1,right
542,1269,1148,1082,357,277,Simple lobule,right
543,1092,1222,1090,310,293,Simple lobule,right
543,1147,1027,1086,327,253,Crus 1,right
543,1314,954,1080,373,235,Crus 1,right
543,1073,1044,1089,309,257,Crus 1,right
543,1116,1022,1087,319,252,Crus 1,right
543,1177,1069,1085,334,262,Crus 1,right
543,1322,1118,1079,370,271,Simple lobule,right
546,1038,926,1087,301,230,Crus 1,right
546,478,1277,1106,154,311,Simple lobule,right
546,562,1147,1103,176,280,Simple lobule,right
546,982,929,1089,285,231,Crus 1,right
546,1044,819,1083,302,205,Crus 1,right
546,1051,933,1087,303,233,Crus 1,right
546,1069,944,1087,308,235,Crus 1,right
546,428,1408,1111,140,340,Simple lobule,right
546,472,1291,1107,151,314,Simple lobule,right
546,553,1157,1103,174,282,Simple lobule,right
546,930,943,1091,273,234,Crus 1,right
546,1017,782,1083,294,194,Crus 1,right
546,1026,924,1087,297,230,Crus 1,right
546,1054,838,1084,304,210,Crus 1,right
546,1087,939,1086,312,234,Crus 1,right
546,1149,946,1084,329,235,Crus 1,right
546,1168,947,1084,334,235,Crus 1,right
546,1261,1089,1081,355,265,Simple lobule,right
546,468,1299,1107,152,317,Simple lobule,right
546,799,1159,1100,239,282,Simple lobule,right
546,979,978,1091,285,243,Crus 1,right
546,1109,682,1077,319,168,Crus 1,right
546,1257,951,1081,356,235,Crus 1,right
546,1349,1115,1077,378,270,Simple lobule,right
546,1408,989,1075,397,243,Crus 1,right
544,1114,942,1086,320,234,Crus 1,right
544,564,1144,1104,177,280,Simple lobule,right
544,1054,1042,1090,304,256,Crus 1,right
544,1194,952,1084,340,236,Crus 1,right
545,1216,950,1083,346,236,Crus 1,right
545,957,941,1091,279,233,Crus 1,right
545,999,930,1089,290,231,Crus 1,right
545,1018,927,1089,295,230,Crus 1,right
545,1044,1048,1091,301,258,Crus 1,right
545,1060,936,1088,306,233,Crus 1,right
545,1117,847,1084,320,211,Crus 1,right
545,1139,849,1083,326,212,Crus 1,right
545,1191,843,1082,339,210,Crus 1,right
545,445,1361,1110,145,330,Simple lobule,right
545,465,1307,1108,150,318,Simple lobule,right
545,513,1216,1105,164,297,Simple lobule,right
545,514,1214,1105,164,297,Simple lobule,right
545,516,1211,1105,164,296,Simple lobule,right
545,933,1246,1098,272,299,Simple lobule,right
545,1080,839,1084,311,209,Crus 1,right
545,1086,1231,1091,309,295,Simple lobule,right
545,1105,1235,1090,314,296,Simple lobule,right
545,1111,1040,1088,318,256,Crus 1,right
545,1116,1064,1088,318,261,Crus 1,right
545,1161,848,1083,331,212,Crus 1,right
545,1396,983,1076,394,242,Crus 1,right
547,450,1352,1108,146,327,Simple lobule,right
547,919,944,1091,270,234,Crus 1,right
547,992,925,1088,288,230,Crus 1,right
547,1023,805,1082,297,201,Crus 1,right
547,1057,928,1086,304,232,Crus 1,right
547,1078,940,1085,311,234,Crus 1,right
547,1132,941,1084,323,234,Crus 1,right
547,570,1139,1102,178,279,Simple lobule,right
547,821,991,1095,245,243,Crus 1,right
547,972,927,1088,283,230,Crus 1,right
547,1024,814,1083,297,203,Crus 1,right
547,1063,847,1083,307,211,Crus 1,right
547,1064,1245,1090,304,298,Simple lobule,right
547,1100,847,1082,316,211,Crus 1,right
547,1159,945,1083,331,235,Crus 1,right
547,933,933,1090,274,232,Crus 1,right
547,1059,1139,1089,304,277,Simple lobule,right
547,1102,1044,1087,315,257,Crus 1,right
547,1146,1063,1085,326,261,Crus 1,right
547,1208,947,1082,344,234,Crus 1,right
547,1237,947,1081,351,234,Crus 1,right
548,511,1220,1104,162,298,Simple lobule,right
548,779,1005,1097,234,246,Crus 1,right
548,1023,917,1086,297,228,Crus 1,right
548,792,1000,1096,237,245,Crus 1,right
548,828,985,1095,247,242,Crus 1,right
548,846,977,1094,251,240,Crus 1,right
548,908,952,1091,268,235,Crus 1,right
548,987,796,1083,287,198,Crus 1,right
548,1047,920,1086,302,229,Crus 1,right
548,641,1031,1099,197,251,Crus 1,right
548,754,1008,1097,227,247,Crus 1,right
548,803,997,1096,241,244,Crus 1,right
548,552,1630,1117,175,386,Simple lobule,right
548,653,992,1098,201,242,Crus 1,right
548,929,1010,1092,273,249,Crus 1,right
548,1025,822,1083,297,205,Crus 1,right
548,1046,1014,1088,301,251,Crus 1,right
548,1293,947,1078,367,233,Crus 1,right
548,1326,946,1077,375,233,Crus 1,right
550,650,1005,1097,200,245,Crus 1,right
550,898,946,1090,265,234,Crus 1,right
550,1037,912,1085,299,227,Crus 1,right
550,728,1005,1096,221,246,Crus 1,right
550,763,1002,1096,230,245,Crus 1,right
550,968,921,1087,283,229,Crus 1,right
550,1066,933,1085,307,233,Crus 1,right
550,1094,937,1084,314,233,Crus 1,right
550,566,1143,1101,177,280,Simple lobule,right
550,661,979,1096,202,240,Crus 1,right
550,713,989,1096,217,242,Crus 1,right
550,810,989,1095,242,243,Crus 1,right
550,884,1035,1094,261,254,Crus 1,right
550,941,1030,1092,275,254,Crus 1,right
550,1039,920,1085,300,229,Crus 1,right
550,1057,1028,1087,304,254,Crus 1,right
550,1103,866,1082,317,216,Crus 1,right
550,1111,866,1082,318,216,Crus 1,right
550,656,992,1097,201,242,Crus 1,right
550,673,954,1096,207,234,Crus 1,right
550,718,982,1096,218,240,Crus 1,right
550,987,819,1083,286,205,Crus 1,right
550,994,921,1086,289,229,Crus 1,right
550,1005,836,1083,291,208,Crus 1,right
550,1054,1153,1089,302,280,Simple lobule,right
550,1076,864,1082,309,216,Crus 1,right
549,950,930,1089,278,231,Crus 1,right
549,959,929,1089,280,231,Crus 1,right
549,665,972,1097,204,237,Crus 1,right
549,741,1012,1097,223,247,Crus 1,right
549,942,937,1090,275,232,Crus 1,right
549,984,923,1088,287,230,Crus 1,right
549,993,799,1083,289,200,Crus 1,right
549,1049,843,1083,303,211,Crus 1,right
549,1011,916,1087,293,228,Crus 1,right
549,1083,1066,1087,311,262,Simple lobule,right
549,1100,692,1077,316,170,Crus 1,right
549,749,1043,1098,226,255,Crus 1,right
549,807,1010,1096,241,248,Crus 1,right
549,884,964,1093,261,239,Crus 1,right
549,1005,806,1083,291,201,Crus 1,right
549,1022,846,1084,295,211,Crus 1,right
549,1041,1058,1089,300,261,Simple lobule,right
549,1308,1133,1078,367,274,Simple lobule,right
549,1335,943,1077,378,233,Crus 1,right
551,1070,922,1083,308,229,Crus 1,right
551,1166,942,1081,332,234,Crus 1,right
551,745,1000,1095,225,245,Crus 1,right
551,830,978,1093,247,241,Crus 1,right
551,1026,855,1082,296,213,Crus 1,right
551,592,1596,1113,186,379,Simple lobule,right
551,848,970,1092,252,239,Crus 1,right
551,906,940,1089,266,233,Crus 1,right
551,1010,843,1082,293,211,Crus 1,right
551,1016,852,1082,294,212,Crus 1,right
551,786,992,1094,235,243,Crus 1,right
551,999,846,1082,290,211,Crus 1,right
551,1027,1001,1087,297,248,Crus 1,right
551,1255,943,1078,356,234,Crus 1,right
553,798,990,1094,239,243,Crus 1,right
553,1103,930,1083,317,232,Crus 1,right
553,1025,908,1084,297,227,Crus 1,right
553,1063,914,1083,307,228,Crus 1,right
553,606,1585,1112,190,377,Simple lobule,right
553,686,937,1094,210,230,Crus 1,right
553,732,965,1094,221,237,Crus 1,right
553,736,995,1095,222,244,Crus 1,right
553,755,1000,1095,227,245,Crus 1,right
553,768,919,1092,232,227,Crus 1,right
553,788,991,1094,237,243,Crus 1,right
553,950,734,1080,278,184,Crus 1,right
553,984,722,1079,286,180,Crus 1,right
553,987,837,1082,286,208,Crus 1,right
553,1048,912,1083,303,227,Crus 1,right
553,1057,875,1082,304,218,Crus 1,right
553,1073,874,1082,309,218,Crus 1,right
553,1119,935,1082,321,233,Crus 1,right
553,1124,1218,1085,319,293,Simple lobule,right
553,1404,966,1072,396,237,Crus 1,right
553,1038,864,1082,300,216,Crus 1,right
553,1064,1072,1086,306,263,Simple lobule,right
553,1075,913,1083,309,228,Crus 1,right
553,1102,877,1081,316,218,Crus 1,right
553,1111,863,1081,318,216,Crus 1,right
553,1127,934,1082,322,233,Crus 1,right
553,1177,856,1079,335,213,Crus 1,right
553,1314,1167,1076,368,281,Simple lobule,right
553,1339,935,1075,379,230,Crus 1,right
553,1342,1082,1075,377,263,Simple lobule,right
553,1447,1101,1071,403,267,Crus 1,right
555,571,1611,1112,180,382,Simple lobule,right
555,1081,893,1080,310,223,Crus 1,right
555,1083,918,1081,312,229,Crus 1,right
555,1112,928,1080,318,232,Crus 1,right
555,613,1582,1110,192,375,Simple lobule,right
555,916,932,1086,269,231,Crus 1,right
555,1006,898,1082,291,224,Crus 1,right
555,1019,896,1082,295,223,Crus 1,right
555,1066,880,1080,307,220,Crus 1,right
555,1108,883,1079,318,221,Crus 1,right
555,1206,860,1076,343,214,Crus 1,right
555,1233,856,1075,351,212,Crus 1,right
555,1239,934,1077,352,232,Crus 1,right
555,1250,932,1076,355,230,Crus 1,right
555,1371,930,1071,387,228,Crus 1,right
555,1431,993,1069,401,244,Crus 1,right
555,1438,1007,1069,404,246,Crus 1,right
555,739,887,1090,225,219,Crus 1,right
555,743,951,1092,225,234,Crus 1,right
555,898,761,1081,265,191,Crus 1,right
555,967,833,1081,281,209,Crus 1,right
555,992,998,1086,288,248,Crus 1,right
555,1028,1062,1086,297,261,Simple lobule,right
555,1040,1071,1086,300,263,Simple lobule,right
555,1063,1116,1085,305,272,Simple lobule,right
555,1122,923,1080,321,230,Crus 1,right
555,1203,1097,1079,341,267,Simple lobule,right
552,989,828,1082,288,207,Crus 1,right
552,1002,915,1085,290,228,Crus 1,right
552,1094,868,1081,314,217,Crus 1,right
552,1135,937,1082,325,233,Crus 1,right
552,1200,944,1080,342,235,Crus 1,right
552,955,806,1082,279,201,Crus 1,right
552,968,726,1079,283,181,Crus 1,right
552,1015,708,1078,294,177,Crus 1,right
552,1154,937,1081,330,233,Crus 1,right
552,866,842,1087,256,210,Crus 1,right
552,1012,1002,1087,293,248,Crus 1,right
552,1111,864,1081,318,216,Crus 1,right
552,1427,1001,1071,401,245,Crus 1,right
554,727,982,1094,220,240,Crus 1,right
554,668,968,1094,205,237,Crus 1,right
554,695,928,1093,212,229,Crus 1,right
554,780,992,1093,234,243,Crus 1,right
554,822,978,1092,245,241,Crus 1,right
554,839,969,1091,250,239,Crus 1,right
554,1003,716,1077,291,178,Crus 1,right
554,1014,871,1082,294,217,Crus 1,right
554,1039,904,1083,300,226,Crus 1,right
554,1058,907,1082,305,226,Crus 1,right
554,757,933,1092,228,230,Crus 1,right
554,875,953,1090,259,236,Crus 1,right
554,1066,899,1082,307,224,Crus 1,right
554,1069,906,1082,308,226,Crus 1,right
554,1167,867,1078,332,215,Crus 1,right
554,1184,934,1079,338,232,Crus 1,right
554,1193,857,1077,340,212,Crus 1,right
554,1227,937,1078,348,232,Crus 1,right
554,1271,932,1076,360,230,Crus 1,right
554,1286,934,1076,364,231,Crus 1,right
554,1309,935,1075,371,231,Crus 1,right
554,1328,928,1074,376,229,Crus 1,right
554,1328,878,1073,376,217,Crus 1,right
554,996,900,1084,289,224,Crus 1,right
554,1063,1072,1086,306,263,Simple lobule,right
554,1090,889,1081,313,222,Crus 1,right
554,1095,882,1080,314,219,Crus 1,right
554,1098,1223,1086,313,294,Simple lobule,right
554,1217,1180,1080,342,284,Simple lobule,right
558,706,924,1090,215,228,Crus 1,right
558,678,966,1092,208,236,Crus 1,right
558,768,930,1090,232,229,Crus 1,right
558,775,985,1091,233,242,Crus 1,right
558,778,850,1087,235,212,Crus 1,right
558,797,835,1086,239,209,Crus 1,right
558,822,967,1090,245,238,Crus 1,right
558,837,807,1084,249,202,Crus 1,right
558,1039,993,1083,300,247,Crus 1,right
558,1175,1092,1080,333,267,Simple lobule,right
558,1231,928,1076,349,230,Crus 1,right
558,1377,1150,1072,383,278,Simple lobule,right
558,689,944,1091,211,232,Crus 1,right
558,751,977,1091,226,239,Crus 1,right
558,761,944,1090,229,233,Crus 1,right
558,784,986,1091,235,242,Crus 1,right
558,805,894,1088,241,222,Crus 1,right
558,974,733,1077,284,184,Crus 1,right
558,1017,1038,1085,294,257,Simple lobule,right
558,1053,1021,1083,304,253,Crus 1,right
558,1082,1211,1085,308,292,Simple lobule,right
558,1086,1194,1084,309,289,Simple lobule,right
558,1093,1062,1082,314,261,Simple lobule,right
558,1149,924,1078,328,230,Crus 1,right
558,1150,1113,1081,327,272,Simple lobule,right
558,1163,1206,1081,329,290,Simple lobule,right
558,1222,927,1076,347,229,Crus 1,right
557,716,909,1091,218,225,Crus 1,right
557,760,987,1093,229,242,Crus 1,right
557,1080,910,1081,310,227,Crus 1,right
557,687,944,1092,210,232,Crus 1,right
557,744,878,1089,226,218,Crus 1,right
557,744,962,1092,225,236,Crus 1,right
557,790,906,1089,237,224,Crus 1,right
557,824,815,1085,247,204,Crus 1,right
557,852,802,1084,253,201,Crus 1,right
557,944,746,1079,276,186,Crus 1,right
557,974,730,1077,284,182,Crus 1,right
557,1135,1213,1083,322,292,Simple lobule,right
557,1164,928,1079,332,231,Crus 1,right
557,1187,1005,1080,337,248,Crus 1,right
557,1214,1194,1079,342,287,Simple lobule,right
557,694,937,1092,212,230,Crus 1,right
557,848,960,1090,252,237,Crus 1,right
557,1052,1013,1084,303,251,Crus 1,right
557,1199,867,1076,341,215,Crus 1,right
557,1262,1089,1077,355,266,Simple lobule,right
557,1279,1120,1076,360,272,Simple lobule,right
557,1352,1119,1073,378,271,Simple lobule,right
556,831,869,1087,248,217,Crus 1,right
556,892,766,1081,263,192,Crus 1,right
556,950,818,1081,277,205,Crus 1,right
556,1141,926,1080,326,230,Crus 1,right
556,676,964,1093,207,236,Crus 1,right
556,884,773,1082,262,194,Crus 1,right
556,1022,888,1082,295,222,Crus 1,right
556,1031,891,1081,298,222,Crus 1,right
556,1041,879,1081,300,220,Crus 1,right
556,1073,1201,1086,307,290,Simple lobule,right
556,1083,902,1080,312,224,Crus 1,right
556,1087,1118,1084,310,273,Simple lobule,right
556,1106,1217,1085,314,292,Simple lobule,right
556,1130,928,1080,323,232,Crus 1,right
556,1136,874,1078,324,218,Crus 1,right
556,1231,1109,1078,347,270,Simple lobule,right
556,1281,1098,1076,360,267,Simple lobule,right
556,1319,928,1073,373,229,Crus 1,right
556,1358,920,1071,384,226,Crus 1,right
556,751,949,1092,226,234,Crus 1,right
556,836,805,1085,249,202,Crus 1,right
556,1074,1097,1085,308,268,Simple lobule,right
556,1098,1020,1083,315,252,Crus 1,right
556,1177,931,1079,335,231,Crus 1,right
559,809,972,1089,242,239,Crus 1,right
559,886,943,1086,261,234,Crus 1,right
559,937,920,1083,274,229,Crus 1,right
559,1105,907,1078,317,226,Crus 1,right
559,791,983,1090,237,242,Crus 1,right
559,959,987,1085,280,244,Crus 1,right
559,814,2006,1095,243,469,Lobule III,right
559,1084,919,1079,312,229,Crus 1,right
559,1099,895,1078,315,223,Crus 1,right
559,1118,1017,1080,320,251,Crus 1,right
559,1239,870,1073,352,215,Crus 1,right
560,686,956,1091,209,234,Crus 1,right
560,742,982,1091,224,240,Crus 1,right
560,799,976,1090,239,240,Crus 1,right
560,834,962,1088,248,237,Crus 1,right
560,875,949,1087,259,235,Crus 1,right
560,1137,922,1078,324,229,Crus 1,right
560,1199,924,1076,341,230,Crus 1,right
560,745,970,1090,225,238,Crus 1,right
560,764,983,1091,230,242,Crus 1,right
560,1040,1086,1084,300,267,Simple lobule,right
560,571,1614,1110,180,382,Simple lobule,right
560,866,952,1087,256,235,Crus 1,right
560,1077,1095,1083,308,269,Simple lobule,right
560,1223,927,1075,348,229,Crus 1,right
560,1229,921,1075,349,228,Crus 1,right
561,554,1160,1097,174,283,Simple lobule,right
561,782,979,1090,234,241,Crus 1,right
561,1148,917,1077,328,228,Crus 1,right
561,1175,929,1077,335,231,Crus 1,right
561,1180,919,1076,336,229,Crus 1,right
561,1192,877,1075,339,217,Crus 1,right
561,1202,915,1076,341,227,Crus 1,right
561,1256,880,1073,356,218,Crus 1,right
561,436,1402,1104,141,337,Simple lobule,right
561,437,1401,1104,141,337,Simple lobule,right
561,451,1361,1102,145,329,Simple lobule,right
561,453,1354,1102,147,328,Simple lobule,right
561,463,1328,1101,150,323,Simple lobule,right
561,469,1308,1101,151,318,Simple lobule,right
561,480,1281,1100,154,311,Simple lobule,right
561,516,1220,1098,164,298,Simple lobule,right
561,570,1615,1110,180,382,Simple lobule,right
561,924,917,1084,271,228,Crus 1,right
561,1057,973,1081,304,242,Crus 1,right
561,1129,902,1077,323,224,Crus 1,right
561,1178,882,1075,336,219,Crus 1,right
561,1192,920,1076,339,229,Crus 1,right
561,1222,865,1074,346,214,Crus 1,right
561,1345,1160,1072,375,280,Simple lobule,right
562,579,1134,1095,181,277,Simple lobule,right
562,905,929,1084,266,231,Crus 1,right
562,1184,910,1075,337,226,Crus 1,right
562,1286,918,1072,364,227,Crus 1,right
562,1451,1003,1065,406,246,Crus 1,right
562,494,1256,1098,158,306,Simple lobule,right
562,520,1213,1097,165,296,Simple lobule,right
562,542,1180,1097,170,288,Simple lobule,right
562,608,1105,1094,189,269,Simple lobule,right
562,621,1583,1107,194,376,Simple lobule,right
562,718,918,1088,219,227,Crus 1,right
562,776,935,1088,233,231,Crus 1,right
562,881,941,1085,260,233,Crus 1,right
562,909,1105,1088,267,271,Simple lobule,right
562,914,920,1083,269,229,Crus 1,right
562,918,911,1082,270,226,Crus 1,right
562,947,1127,1088,276,275,Simple lobule,right
562,970,895,1080,283,223,Crus 1,right
562,1093,901,1077,314,224,Crus 1,right
562,1156,916,1076,330,228,Crus 1,right
562,1170,916,1076,333,227,Crus 1,right
562,1194,884,1074,340,220,Crus 1,right
562,1218,877,1073,346,217,Crus 1,right
562,1252,903,1073,354,224,Crus 1,right
562,447,1377,1102,144,332,Simple lobule,right
562,932,878,1081,272,219,Crus 1,right
564,591,1123,1094,184,274,Simple lobule,right
564,458,1347,1100,148,326,Simple lobule,right
564,488,1271,1098,157,309,Simple lobule,right
564,503,1243,1097,161,303,Simple lobule,right
564,514,1226,1097,164,299,Simple lobule,right
564,790,971,1088,237,239,Crus 1,right
564,892,933,1083,262,232,Crus 1,right
564,924,873,1080,271,218,Crus 1,right
564,767,951,1087,230,234,Crus 1,right
564,801,969,1087,239,239,Crus 1,right
564,842,885,1083,250,220,Crus 1,right
564,852,950,1085,252,235,Crus 1,right
564,896,858,1080,264,215,Crus 1,right
564,910,857,1080,267,213,Crus 1,right
564,922,860,1080,270,215,Crus 1,right
564,1147,905,1075,327,225,Crus 1,right
564,1157,1155,1078,327,280,Simple lobule,right
564,1177,905,1074,335,225,Crus 1,right
564,661,1053,1092,202,257,Crus 1,right
564,915,907,1081,269,225,Crus 1,right
564,983,952,1081,286,236,Crus 1,right
564,988,1013,1083,288,251,Simple lobule,right
564,1005,1071,1083,291,264,Simple lobule,right
564,1074,1111,1081,308,272,Simple lobule,right
564,1135,1053,1078,324,260,Simple lobule,right
564,1194,914,1074,340,227,Crus 1,right
564,1229,909,1073,349,225,Crus 1,right
563,812,969,1087,242,239,Crus 1,right
563,1226,880,1072,348,218,Crus 1,right
563,767,979,1088,230,241,Crus 1,right
563,798,913,1086,240,226,Crus 1,right
563,806,904,1085,241,224,Crus 1,right
563,822,966,1087,245,238,Crus 1,right
563,847,1100,1089,251,269,Simple lobule,right
563,1235,879,1072,350,218,Crus 1,right
563,1238,889,1072,352,220,Crus 1,right
563,1277,920,1071,361,227,Crus 1,right
563,468,1316,1099,151,319,Simple lobule,right
563,477,1294,1098,153,315,Simple lobule,right
563,688,960,1089,211,235,Crus 1,right
563,787,933,1087,236,231,Crus 1,right
563,877,1100,1088,259,270,Simple lobule,right
563,906,846,1080,266,211,Crus 1,right
563,1072,1124,1082,307,275,Simple lobule,right
563,1201,995,1075,341,246,Crus 1,right
566,569,1151,1094,178,281,Simple lobule,right
566,764,964,1087,230,237,Crus 1,right
566,781,966,1087,234,237,Crus 1,right
566,498,1253,1096,160,306,Simple lobule,right
566,700,949,1087,213,233,Crus 1,right
566,799,959,1086,239,237,Crus 1,right
566,801,934,1085,239,231,Crus 1,right
566,817,958,1086,243,237,Crus 1,right
566,826,956,1085,246,236,Crus 1,right
566,833,897,1083,249,222,Crus 1,right
566,885,905,1082,261,225,Crus 1,right
566,509,1237,1096,162,301,Simple lobule,right
566,511,1235,1096,162,301,Simple lobule,right
566,588,1603,1106,185,380,Simple lobule,right
566,602,1117,1093,186,272,Simple lobule,right
566,731,911,1086,222,225,Crus 1,right
566,733,910,1086,223,225,Crus 1,right
566,734,909,1086,223,225,Crus 1,right
566,851,887,1082,252,220,Crus 1,right
566,893,892,1081,264,222,Crus 1,right
566,957,809,1076,278,202,Crus 1,right
566,1060,1069,1080,305,264,Simple lobule,right
566,1109,1071,1078,317,263,Simple lobule,right
566,1214,896,1072,345,222,Crus 1,right
566,1266,1142,1073,355,276,Simple lobule,right
565,741,899,1086,224,223,Crus 1,right
565,808,961,1087,242,237,Crus 1,right
565,873,938,1084,259,233,Crus 1,right
565,905,913,1082,266,228,Crus 1,right
565,906,901,1082,266,224,Crus 1,right
565,450,1372,1100,145,331,Simple lobule,right
565,495,1260,1098,158,307,Simple lobule,right
565,728,912,1087,222,225,Crus 1,right
565,769,873,1085,232,217,Crus 1,right
565,776,948,1087,233,234,Crus 1,right
565,780,939,1087,234,232,Crus 1,right
565,792,964,1087,237,238,Crus 1,right
565,804,922,1086,241,228,Crus 1,right
565,857,944,1085,254,234,Crus 1,right
565,868,875,1082,257,218,Crus 1,right
565,1209,1087,1076,342,265,Simple lobule,right
565,1211,903,1073,344,224,Crus 1,right
565,1217,885,1072,345,219,Crus 1,right
565,533,1196,1096,169,292,Simple lobule,right
565,601,1116,1094,186,272,Simple lobule,right
565,606,1111,1094,188,271,Simple lobule,right
565,668,1015,1091,205,248,Crus 1,right
565,747,892,1086,226,221,Crus 1,right
565,749,890,1086,227,221,Crus 1,right
565,866,1094,1089,256,268,Simple lobule,right
565,883,1096,1088,261,268,Simple lobule,right
565,1066,731,1071,306,181,Crus 1,right
565,1094,1008,1079,314,250,Crus 1,right
565,1193,907,1074,340,225,Crus 1,right
568,783,865,1082,236,215,Crus 1,right
568,788,954,1085,237,235,Crus 1,right
568,816,948,1084,243,235,Crus 1,right
568,807,952,1085,241,234,Crus 1,right
568,1083,1151,1080,310,280,Simple lobule,right
568,577,1144,1093,180,279,Simple lobule,right
568,617,1583,1104,192,376,Simple lobule,right
568,715,934,1086,218,230,Crus 1,right
568,772,872,1083,232,216,Crus 1,right
568,834,911,1082,248,226,Crus 1,right
568,853,937,1083,254,232,Crus 1,right
568,860,906,1081,255,225,Crus 1,right
568,1090,1025,1077,313,254,Simple lobule,right
568,1121,961,1075,321,239,Crus 1,right
568,1164,981,1074,332,243,Crus 1,right
568,1212,894,1071,344,222,Crus 1,right
567,796,950,1085,238,234,Crus 1,right
567,807,930,1084,241,230,Crus 1,right
567,886,873,1079,261,218,Crus 1,right
567,793,934,1084,238,231,Crus 1,right
567,806,845,1081,241,211,Crus 1,right
567,575,1145,1093,180,279,Simple lobule,right
567,715,933,1086,218,230,Crus 1,right
567,748,894,1084,227,222,Crus 1,right
567,798,851,1081,240,212,Crus 1,right
567,828,827,1080,247,206,Crus 1,right
570,743,907,1083,226,224,Crus 1,right
570,1028,1031,1079,298,255,Simple lobule,right
570,814,926,1083,243,229,Crus 1,right
570,874,804,1076,258,202,Crus 1,right
570,1025,1139,1081,296,279,Simple lobule,right
570,1112,1185,1078,316,287,Simple lobule,right
570,1118,930,1073,320,231,Crus 1,right
570,1162,1183,1076,328,287,Simple lobule,right
570,778,871,1082,235,216,Crus 1,right
570,791,861,1081,237,214,Crus 1,right
570,831,932,1082,247,230,Crus 1,right
570,957,1090,1083,279,268,Simple lobule,right
570,1004,1018,1079,291,253,Simple lobule,right
570,1096,1152,1078,313,280,Simple lobule,right
570,1141,1147,1076,324,279,Simple lobule,right
570,1189,1176,1074,336,284,Simple lobule,right
569,828,942,1084,247,232,Crus 1,right
569,846,906,1082,251,225,Crus 1,right
569,1026,987,1078,297,245,Simple lobule,right
569,1062,1181,1081,304,286,Simple lobule,right
569,1291,886,1068,365,218,Crus 1,right
569,1355,1146,1068,378,277,Simple lobule,right
569,515,1414,1099,164,341,Simple lobule,right
569,779,869,1083,235,216,Crus 1,right
569,1129,1191,1078,321,288,Simple lobule,right
569,1146,1015,1075,327,251,Simple lobule,right
569,1191,1178,1075,336,285,Simple lobule,right
569,1203,1176,1075,340,284,Simple lobule,right
569,1217,1008,1073,345,249,Simple lobule,right
569,1237,1164,1073,347,282,Simple lobule,right
569,1305,1151,1070,365,278,Simple lobule,right
571,844,917,1080,251,227,Crus 1,right
571,1002,789,1070,289,197,Crus 1,right
571,1153,1173,1075,327,285,Simple lobule,right
571,599,1123,1090,187,274,Simple lobule,right
571,768,884,1081,232,220,Crus 1,right
571,998,1048,1079,290,260,Simple lobule,right
571,1060,1001,1076,305,248,Simple lobule,right
571,1082,1006,1075,310,249,Simple lobule,right
571,1108,1159,1077,316,282,Simple lobule,right
571,1108,1121,1076,317,274,Simple lobule,right
571,1116,812,1068,318,201,Crus 1,right
571,1238,806,1065,351,198,Crus 1,right
571,1289,1156,1069,361,279,Simple lobule,right
571,1303,1120,1068,366,272,Simple lobule,right
571,1344,1149,1067,375,278,Simple lobule,right
572,866,812,1076,256,203,Crus 1,right
572,1099,1173,1078,314,285,Simple lobule,right
572,828,837,1078,247,209,Crus 1,right
572,899,793,1074,264,199,Crus 1,right
572,1087,762,1067,311,189,Crus 1,right
572,1233,1161,1071,347,281,Simple lobule,right
572,1358,1142,1066,379,276,Simple lobule,right
572,823,842,1078,246,210,Crus 1,right
572,855,819,1077,253,205,Crus 1,right
572,999,1047,1079,290,258,Simple lobule,right
572,1016,754,1069,293,188,Crus 1,right
572,1032,998,1077,298,248,Simple lobule,right
572,1046,1046,1077,301,258,Simple lobule,right
572,1064,1155,1079,305,282,Simple lobule,right
572,1080,1141,1078,309,278,Simple lobule,right
572,1156,1151,1075,328,280,Simple lobule,right
572,1159,940,1071,331,233,Crus 1,right
572,1267,1145,1070,355,277,Simple lobule,right
572,1482,1036,1060,412,253,Crus 1,right
573,1124,1163,1076,320,283,Simple lobule,right
573,1111,1170,1077,316,284,Simple lobule,right
573,1223,1162,1072,345,281,Simple lobule,right
573,850,826,1077,252,206,Crus 1,right
573,1189,829,1067,338,205,Crus 1,right
573,1447,1111,1062,401,270,Simple lobule,right
573,745,912,1083,226,225,Crus 1,right
573,824,842,1078,246,210,Crus 1,right
573,1018,866,1072,295,216,Crus 1,right
573,1056,996,1076,304,247,Simple lobule,right
573,1062,824,1070,304,205,Crus 1,right
573,1081,1158,1078,309,282,Simple lobule,right
573,1129,845,1069,322,210,Crus 1,right
573,1172,1046,1073,333,258,Simple lobule,right
573,1177,846,1068,334,209,Crus 1,right
574,1052,790,1068,302,197,Crus 1,right
574,1070,1000,1074,308,248,Simple lobule,right
574,1153,999,1072,329,248,Simple lobule,right
574,1178,1167,1073,334,282,Simple lobule,right
574,1252,1152,1070,351,279,Simple lobule,right
574,1310,1151,1067,366,278,Simple lobule,right
574,1323,1147,1067,370,277,Simple lobule,right
574,783,878,1080,236,219,Crus 1,right
574,807,860,1079,241,214,Crus 1,right
574,821,853,1078,245,213,Crus 1,right
574,926,980,1079,271,243,Crus 1,right
574,966,996,1078,281,247,Simple lobule,right
574,991,945,1075,288,235,Crus 1,right
574,998,1006,1077,290,249,Simple lobule,right
574,1026,761,1068,295,189,Crus 1,right
574,1046,1050,1077,301,260,Simple lobule,right
574,1098,1138,1076,314,278,Simple lobule,right
574,1117,974,1072,319,242,Simple lobule,right
574,1139,1171,1075,324,284,Simple lobule,right
575,1108,1161,1075,316,282,Simple lobule,right
579,666,1078,1085,204,263,Simple lobule,right
579,474,1327,1091,152,320,Simple lobule,right
579,484,1296,1091,155,314,Simple lobule,right
579,532,1391,1092,168,335,Simple lobule,right
579,483,1302,1091,155,315,Simple lobule,right
579,570,1354,1091,179,328,Simple lobule,right
579,655,1553,1096,202,369,Simple lobule,right
579,722,1044,1083,218,255,Simple lobule,right
579,808,936,1078,242,231,Crus 1,right
579,1211,1134,1069,341,276,Simple lobule,right
577,839,1666,1092,248,393,Lobules IV-V,right
577,1120,995,1072,320,247,Simple lobule,right
577,471,1331,1093,151,322,Simple lobule,right
577,487,1289,1093,155,313,Simple lobule,right
577,499,1264,1092,159,307,Simple lobule,right
577,674,1070,1086,206,261,Simple lobule,right
577,697,1042,1085,212,254,Simple lobule,right
577,711,1682,1098,217,397,Lobules IV-V,right
577,765,999,1083,230,245,Crus 1,right
577,787,970,1082,235,239,Crus 1,right
577,796,1013,1083,238,249,Crus 1,right
577,892,1009,1080,263,249,Simple lobule,right
577,927,1002,1078,271,248,Simple lobule,right
577,974,969,1075,284,241,Simple lobule,right
577,1039,1095,1077,300,269,Simple lobule,right
577,1118,1109,1074,320,272,Simple lobule,right
576,977,988,1076,284,246,Simple lobule,right
576,998,929,1073,290,232,Crus 1,right
576,1114,1149,1075,318,280,Simple lobule,right
576,1206,1045,1070,342,257,Simple lobule,right
578,481,1303,1092,154,316,Simple lobule,right
578,923,1008,1077,271,250,Simple lobule,right
578,1064,1088,1075,306,268,Simple lobule,right
578,1064,1108,1075,306,272,Simple lobule,right
578,1220,1147,1069,344,278,Simple lobule,right
578,997,1068,1077,289,264,Simple lobule,right
578,1045,1067,1075,301,263,Simple lobule,right
578,1077,1099,1075,309,270,Simple lobule,right
578,1083,1123,1075,311,275,Simple lobule,right
578,1107,1069,1073,316,264,Simple lobule,right
578,1112,1137,1074,317,277,Simple lobule,right
578,1158,1152,1072,329,280,Simple lobule,right
580,559,1178,1088,176,287,Simple lobule,right
580,622,1110,1086,192,270,Simple lobule,right
580,517,1234,1090,164,300,Simple lobule,right
580,671,1545,1095,206,367,Simple lobule,right
580,533,1212,1089,169,295,Simple lobule,right
580,767,1013,1081,230,249,Simple lobule,right
580,1106,1119,1073,316,274,Simple lobule,right
581,480,1313,1091,154,318,Simple lobule,right
581,493,1284,1091,158,312,Simple lobule,right
581,501,1267,1090,159,307,Simple lobule,right
581,692,1053,1084,210,257,Simple lobule,right
581,1132,1130,1072,322,276,Simple lobule,right
581,513,1245,1090,164,303,Simple lobule,right
581,526,1222,1089,166,297,Simple lobule,right
581,735,943,1080,223,232,Crus 1,right
581,802,876,1076,240,218,Crus 1,right
581,966,1046,1076,281,258,Simple lobule,right
581,1018,1065,1075,295,263,Simple lobule,right
581,1133,987,1069,324,244,Simple lobule,right
581,1138,1112,1071,325,272,Simple lobule,right
581,471,1343,1092,151,325,Simple lobule,right
581,818,864,1075,245,215,Crus 1,right
581,886,855,1073,261,213,Crus 1,right
584,547,1201,1087,172,292,Simple lobule,right
584,970,991,1072,283,246,Simple lobule,right
584,797,1004,1078,238,247,Simple lobule,right
584,1017,1063,1073,294,263,Simple lobule,right
582,582,1154,1087,181,281,Simple lobule,right
582,1153,1105,1070,328,271,Simple lobule,right
582,548,1194,1088,173,291,Simple lobule,right
582,1086,1049,1071,311,259,Simple lobule,right
582,554,1186,1088,175,289,Simple lobule,right
582,617,1157,1086,191,281,Simple lobule,right
582,798,882,1075,240,219,Crus 1,right
582,888,839,1071,262,210,Crus 1,right
582,1071,1076,1072,308,265,Simple lobule,right
582,1183,811,1061,336,200,Crus 1,right
582,1202,1078,1068,340,265,Simple lobule,right
582,1222,1139,1068,344,277,Simple lobule,right
583,620,1116,1084,192,271,Simple lobule,right
583,621,1115,1084,192,271,Simple lobule,right
583,632,1594,1096,196,377,Simple lobule,right
583,1147,1127,1069,326,275,Simple lobule,right
585,845,986,1076,251,243,Simple lobule,right
585,959,983,1072,280,244,Simple lobule,right
585,974,1014,1073,284,252,Simple lobule,right
585,1142,1111,1069,325,272,Simple lobule,right
585,532,1225,1088,168,298,Simple lobule,right
585,653,1076,1083,201,262,Simple lobule,right
585,893,1014,1075,264,251,Simple lobule,right
585,903,992,1074,266,245,Simple lobule,right
585,927,1012,1074,271,250,Simple lobule,right
585,984,983,1071,286,245,Simple lobule,right
585,992,967,1070,287,240,Simple lobule,right
585,1024,1053,1072,296,261,Simple lobule,right
585,1025,952,1069,296,236,Simple lobule,right
585,1089,1046,1070,313,258,Simple lobule,right
585,1150,1126,1069,327,275,Simple lobule,right
585,1164,1119,1069,331,274,Simple lobule,right
585,1211,1132,1067,342,275,Simple lobule,right
585,1225,1136,1066,345,276,Simple lobule,right
585,1260,1134,1065,354,276,Simple lobule,right
585,1262,1141,1065,354,277,Simple lobule,right
586,891,998,1074,262,247,Simple lobule,right
586,983,1049,1072,286,260,Simple lobule,right
586,817,1012,1077,243,248,Simple lobule,right
586,818,994,1076,245,245,Simple lobule,right
586,826,1013,1077,246,250,Simple lobule,right
586,856,993,1075,254,245,Simple lobule,right
586,909,1000,1073,267,247,Simple lobule,right
586,935,1047,1074,274,258,Simple lobule,right
586,999,933,1068,290,233,Crus 1,right
586,1158,1105,1068,330,271,Simple lobule,right
586,453,2229,1098,139,514,Lobules IV-V,right
586,534,1226,1087,169,298,Simple lobule,right
586,547,1205,1086,172,293,Simple lobule,right
586,596,1146,1085,185,279,Simple lobule,right
586,819,1000,1076,245,246,Simple lobule,right
586,929,943,1071,272,235,Crus 1,right
586,937,944,1071,273,235,Crus 1,right
586,975,966,1070,284,240,Simple lobule,right
586,983,1008,1071,286,250,Simple lobule,right
586,1004,958,1069,291,239,Simple lobule,right
586,1005,985,1069,291,245,Simple lobule,right
586,1016,904,1066,293,225,Crus 1,right
586,1111,1080,1069,317,266,Simple lobule,right
586,1190,1124,1067,337,274,Simple lobule,right
586,1224,1135,1065,345,276,Simple lobule,right
586,1250,1137,1064,351,276,Simple lobule,right
586,1262,986,1062,355,242,Simple lobule,right
586,1294,1134,1062,362,275,Simple lobule,right
588,539,1223,1086,170,298,Simple lobule,right
588,657,1544,1091,202,367,Simple lobule,right
588,641,1105,1082,197,269,Simple lobule,right
588,829,971,1074,247,239,Crus 1,right
588,1150,1082,1067,327,265,Simple lobule,right
588,899,997,1072,265,246,Simple lobule,right
588,1255,1120,1063,353,272,Simple lobule,right
588,1265,1123,1063,355,273,Simple lobule,right
588,840,1000,1075,250,246,Simple lobule,right
588,882,995,1073,260,246,Simple lobule,right
588,920,945,1070,270,234,Crus 1,right
588,966,922,1067,281,229,Crus 1,right
588,998,973,1068,290,242,Simple lobule,right
588,1059,969,1066,305,241,Simple lobule,right
588,1061,891,1064,304,221,Crus 1,right
588,1125,909,1063,321,226,Crus 1,right
588,1140,1054,1066,325,260,Simple lobule,right
588,1143,841,1060,325,208,Crus 1,right
588,1181,866,1060,335,214,Crus 1,right
588,1185,1101,1066,336,269,Simple lobule,right
588,1278,1039,1061,360,255,Simple lobule,right
587,654,1078,1081,201,263,Simple lobule,right
587,1338,1128,1059,373,274,Simple lobule,right
587,580,1282,1086,182,311,Simple lobule,right
587,668,1542,1091,206,366,Simple lobule,right
587,836,1006,1075,248,247,Simple lobule,right
587,853,1004,1074,254,248,Simple lobule,right
587,1022,911,1065,294,226,Crus 1,right
587,1090,999,1066,313,248,Simple lobule,right
587,1114,884,1062,318,220,Crus 1,right
587,629,1115,1082,195,271,Simple lobule,right
587,770,987,1076,232,242,Crus 1,right
587,867,983,1073,256,243,Simple lobule,right
587,941,960,1070,275,238,Simple lobule,right
587,961,995,1070,280,247,Simple lobule,right
587,974,938,1068,283,234,Crus 1,right
587,1038,982,1067,300,243,Simple lobule,right
587,1087,1061,1068,311,262,Simple lobule,right
587,1116,838,1061,318,208,Crus 1,right
587,1201,1121,1065,339,273,Simple lobule,right
587,1302,1129,1061,364,274,Simple lobule,right
589,689,1034,1079,211,252,Simple lobule,right
589,781,968,1076,234,239,Crus 1,right
589,882,1004,1074,260,248,Simple lobule,right
589,906,924,1070,266,230,Crus 1,right
589,921,993,1072,270,246,Simple lobule,right
589,1018,879,1064,294,219,Crus 1,right
589,1048,1049,1069,303,260,Simple lobule,right
589,789,985,1076,237,242,Crus 1,right
589,802,961,1075,239,236,Crus 1,right
589,810,967,1075,242,238,Crus 1,right
589,812,947,1074,242,233,Crus 1,right
589,839,999,1075,250,246,Simple lobule,right
589,869,963,1073,257,239,Crus 1,right
589,926,983,1071,271,244,Simple lobule,right
589,963,954,1069,281,237,Simple lobule,right
589,1027,980,1067,296,243,Simple lobule,right
589,1079,879,1063,309,219,Crus 1,right
589,1200,1093,1065,340,268,Simple lobule,right
590,802,952,1074,239,234,Crus 1,right
590,900,978,1071,265,242,Simple lobule,right
590,906,984,1071,266,244,Simple lobule,right
590,921,922,1068,269,228,Crus 1,right
590,925,1044,1072,271,258,Simple lobule,right
590,927,942,1069,271,233,Crus 1,right
590,533,1237,1085,169,300,Simple lobule,right
590,570,1185,1084,179,288,Simple lobule,right
590,571,1184,1084,179,288,Simple lobule,right
590,785,937,1073,236,231,Crus 1,right
590,834,947,1072,248,233,Crus 1,right
590,836,960,1073,248,237,Crus 1,right
590,849,925,1071,252,229,Crus 1,right
590,862,937,1071,254,231,Crus 1,right
590,878,971,1071,260,240,Simple lobule,right
590,908,921,1069,267,228,Crus 1,right
590,948,952,1068,277,236,Simple lobule,right
590,952,1046,1071,278,258,Simple lobule,right
590,963,955,1068,281,237,Simple lobule,right
590,990,1041,1069,288,257,Simple lobule,right
590,999,908,1065,289,226,Crus 1,right
590,1002,946,1066,290,235,Simple lobule,right
590,1005,962,1066,291,239,Simple lobule,right
590,1011,985,1067,292,245,Simple lobule,right
590,1013,893,1064,293,223,Crus 1,right
590,1022,998,1067,295,248,Simple lobule,right
590,1026,879,1063,295,219,Crus 1,right
590,1036,975,1066,299,242,Simple lobule,right
590,1075,970,1065,309,241,Simple lobule,right
590,1074,986,1065,309,244,Simple lobule,right
590,1174,1062,1064,334,261,Simple lobule,right
590,1318,1116,1059,369,271,Simple lobule,right
590,1319,1125,1059,369,273,Simple lobule,right
590,1326,1111,1059,370,270,Simple lobule,right
591,980,1011,1068,285,250,Simple lobule,right
591,642,1108,1080,197,270,Simple lobule,right
591,778,985,1074,234,242,Simple lobule,right
591,802,965,1073,239,238,Crus 1,right
591,983,968,1066,286,241,Simple lobule,right
593,578,1176,1083,181,286,Simple lobule,right
593,612,1140,1081,189,277,Simple lobule,right
593,532,1241,1084,168,301,Simple lobule,right
593,618,1444,1086,193,346,Simple lobule,right
593,635,1117,1080,196,271,Simple lobule,right
593,653,1537,1089,202,364,Simple lobule,right
593,1011,1042,1068,293,257,Simple lobule,right
593,1159,978,1062,330,242,Simple lobule,right
593,508,1281,1085,162,310,Simple lobule,right
593,523,1253,1084,166,304,Simple lobule,right
593,575,1532,1090,180,363,Simple lobule,right
593,598,1340,1084,187,324,Simple lobule,right
593,606,1370,1085,189,331,Simple lobule,right
593,615,1369,1084,191,331,Simple lobule,right
593,654,1528,1089,202,363,Simple lobule,right
593,658,1096,1079,203,267,Simple lobule,right
593,687,1079,1079,209,263,Simple lobule,right
593,716,1039,1077,217,254,Simple lobule,right
593,932,1049,1071,273,259,Simple lobule,right
593,1059,1038,1066,305,257,Simple lobule,right
593,1078,886,1061,309,220,Crus 1,right
593,1148,1045,1064,327,258,Simple lobule,right
593,1204,856,1057,341,211,Crus 1,right
593,1219,866,1056,345,213,Crus 1,right
593,1250,1098,1061,352,268,Simple lobule,right
593,1308,1111,1059,366,270,Simple lobule,right
593,1399,1110,1055,389,270,Simple lobule,right
592,797,945,1072,238,233,Crus 1,right
592,931,911,1066,272,226,Crus 1,right
592,1065,990,1064,306,246,Simple lobule,right
592,1117,897,1060,318,222,Crus 1,right
592,1194,869,1057,338,214,Crus 1,right
594,615,1381,1083,191,333,Simple lobule,right
594,577,1555,1090,180,368,Simple lobule,right
594,589,1319,1083,184,320,Simple lobule,right
594,615,1429,1085,191,343,Simple lobule,right
594,617,1393,1084,191,336,Simple lobule,right
594,664,1095,1078,204,267,Simple lobule,right
594,890,1009,1070,262,249,Simple lobule,right
594,965,1045,1068,281,258,Simple lobule,right
594,1158,1043,1062,330,257,Simple lobule,right
594,1214,1085,1061,343,265,Simple lobule,right
594,1323,1114,1057,370,271,Simple lobule,right
594,1412,1105,1053,391,269,Simple lobule,right
594,428,1540,1091,138,363,Simple lobule,right
594,604,1151,1081,188,280,Simple lobule,right
594,604,1515,1088,188,360,Simple lobule,right
594,606,1149,1081,188,280,Simple lobule,right
594,613,1530,1088,191,363,Simple lobule,right
594,615,1138,1080,191,277,Simple lobule,right
594,624,1425,1084,194,342,Simple lobule,right
594,974,1046,1068,284,258,Simple lobule,right
594,1045,1030,1065,301,255,Simple lobule,right
594,1151,1030,1062,327,254,Simple lobule,right
594,1160,918,1059,330,228,Crus 1,right
594,1269,1088,1059,357,266,Simple lobule,right
594,1315,1088,1057,368,265,Simple lobule,right
596,678,1089,1077,208,266,Simple lobule,right
596,508,1295,1083,162,313,Simple lobule,right
596,650,1110,1078,200,270,Simple lobule,right
596,497,1323,1083,157,320,Simple lobule,right
596,610,1147,1080,190,279,Simple lobule,right
596,629,1419,1083,195,341,Simple lobule,right
596,636,1430,1083,197,343,Simple lobule,right
596,1025,1036,1065,296,256,Simple lobule,right
596,1156,899,1057,328,222,Crus 1,right
596,1180,1048,1061,335,258,Simple lobule,right
596,504,1310,1083,160,317,Simple lobule,right
596,545,1228,1082,172,299,Simple lobule,right
596,560,1212,1082,176,294,Simple lobule,right
596,626,1458,1084,194,349,Simple lobule,right
596,1203,1047,1060,341,257,Simple lobule,right
596,1292,1096,1057,361,267,Simple lobule,right
596,1304,1098,1057,365,268,Simple lobule,right
595,1101,1040,1063,315,257,Simple lobule,right
595,543,1231,1082,172,299,Simple lobule,right
595,634,1524,1087,197,362,Simple lobule,right
595,889,923,1066,262,229,Crus 1,right
595,1035,1038,1065,299,257,Simple lobule,right
595,1198,1065,1060,340,261,Simple lobule,right
595,1235,1090,1059,348,266,Simple lobule,right
595,565,1197,1081,177,290,Simple lobule,right
595,610,1333,1082,190,323,Simple lobule,right
595,617,1138,1079,191,277,Simple lobule,right
595,619,1362,1082,193,329,Simple lobule,right
595,630,1128,1079,195,275,Simple lobule,right
595,631,1438,1084,195,345,Simple lobule,right
595,916,1480,1079,266,351,Simple lobule,right
595,937,1008,1067,274,250,Simple lobule,right
595,1003,1042,1065,291,257,Simple lobule,right
595,1109,969,1060,317,240,Simple lobule,right
595,1203,903,1056,341,223,Crus 1,right
595,1236,1064,1059,348,261,Simple lobule,right
595,1251,907,1054,352,222,Crus 1,right
595,1315,1090,1056,368,265,Simple lobule,right
597,519,1273,1083,165,309,Simple lobule,right
597,1048,1036,1064,302,256,Simple lobule,right
597,526,1264,1083,166,307,Simple lobule,right
597,638,1383,1082,198,334,Simple lobule,right
597,639,1510,1086,198,359,Simple lobule,right
597,655,1522,1086,202,361,Simple lobule,right
597,908,1046,1069,268,258,Simple lobule,right
597,982,1044,1066,285,258,Simple lobule,right
597,1121,992,1061,320,245,Simple lobule,right
597,1175,1039,1061,334,256,Simple lobule,right
597,1189,1012,1059,337,249,Simple lobule,right
597,625,1458,1084,194,349,Simple lobule,right
597,1205,909,1056,341,224,Crus 1,right
597,1215,1041,1059,343,255,Simple lobule,right
597,1287,1056,1057,361,258,Simple lobule,right
597,1330,1098,1056,371,267,Simple lobule,right
597,1343,1103,1055,375,268,Simple lobule,right
597,1360,1107,1054,378,268,Simple lobule,right
599,944,1047,1065,276,258,Simple lobule,right
599,653,1374,1079,202,332,Simple lobule,right
599,664,1608,1086,204,380,Simple lobule,right
599,987,1010,1063,286,250,Simple lobule,right
599,1129,989,1058,322,245,Simple lobule,right
598,1290,1085,1056,361,264,Simple lobule,right
598,609,1151,1079,190,280,Simple lobule,right
598,1120,1033,1061,320,255,Simple lobule,right
598,1196,1022,1058,339,251,Simple lobule,right
598,1413,1093,1051,392,266,Simple lobule,right
598,492,1364,1083,156,328,Simple lobule,right
598,631,1130,1078,195,275,Simple lobule,right
598,635,1457,1083,197,348,Simple lobule,right
598,645,1433,1082,199,344,Simple lobule,right
598,673,1096,1076,207,267,Simple lobule,right
598,674,1095,1076,207,267,Simple lobule,right
598,925,1050,1067,271,259,Simple lobule,right
598,933,1010,1066,274,250,Simple lobule,right
598,947,1053,1067,276,260,Simple lobule,right
598,964,1051,1066,281,259,Simple lobule,right
598,983,1036,1065,286,256,Simple lobule,right
598,1094,1003,1061,314,249,Simple lobule,right
598,1193,1049,1059,338,258,Simple lobule,right
598,1228,1055,1058,347,258,Simple lobule,right
598,1230,1072,1058,347,262,Simple lobule,right
598,1246,1077,1058,351,263,Simple lobule,right
598,1256,1073,1057,353,263,Simple lobule,right
598,1321,1083,1055,369,264,Simple lobule,right
603,599,1172,1077,187,284,Simple lobule,right
603,576,1201,1078,180,291,Simple lobule,right
603,558,1229,1078,176,298,Simple lobule,right
603,668,1237,1076,206,300,Simple lobule,right
603,699,1163,1074,214,284,Simple lobule,right
603,820,993,1067,244,244,Simple lobule,right
603,825,999,1066,246,246,Simple lobule,right
603,1237,1049,1054,348,257,Simple lobule,right
603,619,1181,1076,192,287,Simple lobule,right
603,649,1334,1077,201,323,Simple lobule,right
603,897,984,1063,263,243,Simple lobule,right
603,950,978,1061,277,242,Simple lobule,right
603,1122,1027,1057,320,253,Simple lobule,right
603,1351,1091,1050,376,265,Simple lobule,right
603,640,1216,1076,198,295,Simple lobule,right
603,646,1266,1077,199,307,Simple lobule,right
603,670,1246,1076,206,303,Simple lobule,right
603,707,1046,1071,215,255,Simple lobule,right
603,836,1003,1066,248,247,Simple lobule,right
603,854,985,1065,253,243,Simple lobule,right
603,965,1038,1062,281,257,Simple lobule,right
603,1012,967,1058,292,239,Simple lobule,right
603,1036,1011,1059,298,250,Simple lobule,right
603,1078,980,1056,309,242,Simple lobule,right
603,1187,981,1054,336,241,Simple lobule,right
602,582,1189,1078,181,289,Simple lobule,right
602,657,1430,1080,202,343,Simple lobule,right
602,779,1009,1069,234,248,Simple lobule,right
602,567,1211,1079,177,294,Simple lobule,right
602,612,1155,1077,190,281,Simple lobule,right
602,621,1340,1079,193,324,Simple lobule,right
602,641,1338,1078,198,324,Simple lobule,right
602,648,1359,1078,201,329,Simple lobule,right
602,652,1156,1076,200,281,Simple lobule,right
602,659,1398,1079,203,337,Simple lobule,right
602,660,1381,1078,203,333,Simple lobule,right
602,674,1219,1077,207,297,Simple lobule,right
602,674,1157,1076,207,281,Simple lobule,right
602,681,1188,1076,209,290,Simple lobule,right
602,701,1145,1075,214,279,Simple lobule,right
602,700,1176,1075,214,286,Simple lobule,right
602,769,1014,1070,232,249,Simple lobule,right
602,789,1001,1069,237,245,Simple lobule,right
602,850,986,1066,252,243,Simple lobule,right
602,864,983,1066,256,243,Simple lobule,right
602,865,991,1066,256,244,Simple lobule,right
602,939,1043,1064,275,258,Simple lobule,right
602,949,968,1062,277,240,Simple lobule,right
602,975,996,1061,283,246,Simple lobule,right
602,1058,953,1057,304,237,Simple lobule,right
602,641,1310,1078,198,318,Simple lobule,right
602,646,1227,1077,199,298,Simple lobule,right
602,651,1287,1078,201,312,Simple lobule,right
602,652,1296,1078,201,314,Simple lobule,right
602,656,1325,1078,202,321,Simple lobule,right
602,661,1263,1077,203,307,Simple lobule,right
602,664,1342,1078,205,324,Simple lobule,right
602,666,1428,1079,205,343,Simple lobule,right
602,668,1358,1078,206,329,Simple lobule,right
602,708,1160,1075,216,283,Simple lobule,right
602,873,1004,1066,258,248,Simple lobule,right
602,939,997,1063,275,246,Simple lobule,right
602,946,998,1063,276,247,Simple lobule,right
602,965,963,1061,281,239,Simple lobule,right
602,1033,1011,1060,298,250,Simple lobule,right
602,1042,983,1059,299,244,Simple lobule,right
602,1295,1083,1054,362,264,Simple lobule,right
600,636,1383,1080,197,334,Simple lobule,right
600,644,1436,1081,199,344,Simple lobule,right
600,650,1485,1083,201,354,Simple lobule,right
600,985,1010,1063,286,250,Simple lobule,right
600,995,959,1061,288,238,Simple lobule,right
600,1061,1014,1061,305,251,Simple lobule,right
601,647,1380,1080,199,333,Simple lobule,right
601,646,1428,1081,199,343,Simple lobule,right
601,649,1402,1080,201,337,Simple lobule,right
601,651,1448,1081,201,347,Simple lobule,right
601,654,1374,1079,202,332,Simple lobule,right
601,658,1390,1080,203,335,Simple lobule,right
601,660,1408,1080,203,339,Simple lobule,right
601,914,974,1064,268,241,Simple lobule,right
601,1007,1011,1062,291,250,Simple lobule,right
601,1274,1082,1055,358,263,Simple lobule,right
601,519,1289,1081,165,312,Simple lobule,right
601,534,1259,1081,169,305,Simple lobule,right
601,583,1265,1080,183,307,Simple lobule,right
601,621,1169,1078,192,285,Simple lobule,right
601,628,1297,1079,195,314,Simple lobule,right
601,641,1319,1079,198,320,Simple lobule,right
601,643,1367,1080,199,330,Simple lobule,right
601,653,1254,1078,202,305,Simple lobule,right
601,656,1184,1078,202,288,Simple lobule,right
601,657,1194,1078,202,291,Simple lobule,right
601,657,1415,1080,202,340,Simple lobule,right
601,659,1233,1078,203,300,Simple lobule,right
601,672,1208,1078,206,295,Simple lobule,right
601,764,1091,1073,231,266,Simple lobule,right
601,887,989,1066,261,244,Simple lobule,right
601,932,971,1064,272,240,Simple lobule,right
601,934,1007,1064,274,248,Simple lobule,right
601,988,959,1061,287,238,Simple lobule,right
601,996,1006,1062,288,249,Simple lobule,right
601,1014,977,1061,293,242,Simple lobule,right
601,1049,1030,1061,302,255,Simple lobule,right
601,1120,965,1057,319,239,Simple lobule,right
601,1203,1800,1066,328,430,Lobule III,right
604,672,1195,1075,206,291,Simple lobule,right
604,696,1208,1075,213,295,Simple lobule,right
604,696,1468,1079,212,351,Simple lobule,right
604,632,1303,1077,195,316,Simple lobule,right
604,659,1187,1076,203,288,Simple lobule,right
604,660,1361,1077,203,329,Simple lobule,right
604,670,1275,1076,206,310,Simple lobule,right
604,670,1391,1077,206,335,Simple lobule,right
604,692,1182,1075,211,287,Simple lobule,right
604,714,1156,1074,218,282,Simple lobule,right
604,907,997,1063,266,245,Simple lobule,right
604,958,1049,1063,280,259,Simple lobule,right
604,534,1268,1079,169,307,Simple lobule,right
604,573,1208,1078,180,294,Simple lobule,right
604,657,1149,1075,202,280,Simple lobule,right
604,657,1201,1076,202,292,Simple lobule,right
604,669,1111,1074,206,270,Simple lobule,right
604,717,1129,1073,218,276,Simple lobule,right
604,1018,1037,1060,295,256,Simple lobule,right
604,1167,970,1054,331,239,Simple lobule,right
605,639,1131,1075,198,275,Simple lobule,right
605,667,1426,1078,205,342,Simple lobule,right
605,671,1401,1078,206,337,Simple lobule,right
605,687,1075,1072,209,262,Simple lobule,right
605,702,1056,1072,213,257,Simple lobule,right
605,741,1019,1070,224,249,Simple lobule,right
605,873,1058,1066,259,261,Simple lobule,right
605,557,1238,1078,174,301,Simple lobule,right
605,635,1263,1077,197,307,Simple lobule,right
605,664,1326,1077,205,321,Simple lobule,right
605,663,1380,1077,205,333,Simple lobule,right
605,665,1095,1073,204,267,Simple lobule,right
605,671,1260,1076,206,306,Simple lobule,right
605,682,1234,1076,209,300,Simple lobule,right
605,685,1263,1076,210,307,Simple lobule,right
605,708,1176,1074,217,286,Simple lobule,right
605,748,1114,1072,227,272,Simple lobule,right
605,829,993,1066,247,245,Simple lobule,right
605,891,1059,1066,262,261,Simple lobule,right
605,950,971,1060,277,240,Simple lobule,right
605,968,1049,1062,282,259,Simple lobule,right
605,982,964,1059,284,239,Simple lobule,right
605,1303,1077,1052,365,262,Simple lobule,right
605,574,1210,1078,180,294,Simple lobule,right
605,677,1315,1076,207,319,Simple lobule,right
605,679,1248,1076,209,304,Simple lobule,right
605,689,1265,1076,211,307,Simple lobule,right
605,693,1252,1075,213,304,Simple lobule,right
605,702,1136,1074,214,277,Simple lobule,right
605,724,1155,1073,220,282,Simple lobule,right
605,733,1159,1073,223,283,Simple lobule,right
605,835,1013,1066,248,249,Simple lobule,right
605,849,994,1065,252,245,Simple lobule,right
605,884,1005,1064,261,248,Simple lobule,right
605,898,997,1063,265,245,Simple lobule,right
605,920,973,1062,269,241,Simple lobule,right
605,928,1005,1062,272,248,Simple lobule,right
605,928,970,1061,272,240,Simple lobule,right
606,637,1195,1075,196,291,Simple lobule,right
606,665,1123,1073,204,274,Simple lobule,right
606,665,1136,1073,204,276,Simple lobule,right
606,671,1444,1078,206,346,Simple lobule,right
606,672,1171,1074,206,285,Simple lobule,right
606,695,1224,1074,213,298,Simple lobule,right
606,705,1212,1074,215,295,Simple lobule,right
606,708,1191,1073,217,290,Simple lobule,right
606,728,1171,1072,222,285,Simple lobule,right
606,766,1140,1071,231,278,Simple lobule,right
606,997,1045,1060,289,258,Simple lobule,right
606,545,1255,1077,172,304,Simple lobule,right
606,583,1216,1077,183,295,Simple lobule,right
606,609,1235,1076,190,300,Simple lobule,right
606,631,1169,1075,195,284,Simple lobule,right
606,646,1268,1076,199,308,Simple lobule,right
606,653,1160,1074,202,282,Simple lobule,right
606,663,1188,1075,205,290,Simple lobule,right
606,670,1093,1072,205,267,Simple lobule,right
606,675,1386,1076,207,334,Simple lobule,right
606,678,1247,1075,209,303,Simple lobule,right
606,680,1397,1076,209,336,Simple lobule,right
606,681,1265,1075,209,307,Simple lobule,right
606,694,1139,1073,212,278,Simple lobule,right
606,696,1105,1072,212,269,Simple lobule,right
606,697,1082,1071,212,263,Simple lobule,right
606,707,1201,1074,215,292,Simple lobule,right
606,711,1055,1070,216,257,Simple lobule,right
606,719,1184,1073,219,289,Simple lobule,right
606,718,1234,1074,219,301,Simple lobule,right
606,770,1104,1070,232,270,Simple lobule,right
606,788,1097,1069,237,268,Simple lobule,right
606,789,1012,1067,237,248,Simple lobule,right
606,874,982,1063,258,242,Simple lobule,right
606,902,1059,1064,265,261,Simple lobule,right
606,939,1053,1062,275,260,Simple lobule,right
606,968,1011,1060,282,249,Simple lobule,right
606,1306,1978,1059,357,473,Lobule II,right
608,622,1156,1074,192,281,Simple lobule,right
608,1109,976,1053,317,241,Simple lobule,right
608,864,1004,1063,256,247,Simple lobule,right
608,1024,1002,1056,296,247,Simple lobule,right
608,1154,972,1052,328,239,Simple lobule,right
607,535,1275,1077,169,308,Simple lobule,right
607,536,1274,1077,169,308,Simple lobule,right
607,622,1196,1075,192,290,Simple lobule,right
607,876,1011,1062,258,248,Simple lobule,right
609,664,1445,1077,204,346,Simple lobule,right
609,682,1451,1076,208,347,Simple lobule,right
609,691,1462,1077,211,349,Simple lobule,right
609,798,1011,1065,239,248,Simple lobule,right
609,802,1107,1068,240,270,Simple lobule,right
609,861,1077,1065,255,264,Simple lobule,right
609,890,1083,1064,263,266,Simple lobule,right
609,891,988,1061,262,244,Simple lobule,right
609,901,1079,1063,265,265,Simple lobule,right
609,1118,1036,1055,319,255,Simple lobule,right
609,1265,1052,1051,355,256,Simple lobule,right
609,663,1403,1076,205,338,Simple lobule,right
609,666,1419,1076,204,341,Simple lobule,right
609,667,1386,1075,205,334,Simple lobule,right
609,668,1430,1076,206,343,Simple lobule,right
609,672,1396,1075,206,336,Simple lobule,right
609,677,1468,1077,207,351,Simple lobule,right
609,725,1068,1069,220,261,Simple lobule,right
609,845,1017,1064,251,249,Simple lobule,right
609,869,1071,1064,257,263,Simple lobule,right
609,903,1004,1061,266,248,Simple lobule,right
609,912,1083,1063,268,267,Simple lobule,right
609,913,985,1060,268,243,Simple lobule,right
609,925,1011,1060,271,249,Simple lobule,right
609,937,1070,1062,274,263,Simple lobule,right
609,973,1025,1059,283,253,Simple lobule,right
609,1038,1057,1058,300,260,Simple lobule,right
609,1046,1055,1057,301,260,Simple lobule,right
609,1071,1045,1056,307,258,Simple lobule,right
609,1091,980,1054,312,242,Simple lobule,right
609,1147,1033,1054,326,255,Simple lobule,right
609,1378,1073,1046,383,261,Simple lobule,right
609,1455,1058,1043,401,258,Simple lobule,right
610,941,1080,1061,275,266,Simple lobule,right
610,961,1072,1060,280,263,Simple lobule,right
610,970,1072,1059,282,263,Simple lobule,right
610,1020,1068,1058,295,263,Simple lobule,right
610,1032,1064,1057,297,262,Simple lobule,right
610,675,1423,1075,207,342,Simple lobule,right
610,678,1391,1074,208,335,Simple lobule,right
610,699,1441,1075,214,345,Simple lobule,right
610,779,1156,1068,235,282,Simple lobule,right
610,825,1170,1067,246,286,Simple lobule,right
610,845,1111,1065,251,272,Simple lobule,right
610,994,1056,1058,288,260,Simple lobule,right
610,1005,1011,1056,291,249,Simple lobule,right
610,1190,1039,1052,337,255,Simple lobule,right
610,1224,1041,1051,345,255,Simple lobule,right
610,1240,1044,1050,349,256,Simple lobule,right
610,468,2353,1085,144,546,Lobules IV-V,right
610,635,1170,1073,196,284,Simple lobule,right
610,690,1100,1070,211,268,Simple lobule,right
610,724,1070,1068,220,261,Simple lobule,right
610,841,1157,1067,250,283,Simple lobule,right
610,881,1064,1063,260,262,Simple lobule,right
610,907,1164,1065,266,285,Simple lobule,right
610,938,1035,1059,275,255,Simple lobule,right
610,950,1018,1058,277,251,Simple lobule,right
610,955,1058,1059,279,261,Simple lobule,right
610,1002,1065,1058,290,262,Simple lobule,right
610,1016,1013,1056,293,250,Simple lobule,right
610,1065,1022,1054,306,252,Simple lobule,right
610,1136,1042,1053,323,256,Simple lobule,right
610,1222,996,1050,344,244,Simple lobule,right
610,1312,1067,1048,366,259,Simple lobule,right
611,1280,1057,1048,358,257,Simple lobule,right
611,782,1186,1068,235,289,Simple lobule,right
611,902,1094,1062,265,269,Simple lobule,right
611,953,1090,1059,279,268,Simple lobule,right
611,1000,1077,1057,290,264,Simple lobule,right
611,1090,1040,1053,312,256,Simple lobule,right
611,651,1134,1071,200,276,Simple lobule,right
611,679,1370,1073,208,330,Simple lobule,right
611,694,1398,1073,212,337,Simple lobule,right
611,759,1434,1072,229,344,Simple lobule,right
611,865,1134,1064,256,278,Simple lobule,right
611,449,2319,1084,139,538,Midbrain,right
611,467,2353,1084,143,546,Cerebellum,right
611,621,1161,1072,192,282,Simple lobule,right
611,657,1129,1071,202,275,Simple lobule,right
611,785,1200,1068,236,293,Simple lobule,right
611,812,1010,1063,242,248,Simple lobule,right
611,822,1199,1067,245,293,Simple lobule,right
611,855,1098,1063,254,270,Simple lobule,right
611,865,2252,1069,249,520,Lobule III,right
611,892,1101,1062,263,270,Simple lobule,right
611,910,1078,1061,267,265,Simple lobule,right
611,912,1103,1062,268,271,Simple lobule,right
611,944,1096,1060,276,269,Simple lobule,right
611,1003,990,1054,290,244,Simple lobule,right
611,1041,1042,1054,299,256,Simple lobule,right
611,1080,973,1051,309,241,Simple lobule,right
611,1413,1060,1042,391,258,Simple lobule,right
612,1348,1068,1045,375,260,Simple lobule,right
612,897,1105,1062,264,271,Simple lobule,right
612,918,1098,1061,270,270,Simple lobule,right
612,694,1419,1073,212,341,Simple lobule,right
612,866,1030,1061,256,253,Simple lobule,right
612,872,1055,1062,257,259,Simple lobule,right
612,876,995,1060,258,245,Simple lobule,right
612,890,1069,1061,262,263,Simple lobule,right
612,920,1114,1062,270,274,Simple lobule,right
612,955,1101,1060,279,270,Simple lobule,right
612,964,1094,1059,281,269,Simple lobule,right
612,1169,971,1049,331,239,Simple lobule,right
612,1191,962,1048,336,236,Simple lobule,right
612,680,1430,1074,208,343,Simple lobule,right
612,711,1443,1074,216,346,Simple lobule,right
612,873,1088,1062,259,267,Simple lobule,right
612,886,1118,1063,261,275,Simple lobule,right
612,962,1013,1056,279,250,Simple lobule,right
612,1038,1014,1053,299,250,Simple lobule,right
612,1100,1984,1061,311,473,Lobule II,right
612,1142,1047,1052,324,257,Simple lobule,right
612,1181,964,1048,334,237,Simple lobule,right
612,1464,1049,1040,404,256,Simple lobule,right
614,965,1141,1060,281,279,Simple lobule,right
614,989,1107,1057,287,271,Simple lobule,right
614,1065,1003,1051,305,248,Simple lobule,right
614,687,1111,1068,210,270,Simple lobule,right
614,841,1127,1064,250,275,Simple lobule,right
614,937,1096,1059,274,269,Simple lobule,right
614,974,1166,1060,284,285,Simple lobule,right
614,977,1118,1059,284,275,Simple lobule,right
614,1095,1069,1053,313,263,Simple lobule,right
614,620,1172,1071,192,284,Simple lobule,right
614,644,1148,1070,199,280,Simple lobule,right
614,775,1217,1068,234,296,Simple lobule,right
614,834,1036,1061,248,254,Simple lobule,right
614,850,1053,1061,252,259,Simple lobule,right
614,858,1014,1060,254,249,Simple lobule,right
614,907,1038,1058,266,256,Simple lobule,right
614,950,1165,1061,278,285,Simple lobule,right
614,957,1056,1057,278,259,Simple lobule,right
614,980,1199,1062,285,292,Simple lobule,right
614,992,1158,1060,287,284,Simple lobule,right
614,991,1169,1060,287,286,Simple lobule,right
614,1263,1054,1047,355,257,Simple lobule,right
614,1293,1069,1046,362,260,Simple lobule,right
613,688,1427,1073,211,342,Simple lobule,right
613,849,1121,1064,253,274,Simple lobule,right
613,892,1181,1065,263,288,Simple lobule,right
613,929,1129,1062,273,277,Simple lobule,right
613,942,1112,1061,275,272,Simple lobule,right
613,1004,1087,1057,291,267,Simple lobule,right
613,1110,1050,1053,317,258,Simple lobule,right
613,1120,1049,1053,319,258,Simple lobule,right
613,626,1159,1072,194,282,Simple lobule,right
613,632,1154,1072,195,281,Simple lobule,right
613,754,1424,1072,228,342,Simple lobule,right
613,830,1128,1065,248,277,Simple lobule,right
613,879,1165,1065,260,285,Simple lobule,right
613,907,1161,1064,266,284,Simple lobule,right
613,954,1153,1062,279,283,Simple lobule,right
613,961,1165,1062,280,285,Simple lobule,right
613,990,993,1054,287,246,Simple lobule,right
613,1028,982,1053,296,242,Simple lobule,right
613,1087,1050,1054,311,258,Simple lobule,right
613,1116,975,1050,318,240,Simple lobule,right
613,1194,1049,1051,338,257,Simple lobule,right
613,1210,1044,1050,341,256,Simple lobule,right
613,1210,1023,1049,341,251,Simple lobule,right
613,1326,1065,1046,369,259,Simple lobule,right
613,611,1178,1073,190,287,Simple lobule,right
613,662,1622,1080,202,381,Simple lobule,right
613,819,1124,1065,245,275,Simple lobule,right
613,880,1008,1060,259,248,Simple lobule,right
613,921,1020,1058,269,251,Simple lobule,right
613,921,1084,1060,270,266,Simple lobule,right
613,924,1071,1060,271,263,Simple lobule,right
613,927,1108,1061,271,272,Simple lobule,right
613,939,1162,1063,275,284,Simple lobule,right
613,966,1156,1062,281,283,Simple lobule,right
613,980,1069,1058,285,263,Simple lobule,right
613,1021,1028,1055,294,254,Simple lobule,right
613,1052,999,1053,302,247,Simple lobule,right
613,1123,1015,1051,320,250,Simple lobule,right
613,1132,969,1050,321,239,Simple lobule,right
613,1165,963,1049,330,237,Simple lobule,right
613,1268,971,1046,356,237,Simple lobule,right
616,978,1145,1058,285,280,Simple lobule,right
616,915,1021,1056,268,251,Simple lobule,right
616,972,996,1053,281,245,Simple lobule,right
616,975,1119,1057,284,275,Simple lobule,right
616,1195,968,1046,337,238,Simple lobule,right
615,1059,1018,1051,304,251,Simple lobule,right
615,890,1020,1057,262,251,Simple lobule,right
615,893,1006,1056,263,247,Simple lobule,right
615,1038,1094,1054,300,269,Simple lobule,right
615,1092,1004,1049,311,247,Simple lobule,right
615,1114,993,1048,318,245,Simple lobule,right
615,1244,1019,1046,350,249,Simple lobule,right
615,662,1618,1077,202,381,Simple lobule,right
615,1072,1008,1050,306,249,Simple lobule,right
617,1009,1150,1058,292,281,Simple lobule,right
617,739,1321,1069,224,320,Simple lobule,right
617,766,1270,1068,231,309,Simple lobule,right
617,829,1233,1065,248,301,Simple lobule,right
617,847,1231,1065,251,300,Simple lobule,right
617,867,1229,1064,256,300,Simple lobule,right
617,873,1166,1062,259,285,Simple lobule,right
617,885,1185,1063,261,289,Simple lobule,right
617,922,1130,1060,270,277,Simple lobule,right
617,928,1172,1061,273,286,Simple lobule,right
617,933,1164,1061,274,285,Simple lobule,right
617,937,1112,1058,274,272,Simple lobule,right
617,945,1167,1060,276,285,Simple lobule,right
617,947,1154,1060,276,283,Simple lobule,right
617,957,1168,1060,279,286,Simple lobule,right
617,957,1005,1054,278,247,Simple lobule,right
617,963,1159,1059,281,284,Simple lobule,right
617,970,1169,1060,282,286,Simple lobule,right
617,991,1119,1057,287,274,Simple lobule,right
617,1007,1107,1056,291,271,Simple lobule,right
617,1073,1017,1050,308,250,Simple lobule,right
617,558,1270,1072,176,307,Simple lobule,right
617,614,1212,1071,191,294,Simple lobule,right
617,698,1183,1068,214,288,Simple lobule,right
617,714,1395,1070,217,336,Simple lobule,right
617,729,1422,1070,221,341,Simple lobule,right
617,731,1405,1070,221,338,Simple lobule,right
617,749,1411,1070,226,339,Simple lobule,right
617,751,1283,1068,227,312,Simple lobule,right
617,755,1300,1068,228,315,Simple lobule,right
617,762,1282,1068,230,311,Simple lobule,right
617,772,1296,1068,232,314,Simple lobule,right
617,776,1280,1067,233,311,Simple lobule,right
617,783,1259,1067,236,306,Simple lobule,right
617,796,1116,1064,238,273,Simple lobule,right
617,812,1161,1064,243,283,Simple lobule,right
617,832,1128,1063,247,276,Simple lobule,right
617,839,1048,1060,250,257,Simple lobule,right
617,840,1240,1065,250,302,Simple lobule,right
617,842,1202,1064,250,293,Simple lobule,right
617,889,1104,1060,263,271,Simple lobule,right
617,901,1165,1062,265,285,Simple lobule,right
617,913,1099,1059,269,270,Simple lobule,right
617,955,1024,1054,278,252,Simple lobule,right
617,976,1067,1055,283,262,Simple lobule,right
617,983,1200,1060,286,292,Simple lobule,right
617,989,1161,1059,287,283,Simple lobule,right
617,1237,982,1045,347,240,Simple lobule,right
618,796,1260,1066,239,306,Simple lobule,right
618,855,1225,1063,254,298,Simple lobule,right
618,887,1203,1062,261,294,Simple lobule,right
618,889,1220,1062,263,297,Simple lobule,right
618,552,1297,1072,173,313,Simple lobule,right
618,736,1185,1066,223,289,Simple lobule,right
618,752,1322,1067,227,320,Simple lobule,right
618,757,1333,1067,228,323,Simple lobule,right
618,819,1246,1065,245,303,Simple lobule,right
618,833,1022,1059,248,250,Simple lobule,right
618,894,1023,1056,263,252,Simple lobule,right
618,921,1215,1062,270,296,Simple lobule,right
618,635,1240,1070,196,301,Simple lobule,right
618,660,1210,1069,203,294,Simple lobule,right
618,717,1186,1067,218,289,Simple lobule,right
618,772,1288,1067,232,313,Simple lobule,right
618,812,1219,1065,243,297,Simple lobule,right
618,826,1391,1067,245,334,Simple lobule,right
618,875,1240,1063,259,302,Simple lobule,right
618,876,1135,1060,259,278,Simple lobule,right
618,954,1023,1053,278,252,Simple lobule,right
618,1110,1013,1048,316,250,Simple lobule,right
618,1141,1936,1059,316,462,Cerebellum,right
619,1007,1174,1056,291,287,Simple lobule,right
619,618,1187,1069,192,288,Simple lobule,right
619,625,1178,1069,194,286,Simple lobule,right
619,715,1137,1065,218,276,Simple lobule,right
619,861,1115,1059,255,273,Simple lobule,right
619,893,1047,1055,263,256,Simple lobule,right
619,977,1212,1059,284,294,Simple lobule,right
619,558,1283,1070,175,310,Simple lobule,right
619,586,1238,1070,183,300,Simple lobule,right
619,609,1200,1069,189,291,Simple lobule,right
619,647,1219,1068,199,296,Simple lobule,right
619,650,1197,1068,200,290,Simple lobule,right
619,651,1233,1068,200,300,Simple lobule,right
619,659,1143,1067,203,278,Simple lobule,right
619,662,1240,1068,203,301,Simple lobule,right
619,675,1148,1067,207,280,Simple lobule,right
619,677,1169,1067,207,284,Simple lobule,right
619,679,1131,1066,208,275,Simple lobule,right
619,684,1143,1066,210,279,Simple lobule,right
619,700,1151,1066,214,280,Simple lobule,right
619,726,1180,1066,220,287,Simple lobule,right
619,770,1063,1061,232,260,Simple lobule,right
619,784,1118,1062,236,273,Simple lobule,right
619,808,1134,1062,242,277,Simple lobule,right
619,824,1208,1063,246,295,Simple lobule,right
619,831,1155,1061,248,282,Simple lobule,right
619,864,1151,1060,256,281,Simple lobule,right
619,946,1021,1052,275,251,Simple lobule,right
619,1007,1004,1049,290,247,Simple lobule,right
619,1015,1021,1049,293,251,Simple lobule,right
619,1140,1945,1058,316,464,Cerebellum,right
620,696,1137,1066,212,276,Simple lobule,right
620,1087,1017,1047,310,249,Simple lobule,right
620,636,1168,1068,196,284,Simple lobule,right
620,720,1164,1065,219,284,Simple lobule,right
620,728,1112,1064,221,271,Simple lobule,right
620,744,1349,1067,225,326,Simple lobule,right
620,756,1272,1066,228,309,Simple lobule,right
620,779,1386,1067,234,333,Simple lobule,right
620,783,1086,1061,236,265,Simple lobule,right
620,786,1302,1065,236,315,Simple lobule,right
620,882,1019,1055,259,250,Simple lobule,right
620,898,1219,1061,265,297,Simple lobule,right
620,1002,1206,1058,290,293,Simple lobule,right
620,588,1254,1070,184,304,Simple lobule,right
620,643,1162,1068,199,282,Simple lobule,right
620,660,1155,1067,203,281,Simple lobule,right
620,664,1187,1067,204,288,Simple lobule,right
620,669,1126,1066,206,274,Simple lobule,right
620,671,1155,1067,206,281,Simple lobule,right
620,679,1154,1066,208,281,Simple lobule,right
620,720,1134,1065,219,276,Simple lobule,right
620,736,1144,1064,223,279,Simple lobule,right
620,759,1154,1064,229,282,Simple lobule,right
620,788,1188,1064,237,290,Simple lobule,right
620,816,1137,1061,244,277,Simple lobule,right
620,817,1177,1062,244,287,Simple lobule,right
620,982,1016,1050,284,250,Simple lobule,right
620,1059,1018,1048,304,251,Simple lobule,right
620,1108,991,1046,316,243,Simple lobule,right
620,1142,991,1045,323,243,Simple lobule,right
621,610,1278,1069,189,310,Simple lobule,right
621,659,1136,1067,203,276,Simple lobule,right
621,863,1021,1056,255,250,Simple lobule,right
621,919,1196,1060,270,291,Simple lobule,right
621,1042,1159,1055,300,283,Simple lobule,right
621,588,1270,1070,184,307,Simple lobule,right
621,621,1256,1069,192,304,Simple lobule,right
621,627,1203,1069,194,292,Simple lobule,right
621,641,1194,1068,198,290,Simple lobule,right
621,699,1095,1064,213,267,Simple lobule,right
621,761,1092,1062,229,266,Simple lobule,right
621,824,1170,1062,246,286,Simple lobule,right
621,829,1024,1058,247,251,Simple lobule,right
621,834,1107,1060,249,270,Simple lobule,right
621,553,1409,1071,174,337,Simple lobule,right
621,578,1259,1070,181,305,Simple lobule,right
621,599,1223,1070,187,297,Simple lobule,right
621,602,1218,1070,187,296,Simple lobule,right
621,644,1254,1069,199,304,Simple lobule,right
621,648,1155,1067,200,281,Simple lobule,right
621,721,1073,1063,219,262,Simple lobule,right
621,723,1197,1066,220,291,Simple lobule,right
621,733,1370,1067,223,330,Simple lobule,right
621,751,1095,1063,227,267,Simple lobule,right
621,799,1147,1062,240,280,Simple lobule,right
621,811,1065,1060,242,260,Simple lobule,right
621,833,1102,1060,249,269,Simple lobule,right
621,852,1156,1061,253,282,Simple lobule,right
621,884,1197,1061,261,292,Simple lobule,right
622,585,1253,1069,182,304,Simple lobule,right
622,630,1180,1067,195,286,Simple lobule,right
622,677,1124,1065,207,274,Simple lobule,right
622,684,1147,1065,210,278,Simple lobule,right
622,698,1130,1064,214,275,Simple lobule,right
622,772,1367,1066,232,329,Simple lobule,right
622,773,1157,1062,233,282,Simple lobule,right
622,820,1128,1060,245,276,Simple lobule,right
622,831,1124,1059,247,275,Simple lobule,right
622,832,1073,1058,247,263,Simple lobule,right
622,838,1283,1063,250,312,Simple lobule,right
622,914,1023,1052,268,251,Simple lobule,right
622,609,1212,1068,189,293,Simple lobule,right
622,657,1146,1066,202,278,Simple lobule,right
622,673,1137,1065,207,276,Simple lobule,right
622,673,1220,1067,207,296,Simple lobule,right
622,681,1113,1065,208,271,Simple lobule,right
622,689,1111,1064,211,270,Simple lobule,right
622,691,1103,1064,211,269,Simple lobule,right
622,708,1206,1065,216,293,Simple lobule,right
622,713,1115,1063,217,272,Simple lobule,right
622,725,1136,1064,220,276,Simple lobule,right
622,739,1266,1065,224,307,Simple lobule,right
622,743,1109,1062,225,271,Simple lobule,right
622,765,1112,1062,231,271,Simple lobule,right
622,766,1087,1061,230,265,Simple lobule,right
622,778,1136,1062,235,277,Simple lobule,right
622,778,1275,1064,235,310,Simple lobule,right
622,796,1360,1065,238,328,Simple lobule,right
622,811,1213,1062,243,296,Simple lobule,right
622,815,1045,1058,243,256,Simple lobule,right
622,840,1135,1059,250,277,Simple lobule,right
622,983,1092,1052,286,267,Simple lobule,right
622,1006,1042,1049,290,255,Simple lobule,right
622,1069,1007,1046,306,247,Simple lobule,right
623,707,1145,1063,215,279,Simple lobule,right
625,787,1379,1065,235,332,Simple lobule,right
625,792,1359,1064,237,328,Simple lobule,right
625,846,1373,1063,250,331,Simple lobule,right
625,1094,1172,1051,313,284,Simple lobule,right
625,1161,1141,1047,329,277,Simple lobule,right
625,1170,1150,1047,331,279,Simple lobule,right
625,1217,1068,1043,342,261,Simple lobule,right
625,1294,994,1038,361,242,Simple lobule,right
625,642,1174,1066,198,285,Simple lobule,right
625,665,1150,1065,204,279,Simple lobule,right
625,736,1120,1062,223,273,Simple lobule,right
625,767,1367,1065,230,329,Simple lobule,right
625,774,1351,1064,233,326,Simple lobule,right
625,794,1127,1060,238,275,Simple lobule,right
625,795,1335,1064,238,323,Simple lobule,right
625,819,1332,1063,244,321,Simple lobule,right
625,826,1130,1059,246,276,Simple lobule,right
625,841,1175,1059,250,287,Simple lobule,right
625,854,1276,1061,254,309,Simple lobule,right
625,859,1265,1061,255,307,Simple lobule,right
625,907,1080,1054,266,264,Simple lobule,right
625,921,1127,1055,270,275,Simple lobule,right
625,946,1067,1051,276,261,Simple lobule,right
625,952,1222,1058,277,297,Simple lobule,right
625,960,1069,1051,279,262,Simple lobule,right
625,961,1111,1053,280,272,Simple lobule,right
625,991,1083,1050,287,266,Simple lobule,right
625,1001,1224,1056,289,297,Simple lobule,right
625,1005,1050,1048,290,258,Simple lobule,right
625,1007,1068,1049,290,262,Simple lobule,right
625,1011,1104,1051,292,270,Simple lobule,right
625,1049,1052,1047,301,257,Simple lobule,right
625,1062,1044,1046,304,256,Simple lobule,right
625,1068,1182,1052,307,287,Simple lobule,right
625,1074,1111,1049,308,271,Simple lobule,right
625,1081,1046,1046,309,256,Simple lobule,right
625,1102,1178,1051,314,286,Simple lobule,right
625,1137,1085,1046,322,265,Simple lobule,right
625,1142,1046,1044,324,256,Simple lobule,right
625,1194,1122,1045,337,272,Simple lobule,right
625,1202,1087,1044,338,264,Simple lobule,right
625,1234,1033,1041,347,252,Simple lobule,right
625,1237,1070,1042,347,261,Simple lobule,right
625,1263,1064,1041,354,259,Simple lobule,right
625,1267,1080,1042,354,263,Simple lobule,right
625,1272,1000,1039,355,244,Simple lobule,right
625,1280,1086,1041,358,264,Simple lobule,right
625,1280,1097,1041,358,266,Simple lobule,right
625,1287,1045,1040,359,254,Simple lobule,right
625,1307,993,1037,364,242,Simple lobule,right
625,1313,1019,1038,366,248,Simple lobule,right
625,1314,1081,1040,366,262,Simple lobule,right
625,1315,1066,1039,366,259,Simple lobule,right
625,1323,1036,1038,369,251,Simple lobule,right
625,1324,1037,1038,369,251,Simple lobule,right
625,1339,1082,1039,372,262,Simple lobule,right
625,1365,1076,1037,378,261,Simple lobule,right
626,869,1265,1060,257,307,Simple lobule,right
626,1202,1117,1044,338,271,Simple lobule,right
626,1290,1084,1039,360,263,Simple lobule,right
626,695,1127,1062,212,274,Simple lobule,right
626,724,1118,1061,220,273,Simple lobule,right
626,787,1102,1058,236,268,Simple lobule,right
626,900,1187,1057,265,289,Simple lobule,right
626,975,1101,1050,283,269,Simple lobule,right
626,1095,1186,1050,313,288,Simple lobule,right
626,1173,1129,1045,332,275,Simple lobule,right
626,1354,1003,1034,376,244,Simple lobule,right
626,677,1144,1063,207,278,Simple lobule,right
626,732,1156,1062,221,281,Simple lobule,right
626,742,1094,1060,224,267,Simple lobule,right
626,776,1287,1062,233,312,Simple lobule,right
626,815,1078,1056,243,264,Simple lobule,right
626,854,1062,1054,253,259,Simple lobule,right
626,869,1129,1056,257,276,Simple lobule,right
626,874,1060,1053,258,259,Simple lobule,right
626,875,1144,1056,259,280,Simple lobule,right
626,877,1075,1054,258,263,Simple lobule,right
626,943,1055,1049,275,258,Simple lobule,right
626,997,1175,1053,288,286,Simple lobule,right
626,999,1067,1048,289,261,Simple lobule,right
626,1035,1041,1045,297,255,Simple lobule,right
626,1072,1071,1046,306,262,Simple lobule,right
626,1113,1064,1044,317,260,Simple lobule,right
626,1135,1063,1044,322,260,Simple lobule,right
626,1184,1149,1045,334,279,Simple lobule,right
626,1194,1138,1045,337,277,Simple lobule,right
626,1197,1042,1041,337,254,Simple lobule,right
626,1217,1021,1040,342,249,Simple lobule,right
626,1248,1026,1039,350,250,Simple lobule,right
626,1251,1088,1041,350,265,Simple lobule,right
626,1271,1005,1038,355,245,Simple lobule,right
626,1280,1057,1039,358,256,Simple lobule,right
626,1291,1060,1039,360,258,Simple lobule,right
627,878,1268,1059,260,308,Simple lobule,right
627,864,1371,1061,255,329,Simple lobule,right
627,972,1067,1047,282,261,Simple lobule,right
627,765,1084,1058,230,265,Simple lobule,right
627,849,1170,1057,253,286,Simple lobule,right
627,893,1071,1051,263,262,Simple lobule,right
627,930,1057,1049,272,258,Simple lobule,right
627,1011,1044,1045,291,256,Simple lobule,right
627,1132,1178,1047,321,286,Simple lobule,right
627,1153,1172,1046,327,284,Simple lobule,right
627,1242,1103,1041,348,268,Simple lobule,right
627,1346,1046,1035,373,253,Simple lobule,right
627,752,1186,1061,227,289,Simple lobule,right
627,766,1098,1058,230,268,Simple lobule,right
627,787,1080,1057,235,263,Simple lobule,right
627,787,1145,1058,236,279,Simple lobule,right
627,805,1147,1058,241,279,Simple lobule,right
627,817,1062,1055,243,259,Simple lobule,right
627,831,1161,1057,247,283,Simple lobule,right
627,839,1106,1055,250,270,Simple lobule,right
627,844,1167,1057,251,284,Simple lobule,right
627,850,1082,1054,252,264,Simple lobule,right
627,877,1158,1056,259,283,Simple lobule,right
627,880,1082,1052,259,264,Simple lobule,right
627,889,1052,1051,262,257,Simple lobule,right
627,908,1142,1053,267,278,Simple lobule,right
627,918,1069,1050,269,262,Simple lobule,right
627,942,1254,1057,275,304,Simple lobule,right
627,960,1048,1047,279,257,Simple lobule,right
627,966,1162,1052,281,283,Simple lobule,right
627,974,1137,1051,283,277,Simple lobule,right
627,979,1081,1048,284,264,Simple lobule,right
627,1083,1113,1046,310,272,Simple lobule,right
627,1149,1031,1041,326,252,Simple lobule,right
627,1195,1042,1040,337,254,Simple lobule,right
627,1227,1012,1038,344,246,Simple lobule,right
627,1237,1003,1038,346,245,Simple lobule,right
627,1236,1056,1039,346,257,Simple lobule,right
627,1240,1040,1039,348,253,Simple lobule,right
627,1294,1007,1036,361,244,Simple lobule,right
627,1315,1082,1037,366,262,Simple lobule,right
627,1336,1092,1037,371,264,Simple lobule,right
628,1214,1079,1041,342,263,Simple lobule,right
628,803,1163,1058,241,284,Simple lobule,right
628,808,1091,1056,242,266,Simple lobule,right
628,829,1059,1054,247,259,Simple lobule,right
628,873,1176,1056,259,287,Simple lobule,right
628,933,1069,1049,273,262,Simple lobule,right
628,953,1091,1049,278,267,Simple lobule,right
628,1053,1043,1044,302,256,Simple lobule,right
628,1093,1031,1042,312,252,Simple lobule,right
628,1215,1090,1041,342,265,Simple lobule,right
628,1215,1145,1043,342,277,Simple lobule,right
628,1234,1046,1039,346,255,Simple lobule,right
628,1261,1024,1038,352,250,Simple lobule,right
628,1370,1070,1035,379,259,Simple lobule,right
628,1400,1060,1033,387,257,Simple lobule,right
628,739,1172,1061,224,285,Simple lobule,right
628,757,1097,1058,228,267,Simple lobule,right
628,760,1180,1060,229,287,Simple lobule,right
628,830,1096,1055,247,267,Simple lobule,right
628,833,1074,1054,248,263,Simple lobule,right
628,876,1065,1052,258,260,Simple lobule,right
628,896,1131,1054,264,276,Simple lobule,right
628,901,1148,1054,265,281,Simple lobule,right
628,931,1112,1051,272,271,Simple lobule,right
628,950,1052,1048,276,257,Simple lobule,right
628,988,1093,1048,287,268,Simple lobule,right
628,1027,1080,1046,295,264,Simple lobule,right
628,1060,1060,1044,304,259,Simple lobule,right
628,1065,1029,1043,305,252,Simple lobule,right
628,1161,1049,1041,328,257,Simple lobule,right
628,1199,1067,1041,338,260,Simple lobule,right
628,1284,1042,1037,359,253,Simple lobule,right
629,1169,1181,1046,331,286,Simple lobule,right
629,1292,1102,1039,360,267,Simple lobule,right
629,1018,1226,1053,294,297,Simple lobule,right
629,1054,1027,1043,302,251,Simple lobule,right
629,1110,1030,1042,316,252,Simple lobule,right
629,1246,1020,1038,349,249,Simple lobule,right
629,1269,1110,1040,355,269,Simple lobule,right
629,785,1083,1057,235,265,Simple lobule,right
629,795,1072,1056,238,261,Simple lobule,right
629,801,1096,1056,239,267,Simple lobule,right
629,810,1099,1056,242,269,Simple lobule,right
629,812,1077,1055,242,262,Simple lobule,right
629,813,1134,1057,243,277,Simple lobule,right
629,822,1176,1058,245,287,Simple lobule,right
629,934,1053,1049,273,258,Simple lobule,right
629,946,1135,1052,276,277,Simple lobule,right
629,985,1068,1047,285,262,Simple lobule,right
629,994,1072,1047,288,262,Simple lobule,right
629,1002,1083,1047,289,265,Simple lobule,right
629,1014,1061,1046,293,260,Simple lobule,right
629,1066,1039,1043,305,255,Simple lobule,right
629,1083,1035,1042,310,253,Simple lobule,right
629,1090,1053,1043,311,258,Simple lobule,right
629,1130,1022,1041,321,250,Simple lobule,right
629,1141,1076,1043,323,262,Simple lobule,right
629,1181,1068,1042,333,261,Simple lobule,right
629,1208,1153,1043,340,280,Simple lobule,right
629,1315,1003,1035,366,244,Simple lobule,right
629,1331,1023,1035,369,249,Simple lobule,right
632,788,1213,1058,237,296,Simple lobule,right
632,1054,1591,1057,295,374,Lobules IV-V,right
632,1314,1020,1033,366,247,Simple lobule,right
630,873,1102,1052,258,269,Simple lobule,right
630,996,1057,1045,287,258,Simple lobule,right
630,1081,1059,1042,308,259,Simple lobule,right
630,1122,1052,1041,318,257,Simple lobule,right
630,1127,1030,1040,319,252,Simple lobule,right
630,1183,1022,1038,334,249,Simple lobule,right
630,1208,1053,1039,340,257,Simple lobule,right
630,1243,1008,1036,349,246,Simple lobule,right
630,1289,1032,1035,360,250,Simple lobule,right
630,748,1124,1058,227,274,Simple lobule,right
630,786,1109,1056,236,271,Simple lobule,right
630,795,1125,1056,238,274,Simple lobule,right
630,799,1095,1055,239,267,Simple lobule,right
630,805,1081,1055,240,264,Simple lobule,right
630,850,1133,1054,252,277,Simple lobule,right
630,850,1067,1052,252,260,Simple lobule,right
630,860,1109,1053,255,271,Simple lobule,right
630,880,1081,1051,259,264,Simple lobule,right
630,897,1171,1054,264,285,Simple lobule,right
630,924,1058,1048,270,259,Simple lobule,right
630,943,1179,1053,276,288,Simple lobule,right
630,955,1055,1046,278,258,Simple lobule,right
630,967,1083,1047,280,265,Simple lobule,right
630,995,1141,1049,288,278,Simple lobule,right
630,1040,1043,1043,298,256,Simple lobule,right
630,1176,1035,1039,332,253,Simple lobule,right
630,1191,1051,1039,335,256,Simple lobule,right
630,1203,1016,1038,339,248,Simple lobule,right
630,1254,1026,1036,351,249,Simple lobule,right
630,1299,1051,1035,362,255,Simple lobule,right
630,1466,566,1015,409,145,"Entorhinal area, medial part, dorsal zone, layer 1",right
633,590,1285,1064,184,310,Simple lobule,right
633,620,1239,1063,192,300,Simple lobule,right
633,1327,1088,1034,368,264,Simple lobule,right
633,1786,814,1010,483,198,"Entorhinal area, medial part, dorsal zone, layer 1",right
633,603,1261,1063,188,305,Simple lobule,right
633,618,1267,1063,192,306,Simple lobule,right
633,637,1210,1063,196,293,Simple lobule,right
633,642,1298,1063,197,314,Simple lobule,right
633,647,1248,1062,199,303,Simple lobule,right
633,648,1203,1062,200,292,Simple lobule,right
633,654,1217,1062,201,295,Simple lobule,right
633,676,1161,1061,207,282,Simple lobule,right
633,680,1266,1062,208,307,Simple lobule,right
633,682,1224,1061,208,297,Simple lobule,right
633,685,1252,1061,210,303,Simple lobule,right
633,693,1172,1060,212,284,Simple lobule,right
633,715,1231,1060,218,299,Simple lobule,right
633,716,1139,1059,217,277,Simple lobule,right
633,716,1202,1060,218,292,Simple lobule,right
633,723,1136,1058,220,276,Simple lobule,right
633,738,1124,1058,224,274,Simple lobule,right
633,789,1092,1054,237,266,Simple lobule,right
633,788,1133,1056,237,277,Simple lobule,right
633,796,1123,1055,238,274,Simple lobule,right
633,797,1331,1059,238,321,Simple lobule,right
633,816,1252,1058,244,304,Simple lobule,right
633,851,1109,1052,252,271,Simple lobule,right
633,1240,1143,1040,347,277,Simple lobule,right
635,674,1237,1060,207,299,Simple lobule,right
635,673,1179,1059,207,286,Simple lobule,right
635,748,1255,1057,227,305,Simple lobule,right
635,612,1279,1061,189,309,Simple lobule,right
635,630,1234,1061,195,299,Simple lobule,right
635,655,1236,1060,201,299,Simple lobule,right
635,691,1183,1059,211,288,Simple lobule,right
635,703,1244,1059,215,302,Simple lobule,right
635,777,1207,1056,233,293,Simple lobule,right
635,786,1190,1055,236,290,Simple lobule,right
635,792,1116,1053,237,272,Simple lobule,right
635,826,1218,1055,246,297,Simple lobule,right
635,830,1163,1053,247,284,Simple lobule,right
635,838,1177,1053,250,286,Simple lobule,right
635,961,1113,1045,279,272,Simple lobule,right
634,760,1142,1056,229,278,Simple lobule,right
634,772,1164,1056,232,284,Simple lobule,right
634,776,1109,1055,233,270,Simple lobule,right
634,804,1174,1055,241,286,Simple lobule,right
634,1225,1162,1039,344,280,Simple lobule,right
634,1255,1135,1037,351,275,Simple lobule,right
634,709,1251,1060,216,303,Simple lobule,right
634,718,1195,1059,219,290,Simple lobule,right
634,746,1230,1058,225,299,Simple lobule,right
634,764,1257,1058,231,305,Simple lobule,right
634,787,1190,1056,236,290,Simple lobule,right
634,813,1215,1056,244,296,Simple lobule,right
634,821,1157,1054,245,282,Simple lobule,right
634,1293,1029,1032,361,250,Simple lobule,right
636,693,1207,1059,212,293,Simple lobule,right
636,698,1194,1058,213,290,Simple lobule,right
636,700,1156,1058,213,281,Simple lobule,right
636,864,1101,1049,256,268,Simple lobule,right
636,646,1295,1060,199,313,Simple lobule,right
636,683,1193,1059,209,290,Simple lobule,right
636,696,1266,1059,212,307,Simple lobule,right
636,710,3258,1076,199,762,Simple lobule,left
636,715,1165,1057,217,283,Simple lobule,right
636,718,1181,1057,219,287,Simple lobule,right
636,738,1259,1058,224,306,Simple lobule,right
636,742,1152,1056,224,280,Simple lobule,right
636,767,1126,1054,230,274,Simple lobule,right
636,979,761,1037,280,189,"Entorhinal area, medial part, dorsal zone, layer 1",right
636,991,748,1037,283,187,"Entorhinal area, medial part, dorsal zone, layer 1",right
636,629,1278,1061,195,309,Simple lobule,right
636,638,1224,1061,197,297,Simple lobule,right
636,657,1242,1060,201,300,Simple lobule,right
636,674,1253,1060,207,304,Simple lobule,right
636,680,1332,1060,208,321,Simple lobule,right
636,682,1181,1059,208,286,Simple lobule,right
636,688,1350,1060,211,325,Simple lobule,right
636,727,1332,1059,220,321,Simple lobule,right
636,783,1223,1056,236,298,Simple lobule,right
636,786,1255,1057,236,305,Simple lobule,right
636,799,1205,1055,240,293,Simple lobule,right
636,834,1236,1055,249,300,Simple lobule,right
636,837,1103,1051,248,269,Simple lobule,right
636,865,1213,1053,256,296,Simple lobule,right
636,871,1153,1051,257,282,Simple lobule,right
636,1200,3586,1056,327,837,Simple lobule,left
637,1023,1149,1045,295,280,Simple lobule,right
637,604,1292,1061,188,311,Simple lobule,right
637,670,1348,1060,205,325,Simple lobule,right
637,701,1171,1058,213,284,Simple lobule,right
637,723,1151,1057,220,280,Simple lobule,right
637,816,1167,1053,243,284,Simple lobule,right
637,841,1114,1051,249,272,Simple lobule,right
637,1469,488,1011,412,129,"Entorhinal area, medial part, dorsal zone, layer 1",right
637,647,1362,1060,198,327,Simple lobule,right
637,656,1209,1060,201,293,Simple lobule,right
637,674,1218,1059,207,296,Simple lobule,right
637,679,1206,1059,208,292,Simple lobule,right
637,679,1301,1060,208,314,Simple lobule,right
637,686,1307,1059,209,316,Simple lobule,right
637,699,1249,1059,214,303,Simple lobule,right
637,711,1274,1059,216,309,Simple lobule,right
637,714,1192,1058,217,289,Simple lobule,right
637,715,1291,1059,217,312,Simple lobule,right
637,728,1181,1057,221,287,Simple lobule,right
637,742,1280,1058,224,310,Simple lobule,right
637,779,1158,1055,234,283,Simple lobule,right
637,802,1151,1054,239,280,Simple lobule,right
637,807,1126,1053,241,274,Simple lobule,right
637,837,1147,1052,248,279,Simple lobule,right
637,855,1213,1054,254,296,Simple lobule,right
637,859,1123,1050,255,274,Simple lobule,right
637,1018,1106,1042,294,269,Simple lobule,right
638,633,1256,1060,196,304,Simple lobule,right
638,656,1241,1059,201,300,Simple lobule,right
638,732,1149,1055,221,280,Simple lobule,right
638,743,1183,1056,225,288,Simple lobule,right
638,759,1135,1054,229,276,Simple lobule,right
638,794,1161,1053,238,283,Simple lobule,right
638,837,1251,1054,249,304,Simple lobule,right
638,625,1323,1060,193,319,Simple lobule,right
638,648,1234,1059,200,299,Simple lobule,right
638,657,1225,1059,201,297,Simple lobule,right
638,678,1281,1059,208,310,Simple lobule,right
638,687,1234,1058,209,299,Simple lobule,right
638,695,1230,1058,212,298,Simple lobule,right
638,711,1283,1058,216,311,Simple lobule,right
638,726,1179,1056,220,287,Simple lobule,right
638,725,1226,1057,220,297,Simple lobule,right
638,750,1210,1056,227,294,Simple lobule,right
638,762,1167,1055,229,284,Simple lobule,right
638,781,1193,1054,234,291,Simple lobule,right
638,794,1187,1054,238,289,Simple lobule,right
638,801,1170,1053,240,285,Simple lobule,right
638,832,1182,1052,247,287,Simple lobule,right
638,853,1136,1050,253,277,Simple lobule,right
638,866,1149,1050,256,280,Simple lobule,right
638,901,1157,1049,265,281,Simple lobule,right
638,962,1176,1047,280,286,Simple lobule,right
638,1304,1055,1030,363,256,Simple lobule,right
639,965,764,1036,276,190,"Entorhinal area, medial part, dorsal zone, layer 1",right
639,980,732,1035,280,183,"Entorhinal area, medial part, dorsal zone, layer 1",right
641,736,1170,1055,223,284,Simple lobule,right
641,990,1268,1049,286,307,Simple lobule,right
641,1264,1112,1032,353,269,Simple lobule,right
641,1313,1138,1031,365,275,Simple lobule,right
641,644,1396,1059,198,335,Simple lobule,right
641,654,1285,1058,201,311,Simple lobule,right
641,669,1260,1058,205,305,Simple lobule,right
641,675,1227,1057,207,297,Simple lobule,right
641,680,1259,1057,208,305,Simple lobule,right
641,680,1308,1058,208,316,Simple lobule,right
641,687,1239,1057,209,301,Simple lobule,right
641,687,1330,1057,209,321,Simple lobule,right
641,696,1319,1057,212,319,Simple lobule,right
641,705,1308,1057,215,317,Simple lobule,right
641,709,1174,1056,216,285,Simple lobule,right
641,711,1245,1056,216,302,Simple lobule,right
641,725,1326,1057,220,320,Simple lobule,right
641,733,1280,1056,223,310,Simple lobule,right
641,749,1291,1056,227,312,Simple lobule,right
641,780,1178,1053,234,287,Simple lobule,right
641,786,1183,1053,236,288,Simple lobule,right
641,799,1303,1055,239,316,Simple lobule,right
641,803,1353,1056,240,327,Simple lobule,right
641,816,1273,1054,243,309,Simple lobule,right
641,835,1295,1054,248,314,Simple lobule,right
641,838,1179,1051,250,287,Simple lobule,right
641,839,1168,1050,250,285,Simple lobule,right
641,859,1286,1053,255,311,Simple lobule,right
641,874,1213,1051,259,295,Simple lobule,right
641,874,1307,1053,258,315,Simple lobule,right
641,902,1185,1049,265,288,Simple lobule,right
641,920,1244,1050,270,302,Simple lobule,right
641,928,1157,1046,272,281,Simple lobule,right
641,948,1170,1046,277,285,Simple lobule,right
641,959,1145,1044,279,279,Simple lobule,right
641,961,1247,1049,279,301,Simple lobule,right
641,971,1143,1044,282,279,Simple lobule,right
641,972,1169,1045,282,284,Simple lobule,right
641,989,1153,1044,287,281,Simple lobule,right
641,994,1164,1044,288,283,Simple lobule,right
641,1000,1148,1043,289,280,Simple lobule,right
641,1024,1130,1041,295,275,Simple lobule,right
641,1027,1251,1047,295,302,Simple lobule,right
641,1034,1150,1042,298,279,Simple lobule,right
641,1051,1165,1042,301,283,Simple lobule,right
641,1053,1186,1043,303,287,Simple lobule,right
641,1056,1149,1041,302,279,Simple lobule,right
641,1068,1114,1039,306,271,Simple lobule,right
641,1120,1115,1037,318,271,Simple lobule,right
641,1127,1139,1038,319,276,Simple lobule,right
641,1140,1112,1037,323,270,Simple lobule,right
641,1149,1084,1035,325,264,Simple lobule,right
641,1149,1111,1036,325,269,Simple lobule,right
641,1182,1115,1036,332,270,Simple lobule,right
641,1206,1126,1035,339,272,Simple lobule,right
641,1224,1109,1034,343,269,Simple lobule,right
642,1056,1244,1045,302,300,Simple lobule,right
642,693,1296,1056,212,313,Simple lobule,right
642,718,1185,1054,219,288,Simple lobule,right
642,738,1311,1055,224,317,Simple lobule,right
642,770,1165,1052,232,283,Simple lobule,right
642,791,1169,1051,237,285,Simple lobule,right
642,813,1249,1052,243,304,Simple lobule,right
642,859,1221,1050,255,297,Simple lobule,right
642,908,1173,1047,267,286,Simple lobule,right
642,912,1148,1046,267,280,Simple lobule,right
642,913,1161,1046,268,282,Simple lobule,right
642,1007,1274,1048,290,307,Simple lobule,right
642,1019,1148,1041,294,279,Simple lobule,right
642,666,1234,1057,204,299,Simple lobule,right
642,669,1317,1057,205,317,Simple lobule,right
642,670,1245,1057,205,301,Simple lobule,right
642,684,1246,1056,209,302,Simple lobule,right
642,698,1311,1056,213,317,Simple lobule,right
642,733,1304,1055,223,316,Simple lobule,right
642,749,1178,1053,226,287,Simple lobule,right
642,812,1221,1052,242,297,Simple lobule,right
642,837,1248,1052,248,303,Simple lobule,right
642,861,1272,1052,255,308,Simple lobule,right
642,885,1221,1050,261,296,Simple lobule,right
642,902,1287,1051,264,311,Simple lobule,right
642,934,1163,1045,273,283,Simple lobule,right
642,942,1179,1046,274,287,Simple lobule,right
642,948,1139,1043,277,277,Simple lobule,right
642,961,1184,1045,279,288,Simple lobule,right
642,982,1149,1043,284,280,Simple lobule,right
642,1042,1162,1041,299,281,Simple lobule,right
642,1045,1180,1042,300,286,Simple lobule,right
642,1053,1109,1038,302,270,Simple lobule,right
642,1067,1148,1040,305,279,Simple lobule,right
642,1148,1123,1036,325,273,Simple lobule,right
643,877,1185,1047,258,288,Simple lobule,right
643,891,1160,1046,262,282,Simple lobule,right
643,1046,1258,1044,300,304,Simple lobule,right
643,642,1293,1056,197,313,Simple lobule,right
643,687,1331,1055,209,321,Simple lobule,right
643,757,1204,1052,228,293,Simple lobule,right
643,944,1133,1042,275,276,Simple lobule,right
643,980,1128,1040,284,275,Simple lobule,right
643,980,1166,1042,284,283,Simple lobule,right
643,1033,1149,1039,297,279,Simple lobule,right
643,707,1344,1055,214,324,Simple lobule,right
643,752,1185,1052,226,288,Simple lobule,right
643,757,1267,1053,228,307,Simple lobule,right
643,762,1263,1053,229,307,Simple lobule,right
643,785,1273,1053,236,309,Simple lobule,right
643,789,1237,1052,237,300,Simple lobule,right
643,814,1186,1050,243,288,Simple lobule,right
643,862,1312,1052,254,317,Simple lobule,right
643,870,1268,1050,257,308,Simple lobule,right
643,883,1142,1045,261,277,Simple lobule,right
643,903,1149,1045,266,280,Simple lobule,right
643,926,1132,1043,270,275,Simple lobule,right
643,937,1136,1042,273,276,Simple lobule,right
643,1011,1159,1041,291,282,Simple lobule,right
643,1083,1168,1039,310,283,Simple lobule,right
643,1088,1146,1037,311,278,Simple lobule,right
643,1095,1122,1036,312,272,Simple lobule,right
643,1112,1149,1037,315,279,Simple lobule,right
643,1124,1109,1034,319,269,Simple lobule,right
643,1134,1170,1037,322,283,Simple lobule,right
644,756,1284,1054,228,311,Simple lobule,right
644,857,1167,1047,253,284,Simple lobule,right
644,694,1214,1055,212,295,Simple lobule,right
644,797,1154,1050,238,281,Simple lobule,right
644,827,1282,1052,246,310,Simple lobule,right
644,840,1159,1048,249,282,Simple lobule,right
644,865,1295,1051,256,313,Simple lobule,right
644,950,1151,1043,277,280,Simple lobule,right
644,951,1161,1043,277,282,Simple lobule,right
644,976,1182,1043,283,286,Simple lobule,right
644,1011,1129,1039,291,275,Simple lobule,right
644,725,1364,1055,220,329,Simple lobule,right
644,762,1316,1054,229,318,Simple lobule,right
644,838,1146,1047,249,279,Simple lobule,right
644,861,1329,1052,254,321,Simple lobule,right
644,878,1326,1052,259,320,Simple lobule,right
644,898,1262,1049,265,305,Simple lobule,right
644,998,1178,1042,289,286,Simple lobule,right
644,1018,1186,1042,294,287,Simple lobule,right
644,1045,1140,1038,300,277,Simple lobule,right
644,1076,1149,1038,307,279,Simple lobule,right
644,1084,1160,1038,309,281,Simple lobule,right
644,1112,1186,1039,316,286,Simple lobule,right
644,1121,1179,1038,318,285,Simple lobule,right
645,805,1182,1050,241,287,Simple lobule,right
645,847,1185,1049,251,288,Simple lobule,right
645,872,1164,1047,257,284,Simple lobule,right
645,708,1243,1054,216,302,Simple lobule,right
645,782,1300,1053,234,315,Simple lobule,right
645,817,1174,1049,243,286,Simple lobule,right
645,836,1344,1053,248,324,Simple lobule,right
645,849,1156,1047,252,281,Simple lobule,right
645,889,1180,1047,262,287,Simple lobule,right
645,890,1140,1045,262,277,Simple lobule,right
645,948,751,1035,273,187,"Entorhinal area, medial part, dorsal zone, layer 1",right
645,949,1228,1047,277,298,Simple lobule,right
645,952,1137,1042,276,276,Simple lobule,right
645,1015,1140,1040,292,277,Simple lobule,right
645,632,1363,1056,194,328,Simple lobule,right
645,645,1318,1056,198,318,Simple lobule,right
645,712,1305,1055,216,315,Simple lobule,right
645,717,1347,1055,217,324,Simple lobule,right
645,725,1326,1055,220,320,Simple lobule,right
645,748,1290,1054,226,312,Simple lobule,right
645,794,1178,1050,238,287,Simple lobule,right
645,801,1175,1050,239,286,Simple lobule,right
645,801,1215,1051,239,295,Simple lobule,right
645,826,1237,1051,246,300,Simple lobule,right
645,838,1168,1048,249,285,Simple lobule,right
645,920,1174,1045,269,286,Simple lobule,right
645,1024,1173,1041,295,285,Simple lobule,right
645,1057,1134,1038,302,275,Simple lobule,right
645,1083,1179,1039,310,286,Simple lobule,right
645,1128,1155,1036,320,280,Simple lobule,right
645,1175,1095,1032,331,266,Simple lobule,right
646,731,1224,1053,221,297,Simple lobule,right
646,767,1311,1053,230,317,Simple lobule,right
646,783,1319,1052,235,319,Simple lobule,right
646,822,1297,1051,244,313,Simple lobule,right
646,950,1356,1050,276,325,Simple lobule,right
646,1033,1132,1037,297,274,Simple lobule,right
646,656,1345,1055,201,324,Simple lobule,right
646,681,1266,1054,208,306,Simple lobule,right
646,717,1219,1053,217,296,Simple lobule,right
646,718,1238,1053,219,301,Simple lobule,right
646,722,1286,1053,218,311,Simple lobule,right
646,852,1321,1051,252,319,Simple lobule,right
646,855,1174,1047,253,286,Simple lobule,right
646,869,1269,1049,257,308,Simple lobule,right
646,924,792,1035,267,196,"Entorhinal area, medial part, dorsal zone, layer 1",right
646,969,1171,1042,282,284,Simple lobule,right
646,982,1140,1040,284,277,Simple lobule,right
646,1026,1152,1039,295,279,Simple lobule,right
646,1090,1173,1038,311,284,Simple lobule,right
646,1119,1164,1036,318,282,Simple lobule,right
648,906,777,1035,262,193,Parasubiculum,right
648,676,1348,1054,206,325,Simple lobule,right
648,885,1258,1048,261,305,Simple lobule,right
647,910,792,1035,263,196,Parasubiculum,right
647,1087,1125,1034,309,273,Simple lobule,right
647,846,1170,1046,251,285,Simple lobule,right
647,893,821,1036,260,203,Parasubiculum,right
649,936,744,1034,269,187,"Entorhinal area, medial part, dorsal zone, layer 1",right
649,1127,2180,1042,313,510,Lobule II,right
649,700,1274,1053,213,308,Simple lobule,right
649,736,1246,1052,222,302,Simple lobule,right
649,751,1233,1051,226,300,Simple lobule,right
649,760,1228,1051,229,299,Simple lobule,right
649,789,1203,1049,237,293,Simple lobule,right
649,812,1188,1048,242,289,Simple lobule,right
649,816,1255,1049,243,304,Simple lobule,right
649,847,1171,1046,251,285,Simple lobule,right
649,882,1189,1045,259,289,Simple lobule,right
649,901,1170,1043,264,284,Simple lobule,right
650,698,1285,1052,213,311,Simple lobule,right
650,727,1397,1052,219,335,Simple lobule,right
650,849,1265,1048,252,307,Simple lobule,right
650,856,1205,1046,253,293,Simple lobule,right
650,882,1175,1043,259,286,Simple lobule,right
650,890,787,1035,259,196,Parasubiculum,right
650,894,1231,1045,263,298,Simple lobule,right
650,894,775,1035,260,194,Parasubiculum,right
650,942,1232,1044,274,298,Simple lobule,right
650,970,1241,1043,282,300,Simple lobule,right
650,464,2501,1068,144,587,"Inferior colliculus, dorsal nucleus",left
650,735,1247,1051,222,302,Simple lobule,right
650,764,1365,1051,230,329,Simple lobule,right
650,791,1259,1049,237,305,Simple lobule,right
650,794,1222,1048,238,296,Simple lobule,right
650,826,1203,1047,246,293,Simple lobule,right
650,841,1253,1048,249,304,Simple lobule,right
650,903,1250,1046,266,303,Simple lobule,right
650,939,3369,1064,255,786,Simple lobule,left
650,941,1168,1041,274,284,Simple lobule,right
650,987,1196,1040,285,289,Simple lobule,right
650,1000,1237,1042,289,298,Simple lobule,right
650,1196,2181,1038,329,512,Periaqueductal gray,right
651,880,789,1035,256,197,Parasubiculum,right
651,877,798,1035,255,199,Parasubiculum,right
651,941,1184,1040,274,287,Simple lobule,right
652,1463,1314,1026,402,319,Lobules IV-V,right
652,670,1335,1052,205,322,Simple lobule,right
652,754,1331,1050,227,321,Simple lobule,right
652,868,813,1036,254,202,Parasubiculum,right
652,463,2509,1068,144,589,"Inferior colliculus, dorsal nucleus",left
652,897,1222,1044,263,296,Simple lobule,right
652,898,1275,1046,264,308,Simple lobule,right
652,970,1158,1038,281,281,Simple lobule,right
653,789,1230,1048,237,299,Simple lobule,right
653,882,773,1035,256,194,Parasubiculum,right
653,897,752,1034,260,188,Parasubiculum,right
653,757,1359,1050,227,327,Simple lobule,right
653,814,1250,1047,243,303,Simple lobule,right
653,869,1200,1044,257,291,Simple lobule,right
654,720,1287,1049,218,311,Simple lobule,right
654,826,1294,1047,245,313,Simple lobule,right
654,859,811,1035,252,202,Parasubiculum,right
654,864,798,1035,253,199,Parasubiculum,right
654,783,1253,1047,235,304,Simple lobule,right
654,869,1201,1043,257,291,Simple lobule,right
654,876,1298,1046,258,314,Simple lobule,right
654,879,769,1034,256,193,Parasubiculum,right
654,937,1210,1041,273,293,Simple lobule,right
655,711,1351,1049,215,325,Simple lobule,right
656,830,926,1035,245,226,Parasubiculum,right
656,832,860,1036,245,213,Parasubiculum,right
656,1583,423,997,441,117,"Entorhinal area, lateral part, layer 1",right
656,744,1284,1048,225,311,Simple lobule,right
656,745,1412,1049,224,338,Simple lobule,right
656,829,876,1036,245,216,Parasubiculum,right
656,876,758,1033,255,191,Parasubiculum,right
657,676,1386,1050,206,332,Simple lobule,right
657,703,1312,1049,214,316,Simple lobule,right
657,711,1353,1049,215,326,Simple lobule,right
657,745,1287,1048,225,311,Simple lobule,right
657,766,1304,1047,230,315,Simple lobule,right
657,777,1300,1047,232,314,Simple lobule,right
657,803,1256,1046,240,304,Simple lobule,right
657,812,1279,1046,242,310,Simple lobule,right
657,819,891,1036,242,219,"Posterolateral visual area, layer 1",right
657,837,1214,1043,248,295,Simple lobule,right
657,885,1253,1043,260,304,Simple lobule,right
657,712,1305,1049,215,315,Simple lobule,right
657,721,1368,1049,218,329,Simple lobule,right
657,723,1325,1048,219,320,Simple lobule,right
657,725,1388,1049,219,334,Simple lobule,right
657,727,1404,1049,219,337,Simple lobule,right
657,728,1369,1049,220,329,Simple lobule,right
657,734,1298,1048,222,314,Simple lobule,right
657,734,1313,1048,222,317,Simple lobule,right
657,753,1299,1048,227,314,Simple lobule,right
657,759,1308,1048,229,316,Simple lobule,right
657,782,1283,1047,234,311,Simple lobule,right
657,791,1333,1047,236,322,Simple lobule,right
657,796,1378,1048,237,332,Simple lobule,right
657,820,867,1036,242,214,"Posterolateral visual area, layer 1",right
657,845,1298,1046,250,314,Simple lobule,right
657,848,1237,1044,252,299,Simple lobule,right
657,854,1244,1044,253,302,Simple lobule,right
657,855,1278,1045,253,310,Simple lobule,right
657,878,1240,1043,259,300,Simple lobule,right
657,2211,2275,1005,566,538,"Pontine reticular nucleus, caudal part",right
657,2242,3258,1003,571,744,Parvicellular motor 5 nucleus,left
660,740,1323,1046,223,320,Simple lobule,right
660,753,1399,1047,227,336,Simple lobule,right
660,797,901,1035,236,222,"Posterolateral visual area, layer 1",right
660,887,1287,1042,260,310,Simple lobule,right
660,756,1354,1046,227,326,Simple lobule,right
660,765,1291,1045,230,312,Simple lobule,right
660,765,1297,1045,230,313,Simple lobule,right
660,771,1358,1046,231,327,Simple lobule,right
660,797,1380,1046,237,332,Simple lobule,right
660,798,885,1035,238,218,"Posterolateral visual area, layer 1",right
660,799,965,1035,237,235,"Posterolateral visual area, layer 1",right
660,813,844,1034,241,210,"Posterolateral visual area, layer 1",right
660,820,826,1034,242,205,"Posterolateral visual area, layer 1",right
660,838,1293,1043,249,313,Simple lobule,right
660,875,1268,1042,258,307,Simple lobule,right
660,899,1280,1041,264,309,Simple lobule,right
658,780,1321,1046,234,319,Simple lobule,right
658,784,1250,1045,235,303,Simple lobule,right
658,816,1228,1044,243,298,Simple lobule,right
658,794,1244,1045,238,302,Simple lobule,right
658,809,1250,1044,242,303,Simple lobule,right
658,814,1335,1046,242,322,Simple lobule,right
658,823,1273,1044,245,309,Simple lobule,right
658,825,844,1035,244,210,Parasubiculum,right
658,836,1270,1044,248,307,Simple lobule,right
658,852,1256,1043,252,304,Simple lobule,right
658,861,773,1033,252,194,Parasubiculum,right
658,744,1358,1047,224,327,Simple lobule,right
658,786,1300,1046,235,314,Simple lobule,right
658,824,1328,1046,245,321,Simple lobule,right
658,832,827,1035,245,205,Parasubiculum,right
658,861,1270,1043,254,307,Simple lobule,right
658,882,1304,1044,259,315,Simple lobule,right
658,886,1288,1043,260,312,Simple lobule,right
659,790,1259,1044,236,305,Simple lobule,right
659,802,1285,1044,239,311,Simple lobule,right
659,806,884,1035,239,218,"Posterolateral visual area, layer 1",right
659,819,856,1034,242,212,"Posterolateral visual area, layer 1",right
659,801,1311,1045,239,316,Simple lobule,right
659,808,1363,1046,241,328,Simple lobule,right
659,814,1260,1043,243,305,Simple lobule,right
659,856,1224,1041,253,297,Simple lobule,right
659,868,1287,1042,256,311,Simple lobule,right
659,871,1256,1041,257,304,Simple lobule,right
659,928,1240,1039,271,300,Simple lobule,right
662,802,1302,1044,239,314,Simple lobule,right
662,757,1340,1045,227,323,Simple lobule,right
662,788,898,1035,235,222,"Posterolateral visual area, layer 1",right
662,796,1020,1036,236,248,"Posterolateral visual area, layer 1",right
662,805,1289,1043,240,312,Simple lobule,right
662,779,919,1035,233,226,"Posterolateral visual area, layer 1",right
662,786,886,1035,234,219,"Posterolateral visual area, layer 1",right
662,794,1288,1043,237,312,Simple lobule,right
662,812,830,1034,240,207,"Posterolateral visual area, layer 1",right
661,717,1362,1047,216,327,Simple lobule,right
661,733,1337,1046,222,322,Simple lobule,right
661,744,1315,1046,224,317,Simple lobule,right
661,771,1331,1046,231,321,Simple lobule,right
661,823,1298,1044,245,314,Simple lobule,right
661,837,790,1033,246,198,Parasubiculum,right
661,759,1328,1046,228,321,Simple lobule,right
661,785,1357,1046,235,326,Simple lobule,right
661,786,1288,1045,235,312,Simple lobule,right
661,788,910,1036,235,224,"Posterolateral visual area, layer 1",right
661,793,1337,1045,237,322,Simple lobule,right
661,847,1232,1041,250,298,Simple lobule,right
661,861,1249,1042,254,303,Simple lobule,right
663,856,1282,1041,253,309,Simple lobule,right
663,778,981,1035,232,239,"Posterolateral visual area, layer 1",right
663,790,871,1034,235,215,"Posterolateral visual area, layer 1",right
663,804,844,1033,239,210,"Posterolateral visual area, layer 1",right
663,807,835,1033,239,208,"Posterolateral visual area, layer 1",right
663,771,976,1035,230,238,"Posterolateral visual area, layer 1",right
663,777,992,1035,231,241,"Posterolateral visual area, layer 1",right
663,834,1278,1041,248,310,Simple lobule,right
663,834,777,1031,246,195,"Posterolateral visual area, layer 1",right
663,858,1303,1041,254,315,Simple lobule,right
664,815,1287,1042,242,311,Simple lobule,right
664,812,818,1033,240,205,"Posterolateral visual area, layer 1",right
664,772,912,1035,230,224,"Posterolateral visual area, layer 1",right
664,795,851,1033,237,211,"Posterolateral visual area, layer 1",right
664,853,1250,1040,253,303,Simple lobule,right
664,861,1323,1042,254,319,Simple lobule,right
664,868,1236,1039,256,299,Simple lobule,right
664,867,1297,1041,255,313,Simple lobule,right
664,867,1317,1041,255,317,Simple lobule,right
664,767,924,1035,229,227,"Posterolateral visual area, layer 1",right
664,773,900,1034,232,222,"Posterolateral visual area, layer 1",right
664,773,1341,1044,232,323,Simple lobule,right
664,780,1024,1036,232,249,"Posterolateral visual area, layer 1",right
664,790,858,1034,235,213,"Posterolateral visual area, layer 1",right
664,793,1328,1043,237,321,Simple lobule,right
664,832,776,1032,245,195,"Posterolateral visual area, layer 1",right
664,832,1270,1041,246,307,Simple lobule,right
664,872,1298,1041,256,314,Simple lobule,right
664,890,1275,1039,261,308,Simple lobule,right
665,761,954,1036,228,234,"Posterolateral visual area, layer 1",right
665,771,901,1035,230,222,"Posterolateral visual area, layer 1",right
665,798,1343,1043,238,324,Simple lobule,right
665,816,802,1032,241,200,"Posterolateral visual area, layer 1",right
665,845,1309,1042,250,316,Simple lobule,right
665,873,1241,1039,258,300,Simple lobule,right
665,894,1302,1040,262,314,Simple lobule,right
665,926,1262,1038,270,304,Simple lobule,right
665,774,885,1034,232,219,"Posterolateral visual area, layer 1",right
665,775,879,1034,232,218,"Posterolateral visual area, layer 1",right
665,794,1362,1044,237,327,Simple lobule,right
665,807,822,1033,239,205,"Posterolateral visual area, layer 1",right
665,826,1331,1043,245,321,Simple lobule,right
665,828,778,1032,245,196,"Posterolateral visual area, layer 1",right
665,889,1276,1039,261,308,Simple lobule,right
665,894,1244,1038,263,301,Simple lobule,right
665,893,1274,1039,262,308,Simple lobule,right
665,915,1314,1040,267,317,Simple lobule,right
665,916,1247,1037,267,301,Simple lobule,right
665,924,1227,1036,270,296,Simple lobule,right
665,929,1224,1036,271,296,Simple lobule,right
665,933,1230,1036,272,297,Simple lobule,right
665,942,1264,1037,274,305,Simple lobule,right
665,944,1243,1036,275,301,Simple lobule,right
665,1002,1276,1035,288,307,Simple lobule,right
665,1024,1218,1032,294,294,Simple lobule,right
667,896,1265,1037,262,306,Simple lobule,right
667,935,1254,1035,272,303,Simple lobule,right
667,973,1246,1033,282,300,Simple lobule,right
667,742,989,1035,223,242,"Posterolateral visual area, layer 1",right
667,745,1025,1036,224,249,"Posterolateral visual area, layer 1",right
667,749,1036,1036,225,252,"Posterolateral visual area, layer 1",right
667,754,927,1034,227,227,"Posterolateral visual area, layer 1",right
667,858,1267,1038,254,306,Simple lobule,right
667,887,1276,1037,260,308,Simple lobule,right
667,905,1260,1036,265,304,Simple lobule,right
667,932,1241,1034,271,299,Simple lobule,right
667,953,1243,1033,277,300,Simple lobule,right
667,1002,1235,1031,288,298,Simple lobule,right
667,1033,1219,1029,296,294,Simple lobule,right
667,2221,2457,1002,568,576,Pons,left
667,738,1024,1036,222,249,"Posterolateral visual area, layer 1",right
667,741,962,1035,223,235,"Posterolateral visual area, layer 1",right
667,742,948,1035,223,233,"Posterolateral visual area, layer 1",right
667,748,930,1034,225,229,"Posterolateral visual area, layer 1",right
667,754,915,1034,227,225,"Posterolateral visual area, layer 1",right
667,759,1062,1036,227,257,"Posterolateral visual area, layer 1",right
667,936,1307,1037,272,314,Simple lobule,right
667,989,1261,1033,285,303,Simple lobule,right
667,1019,1273,1032,292,307,Simple lobule,right
666,770,891,1034,231,220,"Posterolateral visual area, layer 1",right
666,771,1049,1036,230,255,"Posterolateral visual area, layer 1",right
666,787,851,1033,234,211,"Posterolateral visual area, layer 1",right
666,819,1343,1042,243,324,Simple lobule,right
666,837,1358,1042,247,327,Simple lobule,right
666,849,1286,1040,251,310,Simple lobule,right
666,994,1221,1032,287,294,Simple lobule,right
666,1098,1219,1027,312,293,Simple lobule,right
666,753,940,1035,227,231,"Posterolateral visual area, layer 1",right
666,755,952,1035,226,233,"Posterolateral visual area, layer 1",right
666,756,929,1035,227,228,"Posterolateral visual area, layer 1",right
666,758,931,1034,228,228,"Posterolateral visual area, layer 1",right
666,763,905,1034,229,223,"Posterolateral visual area, layer 1",right
666,774,881,1033,232,218,"Posterolateral visual area, layer 1",right
666,784,1355,1043,234,326,Simple lobule,right
666,820,781,1031,242,196,"Posterolateral visual area, layer 1",right
666,900,1285,1038,264,310,Simple lobule,right
666,899,1317,1039,263,317,Simple lobule,right
666,965,1247,1034,279,300,Simple lobule,right
666,984,1234,1033,284,298,Simple lobule,right
666,988,1240,1033,285,299,Simple lobule,right
668,728,984,1036,220,241,"Posterolateral visual area, layer 1",right
668,979,1241,1032,283,299,Simple lobule,right
668,732,1007,1036,220,245,"Posterolateral visual area, layer 1",right
668,737,1013,1036,221,247,"Posterolateral visual area, layer 1",right
668,739,1028,1036,222,251,"Posterolateral visual area, layer 1",right
668,749,1065,1036,225,259,"Posterolateral visual area, layer 1",right
668,818,774,1030,242,195,"Posterolateral visual area, layer 1",right
668,845,735,1028,248,187,"Posterolateral visual area, layer 1",right
668,962,1271,1034,278,306,Simple lobule,right
668,1039,1226,1029,297,295,Simple lobule,right
668,737,977,1035,221,238,"Posterolateral visual area, layer 1",right
668,759,891,1033,228,220,"Posterolateral visual area, layer 1",right
668,884,1288,1038,260,311,Simple lobule,right
668,936,1288,1036,272,311,Simple lobule,right
668,969,1261,1034,281,304,Simple lobule,right
668,970,1239,1033,281,299,Simple lobule,right
670,727,943,1034,219,232,"Posterolateral visual area, layer 1",right
670,740,1077,1036,222,261,"Posterolateral visual area, layer 1",right
670,927,1263,1034,269,305,Simple lobule,right
670,731,1055,1036,220,256,"Posterolateral visual area, layer 1",right
670,730,967,1034,220,236,"Posterolateral visual area, layer 1",right
670,728,1064,1037,220,259,"Posterolateral visual area, layer 1",right
670,762,864,1032,228,215,"Posterolateral visual area, layer 1",right
670,825,747,1029,243,189,"Posterolateral visual area, layer 1",right
670,731,959,1034,220,235,"Posterolateral visual area, layer 1",right
670,735,936,1034,222,230,"Posterolateral visual area, layer 1",right
670,758,1088,1035,227,264,"Posterolateral visual area, layer 1",right
670,913,1296,1036,267,312,Simple lobule,right
670,981,1259,1032,283,303,Simple lobule,right
669,733,1036,1037,221,252,"Posterolateral visual area, layer 1",right
669,740,925,1034,223,228,"Posterolateral visual area, layer 1",right
669,750,903,1034,226,223,"Posterolateral visual area, layer 1",right
669,737,939,1035,222,231,"Posterolateral visual area, layer 1",right
669,741,913,1034,223,226,"Posterolateral visual area, layer 1",right
669,866,1283,1038,255,310,Simple lobule,right
669,910,1333,1038,266,321,Simple lobule,right
669,944,1254,1034,274,303,Simple lobule,right
669,981,1232,1032,283,297,Simple lobule,right
671,726,958,1034,219,235,"Posterolateral visual area, layer 1",right
671,726,932,1033,219,229,"Posterolateral visual area, layer 1",right
671,755,873,1031,227,217,"Posterolateral visual area, layer 1",right
671,727,1074,1036,218,261,"Posterolateral visual area, layer 1",right
671,730,1088,1036,220,265,"Posterolateral visual area, layer 1",right
671,734,906,1032,222,224,"Posterolateral visual area, layer 1",right
671,733,1100,1036,221,267,"Posterolateral visual area, layer 1",right
673,726,922,1033,220,227,"Posterolateral visual area, layer 1",right
673,701,998,1036,213,244,"Posterolateral visual area, layer 1",right
673,731,889,1033,221,221,"Posterolateral visual area, layer 1",right
673,743,874,1032,225,217,"Posterolateral visual area, layer 1",right
673,814,742,1028,241,188,"Posterolateral visual area, layer 1",right
673,729,898,1033,221,223,"Posterolateral visual area, layer 1",right
673,785,800,1030,234,201,"Posterolateral visual area, layer 1",right
673,938,1292,1034,273,311,Simple lobule,right
672,1008,1245,1029,290,300,Simple lobule,right
672,731,1100,1036,220,267,"Posterolateral visual area, layer 1",right
672,735,885,1032,222,220,"Posterolateral visual area, layer 1",right
672,793,795,1029,237,200,"Posterolateral visual area, layer 1",right
672,841,713,1027,247,183,"Posterolateral visual area, layer 1",right
675,697,1079,1036,211,262,"Posterolateral visual area, layer 1",right
675,738,865,1030,224,215,"Posterolateral visual area, layer 1",right
675,684,1041,1035,208,253,"Posterolateral visual area, layer 1",right
675,690,981,1034,210,240,"Posterolateral visual area, layer 1",right
675,698,963,1033,213,237,"Posterolateral visual area, layer 1",right
675,771,813,1028,231,205,"Posterolateral visual area, layer 1",right
675,1004,1265,1028,288,304,Simple lobule,right
674,694,1018,1035,211,249,"Posterolateral visual area, layer 1",right
674,695,1070,1037,211,260,"Posterolateral visual area, layer 1",right
674,727,894,1032,220,222,"Posterolateral visual area, layer 1",right
674,729,883,1032,221,220,"Posterolateral visual area, layer 1",right
674,773,814,1029,232,205,"Posterolateral visual area, layer 1",right
676,682,1060,1036,207,258,"Posterolateral visual area, layer 1",right
676,683,1005,1035,209,246,"Posterolateral visual area, layer 1",right
676,684,992,1034,209,242,"Posterolateral visual area, layer 1",right
676,703,947,1032,214,233,"Posterolateral visual area, layer 1",right
676,804,744,1026,239,190,"Posterolateral visual area, layer 1",right
676,729,866,1030,221,216,"Posterolateral visual area, layer 1",right
677,677,1026,1036,206,250,"Posterolateral visual area, layer 1",right
677,675,1069,1037,206,260,"Posterolateral visual area, layer 1",right
677,699,1113,1036,212,271,"Posterolateral visual area, layer 1",right
677,703,939,1032,214,232,"Posterolateral visual area, layer 1",right
677,752,836,1029,226,209,"Posterolateral visual area, layer 1",right
677,763,819,1029,230,206,"Posterolateral visual area, layer 1",right
677,679,1001,1035,208,245,"Posterolateral visual area, layer 1",right
677,710,928,1032,216,229,"Posterolateral visual area, layer 1",right
677,729,857,1030,221,214,"Posterolateral visual area, layer 1",right
677,735,855,1030,223,214,"Posterolateral visual area, layer 1",right
678,740,840,1029,224,210,"Posterolateral visual area, layer 1",right
678,694,949,1032,212,234,"Posterolateral visual area, layer 1",right
678,698,935,1032,213,231,"Posterolateral visual area, layer 1",right
678,748,835,1028,226,209,"Posterolateral visual area, layer 1",right
680,663,1028,1034,203,252,"Posterolateral visual area, layer 1",right
680,658,1105,1036,202,268,"Posterolateral visual area, layer 1",right
680,672,973,1033,205,240,"Posterolateral visual area, layer 1",right
680,673,1092,1035,205,265,"Posterolateral visual area, layer 1",right
680,675,959,1032,207,236,"Posterolateral visual area, layer 1",right
680,658,1094,1036,202,266,"Posterolateral visual area, layer 1",right
680,661,1005,1034,202,246,"Posterolateral visual area, layer 1",right
680,664,1012,1034,204,247,"Posterolateral visual area, layer 1",right
680,689,933,1031,211,231,"Posterolateral visual area, layer 1",right
680,701,923,1031,213,229,"Posterolateral visual area, layer 1",right
680,733,837,1028,223,210,"Posterolateral visual area, layer 1",right
680,770,783,1026,231,199,"Posterolateral visual area, layer 1",right
679,669,1001,1033,205,245,"Posterolateral visual area, layer 1",right
679,688,956,1032,210,235,"Posterolateral visual area, layer 1",right
679,710,917,1030,216,226,"Posterolateral visual area, layer 1",right
679,717,866,1029,218,216,"Posterolateral visual area, layer 1",right
679,722,855,1029,219,214,"Posterolateral visual area, layer 1",right
679,670,1070,1035,204,260,"Posterolateral visual area, layer 1",right
679,691,947,1031,211,233,"Posterolateral visual area, layer 1",right
681,666,983,1033,204,242,"Posterolateral visual area, layer 1",right
681,683,937,1031,210,231,"Posterolateral visual area, layer 1",right
681,695,916,1031,212,227,"Posterolateral visual area, layer 1",right
681,704,904,1030,215,224,"Posterolateral visual area, layer 1",right
681,649,1095,1036,199,266,"Posterolateral visual area, layer 1",right
681,655,1086,1036,200,264,"Posterolateral visual area, layer 1",right
681,674,953,1032,207,235,"Posterolateral visual area, layer 1",right
681,717,851,1029,218,213,"Posterolateral visual area, layer 1",right
681,742,827,1028,224,207,"Posterolateral visual area, layer 1",right
681,759,796,1027,229,201,"Posterolateral visual area, layer 1",right
682,645,1083,1036,198,264,"Posterolateral visual area, layer 1",right
682,667,965,1032,204,238,"Posterolateral visual area, layer 1",right
682,727,835,1027,220,210,"Posterolateral visual area, layer 1",right
682,653,1078,1035,200,263,"Posterolateral visual area, layer 1",right
682,681,927,1030,209,229,"Posterolateral visual area, layer 1",right
682,763,785,1026,230,199,"Posterolateral visual area, layer 1",right
682,777,753,1025,232,193,"Posterolateral visual area, layer 1",right
683,673,937,1030,207,231,"Posterolateral visual area, layer 1",right
683,687,916,1029,210,227,"Posterolateral visual area, layer 1",right
683,665,957,1031,204,236,"Posterolateral visual area, layer 1",right
683,699,901,1028,214,224,"Posterolateral visual area, layer 1",right
683,758,786,1025,229,199,"Posterolateral visual area, layer 1",right
684,653,1000,1032,201,245,"Posterolateral visual area, layer 1",right
684,783,721,1023,234,185,"Posterolateral visual area, layer 1",right
684,674,926,1030,207,229,"Posterolateral visual area, layer 1",right
684,709,849,1027,217,213,"Posterolateral visual area, layer 1",right
684,736,817,1026,223,206,"Posterolateral visual area, layer 1",right
684,714,833,1027,218,210,"Posterolateral visual area, layer 1",right
684,725,824,1026,220,208,"Posterolateral visual area, layer 1",right
684,779,729,1023,233,187,"Posterolateral visual area, layer 1",right
685,628,1123,1036,194,273,"Posterolateral visual area, layer 1",right
685,709,838,1027,217,211,"Posterolateral visual area, layer 1",right
685,772,746,1024,231,191,"Posterolateral visual area, layer 1",right
685,633,1136,1036,195,275,"Posterolateral visual area, layer 1",right
685,660,957,1031,203,236,"Posterolateral visual area, layer 1",right
685,676,919,1030,207,228,"Posterolateral visual area, layer 1",right
685,689,897,1029,211,223,"Posterolateral visual area, layer 1",right
685,740,806,1026,224,204,"Posterolateral visual area, layer 1",right
686,625,1142,1035,192,277,"Posterolateral visual area, layer 1",right
686,632,1031,1033,195,252,"Posterolateral visual area, layer 1",right
686,663,938,1030,205,233,"Posterolateral visual area, layer 1",right
686,698,883,1027,214,221,"Posterolateral visual area, layer 1",right
686,649,1000,1032,200,245,"Posterolateral visual area, layer 1",right
686,662,949,1030,203,235,"Posterolateral visual area, layer 1",right
686,687,890,1028,210,222,"Posterolateral visual area, layer 1",right
686,726,809,1025,220,205,"Posterolateral visual area, layer 1",right
686,744,799,1025,225,203,"Posterolateral visual area, layer 1",right
687,671,912,1028,206,226,"Posterolateral visual area, layer 1",right
687,674,905,1028,208,225,"Posterolateral visual area, layer 1",right
687,679,899,1027,209,224,"Posterolateral visual area, layer 1",right
687,712,820,1025,217,207,"Posterolateral visual area, layer 1",right
687,778,717,1021,233,184,"Posterolateral visual area, layer 1",right
689,636,974,1031,197,240,"Posterolateral visual area, layer 1",right
689,768,719,1022,231,186,"Posterolateral visual area, layer 1",right
689,669,887,1027,207,221,"Posterolateral visual area, layer 1",right
689,771,713,1022,231,185,"Posterolateral visual area, layer 1",right
690,617,993,1031,191,245,"Posterolateral visual area, layer 1",right
690,626,974,1030,194,241,"Posterolateral visual area, layer 1",right
690,655,907,1027,203,226,"Posterolateral visual area, layer 1",right
690,691,832,1025,212,210,"Posterolateral visual area, layer 1",right
690,691,843,1025,212,213,"Posterolateral visual area, layer 1",right
690,703,810,1024,216,205,"Posterolateral visual area, layer 1",right
690,722,788,1023,219,201,"Posterolateral visual area, layer 1",right
690,629,971,1030,196,240,"Posterolateral visual area, layer 1",right
690,672,873,1026,207,219,"Posterolateral visual area, layer 1",right
690,708,805,1024,217,204,"Posterolateral visual area, layer 1",right
690,734,782,1023,223,199,"Posterolateral visual area, layer 1",right
691,657,896,1026,203,224,"Posterolateral visual area, layer 1",right
691,607,1042,1032,188,255,"Posterolateral visual area, layer 1",right
691,691,820,1024,212,208,"Posterolateral visual area, layer 1",right
691,741,755,1021,224,194,"Posterolateral visual area, layer 1",right
692,771,705,1019,231,183,"Posterolateral visual area, layer 1",right
692,588,1145,1034,183,278,"Primary visual area, layer 1",right
692,615,982,1030,192,242,"Posterolateral visual area, layer 1",right
692,629,954,1029,196,237,"Posterolateral visual area, layer 1",right
692,678,850,1025,209,214,"Posterolateral visual area, layer 1",right
692,602,1249,1034,185,302,"Primary visual area, layer 1",right
692,640,924,1028,199,230,"Posterolateral visual area, layer 1",right
692,647,904,1027,200,226,"Posterolateral visual area, layer 1",right
692,666,870,1025,206,218,"Posterolateral visual area, layer 1",right
692,690,819,1024,212,208,"Posterolateral visual area, layer 1",right
693,602,1042,1032,187,255,"Posterolateral visual area, layer 1",right
693,604,1017,1031,189,250,"Posterolateral visual area, layer 1",right
693,656,884,1026,203,222,"Posterolateral visual area, layer 1",right
693,684,831,1024,211,210,"Posterolateral visual area, layer 1",right
693,710,789,1023,217,201,"Posterolateral visual area, layer 1",right
693,719,776,1022,219,198,"Posterolateral visual area, layer 1",right
693,738,751,1021,224,193,"Posterolateral visual area, layer 1",right
693,582,1086,1034,181,265,"Primary visual area, layer 1",right
693,583,1235,1034,181,298,"Primary visual area, layer 1",right
693,595,1264,1034,183,305,"Primary visual area, layer 1",right
693,603,1049,1032,188,257,"Posterolateral visual area, layer 1",right
693,631,936,1028,196,232,"Posterolateral visual area, layer 1",right
693,649,896,1027,202,224,"Posterolateral visual area, layer 1",right
693,651,893,1027,202,224,"Posterolateral visual area, layer 1",right
693,660,878,1026,204,221,"Posterolateral visual area, layer 1",right
695,572,1225,1033,177,296,"Primary visual area, layer 1",right
695,569,1241,1033,177,299,"Primary visual area, layer 1",right
695,575,1087,1032,180,265,"Primary visual area, layer 1",right
695,575,1253,1033,178,303,"Primary visual area, layer 1",right
695,579,1274,1032,179,307,"Primary visual area, layer 1",right
695,687,805,1022,211,205,"Posterolateral visual area, layer 1",right
695,701,789,1021,215,202,"Posterolateral visual area, layer 1",right
695,726,760,1020,220,195,"Posterolateral visual area, layer 1",right
695,850,603,1012,248,161,"Postrhinal area, layer 1",right
694,640,911,1026,199,227,"Posterolateral visual area, layer 1",right
694,695,802,1022,213,204,"Posterolateral visual area, layer 1",right
694,576,1213,1034,178,294,"Primary visual area, layer 1",right
694,585,1071,1032,183,262,"Primary visual area, layer 1",right
694,649,892,1026,202,223,"Posterolateral visual area, layer 1",right
694,673,836,1024,208,211,"Posterolateral visual area, layer 1",right
694,728,761,1021,222,195,"Posterolateral visual area, layer 1",right
694,731,754,1021,222,194,"Posterolateral visual area, layer 1",right
696,639,901,1025,199,225,"Posterolateral visual area, layer 1",right
696,564,1233,1033,175,298,"Primary visual area, layer 1",right
696,564,1146,1033,176,278,"Primary visual area, layer 1",right
696,590,1029,1030,185,253,"Posterolateral visual area, layer 1",right
696,559,1245,1033,174,301,"Primary visual area, layer 1",right
696,564,1210,1033,176,293,"Primary visual area, layer 1",right
696,565,1252,1033,175,302,"Primary visual area, layer 1",right
696,593,1056,1031,185,259,"Posterolateral visual area, layer 1",right
696,646,877,1025,201,220,"Posterolateral visual area, layer 1",right
696,668,835,1023,207,211,"Posterolateral visual area, layer 1",right
696,698,787,1021,215,201,"Posterolateral visual area, layer 1",right
696,721,763,1020,219,196,"Posterolateral visual area, layer 1",right
697,560,1219,1033,174,295,"Primary visual area, layer 1",right
697,565,1110,1033,177,271,"Primary visual area, layer 1",right
697,591,1041,1031,184,255,"Primary visual area, layer 1",right
697,619,935,1027,194,233,"Posterolateral visual area, layer 1",right
697,557,1266,1033,173,305,"Primary visual area, layer 1",right
697,640,887,1025,199,222,"Posterolateral visual area, layer 1",right
697,730,738,1019,222,191,"Posterolateral visual area, layer 1",right
698,623,916,1025,195,229,"Posterolateral visual area, layer 1",right
698,739,721,1018,224,187,"Posterolateral visual area, layer 1",right
698,552,1240,1033,171,299,"Primary visual area, layer 1",right
698,588,1051,1030,184,258,"Primary visual area, layer 1",right
698,679,801,1021,210,204,"Posterolateral visual area, layer 1",right
698,707,768,1020,216,198,"Posterolateral visual area, layer 1",right
698,548,1284,1032,171,309,"Primary visual area, layer 1",right
698,548,1257,1033,171,303,"Primary visual area, layer 1",right
698,548,1269,1032,171,306,"Primary visual area, layer 1",right
698,645,874,1024,201,220,"Posterolateral visual area, layer 1",right
698,657,845,1023,204,214,"Posterolateral visual area, layer 1",right
698,722,747,1019,219,192,"Posterolateral visual area, layer 1",right
700,665,817,1021,206,208,"Posterolateral visual area, layer 1",right
700,536,1257,1032,167,303,"Primary visual area, layer 1",right
700,535,1234,1032,167,298,"Primary visual area, layer 1",right
700,538,1274,1032,169,307,"Primary visual area, layer 1",right
700,536,1294,1032,167,312,"Primary visual area, layer 1",right
700,542,1151,1032,170,280,"Primary visual area, layer 1",right
700,677,797,1020,209,203,"Posterolateral visual area, layer 1",right
700,536,1285,1032,167,310,"Primary visual area, layer 1",right
700,539,1305,1032,168,314,"Primary visual area, layer 1",right
700,544,1314,1031,170,316,"Primary visual area, layer 1",right
700,583,1011,1028,184,249,"Posterolateral visual area, layer 1",right
700,583,1033,1029,183,255,"Primary visual area, layer 1",right
700,654,845,1022,203,214,"Posterolateral visual area, layer 1",right
699,545,1219,1032,170,295,"Primary visual area, layer 1",right
699,662,834,1021,205,212,"Posterolateral visual area, layer 1",right
699,691,786,1020,212,201,"Posterolateral visual area, layer 1",right
699,585,1010,1028,184,249,"Posterolateral visual area, layer 1",right
699,542,1247,1032,169,301,"Primary visual area, layer 1",right
699,547,1299,1031,170,313,"Primary visual area, layer 1",right
699,545,1207,1032,170,292,"Primary visual area, layer 1",right
699,544,1246,1032,170,301,"Primary visual area, layer 1",right
699,546,1244,1032,170,301,"Primary visual area, layer 1",right
699,614,926,1025,193,231,"Posterolateral visual area, layer 1",right
699,628,902,1024,197,226,"Posterolateral visual area, layer 1",right
699,709,762,1019,217,195,"Posterolateral visual area, layer 1",right
699,721,742,1018,219,191,"Posterolateral visual area, layer 1",right
699,2212,3930,973,561,917,"Entorhinal area, medial part, dorsal zone, layer 1",left
701,553,1158,1032,173,282,"Primary visual area, layer 1",right
701,638,871,1023,200,219,"Posterolateral visual area, layer 1",right
701,547,1172,1032,171,284,"Primary visual area, layer 1",right
701,547,1135,1032,171,277,"Primary visual area, layer 1",right
701,553,1108,1031,174,271,"Primary visual area, layer 1",right
701,579,1016,1029,182,250,"Primary visual area, layer 1",right
701,650,847,1022,202,214,"Posterolateral visual area, layer 1",right
701,663,809,1021,206,207,"Posterolateral visual area, layer 1",right
701,671,801,1020,207,204,"Posterolateral visual area, layer 1",right
701,724,734,1018,220,190,"Posterolateral visual area, layer 1",right
701,532,1318,1032,166,317,"Primary visual area, layer 1",right
701,532,1303,1032,166,314,"Primary visual area, layer 1",right
701,535,1153,1033,168,281,"Primary visual area, layer 1",right
701,575,1032,1029,181,254,"Primary visual area, layer 1",right
701,643,860,1022,201,217,"Posterolateral visual area, layer 1",right
701,676,796,1020,209,203,"Posterolateral visual area, layer 1",right
701,718,740,1018,219,191,"Posterolateral visual area, layer 1",right
702,696,766,1018,213,197,"Posterolateral visual area, layer 1",right
702,708,750,1017,217,193,"Posterolateral visual area, layer 1",right
702,524,1260,1032,165,304,"Primary visual area, layer 1",right
702,527,1271,1032,165,306,"Primary visual area, layer 1",right
702,550,1085,1030,173,266,"Primary visual area, layer 1",right
702,612,909,1024,192,228,"Posterolateral visual area, layer 1",right
702,523,1303,1031,165,314,"Primary visual area, layer 1",right
702,524,1308,1031,165,315,"Primary visual area, layer 1",right
702,526,1287,1031,165,310,"Primary visual area, layer 1",right
702,533,1199,1032,168,291,"Primary visual area, layer 1",right
702,579,1001,1027,183,247,"Posterolateral visual area, layer 1",right
702,715,741,1017,218,191,"Posterolateral visual area, layer 1",right
703,759,685,1014,228,179,"Posterolateral visual area, layer 1",right
703,524,1241,1031,165,300,"Primary visual area, layer 1",right
703,533,1140,1031,169,278,"Primary visual area, layer 1",right
703,570,1034,1028,179,255,"Primary visual area, layer 1",right
703,614,899,1023,193,226,"Posterolateral visual area, layer 1",right
703,652,834,1020,202,212,"Posterolateral visual area, layer 1",right
703,821,606,1010,241,162,"Postrhinal area, layer 1",right
703,491,2537,1047,148,597,"Inferior colliculus, dorsal nucleus",left
703,519,1257,1031,163,303,"Primary visual area, layer 1",right
703,521,1321,1030,163,317,"Primary visual area, layer 1",right
703,561,1043,1028,177,257,"Primary visual area, layer 1",right
703,714,739,1016,218,191,"Posterolateral visual area, layer 1",right
704,728,720,1015,221,187,"Posterolateral visual area, layer 1",right
704,513,1300,1031,162,313,"Primary visual area, layer 1",right
704,602,919,1024,189,230,"Posterolateral visual area, layer 1",right
704,641,853,1021,200,216,"Posterolateral visual area, layer 1",right
704,512,1263,1031,161,305,"Primary visual area, layer 1",right
704,512,1291,1031,161,311,"Primary visual area, layer 1",right
704,514,1282,1031,162,309,"Primary visual area, layer 1",right
704,521,1329,1030,163,320,"Primary visual area, layer 1",right
704,523,1147,1031,166,279,"Primary visual area, layer 1",right
704,638,860,1021,200,217,"Posterolateral visual area, layer 1",right
704,660,805,1019,205,206,"Posterolateral visual area, layer 1",right
705,603,908,1023,190,228,"Posterolateral visual area, layer 1",right
705,630,869,1021,197,220,"Posterolateral visual area, layer 1",right
705,683,770,1018,211,198,"Posterolateral visual area, layer 1",right
705,519,1158,1031,164,282,"Primary visual area, layer 1",right
705,601,915,1024,189,229,"Posterolateral visual area, layer 1",right
705,602,914,1024,189,229,"Posterolateral visual area, layer 1",right
705,665,794,1019,206,204,"Posterolateral visual area, layer 1",right
705,2419,2650,974,614,614,"Pontine reticular nucleus, caudal part",left
706,670,786,1017,207,201,"Posterolateral visual area, layer 1",right
706,501,1279,1031,158,309,"Primary visual area, layer 1",right
706,508,1321,1030,161,318,"Primary visual area, layer 1",right
706,556,1031,1027,176,254,"Primary visual area, layer 1",right
706,651,823,1019,202,210,"Posterolateral visual area, layer 1",right
706,506,1341,1030,159,322,"Primary visual area, layer 1",right
706,546,1043,1028,173,258,"Primary visual area, layer 1",right
706,603,905,1022,190,227,"Posterolateral visual area, layer 1",right
707,593,915,1022,188,230,"Posterolateral visual area, layer 1",right
707,655,804,1017,204,206,"Posterolateral visual area, layer 1",right
707,716,727,1014,218,188,"Posterolateral visual area, layer 1",right
707,499,1298,1030,158,313,"Primary visual area, layer 1",right
707,512,1152,1030,162,280,"Primary visual area, layer 1",right
707,562,1005,1026,178,249,"Primary visual area, layer 1",right
707,642,843,1019,200,214,"Posterolateral visual area, layer 1",right
707,540,1049,1027,172,259,"Primary visual area, layer 1",right
707,606,891,1021,191,224,"Posterolateral visual area, layer 1",right
707,1879,1080,976,489,268,"Entorhinal area, medial part, dorsal zone, layer 1",right
709,513,1176,1030,163,286,"Primary visual area, layer 1",right
709,503,1158,1030,161,283,"Primary visual area, layer 1",right
709,513,1164,1030,163,284,"Primary visual area, layer 1",right
709,521,1090,1029,166,268,"Primary visual area, layer 1",right
709,559,989,1025,178,246,"Primary visual area, layer 1",right
709,611,876,1021,192,221,"Posterolateral visual area, layer 1",right
709,614,872,1020,193,220,"Posterolateral visual area, layer 1",right
708,497,1307,1030,157,314,"Primary visual area, layer 1",right
708,515,1136,1029,164,277,"Primary visual area, layer 1",right
708,544,1033,1027,173,256,"Primary visual area, layer 1",right
708,554,1015,1026,176,251,"Primary visual area, layer 1",right
708,587,926,1023,185,232,"Posterolateral visual area, layer 1",right
708,610,880,1021,192,222,"Posterolateral visual area, layer 1",right
708,629,856,1019,197,217,"Posterolateral visual area, layer 1",right
708,677,773,1016,208,199,"Posterolateral visual area, layer 1",right
708,495,1322,1030,157,318,"Primary visual area, layer 1",right
708,496,1291,1030,157,311,"Primary visual area, layer 1",right
708,511,1144,1030,162,279,"Primary visual area, layer 1",right
708,640,842,1019,200,213,"Posterolateral visual area, layer 1",right
708,641,841,1019,200,213,"Posterolateral visual area, layer 1",right
708,642,840,1019,200,213,"Posterolateral visual area, layer 1",right
708,643,839,1018,201,213,"Posterolateral visual area, layer 1",right
708,659,793,1017,205,204,"Posterolateral visual area, layer 1",right
710,491,1273,1029,156,308,"Primary visual area, layer 1",right
710,488,1286,1029,156,310,"Primary visual area, layer 1",right
710,527,1064,1027,168,262,"Primary visual area, layer 1",right
710,538,1028,1026,172,255,"Primary visual area, layer 1",right
710,595,900,1021,188,227,"Posterolateral visual area, layer 1",right
710,633,843,1018,198,215,"Posterolateral visual area, layer 1",right
710,507,1139,1029,161,278,"Primary visual area, layer 1",right
710,522,1072,1028,166,264,"Primary visual area, layer 1",right
710,569,961,1023,181,240,"Primary visual area, layer 1",right
710,601,887,1020,190,224,"Posterolateral visual area, layer 1",right
710,668,776,1016,207,200,"Posterolateral visual area, layer 1",right
711,485,1314,1028,154,317,"Primary visual area, layer 1",right
711,550,994,1024,175,247,"Primary visual area, layer 1",right
711,528,1048,1026,169,259,"Primary visual area, layer 1",right
712,483,1280,1029,154,309,"Primary visual area, layer 1",right
712,548,984,1024,175,245,"Primary visual area, layer 1",right
712,481,1298,1029,153,313,"Primary visual area, layer 1",right
712,504,1126,1028,161,275,"Primary visual area, layer 1",right
712,592,890,1020,187,225,"Posterolateral visual area, layer 1",right
712,611,865,1019,192,219,"Posterolateral visual area, layer 1",right
713,601,870,1019,190,220,"Posterolateral visual area, layer 1",right
713,2310,2615,975,586,608,Tegmental reticular nucleus,left
713,2402,2188,969,608,521,Tegmental reticular nucleus,right
713,2416,2576,971,611,599,Tegmental reticular nucleus,left
713,491,1154,1029,157,282,"Primary visual area, layer 1",right
713,597,882,1019,188,223,"Posterolateral visual area, layer 1",right
713,598,881,1019,190,223,"Posterolateral visual area, layer 1",right
713,2304,2665,975,586,618,Tegmental reticular nucleus,left
713,2345,2615,974,595,607,Tegmental reticular nucleus,left
713,2360,2258,972,598,536,Tegmental reticular nucleus,right
713,2384,2617,972,605,607,Tegmental reticular nucleus,left
713,2416,2520,971,611,588,Tegmental reticular nucleus,left
713,2445,2638,968,619,612,Tegmental reticular nucleus,left
713,2447,2653,968,619,616,Tegmental reticular nucleus,left
714,485,1210,1028,155,294,"Primary visual area, layer 1",right
714,517,1051,1026,165,260,"Primary visual area, layer 1",right
714,616,852,1017,193,216,"Posterolateral visual area, layer 1",right
714,622,841,1017,195,214,"Posterolateral visual area, layer 1",right
714,2403,2585,970,609,601,Tegmental reticular nucleus,left
715,588,887,1018,187,224,"Posterolateral visual area, layer 1",right
715,484,1156,1027,156,282,"Primary visual area, layer 1",right
715,518,1032,1024,167,255,"Primary visual area, layer 1",right
715,602,864,1017,190,220,"Posterolateral visual area, layer 1",right
715,604,863,1017,191,220,"Posterolateral visual area, layer 1",right
715,607,860,1017,191,218,"Posterolateral visual area, layer 1",right
715,2398,2609,969,608,606,Tegmental reticular nucleus,left
715,2438,2636,967,617,611,Tegmental reticular nucleus,left
717,462,1359,1027,148,327,"Primary visual area, layer 1",right
717,460,1326,1027,148,319,"Primary visual area, layer 1",right
717,477,1163,1028,153,284,"Primary visual area, layer 1",right
717,550,944,1021,176,237,"Primary visual area, layer 1",right
717,573,900,1019,183,227,"Posterolateral visual area, layer 1",right
717,577,896,1019,183,226,"Posterolateral visual area, layer 1",right
717,587,882,1018,186,223,"Posterolateral visual area, layer 1",right
717,588,881,1018,187,223,"Posterolateral visual area, layer 1",right
716,466,1347,1027,149,324,"Primary visual area, layer 1",right
716,573,904,1019,183,228,"Posterolateral visual area, layer 1",right
716,598,866,1017,190,220,"Posterolateral visual area, layer 1",right
716,509,1055,1025,164,261,"Primary visual area, layer 1",right
716,512,1044,1025,164,259,"Primary visual area, layer 1",right
718,636,807,1014,198,207,"Posterolateral visual area, layer 1",right
718,614,842,1015,193,214,"Posterolateral visual area, layer 1",right
718,461,1352,1026,148,325,"Primary visual area, layer 1",right
718,464,1236,1027,150,300,"Primary visual area, layer 1",right
718,517,1014,1023,166,253,"Primary visual area, layer 1",right
718,620,834,1015,195,213,"Posterolateral visual area, layer 1",right
718,520,1006,1023,168,250,"Primary visual area, layer 1",right
718,572,899,1018,182,228,"Primary visual area, layer 1",right
718,582,883,1018,185,224,"Posterolateral visual area, layer 1",right
719,501,1050,1023,162,260,"Primary visual area, layer 1",right
719,464,1214,1026,150,295,"Primary visual area, layer 1",right
719,473,1155,1026,153,283,"Primary visual area, layer 1",right
719,484,1460,1025,155,349,"Retrosplenial area, lateral agranular part, layer 1",right
719,589,870,1016,187,221,"Posterolateral visual area, layer 1",right
719,535,969,1020,172,243,"Primary visual area, layer 1",right
720,526,980,1021,169,245,"Primary visual area, layer 1",right
720,546,938,1019,175,236,"Primary visual area, layer 1",right
720,2426,2666,965,613,618,Tegmental reticular nucleus,left
723,466,1123,1024,151,277,"Primary visual area, layer 1",right
723,447,1235,1025,145,300,"Primary visual area, layer 1",right
723,482,1081,1023,156,267,"Primary visual area, layer 1",right
723,603,842,1013,191,215,"Posterolateral visual area, layer 1",right
723,439,1399,1025,143,336,"Primary visual area, layer 1",right
723,445,1248,1025,145,303,"Primary visual area, layer 1",right
723,503,1012,1021,164,252,"Primary visual area, layer 1",right
723,2330,2198,966,590,524,Tegmental reticular nucleus,right
723,2340,2609,968,592,607,Tegmental reticular nucleus,left
723,505,1007,1021,164,251,"Primary visual area, layer 1",right
723,512,998,1020,165,250,"Primary visual area, layer 1",right
723,522,973,1019,168,244,"Primary visual area, layer 1",right
721,463,1194,1026,150,291,"Primary visual area, layer 1",right
721,490,1065,1024,159,263,"Primary visual area, layer 1",right
721,548,929,1019,176,234,"Primary visual area, layer 1",right
721,2340,2225,968,593,529,Tegmental reticular nucleus,right
721,2412,2208,965,609,525,Tegmental reticular nucleus,right
721,498,1038,1023,162,258,"Primary visual area, layer 1",right
721,511,1008,1022,165,252,"Primary visual area, layer 1",right
721,516,1000,1022,166,250,"Primary visual area, layer 1",right
721,521,993,1022,168,248,"Primary visual area, layer 1",right
721,585,871,1016,186,221,"Posterolateral visual area, layer 1",right
721,2234,2457,976,565,576,Superior central nucleus raphe,left
721,2336,2329,971,591,551,Tegmental reticular nucleus,right
721,2371,2265,968,600,537,Tegmental reticular nucleus,right
721,2438,2689,964,617,623,Tegmental reticular nucleus,left
722,2387,2578,967,603,600,Tegmental reticular nucleus,left
724,490,1040,1022,159,258,"Primary visual area, layer 1",right
724,450,1203,1025,146,294,"Primary visual area, layer 1",right
724,503,1007,1021,164,251,"Primary visual area, layer 1",right
725,444,1222,1025,145,297,"Primary visual area, layer 1",right
725,453,1187,1025,148,289,"Primary visual area, layer 1",right
725,476,1066,1023,155,264,"Primary visual area, layer 1",right
725,524,957,1019,170,240,"Primary visual area, layer 1",right
726,521,958,1018,168,241,"Primary visual area, layer 1",right
726,447,1486,1024,145,355,"Retrosplenial area, lateral agranular part, layer 1",right
726,499,1007,1020,163,251,"Primary visual area, layer 1",right
726,452,1512,1024,146,361,"Retrosplenial area, lateral agranular part, layer 1",right
726,489,1027,1021,160,255,"Primary visual area, layer 1",right
726,535,931,1017,173,235,"Primary visual area, layer 1",right
730,464,1080,1021,152,267,"Primary visual area, layer 1",right
730,2423,2616,960,612,607,Tegmental reticular nucleus,left
730,2428,2543,961,612,593,Tegmental reticular nucleus,left
730,2403,2658,961,607,617,Tegmental reticular nucleus,left
727,482,1044,1020,157,260,"Primary visual area, layer 1",right
727,487,1027,1020,158,256,"Primary visual area, layer 1",right
727,1653,1333,980,440,330,root,right
729,488,1011,1019,160,252,"Primary visual area, layer 1",right
729,420,1310,1024,138,317,"Primary visual area, layer 1",right
729,469,1065,1021,154,264,"Primary visual area, layer 1",right
729,473,1050,1021,155,261,"Primary visual area, layer 1",right
729,482,1028,1020,157,257,"Primary visual area, layer 1",right
729,1635,1341,980,436,331,root,right
729,1016,944,991,281,232,"Entorhinal area, medial part, dorsal zone, layer 5",right
729,2308,2552,968,584,595,Tegmental reticular nucleus,left
729,2325,2646,966,588,614,Tegmental reticular nucleus,left
729,2354,2190,963,596,522,Tegmental reticular nucleus,right
729,2356,2236,964,595,531,Tegmental reticular nucleus,right
729,2395,2537,964,604,591,Tegmental reticular nucleus,left
729,2411,2283,963,608,541,Tegmental reticular nucleus,right
731,437,1169,1022,143,287,"Primary visual area, layer 1",right
731,670,1582,1016,199,373,brachium of the inferior colliculus,right
731,410,1350,1023,136,326,"Primary visual area, layer 1",right
731,412,1383,1023,136,334,"Primary visual area, layer 1",right
731,415,1290,1023,137,313,"Primary visual area, layer 1",right
731,446,1123,1021,146,277,"Primary visual area, layer 1",right
732,427,1211,1023,140,295,"Primary visual area, layer 1",right
732,439,1152,1022,145,283,"Primary visual area, layer 1",right
732,2408,2520,961,607,588,Tegmental reticular nucleus,left
732,2372,2631,962,598,611,Tegmental reticular nucleus,left
733,462,1061,1020,152,263,"Primary visual area, layer 1",right
733,509,953,1016,166,241,"Primary visual area, layer 1",right
733,411,1260,1023,136,306,"Primary visual area, layer 1",right
733,2351,2711,962,594,628,Tegmental reticular nucleus,left
734,429,1543,1023,142,370,"Retrosplenial area, lateral agranular part, layer 1",right
734,469,1032,1018,155,257,"Primary visual area, layer 1",right
735,401,1296,1022,134,314,"Primary visual area, layer 1",right
735,405,1269,1022,135,309,"Primary visual area, layer 1",right
735,415,1535,1022,138,368,"Retrosplenial area, lateral agranular part, layer 1",right
735,449,1086,1018,149,269,"Primary visual area, layer 1",right
736,396,1307,1022,132,317,"Primary visual area, layer 1",right
736,465,1027,1017,154,256,"Primary visual area, layer 1",right
737,423,1550,1022,141,371,"Retrosplenial area, lateral agranular part, layer 1",right
737,433,1123,1020,144,278,"Primary visual area, layer 1",right
737,2329,2661,962,588,617,Tegmental reticular nucleus,left
737,2382,2186,958,600,520,Tegmental reticular nucleus,right
737,2387,2292,960,601,543,Tegmental reticular nucleus,right
737,2408,2525,959,607,589,Tegmental reticular nucleus,left
737,2306,2573,964,581,600,Tegmental reticular nucleus,left
737,2336,2703,961,590,627,Tegmental reticular nucleus,left
737,2349,2250,961,593,534,Tegmental reticular nucleus,right
737,2364,2149,958,597,513,Tegmental reticular nucleus,right
737,2404,2647,958,606,614,Tegmental reticular nucleus,left
737,2413,2697,957,609,625,Tegmental reticular nucleus,left
738,486,982,1014,159,247,"Primary visual area, layer 1",right
738,2352,2584,960,592,602,Tegmental reticular nucleus,left
738,1444,1368,979,388,332,root,right
738,2365,2112,957,597,504,Tegmental reticular nucleus,right
738,2410,2565,958,607,597,Tegmental reticular nucleus,left
738,2422,2292,957,609,542,Tegmental reticular nucleus,right
738,2563,2481,948,644,579,Tegmental reticular nucleus,left
739,2321,2665,960,586,619,Tegmental reticular nucleus,left
739,2330,2634,960,588,612,Tegmental reticular nucleus,left
739,2451,2648,954,617,615,Tegmental reticular nucleus,left
740,1391,4077,994,364,958,"Entorhinal area, medial part, dorsal zone, layer 5",left
741,522,906,1011,169,231,"Primary visual area, layer 1",right
741,511,926,1011,166,235,"Primary visual area, layer 1",right
741,1549,1354,975,414,332,root,right
742,382,1304,1020,129,317,"Primary visual area, layer 1",right
742,397,1548,1021,134,372,"Retrosplenial area, lateral agranular part, layer 1",right
744,383,1469,1020,131,355,"Primary visual area, layer 1",right
745,371,1372,1020,127,332,"Primary visual area, layer 1",right
745,624,2251,1022,178,527,Midbrain,right
745,2312,2629,959,582,611,Tegmental reticular nucleus,left
745,2700,2092,932,679,495,Pontine gray,right
745,440,1908,1024,135,451,"Inferior colliculus, dorsal nucleus",right
745,2330,2265,958,587,538,Tegmental reticular nucleus,right
745,2393,2545,955,602,593,Tegmental reticular nucleus,left
745,2393,2616,955,603,608,Tegmental reticular nucleus,left
745,2413,2613,954,608,608,Tegmental reticular nucleus,left
745,2420,2478,954,609,580,medial lemniscus,left
745,2450,2618,952,616,609,Tegmental reticular nucleus,left
745,2451,2175,951,615,517,Tegmental reticular nucleus,right
748,557,841,1004,178,216,"Primary visual area, layer 1",right
748,363,1424,1019,126,345,"Primary visual area, layer 1",right
748,2408,2280,952,606,540,Tegmental reticular nucleus,right
746,412,1119,1016,138,277,"Primary visual area, layer 1",right
746,2300,2597,958,579,604,Tegmental reticular nucleus,left
746,2349,2691,955,592,624,Tegmental reticular nucleus,left
746,2430,2571,952,611,598,Tegmental reticular nucleus,left
746,2441,2664,951,614,619,Tegmental reticular nucleus,left
746,2370,2225,954,597,529,Tegmental reticular nucleus,right
746,2376,2474,956,597,580,Tegmental reticular nucleus,left
746,2394,2557,954,602,595,Tegmental reticular nucleus,left
746,2400,2113,952,604,505,Tegmental reticular nucleus,right
746,2401,2612,953,604,607,Tegmental reticular nucleus,left
747,467,3047,1034,133,707,"Inferior colliculus, external nucleus",left
747,2378,2157,952,599,514,Tegmental reticular nucleus,right
747,2420,2556,952,608,595,Tegmental reticular nucleus,left
747,2441,2176,950,612,517,Tegmental reticular nucleus,right
747,2334,2641,955,588,613,Tegmental reticular nucleus,left
747,2398,2479,953,603,581,medial lemniscus,left
751,406,1109,1014,137,276,"Primary visual area, layer 1",right
751,434,1036,1011,146,260,"Primary visual area, layer 1",right
753,514,886,1005,168,227,"Primary visual area, layer 1",right
753,2315,2672,954,583,620,Tegmental reticular nucleus,left
753,2345,2686,953,590,623,Tegmental reticular nucleus,left
753,2380,2597,951,598,604,Tegmental reticular nucleus,left
753,2391,2509,952,600,587,medial lemniscus,left
753,2409,2278,950,605,540,Tegmental reticular nucleus,right
753,2409,2700,949,606,627,Tegmental reticular nucleus,left
753,2422,2512,950,608,586,medial lemniscus,left
753,2465,2647,946,619,615,Tegmental reticular nucleus,left
753,2320,2665,954,584,619,Tegmental reticular nucleus,left
753,2326,2685,953,585,623,Tegmental reticular nucleus,left
753,2381,2587,952,598,602,Tegmental reticular nucleus,left
753,2389,2632,951,601,611,Tegmental reticular nucleus,left
753,2402,2731,950,604,633,Tegmental reticular nucleus,left
753,2444,2658,948,614,618,Tegmental reticular nucleus,left
752,441,1020,1010,147,256,"Primary visual area, layer 1",right
755,350,1446,1017,123,351,"Primary visual area, layer 1",right
755,2311,2526,954,580,590,Tegmental reticular nucleus,left
755,2415,2656,947,606,617,Tegmental reticular nucleus,left
755,346,1336,1016,121,325,"Primary visual area, layer 1",right
755,2333,2611,951,586,607,Tegmental reticular nucleus,left
755,2350,2558,951,590,597,Tegmental reticular nucleus,left
755,2363,2599,950,594,605,Tegmental reticular nucleus,left
755,2385,2632,949,599,611,Tegmental reticular nucleus,left
755,2458,2657,945,617,617,Tegmental reticular nucleus,left
755,2304,2513,954,578,588,Tegmental reticular nucleus,left
756,2311,2556,953,580,596,Tegmental reticular nucleus,left
756,2388,2489,950,600,583,medial lemniscus,left
757,348,1267,1016,122,310,"Primary visual area, layer 1",right
757,343,1336,1016,121,325,"Primary visual area, layer 1",right
754,2372,2168,950,596,517,Tegmental reticular nucleus,right
754,2411,2593,949,605,604,Tegmental reticular nucleus,left
754,2431,2150,947,609,512,Tegmental reticular nucleus,right
754,2431,2707,947,611,628,Tegmental reticular nucleus,left
754,2696,2507,932,676,584,Pons,left
754,2387,2631,950,599,611,Tegmental reticular nucleus,left
754,2695,2492,932,676,581,Pons,left
759,336,1375,1015,119,335,"Primary visual area, layer 1",right
759,517,868,1001,168,224,"Primary visual area, layer 1",right
760,338,1416,1015,121,344,"Primary visual area, layer 1",right
760,2355,2556,949,590,596,Tegmental reticular nucleus,left
761,2290,2528,952,574,591,Tegmental reticular nucleus,left
761,2299,2568,951,577,600,Tegmental reticular nucleus,left
761,2440,2644,944,612,615,Tegmental reticular nucleus,left
761,2464,2632,942,618,612,Tegmental reticular nucleus,left
761,2749,2107,921,693,498,Pons,right
761,1736,1347,961,453,332,root,right
761,2353,2647,948,591,615,Tegmental reticular nucleus,left
761,2385,2726,947,599,632,Tegmental reticular nucleus,left
761,2404,2294,946,603,543,Tegmental reticular nucleus,right
761,2413,2657,945,606,617,Tegmental reticular nucleus,left
761,2439,2666,944,612,619,Tegmental reticular nucleus,left
762,2413,2613,944,605,608,Tegmental reticular nucleus,left
762,2340,2654,948,587,617,Tegmental reticular nucleus,left
762,2351,2570,948,589,599,Tegmental reticular nucleus,left
762,2351,2121,946,590,506,Tegmental reticular nucleus,right
762,2352,2607,948,589,607,Tegmental reticular nucleus,left
762,2377,2638,946,596,614,Tegmental reticular nucleus,left
762,2431,2649,943,609,616,Tegmental reticular nucleus,left
762,2659,2466,929,667,576,Pons,left
762,2738,2086,921,691,494,Pons,right
762,2677,2557,929,670,596,Pontine gray,left
763,1424,977,961,377,244,"Entorhinal area, medial part, dorsal zone, layer 5",right
763,2467,2024,939,617,485,Tegmental reticular nucleus,right
763,2476,2633,940,620,613,Tegmental reticular nucleus,left
764,2386,2213,944,598,527,Tegmental reticular nucleus,right
764,2391,2259,945,599,536,Tegmental reticular nucleus,right
764,434,996,1005,146,252,"Primary visual area, layer 1",right
765,2739,2089,920,690,496,Pontine gray,right
765,2576,1986,930,645,475,Tegmental reticular nucleus,right
766,2681,2528,927,672,590,Pontine gray,left
768,2622,2571,929,656,599,Pontine gray,left
769,2311,2499,947,578,586,Tegmental reticular nucleus,left
769,2350,2137,943,590,510,Tegmental reticular nucleus,right
769,2363,2648,943,592,616,Tegmental reticular nucleus,left
769,2369,2232,943,594,530,Tegmental reticular nucleus,right
769,2390,2256,942,599,535,Tegmental reticular nucleus,right
769,2424,2267,941,607,537,Tegmental reticular nucleus,right
769,2431,2618,940,608,610,Tegmental reticular nucleus,left
769,2455,2649,939,614,616,Tegmental reticular nucleus,left
769,2630,2485,928,659,580,Pontine gray,left
769,2657,2045,923,666,487,Pontine gray,right
769,2334,2174,944,586,518,Tegmental reticular nucleus,right
769,2369,2296,944,594,544,Tegmental reticular nucleus,right
769,2386,2743,943,598,637,Tegmental reticular nucleus,left
769,2453,2398,939,615,564,Tegmental reticular nucleus,right
769,2654,2546,927,665,594,Pontine gray,left
769,2682,2538,926,672,593,Pontine gray,left
769,2709,2146,921,680,506,Pontine gray,right
770,2639,2482,926,662,579,Pontine gray,left
770,2355,2351,944,590,555,Tegmental reticular nucleus,right
770,2401,2496,941,601,584,medial lemniscus,left
770,2422,2589,940,605,604,Tegmental reticular nucleus,left
770,2451,2269,938,613,537,Tegmental reticular nucleus,right
770,2652,2532,926,664,590,Pontine gray,left
770,2679,1933,919,677,466,Pontine gray,right
770,2331,2149,943,585,513,Tegmental reticular nucleus,right
771,2626,2471,926,658,577,Pontine gray,left
771,2353,2742,942,590,636,Tegmental reticular nucleus,left
771,2436,2265,938,609,537,Tegmental reticular nucleus,right
771,2602,2509,927,651,586,Pontine gray,left
771,2339,2607,943,585,607,Tegmental reticular nucleus,left
771,2363,2573,942,591,601,Tegmental reticular nucleus,left
772,2366,2731,941,593,634,Tegmental reticular nucleus,left
772,2369,2715,941,594,631,Tegmental reticular nucleus,left
772,2687,2281,922,674,534,Pontine gray,right
773,2288,2602,945,573,606,Tegmental reticular nucleus,left
773,2628,2477,925,659,578,Pontine gray,left
773,2647,2338,924,663,548,Pontine gray,right
774,2662,2527,923,667,589,Pontine gray,left
775,525,2670,1015,146,624,"Superior colliculus, optic layer",left
775,1242,1343,959,331,324,Presubiculum,right
776,2301,2324,943,575,550,Tegmental reticular nucleus,right
777,1910,1083,942,488,266,Parasubiculum,right
777,2326,2614,941,581,609,Tegmental reticular nucleus,left
777,2342,2721,940,586,632,Tegmental reticular nucleus,left
777,2307,2280,942,577,541,Tegmental reticular nucleus,right
777,2320,2572,942,580,600,Tegmental reticular nucleus,left
777,2331,2339,942,583,553,Tegmental reticular nucleus,right
777,2427,2175,936,606,517,Tegmental reticular nucleus,right
777,2455,2544,934,614,594,medial lemniscus,left
777,2482,1943,931,620,468,Pons,right
777,2492,1993,931,622,478,Tegmental reticular nucleus,right
777,2653,2451,922,666,572,Pons,left
778,2335,2705,940,584,629,Tegmental reticular nucleus,left
778,2359,2625,939,590,611,Tegmental reticular nucleus,left
778,2365,2522,939,591,590,medial lemniscus,left
778,2412,2282,936,602,540,Tegmental reticular nucleus,right
778,2572,2435,925,644,570,Pons,right
778,2654,2473,921,666,578,Pons,left
779,2349,2320,939,587,549,Tegmental reticular nucleus,right
779,2440,2197,933,609,521,Tegmental reticular nucleus,right
779,2665,2525,920,668,590,Pontine gray,left
779,2356,2252,938,589,535,Tegmental reticular nucleus,right
779,2709,2535,918,680,592,Pontine gray,left
779,2712,2174,916,680,512,Pontine gray,right
780,2458,2190,932,613,520,Tegmental reticular nucleus,right
780,2662,2496,920,667,583,Pontine gray,left
780,2575,2428,924,645,569,Pons,right
781,2320,2569,940,579,600,Tegmental reticular nucleus,left
781,2689,2547,919,674,594,Pontine gray,left
781,2622,2514,922,656,587,Pontine gray,left
783,2320,2570,938,579,600,Tegmental reticular nucleus,left
786,2331,2129,934,583,509,Tegmental reticular nucleus,right
786,2338,2155,934,585,514,Tegmental reticular nucleus,right
786,2647,2541,918,662,593,Pontine gray,left
786,2615,2504,919,655,585,Pontine gray,left
786,2691,2542,916,674,593,Pontine gray,left
786,2744,2743,916,690,638,Pons,left
786,2755,2603,915,691,608,Pons,left
784,2611,2480,920,654,580,Pontine gray,left
784,2321,2580,938,579,602,Tegmental reticular nucleus,left
785,2338,2266,936,584,538,Tegmental reticular nucleus,right
785,2631,2443,918,660,572,Pons,left
785,2680,2529,917,672,591,Pontine gray,left
785,2352,2312,936,587,547,Tegmental reticular nucleus,right
785,2365,2577,935,590,601,Tegmental reticular nucleus,left
785,2382,2064,934,595,494,Tegmental reticular nucleus,right
785,2449,2585,930,611,603,Tegmental reticular nucleus,left
785,2452,2296,931,612,543,medial lemniscus,right
787,2441,2224,929,608,528,Tegmental reticular nucleus,right
788,2642,2544,917,661,594,Pontine gray,left
788,2734,2522,913,687,589,Pons,left
788,2343,2672,934,585,622,Tegmental reticular nucleus,left
788,2488,2271,926,621,536,Tegmental reticular nucleus,right
788,2624,2283,917,657,536,Pontine gray,right
788,2700,2601,916,676,607,Pontine gray,left
789,2600,2387,918,652,559,Pontine gray,right
789,2410,2018,930,602,484,Tegmental reticular nucleus,right
789,2704,2167,912,678,511,Pontine gray,right
790,2493,2128,925,620,506,Tegmental reticular nucleus,right
790,2622,2499,916,656,584,Pontine gray,left
791,2727,2126,909,684,503,Pontine gray,right
793,2306,2612,934,574,609,Tegmental reticular nucleus,left
793,2350,2707,932,586,629,Tegmental reticular nucleus,left
793,2415,2036,928,602,487,Tegmental reticular nucleus,right
793,2460,2260,926,613,535,Tegmental reticular nucleus,right
793,2582,2493,917,645,583,Pontine gray,left
793,2632,2500,915,659,584,Pontine gray,left
793,2327,2549,933,579,597,Tegmental reticular nucleus,left
793,2348,2290,932,586,543,Tegmental reticular nucleus,right
793,2364,2219,930,590,528,Tegmental reticular nucleus,right
793,2470,2231,925,615,528,Tegmental reticular nucleus,right
793,2721,2555,913,682,597,Pontine gray,left
794,2521,1977,920,629,474,Tegmental reticular nucleus,right
794,2614,2499,914,655,584,Pontine gray,left
794,2615,2523,915,654,590,Pontine gray,left
794,2669,2238,911,668,526,Pontine gray,right
794,2349,2732,931,586,635,Tegmental reticular nucleus,left
794,2740,2689,913,687,627,Pontine gray,left
795,2315,2244,930,577,534,Tegmental reticular nucleus,right
795,2372,2612,928,590,609,Tegmental reticular nucleus,left
795,2716,2150,908,681,508,Pontine gray,right
795,2328,2274,930,580,540,Tegmental reticular nucleus,right
795,2591,2485,914,648,581,Pontine gray,left
795,2690,2537,911,674,592,Pontine gray,left
795,2715,2536,910,681,592,Pontine gray,left
796,2444,2080,925,608,496,Tegmental reticular nucleus,right
796,2454,1911,923,613,461,Pons,right
796,2620,2496,913,656,583,Pontine gray,left
796,2742,2657,912,686,619,Pontine gray,left
796,2749,2601,911,689,607,Pons,left
796,2719,2159,907,682,510,Pontine gray,right
796,2725,2152,907,684,508,Pontine gray,right
797,2644,2512,912,662,587,Pontine gray,left
797,2658,2503,911,666,585,Pontine gray,left
797,2703,2517,910,678,588,Pontine gray,left
797,1875,869,934,481,221,Subiculum,right
797,2591,2449,914,649,574,Pontine gray,left
797,2705,2172,908,678,512,Pontine gray,right
798,2706,2151,907,678,508,Pontine gray,right
799,2561,2022,915,637,483,Tegmental reticular nucleus,right
799,2714,2126,906,681,503,Pontine gray,right
800,2488,2231,920,619,528,Tegmental reticular nucleus,right
800,2599,2525,912,650,590,Pontine gray,left
800,2694,2163,907,675,511,Pontine gray,right
801,2376,2643,926,591,617,Tegmental reticular nucleus,left
801,2438,2116,923,606,504,Tegmental reticular nucleus,right
801,2569,2268,914,641,535,Pontine gray,right
801,2591,2447,912,648,573,Pontine gray,left
801,2677,2324,907,671,545,Pontine gray,right
802,2376,2693,925,591,628,Tegmental reticular nucleus,left
802,2391,2512,924,595,589,medial lemniscus,left
802,2406,2653,923,598,619,Tegmental reticular nucleus,left
802,2423,2804,924,604,652,Tegmental reticular nucleus,left
802,2335,2748,927,581,640,Tegmental reticular nucleus,left
802,2413,2208,923,600,525,Tegmental reticular nucleus,right
802,2711,2687,910,678,626,Pontine gray,left
802,2722,2152,905,682,508,Pontine gray,right
803,2338,2630,926,581,614,Tegmental reticular nucleus,left
803,2363,2053,924,589,492,Tegmental reticular nucleus,right
803,2608,1959,908,653,472,Pontine gray,right
804,2737,2551,906,685,596,Pontine gray,left
804,2590,2525,911,647,590,Pontine gray,left
804,2643,2513,908,662,588,Pontine gray,left
804,2575,2446,910,644,573,Pontine gray,left
804,2586,2085,912,643,496,Pontine gray,right
804,2605,2520,910,651,589,Pontine gray,left
805,2569,2492,911,642,583,Pontine gray,left
806,2621,2517,908,655,588,Pontine gray,left
809,2325,2636,924,577,615,Tegmental reticular nucleus,left
809,2691,2555,906,673,597,Pontine gray,left
809,2697,2107,903,674,500,Pontine gray,right
809,2707,2130,903,677,505,Pontine gray,right
809,2349,2495,924,584,586,Tegmental reticular nucleus,left
809,2527,2230,913,627,527,Tegmental reticular nucleus,right
809,2557,2172,912,634,514,Tegmental reticular nucleus,right
809,2727,2720,907,682,633,Pontine gray,left
810,2392,2581,920,593,604,Tegmental reticular nucleus,left
810,2592,2492,907,647,583,Pontine gray,left
810,2663,2536,905,666,593,Pontine gray,left
810,2675,2566,905,668,599,Pontine gray,left
810,2730,2523,903,684,590,Pons,left
810,2734,2776,906,685,645,Pontine gray,left
810,2368,2586,921,588,605,Tegmental reticular nucleus,left
811,2335,2618,922,579,612,Tegmental reticular nucleus,left
811,2407,2528,918,597,593,medial lemniscus,left
811,2528,2246,911,629,530,Pontine gray,right
811,2711,2559,903,678,598,Pontine gray,left
811,976,1280,955,260,313,Postsubiculum,right
811,2485,2791,916,618,650,corticospinal tract,left
812,2600,2325,905,650,546,Pontine gray,right
812,2608,2491,905,653,583,Pontine gray,left
812,2627,2480,904,657,580,Pontine gray,left
812,2657,2346,902,666,550,Pontine gray,right
812,2713,2534,903,680,593,Pontine gray,left
812,2437,2136,917,604,508,Tegmental reticular nucleus,right
813,2598,2397,904,651,562,Pontine gray,right
813,2638,2516,904,660,588,Pontine gray,left
813,2663,2531,904,666,592,Pontine gray,left
814,2568,2484,906,642,582,Pontine gray,left
814,2658,2507,902,666,586,Pontine gray,left
814,2658,2628,905,663,614,Pontine gray,left
814,2691,2583,904,672,604,Pontine gray,left
815,2606,2523,904,650,591,Pontine gray,left
817,2596,2539,904,647,594,Pontine gray,left
817,1806,979,929,461,246,Subiculum,right
817,2336,2732,920,579,636,Tegmental reticular nucleus,left
817,2415,2645,915,599,618,Tegmental reticular nucleus,left
817,2534,2546,908,631,596,Pontine gray,left
817,2611,2143,905,649,508,Pontine gray,right
817,2655,2656,905,661,619,Pontine gray,left
818,2383,2237,915,591,531,Tegmental reticular nucleus,right
818,2571,2456,903,642,576,Pontine gray,left
818,2605,2584,904,648,604,Pontine gray,left
818,2638,2572,903,658,601,Pontine gray,left
818,2676,2256,899,669,530,Pontine gray,right
819,2597,2517,902,647,589,Pontine gray,left
819,1324,1018,939,342,261,Presubiculum,right
819,2499,2548,907,621,597,Pontine gray,left
819,2660,2530,900,664,592,Pontine gray,left
819,2429,2281,912,603,540,medial lemniscus,right
819,2673,2164,899,668,512,Pontine gray,right
819,2698,2683,903,673,626,Pontine gray,left
819,2714,2632,901,677,614,Pontine gray,left
820,2664,2590,902,664,605,Pontine gray,left
820,2688,2608,902,671,610,Pontine gray,left
820,2695,2535,899,674,593,Pontine gray,left
820,2711,2154,897,678,510,Pontine gray,right
820,1225,1145,938,317,289,Presubiculum,right
820,2575,2527,903,642,591,Pontine gray,left
820,2731,2713,902,681,632,Pontine gray,left
821,2664,2501,899,667,585,Pontine gray,left
821,2690,2153,898,672,510,Pontine gray,right
821,2696,2673,903,672,624,Pontine gray,left
821,2718,2214,896,682,521,Pontine gray,right
821,2718,2551,899,680,596,Pontine gray,left
821,2731,2586,900,682,604,Pontine gray,left
821,1325,1017,940,342,260,Subiculum,right
821,2630,2594,903,655,606,Pontine gray,left
821,2724,2686,902,680,626,Pontine gray,left
823,2595,2489,899,648,583,Pontine gray,left
822,2661,2537,899,664,593,Pontine gray,left
822,2674,2627,901,666,613,Pontine gray,left
822,2708,2732,902,676,636,Pontine gray,left
822,2699,2283,896,677,536,Pontine gray,right
824,2695,2672,901,671,623,Pontine gray,left
825,2651,2551,899,661,596,Pontine gray,left
825,2667,2602,900,664,608,Pontine gray,left
825,2578,2473,900,644,580,Pontine gray,left
825,2584,2565,901,643,600,Pontine gray,left
825,2597,2331,899,648,548,Pontine gray,right
825,2669,2675,901,664,624,Pontine gray,left
825,2709,2247,895,679,528,Pontine gray,right
826,2439,2173,909,604,517,Tegmental reticular nucleus,right
826,2590,2206,900,643,521,Pontine gray,right
826,2605,2471,897,651,579,Pontine gray,left
826,2711,2316,893,680,543,Pons,right
826,2399,2552,910,594,598,medial lemniscus,left
826,2703,2668,900,674,623,Pontine gray,left
827,2599,2479,897,649,581,Pontine gray,left
827,2614,2514,897,652,589,Pontine gray,left
827,2551,2246,901,633,530,Pontine gray,right
827,2631,2494,896,657,584,Pontine gray,left
827,2663,2665,900,662,622,Pontine gray,left
827,2682,2517,895,670,589,Pontine gray,left
827,2733,2527,894,684,591,Pons,left
828,2539,2040,902,630,487,Pontine gray,right
828,2582,2502,898,643,586,Pontine gray,left
828,2696,2530,895,673,592,Pontine gray,left
828,2703,2187,894,676,516,Pontine gray,right
829,2583,2559,899,643,599,Pontine gray,left
829,2600,2502,897,648,586,Pontine gray,left
829,2638,2538,897,658,594,Pontine gray,left
829,2695,2276,893,675,534,Pontine gray,right
829,2698,2573,897,673,602,Pontine gray,left
829,2639,2183,897,657,516,Pontine gray,right
829,2642,2634,900,656,615,Pontine gray,left
830,2616,2486,895,653,582,Pontine gray,left
830,2557,2520,899,635,590,Pontine gray,left
830,2601,2583,899,646,604,Pontine gray,left
830,2604,2527,897,649,591,Pontine gray,left
830,2685,2678,898,668,625,Pontine gray,left
830,2700,2616,897,672,611,Pontine gray,left
831,2675,2616,897,665,611,Pontine gray,left
833,2642,2637,898,655,615,Pontine gray,left
833,2719,2559,894,679,599,Pontine gray,left
833,2635,2673,899,654,624,Pontine gray,left
834,2562,2510,896,637,588,Pontine gray,left
834,2598,2482,894,648,581,Pontine gray,left
834,2628,2578,896,654,603,Pontine gray,left
834,2655,2629,896,659,614,Pontine gray,left
834,2677,2604,895,665,609,Pontine gray,left
834,2367,2634,908,584,616,Tegmental reticular nucleus,left
834,2686,2637,896,667,615,Pontine gray,left
835,2643,2598,895,657,608,Pontine gray,left
835,2538,2371,895,632,558,Pontine gray,right
835,2579,2396,893,644,563,Pons,right
835,2605,2566,895,647,600,Pontine gray,left
836,2654,2666,896,659,622,Pontine gray,left
836,2665,2659,896,661,621,Pontine gray,left
836,2671,2193,892,666,518,Pontine gray,right
836,2672,2656,896,663,620,Pontine gray,left
836,2684,2723,896,667,635,Pontine gray,left
837,2538,2244,897,630,530,Pontine gray,right
837,2564,2456,894,639,576,Pontine gray,left
837,2579,2522,895,641,590,Pontine gray,left
837,2612,2213,894,648,522,Pontine gray,right
837,2644,2186,893,658,516,Pontine gray,right
837,2652,2201,892,660,519,Pontine gray,right
837,2695,2543,892,672,595,Pontine gray,left
837,2404,2578,905,594,605,medial lemniscus,left
837,2617,2600,896,649,608,Pontine gray,left
837,2657,2677,896,659,624,Pontine gray,left
837,2700,2603,894,672,609,Pontine gray,left
838,2655,2513,891,662,589,Pontine gray,left
838,2662,2585,893,661,604,Pontine gray,left
838,2708,2600,893,674,608,Pontine gray,left
838,2586,2313,893,644,545,Pontine gray,right
838,2611,2555,894,648,598,Pontine gray,left
839,2672,2679,894,662,625,Pontine gray,left
839,2597,2533,893,645,594,Pontine gray,left
841,1828,957,919,464,242,Subiculum,right
841,2531,2196,897,626,519,Pontine gray,right
841,2680,2788,895,666,649,Pontine gray,left
841,2699,2586,892,672,604,Pontine gray,left
841,2543,2553,895,631,598,Pontine gray,left
841,2682,2601,893,666,608,Pontine gray,left
842,2575,2525,892,639,592,Pontine gray,left
842,2610,2235,891,648,527,Pontine gray,right
842,2666,2143,889,663,508,Pontine gray,right
842,2678,2640,893,665,617,Pontine gray,left
842,2499,1993,897,619,478,Pontine gray,right
842,2621,2603,893,649,609,Pontine gray,left
842,2664,2161,889,663,511,Pontine gray,right
843,2692,2672,892,667,623,Pontine gray,left
843,2627,2488,888,654,583,Pontine gray,left
843,2646,2174,889,657,514,Pontine gray,right
843,2658,2595,891,660,607,Pontine gray,left
843,2622,2655,893,648,620,Pontine gray,left
844,2636,2167,890,654,512,Pontine gray,right
844,2676,2526,888,666,591,Pontine gray,left
844,2682,2720,893,664,634,Pontine gray,left
844,2571,2540,892,637,595,Pontine gray,left
844,2675,2183,888,666,516,Pontine gray,right
845,2568,2464,890,639,578,Pontine gray,left
845,2675,2581,890,664,603,Pontine gray,left
845,2691,2540,889,670,594,Pontine gray,left
845,2546,2563,893,630,601,Pontine gray,left
845,2578,2575,892,639,603,Pontine gray,left
845,2657,2645,892,658,618,Pontine gray,left
846,2633,2171,889,654,513,Pontine gray,right
846,2664,2530,888,663,592,Pontine gray,left
846,2675,2533,888,666,593,Pontine gray,left
849,2565,2503,889,636,587,Pontine gray,left
849,2611,2187,889,647,516,Pontine gray,right
849,2474,2138,896,611,508,Tegmental reticular nucleus,right
849,2578,2496,888,641,585,Pontine gray,left
849,2657,2705,892,657,631,Pontine gray,left
849,2667,2175,886,663,514,Pontine gray,right
850,453,2350,982,129,551,"Superior colliculus, superficial gray layer",right
850,2571,2194,890,636,519,Pontine gray,right
851,2603,2559,887,645,599,Pontine gray,left
851,2621,2142,887,649,507,Pontine gray,right
851,2640,2177,886,655,514,Pontine gray,right
852,2499,2537,891,618,595,Pontine gray,left
852,2545,2540,889,629,595,Pontine gray,left
852,2613,2174,887,648,514,Pontine gray,right
852,2599,2285,886,646,538,Pontine gray,right
852,2674,2687,889,662,626,Pontine gray,left
853,2644,2186,885,657,516,Pontine gray,right
853,2654,2608,888,657,610,Pontine gray,left
853,2655,2693,890,656,629,Pontine gray,left
853,2705,2679,889,670,625,Pontine gray,left
854,2629,2587,887,651,605,Pontine gray,left
854,2653,2621,887,657,612,Pontine gray,left
854,2579,2534,887,639,594,Pontine gray,left
857,2583,2602,887,638,608,Pontine gray,left
857,2616,2583,886,646,605,Pontine gray,left
858,2583,2163,886,639,512,Pontine gray,right
858,2582,2548,885,638,597,Pontine gray,left
858,2662,2606,885,658,609,Pontine gray,left
858,2594,2187,885,642,516,Pontine gray,right
858,2615,2207,884,648,520,Pontine gray,right
858,2619,2700,888,646,630,Pontine gray,left
858,2641,2801,888,652,652,Pontine gray,left
858,2641,2583,885,653,605,Pontine gray,left
859,2664,2219,880,662,523,Pontine gray,right
859,2529,2266,886,625,535,Pontine gray,right
859,2615,2217,883,648,522,Pontine gray,right
859,2624,2650,886,647,619,Pontine gray,left
859,2633,2559,883,652,599,Pontine gray,left
859,2643,2637,885,653,616,Pontine gray,left
859,2655,2696,887,655,629,Pontine gray,left
859,2681,2690,886,662,628,Pontine gray,left
859,2577,2225,884,637,525,Pontine gray,right
859,2648,2737,887,654,638,Pontine gray,left
863,2617,2188,881,647,517,Pontine gray,right
863,2048,1519,908,515,371,root,right
861,2584,2132,885,638,505,Pontine gray,right
861,2660,2640,885,657,617,Pontine gray,left
861,2585,2201,884,639,519,Pontine gray,right
860,2598,2487,882,645,583,Pontine gray,left
860,2626,2685,887,647,627,Pontine gray,left
860,2664,2673,886,658,624,Pontine gray,left
862,2634,2154,881,652,509,Pontine gray,right
862,2677,2663,885,660,622,Pontine gray,left
862,2632,2615,884,649,611,Pontine gray,left
862,2705,2727,885,668,635,Pontine gray,left
865,2669,2099,879,662,498,Pontine gray,right
865,2651,2602,883,654,608,Pontine gray,left
866,2581,2507,880,638,587,Pontine gray,left
866,2652,2567,881,655,600,Pontine gray,left
866,2589,2204,881,640,520,Pontine gray,right
867,2560,2182,882,631,515,Pontine gray,right
867,2597,2297,878,643,540,Pontine gray,right
867,2655,2134,878,657,505,Pontine gray,right
867,2663,2541,879,659,595,Pontine gray,left
867,2652,2757,884,653,642,Pontine gray,left
871,2633,2267,875,653,533,Pontine gray,right
868,2577,2123,881,635,503,Pontine gray,right
868,2659,2203,877,660,520,Pontine gray,right
869,2591,2153,881,639,510,Pontine gray,right
869,2632,2157,879,650,509,Pontine gray,right
870,2611,2168,879,645,513,Pontine gray,right
870,2635,2644,882,648,618,Pontine gray,left
870,2676,2596,879,660,607,Pontine gray,left
872,2605,2202,878,643,519,Pontine gray,right
874,2584,2110,878,637,500,Pontine gray,right
874,2602,2155,877,641,509,Pontine gray,right
874,1855,902,903,468,232,Prosubiculum,right
874,2606,2211,877,643,521,Pontine gray,right
874,2614,2670,881,642,624,Pontine gray,left
873,2412,2517,886,592,591,Pontine gray,left
873,2635,2268,875,653,534,Pontine gray,right
873,1854,903,904,468,233,Prosubiculum,right
873,2526,2261,880,622,533,Pontine gray,right
875,1856,901,902,467,232,Prosubiculum,right
875,2599,2656,880,638,620,Pontine gray,left
875,2606,2144,876,643,507,Pontine gray,right
875,2651,2665,879,651,622,Pontine gray,left
876,2635,2160,875,651,510,Pontine gray,right
876,2593,2611,879,637,610,Pontine gray,left
877,2602,2603,879,639,609,Pontine gray,left
877,2679,2627,878,660,613,Pontine gray,left
878,2591,2108,876,638,500,Pontine gray,right
878,1976,1021,895,496,254,Prosubiculum,right
878,2648,2150,873,655,508,Pons,right
882,2587,2615,877,634,612,Pontine gray,left
882,2599,2686,878,637,627,Pontine gray,left
881,2625,2137,874,648,505,Pontine gray,right
885,2604,2681,877,638,626,Pontine gray,left
888,2588,2654,875,633,620,Pontine gray,left
890,2543,2063,872,626,490,Pontine gray,right
890,2570,2240,871,632,528,Pontine gray,right
889,2561,2657,876,626,620,Pontine gray,left
891,2557,2163,871,628,511,Pontine gray,right
894,506,2815,972,117,649,"Superior colliculus, superficial gray layer",left
894,2616,2693,873,639,629,Pontine gray,left
893,2573,2177,870,633,513,Pontine gray,right
895,2564,2193,869,630,518,Pontine gray,right
895,2599,2728,873,635,637,Pontine gray,left
898,2578,2572,869,631,602,Pontine gray,left
905,2597,2683,869,632,627,Pontine gray,left
930,276,2140,942,77,502,"Retrosplenial area, dorsal part, layer 1",right
939,534,1688,939,150,405,"Retrosplenial area, dorsal part, layer 5",right
959,1157,1411,897,290,350,root,right
969,120,2042,928,47,481,"Retrosplenial area, lateral agranular part, layer 1",right
985,916,3423,906,226,794,Postsubiculum,left
993,509,2682,923,109,625,"Superior colliculus, zonal layer",left
1014,1775,3542,859,427,819,"Dentate gyrus, molecular layer",left
1017,483,2119,899,125,499,"Superior colliculus, zonal layer",right
1024,623,2430,895,151,571,"Superior colliculus, zonal layer",left
1030,571,2692,902,122,630,"Superior colliculus, zonal layer",left
1033,535,2288,893,135,539,"Superior colliculus, superficial gray layer",right
1033,756,2423,887,178,570,"Superior colliculus, zonal layer",right
1039,67,2033,896,30,481,"Retrosplenial area, dorsal part, layer 1",right
1038,695,2983,894,163,696,"Superior colliculus, zonal layer",left
1043,246,2144,889,70,503,"Retrosplenial area, dorsal part, layer 5",right
1044,513,2181,887,130,513,"Superior colliculus, zonal layer",right
1047,555,2015,884,142,474,"Retrosplenial area, ventral part, layer 1",right
1053,2666,1992,788,639,473,Lateral mammillary nucleus,right
1058,477,2007,878,123,471,"Retrosplenial area, ventral part, layer 5",right
1057,2457,2000,802,588,478,Midbrain,right
1065,178,1959,880,58,465,"Retrosplenial area, lateral agranular part, layer 5",right
1073,2741,2058,774,656,489,Ventral premammillary nucleus,right
1081,2378,2374,798,566,561,Supramammillary nucleus,right
1086,1109,1566,850,273,386,root,right
1089,2723,1967,767,651,468,"Tuberomammillary nucleus, ventral part",right
1091,478,2641,875,98,622,"Retrosplenial area, ventral part, layer 5",left
1091,906,2419,858,206,570,"Superior colliculus, motor related, intermediate gray layer",right
1090,601,2264,865,144,534,"Superior colliculus, zonal layer",right
1099,2494,2788,783,592,650,Lateral hypothalamic area,left
1105,2754,2764,764,653,650,Ventral premammillary nucleus,left
1107,2356,387,756,573,140,Piriform area,right
1114,695,2199,854,163,520,"Superior colliculus, superficial gray layer",right
1129,538,2297,850,128,542,"Retrosplenial area, ventral part, layer 1",right
1149,2014,2534,786,475,595,Midbrain,left
1149,2739,1685,735,650,407,root,right
1153,2824,2837,739,668,668,"Tuberomammillary nucleus, ventral part",left
1156,869,1846,829,203,439,Subiculum,right
1171,2468,2653,752,580,619,Posterior hypothalamic nucleus,left
1179,2504,2677,747,588,625,Posterior hypothalamic nucleus,left
1187,1087,2544,806,241,597,Medial pretectal area,left
1195,2590,2705,734,607,633,Posterior hypothalamic nucleus,left
1220,950,2879,801,206,673,Subiculum,left
1244,2529,2363,716,594,559,Hypothalamus,right
1273,2365,1804,704,555,441,Lateral hypothalamic area,right
1283,2658,3037,689,616,700,Lateral hypothalamic area,left
1290,2156,494,682,502,161,"Agranular insular area, posterior part, layer 5",right
1345,2033,614,666,469,183,"Visceral area, layer 6b",right
1349,2036,580,663,468,176,"Visceral area, layer 6a",right
1359,3052,1529,620,709,385,"Nucleus of the lateral olfactory tract, molecular layer",right
1362,1884,2359,690,428,561,Intermediodorsal nucleus of the thalamus,right
1389,1835,2812,680,413,658,Paracentral nucleus,left
1389,1954,2973,676,444,693,Ventral anterior-lateral complex of the thalamus,left
1390,1918,462,647,437,152,"Visceral area, layer 6a",right
1394,1913,367,644,437,133,"Visceral area, layer 5",right
1398,1923,288,641,441,116,"Visceral area, layer 5",right
1401,1908,283,640,437,116,"Visceral area, layer 5",right
1401,1946,2789,668,439,653,Ventral anterior-lateral complex of the thalamus,left
1419,1894,197,631,434,95,"Visceral area, layer 2/3",right
1419,2066,4138,640,463,933,Caudoputamen,left
1427,1823,2960,663,408,689,Ventral anterior-lateral complex of the thalamus,left
1431,1831,2951,661,408,687,Ventral anterior-lateral complex of the thalamus,left
1452,1763,2436,655,389,578,Intermediodorsal nucleus of the thalamus,left
1493,1720,4732,617,369,1057,"Supplemental somatosensory area, layer 1",left
1493,3001,1300,558,685,338,"Cortical amygdalar area, anterior part",right
1498,1713,4732,615,367,1057,"Supplemental somatosensory area, layer 1",left
1498,1134,4172,648,239,937,"Primary somatosensory area, barrel field, layer 5",left
1500,1721,4726,614,368,1055,"Supplemental somatosensory area, layer 1",left
1539,2535,3353,573,564,759,Substantia innominata,left
1550,1571,4635,600,327,1035,"Supplemental somatosensory area, layer 1",left
1566,1679,4608,589,354,1026,"Supplemental somatosensory area, layer 2/3",left
1577,1715,4625,584,362,1030,"Supplemental somatosensory area, layer 2/3",left
1594,1439,3794,596,300,860,Caudoputamen,left
1605,1550,3923,583,323,888,"corpus callosum, body",left
1615,1693,4035,568,355,912,supra-callosal cerebral white matter,left
1619,1685,4057,566,352,916,"Supplemental somatosensory area, layer 6a",left
1621,1662,3997,568,347,903,"corpus callosum, body",left
1625,1544,4117,572,319,927,"Primary somatosensory area, nose, layer 6a",left
1630,1561,4109,569,322,926,"Primary somatosensory area, nose, layer 6a",left
1694,1570,3738,542,322,846,Caudoputamen,left
1697,2518,1394,498,550,358,Caudoputamen,right
1738,1246,4353,538,241,984,"Primary somatosensory area, nose, layer 1",left
1740,1532,4277,524,308,961,"Primary somatosensory area, mouth, layer 4",left
1752,1746,430,499,362,142,"Supplemental somatosensory area, layer 2/3",right
1762,1742,400,495,361,133,"Supplemental somatosensory area, layer 1",right
1770,1754,401,491,364,132,"Supplemental somatosensory area, layer 1",right
1769,1783,451,491,370,145,"Supplemental somatosensory area, layer 2/3",right
1777,1782,424,488,369,138,"Supplemental somatosensory area, layer 2/3",right
1786,1743,412,485,360,133,"Supplemental somatosensory area, layer 1",right
1785,1750,412,486,361,134,"Supplemental somatosensory area, layer 1",right
1789,1822,467,481,377,146,"Supplemental somatosensory area, layer 2/3",right
1791,1901,419,476,397,133,"Supplemental somatosensory area, layer 1",right
1804,1832,436,475,379,137,"Supplemental somatosensory area, layer 1",right
1818,1985,471,463,415,142,"Supplemental somatosensory area, layer 1",right
1818,1871,447,468,387,138,"Supplemental somatosensory area, layer 1",right
1890,1768,3970,441,356,903,"Primary somatosensory area, mouth, layer 5",left
1939,1788,4141,427,360,943,"Primary somatosensory area, mouth, layer 2/3",left
1989,825,1877,458,131,459,"Secondary motor area, layer 2/3",right
2023,714,3083,454,103,690,"Secondary motor area, layer 1",left
2100,1492,3771,356,288,863,"Primary motor area, Layer 2/3",left
2105,2207,2264,309,463,536,"Taenia tecta, dorsal part",right
2138,2499,2180,283,532,521,Anterior olfactory nucleus,right
2153,1781,2730,290,353,641,"Orbital area, ventrolateral part, layer 5",left
2228,1167,1275,316,200,332,"Secondary motor area, layer 1",right
2230,1138,1314,317,194,342,"Secondary motor area, layer 1",right
2230,1172,1275,315,202,332,"Secondary motor area, layer 1",right
2232,1172,1281,314,201,333,"Secondary motor area, layer 1",right
2357,1742,1627,197,329,400,"Secondary motor area, layer 1",right
